# Blender 4.5.1 LTS
# www.blender.org
mtllib rock_8.mtl
o namaqualand_stones_01_d_LOD0
v 0.027339 0.003587 -0.039167
v 0.029894 0.003245 -0.037774
v 0.027385 0.002366 -0.037886
v 0.027503 0.005466 -0.039706
v 0.025963 0.004978 -0.040359
v 0.026166 0.003443 -0.040071
v 0.025219 0.002319 -0.038819
v 0.025007 0.000665 -0.037777
v 0.022830 0.001204 -0.039467
v 0.024332 0.002718 -0.039966
v 0.024145 0.004029 -0.041673
v 0.020934 0.003571 -0.042770
v 0.020378 0.001806 -0.041448
v 0.018894 -0.001198 -0.041001
v 0.018215 0.001554 -0.042765
v 0.018226 0.002683 -0.043547
v 0.020659 0.000489 -0.040568
v 0.021024 -0.001060 -0.039621
v 0.022177 -0.002383 -0.038188
v 0.019183 -0.004369 -0.039414
v 0.022073 -0.004717 -0.037532
v 0.019579 -0.006958 -0.038100
v 0.017598 -0.004159 -0.040665
v 0.016806 -0.007138 -0.039855
v 0.015262 -0.006237 -0.041484
v 0.015379 -0.008567 -0.040028
v 0.017313 -0.009231 -0.038622
v 0.019485 -0.009400 -0.037099
v 0.015659 -0.010951 -0.038834
v 0.017022 -0.012309 -0.037238
v 0.015757 -0.012838 -0.037745
v 0.017376 -0.012641 -0.036306
v 0.016065 -0.014128 -0.036148
v 0.020655 -0.010185 -0.035095
v 0.018052 -0.013918 -0.035369
v 0.019051 -0.012364 -0.035307
v 0.020906 -0.012058 -0.034350
v 0.022243 -0.013828 -0.033119
v 0.019734 -0.013870 -0.034303
v 0.022082 -0.011393 -0.033866
v 0.021710 -0.011519 -0.034704
v 0.023618 -0.011109 -0.033127
v 0.023341 -0.008958 -0.033841
v 0.021987 -0.009229 -0.034650
v 0.022004 -0.007650 -0.035158
v 0.021630 -0.006562 -0.036247
v 0.024109 -0.006112 -0.034110
v 0.022769 -0.005867 -0.035113
v 0.020611 -0.007412 -0.037175
v 0.022603 -0.004283 -0.036542
v 0.024061 -0.004625 -0.035231
v 0.023706 -0.002898 -0.036966
v 0.023398 -0.000824 -0.038045
v 0.025016 -0.001790 -0.036667
v 0.026553 -0.003589 -0.035455
v 0.027539 -0.001996 -0.035511
v 0.028278 -0.003802 -0.034753
v 0.026752 -0.003901 -0.034106
v 0.027910 -0.004829 -0.032825
v 0.026584 -0.005473 -0.032962
v 0.030452 -0.005549 -0.031516
v 0.028916 -0.006363 -0.031456
v 0.027360 -0.007443 -0.032001
v 0.025494 -0.007593 -0.033018
v 0.026154 -0.009928 -0.032010
v 0.025321 -0.012096 -0.032048
v 0.027950 -0.011934 -0.030815
v 0.028666 -0.009300 -0.030950
v 0.030258 -0.010965 -0.029867
v 0.030968 -0.006927 -0.030314
v 0.030966 -0.008762 -0.029938
v 0.033251 -0.010040 -0.028655
v 0.036326 -0.011078 -0.027200
v 0.034929 -0.012314 -0.027655
v 0.033554 -0.007363 -0.029062
v 0.035537 -0.008054 -0.027976
v 0.033594 -0.012529 -0.028114
v 0.031428 -0.012058 -0.029214
v 0.032697 -0.014327 -0.028347
v 0.030374 -0.014310 -0.029323
v 0.030518 -0.014092 -0.026916
v 0.028933 -0.014232 -0.029977
v 0.027282 -0.014213 -0.030632
v 0.027492 -0.014210 -0.028435
v 0.024548 -0.014042 -0.029659
v 0.028751 -0.013840 -0.024506
v 0.025954 -0.013942 -0.026522
v 0.022117 -0.013959 -0.027266
v 0.026641 -0.013671 -0.023809
v 0.024056 -0.013817 -0.024765
v 0.021597 -0.013652 -0.022109
v 0.026451 -0.013579 -0.020750
v 0.023547 -0.013516 -0.020289
v 0.021815 -0.013383 -0.018315
v 0.025959 -0.013158 -0.016204
v 0.028146 -0.013228 -0.017218
v 0.029935 -0.012891 -0.013924
v 0.030655 -0.013448 -0.018995
v 0.032588 -0.013179 -0.015922
v 0.033410 -0.013684 -0.020700
v 0.035020 -0.013497 -0.017628
v 0.029449 -0.013645 -0.020929
v 0.030376 -0.013786 -0.023365
v 0.032496 -0.014183 -0.025179
v 0.033527 -0.013927 -0.023221
v 0.037987 -0.014031 -0.021144
v 0.037289 -0.013755 -0.018969
v 0.035271 -0.014433 -0.026730
v 0.037781 -0.014374 -0.023838
v 0.040463 -0.014681 -0.024712
v 0.041523 -0.014704 -0.023919
v 0.040857 -0.014305 -0.020551
v 0.037983 -0.014525 -0.026016
v 0.039227 -0.012707 -0.025823
v 0.036363 -0.012841 -0.026913
v 0.036384 -0.014492 -0.026763
v 0.037924 -0.010403 -0.026644
v 0.040672 -0.008625 -0.025788
v 0.040973 -0.010424 -0.025358
v 0.037668 -0.008262 -0.027003
v 0.037500 -0.006751 -0.029460
v 0.040745 -0.007963 -0.027003
v 0.035127 -0.006718 -0.029467
v 0.035012 -0.004369 -0.032031
v 0.033678 -0.004911 -0.031591
v 0.032036 -0.003958 -0.032726
v 0.033873 -0.004660 -0.032767
v 0.032288 -0.005851 -0.031081
v 0.030685 -0.004643 -0.032839
v 0.029730 -0.004117 -0.033717
v 0.031201 -0.001370 -0.034508
v 0.029650 -0.000794 -0.035273
v 0.028662 0.001595 -0.037179
v 0.027766 0.000306 -0.036396
v 0.030327 0.001281 -0.036396
v 0.032487 0.002543 -0.036372
v 0.032684 -0.000241 -0.034898
v 0.034217 -0.002122 -0.033509
v 0.034918 0.000664 -0.034651
v 0.038295 0.000523 -0.033184
v 0.034136 0.003050 -0.035696
v 0.036193 -0.000993 -0.033526
v 0.036490 0.002065 -0.034426
v 0.039132 0.003871 -0.033709
v 0.037633 0.004371 -0.034502
v 0.035559 0.004931 -0.035608
v 0.038442 0.002079 -0.033584
v 0.040351 0.001240 -0.032644
v 0.039189 -0.001316 -0.032277
v 0.041834 0.002801 -0.032285
v 0.042109 0.000370 -0.031727
v 0.042014 -0.001713 -0.031225
v 0.043811 0.001500 -0.031355
v 0.044849 -0.000374 -0.030562
v 0.045970 0.000693 -0.030325
v 0.043655 0.002048 -0.030640
v 0.045412 0.001038 -0.028105
v 0.042630 0.002399 -0.029312
v 0.040751 0.003299 -0.031176
v 0.040374 0.003474 -0.029195
v 0.038549 0.004125 -0.033303
v 0.038561 0.004081 -0.030113
v 0.036632 0.004695 -0.032246
v 0.035508 0.004980 -0.029034
v 0.038680 0.004005 -0.027597
v 0.038703 0.003920 -0.025841
v 0.036518 0.004669 -0.026742
v 0.041292 0.002981 -0.026563
v 0.043396 0.002048 -0.027342
v 0.044164 0.001620 -0.024756
v 0.041429 0.002843 -0.023876
v 0.041623 0.002591 -0.020902
v 0.042930 0.002016 -0.022399
v 0.039560 0.003556 -0.022743
v 0.037102 0.004403 -0.022719
v 0.040015 0.003271 -0.019875
v 0.038375 0.003914 -0.020234
v 0.036289 0.004613 -0.020065
v 0.036614 0.004511 -0.016790
v 0.039289 0.003493 -0.017534
v 0.041538 0.002494 -0.018248
v 0.040401 0.002826 -0.015359
v 0.038467 0.003550 -0.014104
v 0.036848 0.004260 -0.014490
v 0.034425 0.005180 -0.013101
v 0.033577 0.005482 -0.015392
v 0.036499 0.004295 -0.012557
v 0.034716 0.005016 -0.011416
v 0.037177 0.003962 -0.009844
v 0.038515 0.003492 -0.011579
v 0.040924 0.002440 -0.012345
v 0.041487 0.001815 -0.010371
v 0.039480 0.002695 -0.008502
v 0.036596 0.003942 -0.007614
v 0.041134 0.001655 -0.007607
v 0.038595 0.002932 -0.006395
v 0.037635 0.002974 -0.004054
v 0.040219 0.001930 -0.005151
v 0.036176 0.003785 -0.004411
v 0.036338 0.003475 -0.002334
v 0.033457 0.005271 -0.007333
v 0.034286 0.004589 -0.003855
v 0.034322 0.004102 -0.000396
v 0.032709 0.005264 -0.004143
v 0.031964 0.005217 -0.000704
v 0.030824 0.005503 0.001958
v 0.029115 0.006497 -0.000551
v 0.029867 0.006305 -0.002383
v 0.026033 0.008043 -0.001680
v 0.028974 0.006929 -0.004662
v 0.031297 0.006062 -0.006822
v 0.029724 0.006789 -0.007298
v 0.026812 0.007902 -0.007480
v 0.026023 0.008144 -0.005076
v 0.023491 0.009199 -0.005056
v 0.024240 0.008972 -0.008300
v 0.021537 0.010070 -0.005340
v 0.021883 0.009814 -0.001947
v 0.018396 0.011676 -0.002583
v 0.024490 0.008500 0.000399
v 0.023171 0.009149 0.000992
v 0.021094 0.010246 0.000968
v 0.017993 0.011915 -0.000488
v 0.019061 0.011553 0.002361
v 0.016673 0.012894 0.001840
v 0.015389 0.013413 -0.000422
v 0.016144 0.013158 -0.004601
v 0.015625 0.013002 -0.007939
v 0.019044 0.011348 -0.005662
v 0.014190 0.014212 -0.005540
v 0.013870 0.014314 -0.001994
v 0.011898 0.014915 -0.005225
v 0.011830 0.014453 -0.000869
v 0.009177 0.015332 -0.002663
v 0.007455 0.015356 -0.004134
v 0.005045 0.015336 0.000880
v 0.009098 0.014958 0.000241
v 0.010178 0.014415 0.003534
v 0.007581 0.014958 0.003131
v 0.008319 0.014536 0.007225
v 0.003181 0.015390 0.004062
v 0.005590 0.014918 0.007344
v 0.002768 0.015045 0.009243
v 0.005848 0.014483 0.010762
v 0.001246 0.015431 0.006578
v -0.003056 0.015966 0.004297
v -0.001399 0.015506 0.008137
v -0.000674 0.015686 0.002909
v 0.002285 0.015655 -0.000310
v -0.001918 0.015922 -0.000308
v -0.002588 0.016133 -0.003715
v -0.005806 0.016427 -0.001697
v -0.007167 0.016471 0.002106
v -0.009817 0.016713 -0.000296
v -0.006151 0.016262 0.005533
v -0.012051 0.016823 0.001617
v -0.009785 0.016627 0.004893
v -0.008398 0.016307 0.007985
v -0.012326 0.016691 0.006428
v -0.016079 0.017077 0.005356
v -0.013401 0.016584 0.009091
v -0.015902 0.017134 0.000903
v -0.018589 0.017577 -0.002925
v -0.014478 0.017011 -0.001960
v -0.019170 0.017651 0.002301
v -0.021704 0.018254 -0.001086
v -0.024304 0.018695 0.002960
v -0.024419 0.018817 -0.002796
v -0.021870 0.018196 -0.004331
v -0.026548 0.019193 0.000161
v -0.027741 0.019360 -0.003252
v -0.029623 0.019537 -0.000872
v -0.027359 0.018949 0.004610
v -0.031027 0.019574 0.000824
v -0.031279 0.019293 0.004020
v -0.033917 0.019672 0.000688
v -0.033559 0.019807 -0.003914
v -0.030733 0.019650 -0.003190
v -0.037735 0.019625 -0.004643
v -0.034252 0.019409 -0.007637
v -0.037304 0.019706 -0.002511
v -0.029045 0.019343 -0.005859
v -0.030311 0.019068 -0.008522
v -0.025819 0.018795 -0.006903
v -0.022410 0.017784 -0.008730
v -0.026739 0.018658 -0.008872
v -0.024781 0.018055 -0.009983
v -0.028882 0.018042 -0.011980
v -0.025642 0.016997 -0.013783
v -0.022448 0.016455 -0.013905
v -0.021564 0.015336 -0.017766
v -0.018808 0.015839 -0.015399
v -0.019557 0.016728 -0.011282
v -0.025068 0.015470 -0.017842
v -0.027151 0.015110 -0.019145
v -0.028766 0.016574 -0.015927
v -0.022095 0.014849 -0.020412
v -0.025137 0.014524 -0.021122
v -0.022798 0.014419 -0.022976
v -0.017000 0.015222 -0.019447
v -0.019309 0.014730 -0.022602
v -0.018483 0.014682 -0.025150
v -0.020350 0.014456 -0.025171
v -0.016816 0.014874 -0.023900
v -0.013153 0.013847 -0.025541
v -0.014110 0.014899 -0.024030
v -0.015309 0.013936 -0.026162
v -0.013984 0.012722 -0.029980
v -0.017029 0.013474 -0.027755
v -0.015779 0.012033 -0.029474
v -0.017333 0.012249 -0.028255
v -0.018641 0.012930 -0.027373
v -0.019364 0.012558 -0.029605
v -0.018144 0.012271 -0.029924
v -0.019610 0.013123 -0.026359
v -0.022110 0.014114 -0.026379
v -0.020505 0.012667 -0.028877
v -0.021725 0.012859 -0.029386
v -0.024093 0.013679 -0.027599
v -0.022929 0.012630 -0.029171
v -0.019309 0.011215 -0.029468
v -0.023612 0.010465 -0.028561
v -0.024730 0.012545 -0.028776
v -0.025676 0.013509 -0.027072
v -0.026918 0.012999 -0.028447
v -0.029044 0.012889 -0.027650
v -0.027402 0.011501 -0.028158
v -0.029320 0.011837 -0.027987
v -0.030385 0.012221 -0.027856
v -0.032366 0.009536 -0.026870
v -0.028510 0.008850 -0.027360
v -0.025517 0.007266 -0.027425
v -0.024606 0.009360 -0.028077
v -0.028252 0.006034 -0.026622
v -0.031099 0.008276 -0.026928
v -0.031890 0.005526 -0.026061
v -0.034465 0.005100 -0.025431
v -0.031189 0.003341 -0.025504
v -0.026959 0.003231 -0.025978
v -0.033091 0.002152 -0.024922
v -0.027598 0.000609 -0.025299
v -0.031170 0.000464 -0.024608
v -0.028121 -0.002465 -0.024472
v -0.033500 -0.001901 -0.023584
v -0.031710 -0.001739 -0.024030
v -0.034313 0.000139 -0.024022
v -0.036678 -0.000952 -0.023323
v -0.038230 0.001344 -0.023637
v -0.035885 0.002231 -0.024242
v -0.040620 0.004583 -0.024100
v -0.037149 0.004848 -0.024750
v -0.039075 0.005765 -0.024682
v -0.036332 0.006885 -0.025569
v -0.035575 0.009039 -0.026200
v -0.037664 0.007886 -0.025511
v -0.039342 0.008889 -0.025713
v -0.038088 0.010981 -0.026308
v -0.035973 0.011519 -0.026824
v -0.040785 0.010097 -0.025806
v -0.037803 0.011711 -0.024242
v -0.034395 0.012973 -0.023043
v -0.034942 0.011849 -0.026889
v -0.035866 0.013604 -0.020948
v -0.038198 0.013229 -0.020699
v -0.040485 0.011725 -0.022172
v -0.042342 0.012439 -0.019963
v -0.042584 0.011186 -0.021812
v -0.044189 0.010610 -0.020898
v -0.044739 0.012446 -0.018368
v -0.042549 0.010002 -0.023596
v -0.045457 0.009481 -0.022144
v -0.042938 0.009229 -0.025285
v -0.044953 0.008593 -0.024802
v -0.046208 0.006048 -0.023926
v -0.046928 0.007930 -0.024351
v -0.042974 0.006480 -0.024390
v -0.048558 0.008678 -0.021484
v -0.049269 0.007317 -0.023801
v -0.052207 0.007344 -0.021926
v -0.051510 0.009202 -0.019465
v -0.049130 0.010219 -0.018752
v -0.047312 0.010574 -0.019311
v -0.046057 0.011779 -0.018018
v -0.048901 0.011844 -0.016600
v -0.051829 0.011220 -0.015982
v -0.050070 0.012745 -0.014114
v -0.049661 0.011150 -0.017082
v -0.048808 0.013301 -0.013904
v -0.047371 0.012675 -0.015948
v -0.046232 0.013164 -0.016705
v -0.047075 0.013822 -0.014927
v -0.045931 0.014901 -0.014034
v -0.047540 0.015071 -0.012367
v -0.048376 0.014085 -0.013377
v -0.050520 0.014122 -0.010655
v -0.048451 0.015658 -0.009837
v -0.050758 0.014515 -0.009274
v -0.052515 0.012802 -0.009907
v -0.051950 0.012630 -0.012249
v -0.053141 0.011210 -0.012944
v -0.053503 0.010435 -0.014748
v -0.053607 0.011498 -0.011768
v -0.055594 0.011397 -0.010839
v -0.056135 0.010304 -0.012917
v -0.054850 0.010358 -0.013969
v -0.053925 0.012185 -0.010148
v -0.055175 0.011958 -0.008429
v -0.053737 0.012837 -0.008119
v -0.052913 0.014140 -0.006066
v -0.054789 0.012468 -0.006937
v -0.055160 0.011409 -0.006095
v -0.054523 0.013443 -0.006086
v -0.054086 0.014341 -0.004023
v -0.054459 0.013127 -0.004661
v -0.054300 0.013031 -0.002590
v -0.054315 0.010082 -0.005102
v -0.053077 0.008862 -0.004558
v -0.055096 0.010375 -0.006631
v -0.053913 0.008559 -0.007396
v -0.053908 0.010386 -0.002735
v -0.052758 0.009024 -0.001174
v -0.053971 0.010830 -0.000417
v -0.054053 0.012021 -0.000254
v -0.053928 0.010535 0.002157
v -0.053233 0.009375 0.001924
v -0.051494 0.006345 0.004841
v -0.052539 0.007012 0.005600
v -0.054262 0.009564 0.004595
v -0.051376 0.006941 0.001904
v -0.050983 0.006968 -0.000414
v -0.049005 0.005153 0.001509
v -0.049682 0.006181 -0.001322
v -0.051548 0.007684 -0.003278
v -0.047888 0.004493 -0.000089
v -0.044483 0.002011 0.002243
v -0.044697 0.002096 -0.000347
v -0.045803 0.003300 -0.003349
v -0.045517 0.002394 -0.005976
v -0.047397 0.004099 -0.004090
v -0.043925 0.001740 -0.004873
v -0.043635 0.001434 -0.002551
v -0.041997 0.000002 -0.001910
v -0.040980 -0.000429 -0.003271
v -0.043102 0.000922 -0.005318
v -0.043913 0.001497 -0.001256
v -0.042112 0.000191 -0.000226
v -0.041219 -0.000243 0.001106
v -0.040224 -0.001208 0.000038
v -0.039493 -0.001624 -0.001866
v -0.037725 -0.002768 0.000531
v -0.038263 -0.002620 -0.000065
v -0.038860 -0.001966 0.003019
v -0.038145 -0.002606 0.005445
v -0.035473 -0.004347 0.003169
v -0.042806 0.000651 0.004189
v -0.039622 -0.001728 0.006450
v -0.038177 -0.002612 0.008827
v -0.043387 0.000502 0.006934
v -0.039895 -0.001724 0.010460
v -0.042669 -0.000333 0.009381
v -0.041892 -0.000901 0.012661
v -0.046948 0.001699 0.009902
v -0.047370 0.001483 0.012937
v -0.049555 0.002693 0.012183
v -0.047761 0.002898 0.007085
v -0.051699 0.004760 0.008872
v -0.046657 0.003036 0.004709
v -0.050088 0.005009 0.005128
v -0.049513 0.005334 0.003106
v -0.051479 0.003762 0.012675
v -0.053647 0.006435 0.008468
v -0.053221 0.005245 0.011052
v -0.053919 0.004903 0.014436
v -0.055691 0.006563 0.012858
v -0.056389 0.007500 0.010665
v -0.052841 0.004601 0.013639
v -0.055678 0.006717 0.011671
v -0.056109 0.008227 0.011869
v -0.055328 0.008045 0.013681
v -0.055454 0.009765 0.012003
v -0.056244 0.008208 0.009243
v -0.054885 0.008124 0.007328
v -0.055732 0.009338 0.006933
v -0.055191 0.010558 0.010690
v -0.055034 0.010965 0.009458
v -0.053750 0.010227 0.011916
v -0.052830 0.011501 0.009086
v -0.052589 0.010810 0.011869
v -0.055084 0.010879 0.007831
v -0.053726 0.011612 0.006399
v -0.054751 0.011769 0.005448
v -0.054937 0.011230 0.004393
v -0.053312 0.013124 0.004627
v -0.054551 0.012689 0.003382
v -0.053964 0.013795 0.002231
v -0.054131 0.012236 0.001680
v -0.053961 0.013863 0.000484
v -0.053031 0.014503 0.000486
v -0.053686 0.014157 -0.001502
v -0.052481 0.015438 -0.001707
v -0.051815 0.015541 0.000486
v -0.050192 0.016580 -0.001738
v -0.052276 0.015083 -0.004655
v -0.050109 0.016328 -0.004797
v -0.050214 0.015718 -0.006880
v -0.047180 0.017680 -0.004520
v -0.047460 0.016881 -0.007782
v -0.044332 0.018541 -0.004423
v -0.044810 0.018135 -0.006420
v -0.043737 0.018789 -0.002258
v -0.047252 0.017773 -0.002094
v -0.047261 0.017621 -0.000074
v -0.046281 0.017420 0.003029
v -0.043933 0.018602 -0.000358
v -0.044477 0.018152 0.002411
v -0.048372 0.016861 0.001674
v -0.048309 0.016196 0.003661
v -0.050069 0.015821 0.002234
v -0.052298 0.014463 0.002471
v -0.049682 0.015380 0.004110
v -0.052040 0.013541 0.005161
v -0.046152 0.016180 0.006079
v -0.045511 0.017201 0.004378
v -0.048881 0.015169 0.005773
v -0.047547 0.014568 0.007919
v -0.051078 0.013293 0.006877
v -0.049967 0.013176 0.008923
v -0.045560 0.014495 0.007347
v -0.044473 0.014089 0.010569
v -0.043530 0.015242 0.008574
v -0.044071 0.016423 0.007491
v -0.043338 0.013991 0.009322
v -0.041778 0.013710 0.010727
v -0.041019 0.014877 0.010925
v -0.042276 0.016195 0.008697
v -0.040042 0.013858 0.011794
v -0.039387 0.015807 0.011327
v -0.039376 0.014778 0.012126
v -0.038666 0.013961 0.012638
v -0.036931 0.014801 0.013793
v -0.035535 0.014126 0.016291
v -0.035143 0.014678 0.014997
v -0.037016 0.013935 0.014119
v -0.034971 0.015287 0.014146
v -0.035776 0.016159 0.011104
v -0.032885 0.014787 0.015997
v -0.033950 0.015986 0.012511
v -0.030298 0.015412 0.015409
v -0.035357 0.017615 0.010305
v -0.032258 0.017061 0.012251
v -0.033897 0.017497 0.010875
v -0.035145 0.018424 0.007668
v -0.031043 0.018035 0.009922
v -0.027605 0.018119 0.009164
v -0.031562 0.018665 0.007223
v -0.027994 0.017035 0.012634
v -0.030049 0.016905 0.012777
v -0.028053 0.015250 0.016473
v -0.027326 0.015940 0.015198
v -0.023863 0.015353 0.016622
v -0.025444 0.016627 0.013345
v -0.024722 0.017194 0.011339
v -0.021258 0.016792 0.011415
v -0.022451 0.016003 0.014512
v -0.019631 0.016120 0.013725
v -0.020944 0.015167 0.017289
v -0.018531 0.015399 0.016487
v -0.014202 0.014934 0.017765
v -0.015274 0.015474 0.015518
v -0.018161 0.014594 0.019352
v -0.016491 0.013942 0.021560
v -0.020263 0.013783 0.021460
v -0.014957 0.014310 0.019674
v -0.012495 0.013621 0.022091
v -0.011518 0.014359 0.019288
v -0.007342 0.014304 0.018465
v -0.009844 0.014909 0.016866
v -0.007583 0.013570 0.021454
v -0.005265 0.013118 0.024047
v -0.009647 0.013272 0.023009
v -0.004003 0.013455 0.021781
v -0.005559 0.013882 0.020012
v -0.003448 0.014152 0.018247
v -0.001354 0.013890 0.019066
v 0.000418 0.013361 0.020467
v -0.001777 0.013028 0.022665
v 0.001317 0.013715 0.018307
v -0.001210 0.014196 0.016782
v -0.004147 0.014493 0.016185
v -0.000002 0.014470 0.014651
v -0.004560 0.015153 0.013028
v -0.004787 0.015692 0.010495
v -0.001979 0.015256 0.010922
v -0.006945 0.014889 0.015679
v -0.009106 0.015941 0.011768
v -0.011476 0.015967 0.012657
v -0.012521 0.015434 0.015527
v -0.013979 0.016027 0.012945
v -0.017319 0.016277 0.012318
v -0.017381 0.016877 0.008975
v -0.020541 0.017292 0.008852
v -0.021524 0.017987 0.005033
v -0.023946 0.017709 0.009059
v -0.024329 0.018224 0.006887
v -0.019305 0.017384 0.006534
v -0.028421 0.018554 0.007553
v 0.000840 0.014976 0.011136
v 0.003809 0.014334 0.013634
v 0.003571 0.013781 0.016307
v 0.005033 0.013016 0.018353
v 0.007022 0.013738 0.013347
v 0.008777 0.013830 0.011277
v 0.007016 0.013074 0.017030
v 0.008347 0.013237 0.014922
v 0.011695 0.012852 0.012973
v 0.009955 0.012200 0.018440
v 0.008206 0.012163 0.020097
v 0.011163 0.012578 0.015029
v 0.012634 0.012208 0.017024
v 0.014378 0.012668 0.011258
v 0.015284 0.012184 0.013656
v 0.015164 0.011843 0.019171
v 0.013675 0.011819 0.021081
v 0.016312 0.011866 0.015655
v 0.010968 0.011926 0.021053
v 0.007951 0.011786 0.022544
v 0.010838 0.011923 0.025059
v 0.012404 0.011844 0.023590
v 0.015058 0.011811 0.025514
v 0.013796 0.011680 0.026883
v 0.012311 0.011957 0.027929
v 0.015048 0.010616 0.026804
v 0.016376 0.010325 0.024889
v 0.015672 0.011647 0.024197
v 0.016932 0.011517 0.021872
v 0.017562 0.010375 0.023260
v 0.017999 0.007303 0.025244
v 0.018163 0.009669 0.022592
v 0.018202 0.009939 0.021556
v 0.018736 0.006635 0.024075
v 0.019105 0.008577 0.022249
v 0.019236 0.010023 0.019181
v 0.020518 0.006241 0.022383
v 0.020233 0.007837 0.019918
v 0.020919 0.006092 0.020720
v 0.021481 0.007218 0.017861
v 0.020532 0.008723 0.018626
v 0.019690 0.009825 0.017068
v 0.018563 0.010489 0.018892
v 0.018024 0.011519 0.016569
v 0.017550 0.011451 0.019666
v 0.020376 0.009597 0.016161
v 0.019008 0.011188 0.013147
v 0.020920 0.009205 0.014662
v 0.022011 0.007781 0.015575
v 0.022458 0.007044 0.016869
v 0.023154 0.006593 0.015485
v 0.024196 0.005615 0.013820
v 0.023951 0.005193 0.017608
v 0.024539 0.004539 0.016139
v 0.023223 0.007343 0.012725
v 0.021021 0.009596 0.011839
v 0.023371 0.007040 0.011757
v 0.021375 0.008914 0.012964
v 0.024740 0.006809 0.010127
v 0.025697 0.005408 0.012391
v 0.021555 0.008802 0.010830
v 0.020449 0.010109 0.010205
v 0.022917 0.008397 0.008010
v 0.025698 0.007475 0.004994
v 0.020981 0.010007 0.006702
v 0.024914 0.007223 0.008038
v 0.028186 0.006089 0.005712
v 0.026816 0.005851 0.009364
v 0.028286 0.004853 0.010452
v 0.030439 0.003823 0.009979
v 0.029861 0.005019 0.006808
v 0.030666 0.003185 0.011465
v 0.026611 0.004014 0.014711
v 0.028580 0.003583 0.013361
v 0.029781 0.002680 0.013715
v 0.027986 0.002492 0.016027
v 0.028930 0.001371 0.016469
v 0.026769 0.000919 0.019381
v 0.026252 0.003118 0.017161
v 0.024962 0.003139 0.018596
v 0.021890 0.004749 0.020057
v 0.024270 0.001332 0.021746
v 0.021915 0.003200 0.022136
v 0.026569 -0.000991 0.021400
v 0.024086 -0.000261 0.024017
v 0.025204 -0.002761 0.025104
v 0.021930 0.001588 0.024158
v 0.021830 0.000251 0.025417
v 0.026563 -0.003083 0.023510
v 0.026419 -0.003686 0.025895
v 0.029446 -0.004960 0.021313
v 0.028498 -0.004941 0.023519
v 0.028183 -0.002230 0.020371
v 0.030156 -0.001055 0.017250
v 0.030051 -0.003387 0.018825
v 0.033767 -0.001921 0.017312
v 0.032441 -0.003829 0.020315
v 0.032465 -0.001167 0.014859
v 0.029798 -0.005818 0.022674
v 0.032000 -0.005352 0.022431
v 0.031205 -0.007431 0.025052
v 0.029981 -0.006321 0.025293
v 0.029732 -0.006297 0.028005
v 0.027997 -0.004809 0.026847
v 0.031221 -0.007969 0.027227
v 0.031131 -0.007761 0.025769
v 0.029732 -0.008088 0.024930
v 0.028924 -0.009190 0.028917
v 0.028365 -0.008513 0.027422
v 0.025721 -0.008315 0.027499
v 0.028131 -0.007945 0.025320
v 0.030152 -0.009419 0.023398
v 0.026289 -0.008259 0.025682
v 0.024964 -0.008448 0.025484
v 0.023836 -0.008281 0.026970
v 0.022474 -0.008660 0.026342
v 0.027430 -0.009864 0.023321
v 0.025040 -0.009751 0.024496
v 0.025631 -0.010570 0.022757
v 0.022960 -0.010661 0.024355
v 0.022646 -0.010085 0.025230
v 0.020813 -0.008669 0.025026
v 0.019143 -0.009723 0.023083
v 0.018678 -0.008652 0.023952
v 0.017642 -0.010385 0.021209
v 0.020032 -0.010476 0.022015
v 0.019072 -0.010892 0.021510
v 0.022620 -0.011147 0.022694
v 0.020151 -0.011080 0.021050
v 0.020078 -0.010456 0.016667
v 0.018761 -0.010618 0.019285
v 0.021967 -0.010739 0.019448
v 0.025038 -0.010345 0.017978
v 0.022925 -0.010321 0.016027
v 0.025116 -0.010878 0.020549
v 0.027456 -0.010639 0.020270
v 0.029467 -0.010353 0.019910
v 0.029121 -0.010605 0.018454
v 0.028223 -0.010167 0.021882
v 0.028132 -0.010421 0.017267
v 0.025461 -0.010684 0.016185
v 0.027275 -0.011310 0.015627
v 0.028372 -0.012237 0.015362
v 0.030356 -0.010905 0.016517
v 0.032816 -0.011910 0.015926
v 0.030090 -0.010896 0.018094
v 0.031572 -0.010722 0.017485
v 0.032898 -0.010949 0.017039
v 0.032373 -0.010641 0.018891
v 0.031301 -0.010330 0.020427
v 0.033304 -0.010112 0.019266
v 0.034516 -0.010470 0.018395
v 0.036319 -0.010183 0.020319
v 0.037691 -0.010594 0.018703
v 0.035436 -0.010902 0.017456
v 0.035536 -0.012267 0.016964
v 0.036373 -0.011525 0.017264
v 0.037752 -0.012360 0.017357
v 0.039031 -0.012582 0.018049
v 0.035912 -0.012471 0.016189
v 0.038836 -0.012677 0.016928
v 0.038771 -0.013840 0.015929
v 0.040488 -0.012854 0.017484
v 0.040850 -0.014071 0.016982
v 0.040662 -0.015210 0.015376
v 0.042523 -0.014558 0.017145
v 0.043365 -0.014308 0.015241
v 0.042146 -0.012512 0.018090
v 0.042468 -0.015903 0.016092
v 0.043165 -0.012983 0.016979
v 0.043420 -0.011799 0.015754
v 0.043467 -0.013601 0.014115
v 0.043945 -0.014784 0.013637
v 0.043751 -0.011950 0.014106
v 0.044050 -0.014780 0.012048
v 0.042376 -0.015006 0.012608
v 0.044766 -0.013386 0.011665
v 0.044869 -0.014718 0.010638
v 0.041177 -0.015199 0.010896
v 0.043213 -0.013794 0.010163
v 0.045349 -0.013976 0.010062
v 0.047535 -0.014268 0.006229
v 0.045675 -0.014111 0.005761
v 0.046746 -0.013940 0.008519
v 0.042824 -0.013803 0.008042
v 0.044294 -0.013297 0.010043
v 0.045384 -0.012771 0.009716
v 0.042787 -0.011645 0.009683
v 0.044264 -0.010465 0.009026
v 0.045570 -0.012208 0.008824
v 0.045121 -0.011475 0.007940
v 0.047284 -0.013598 0.006760
v 0.046283 -0.012198 0.005614
v 0.048540 -0.014126 0.003608
v 0.047217 -0.012484 0.003594
v 0.046832 -0.010512 0.001837
v 0.048635 -0.012784 0.000842
v 0.045966 -0.011056 0.004419
v 0.044202 -0.009840 0.007015
v 0.044969 -0.008487 0.003221
v 0.044606 -0.005822 0.001297
v 0.046007 -0.008781 0.001613
v 0.044126 -0.008659 0.005515
v 0.043208 -0.005577 0.003648
v 0.042057 -0.004120 0.004615
v 0.042939 -0.003610 0.001991
v 0.041784 -0.005213 0.006192
v 0.042853 -0.007057 0.006493
v 0.042060 -0.006551 0.007765
v 0.043294 -0.008738 0.008728
v 0.041185 -0.008560 0.008604
v 0.042244 -0.010739 0.009717
v 0.040820 -0.008820 0.010190
v 0.041609 -0.010636 0.012042
v 0.043148 -0.011746 0.011503
v 0.042764 -0.011055 0.013637
v 0.040380 -0.010689 0.013872
v 0.040383 -0.009531 0.012622
v 0.038467 -0.008968 0.014917
v 0.039379 -0.008163 0.012138
v 0.037914 -0.007264 0.013674
v 0.039261 -0.006377 0.010263
v 0.037095 -0.005914 0.013765
v 0.039936 -0.005337 0.007656
v 0.038563 -0.003953 0.009534
v 0.037735 -0.001657 0.010639
v 0.038583 -0.000912 0.008961
v 0.039735 -0.002825 0.007111
v 0.036658 -0.003069 0.013006
v 0.036514 -0.000374 0.010884
v 0.035292 -0.003384 0.015434
v 0.035914 -0.001920 0.013544
v 0.034486 -0.000965 0.015305
v 0.035338 -0.000455 0.013059
v 0.034016 -0.000553 0.013055
v 0.030763 -0.000006 0.015800
v 0.033815 0.001006 0.011679
v 0.031162 0.001521 0.013799
v 0.033702 0.002021 0.010274
v 0.035565 0.000632 0.010692
v 0.033489 0.002709 0.008836
v 0.035730 0.001899 0.007967
v 0.034665 0.003068 0.005196
v 0.037353 0.000807 0.008162
v 0.036589 0.001959 0.005987
v 0.037478 0.000936 0.004687
v 0.038835 0.000141 0.006585
v 0.035643 0.002230 0.004613
v 0.038032 0.001468 0.002244
v 0.036075 0.002487 0.002866
v 0.038581 0.000152 0.003959
v 0.033668 0.003605 0.003463
v 0.030862 0.004831 0.003681
v 0.031809 0.004437 0.005201
v 0.034772 0.003556 0.001616
v 0.037684 0.002529 -0.000639
v 0.039151 0.001394 -0.000075
v 0.039848 0.001737 -0.002994
v 0.042378 -0.000274 -0.002425
v 0.042112 0.000583 -0.004544
v 0.040760 0.000485 -0.000514
v 0.039762 0.000089 0.002165
v 0.041745 -0.001734 0.001898
v 0.041937 -0.000767 -0.000113
v 0.042999 -0.001719 -0.000750
v 0.044339 -0.003568 -0.000441
v 0.044985 -0.002959 -0.002588
v 0.043938 -0.001350 -0.003333
v 0.045505 -0.001849 -0.006285
v 0.046067 -0.003750 -0.003807
v 0.043832 -0.000572 -0.005232
v 0.043477 0.000599 -0.009226
v 0.045244 -0.001030 -0.008259
v 0.042537 0.000730 -0.006639
v 0.047127 -0.003129 -0.007596
v 0.047259 -0.002668 -0.009271
v 0.045544 -0.000673 -0.010460
v 0.047731 -0.002504 -0.011087
v 0.046376 -0.000976 -0.012649
v 0.044939 0.000208 -0.014232
v 0.043285 0.001105 -0.012306
v 0.043586 0.001209 -0.015319
v 0.042100 0.002041 -0.014673
v 0.043256 0.001521 -0.017338
v 0.044902 0.000511 -0.016949
v 0.043104 0.001825 -0.019914
v 0.045152 0.000544 -0.019155
v 0.044586 0.001123 -0.021266
v 0.046103 0.000205 -0.021300
v 0.047011 -0.000530 -0.019682
v 0.046377 -0.000509 -0.016590
v 0.047903 -0.001726 -0.016515
v 0.047607 -0.001637 -0.013879
v 0.048766 -0.002851 -0.013137
v 0.049715 -0.003292 -0.015967
v 0.051759 -0.005989 -0.013449
v 0.051175 -0.004497 -0.016745
v 0.050179 -0.003273 -0.018353
v 0.050455 -0.004598 -0.013397
v 0.050940 -0.006439 -0.010786
v 0.049697 -0.004385 -0.011242
v 0.049950 -0.005978 -0.008390
v 0.048762 -0.004324 -0.008774
v 0.048357 -0.005155 -0.006286
v 0.046764 -0.003544 -0.005694
v 0.048260 -0.005790 -0.005063
v 0.049937 -0.007521 -0.006624
v 0.051364 -0.008200 -0.008840
v 0.050187 -0.009250 -0.005444
v 0.050402 -0.010765 -0.004322
v 0.051997 -0.010392 -0.007704
v 0.051756 -0.012620 -0.005334
v 0.048465 -0.008106 -0.003361
v 0.046899 -0.005869 -0.002820
v 0.047041 -0.007773 -0.001276
v 0.049489 -0.011205 -0.002415
v 0.048343 -0.009341 -0.002127
v 0.047822 -0.010527 -0.000074
v 0.049316 -0.012451 -0.000851
v 0.051046 -0.014769 -0.001738
v 0.049706 -0.014523 -0.000048
v 0.050624 -0.012968 -0.002859
v 0.051853 -0.014795 -0.003290
v 0.052154 -0.015103 -0.005156
v 0.052770 -0.014893 -0.005129
v 0.053526 -0.014735 -0.007027
v 0.053693 -0.015289 -0.008401
v 0.054139 -0.015003 -0.008104
v 0.052761 -0.012639 -0.007184
v 0.053323 -0.011859 -0.009069
v 0.053725 -0.010819 -0.011028
v 0.054903 -0.014134 -0.010257
v 0.052417 -0.009240 -0.010148
v 0.052560 -0.008040 -0.011966
v 0.053554 -0.008186 -0.014071
v 0.054049 -0.009478 -0.013444
v 0.055124 -0.009236 -0.017012
v 0.054995 -0.011165 -0.014946
v 0.054222 -0.008160 -0.016068
v 0.054969 -0.011898 -0.012622
v 0.055503 -0.013360 -0.014542
v 0.056066 -0.014215 -0.012929
v 0.056341 -0.015320 -0.013135
v 0.055560 -0.015285 -0.010905
v 0.055906 -0.015053 -0.015282
v 0.056601 -0.013692 -0.017926
v 0.055505 -0.015937 -0.016975
v 0.056482 -0.014982 -0.017323
v 0.055090 -0.015787 -0.015432
v 0.055977 -0.015719 -0.014244
v 0.055395 -0.015661 -0.012091
v 0.052260 -0.015158 -0.015326
v 0.054488 -0.015397 -0.009447
v 0.052761 -0.015071 -0.012080
v 0.050211 -0.014670 -0.011818
v 0.048950 -0.014354 -0.008351
v 0.048825 -0.014550 -0.014346
v 0.047918 -0.014179 -0.010023
v 0.046430 -0.014017 -0.012243
v 0.046720 -0.013944 -0.006277
v 0.044901 -0.013909 -0.002025
v 0.048522 -0.014396 -0.002343
v 0.042708 -0.013445 -0.005059
v 0.050349 -0.014670 -0.006023
v 0.042801 -0.013526 -0.008661
v 0.042674 -0.013552 -0.011184
v 0.040040 -0.013324 -0.011812
v 0.039256 -0.013105 -0.008548
v 0.036513 -0.012894 -0.008959
v 0.038253 -0.013090 -0.004677
v 0.035274 -0.012928 -0.006773
v 0.033703 -0.012678 -0.010031
v 0.034490 -0.012951 -0.003371
v 0.030427 -0.012718 -0.008258
v 0.032051 -0.012786 -0.004868
v 0.031140 -0.012773 -0.001277
v 0.028226 -0.012564 -0.005470
v 0.028060 -0.012628 -0.002904
v 0.023268 -0.012447 -0.003852
v 0.025914 -0.012604 -0.004572
v 0.026557 -0.012482 0.000067
v 0.022632 -0.012497 -0.001091
v 0.025176 -0.012625 0.003535
v 0.028025 -0.012652 0.003084
v 0.030913 -0.012804 0.001088
v 0.032627 -0.012845 0.003746
v 0.035355 -0.013056 0.002404
v 0.036316 -0.013081 -0.000126
v 0.038960 -0.013362 0.004577
v 0.038670 -0.013433 0.008561
v 0.033704 -0.012987 0.006063
v 0.042563 -0.013698 0.003880
v 0.040258 -0.013394 -0.000801
v 0.045597 -0.014033 0.001509
v 0.037735 -0.013082 -0.001937
v 0.048334 -0.014405 0.002721
v 0.049327 -0.014146 0.001731
v 0.034434 -0.012937 0.009992
v 0.028804 -0.012644 0.006904
v 0.031793 -0.012688 0.009795
v 0.028046 -0.012497 0.010033
v 0.031304 -0.013324 0.010236
v 0.033820 -0.014346 0.010617
v 0.035771 -0.015086 0.011052
v 0.035117 -0.015087 0.011556
v 0.035761 -0.013002 0.010251
v 0.034109 -0.013979 0.012525
v 0.032250 -0.013380 0.012174
v 0.031547 -0.013881 0.014418
v 0.029823 -0.013328 0.013655
v 0.029436 -0.012199 0.011284
v 0.027185 -0.012152 0.012475
v 0.026088 -0.012492 0.010199
v 0.026404 -0.012604 0.011928
v 0.023722 -0.011114 0.010807
v 0.025057 -0.012103 0.009081
v 0.022289 -0.012543 0.007837
v 0.024232 -0.012589 0.007510
v 0.022883 -0.012655 0.004876
v 0.019085 -0.012840 0.003411
v 0.019712 -0.012662 0.001236
v 0.019570 -0.012629 -0.002582
v 0.016256 -0.013057 -0.002144
v 0.015831 -0.013132 0.002132
v 0.013457 -0.013392 -0.000241
v 0.013610 -0.013559 0.003867
v 0.017611 -0.012926 0.005761
v 0.010419 -0.014470 0.004448
v 0.010489 -0.014162 0.000282
v 0.015071 -0.013263 0.007117
v 0.012971 -0.013722 0.007332
v 0.010361 -0.014556 0.008836
v 0.015207 -0.012946 0.010548
v 0.010946 -0.014202 0.011377
v 0.012789 -0.013215 0.013137
v 0.011726 -0.013748 0.015687
v 0.013859 -0.013014 0.011279
v 0.008548 -0.015179 0.013041
v 0.004778 -0.016419 0.010690
v 0.005357 -0.016001 0.013678
v 0.007661 -0.015473 0.008445
v 0.007344 -0.015478 0.015436
v 0.011311 -0.013721 0.018024
v 0.009524 -0.014372 0.019171
v 0.006912 -0.013457 0.018563
v 0.004485 -0.012851 0.017681
v 0.004876 -0.014067 0.015876
v 0.001695 -0.013336 0.014966
v 0.001926 -0.011923 0.016904
v -0.000021 -0.011931 0.015727
v 0.001442 -0.010708 0.017870
v -0.001975 -0.010437 0.016559
v 0.000594 -0.008627 0.018502
v 0.003911 -0.010375 0.018958
v -0.001477 -0.008039 0.018095
v -0.000463 -0.006433 0.019340
v -0.004227 -0.006052 0.018539
v 0.000098 -0.006503 0.018963
v -0.003321 -0.008879 0.017202
v -0.005050 -0.009100 0.016300
v -0.004500 -0.010685 0.015346
v -0.001644 -0.012620 0.014448
v -0.006656 -0.011050 0.014363
v -0.004129 -0.013369 0.012735
v -0.008187 -0.010480 0.014626
v -0.008118 -0.012223 0.012835
v -0.009346 -0.011112 0.013553
v -0.011144 -0.009777 0.014269
v -0.007389 -0.008830 0.015628
v -0.010825 -0.008145 0.015438
v -0.010550 -0.005562 0.016602
v -0.008171 -0.007273 0.016508
v -0.013906 -0.009241 0.013784
v -0.013537 -0.005874 0.015706
v -0.014374 -0.003674 0.016362
v -0.012827 -0.003050 0.016888
v -0.014922 -0.007435 0.014613
v -0.016272 -0.006633 0.013786
v -0.019389 -0.005862 0.013098
v -0.017946 -0.007673 0.013360
v -0.015845 -0.008724 0.013536
v -0.015856 -0.004708 0.015099
v -0.016612 -0.003270 0.016785
v -0.017864 -0.004361 0.015181
v -0.019597 -0.004038 0.018416
v -0.017428 -0.003416 0.018304
v -0.021048 -0.005494 0.015949
v -0.020338 -0.005680 0.013626
v -0.022995 -0.006389 0.013728
v -0.025148 -0.006813 0.015628
v -0.023059 -0.005881 0.017309
v -0.023270 -0.006820 0.012651
v -0.025898 -0.007065 0.014172
v -0.028406 -0.006887 0.013390
v -0.027094 -0.005997 0.014769
v -0.027830 -0.007853 0.012372
v -0.025989 -0.007733 0.011761
v -0.026788 -0.008012 0.009502
v -0.024982 -0.007961 0.010872
v -0.023993 -0.007478 0.012096
v -0.022905 -0.008385 0.012335
v -0.019963 -0.008454 0.012831
v -0.023117 -0.009849 0.010595
v -0.025246 -0.011385 0.007507
v -0.021570 -0.011708 0.008387
v -0.019687 -0.010437 0.011073
v -0.026077 -0.009919 0.008308
v -0.028585 -0.008201 0.008566
v -0.029569 -0.009474 0.007303
v -0.028611 -0.010977 0.006356
v -0.026608 -0.011381 0.007241
v -0.028079 -0.011556 0.004887
v -0.024126 -0.012252 0.006201
v -0.024024 -0.012006 0.004820
v -0.020761 -0.012704 0.006792
v -0.020689 -0.012250 0.007413
v -0.016801 -0.013796 0.008171
v -0.018505 -0.011974 0.008824
v -0.016289 -0.012293 0.009186
v -0.017304 -0.010284 0.011400
v -0.014477 -0.012085 0.011816
v -0.014124 -0.010786 0.013131
v -0.017641 -0.009328 0.012761
v -0.011408 -0.010806 0.013133
v -0.012003 -0.012957 0.012139
v -0.010869 -0.012389 0.013085
v -0.012550 -0.013355 0.010907
v -0.014725 -0.014130 0.008898
v -0.012005 -0.014221 0.010594
v -0.014573 -0.012807 0.010478
v -0.010780 -0.013192 0.011226
v -0.009559 -0.014679 0.010995
v -0.009383 -0.012875 0.012237
v -0.008096 -0.014422 0.012506
v -0.006493 -0.012358 0.013376
v -0.005523 -0.014047 0.012378
v -0.002607 -0.015071 0.012625
v -0.007175 -0.015314 0.010995
v -0.004315 -0.015450 0.011948
v -0.001585 -0.015832 0.011809
v -0.002577 -0.015929 0.009574
v -0.005429 -0.015690 0.008757
v -0.001826 -0.016652 0.007383
v -0.008999 -0.015216 0.009813
v -0.008910 -0.015016 0.006925
v -0.006853 -0.015311 0.005724
v -0.010341 -0.013498 0.002393
v -0.006380 -0.014887 0.003728
v -0.010310 -0.014503 0.006219
v -0.003866 -0.015939 0.005012
v -0.001199 -0.016549 0.003819
v 0.001001 -0.016733 0.001140
v -0.003897 -0.015166 0.001539
v -0.000730 -0.016234 0.000397
v 0.002021 -0.016894 0.003487
v 0.003604 -0.016811 0.001377
v 0.006057 -0.016027 0.004244
v 0.003615 -0.016642 0.006006
v 0.001990 -0.016717 0.009214
v 0.000809 -0.016268 0.011387
v 0.003557 -0.016117 0.013081
v 0.002210 -0.015298 0.012989
v 0.000283 -0.014406 0.012966
v -0.001855 -0.013953 0.012930
v 0.007176 -0.015535 0.001841
v 0.004900 -0.016600 0.001036
v 0.008043 -0.015301 0.004926
v 0.003547 -0.016799 -0.000783
v 0.007196 -0.015160 -0.000490
v 0.006578 -0.015210 -0.002361
v 0.007429 -0.014793 -0.004799
v 0.011416 -0.013848 -0.002108
v 0.001771 -0.016464 -0.003319
v 0.003853 -0.015603 -0.006297
v 0.001440 -0.015688 -0.009879
v 0.007172 -0.014553 -0.008871
v 0.001243 -0.015989 -0.007681
v -0.000815 -0.015974 -0.011974
v -0.000384 -0.016365 -0.007046
v -0.000636 -0.016759 -0.004315
v -0.002738 -0.015873 -0.010920
v -0.005206 -0.015670 -0.011793
v -0.002613 -0.015587 -0.013404
v -0.002507 -0.016335 -0.008671
v -0.003398 -0.016387 -0.007039
v -0.006448 -0.015629 -0.010497
v -0.005160 -0.016105 -0.008906
v -0.007795 -0.015865 -0.004754
v -0.007819 -0.015436 -0.008729
v -0.005235 -0.016367 -0.006902
v -0.003288 -0.016605 -0.004072
v -0.005919 -0.015982 -0.005089
v -0.004956 -0.015228 -0.002826
v -0.007103 -0.014309 -0.002432
v -0.007648 -0.014827 -0.003810
v -0.010599 -0.014314 -0.004473
v -0.008910 -0.016035 -0.004366
v -0.010136 -0.015379 -0.006871
v -0.011621 -0.015412 -0.005124
v -0.012026 -0.013659 -0.004054
v -0.013093 -0.014939 -0.004937
v -0.012887 -0.014707 -0.007396
v -0.014788 -0.014361 -0.006970
v -0.013763 -0.013709 -0.010140
v -0.009794 -0.015534 -0.008125
v -0.010592 -0.014322 -0.012294
v -0.009818 -0.014117 -0.016762
v -0.013847 -0.013106 -0.012807
v -0.009254 -0.015096 -0.009781
v -0.012812 -0.013100 -0.015189
v -0.008148 -0.015294 -0.010792
v -0.007624 -0.015060 -0.014051
v -0.005350 -0.015290 -0.014087
v -0.004333 -0.016370 -0.015239
v -0.005937 -0.015578 -0.017651
v -0.007985 -0.014862 -0.017458
v -0.011985 -0.013254 -0.017746
v -0.009257 -0.015063 -0.020789
v -0.006987 -0.015218 -0.019039
v -0.008199 -0.015671 -0.021097
v -0.008701 -0.016909 -0.022768
v -0.006276 -0.016444 -0.021290
v -0.005105 -0.016243 -0.020400
v -0.005446 -0.016089 -0.022682
v -0.002427 -0.015837 -0.020860
v -0.004242 -0.015056 -0.024093
v -0.008365 -0.015666 -0.024777
v -0.011134 -0.016508 -0.023392
v -0.010198 -0.014303 -0.025257
v -0.005025 -0.014773 -0.026463
v -0.006473 -0.013018 -0.027192
v -0.003993 -0.012732 -0.028279
v -0.005021 -0.010353 -0.029262
v -0.008790 -0.011234 -0.027560
v -0.007974 -0.008006 -0.029522
v -0.011001 -0.012655 -0.026167
v -0.011172 -0.009133 -0.027945
v -0.010605 -0.005203 -0.029916
v -0.014316 -0.012131 -0.025639
v -0.013818 -0.008309 -0.027596
v -0.012869 -0.004873 -0.029201
v -0.015499 -0.006758 -0.027655
v -0.017047 -0.010646 -0.025671
v -0.015971 -0.011551 -0.025592
v -0.017074 -0.014461 -0.023675
v -0.019237 -0.013375 -0.023647
v -0.019122 -0.011975 -0.020569
v -0.020669 -0.012507 -0.023399
v -0.016857 -0.013337 -0.021613
v -0.014040 -0.012957 -0.018980
v -0.015552 -0.012132 -0.018027
v -0.015502 -0.015052 -0.023403
v -0.013762 -0.014336 -0.021441
v -0.011475 -0.014317 -0.020331
v -0.013602 -0.015742 -0.023649
v -0.011651 -0.015194 -0.021688
v -0.016162 -0.011866 -0.015898
v -0.018196 -0.011512 -0.018451
v -0.019558 -0.011001 -0.017909
v -0.016493 -0.011977 -0.014479
v -0.018816 -0.011602 -0.012805
v -0.016314 -0.012594 -0.011568
v -0.016680 -0.013025 -0.009578
v -0.020133 -0.011826 -0.010192
v -0.018872 -0.012939 -0.006831
v -0.017064 -0.013557 -0.006395
v -0.016957 -0.012415 -0.005704
v -0.015124 -0.013084 -0.004660
v -0.017768 -0.012310 -0.003541
v -0.013001 -0.012788 -0.002506
v -0.008673 -0.013687 -0.000047
v -0.017586 -0.011817 -0.001119
v -0.009937 -0.013601 -0.002609
v -0.012803 -0.012797 0.001502
v -0.015388 -0.012391 0.000647
v -0.015740 -0.012386 0.002813
v -0.018712 -0.012241 0.003776
v -0.020196 -0.011818 0.002127
v -0.013801 -0.013390 0.004825
v -0.016442 -0.013177 0.006270
v -0.013163 -0.014563 0.009028
v -0.010907 -0.015063 0.009830
v -0.021914 -0.012002 0.004263
v -0.021402 -0.011424 -0.000150
v -0.024726 -0.011107 0.000751
v -0.020781 -0.011772 -0.002355
v -0.023233 -0.011374 -0.000873
v -0.022881 -0.011135 -0.003747
v -0.024488 -0.011152 -0.002160
v -0.025732 -0.010413 -0.003830
v -0.026680 -0.009862 -0.002956
v -0.026135 -0.010415 -0.006294
v -0.027354 -0.009375 -0.006125
v -0.028365 -0.009607 0.000904
v -0.028228 -0.009017 -0.004168
v -0.030293 -0.008118 -0.002676
v -0.029732 -0.008884 0.001029
v -0.031817 -0.007364 -0.001443
v -0.031911 -0.006816 -0.005873
v -0.034274 -0.005392 -0.004366
v -0.029368 -0.007964 -0.007303
v -0.030589 -0.007144 -0.010219
v -0.033708 -0.005681 -0.009017
v -0.027454 -0.009248 -0.008573
v -0.028040 -0.009651 -0.010584
v -0.026512 -0.010291 -0.008831
v -0.029753 -0.008114 -0.012413
v -0.029970 -0.008914 -0.013581
v -0.032746 -0.006135 -0.013179
v -0.032374 -0.007210 -0.016303
v -0.031964 -0.008481 -0.016418
v -0.028012 -0.008943 -0.015257
v -0.027814 -0.008890 -0.017273
v -0.033641 -0.008329 -0.018526
v -0.030817 -0.008485 -0.018987
v -0.025712 -0.009296 -0.019217
v -0.029320 -0.008957 -0.020125
v -0.032747 -0.009130 -0.021913
v -0.030637 -0.009348 -0.022347
v -0.029965 -0.007757 -0.022891
v -0.028938 -0.009714 -0.022663
v -0.026907 -0.010113 -0.022949
v -0.025003 -0.009744 -0.020628
v -0.025616 -0.008652 -0.023488
v -0.024856 -0.010750 -0.023313
v -0.022186 -0.009949 -0.024050
v -0.022646 -0.011147 -0.022503
v -0.022221 -0.011791 -0.023409
v -0.020539 -0.010886 -0.023927
v -0.017859 -0.007942 -0.025853
v -0.019816 -0.008804 -0.024868
v -0.019276 -0.006558 -0.025285
v -0.023090 -0.006723 -0.024585
v -0.024810 -0.004347 -0.024798
v -0.025710 -0.006979 -0.023971
v -0.022213 -0.002452 -0.025644
v -0.022546 0.000533 -0.026306
v -0.018794 -0.000166 -0.026882
v -0.024543 0.000186 -0.025782
v -0.025976 -0.000573 -0.025458
v -0.018681 -0.001667 -0.026508
v -0.019903 -0.004255 -0.025678
v -0.018346 -0.002395 -0.027491
v -0.016823 -0.006881 -0.027223
v -0.016832 -0.002343 -0.028413
v -0.015404 -0.002731 -0.029159
v -0.017927 -0.000281 -0.028047
v -0.015983 0.001620 -0.029963
v -0.017086 0.005227 -0.030051
v -0.017335 0.002529 -0.029416
v -0.013961 0.002495 -0.031234
v -0.013258 -0.000330 -0.030861
v -0.013696 -0.002825 -0.029967
v -0.011424 -0.002179 -0.030783
v -0.008112 -0.001336 -0.032429
v -0.011159 0.000825 -0.032159
v -0.008674 0.001965 -0.033479
v -0.010241 0.004387 -0.033649
v -0.013301 0.005766 -0.032480
v -0.014710 0.004546 -0.031421
v -0.016532 0.007043 -0.031578
v -0.017206 0.008774 -0.030237
v -0.019634 0.007925 -0.029715
v -0.015418 0.007562 -0.031731
v -0.016326 0.010125 -0.032247
v -0.013669 0.007677 -0.032910
v -0.010916 0.007601 -0.034463
v -0.013978 0.010031 -0.033567
v -0.012415 0.009958 -0.034400
v -0.011957 0.011440 -0.032169
v -0.015638 0.011024 -0.032590
v -0.015077 0.011377 -0.031951
v -0.018100 0.010774 -0.030898
v -0.018688 0.010236 -0.029322
v -0.020131 0.009521 -0.028912
v -0.022032 0.008802 -0.028338
v -0.021168 0.008566 -0.029202
v -0.021710 0.007578 -0.028089
v -0.019559 0.005982 -0.028071
v -0.024481 0.004420 -0.026830
v -0.021025 0.004323 -0.027368
v -0.019576 0.002136 -0.027174
v -0.018523 0.004065 -0.027762
v -0.018548 0.003048 -0.028360
v -0.018853 0.006356 -0.028794
v -0.015426 0.011585 -0.030317
v -0.012039 0.011950 -0.030967
v -0.008512 0.010948 -0.032159
v -0.008096 0.011721 -0.031388
v -0.012059 0.013194 -0.030805
v -0.007905 0.013478 -0.030084
v -0.010192 0.012871 -0.031259
v -0.009124 0.014355 -0.027845
v -0.012019 0.013072 -0.029259
v -0.011517 0.013585 -0.026965
v -0.011805 0.014608 -0.025416
v -0.010463 0.015017 -0.021831
v -0.008644 0.014551 -0.024640
v -0.007374 0.014375 -0.027130
v -0.004267 0.014357 -0.026506
v -0.007456 0.014948 -0.021335
v -0.004080 0.014596 -0.024067
v -0.001661 0.014285 -0.025195
v -0.001891 0.014116 -0.025707
v -0.000952 0.014634 -0.021205
v -0.004295 0.014998 -0.020611
v -0.003647 0.014981 -0.019228
v -0.006109 0.015342 -0.017188
v -0.004757 0.015601 -0.014318
v 0.001566 0.014530 -0.019404
v -0.002565 0.015382 -0.016129
v 0.002247 0.015171 -0.014601
v -0.001470 0.015518 -0.012920
v -0.004299 0.016090 -0.010079
v -0.000356 0.015842 -0.010042
v 0.004273 0.015499 -0.009875
v -0.000866 0.016042 -0.006852
v 0.002826 0.015756 -0.007503
v 0.007291 0.015345 -0.006278
v 0.003955 0.015627 -0.004105
v 0.000531 0.015879 -0.004029
v 0.008189 0.015108 -0.008759
v 0.010946 0.014609 -0.010371
v 0.007134 0.014911 -0.011838
v 0.009172 0.014441 -0.014387
v 0.006708 0.014649 -0.015069
v 0.003867 0.014623 -0.016897
v 0.005513 0.014340 -0.018657
v 0.007936 0.014210 -0.017796
v 0.008735 0.013444 -0.020249
v 0.011005 0.013018 -0.017626
v 0.005777 0.014083 -0.021338
v 0.010886 0.013960 -0.014031
v 0.013711 0.012142 -0.016884
v 0.013043 0.013610 -0.011573
v 0.014775 0.012278 -0.013480
v 0.017794 0.011101 -0.012574
v 0.016258 0.012084 -0.010755
v 0.016802 0.010855 -0.016578
v 0.019568 0.009799 -0.016242
v 0.017500 0.009883 -0.021237
v 0.019075 0.009627 -0.019131
v 0.013276 0.011782 -0.020137
v 0.013243 0.011484 -0.023166
v 0.010317 0.012630 -0.022828
v 0.009363 0.012784 -0.025873
v 0.012141 0.011759 -0.025881
v 0.006271 0.013614 -0.023514
v 0.006524 0.013452 -0.026116
v 0.004458 0.014120 -0.023002
v 0.004024 0.014079 -0.024973
v 0.002404 0.013980 -0.026970
v 0.002442 0.014206 -0.022433
v 0.004206 0.012234 -0.027894
v 0.000619 0.014041 -0.027365
v 0.001348 0.012383 -0.028615
v 0.006463 0.011131 -0.028077
v -0.001378 0.013445 -0.028499
v -0.000107 0.011538 -0.030223
v 0.003046 0.010696 -0.030096
v 0.002322 0.009591 -0.032904
v 0.005528 0.009709 -0.030918
v 0.008372 0.008545 -0.033030
v 0.005385 0.008770 -0.033786
v 0.009199 0.009710 -0.028980
v 0.009763 0.008924 -0.030780
v 0.012848 0.009110 -0.028966
v 0.010994 0.008014 -0.033762
v 0.013684 0.008077 -0.032201
v 0.016821 0.008527 -0.029480
v 0.011254 0.007402 -0.036453
v 0.017029 0.008000 -0.031901
v 0.014374 0.007478 -0.035742
v 0.013294 0.006968 -0.038324
v 0.016305 0.007168 -0.036715
v 0.016939 0.007572 -0.034276
v 0.018590 0.007402 -0.035676
v 0.019454 0.007680 -0.033581
v 0.021092 0.007345 -0.036376
v 0.020866 0.007820 -0.031938
v 0.023514 0.007424 -0.033840
v 0.026265 0.007160 -0.035057
v 0.024398 0.007305 -0.036144
v 0.025346 0.007337 -0.031576
v 0.022791 0.007702 -0.031072
v 0.020950 0.008075 -0.029173
v 0.024751 0.007516 -0.028364
v 0.027777 0.006914 -0.031531
v 0.024416 0.007613 -0.026064
v 0.028479 0.006802 -0.028634
v 0.028082 0.006906 -0.026437
v 0.020587 0.008331 -0.027525
v 0.015171 0.009330 -0.026799
v 0.018153 0.008985 -0.025961
v 0.019655 0.008833 -0.023290
v 0.023225 0.007859 -0.024301
v 0.021642 0.008415 -0.022239
v 0.025473 0.007548 -0.023230
v 0.023212 0.008224 -0.020383
v 0.026097 0.007531 -0.020982
v 0.027602 0.007081 -0.024134
v 0.030170 0.006454 -0.024465
v 0.029498 0.006679 -0.020138
v 0.028392 0.007081 -0.017312
v 0.030365 0.006398 -0.017490
v 0.032059 0.005912 -0.018209
v 0.032300 0.005844 -0.021255
v 0.034012 0.005306 -0.018720
v 0.034616 0.005166 -0.022395
v 0.032865 0.005732 -0.024263
v 0.031447 0.006134 -0.027014
v 0.033983 0.005375 -0.027001
v 0.035853 0.004850 -0.024414
v 0.031933 0.006003 -0.029677
v 0.030857 0.006261 -0.032373
v 0.032478 0.005858 -0.033804
v 0.034481 0.005306 -0.031920
v 0.035235 0.005137 -0.034273
v 0.033946 0.005526 -0.036431
v 0.032145 0.006000 -0.037439
v 0.030553 0.006390 -0.038321
v 0.030134 0.004924 -0.038173
v 0.030080 0.006505 -0.034854
v 0.027878 0.006936 -0.036338
v 0.028514 0.006761 -0.039362
v 0.026390 0.007148 -0.038660
v 0.023936 0.007220 -0.038745
v 0.021898 0.007196 -0.039085
v 0.025945 0.007145 -0.040645
v 0.022726 0.007145 -0.042353
v 0.024587 0.006805 -0.041531
v 0.023063 0.006177 -0.042469
v 0.020772 0.007141 -0.043987
v 0.021930 0.006225 -0.043360
v 0.022255 0.004522 -0.043200
v 0.019996 0.005149 -0.045195
v 0.017117 0.006827 -0.045440
v 0.019512 0.006887 -0.045354
v 0.018018 0.004094 -0.044995
v 0.011456 0.006276 -0.045236
v 0.014738 0.006563 -0.045344
v 0.013175 0.002000 -0.044544
v 0.015649 0.001592 -0.044508
v 0.014924 -0.000516 -0.044065
v 0.017442 -0.001033 -0.042128
v 0.016476 -0.003232 -0.041780
v 0.014952 -0.004000 -0.042553
v 0.014781 -0.002150 -0.043440
v 0.012904 -0.004461 -0.040877
v 0.013061 -0.000030 -0.043342
v 0.011413 -0.001155 -0.041687
v 0.010571 0.001130 -0.042341
v 0.010020 0.003048 -0.043136
v 0.007749 0.002351 -0.041366
v 0.010273 0.006074 -0.044357
v 0.009005 0.005908 -0.043477
v 0.009445 0.006314 -0.042985
v 0.006078 0.006439 -0.042158
v 0.005945 0.004680 -0.041407
v 0.004830 0.003876 -0.040382
v 0.005380 0.001476 -0.039749
v 0.006497 -0.001847 -0.038560
v 0.004303 -0.000344 -0.038204
v 0.003765 0.002366 -0.039227
v 0.007875 0.000436 -0.040473
v 0.008035 -0.002284 -0.039210
v 0.010059 -0.002591 -0.040179
v 0.009818 -0.005602 -0.038306
v 0.007336 -0.006754 -0.036253
v 0.010616 -0.008575 -0.036855
v 0.011704 -0.012434 -0.035342
v 0.013100 -0.010035 -0.037470
v 0.009242 -0.012669 -0.033682
v 0.008426 -0.010927 -0.034379
v 0.012456 -0.007296 -0.038869
v 0.014465 -0.008928 -0.039021
v 0.007576 -0.014078 -0.031923
v 0.006068 -0.009184 -0.034264
v 0.004456 -0.011227 -0.032252
v 0.004352 -0.006668 -0.034865
v 0.002711 -0.012055 -0.031081
v 0.001423 -0.009397 -0.032093
v 0.004884 -0.014064 -0.030588
v 0.001751 -0.014513 -0.028382
v 0.003320 -0.014317 -0.029728
v 0.005505 -0.013931 -0.026483
v 0.005602 -0.014282 -0.030073
v 0.007370 -0.014110 -0.030248
v 0.007033 -0.014116 -0.026784
v 0.008276 -0.013856 -0.028847
v 0.010037 -0.013686 -0.027381
v 0.010805 -0.014109 -0.028991
v 0.011176 -0.013945 -0.030901
v 0.008567 -0.014404 -0.031432
v 0.013843 -0.013774 -0.031041
v 0.014383 -0.013997 -0.025886
v 0.015117 -0.013622 -0.029632
v 0.016816 -0.013921 -0.025314
v 0.015887 -0.013805 -0.031027
v 0.019637 -0.013917 -0.031911
v 0.020211 -0.013926 -0.029871
v 0.017968 -0.013869 -0.027985
v 0.012140 -0.014188 -0.034290
v 0.014455 -0.014293 -0.035738
v 0.009821 -0.014299 -0.032900
v 0.019461 -0.013828 -0.025809
v 0.017258 -0.013703 -0.023710
v 0.019287 -0.013686 -0.023664
v 0.018514 -0.013702 -0.022607
v 0.018536 -0.013661 -0.020683
v 0.019503 -0.013535 -0.020929
v 0.016911 -0.013735 -0.020460
v 0.016034 -0.013884 -0.022936
v 0.015900 -0.013745 -0.021565
v 0.014812 -0.013796 -0.022628
v 0.015442 -0.013645 -0.020394
v 0.013324 -0.013752 -0.021107
v 0.014465 -0.013617 -0.017473
v 0.017702 -0.013416 -0.017962
v 0.022884 -0.013106 -0.015669
v 0.017585 -0.013260 -0.014275
v 0.021221 -0.012986 -0.013809
v 0.022260 -0.012814 -0.009681
v 0.019580 -0.012948 -0.011112
v 0.025475 -0.012773 -0.012230
v 0.025317 -0.012713 -0.007562
v 0.027857 -0.012695 -0.011993
v 0.032258 -0.012779 -0.012274
v 0.027419 -0.012791 -0.009093
v 0.035432 -0.013075 -0.013249
v 0.037213 -0.013083 -0.012708
v 0.038867 -0.013582 -0.016021
v 0.040959 -0.013873 -0.017337
v 0.041820 -0.013735 -0.014639
v 0.044593 -0.013952 -0.014023
v 0.045101 -0.014264 -0.016603
v 0.045052 -0.014543 -0.020166
v 0.042821 -0.014381 -0.020269
v 0.047921 -0.014837 -0.018436
v 0.046590 -0.014887 -0.021636
v 0.051510 -0.015446 -0.019165
v 0.049252 -0.015234 -0.020743
v 0.050113 -0.015004 -0.016967
v 0.050792 -0.014291 -0.021039
v 0.046967 -0.014948 -0.022513
v 0.048586 -0.013669 -0.021688
v 0.049923 -0.010136 -0.021916
v 0.047614 -0.011902 -0.022093
v 0.045041 -0.013245 -0.023514
v 0.048195 -0.008695 -0.022344
v 0.046311 -0.010292 -0.022646
v 0.044639 -0.009689 -0.023599
v 0.047227 -0.007747 -0.022601
v 0.044327 -0.011739 -0.023744
v 0.042206 -0.012053 -0.024780
v 0.042713 -0.009469 -0.024659
v 0.043679 -0.008581 -0.024548
v 0.042827 -0.007211 -0.027363
v 0.045198 -0.008428 -0.023625
v 0.044367 -0.007621 -0.025927
v 0.045131 -0.006563 -0.026863
v 0.047619 -0.004141 -0.027045
v 0.047354 -0.006567 -0.024596
v 0.043590 -0.005349 -0.029041
v 0.045803 -0.004981 -0.027923
v 0.045698 -0.003151 -0.029469
v 0.047418 -0.002009 -0.029039
v 0.046810 -0.000979 -0.029739
v 0.044570 -0.002782 -0.030112
v 0.042764 -0.003798 -0.030463
v 0.039240 -0.004531 -0.031135
v 0.040839 -0.005798 -0.029759
v 0.041006 -0.006765 -0.028795
v 0.037847 -0.004195 -0.031577
v 0.037686 -0.002451 -0.032448
v 0.047583 -0.000482 -0.028993
v 0.047596 -0.000353 -0.027093
v 0.048425 -0.001125 -0.027392
v 0.048790 -0.001723 -0.027907
v 0.049612 -0.002365 -0.026538
v 0.049318 -0.001792 -0.025466
v 0.049795 -0.002326 -0.022730
v 0.051084 -0.003424 -0.023360
v 0.047928 -0.000799 -0.024095
v 0.050171 -0.002840 -0.025183
v 0.049810 -0.004880 -0.023291
v 0.048801 -0.004527 -0.025227
v 0.049666 -0.006203 -0.021631
v 0.051598 -0.004254 -0.020992
v 0.052282 -0.004852 -0.020917
v 0.049796 -0.002637 -0.020536
v 0.051741 -0.006480 -0.021246
v 0.050303 -0.007381 -0.021649
v 0.051749 -0.008385 -0.021470
v 0.053272 -0.005759 -0.020859
v 0.054412 -0.006915 -0.020595
v 0.055412 -0.008221 -0.019229
v 0.053993 -0.010095 -0.020489
v 0.053903 -0.006919 -0.018330
v 0.055289 -0.008132 -0.020181
v 0.056463 -0.011126 -0.018934
v 0.056071 -0.009445 -0.019510
v 0.055800 -0.014708 -0.018392
v 0.055667 -0.011289 -0.016817
v 0.054980 -0.012637 -0.019340
v 0.052215 -0.012375 -0.020624
v 0.052610 -0.013840 -0.020226
v 0.053566 -0.014244 -0.019724
v 0.053628 -0.015694 -0.018458
v 0.052041 -0.010525 -0.021277
v 0.052420 -0.005647 -0.017595
v 0.052630 -0.006396 -0.015492
v 0.047891 -0.000915 -0.021888
v 0.048710 -0.001917 -0.019137
v 0.046067 0.000406 -0.023446
v 0.046123 0.000417 -0.025648
v 0.042149 -0.013988 -0.024581
v 0.044095 -0.014910 -0.023499
v 0.020350 -0.012852 -0.007962
v 0.020029 -0.012706 -0.005790
v 0.017385 -0.013044 -0.009415
v 0.014719 -0.013323 -0.007963
v 0.013301 -0.013676 -0.011118
v 0.016007 -0.013247 -0.011539
v 0.014545 -0.013481 -0.013924
v 0.009932 -0.014093 -0.014522
v 0.009962 -0.013979 -0.017186
v 0.012593 -0.013892 -0.016802
v 0.011563 -0.013931 -0.019367
v 0.009427 -0.014317 -0.018673
v 0.005685 -0.014186 -0.020252
v 0.007637 -0.014278 -0.020117
v 0.004062 -0.014548 -0.022538
v 0.006551 -0.014077 -0.023126
v 0.009437 -0.014170 -0.022414
v 0.009787 -0.013890 -0.024926
v 0.011196 -0.013907 -0.022765
v 0.012895 -0.013643 -0.025582
v 0.015223 -0.013706 -0.024268
v 0.016255 -0.013977 -0.024939
v 0.002980 -0.014189 -0.024739
v 0.004470 -0.014281 -0.025274
v 0.001406 -0.014562 -0.024208
v 0.000935 -0.014412 -0.026046
v -0.002429 -0.015278 -0.026848
v -0.000084 -0.014294 -0.028355
v -0.003728 -0.015560 -0.026375
v 0.000434 -0.013781 -0.028998
v -0.001253 -0.011098 -0.030158
v -0.002263 -0.009017 -0.031009
v -0.004202 -0.006197 -0.031839
v -0.001487 -0.006977 -0.032346
v 0.001205 -0.006046 -0.033863
v -0.000021 -0.003339 -0.034692
v 0.002450 -0.003983 -0.035445
v 0.001801 -0.001165 -0.036562
v -0.002158 -0.001828 -0.034553
v -0.005340 -0.003621 -0.032557
v -0.005044 -0.001615 -0.033614
v -0.003610 0.000471 -0.034950
v 0.000810 0.001385 -0.037344
v 0.002275 0.005251 -0.039602
v -0.000362 0.002970 -0.037351
v -0.000243 0.006092 -0.038829
v -0.002903 0.004854 -0.037180
v -0.003851 0.008529 -0.038382
v -0.000332 0.008230 -0.039629
v -0.005245 0.006158 -0.036765
v -0.004958 0.001862 -0.034930
v -0.007342 0.005339 -0.035444
v -0.006665 0.002121 -0.034493
v -0.008997 0.008785 -0.035924
v -0.006877 0.008733 -0.036998
v -0.005333 0.009646 -0.036013
v -0.009044 0.009537 -0.034649
v -0.005194 0.008615 -0.037752
v -0.007886 0.010202 -0.034352
v -0.006560 0.010316 -0.032648
v -0.003402 0.009703 -0.034405
v -0.005818 0.010365 -0.033013
v -0.005906 0.011520 -0.031393
v -0.004199 0.010894 -0.032220
v -0.002360 0.011164 -0.031231
v -0.004103 0.012426 -0.029710
v -0.007971 0.012511 -0.031415
v -0.004700 0.010273 -0.032744
v -0.003263 0.013435 -0.028549
v -0.006127 0.013770 -0.028991
v -0.001669 0.010600 -0.032496
v -0.002579 0.010333 -0.033693
v -0.000381 0.009274 -0.035047
v 0.000671 0.009329 -0.035003
v -0.002487 0.009186 -0.035984
v -0.000496 0.008597 -0.037109
v -0.001759 0.008823 -0.038248
v 0.001565 0.008146 -0.038907
v 0.003738 0.008226 -0.036753
v 0.002418 0.007495 -0.040523
v 0.000854 0.008829 -0.036516
v 0.004253 0.007509 -0.039184
v 0.004549 0.006843 -0.041341
v 0.007683 0.007232 -0.038206
v 0.007970 0.006732 -0.040515
v 0.011006 0.006746 -0.040041
v 0.007893 0.007746 -0.036124
v 0.013586 0.006590 -0.041184
v 0.012586 0.006459 -0.042940
v 0.011284 0.006434 -0.044476
v 0.016326 0.006724 -0.043196
v 0.015932 0.006845 -0.040475
v 0.018337 0.006972 -0.041834
v 0.018233 0.007057 -0.038936
v -0.010646 0.009346 -0.035170
v -0.007656 -0.004935 -0.031073
v 0.005399 -0.004245 -0.036687
v -0.003097 -0.014883 -0.024465
v 0.001489 -0.014433 -0.021876
v -0.000114 -0.014473 -0.023683
v 0.003278 -0.014804 -0.019652
v 0.000284 -0.015175 -0.018793
v 0.006837 -0.014317 -0.017800
v 0.003640 -0.014604 -0.018365
v 0.003235 -0.015058 -0.017185
v 0.006815 -0.014411 -0.015907
v 0.007273 -0.014644 -0.013322
v 0.004620 -0.014779 -0.015233
v 0.001606 -0.015096 -0.016573
v 0.004965 -0.015002 -0.013631
v 0.002855 -0.015309 -0.013015
v 0.009365 -0.014136 -0.011292
v 0.005225 -0.015052 -0.011875
v -0.000335 -0.015869 -0.015718
v -0.000150 -0.015803 -0.014362
v -0.003324 -0.015499 -0.014938
v -0.002831 -0.015982 -0.015800
v -0.001190 -0.015438 -0.013861
v -0.001674 -0.015777 -0.016879
v -0.001576 -0.015837 -0.018627
v -0.002765 -0.015716 -0.017788
v -0.004229 -0.015614 -0.019842
v -0.005419 -0.015818 -0.019146
v -0.000084 -0.016095 -0.013276
v 0.004520 -0.014981 -0.010800
v 0.010838 -0.013985 -0.009414
v 0.011249 -0.014011 -0.010794
v 0.011970 -0.013600 -0.007042
v 0.009881 -0.014179 -0.005151
v 0.014082 -0.013257 -0.005218
v 0.018137 -0.012682 -0.004426
v 0.031706 0.006151 -0.014489
v 0.029672 0.006697 -0.014815
v 0.026252 0.007825 -0.013896
v 0.028876 0.007101 -0.013020
v 0.026380 0.008117 -0.010244
v 0.031955 0.005984 -0.012717
v 0.029290 0.006994 -0.010691
v 0.031836 0.006030 -0.009948
v 0.034543 0.005018 -0.009547
v 0.024108 0.008853 -0.010940
v 0.022100 0.009779 -0.009096
v 0.023084 0.008870 -0.013678
v 0.020601 0.009722 -0.013683
v 0.023411 0.008490 -0.015724
v 0.018774 0.011165 -0.009113
v 0.021699 0.008721 -0.018870
v 0.025907 0.007778 -0.017644
v 0.016169 0.010230 -0.023062
v 0.015446 0.010224 -0.025841
v 0.014126 0.010867 -0.025810
v 0.012198 0.009995 -0.027326
v 0.009821 0.010817 -0.027289
v 0.013267 0.014124 -0.008746
v -0.006016 0.016374 -0.008614
v -0.007180 0.016577 -0.006714
v -0.011097 0.016723 -0.006654
v -0.010000 0.016686 -0.008957
v -0.007051 0.016568 -0.003939
v -0.011766 0.016894 -0.003632
v -0.015078 0.016934 -0.005784
v -0.015373 0.016649 -0.009924
v -0.019007 0.017151 -0.008259
v -0.011743 0.016511 -0.010942
v -0.015512 0.016372 -0.011634
v -0.014928 0.016063 -0.014202
v -0.012919 0.015392 -0.019744
v -0.009542 0.015807 -0.015527
v -0.010866 0.015713 -0.017309
v -0.008176 0.016336 -0.011290
v -0.027730 -0.005593 -0.023835
v -0.030907 -0.005236 -0.023244
v -0.035032 -0.004232 -0.022817
v -0.032873 -0.006936 -0.022742
v -0.036202 -0.006039 -0.022202
v -0.034003 -0.008276 -0.022142
v -0.035835 -0.008890 -0.021442
v -0.036714 -0.007441 -0.020718
v -0.038157 -0.007021 -0.021611
v -0.035390 -0.008534 -0.019523
v -0.035720 -0.006767 -0.019819
v -0.038987 -0.005406 -0.020123
v -0.034216 -0.005933 -0.016180
v -0.035859 -0.006182 -0.018825
v -0.037017 -0.004668 -0.016230
v -0.040910 -0.003378 -0.017289
v -0.035649 -0.004828 -0.012207
v -0.039443 -0.003231 -0.012499
v -0.040666 -0.003223 -0.015704
v -0.042220 -0.001887 -0.013211
v -0.044373 -0.001511 -0.016742
v -0.045922 0.000614 -0.012080
v -0.042823 -0.002679 -0.018168
v -0.045348 -0.001325 -0.018816
v -0.048429 0.000825 -0.016453
v -0.048159 0.001628 -0.013197
v -0.051998 0.003085 -0.016041
v -0.051215 0.003645 -0.013163
v -0.050243 0.001791 -0.017860
v -0.048357 0.000458 -0.018798
v -0.049579 0.000447 -0.020708
v -0.046703 -0.001290 -0.020615
v -0.044058 -0.003306 -0.021712
v -0.045970 -0.002131 -0.021706
v -0.048579 -0.000432 -0.021772
v -0.050209 0.002809 -0.022474
v -0.051147 0.001736 -0.022063
v -0.047817 0.002707 -0.022674
v -0.046347 0.000907 -0.022346
v -0.043175 0.003381 -0.023407
v -0.045517 0.004076 -0.023369
v -0.042978 -0.000234 -0.022475
v -0.041740 0.001012 -0.022925
v -0.040346 -0.002505 -0.022429
v -0.038275 -0.003263 -0.022561
v -0.042737 -0.004138 -0.021627
v -0.040491 -0.005537 -0.021652
v -0.040962 -0.004301 -0.019768
v -0.046496 0.004492 -0.024036
v -0.047691 0.005289 -0.023414
v -0.050016 0.004933 -0.023123
v -0.051913 0.006555 -0.023341
v -0.052980 0.005352 -0.022968
v -0.054152 0.003632 -0.022525
v -0.055003 0.004515 -0.021910
v -0.053735 0.006098 -0.021146
v -0.055015 0.005597 -0.020344
v -0.053631 0.008252 -0.018549
v -0.055104 0.006661 -0.019722
v -0.052668 0.008842 -0.019171
v -0.053424 0.009424 -0.017195
v -0.054600 0.009415 -0.015458
v -0.054840 0.008138 -0.016860
v -0.056752 0.007733 -0.017043
v -0.055659 0.006719 -0.018550
v -0.056773 0.005668 -0.019141
v -0.057116 0.005875 -0.017422
v -0.057971 0.006690 -0.017000
v -0.054645 0.004422 -0.019275
v -0.055521 0.004659 -0.020544
v -0.053797 0.003669 -0.021270
v -0.052425 0.002641 -0.022230
v -0.051567 0.002112 -0.019262
v -0.053408 0.003586 -0.018349
v -0.055376 0.005243 -0.016363
v -0.055490 0.005703 -0.014565
v -0.057329 0.006593 -0.015346
v -0.054237 0.005382 -0.013715
v -0.057011 0.008133 -0.011953
v -0.052202 0.005705 -0.009956
v -0.054460 0.007386 -0.009938
v -0.052001 0.007105 -0.006962
v -0.056338 0.009332 -0.009357
v -0.056058 0.010143 -0.010502
v -0.055859 0.010230 -0.007738
v -0.050738 0.005830 -0.006268
v -0.049995 0.004565 -0.007913
v -0.049131 0.003214 -0.010332
v -0.048146 0.003090 -0.009429
v -0.049282 0.005127 -0.005672
v -0.044926 0.001210 -0.008688
v -0.042202 -0.000991 -0.010187
v -0.043590 0.000830 -0.007076
v -0.042058 0.000144 -0.005395
v -0.041308 -0.000447 -0.006168
v -0.039914 -0.001286 -0.004885
v -0.040148 -0.001729 -0.008100
v -0.036411 -0.004061 -0.006551
v -0.036956 -0.003998 -0.009447
v -0.038032 -0.002593 -0.003251
v -0.036572 -0.003801 -0.001617
v -0.034265 -0.005650 0.000171
v -0.031156 -0.007951 0.000659
v -0.034774 -0.004995 0.000562
v -0.032782 -0.006318 0.000706
v -0.032737 -0.006336 0.003780
v -0.035056 -0.004550 0.006601
v -0.030118 -0.007694 0.005602
v -0.030982 -0.007001 0.008114
v -0.032372 -0.005232 0.009831
v -0.029553 -0.008029 0.009975
v -0.030029 -0.008016 0.007953
v -0.030071 -0.008584 0.006242
v -0.029676 -0.009515 0.003335
v -0.029708 -0.008836 0.003560
v -0.029235 -0.010537 0.001420
v -0.026820 -0.011019 0.001404
v -0.030212 -0.007203 0.011508
v -0.031236 -0.005882 0.012847
v -0.028945 -0.005967 0.013197
v -0.027476 -0.005017 0.015541
v -0.029491 -0.005308 0.014427
v -0.031160 -0.004153 0.013825
v -0.034408 -0.003334 0.012656
v -0.032321 -0.004941 0.011896
v -0.032053 -0.003289 0.014843
v -0.035718 -0.002700 0.012668
v -0.032727 -0.002759 0.016127
v -0.030644 -0.003506 0.016313
v -0.033889 -0.002379 0.015135
v -0.035532 -0.001080 0.015896
v -0.036432 -0.002029 0.015566
v -0.032287 -0.001426 0.015835
v -0.032214 -0.000747 0.016707
v -0.029639 -0.001871 0.016160
v -0.028680 -0.002498 0.017009
v -0.028412 -0.001706 0.017932
v -0.031604 -0.000726 0.019818
v -0.030337 -0.000962 0.020117
v -0.026415 -0.002376 0.018254
v -0.026517 -0.002119 0.020538
v -0.024180 -0.000192 0.021134
v -0.026427 -0.000720 0.020666
v -0.022849 -0.002352 0.020336
v -0.024268 -0.002885 0.019192
v -0.028623 -0.000650 0.020963
v -0.022412 -0.000934 0.021292
v -0.019390 0.001193 0.021982
v -0.023704 0.001485 0.021595
v -0.018023 -0.001739 0.021145
v -0.020730 0.001530 0.021990
v -0.017286 -0.003218 0.020411
v -0.021500 -0.003957 0.018417
v -0.015328 -0.002550 0.021116
v -0.016529 0.000381 0.021311
v -0.013394 -0.002048 0.021108
v -0.014483 -0.000526 0.020797
v -0.014884 -0.002178 0.019076
v -0.014192 -0.002349 0.020517
v -0.012068 -0.002063 0.018847
v -0.011738 -0.002780 0.020657
v -0.011365 -0.002153 0.019439
v -0.011022 -0.002562 0.020429
v -0.010712 -0.000815 0.021108
v -0.011998 -0.001485 0.020986
v -0.011692 0.000029 0.020675
v -0.010593 -0.000111 0.020887
v -0.010233 0.001205 0.020759
v -0.013906 0.000952 0.020900
v -0.012089 0.001461 0.021847
v -0.014988 0.000917 0.021636
v -0.016574 0.000614 0.023552
v -0.013925 0.001319 0.023143
v -0.015388 0.000575 0.022942
v -0.009273 0.001603 0.024061
v -0.014557 0.001208 0.025513
v -0.013104 0.001470 0.026061
v -0.013081 0.001841 0.026487
v -0.010468 0.001457 0.027512
v -0.014970 0.001950 0.028200
v -0.008093 0.001477 0.025462
v -0.014055 0.001751 0.030903
v -0.007287 0.001278 0.029395
v -0.010673 0.001174 0.030980
v -0.011653 0.001092 0.030533
v -0.010122 0.001457 0.032557
v -0.012712 0.001678 0.033159
v -0.009192 0.001016 0.032888
v -0.008775 0.001443 0.033955
v -0.007520 0.001209 0.033405
v -0.007247 0.001670 0.033942
v -0.005692 0.001172 0.032150
v -0.004839 0.001486 0.033637
v -0.005517 0.001957 0.034684
v -0.002977 0.000874 0.032568
v -0.003007 0.001120 0.033936
v -0.001672 0.000843 0.034845
v 0.000495 0.000577 0.033608
v -0.002707 0.001695 0.035326
v -0.002454 0.002735 0.035993
v 0.000065 0.001767 0.036158
v 0.000269 0.001113 0.035418
v -0.000783 0.003376 0.036098
v 0.001200 0.003078 0.036107
v 0.002654 0.002106 0.036272
v 0.004182 0.000906 0.036128
v 0.004149 0.002227 0.036084
v 0.004968 0.001557 0.036007
v 0.001727 0.004650 0.035568
v -0.001096 0.005797 0.035566
v 0.003747 0.005744 0.035106
v 0.001394 0.007116 0.034990
v 0.001513 0.009097 0.034440
v 0.004082 0.007750 0.034903
v -0.001175 0.007110 0.035317
v -0.003516 0.005223 0.035597
v -0.003548 0.007468 0.035072
v -0.002251 0.009155 0.034448
v -0.004190 0.010529 0.034232
v -0.003227 0.011103 0.033953
v -0.003859 0.009070 0.034646
v -0.001071 0.011364 0.034035
v -0.002832 0.012108 0.033213
v -0.001787 0.012289 0.032898
v 0.000518 0.011316 0.033703
v -0.000599 0.012128 0.032961
v -0.000737 0.012075 0.031141
v 0.001588 0.012326 0.032264
v 0.001404 0.012318 0.033106
v 0.003731 0.011212 0.033131
v 0.002034 0.010812 0.033850
v 0.003580 0.009975 0.033851
v 0.004067 0.012231 0.032056
v 0.001697 0.011904 0.030015
v 0.004542 0.011882 0.028623
v 0.005631 0.010856 0.031813
v 0.005950 0.012117 0.031211
v 0.006814 0.010583 0.031673
v 0.008171 0.011383 0.031458
v 0.008748 0.012075 0.030282
v 0.007410 0.011920 0.028323
v 0.004158 0.011892 0.026624
v 0.006357 0.011816 0.024729
v 0.010153 0.011990 0.029065
v 0.009337 0.011919 0.027068
v 0.012455 0.010151 0.029044
v 0.011881 0.008848 0.030573
v 0.014130 0.008079 0.029183
v 0.014920 0.009545 0.027784
v 0.015579 0.007883 0.028094
v 0.016699 0.006028 0.027150
v 0.015995 0.005284 0.028819
v 0.016022 0.007239 0.026943
v 0.014703 0.003952 0.030805
v 0.016792 0.003571 0.028369
v 0.016794 0.002017 0.029230
v 0.013522 0.006390 0.030795
v 0.013005 0.004072 0.032933
v 0.012516 0.006358 0.031913
v 0.010405 0.009003 0.031714
v 0.011589 0.005434 0.032943
v 0.009049 0.007376 0.032104
v 0.008775 0.006524 0.032810
v 0.010409 0.004396 0.033365
v 0.008602 0.005584 0.034871
v 0.009558 0.004768 0.034919
v 0.011226 0.003220 0.034464
v 0.012578 0.002376 0.033419
v 0.008416 0.006443 0.033921
v 0.007202 0.006586 0.034914
v 0.007069 0.008959 0.033300
v 0.007710 0.009208 0.031902
v 0.005558 0.010285 0.033261
v 0.006039 0.008406 0.034449
v 0.006588 0.009098 0.033909
v 0.004932 0.006749 0.034899
v 0.003638 0.008465 0.034396
v 0.007811 0.004431 0.035489
v 0.005877 0.003616 0.035899
v 0.007076 0.002931 0.035738
v 0.009535 0.002038 0.035931
v 0.009471 0.003706 0.035602
v 0.007482 -0.000428 0.036583
v 0.005374 -0.000301 0.035820
v 0.009595 -0.000710 0.036556
v 0.007463 -0.001602 0.035164
v 0.009588 -0.002556 0.036755
v 0.010810 -0.004159 0.035095
v 0.011099 -0.003156 0.036509
v 0.009185 -0.002741 0.035090
v 0.008842 -0.002169 0.033098
v 0.009888 -0.003403 0.032125
v 0.008850 -0.002169 0.031786
v 0.006538 -0.000976 0.031129
v 0.004245 -0.000368 0.030178
v 0.005948 -0.001097 0.030218
v 0.004191 -0.000387 0.033053
v 0.002687 -0.000149 0.032654
v -0.000586 0.000544 0.030561
v 0.000606 0.000135 0.029745
v -0.002934 0.000461 0.029598
v -0.000854 0.000030 0.029204
v 0.003058 -0.000808 0.029789
v 0.001750 -0.000810 0.029408
v -0.000970 -0.000019 0.025940
v 0.004483 -0.001836 0.029875
v 0.004682 -0.002043 0.026326
v 0.001004 -0.000636 0.025459
v 0.002926 -0.001454 0.025294
v 0.000272 -0.001223 0.024023
v -0.000519 -0.002320 0.021389
v -0.001913 -0.000895 0.023175
v -0.002126 0.000091 0.023505
v 0.001654 -0.002639 0.024288
v 0.001041 -0.002415 0.023019
v 0.004836 -0.003986 0.021779
v 0.001937 -0.003349 0.021394
v 0.003677 -0.003402 0.024534
v 0.006254 -0.004697 0.021374
v 0.006249 -0.004658 0.024822
v 0.005136 -0.004219 0.025742
v 0.005453 -0.003352 0.025451
v 0.008044 -0.003374 0.026661
v 0.008823 -0.003785 0.028676
v 0.009237 -0.004025 0.027053
v 0.007092 -0.002619 0.029644
v 0.007338 -0.004932 0.026669
v 0.008465 -0.005851 0.026881
v 0.010276 -0.006199 0.027052
v 0.009794 -0.006823 0.025521
v 0.008102 -0.005762 0.023788
v 0.009270 -0.007168 0.022071
v 0.009825 -0.007112 0.023979
v 0.007975 -0.005772 0.022016
v 0.007912 -0.006653 0.021157
v 0.007097 -0.007217 0.021249
v 0.005665 -0.005999 0.020520
v 0.005447 -0.007123 0.020263
v 0.002732 -0.004773 0.019994
v 0.000910 -0.005376 0.019635
v -0.000415 -0.003810 0.019792
v -0.002361 -0.002311 0.019965
v -0.001003 -0.004757 0.019676
v -0.004487 -0.003804 0.019259
v -0.002894 -0.004203 0.019552
v -0.003253 -0.002874 0.019361
v -0.004246 -0.001546 0.019222
v -0.007446 -0.001491 0.018910
v -0.005350 0.000629 0.020494
v -0.003245 -0.000558 0.020727
v -0.007457 -0.000542 0.019310
v -0.008928 -0.000785 0.019707
v -0.006622 0.000234 0.019964
v -0.008343 0.000152 0.021063
v -0.007668 0.000206 0.021703
v -0.007456 0.001190 0.022624
v -0.005358 0.000608 0.022183
v -0.007014 0.000730 0.021328
v -0.007413 0.001036 0.023787
v -0.004726 0.000109 0.023690
v -0.003796 0.000385 0.021649
v -0.005083 0.000951 0.024487
v -0.004331 0.000430 0.025499
v -0.003418 0.000467 0.024152
v -0.006207 0.001029 0.024508
v -0.005644 0.001094 0.026998
v -0.003347 0.000859 0.030382
v -0.003864 0.000653 0.026472
v -0.002602 -0.000533 0.022563
v -0.009410 0.000382 0.021543
v -0.009942 0.001171 0.022799
v -0.009151 -0.000629 0.020940
v -0.010361 -0.000404 0.019644
v -0.010125 -0.001209 0.019273
v -0.007623 -0.002696 0.019009
v -0.009785 -0.002402 0.019184
v -0.009311 -0.003468 0.017735
v -0.008211 -0.002908 0.017978
v -0.010630 -0.002766 0.017856
v -0.011739 -0.003135 0.017394
v -0.006085 -0.004372 0.017854
v -0.006142 -0.006205 0.017420
v 0.002238 -0.007403 0.019288
v 0.007145 -0.008114 0.020715
v 0.008682 -0.008895 0.020782
v 0.006375 -0.011286 0.019388
v 0.009169 -0.012909 0.019922
v 0.010920 -0.013613 0.020293
v 0.011473 -0.011691 0.021181
v 0.011835 -0.010165 0.021683
v 0.012390 -0.012364 0.021473
v 0.012938 -0.011551 0.022065
v 0.013738 -0.011744 0.021197
v 0.013006 -0.010704 0.022530
v 0.015210 -0.010951 0.021230
v 0.011519 -0.009251 0.022505
v 0.013165 -0.009782 0.023295
v 0.013663 -0.009182 0.023965
v 0.012304 -0.008337 0.023087
v 0.014591 -0.009233 0.024124
v 0.015927 -0.009036 0.024102
v 0.016582 -0.008756 0.022999
v 0.013927 -0.007750 0.024043
v 0.012661 -0.008166 0.023745
v 0.014843 -0.007382 0.025830
v 0.012073 -0.007369 0.024103
v 0.016025 -0.007857 0.024193
v 0.016853 -0.007567 0.028274
v 0.017803 -0.008053 0.024376
v 0.019411 -0.008026 0.025506
v 0.019519 -0.007957 0.028747
v 0.017707 -0.007096 0.029176
v 0.019603 -0.007407 0.031837
v 0.022896 -0.008958 0.030184
v 0.022538 -0.008700 0.028501
v 0.025074 -0.009745 0.032144
v 0.026277 -0.010212 0.029869
v 0.028627 -0.010964 0.031660
v 0.029499 -0.009649 0.030227
v 0.028705 -0.011216 0.032746
v 0.028977 -0.011440 0.035126
v 0.030253 -0.011375 0.033406
v 0.026904 -0.010409 0.035552
v 0.025532 -0.009484 0.035527
v 0.027938 -0.009497 0.035540
v 0.028470 -0.010861 0.035893
v 0.030215 -0.010934 0.035399
v 0.030248 -0.011446 0.035147
v 0.031452 -0.010694 0.033684
v 0.028875 -0.009192 0.033876
v 0.031542 -0.010055 0.032463
v 0.030966 -0.009319 0.032389
v 0.032120 -0.009364 0.031272
v 0.031088 -0.007763 0.029811
v 0.028525 -0.007903 0.032228
v 0.026746 -0.005758 0.030832
v 0.026805 -0.007548 0.033530
v 0.028615 -0.006814 0.030520
v 0.026923 -0.004879 0.028808
v 0.024973 -0.003826 0.029057
v 0.022808 -0.003259 0.030469
v 0.024034 -0.002481 0.025744
v 0.021871 -0.001885 0.028064
v 0.019821 -0.001528 0.029314
v 0.019645 -0.000978 0.027329
v 0.022185 -0.001711 0.026126
v 0.020278 0.001171 0.025930
v 0.021340 0.003004 0.024058
v 0.018888 0.001327 0.027222
v 0.019090 0.003922 0.025313
v 0.018578 0.003823 0.026555
v 0.020435 0.005039 0.023625
v 0.018089 -0.000998 0.029091
v 0.015882 0.000573 0.031226
v 0.017284 -0.001735 0.031564
v 0.019808 -0.002371 0.031732
v 0.021049 -0.003272 0.032590
v 0.017773 -0.002620 0.033845
v 0.019244 -0.004263 0.034696
v 0.017233 -0.002285 0.034486
v 0.020214 -0.003154 0.033923
v 0.022929 -0.004807 0.033985
v 0.021461 -0.004941 0.034456
v 0.019714 -0.004336 0.035590
v 0.021640 -0.005308 0.035846
v 0.023263 -0.005906 0.035762
v 0.023607 -0.006175 0.034607
v 0.024944 -0.006409 0.034047
v 0.025232 -0.007263 0.035015
v 0.022846 -0.007701 0.035907
v 0.024211 -0.008621 0.035509
v 0.021761 -0.007991 0.035347
v 0.019512 -0.005695 0.035892
v 0.019642 -0.006641 0.034959
v 0.022162 -0.007119 0.036335
v 0.021927 -0.008532 0.032644
v 0.018171 -0.005996 0.035061
v 0.016178 -0.005875 0.034713
v 0.016730 -0.004570 0.036144
v 0.016934 -0.005365 0.035758
v 0.014437 -0.004930 0.036476
v 0.016242 -0.003586 0.036564
v 0.014454 -0.003833 0.036442
v 0.015111 -0.002042 0.036085
v 0.016356 -0.002144 0.035971
v 0.017188 -0.002953 0.035845
v 0.015859 -0.001281 0.035150
v 0.018300 -0.002890 0.035538
v 0.019156 -0.004204 0.036089
v 0.015881 -0.000804 0.034021
v 0.014531 0.000221 0.034759
v 0.015535 -0.000638 0.035660
v 0.013143 0.001426 0.035221
v 0.011097 -0.000678 0.036241
v 0.011153 0.002735 0.035804
v 0.011082 0.003428 0.035430
v 0.012090 -0.000442 0.035755
v 0.011908 -0.002146 0.036191
v 0.013785 -0.002074 0.035963
v 0.012988 -0.003964 0.036528
v 0.013674 -0.005305 0.036163
v 0.013080 -0.005964 0.035218
v 0.011817 -0.004873 0.034629
v 0.014135 -0.006039 0.033944
v 0.012949 -0.005423 0.032756
v 0.011525 -0.004431 0.031329
v 0.010457 -0.004058 0.030230
v 0.010887 -0.004781 0.029928
v 0.011939 -0.005153 0.028507
v 0.015577 -0.006481 0.031637
v 0.014939 -0.006123 0.028071
v 0.011959 -0.005334 0.027245
v 0.012532 -0.006971 0.027485
v 0.014507 -0.007037 0.027723
v 0.012311 -0.007285 0.026026
v 0.017702 -0.007130 0.031036
v 0.008054 -0.003377 0.030272
v 0.006535 -0.001983 0.030341
v 0.014729 0.000658 0.033264
v 0.015816 -0.000814 0.033203
v 0.014068 0.002373 0.032770
v 0.025077 -0.005341 0.032024
v 0.031543 -0.008481 0.028814
v 0.016379 -0.010591 0.020460
v 0.018041 -0.010347 0.017702
v 0.016992 -0.010643 0.018023
v 0.014740 -0.012161 0.017802
v 0.017972 -0.011081 0.015004
v 0.020712 -0.010189 0.014187
v 0.019764 -0.010032 0.015716
v 0.014898 -0.012539 0.014049
v 0.017252 -0.011938 0.012407
v 0.018765 -0.011961 0.010563
v 0.014354 -0.012445 0.016329
v 0.021387 -0.010781 0.012259
v 0.024698 -0.011062 0.012269
v 0.021782 -0.011353 0.010456
v 0.022310 -0.010550 0.013356
v 0.024795 -0.011158 0.014418
v 0.022854 -0.010226 0.014802
v 0.024621 -0.010382 0.015696
v 0.020719 -0.012429 0.009711
v 0.018422 -0.012651 0.009162
v 0.012504 -0.012608 0.021516
v 0.010787 -0.007795 0.022455
v 0.008700 -0.008163 0.022201
v 0.003170 0.000591 0.035586
v 0.002860 0.012309 0.023668
v 0.004974 0.012365 0.022015
v 0.002192 0.012595 0.021783
v 0.002676 0.012835 0.020503
v -0.000218 0.012422 0.023459
v 0.000118 0.012244 0.024678
v -0.002079 0.012229 0.025730
v -0.003672 0.012831 0.024763
v -0.000758 0.012050 0.027134
v 0.002122 0.012197 0.026432
v 0.000411 0.012140 0.028972
v -0.002595 0.011875 0.028406
v -0.005400 0.012247 0.027442
v -0.004678 0.011801 0.029692
v -0.006941 0.011926 0.029257
v -0.007385 0.011736 0.030681
v -0.004260 0.011941 0.031225
v -0.007493 0.012233 0.032212
v -0.004695 0.012314 0.032884
v -0.004558 0.010913 0.033299
v -0.007256 0.011916 0.033053
v -0.008934 0.012022 0.032797
v -0.007504 0.011306 0.033445
v -0.006259 0.010898 0.033916
v -0.005936 0.009136 0.034333
v -0.007496 0.007029 0.034961
v -0.005343 0.007167 0.035120
v -0.008456 0.008636 0.034458
v -0.008927 0.009054 0.034143
v -0.010331 0.006731 0.034887
v -0.011028 0.008463 0.034459
v -0.009243 0.006836 0.035147
v -0.008350 0.010502 0.033449
v -0.010625 0.011989 0.032963
v -0.010235 0.009406 0.033998
v -0.013700 0.009505 0.033672
v -0.013158 0.008031 0.034155
v -0.012187 0.011574 0.032817
v -0.014676 0.010301 0.033278
v -0.014113 0.011713 0.032641
v -0.011549 0.011649 0.031174
v -0.013396 0.011554 0.031469
v -0.014131 0.011738 0.030121
v -0.014991 0.011644 0.031641
v -0.016612 0.011484 0.030326
v -0.016256 0.011252 0.032622
v -0.018393 0.010543 0.033019
v -0.017421 0.009261 0.033605
v -0.017852 0.010801 0.032425
v -0.015001 0.008685 0.033698
v -0.018575 0.011321 0.032053
v -0.020456 0.010109 0.032827
v -0.021343 0.010928 0.031989
v -0.019956 0.011064 0.030592
v -0.023768 0.010246 0.030518
v -0.021688 0.011069 0.028812
v -0.018798 0.011483 0.029017
v -0.019973 0.011972 0.026752
v -0.017691 0.012179 0.026538
v -0.014842 0.012098 0.028464
v -0.016083 0.012745 0.025139
v -0.021079 0.012856 0.024093
v -0.018599 0.012947 0.024173
v -0.022714 0.011760 0.026895
v -0.022937 0.012581 0.024489
v -0.024085 0.013718 0.020816
v -0.025788 0.014547 0.018443
v -0.022835 0.014342 0.019430
v -0.025932 0.013067 0.022016
v -0.029222 0.013635 0.019740
v -0.028831 0.012285 0.022804
v -0.025729 0.012021 0.024730
v -0.026711 0.010761 0.027256
v -0.027784 0.011609 0.025055
v -0.031032 0.010556 0.025396
v -0.030986 0.011404 0.023767
v -0.032506 0.012354 0.020848
v -0.033891 0.010553 0.023738
v -0.035302 0.008320 0.026605
v -0.032423 0.009770 0.026367
v -0.036970 0.010707 0.021894
v -0.036160 0.009527 0.024204
v -0.035077 0.011498 0.021478
v -0.036754 0.012445 0.019319
v -0.034911 0.013552 0.017845
v -0.038084 0.011368 0.019532
v -0.038231 0.012558 0.017999
v -0.040588 0.012922 0.014660
v -0.038044 0.013474 0.015501
v -0.041053 0.012229 0.016130
v -0.039968 0.010089 0.019933
v -0.040531 0.008031 0.021540
v -0.038813 0.008607 0.022436
v -0.042608 0.009288 0.019357
v -0.037159 0.009739 0.022316
v -0.041702 0.010570 0.017674
v -0.045517 0.010883 0.016272
v -0.043828 0.011575 0.015407
v -0.046385 0.012088 0.013454
v -0.044262 0.013024 0.013290
v -0.045817 0.013161 0.012073
v -0.044914 0.013778 0.011652
v -0.046952 0.013582 0.010168
v -0.048620 0.013473 0.009543
v -0.048933 0.012423 0.011422
v -0.051052 0.011634 0.012218
v -0.049543 0.010943 0.014223
v -0.047433 0.011533 0.014300
v -0.048734 0.009931 0.016669
v -0.048742 0.007983 0.019439
v -0.052633 0.008485 0.018150
v -0.046403 0.008642 0.018888
v -0.046100 0.009802 0.017476
v -0.050258 0.009732 0.016249
v -0.053047 0.009958 0.015412
v -0.053635 0.007818 0.017144
v -0.053508 0.010236 0.014448
v -0.054908 0.008046 0.015300
v -0.054152 0.010305 0.013327
v -0.055914 0.006341 0.015076
v -0.055433 0.006873 0.016173
v -0.052893 0.006588 0.017093
v -0.053938 0.004989 0.015905
v -0.051510 0.004981 0.017396
v -0.051275 0.003584 0.016471
v -0.050110 0.002815 0.015180
v -0.049919 0.003196 0.017414
v -0.047186 0.001558 0.017123
v -0.046022 0.003627 0.019468
v -0.044929 0.001253 0.018403
v -0.044532 0.000660 0.017143
v -0.044321 0.000249 0.015993
v -0.048488 0.003907 0.018467
v -0.049947 0.005741 0.018505
v -0.047166 0.006468 0.020070
v -0.049425 0.007237 0.019818
v -0.045262 0.005825 0.021058
v -0.046112 0.006753 0.019614
v -0.042593 0.005629 0.022121
v -0.045290 0.007963 0.019557
v -0.043196 0.007516 0.020252
v -0.043727 0.006460 0.020144
v -0.041097 0.005989 0.021330
v -0.038840 0.005405 0.022917
v -0.038690 0.006656 0.023078
v -0.040733 0.005532 0.022282
v -0.041694 0.003204 0.021648
v -0.044000 0.004562 0.021248
v -0.043942 0.002933 0.020329
v -0.043058 0.001319 0.020253
v -0.041248 0.001521 0.021490
v -0.038246 0.004386 0.023146
v -0.039186 0.001396 0.022742
v -0.037736 0.000877 0.020891
v -0.037512 0.001202 0.023917
v -0.038194 0.000675 0.018926
v -0.037798 0.000215 0.017694
v -0.035568 0.000243 0.019563
v -0.040439 0.000871 0.018868
v -0.039982 -0.000593 0.017422
v -0.042636 -0.000073 0.018617
v -0.042134 -0.000465 0.017148
v -0.038464 -0.001347 0.016570
v -0.042511 -0.000725 0.014832
v -0.040241 -0.001126 0.014207
v -0.037491 -0.002053 0.012895
v -0.035862 -0.003260 0.009648
v -0.034612 -0.000282 0.016788
v -0.036135 0.000876 0.023201
v -0.034095 -0.000003 0.021271
v -0.033623 0.000471 0.021653
v -0.032487 0.000863 0.023796
v -0.031017 -0.000156 0.022557
v -0.031904 -0.000158 0.020847
v -0.031900 0.000707 0.024744
v -0.029864 0.000448 0.023125
v -0.028450 0.001550 0.023341
v -0.027908 0.000895 0.022356
v -0.030606 0.002320 0.024818
v -0.031334 0.002893 0.026073
v -0.032702 0.002516 0.026616
v -0.029050 0.002895 0.025696
v -0.028145 0.002695 0.023656
v -0.026428 0.002574 0.022712
v -0.027121 0.002952 0.024089
v -0.028379 0.002180 0.026547
v -0.026401 0.001917 0.026005
v -0.028006 0.002918 0.025461
v -0.025058 0.002626 0.023524
v -0.022978 0.001715 0.024283
v -0.023714 0.002337 0.022658
v -0.024517 0.001796 0.025156
v -0.024860 0.002590 0.028478
v -0.023168 0.002489 0.026092
v -0.023668 0.002257 0.030306
v -0.020109 0.002105 0.026651
v -0.020918 0.002117 0.025977
v -0.021116 0.001420 0.025052
v -0.021137 0.000526 0.024682
v -0.019635 0.001230 0.025842
v -0.019365 0.000177 0.025193
v -0.017356 0.000599 0.025238
v -0.017924 0.000285 0.022990
v -0.018256 0.000558 0.021727
v -0.015946 0.001628 0.025934
v -0.018055 0.001697 0.026806
v -0.017090 0.001863 0.028841
v -0.017695 0.002171 0.030549
v -0.016083 0.001986 0.030950
v -0.016481 0.002454 0.033145
v -0.014249 0.002093 0.032642
v -0.013501 0.002397 0.034235
v -0.015326 0.003061 0.034036
v -0.013264 0.002942 0.034421
v -0.015247 0.003994 0.034101
v -0.017571 0.003180 0.034108
v -0.020156 0.003440 0.034302
v -0.019002 0.002588 0.032896
v -0.018197 0.004043 0.034079
v -0.017044 0.004406 0.033933
v -0.015664 0.004679 0.034608
v -0.018310 0.005566 0.033911
v -0.021900 0.005728 0.033633
v -0.018692 0.007982 0.033359
v -0.015230 0.006548 0.034215
v -0.016785 0.008163 0.033674
v -0.020309 0.007189 0.033506
v -0.021541 0.003529 0.034108
v -0.023953 0.004484 0.034024
v -0.023559 0.003034 0.034221
v -0.022651 0.002340 0.033238
v -0.024839 0.003165 0.032253
v -0.019985 0.002264 0.030275
v -0.026553 0.003219 0.032584
v -0.024639 0.003093 0.033999
v -0.026096 0.002990 0.030517
v -0.027816 0.003300 0.032834
v -0.028949 0.002842 0.030536
v -0.029511 0.003244 0.031632
v -0.029871 0.002183 0.027621
v -0.031416 0.002253 0.029902
v -0.030383 0.002800 0.026329
v -0.032013 0.002628 0.027515
v -0.031969 0.002282 0.028559
v -0.033772 0.002608 0.029266
v -0.034346 0.003318 0.027951
v -0.035179 0.003126 0.029868
v -0.034112 0.003203 0.030790
v -0.032634 0.002840 0.031560
v -0.034081 0.003829 0.025839
v -0.034668 0.002539 0.025437
v -0.035544 0.004723 0.026205
v -0.035095 0.003542 0.024815
v -0.036247 0.004751 0.024020
v -0.036875 0.005147 0.024292
v -0.036527 0.006462 0.025220
v -0.037080 0.008082 0.024334
v -0.034573 0.006438 0.027731
v -0.034855 0.007304 0.028296
v -0.034033 0.004939 0.030268
v -0.034270 0.003871 0.028646
v -0.034241 0.006357 0.030330
v -0.034130 0.004174 0.032342
v -0.033735 0.006026 0.031741
v -0.032271 0.003675 0.033366
v -0.031769 0.005137 0.033493
v -0.034082 0.002923 0.032228
v -0.033279 0.005540 0.032869
v -0.031604 0.007002 0.033046
v -0.029216 0.005799 0.033172
v -0.030506 0.007979 0.032508
v -0.028959 0.008081 0.032676
v -0.031964 0.007259 0.031758
v -0.033020 0.007662 0.029600
v -0.031418 0.008370 0.030186
v -0.029865 0.008608 0.030910
v -0.031076 0.008915 0.029065
v -0.027993 0.009612 0.029566
v -0.029991 0.009869 0.027608
v -0.028734 0.009063 0.031534
v -0.026303 0.009854 0.029957
v -0.023943 0.010816 0.028420
v -0.025071 0.009977 0.032197
v -0.026735 0.009430 0.031916
v -0.026874 0.007724 0.032767
v -0.025341 0.008714 0.032577
v -0.024150 0.006405 0.033327
v -0.023466 0.007904 0.032976
v -0.023019 0.009465 0.032598
v -0.021439 0.008739 0.033167
v -0.021526 0.010395 0.032679
v -0.022779 0.010443 0.031937
v -0.021414 0.007354 0.033120
v -0.025767 0.006118 0.033342
v -0.026880 0.004817 0.033608
v -0.026901 0.003322 0.034016
v -0.028614 0.003989 0.033721
v -0.029899 0.002827 0.033944
v -0.029917 0.002487 0.033657
v -0.031571 0.002313 0.033020
v -0.036430 0.001349 0.024611
v -0.035114 0.001040 0.025095
v -0.033594 0.000857 0.026088
v -0.013700 0.006012 0.034246
v -0.012246 0.004702 0.034795
v -0.012625 0.006799 0.034502
v -0.013914 0.003358 0.034839
v -0.011257 0.002683 0.035121
v -0.009380 0.003152 0.035393
v -0.010633 0.001980 0.034217
v -0.008385 0.002076 0.035070
v -0.009150 0.001674 0.035051
v -0.006869 0.003945 0.035570
v -0.006057 0.002606 0.035376
v -0.004787 0.004254 0.035472
v -0.006956 0.005531 0.035206
v -0.009260 0.005858 0.034950
v -0.008562 0.004551 0.035197
v -0.019367 0.009281 0.033394
v -0.025345 0.001004 0.021493
v -0.051070 0.008036 0.019020
v -0.055590 0.005914 0.013866
v -0.051498 0.012288 0.008644
v -0.031177 0.013598 0.018819
v -0.030269 0.014425 0.018006
v -0.012768 0.012479 0.026949
v -0.013961 0.013131 0.024019
v -0.011731 0.012889 0.025073
v -0.007992 0.012679 0.026790
v -0.010694 0.012460 0.027488
v -0.011220 0.012176 0.029194
v -0.009326 0.011745 0.031397
v -0.013720 -0.002287 0.017826
v -0.022636 -0.003605 0.018519
v -0.023446 -0.004604 0.017027
v -0.021216 -0.004840 0.017448
v -0.024485 -0.004568 0.017968
v -0.026290 -0.005322 0.017082
v -0.025323 -0.005315 0.016262
v -0.027133 -0.004666 0.017057
v -0.027365 -0.003769 0.017619
v -0.057513 0.007317 -0.013818
v -0.056872 0.009055 -0.014585
v -0.056376 0.009936 -0.014734
v -0.057174 0.008504 -0.016283
v -0.021363 -0.011123 -0.020617
v -0.022075 -0.010248 -0.018830
v -0.021521 -0.010565 -0.015913
v -0.024499 -0.009640 -0.017257
v -0.024135 -0.010189 -0.012792
v -0.022242 -0.011258 -0.009882
v -0.026619 -0.009505 -0.012958
v -0.024946 -0.010378 -0.010962
v -0.022090 -0.010505 -0.013361
v -0.027380 -0.009699 -0.011738
v -0.024122 -0.011329 -0.007447
v -0.020829 -0.011571 -0.006273
v -0.022681 -0.010921 -0.005988
v -0.021427 -0.012273 -0.007332
v -0.019602 -0.011678 -0.004890
v -0.018139 -0.011865 -0.005228
v -0.007475 -0.014133 0.002062
v -0.004908 -0.014819 0.000275
v -0.003236 -0.015611 -0.001941
v -0.002304 -0.016297 -0.003246
v -0.000863 -0.016333 -0.001164
v -0.000117 -0.017039 -0.003024
v -0.001265 -0.012058 0.015482
v 0.032894 -0.013766 0.014994
v 0.034699 -0.014357 0.013971
v 0.035680 -0.013605 0.015482
v 0.036442 -0.015097 0.014055
v 0.038298 -0.014534 0.015433
v 0.036496 -0.015476 0.012904
v 0.037499 -0.014773 0.013731
v 0.038154 -0.016044 0.012768
v 0.040134 -0.015997 0.014108
v 0.038789 -0.014675 0.014274
v 0.039919 -0.015498 0.011139
v 0.043428 -0.015551 0.014514
v 0.041413 -0.015512 0.012434
v 0.037546 -0.015589 0.011121
v 0.039198 -0.014804 0.010836
v 0.040607 -0.013709 0.010387
v 0.037632 -0.013246 0.010267
v 0.045902 -0.007275 0.000187
v 0.045739 -0.004905 -0.001516
v 0.040928 -0.002375 0.004493
v 0.039581 -0.001235 0.004802
v 0.040953 -0.003718 0.005060
v 0.039540 -0.001756 0.006875
v 0.038512 -0.000160 0.005562
v 0.038564 -0.000090 0.008760
v 0.028931 0.006001 0.003477
v 0.031955 0.003708 0.008005
v 0.028303 0.006816 0.001155
v 0.027797 0.006754 0.003923
v 0.026429 0.007583 0.002705
v 0.027623 0.007255 0.002074
v 0.022863 0.009170 0.003504
v 0.020111 0.010772 0.004716
v 0.017498 0.012483 0.005151
v 0.019252 0.011272 0.007004
v 0.018260 0.012026 0.008190
v 0.018625 0.011683 0.010757
v 0.015085 0.013107 0.006294
v 0.017618 0.012032 0.011405
v 0.012598 0.013365 0.007912
v 0.014204 0.013619 0.001827
v 0.012359 0.013925 0.002766
v 0.010401 0.014166 0.006677
v 0.010256 0.013803 0.009674
v 0.034243 -0.004093 0.017446
v 0.035682 -0.006155 0.016224
v 0.036442 -0.008115 0.016949
v 0.033784 -0.005970 0.019158
v 0.032692 -0.006817 0.022114
v 0.033946 -0.007311 0.020207
v 0.034986 -0.008793 0.020485
v 0.032888 -0.008358 0.024209
v 0.034874 -0.009706 0.022516
v 0.036894 -0.009514 0.018299
v 0.039032 -0.010478 0.016454
v 0.039165 -0.010987 0.018869
v 0.040093 -0.011545 0.018106
v 0.040885 -0.011663 0.015811
v 0.040766 -0.012410 0.018313
v 0.033484 -0.009950 0.021832
v 0.031514 -0.008910 0.023808
v 0.032245 -0.009975 0.021841
v 0.032044 -0.007270 0.024928
v 0.033138 -0.002966 0.018788
v 0.041196 -0.005970 0.007627
v 0.044066 -0.011815 0.013300
v -0.006263 0.016095 0.008727
v -0.033643 0.019105 0.005102
v -0.037043 0.018838 0.005387
v -0.035434 0.019415 0.002980
v -0.038813 0.019218 0.002595
v -0.037467 0.019568 0.000372
v -0.041706 0.018990 0.000812
v -0.040054 0.019436 -0.002760
v -0.038411 0.019364 -0.006406
v -0.041190 0.019187 -0.004813
v -0.042904 0.018184 -0.008387
v -0.040213 0.018723 -0.008411
v -0.042539 0.017431 -0.011350
v -0.036552 0.018984 -0.009130
v -0.039340 0.017945 -0.011665
v -0.038815 0.016817 -0.014456
v -0.041226 0.016566 -0.013761
v -0.037233 0.017977 -0.012238
v -0.035569 0.015905 -0.017082
v -0.034551 0.017766 -0.013036
v -0.032724 0.016817 -0.015338
v -0.030836 0.017255 -0.014270
v -0.031565 0.018643 -0.010669
v -0.032330 0.015990 -0.017494
v -0.032832 0.015092 -0.019136
v -0.030010 0.015339 -0.018833
v -0.028986 0.014433 -0.020933
v -0.033177 0.014225 -0.020823
v -0.030572 0.013742 -0.022495
v -0.026389 0.014055 -0.022976
v -0.028728 0.013439 -0.024646
v -0.024543 0.013986 -0.024805
v -0.026822 0.013573 -0.025834
v -0.033379 0.012681 -0.024790
v -0.032374 0.012276 -0.027534
v -0.037652 0.015144 -0.017977
v -0.040945 0.014485 -0.017626
v -0.040878 0.015701 -0.015675
v -0.039082 0.014209 -0.018818
v -0.042159 0.014821 -0.016493
v -0.043960 0.015752 -0.013984
v -0.044885 0.017122 -0.010189
v -0.046614 0.016241 -0.010558
v -0.044000 0.013370 -0.017790
v -0.041304 0.018526 0.003984
v -0.042468 0.017889 0.005517
v -0.039266 0.018410 0.006005
v -0.038283 0.017752 0.008619
v -0.041294 0.017240 0.008394
v -0.037657 0.017042 0.009741
v -0.040259 0.016201 0.009875
v -0.037475 0.016280 0.010117
v -0.042923 0.017129 0.007377
v -0.043377 0.017097 0.006316
v -0.055046 0.009725 0.005608
v 0.033426 -0.003838 -0.032562
v 0.025965 0.000318 -0.037061
v 0.033892 -0.014317 -0.027384
v 0.025468 -0.014030 -0.031607
vn 0.4236 -0.4953 -0.7584
vn 0.3516 -0.4037 -0.8446
vn 0.2675 -0.5985 -0.7552
vn 0.4435 -0.1867 -0.8766
vn 0.5414 -0.1138 -0.8330
vn 0.5145 -0.5089 -0.6902
vn 0.3807 -0.6596 -0.6480
vn 0.4335 -0.4588 -0.7756
vn 0.4744 -0.4953 -0.7277
vn 0.3570 -0.7141 -0.6022
vn 0.4887 -0.4177 -0.7660
vn 0.3600 -0.6799 -0.6388
vn 0.4653 -0.5117 -0.7223
vn 0.5394 -0.3469 -0.7673
vn 0.5085 -0.4269 -0.7478
vn 0.4540 -0.5723 -0.6829
vn 0.5269 -0.3742 -0.7631
vn 0.5281 -0.3549 -0.7715
vn 0.5335 -0.3154 -0.7848
vn 0.5280 -0.3289 -0.7830
vn 0.6893 -0.3985 -0.6050
vn 0.5175 -0.3424 -0.7842
vn 0.5476 -0.3333 -0.7675
vn 0.5240 -0.3651 -0.7695
vn 0.0370 -0.4716 -0.8811
vn -0.0378 -0.5024 -0.8638
vn 0.4987 -0.3633 -0.7869
vn 0.6044 -0.4291 -0.6713
vn -0.0247 -0.4720 -0.8812
vn 0.5581 -0.5718 -0.6013
vn 0.0155 -0.6129 -0.7900
vn 0.5583 -0.5029 -0.6598
vn 0.1821 -0.8924 -0.4129
vn 0.5624 -0.3387 -0.7543
vn 0.3512 -0.7691 -0.5339
vn 0.5013 -0.2903 -0.8151
vn 0.4038 -0.3761 -0.8340
vn 0.2745 -0.7727 -0.5724
vn 0.3035 -0.8157 -0.4925
vn 0.5705 -0.2490 -0.7826
vn 0.6249 -0.3148 -0.7144
vn 0.4551 -0.2157 -0.8639
vn 0.5039 -0.2355 -0.8311
vn 0.5045 -0.2714 -0.8196
vn 0.6529 -0.3006 -0.6952
vn 0.7800 -0.3787 -0.4982
vn 0.4939 -0.3584 -0.7922
vn 0.5979 -0.4103 -0.6886
vn 0.6491 -0.3883 -0.6541
vn 0.7025 -0.5649 -0.4329
vn 0.4227 -0.6005 -0.6788
vn 0.4861 -0.4312 -0.7601
vn 0.5123 -0.3656 -0.7771
vn 0.4256 -0.3118 -0.8495
vn 0.3177 -0.6519 -0.6885
vn 0.3567 -0.3160 -0.8792
vn 0.2972 -0.5974 -0.7449
vn 0.1971 -0.8381 -0.5087
vn 0.1965 -0.6820 -0.7044
vn 0.4243 -0.4189 -0.8028
vn 0.1283 -0.7114 -0.6910
vn 0.3709 -0.3922 -0.8418
vn 0.4565 -0.2157 -0.8632
vn 0.4696 -0.2211 -0.8548
vn 0.4486 -0.1904 -0.8732
vn 0.4315 -0.1723 -0.8855
vn 0.4190 -0.1614 -0.8935
vn 0.4289 -0.1775 -0.8857
vn 0.4162 -0.1456 -0.8975
vn 0.3154 -0.4301 -0.8459
vn 0.4167 -0.1755 -0.8920
vn 0.4022 -0.1504 -0.9031
vn 0.3874 -0.1335 -0.9122
vn 0.3731 -0.2000 -0.9060
vn 0.2913 -0.4870 -0.8234
vn 0.3283 -0.4235 -0.8443
vn 0.4182 -0.1843 -0.8895
vn 0.4014 -0.1250 -0.9073
vn 0.3166 -0.7620 -0.5649
vn 0.2188 -0.7983 -0.5611
vn -0.0459 -0.9961 0.0749
vn 0.2506 -0.7675 -0.5900
vn 0.2251 -0.7932 -0.5658
vn -0.0329 -0.9981 0.0521
vn -0.0427 -0.9991 -0.0004
vn -0.0294 -0.9964 0.0794
vn -0.0274 -0.9964 0.0807
vn -0.0162 -0.9993 0.0344
vn -0.0160 -0.9982 0.0585
vn 0.0054 -0.9979 0.0648
vn -0.0037 -0.9979 0.0652
vn -0.0105 -0.9970 0.0768
vn 0.0022 -0.9971 0.0756
vn 0.0128 -0.9965 0.0828
vn 0.0070 -0.9957 0.0922
vn -0.0020 -0.9950 0.0994
vn -0.0102 -0.9950 0.0996
vn -0.0226 -0.9942 0.1055
vn -0.0445 -0.9933 0.1071
vn -0.0433 -0.9952 0.0874
vn -0.0547 -0.9936 0.0984
vn -0.0149 -0.9965 0.0824
vn -0.0349 -0.9962 0.0792
vn -0.0621 -0.9939 0.0916
vn -0.0564 -0.9917 0.1153
vn -0.0994 -0.9886 0.1135
vn -0.0746 -0.9922 0.0995
vn 0.0873 -0.8623 -0.4988
vn -0.0870 -0.9913 0.0986
vn 0.1492 -0.8620 -0.4845
vn 0.0609 -0.9740 -0.2183
vn -0.0791 -0.9898 0.1187
vn 0.2331 -0.7777 -0.5838
vn 0.3679 -0.1570 -0.9165
vn 0.3415 -0.1697 -0.9244
vn 0.1229 -0.7158 -0.6874
vn 0.3755 -0.1243 -0.9184
vn 0.3084 -0.5602 -0.7688
vn 0.3877 -0.1008 -0.9163
vn 0.2636 -0.5220 -0.8112
vn 0.0637 -0.7678 -0.6375
vn 0.1489 -0.8534 -0.4996
vn 0.0770 -0.7440 -0.6638
vn 0.1871 -0.6124 -0.7681
vn 0.0923 -0.8166 -0.5698
vn 0.2139 -0.5530 -0.8053
vn 0.2071 -0.5065 -0.8370
vn 0.1756 -0.6923 -0.6999
vn 0.2092 -0.7175 -0.6644
vn 0.2538 -0.6469 -0.7191
vn 0.2279 -0.4822 -0.8459
vn 0.2625 -0.4588 -0.8489
vn 0.1960 -0.5278 -0.8265
vn 0.2418 -0.4834 -0.8414
vn 0.2683 -0.5016 -0.8225
vn 0.3643 -0.3372 -0.8681
vn 0.2241 -0.4699 -0.8538
vn 0.1883 -0.4742 -0.8601
vn 0.3247 -0.3476 -0.8796
vn 0.3505 -0.2769 -0.8947
vn 0.4039 -0.2413 -0.8824
vn 0.2916 -0.3638 -0.8847
vn 0.3822 -0.2536 -0.8886
vn 0.5364 0.5190 -0.6655
vn 0.5139 0.5405 -0.6661
vn 0.5208 0.4899 -0.6991
vn 0.3691 -0.2325 -0.8998
vn 0.3617 -0.2266 -0.9043
vn 0.3207 -0.2995 -0.8986
vn 0.5490 0.5322 -0.6445
vn 0.3428 -0.2205 -0.9132
vn 0.2981 -0.2462 -0.9222
vn 0.5193 0.2729 -0.8099
vn 0.3334 -0.1957 -0.9223
vn 0.6207 0.4749 -0.6239
vn 0.4984 0.8532 -0.1538
vn 0.4977 0.8671 0.0223
vn 0.4145 0.9095 0.0312
vn 0.3782 0.9257 -0.0088
vn 0.3705 0.9287 0.0129
vn 0.3296 0.9437 -0.0271
vn 0.3074 0.9516 0.0090
vn 0.2858 0.9582 0.0086
vn 0.2782 0.9604 0.0125
vn 0.3178 0.9477 0.0302
vn 0.3330 0.9425 0.0281
vn 0.2911 0.9566 0.0114
vn 0.3861 0.9220 0.0289
vn 0.4297 0.9029 0.0080
vn 0.4684 0.8824 0.0433
vn 0.3961 0.9174 0.0384
vn 0.4214 0.9059 0.0419
vn 0.4389 0.8968 0.0568
vn 0.3567 0.9338 0.0266
vn 0.3134 0.9494 0.0209
vn 0.3896 0.9203 0.0346
vn 0.3406 0.9400 0.0211
vn 0.3040 0.9526 0.0088
vn 0.3344 0.9419 0.0323
vn 0.3893 0.9198 0.0492
vn 0.4382 0.8968 0.0620
vn 0.4088 0.9112 0.0514
vn 0.3752 0.9259 0.0438
vn 0.3700 0.9274 0.0545
vn 0.3434 0.9390 0.0206
vn 0.3169 0.9484 -0.0013
vn 0.3776 0.9254 0.0312
vn 0.3590 0.9330 0.0242
vn 0.3993 0.9136 0.0761
vn 0.4028 0.9135 0.0576
vn 0.4456 0.8895 0.1009
vn 0.4694 0.8751 0.1177
vn 0.4589 0.8830 0.0983
vn 0.4011 0.9107 0.0984
vn 0.4858 0.8677 0.1057
vn 0.4369 0.8928 0.1093
vn 0.4478 0.8850 0.1277
vn 0.4851 0.8637 0.1365
vn 0.4243 0.8994 0.1051
vn 0.4336 0.8929 0.1214
vn 0.3721 0.9250 0.0771
vn 0.3981 0.9120 0.0988
vn 0.4236 0.8964 0.1308
vn 0.3827 0.9196 0.0885
vn 0.4080 0.9084 0.0912
vn 0.4365 0.8780 0.1966
vn 0.4274 0.9018 0.0635
vn 0.4091 0.9085 0.0858
vn 0.3954 0.9173 0.0464
vn 0.3911 0.9183 0.0612
vn 0.3847 0.9207 0.0651
vn 0.3756 0.9258 0.0424
vn 0.3705 0.9285 0.0241
vn 0.3813 0.9240 0.0294
vn 0.3937 0.9189 0.0264
vn 0.3685 0.9295 -0.0135
vn 0.4303 0.9026 0.0114
vn 0.4399 0.8979 0.0177
vn 0.5049 0.8631 0.0072
vn 0.3999 0.9159 0.0365
vn 0.4469 0.8943 0.0201
vn 0.4925 0.8702 -0.0096
vn 0.4977 0.8669 -0.0289
vn 0.5151 0.8568 -0.0227
vn 0.4017 0.9158 -0.0081
vn 0.3949 0.9172 0.0523
vn 0.5035 0.8634 -0.0315
vn 0.4765 0.8669 -0.1463
vn 0.4695 0.8822 -0.0354
vn 0.3997 0.9140 -0.0698
vn 0.3216 0.9376 0.1321
vn 0.2059 0.9779 -0.0357
vn 0.2182 0.9634 0.1557
vn 0.1172 0.9922 0.0421
vn 0.0673 0.9977 -0.0081
vn 0.0891 0.9948 0.0501
vn 0.1699 0.9799 0.1043
vn 0.2169 0.9731 0.0777
vn 0.1432 0.9874 0.0673
vn 0.1748 0.9792 0.1033
vn 0.0887 0.9951 0.0442
vn 0.1241 0.9882 0.0896
vn 0.1012 0.9882 0.1150
vn 0.1547 0.9765 0.1499
vn 0.0898 0.9937 0.0675
vn 0.1138 0.9928 0.0378
vn 0.1012 0.9904 0.0940
vn 0.0982 0.9948 0.0284
vn 0.0820 0.9956 0.0463
vn 0.0922 0.9950 0.0381
vn 0.0897 0.9957 0.0233
vn 0.0975 0.9950 0.0220
vn 0.0922 0.9955 0.0226
vn 0.0699 0.9974 0.0182
vn 0.1041 0.9934 0.0480
vn 0.0674 0.9975 0.0198
vn 0.0701 0.9967 0.0411
vn 0.0787 0.9931 0.0871
vn 0.0721 0.9959 0.0543
vn 0.1130 0.9927 0.0416
vn 0.0700 0.9911 0.1135
vn 0.1281 0.9916 0.0152
vn 0.1740 0.9837 -0.0447
vn 0.0875 0.9962 -0.0044
vn 0.1785 0.9830 0.0433
vn 0.1990 0.9800 0.0001
vn 0.1684 0.9833 0.0688
vn 0.1891 0.9815 -0.0293
vn 0.2102 0.9749 -0.0731
vn 0.1401 0.9896 0.0341
vn 0.1307 0.9909 -0.0331
vn 0.0830 0.9962 0.0266
vn 0.1015 0.9874 0.1214
vn 0.0574 0.9965 0.0611
vn 0.0328 0.9900 0.1374
vn -0.0000 0.9978 0.0662
vn 0.0173 0.9989 -0.0432
vn 0.0721 0.9972 -0.0196
vn -0.0812 0.9935 -0.0794
vn -0.0062 0.9851 -0.1719
vn -0.0617 0.9980 0.0114
vn 0.0994 0.9895 -0.1052
vn 0.0739 0.9796 -0.1870
vn 0.1718 0.9783 -0.1160
vn 0.2022 0.9642 -0.1717
vn 0.1350 0.9714 -0.1952
vn 0.1839 0.9540 -0.2366
vn 0.0865 0.9474 -0.3083
vn 0.1315 0.9385 -0.3194
vn 0.1147 0.9572 -0.2657
vn 0.0123 0.9771 -0.2126
vn 0.0215 0.9820 -0.1875
vn 0.1085 0.9747 -0.1953
vn 0.0536 0.9553 -0.2908
vn 0.0138 0.9379 -0.3465
vn 0.0552 0.9291 -0.3657
vn -0.0362 0.9838 -0.1755
vn -0.0538 0.9684 -0.2436
vn -0.0923 0.9871 -0.1307
vn -0.0446 0.9908 -0.1280
vn -0.0810 0.9927 -0.0898
vn -0.0425 0.9625 -0.2680
vn -0.0615 0.9414 -0.3315
vn 0.0031 0.9825 -0.1865
vn -0.1280 0.8720 -0.4724
vn -0.0387 0.9419 -0.3336
vn 0.0994 0.9463 -0.3075
vn -0.2068 0.8670 -0.4534
vn -0.2055 0.7646 -0.6108
vn -0.2117 0.7922 -0.5723
vn -0.1085 0.8428 -0.5271
vn -0.1553 0.8436 -0.5141
vn -0.0570 0.6364 -0.7692
vn -0.1462 0.8169 -0.5579
vn -0.2050 0.7576 -0.6197
vn 0.0526 0.9591 -0.2782
vn 0.1577 0.9763 -0.1479
vn -0.0067 0.4867 -0.8735
vn -0.1525 0.9028 -0.4020
vn -0.2282 0.2751 -0.9339
vn -0.3696 -0.1586 -0.9156
vn -0.1693 -0.2400 -0.9559
vn -0.1872 0.3275 -0.9261
vn -0.1121 0.9528 -0.2822
vn -0.1391 0.5663 -0.8123
vn -0.2127 0.7905 -0.5744
vn -0.1348 -0.1911 -0.9723
vn -0.1555 -0.0093 -0.9878
vn -0.1438 0.1635 -0.9760
vn -0.1727 -0.2215 -0.9597
vn -0.1402 -0.2382 -0.9610
vn -0.1524 -0.2486 -0.9565
vn -0.1554 -0.2478 -0.9563
vn -0.1349 -0.2708 -0.9531
vn -0.1705 -0.1948 -0.9659
vn -0.1614 -0.2620 -0.9515
vn -0.1916 -0.2591 -0.9467
vn -0.1343 -0.2721 -0.9528
vn -0.1626 -0.2460 -0.9555
vn -0.1675 -0.2825 -0.9445
vn -0.1945 -0.2206 -0.9558
vn -0.1588 -0.2664 -0.9507
vn -0.2012 -0.2283 -0.9526
vn -0.1686 -0.2391 -0.9562
vn -0.1941 -0.2282 -0.9541
vn -0.1702 -0.2703 -0.9476
vn -0.1558 -0.2322 -0.9601
vn -0.1640 -0.2467 -0.9551
vn -0.1914 -0.2558 -0.9476
vn -0.1398 -0.2828 -0.9490
vn -0.1824 -0.2815 -0.9421
vn -0.1412 -0.2912 -0.9462
vn -0.1851 -0.2467 -0.9512
vn -0.1652 -0.2484 -0.9545
vn -0.1434 -0.2591 -0.9552
vn -0.1011 -0.2676 -0.9582
vn -0.3083 0.4617 -0.8317
vn -0.3115 0.4371 -0.8438
vn -0.3323 0.4028 -0.8528
vn -0.2771 0.9019 -0.3313
vn -0.1826 0.9237 -0.3367
vn -0.2638 0.8672 -0.4223
vn -0.1719 0.8749 -0.4528
vn -0.2287 0.8468 -0.4802
vn -0.2825 0.8603 -0.4243
vn -0.2924 0.8008 -0.5227
vn -0.4241 0.7654 -0.4841
vn -0.4152 0.7524 -0.5114
vn -0.4405 0.6701 -0.5975
vn -0.4737 0.7851 -0.3990
vn -0.3123 0.8531 -0.4180
vn -0.3376 0.3723 -0.8645
vn -0.3045 0.3901 -0.8690
vn -0.1103 -0.2071 -0.9721
vn -0.3132 0.3493 -0.8831
vn -0.1186 -0.2971 -0.9474
vn -0.2845 0.8349 -0.4712
vn -0.2799 0.4008 -0.8724
vn -0.5098 0.7049 -0.4933
vn -0.2860 0.8106 -0.5110
vn -0.2629 0.8071 -0.5287
vn -0.2907 0.8052 -0.5169
vn -0.3707 0.7452 -0.5543
vn -0.2820 0.8145 -0.5070
vn -0.4244 0.8072 -0.4103
vn -0.3373 0.8534 -0.3974
vn -0.2849 0.7827 -0.5534
vn -0.4281 0.7662 -0.4792
vn -0.4267 0.7285 -0.5359
vn -0.5043 0.6091 -0.6121
vn -0.4602 0.7284 -0.5075
vn -0.3577 0.8195 -0.4476
vn -0.3977 0.8275 -0.3964
vn -0.4954 0.7305 -0.4700
vn -0.5127 0.7930 -0.3290
vn -0.4422 0.8367 -0.3232
vn -0.5651 0.7758 -0.2808
vn -0.5035 0.8171 -0.2807
vn -0.5356 0.7913 -0.2949
vn -0.5271 0.7961 -0.2971
vn -0.5835 0.7652 -0.2718
vn -0.3874 0.8485 -0.3604
vn -0.6616 0.7313 -0.1658
vn -0.6747 0.7297 -0.1110
vn -0.1439 0.9000 -0.4115
vn -0.3386 0.8884 -0.3101
vn -0.7423 0.6681 -0.0516
vn -0.4801 0.8360 -0.2656
vn -0.4840 0.8069 -0.3386
vn -0.7939 0.5926 -0.1365
vn -0.9444 0.0575 0.3238
vn -0.7087 0.6322 -0.3131
vn -0.7552 0.6535 -0.0515
vn -0.9798 0.1428 0.1401
vn -0.9886 0.1148 0.0972
vn -0.8513 -0.4326 0.2969
vn -0.7122 -0.6737 0.1973
vn -0.7629 -0.4591 0.4552
vn -0.6385 -0.6657 0.3863
vn -0.9120 -0.3926 0.1189
vn -0.7782 -0.6278 0.0167
vn -0.9508 -0.3098 0.0103
vn -0.9986 -0.0359 0.0379
vn -0.9291 -0.3196 -0.1861
vn -0.8101 -0.5651 -0.1560
vn -0.6524 -0.7166 -0.2467
vn -0.6470 -0.6808 -0.3433
vn -0.7723 -0.5092 -0.3798
vn -0.7050 -0.6946 -0.1435
vn -0.6716 -0.7348 -0.0948
vn -0.5941 -0.7981 -0.1006
vn -0.6110 -0.7877 -0.0787
vn -0.6708 -0.7342 0.1044
vn -0.6028 -0.7930 -0.0889
vn -0.5678 -0.8214 -0.0533
vn -0.6090 -0.7929 -0.0217
vn -0.5810 -0.8112 0.0662
vn -0.5283 -0.8154 0.2366
vn -0.5578 -0.8095 0.1831
vn -0.6150 -0.7790 0.1221
vn -0.6313 -0.7734 -0.0575
vn -0.4867 -0.8731 -0.0271
vn -0.5817 -0.8134 -0.0052
vn -0.6136 -0.7785 0.1316
vn -0.6391 -0.7674 -0.0509
vn -0.5725 -0.8185 0.0483
vn -0.5882 -0.8069 0.0537
vn -0.5947 -0.8034 0.0299
vn -0.5888 -0.8073 -0.0381
vn -0.5764 -0.7990 0.1716
vn -0.5850 -0.8008 0.1282
vn -0.5676 -0.8230 -0.0205
vn -0.5411 -0.8405 -0.0271
vn -0.5768 -0.8167 0.0153
vn -0.5499 -0.8282 -0.1082
vn -0.5172 -0.8538 -0.0596
vn -0.4250 -0.9005 0.0926
vn -0.4973 -0.8502 -0.1725
vn -0.3712 -0.9269 0.0558
vn -0.4529 -0.8870 -0.0903
vn -0.3420 -0.9396 0.0110
vn -0.4599 -0.8718 -0.1686
vn -0.4246 -0.9040 -0.0494
vn -0.4871 -0.8639 -0.1277
vn -0.4917 -0.8345 -0.2488
vn -0.5520 -0.7929 -0.2582
vn -0.5208 -0.8290 -0.2037
vn -0.5677 -0.7712 -0.2879
vn -0.5805 -0.7950 -0.1762
vn -0.5320 -0.8398 -0.1079
vn -0.5787 -0.7418 -0.3389
vn -0.5463 -0.8121 -0.2049
vn -0.5015 -0.8611 -0.0834
vn -0.8975 -0.4351 -0.0723
vn -0.9355 -0.3487 -0.0571
vn -0.4640 -0.8707 -0.1632
vn -0.7512 -0.6564 -0.0694
vn -0.9615 0.1382 0.2375
vn -0.8979 0.3502 0.2669
vn -0.7269 0.6241 0.2866
vn -0.9560 -0.1724 -0.2374
vn -0.6306 -0.6449 -0.4318
vn -0.9432 -0.1373 -0.3025
vn -0.5721 0.7839 0.2410
vn -0.5980 0.7949 0.1021
vn -0.3527 0.9242 0.1468
vn -0.3628 0.9130 0.1867
vn -0.4077 0.8903 0.2030
vn -0.7055 0.7058 0.0641
vn -0.4089 0.8380 0.3612
vn -0.7290 0.6441 0.2317
vn -0.9733 -0.0043 -0.2295
vn -0.4923 0.7887 0.3681
vn -0.9187 0.3938 0.0299
vn -0.6542 0.7375 0.1676
vn -0.9874 -0.0853 -0.1335
vn -0.8594 0.5112 0.0038
vn -0.5918 0.7953 0.1315
vn -0.7914 0.6064 0.0775
vn -0.5653 0.8239 0.0400
vn -0.5168 0.8313 0.2045
vn -0.4153 0.9095 0.0204
vn -0.4865 0.8450 -0.2222
vn -0.4415 0.8811 -0.1694
vn -0.4897 0.8320 -0.2608
vn -0.3502 0.9293 -0.1174
vn -0.3864 0.8887 -0.2469
vn -0.2499 0.9644 -0.0863
vn -0.2723 0.9428 -0.1920
vn -0.2292 0.9733 0.0120
vn -0.3264 0.9452 0.0106
vn -0.3366 0.9349 0.1126
vn -0.3496 0.8972 0.2700
vn -0.2452 0.9657 0.0855
vn -0.2655 0.9457 0.1874
vn -0.4019 0.8888 0.2201
vn -0.4084 0.8542 0.3218
vn -0.4434 0.8451 0.2987
vn -0.4606 0.8387 0.2907
vn -0.4436 0.8391 0.3148
vn -0.4496 0.8212 0.3515
vn -0.3884 0.7261 0.5673
vn -0.3385 0.8752 0.3456
vn -0.3642 0.8485 0.3838
vn -0.1254 0.9412 0.3137
vn -0.4784 0.8035 0.3542
vn -0.4215 0.8418 0.3371
vn -0.2538 0.8008 0.5425
vn 0.0669 0.9776 0.1998
vn -0.5456 0.4263 0.7215
vn -0.4057 0.7056 0.5810
vn -0.2841 0.8253 0.4880
vn -0.3160 0.7733 0.5497
vn -0.5440 0.4043 0.7352
vn -0.4578 0.6112 0.6457
vn -0.4655 0.6252 0.6264
vn -0.2987 0.7988 0.5222
vn -0.5310 0.3123 0.7877
vn -0.4701 0.6074 0.6403
vn -0.4956 0.5855 0.6416
vn -0.4929 0.7427 0.4534
vn -0.2277 0.8748 0.4276
vn -0.5367 0.6880 0.4884
vn -0.1883 0.8833 0.4294
vn -0.2848 0.7748 0.5645
vn -0.1601 0.9025 0.3998
vn -0.2513 0.8283 0.5008
vn -0.1493 0.8933 0.4239
vn -0.2198 0.8129 0.5393
vn -0.1856 0.8435 0.5040
vn -0.1488 0.8646 0.4799
vn -0.0753 0.9622 0.2618
vn -0.0149 0.9550 0.2962
vn 0.0728 0.9644 0.2541
vn -0.0056 0.9758 0.2184
vn 0.0209 0.9355 0.3526
vn -0.0507 0.9044 0.4236
vn -0.0752 0.9070 0.4144
vn -0.0265 0.9084 0.4172
vn -0.0090 0.9377 0.3473
vn 0.0605 0.9433 0.3265
vn 0.0968 0.9541 0.2835
vn 0.0868 0.9660 0.2437
vn 0.0443 0.9570 0.2867
vn 0.0478 0.9705 0.2361
vn -0.0153 0.9525 0.3042
vn 0.0238 0.9668 0.2544
vn 0.0359 0.9618 0.2714
vn 0.0321 0.9748 0.2205
vn -0.0038 0.9561 0.2929
vn 0.0043 0.9589 0.2836
vn -0.0541 0.9456 0.3209
vn 0.0417 0.9592 0.2796
vn 0.0350 0.9644 0.2621
vn 0.0451 0.9628 0.2664
vn 0.0580 0.9716 0.2295
vn 0.0773 0.9686 0.2361
vn 0.0232 0.9761 0.2161
vn 0.0456 0.9808 0.1895
vn 0.0132 0.9790 0.2034
vn 0.0592 0.9777 0.2013
vn 0.0317 0.9755 0.2179
vn 0.0619 0.9830 0.1730
vn 0.0860 0.9784 0.1881
vn 0.1573 0.9535 0.2572
vn 0.1412 0.9608 0.2387
vn 0.1434 0.9682 0.2053
vn 0.0809 0.9838 0.1602
vn 0.0894 0.9828 0.1617
vn 0.0883 0.9813 0.1709
vn 0.1024 0.9767 0.1884
vn 0.1162 0.9813 0.1533
vn 0.1052 0.9843 0.1419
vn 0.0935 0.9753 0.2001
vn 0.0893 0.9828 0.1615
vn 0.0651 0.9820 0.1772
vn 0.0499 0.9727 0.2265
vn 0.0368 0.9821 0.1847
vn 0.0658 0.9783 0.1964
vn 0.0898 0.9836 0.1565
vn 0.1314 0.9765 0.1709
vn 0.1898 0.9772 0.0955
vn 0.1198 0.9663 0.2280
vn 0.1373 0.9770 0.1634
vn 0.1467 0.9845 0.0963
vn 0.0553 0.9766 0.2079
vn 0.0884 0.9865 0.1378
vn 0.1366 0.9739 0.1816
vn 0.1577 0.9653 0.2081
vn 0.1491 0.9656 0.2130
vn 0.1722 0.9666 0.1895
vn 0.1942 0.9657 0.1725
vn 0.1454 0.9691 0.1993
vn 0.1880 0.9649 0.1833
vn 0.1767 0.9704 0.1645
vn 0.1098 0.9841 0.1395
vn 0.1170 0.9791 0.1660
vn 0.1352 0.9774 0.1626
vn 0.0872 0.9913 0.0986
vn 0.1855 0.9745 0.1263
vn 0.1591 0.9812 0.1089
vn 0.1123 0.9922 0.0548
vn 0.0604 0.9974 0.0405
vn 0.1427 0.9869 0.0751
vn 0.0275 0.9978 0.0597
vn 0.0596 0.9952 0.0775
vn 0.0011 0.9999 -0.0159
vn 0.0335 0.9994 -0.0049
vn 0.4586 0.8495 0.2608
vn 0.5189 0.6119 0.5969
vn 0.3127 0.8507 0.4224
vn 0.6585 0.4922 0.5693
vn 0.7292 0.4742 0.4934
vn 0.4560 0.8731 0.1726
vn 0.4646 0.8727 0.1501
vn 0.7609 0.5525 0.3402
vn 0.7560 0.3722 0.5385
vn 0.8101 0.5083 0.2921
vn 0.7556 0.5933 0.2778
vn 0.7698 0.3870 0.5076
vn 0.7586 0.5036 0.4134
vn 0.7079 0.6832 0.1791
vn 0.7973 0.4700 0.3786
vn 0.8249 0.4610 0.3270
vn 0.8498 0.4741 0.2304
vn 0.7219 0.5845 0.3705
vn 0.8162 0.5242 0.2431
vn 0.6981 0.6845 0.2100
vn 0.6808 0.7303 0.0569
vn 0.4357 0.8941 0.1034
vn 0.4470 0.8902 0.0878
vn 0.7043 0.6737 0.2236
vn 0.5826 0.8092 0.0759
vn 0.7089 0.6989 0.0949
vn 0.7108 0.6698 0.2149
vn 0.6170 0.7279 0.2991
vn 0.7596 0.6312 0.1571
vn 0.6358 0.7272 0.2589
vn 0.7298 0.5933 0.3397
vn 0.6638 0.7086 0.2391
vn 0.7792 0.6249 0.0490
vn 0.7009 0.7114 0.0509
vn 0.6520 0.7374 0.1768
vn 0.6667 0.7325 0.1377
vn 0.5041 0.8252 0.2549
vn 0.4480 0.8326 0.3256
vn 0.6980 0.7139 0.0562
vn 0.6636 0.7459 0.0574
vn 0.5520 0.8143 0.1793
vn 0.4481 0.8760 0.1782
vn 0.5679 0.8182 0.0892
vn 0.4774 0.8541 0.2063
vn 0.4615 0.8674 0.1863
vn 0.4452 0.8616 0.2439
vn 0.4324 0.8585 0.2757
vn 0.4401 0.8550 0.2744
vn 0.4261 0.8820 0.2012
vn 0.4701 0.8077 0.3559
vn 0.4524 0.8163 0.3591
vn 0.4490 0.8143 0.3678
vn 0.5236 0.7386 0.4246
vn 0.5302 0.7136 0.4580
vn 0.5933 0.5995 0.5372
vn 0.6185 0.5713 0.5394
vn 0.5165 0.7380 0.4343
vn 0.5938 0.6550 0.4673
vn 0.7225 0.5433 0.4276
vn 0.6072 0.6183 0.4989
vn 0.7527 0.5246 0.3979
vn 0.6819 0.5170 0.5175
vn 0.6038 0.5652 0.5621
vn 0.5357 0.7161 0.4474
vn 0.7110 0.5007 0.4938
vn 0.5143 0.4520 0.7288
vn 0.6767 0.6233 0.3919
vn 0.5067 0.8357 0.2118
vn 0.4150 0.7615 0.4978
vn 0.6416 0.7452 0.1819
vn 0.6987 0.4769 0.5333
vn 0.6589 0.4462 0.6057
vn 0.3557 0.7145 0.6025
vn 0.4120 0.7179 0.5611
vn 0.3951 0.7032 0.5912
vn 0.3094 0.7554 0.5777
vn 0.3220 0.8577 0.4008
vn 0.4341 0.7002 0.5668
vn 0.5909 0.0973 0.8009
vn 0.6769 0.7301 0.0941
vn 0.6161 0.7659 0.1839
vn 0.5479 0.8194 0.1687
vn 0.9638 -0.2117 -0.1621
vn 0.9389 -0.3350 -0.0796
vn 0.1556 -0.9163 0.3691
vn 0.1368 -0.8943 -0.4261
vn -0.0362 -0.9457 -0.3230
vn -0.0106 -0.9434 -0.3316
vn 0.0344 -0.9689 0.2452
vn 0.1004 -0.8620 0.4968
vn 0.1354 -0.9907 -0.0117
vn 0.2192 -0.8272 0.5174
vn 0.1268 -0.9919 -0.0031
vn -0.0553 -0.9290 0.3661
vn 0.1854 -0.8549 0.4844
vn 0.3125 -0.6902 0.6526
vn 0.2067 -0.9356 0.2861
vn 0.0056 -0.8946 0.4469
vn -0.0917 -0.7219 0.6859
vn -0.3838 -0.7350 0.5590
vn -0.3598 -0.7580 0.5440
vn -0.2437 -0.7799 0.5765
vn -0.1985 -0.9008 0.3862
vn -0.2384 -0.8452 0.4783
vn -0.2652 -0.8297 0.4911
vn -0.0546 -0.9853 0.1620
vn -0.0913 -0.9905 0.1031
vn -0.1193 -0.9748 -0.1885
vn -0.1311 -0.9868 -0.0955
vn 0.0443 -0.9896 -0.1368
vn -0.0038 -0.9986 -0.0528
vn 0.0096 -0.9973 -0.0727
vn 0.0829 -0.9943 -0.0664
vn 0.1023 -0.9935 0.0510
vn 0.0544 -0.9759 0.2114
vn -0.1264 -0.9905 0.0551
vn 0.1939 -0.9525 0.2350
vn -0.1052 -0.9618 0.2527
vn -0.2465 -0.9304 0.2711
vn -0.3303 -0.8415 0.4275
vn -0.3442 -0.8003 0.4909
vn -0.0694 -0.8672 0.4931
vn -0.1537 -0.6430 0.7503
vn -0.0963 -0.9911 0.0918
vn -0.0248 -0.9757 0.2176
vn -0.0934 -0.8567 0.5073
vn 0.1287 -0.9511 0.2807
vn 0.0353 -0.9747 0.2207
vn 0.1127 -0.9362 0.3329
vn -0.0162 -0.9367 0.3499
vn 0.6906 -0.3994 0.6030
vn 0.2957 0.0430 0.9543
vn -0.1349 -0.7378 0.6614
vn -0.2189 -0.7295 0.6480
vn -0.2295 -0.4427 0.8668
vn -0.2939 -0.7928 0.5340
vn -0.2194 -0.7908 0.5714
vn -0.1592 -0.7905 0.5914
vn -0.2719 -0.8274 0.4914
vn -0.2346 -0.6859 0.6888
vn -0.1689 -0.7104 0.6832
vn -0.3010 -0.6035 0.7384
vn -0.4468 -0.6810 0.5801
vn 0.3541 -0.5473 0.7583
vn 0.9498 -0.1058 0.2944
vn 0.3588 0.2489 0.8996
vn 0.2450 -0.8167 0.5225
vn 0.8776 0.0031 0.4795
vn 0.7277 0.6051 0.3230
vn 0.9719 0.0223 0.2341
vn 0.9411 -0.3382 0.0007
vn 0.8962 0.3346 0.2912
vn 0.5975 -0.7620 0.2498
vn 0.3346 -0.9130 -0.2334
vn 0.9610 0.1734 0.2155
vn 0.5778 -0.7867 -0.2172
vn 0.0893 -0.7632 -0.6400
vn -0.0561 -0.8614 -0.5048
vn 0.7367 -0.5385 0.4089
vn 0.6425 -0.7127 0.2815
vn -0.1052 -0.9944 0.0042
vn 0.8124 -0.3316 0.4797
vn -0.0866 -0.9962 -0.0048
vn 0.5439 0.6954 0.4696
vn 0.5221 0.3667 0.7700
vn 0.5895 0.5541 0.5878
vn 0.6172 0.4870 0.6180
vn 0.7723 0.5461 0.3245
vn 0.7863 0.5983 0.1541
vn 0.8717 0.4028 0.2792
vn 0.7565 0.6097 0.2365
vn 0.9269 -0.1968 0.3195
vn 0.7721 0.5604 0.2997
vn 0.7976 0.4591 0.3913
vn 0.8152 0.4724 0.3351
vn 0.8011 0.4996 0.3295
vn 0.8332 0.5034 0.2290
vn 0.8070 0.4487 0.3839
vn 0.7985 0.4286 0.4229
vn 0.7954 0.4311 0.4259
vn 0.8214 0.4638 0.3319
vn 0.8113 0.4400 0.3849
vn 0.7187 0.4975 0.4858
vn 0.7766 0.4927 0.3927
vn 0.7331 0.5351 0.4199
vn 0.8144 0.4967 0.3001
vn 0.4734 0.5610 0.6791
vn 0.5294 0.5245 0.6668
vn 0.4763 0.5194 0.7094
vn 0.6301 0.4791 0.6111
vn 0.7858 0.5454 0.2917
vn 0.6217 0.7672 0.1578
vn 0.6022 0.7793 -0.1734
vn 0.3729 0.9209 0.1133
vn 0.5306 0.7562 0.3828
vn 0.7042 0.5871 0.3993
vn 0.6988 0.5863 0.4097
vn 0.7327 0.5550 0.3938
vn 0.7540 0.4907 0.4366
vn 0.8104 0.4273 0.4010
vn 0.8113 0.3524 0.4664
vn 0.5767 0.3206 0.7514
vn 0.8677 0.2136 0.4488
vn 0.7812 0.3160 0.5384
vn 0.8416 0.1747 0.5110
vn 0.8659 0.3048 0.3966
vn 0.8365 0.2850 0.4680
vn 0.5949 0.5742 0.5625
vn 0.8251 0.2696 0.4965
vn 0.8162 0.3648 0.4481
vn 0.3944 0.8071 0.4394
vn 0.3893 0.8751 0.2874
vn 0.2897 0.8398 0.4591
vn 0.6206 0.5113 0.5945
vn 0.5095 0.6664 0.5443
vn 0.5594 0.6588 0.5031
vn 0.4658 0.7876 0.4034
vn 0.4899 0.6917 0.5306
vn 0.4316 0.8564 0.2835
vn 0.4632 0.8361 0.2940
vn 0.5007 0.8645 0.0438
vn 0.5077 0.8135 0.2837
vn 0.5517 0.8338 0.0183
vn 0.6276 0.7758 -0.0655
vn 0.8238 0.5627 -0.0689
vn 0.5607 0.8280 -0.0019
vn 0.5590 0.7763 0.2915
vn 0.4893 0.8415 0.2290
vn 0.6429 0.7109 0.2852
vn 0.4458 0.8853 0.1320
vn 0.4768 0.8728 0.1040
vn 0.4263 0.8987 0.1026
vn 0.4521 0.8684 0.2039
vn 0.4857 0.8531 0.1905
vn 0.5447 0.8000 0.2516
vn 0.5102 0.8418 0.1761
vn 0.6333 0.7281 0.2622
vn 0.5716 0.7953 0.2018
vn 0.5910 0.7583 0.2752
vn 0.6202 0.7046 0.3448
vn 0.7260 0.5893 0.3545
vn 0.6835 0.6452 0.3414
vn 0.7137 0.6016 0.3587
vn 0.7513 0.5105 0.4182
vn 0.7491 0.5711 0.3358
vn 0.6904 0.6613 0.2933
vn 0.7023 0.6684 0.2451
vn 0.7524 0.5592 0.3480
vn 0.6380 0.7394 0.2149
vn 0.5424 0.8284 0.1399
vn 0.6519 0.7315 0.1998
vn 0.5481 0.8226 0.1513
vn 0.7028 0.6613 0.2622
vn 0.6775 0.6965 0.2363
vn 0.6181 0.7696 0.1604
vn 0.6644 0.7152 0.2169
vn 0.5942 0.7931 0.1342
vn 0.5578 0.8248 0.0922
vn 0.5218 0.8469 0.1029
vn 0.5248 0.8484 0.0691
vn 0.4586 0.8871 0.0521
vn 0.4860 0.8719 0.0609
vn 0.5364 0.8408 0.0731
vn 0.4666 0.8823 0.0616
vn 0.5170 0.8514 0.0883
vn 0.4891 0.8690 0.0744
vn 0.5295 0.8446 0.0792
vn 0.5653 0.8186 0.1020
vn 0.5759 0.8125 0.0899
vn 0.6259 0.7748 0.0890
vn 0.6185 0.7761 0.1230
vn 0.6869 0.7061 0.1722
vn 0.6720 0.7290 0.1301
vn 0.7424 0.6175 0.2600
vn 0.7010 0.6978 0.1471
vn 0.6638 0.7382 0.1199
vn 0.7333 0.6529 0.1898
vn 0.7974 0.5328 0.2833
vn 0.7476 0.6230 0.2302
vn 0.7913 0.5205 0.3209
vn 0.7129 0.6431 0.2796
vn 0.7517 0.5651 0.3399
vn 0.7230 0.6167 0.3115
vn 0.7738 0.4894 0.4022
vn 0.8099 0.4264 0.4029
vn 0.8259 0.4539 0.3345
vn 0.8080 0.4105 0.4226
vn 0.8115 0.3987 0.4273
vn 0.8190 0.4111 0.4003
vn 0.8202 0.3885 0.4200
vn 0.7863 0.4104 0.4619
vn 0.7774 0.4467 0.4428
vn 0.7833 0.4265 0.4524
vn 0.7950 0.4100 0.4471
vn 0.7864 0.4107 0.4615
vn 0.7937 0.4338 0.4265
vn 0.8047 0.4040 0.4350
vn 0.6656 -0.5715 0.4800
vn 0.6629 -0.6497 0.3721
vn 0.8029 0.4178 0.4253
vn 0.8351 -0.3316 0.4390
vn 0.0556 -0.9950 0.0835
vn 0.8390 -0.4124 0.3549
vn 0.8757 -0.1828 0.4469
vn 0.0876 -0.9810 0.1731
vn 0.7861 -0.3709 0.4944
vn 0.8335 0.3563 0.4223
vn 0.8345 0.3885 0.3908
vn 0.8208 0.4283 0.3780
vn 0.8627 0.2636 0.4315
vn 0.8151 0.4590 0.3536
vn 0.7879 0.5022 0.3562
vn 0.8019 0.5198 0.2944
vn 0.8540 0.4241 0.3015
vn 0.8662 0.4013 0.2978
vn 0.9292 0.2848 0.2354
vn 0.8080 0.5360 0.2444
vn 0.8931 0.3818 0.2377
vn 0.9573 0.2769 0.0827
vn 0.9430 0.3129 0.1137
vn 0.9369 -0.3354 0.0987
vn 0.8246 -0.3801 0.4190
vn 0.9610 -0.2767 0.0014
vn 0.9755 -0.0673 -0.2092
vn 0.3519 -0.9271 -0.1293
vn 0.8927 -0.4322 -0.1275
vn 0.1543 -0.9875 0.0323
vn 0.6079 -0.7819 -0.1378
vn 0.1665 -0.9780 0.1257
vn -0.1775 -0.9814 0.0735
vn 0.5143 -0.8078 0.2880
vn -0.1820 -0.9830 0.0257
vn -0.1715 -0.9847 0.0301
vn -0.1911 -0.9816 0.0003
vn -0.1514 -0.9856 0.0755
vn -0.1669 -0.9857 0.0236
vn -0.1366 -0.9890 0.0561
vn -0.1520 -0.9883 -0.0131
vn -0.1289 -0.9911 -0.0337
vn -0.1454 -0.9893 -0.0120
vn -0.1127 -0.9934 -0.0226
vn -0.2151 -0.9766 0.0005
vn -0.1143 -0.9932 0.0208
vn -0.1027 -0.9939 0.0408
vn -0.1011 -0.9931 0.0589
vn -0.0880 -0.9960 0.0139
vn -0.0729 -0.9973 -0.0044
vn -0.0655 -0.9977 -0.0169
vn -0.0478 -0.9984 -0.0286
vn -0.0409 -0.9991 0.0151
vn -0.0502 -0.9987 -0.0133
vn -0.0145 -0.9999 0.0054
vn -0.0524 -0.9986 -0.0080
vn -0.0561 -0.9984 -0.0088
vn -0.0147 -0.9998 0.0109
vn -0.0409 -0.9992 0.0044
vn 0.0093 -0.9994 0.0327
vn -0.0209 -0.9993 0.0310
vn -0.0289 -0.9995 -0.0135
vn 0.0280 -0.9994 -0.0211
vn 0.0037 -0.9998 -0.0212
vn -0.0348 -0.9993 -0.0103
vn -0.0573 -0.9983 -0.0064
vn -0.0646 -0.9979 0.0001
vn -0.0702 -0.9975 -0.0077
vn -0.0631 -0.9978 -0.0215
vn -0.0862 -0.9961 -0.0192
vn -0.1074 -0.9942 -0.0030
vn -0.0808 -0.9967 -0.0000
vn -0.1093 -0.9939 -0.0153
vn -0.1004 -0.9945 -0.0286
vn -0.1244 -0.9922 -0.0111
vn -0.0737 -0.9968 -0.0316
vn 0.1492 -0.9847 0.0895
vn 0.9276 -0.1535 0.3407
vn -0.0011 -0.8681 -0.4963
vn -0.0348 -0.9991 0.0239
vn -0.0763 -0.8850 -0.4593
vn -0.0534 -0.9911 0.1220
vn -0.2842 -0.8705 -0.4018
vn -0.2447 -0.8328 -0.4965
vn -0.1297 -0.7695 -0.6253
vn -0.3995 -0.9166 -0.0153
vn -0.0253 -0.8486 -0.5284
vn -0.3955 -0.9167 0.0569
vn -0.3186 -0.9452 -0.0705
vn -0.2256 -0.9226 0.3129
vn -0.3354 -0.9392 -0.0732
vn -0.2250 -0.9730 0.0519
vn -0.1970 -0.9667 0.1632
vn -0.1823 -0.9815 -0.0588
vn -0.0093 -0.9468 0.3217
vn -0.1865 -0.9426 0.2769
vn -0.2222 -0.9305 0.2913
vn 0.0641 -0.9785 0.1962
vn -0.0132 -0.9907 0.1357
vn 0.0155 -0.9998 0.0119
vn 0.0908 -0.9956 -0.0209
vn 0.0760 -0.9967 -0.0296
vn 0.0750 -0.9972 -0.0076
vn 0.1361 -0.9905 -0.0212
vn 0.1268 -0.9908 -0.0463
vn 0.1814 -0.9834 -0.0040
vn 0.2056 -0.9783 -0.0238
vn 0.1148 -0.9927 0.0384
vn 0.3056 -0.9517 -0.0303
vn 0.2840 -0.9572 -0.0563
vn 0.1758 -0.9834 0.0450
vn 0.2662 -0.9637 0.0204
vn 0.3296 -0.9440 0.0137
vn 0.2380 -0.9399 0.2447
vn 0.3787 -0.9237 0.0573
vn 0.3706 -0.9284 0.0270
vn 0.3942 -0.9173 0.0563
vn 0.3226 -0.8955 0.3067
vn 0.3341 -0.9419 0.0335
vn 0.1618 -0.9848 0.0628
vn -0.0368 -0.9353 0.3519
vn 0.3112 -0.9503 -0.0064
vn 0.0141 -0.9593 0.2819
vn 0.4030 -0.9102 0.0955
vn -0.0276 -0.8730 0.4869
vn -0.3884 -0.6333 0.6694
vn -0.3982 -0.6773 0.6186
vn -0.3605 -0.7725 0.5228
vn -0.3122 -0.7324 0.6051
vn -0.3882 -0.7033 0.5956
vn -0.2525 -0.7107 0.6567
vn -0.3440 -0.5363 0.7708
vn -0.2862 -0.5971 0.7494
vn -0.2743 -0.3181 0.9075
vn -0.2947 -0.3623 0.8843
vn -0.2247 -0.4562 0.8610
vn 0.0580 -0.5085 0.8591
vn -0.3483 -0.3755 0.8589
vn 0.0300 -0.5133 0.8577
vn -0.2704 -0.5169 0.8122
vn -0.3033 -0.5043 0.8085
vn -0.2411 -0.6406 0.7290
vn -0.2498 -0.7252 0.6417
vn -0.1735 -0.7005 0.6923
vn -0.1549 -0.4834 0.8616
vn -0.2015 -0.6082 0.7678
vn -0.2417 -0.4775 0.8448
vn -0.1588 -0.6167 0.7710
vn -0.2430 -0.6140 0.7510
vn -0.2165 -0.4583 0.8620
vn -0.2293 -0.4642 0.8556
vn -0.2174 -0.3683 0.9039
vn -0.1710 -0.4371 0.8830
vn -0.1950 -0.4594 0.8665
vn -0.3163 -0.3745 0.8716
vn -0.1001 -0.6487 0.7544
vn -0.1946 -0.6288 0.7528
vn -0.3949 -0.3210 0.8608
vn -0.3686 -0.2790 0.8868
vn -0.0745 -0.5201 0.8509
vn -0.1991 -0.1795 0.9634
vn -0.3165 -0.4329 0.8440
vn -0.2256 -0.6271 0.7455
vn 0.2101 -0.8962 0.3907
vn 0.1307 -0.8749 0.4664
vn 0.1427 -0.9202 0.3644
vn 0.3524 -0.9278 0.1223
vn 0.3300 -0.9107 0.2486
vn 0.2488 -0.8622 0.4412
vn 0.2489 -0.9397 0.2346
vn -0.1724 -0.8488 0.4999
vn -0.0118 -0.5770 0.8167
vn 0.1600 -0.8429 0.5137
vn -0.0593 -0.9274 0.3693
vn -0.4904 -0.5417 0.6827
vn -0.4509 -0.6657 0.5945
vn -0.1330 -0.9294 0.3444
vn 0.0892 -0.9693 0.2293
vn -0.2217 -0.8642 0.4517
vn -0.3078 -0.8132 0.4940
vn -0.2242 -0.5752 0.7867
vn -0.3081 -0.4350 0.8461
vn -0.1964 -0.3906 0.8994
vn -0.3296 -0.7135 0.6183
vn -0.2138 -0.7762 0.5931
vn -0.1678 -0.8689 0.4658
vn -0.1481 -0.7762 0.6128
vn -0.3880 -0.5760 0.7195
vn -0.2168 -0.8386 0.4997
vn -0.6863 -0.5754 0.4448
vn -0.5873 -0.7347 0.3396
vn -0.2996 -0.7467 0.5939
vn -0.4446 -0.8957 -0.0050
vn -0.1506 -0.9803 0.1276
vn -0.0884 -0.9762 -0.1981
vn -0.2208 -0.9594 0.1755
vn -0.2431 -0.8233 0.5129
vn -0.2828 -0.9109 0.3004
vn -0.2245 -0.7375 0.6370
vn -0.3882 -0.6394 0.6637
vn -0.2229 -0.7707 0.5970
vn -0.4192 -0.7050 0.5720
vn -0.2445 -0.4964 0.8329
vn -0.1115 -0.6465 0.7547
vn -0.2113 -0.4697 0.8572
vn -0.0216 -0.8440 0.5360
vn -0.1749 -0.5607 0.8094
vn -0.2776 -0.7269 0.6281
vn -0.3653 -0.7626 0.5338
vn -0.2971 -0.6416 0.7072
vn -0.4504 -0.7270 0.5184
vn -0.1797 -0.6795 0.7113
vn -0.3113 -0.7494 0.5844
vn -0.2393 -0.5648 0.7898
vn -0.2393 -0.5976 0.7653
vn -0.1211 -0.5158 0.8481
vn -0.0672 -0.5068 0.8594
vn 0.0055 -0.5022 0.8647
vn -0.1128 -0.9328 0.3423
vn -0.1941 -0.8123 0.5500
vn -0.0925 -0.8639 0.4951
vn -0.1625 -0.9694 0.1842
vn -0.1618 -0.9852 0.0561
vn -0.1634 -0.9842 0.0674
vn -0.1378 -0.9832 0.1196
vn -0.2053 -0.9691 -0.1372
vn -0.2314 -0.9604 -0.1549
vn -0.2309 -0.9567 -0.1771
vn -0.2687 -0.9328 -0.2403
vn -0.2256 -0.9490 -0.2204
vn -0.2615 -0.9547 -0.1421
vn -0.2173 -0.9713 -0.0965
vn -0.1003 -0.9908 -0.0913
vn -0.3191 -0.9434 -0.0903
vn -0.2983 -0.9545 0.0038
vn 0.0302 -0.9995 0.0007
vn 0.0865 -0.9961 0.0187
vn 0.2992 -0.9541 0.0119
vn 0.1849 -0.9827 0.0051
vn 0.0035 -0.9948 0.1022
vn -0.1034 -0.9363 0.3357
vn -0.1847 -0.7885 0.5867
vn -0.3088 -0.6488 0.6955
vn -0.2319 -0.6194 0.7501
vn -0.1164 -0.5711 0.8126
vn 0.3839 -0.9208 -0.0688
vn 0.3167 -0.9474 -0.0469
vn 0.3364 -0.9416 -0.0151
vn 0.1508 -0.9784 -0.1414
vn 0.3645 -0.9232 -0.1217
vn 0.3092 -0.9449 -0.1071
vn 0.2502 -0.9659 -0.0663
vn 0.2258 -0.9740 -0.0171
vn 0.1726 -0.9804 -0.0946
vn 0.2327 -0.9669 -0.1047
vn 0.2120 -0.9722 -0.0999
vn 0.1926 -0.9812 -0.0117
vn 0.1743 -0.9765 -0.1267
vn -0.0102 -0.9985 -0.0543
vn 0.1087 -0.9830 -0.1478
vn 0.0020 -0.9953 -0.0970
vn -0.0202 -0.9911 -0.1314
vn -0.1017 -0.9865 -0.1284
vn -0.0256 -0.9916 -0.1266
vn 0.0289 -0.9898 -0.1393
vn -0.0284 -0.9962 -0.0824
vn -0.1765 -0.9786 -0.1062
vn -0.1368 -0.9783 -0.1556
vn 0.0655 -0.9441 0.3231
vn -0.1638 -0.9817 -0.0971
vn -0.1622 -0.9849 -0.0597
vn -0.1738 -0.9474 0.2687
vn -0.1766 -0.9331 0.3131
vn -0.3248 -0.8767 0.3548
vn -0.2835 -0.9289 0.2383
vn -0.1520 -0.7774 0.6103
vn -0.2282 -0.6106 0.7583
vn -0.0870 -0.8512 0.5175
vn -0.1450 -0.9866 -0.0754
vn -0.2273 -0.8947 0.3845
vn -0.1966 -0.7594 0.6202
vn -0.2897 -0.8175 0.4978
vn -0.2537 -0.9510 -0.1766
vn -0.2917 -0.9463 -0.1393
vn -0.2950 -0.9263 -0.2342
vn -0.0965 -0.9936 -0.0583
vn -0.3107 -0.9383 -0.1517
vn -0.3604 -0.9320 -0.0377
vn -0.3089 -0.9355 -0.1716
vn -0.1315 -0.9726 -0.1916
vn -0.3328 -0.9386 -0.0910
vn -0.2249 -0.9711 -0.0796
vn -0.2568 -0.9656 -0.0416
vn -0.0505 -0.9640 0.2612
vn 0.0730 -0.9625 0.2612
vn -0.2193 -0.9751 -0.0346
vn -0.3311 -0.9414 0.0645
vn -0.3286 -0.9368 0.1198
vn -0.3040 -0.8516 0.4271
vn -0.2141 -0.9580 0.1907
vn -0.2843 -0.8324 0.4756
vn -0.0447 -0.9981 0.0417
vn 0.0097 -0.9819 0.1892
vn 0.0909 -0.9674 0.2364
vn 0.2336 -0.9253 -0.2988
vn 0.1639 -0.9780 -0.1289
vn 0.1891 -0.9455 -0.2649
vn -0.0416 -0.7617 -0.6466
vn -0.2522 -0.9554 -0.1539
vn -0.1904 -0.5560 -0.8091
vn -0.2153 -0.8110 -0.5439
vn -0.2642 -0.5230 -0.8103
vn -0.2776 -0.5174 -0.8095
vn -0.2897 -0.4686 -0.8346
vn -0.2537 -0.4758 -0.8422
vn -0.2930 -0.4273 -0.8553
vn -0.1989 -0.4989 -0.8435
vn -0.2516 -0.4255 -0.8693
vn -0.3105 -0.3676 -0.8766
vn -0.1992 -0.4682 -0.8609
vn -0.2631 -0.3773 -0.8879
vn -0.3071 -0.3549 -0.8830
vn -0.3086 -0.3056 -0.9008
vn -0.3540 -0.3261 -0.8766
vn -0.2281 -0.4343 -0.8714
vn -0.4067 -0.8735 -0.2677
vn -0.4753 -0.8186 -0.3226
vn -0.3280 -0.8782 0.3482
vn -0.4852 -0.7992 -0.3547
vn -0.3258 -0.8342 0.4449
vn -0.2810 -0.8883 0.3632
vn -0.2877 -0.9388 0.1894
vn -0.3328 -0.9034 0.2704
vn -0.2631 -0.8294 0.4928
vn -0.2341 -0.8695 0.4350
vn -0.2958 -0.9239 -0.2427
vn -0.2449 -0.7994 0.5487
vn -0.2209 -0.9736 -0.0577
vn -0.2653 -0.9445 0.1938
vn -0.2984 -0.9500 0.0922
vn -0.2595 -0.9573 -0.1276
vn -0.2712 -0.9490 -0.1606
vn -0.2722 -0.9372 -0.2182
vn -0.2845 -0.9304 -0.2312
vn -0.2691 -0.9362 -0.2260
vn -0.3079 -0.9168 0.2541
vn -0.4467 -0.8278 0.3395
vn -0.4265 -0.7763 0.4642
vn -0.3400 -0.8035 0.4886
vn -0.2095 -0.9768 0.0445
vn -0.2127 -0.9589 0.1878
vn -0.2741 -0.9617 0.0043
vn -0.1354 -0.9896 0.0484
vn -0.2519 -0.9324 0.2590
vn -0.2027 -0.9759 -0.0813
vn -0.1159 -0.9856 -0.1233
vn -0.1530 -0.9733 -0.1709
vn -0.1203 -0.9717 -0.2034
vn -0.1008 -0.9864 -0.1298
vn -0.2006 -0.9478 -0.2478
vn -0.1619 -0.9522 -0.2589
vn -0.2448 -0.9661 0.0824
vn -0.2020 -0.9569 0.2087
vn -0.0827 -0.9763 -0.2000
vn -0.0959 -0.9954 0.0021
vn -0.2121 -0.9649 -0.1548
vn -0.1515 -0.9884 0.0089
vn -0.1222 -0.9923 0.0223
vn -0.1970 -0.9741 -0.1111
vn -0.2934 -0.9517 -0.0900
vn -0.3825 -0.9239 0.0015
vn -0.4687 -0.8822 -0.0455
vn -0.4706 -0.8807 0.0538
vn -0.5876 -0.8086 -0.0281
vn -0.3455 -0.7337 -0.5851
vn -0.4659 -0.8814 -0.0775
vn -0.4848 -0.8677 -0.1100
vn -0.6699 -0.7285 -0.1434
vn -0.5501 -0.8311 -0.0813
vn -0.4938 -0.8670 -0.0670
vn -0.5618 -0.8269 -0.0245
vn -0.5070 -0.8599 -0.0594
vn -0.5161 -0.8557 0.0379
vn -0.4610 -0.8874 -0.0009
vn -0.6569 -0.7436 0.1245
vn -0.5795 -0.8025 0.1420
vn -0.4889 -0.8723 0.0072
vn -0.7167 -0.6303 0.2984
vn -0.5287 -0.8275 0.1889
vn -0.4847 -0.8671 0.1150
vn -0.6909 -0.5846 0.4253
vn -0.5314 -0.7961 0.2895
vn -0.1647 -0.9819 -0.0933
vn -0.1648 -0.9862 -0.0178
vn -0.3991 -0.7900 0.4655
vn -0.0875 -0.9902 0.1090
vn -0.2034 -0.9737 0.1031
vn -0.1398 -0.9614 0.2370
vn -0.1195 -0.8847 -0.4506
vn -0.2321 -0.8316 -0.5046
vn -0.1779 -0.2302 -0.9568
vn -0.2455 -0.8285 -0.5033
vn -0.2669 -0.8243 -0.4993
vn -0.2399 -0.9369 0.2542
vn -0.2096 -0.2155 -0.9538
vn -0.3489 -0.7992 -0.4895
vn -0.1815 -0.2765 -0.9437
vn -0.3533 -0.8693 0.3458
vn -0.3676 -0.8418 -0.3953
vn -0.2614 -0.2949 -0.9191
vn -0.5575 -0.2354 -0.7961
vn -0.2725 -0.2294 -0.9344
vn -0.4047 -0.2123 -0.8894
vn -0.1957 -0.2151 -0.9568
vn -0.1916 -0.2202 -0.9564
vn -0.2216 -0.2604 -0.9397
vn -0.1747 -0.2174 -0.9603
vn -0.1913 -0.2210 -0.9563
vn -0.5450 -0.2648 -0.7956
vn -0.1707 -0.1999 -0.9648
vn -0.1884 -0.1987 -0.9618
vn -0.5715 -0.0638 -0.8181
vn -0.3846 -0.2106 -0.8987
vn -0.6180 0.2203 -0.7547
vn -0.4336 -0.2728 -0.8589
vn -0.5554 -0.2098 -0.8047
vn -0.4410 -0.2853 -0.8510
vn -0.6888 -0.2402 -0.6840
vn -0.4853 -0.2114 -0.8484
vn -0.6164 -0.3372 -0.7116
vn -0.6111 -0.1409 -0.7789
vn -0.4501 -0.2233 -0.8646
vn -0.3895 -0.2673 -0.8814
vn -0.3388 -0.3539 -0.8718
vn -0.3073 -0.3503 -0.8848
vn -0.3426 -0.3571 -0.8690
vn -0.3712 -0.3018 -0.8781
vn -0.3753 -0.3244 -0.8683
vn -0.4241 -0.2921 -0.8572
vn -0.4340 -0.2557 -0.8639
vn -0.4706 -0.2990 -0.8302
vn -0.4504 0.0152 -0.8927
vn -0.5896 0.0191 -0.8074
vn -0.4586 -0.1181 -0.8808
vn -0.4606 -0.0533 -0.8860
vn -0.6033 -0.1649 -0.7803
vn -0.4894 -0.2971 -0.8199
vn -0.4588 -0.2972 -0.8373
vn -0.3704 0.2390 -0.8976
vn -0.3207 0.3929 -0.8619
vn 0.0106 0.8812 -0.4726
vn -0.3158 0.5439 -0.7775
vn -0.0696 0.9121 -0.4041
vn -0.7184 -0.0425 -0.6943
vn -0.5273 -0.2340 -0.8168
vn -0.2426 0.0934 -0.9656
vn -0.3299 -0.1893 -0.9248
vn -0.5115 0.0857 -0.8550
vn -0.3207 -0.3536 -0.8787
vn -0.3897 -0.3996 -0.8297
vn -0.1727 -0.2458 -0.9538
vn -0.1669 -0.2256 -0.9598
vn -0.4169 -0.1734 -0.8923
vn -0.5790 -0.1100 -0.8079
vn -0.6825 0.1983 -0.7035
vn -0.6028 -0.4660 -0.6476
vn -0.1725 0.9340 -0.3130
vn -0.0955 0.6240 -0.7756
vn 0.0919 0.8546 -0.5110
vn -0.0207 0.3665 -0.9302
vn -0.3007 0.6947 -0.6535
vn 0.1342 0.8574 -0.4969
vn -0.1496 0.3043 -0.9407
vn -0.0790 0.9714 -0.2241
vn -0.2592 0.9642 -0.0558
vn -0.2784 0.8944 -0.3500
vn -0.1633 0.9180 -0.3615
vn 0.0435 0.9896 -0.1373
vn 0.0274 0.9945 -0.1007
vn 0.0461 0.9867 -0.1561
vn 0.1091 0.9716 -0.2102
vn 0.0364 0.9922 -0.1194
vn 0.0513 0.9922 -0.1140
vn 0.0077 0.9846 -0.1747
vn -0.0129 0.9677 -0.2519
vn 0.0884 0.9927 -0.0820
vn 0.0351 0.9982 -0.0488
vn 0.0597 0.9944 -0.0875
vn 0.0651 0.9910 -0.1170
vn 0.0650 0.9911 -0.1158
vn 0.0843 0.9908 -0.1059
vn 0.0472 0.9925 -0.1128
vn 0.0891 0.9884 -0.1228
vn 0.0573 0.9930 -0.1037
vn 0.0846 0.9914 -0.1003
vn 0.0640 0.9941 -0.0880
vn 0.1025 0.9912 -0.0838
vn 0.0774 0.9968 -0.0180
vn 0.0830 0.9962 -0.0248
vn 0.0979 0.9948 -0.0295
vn 0.0808 0.9965 0.0205
vn 0.0795 0.9967 0.0191
vn 0.1191 0.9897 -0.0793
vn 0.2280 0.9649 -0.1306
vn 0.1170 0.9879 -0.1023
vn 0.2045 0.9696 -0.1346
vn 0.1009 0.9889 -0.1090
vn 0.0884 0.9874 -0.1312
vn 0.0739 0.9926 -0.0963
vn 0.2256 0.9620 -0.1541
vn 0.3070 0.9392 -0.1539
vn 0.3536 0.9166 -0.1864
vn 0.1643 0.9791 -0.1199
vn 0.3479 0.9178 -0.1912
vn 0.3804 0.9096 -0.1668
vn 0.4018 0.8939 -0.1990
vn 0.4153 0.8926 -0.1756
vn 0.3969 0.9070 -0.1408
vn 0.4362 0.8839 -0.1686
vn 0.3778 0.9146 -0.1441
vn 0.3558 0.9266 -0.1219
vn 0.3527 0.9281 -0.1191
vn 0.3300 0.9367 -0.1170
vn 0.3650 0.9232 -0.1207
vn 0.3813 0.9206 -0.0843
vn 0.3142 0.9461 -0.0787
vn 0.2709 0.8617 -0.4290
vn 0.3363 0.8326 -0.4401
vn 0.2405 0.9665 -0.0898
vn 0.2427 0.8725 -0.4240
vn 0.1195 0.9909 -0.0621
vn 0.0939 0.9930 -0.0721
vn 0.1483 0.8860 -0.4393
vn 0.0612 0.9958 -0.0679
vn 0.2307 0.6123 -0.7562
vn 0.0840 0.9000 -0.4278
vn 0.2304 0.7013 -0.6746
vn 0.2371 0.7317 -0.6390
vn 0.0612 0.8578 -0.5104
vn 0.1981 0.8048 -0.5595
vn 0.2309 0.8360 -0.4977
vn 0.1974 0.9196 -0.3397
vn 0.1910 0.8998 -0.3923
vn 0.1444 0.9521 -0.2696
vn 0.1560 0.9455 -0.2859
vn 0.2026 0.8616 -0.4654
vn 0.1491 0.9430 -0.2974
vn 0.1500 0.9343 -0.3234
vn 0.1079 0.9667 -0.2319
vn 0.0741 0.9726 -0.2205
vn 0.1021 0.9743 -0.2008
vn 0.0518 0.9787 -0.1987
vn 0.0386 0.9817 -0.1863
vn 0.0384 0.9820 -0.1847
vn 0.0091 0.9870 -0.1605
vn 0.0039 0.9907 -0.1357
vn 0.0260 0.9856 -0.1672
vn -0.0194 0.9888 -0.1482
vn 0.0271 0.9915 -0.1276
vn 0.0034 0.9969 -0.0787
vn 0.0778 0.9903 -0.1148
vn 0.0734 0.9956 -0.0581
vn 0.1167 0.9930 -0.0200
vn 0.0631 0.9972 -0.0408
vn 0.1441 0.9891 -0.0288
vn 0.1231 0.9904 -0.0622
vn 0.1340 0.9860 -0.0992
vn 0.1747 0.9843 -0.0260
vn 0.1898 0.9818 -0.0019
vn 0.1823 0.9830 -0.0231
vn 0.2070 0.9783 -0.0102
vn 0.2077 0.9780 -0.0189
vn 0.1770 0.9794 -0.0976
vn 0.2264 0.8475 -0.4800
vn 0.2565 0.9518 -0.1684
vn 0.2899 0.9497 -0.1180
vn 0.1974 0.9784 -0.0618
vn 0.2509 0.9619 -0.1083
vn 0.1931 0.9796 -0.0554
vn 0.2411 0.9676 -0.0754
vn 0.2336 0.9713 -0.0454
vn 0.2204 0.9750 -0.0272
vn 0.2458 0.9693 -0.0061
vn 0.2718 0.9623 -0.0135
vn 0.2961 0.9548 -0.0276
vn 0.2991 0.9541 -0.0132
vn 0.2859 0.9583 -0.0007
vn 0.2849 0.9585 0.0063
vn 0.2950 0.9555 -0.0024
vn 0.2904 0.9567 0.0213
vn 0.2748 0.9615 0.0074
vn 0.2535 0.9673 -0.0026
vn 0.2774 0.9607 0.0036
vn 0.2959 0.9551 0.0146
vn 0.2490 0.9685 0.0024
vn 0.2282 0.9736 0.0117
vn 0.2538 0.9672 0.0113
vn 0.2689 0.9631 0.0105
vn 0.2901 0.9569 -0.0128
vn 0.5100 0.5681 -0.6459
vn 0.5104 0.5639 -0.6493
vn 0.4741 0.5792 -0.6632
vn 0.4338 -0.2306 -0.8710
vn 0.2200 0.9754 0.0104
vn 0.1529 0.9882 -0.0071
vn 0.4520 0.6108 -0.6501
vn 0.0910 0.9958 0.0104
vn 0.0189 0.9996 -0.0190
vn -0.0161 0.9994 -0.0305
vn 0.3901 0.6819 -0.6188
vn 0.3198 0.8150 -0.4833
vn 0.5096 0.1655 -0.8443
vn 0.5630 0.1279 -0.8165
vn 0.3583 0.8027 -0.4768
vn 0.6277 0.1747 -0.7586
vn 0.5308 -0.3760 -0.7595
vn 0.3993 -0.2823 -0.8723
vn -0.0784 0.6431 -0.7618
vn 0.2594 0.5741 -0.7766
vn 0.1895 -0.4149 -0.8899
vn -0.3196 0.4841 -0.8146
vn -0.0817 0.6337 -0.7692
vn -0.2712 -0.2974 -0.9154
vn 0.2267 -0.3076 -0.9241
vn 0.1624 -0.3422 -0.9255
vn 0.5345 -0.3460 -0.7711
vn 0.5287 -0.3262 -0.7836
vn 0.0113 -0.4289 -0.9033
vn 0.0009 -0.4280 -0.9038
vn -0.4971 -0.4286 -0.7544
vn -0.5158 -0.4112 -0.7516
vn -0.4740 -0.4040 -0.7824
vn -0.4779 -0.4250 -0.7688
vn -0.4947 -0.3539 -0.7937
vn -0.4476 -0.3743 -0.8121
vn -0.5592 0.3614 -0.7461
vn -0.4638 0.3018 -0.8330
vn -0.1279 0.9536 -0.2726
vn -0.3227 0.4635 -0.8252
vn -0.4724 -0.3253 -0.8192
vn -0.4693 -0.3222 -0.8222
vn -0.4414 -0.3835 -0.8112
vn -0.4353 -0.4178 -0.7975
vn -0.4156 -0.4156 -0.8090
vn -0.4346 -0.3525 -0.8288
vn -0.4334 -0.4072 -0.8039
vn -0.4425 -0.4204 -0.7921
vn -0.4549 -0.4196 -0.7855
vn -0.4411 -0.4655 -0.7673
vn -0.4026 -0.4582 -0.7925
vn -0.4378 -0.4666 -0.7685
vn -0.4483 -0.4790 -0.7547
vn -0.4815 -0.4504 -0.7519
vn -0.4119 -0.4950 -0.7651
vn -0.3817 -0.4823 -0.7885
vn -0.4922 -0.4680 -0.7339
vn -0.5246 -0.4718 -0.7086
vn -0.3050 -0.8111 -0.4991
vn -0.3892 -0.4632 -0.7962
vn -0.3511 -0.4891 -0.7984
vn -0.3708 -0.4503 -0.8122
vn -0.3285 -0.5037 -0.7990
vn -0.3182 -0.4723 -0.8220
vn -0.2425 -0.8429 -0.4803
vn -0.0702 -0.9790 -0.1915
vn -0.0704 -0.9197 -0.3862
vn 0.0651 -0.9979 -0.0030
vn -0.1227 -0.9921 -0.0268
vn 0.0101 -0.9964 0.0845
vn 0.0103 -0.9961 0.0876
vn 0.0411 -0.9944 0.0978
vn 0.0004 -0.9977 0.0674
vn 0.0039 -0.9969 0.0788
vn 0.1068 -0.9941 0.0176
vn -0.0852 -0.9959 -0.0295
vn 0.0441 -0.9963 0.0734
vn -0.0523 -0.9938 0.0979
vn -0.0363 -0.9993 0.0064
vn 0.0578 -0.9981 0.0205
vn -0.0291 -0.9979 0.0584
vn 0.0107 -0.9999 0.0014
vn -0.0185 -0.9998 -0.0072
vn -0.0080 -1.0000 -0.0027
vn -0.2255 -0.9002 -0.3725
vn -0.1564 -0.9490 -0.2738
vn -0.1809 -0.8974 -0.4024
vn -0.0023 -0.9988 0.0484
vn 0.0905 -0.9957 0.0204
vn -0.0020 -0.9993 0.0362
vn 0.0354 -0.9993 0.0142
vn 0.0723 -0.9965 0.0417
vn 0.0627 -0.9976 0.0297
vn -0.0013 -0.9971 0.0762
vn -0.0028 -0.9995 0.0303
vn -0.0122 -0.9977 0.0660
vn -0.0111 -0.9999 0.0079
vn 0.0058 -0.9982 0.0596
vn 0.0575 -0.9980 0.0264
vn 0.0977 -0.9950 0.0208
vn 0.0415 -0.9965 0.0722
vn 0.0112 -0.9956 0.0928
vn 0.0728 -0.9963 0.0465
vn 0.0393 -0.9975 0.0594
vn 0.0313 -0.9993 0.0195
vn 0.0559 -0.9978 0.0363
vn 0.0222 -0.9982 0.0556
vn 0.0074 -0.9993 0.0371
vn 0.0085 -0.9986 0.0519
vn -0.0301 -0.9971 0.0700
vn -0.0145 -0.9999 -0.0022
vn -0.0509 -0.9950 0.0863
vn -0.0670 -0.9953 0.0704
vn -0.0812 -0.9921 0.0960
vn -0.0910 -0.9905 0.1034
vn -0.0948 -0.9922 0.0808
vn -0.1119 -0.9900 0.0855
vn -0.1226 -0.9881 0.0929
vn -0.1058 -0.9895 0.0987
vn -0.0781 -0.9905 0.1132
vn -0.1461 -0.9852 0.0893
vn -0.1084 -0.9916 0.0707
vn 0.0629 -0.9549 -0.2900
vn 0.1003 -0.9008 -0.4226
vn -0.1457 -0.9841 0.1020
vn 0.3412 -0.4584 -0.8206
vn 0.2947 -0.7100 -0.6396
vn 0.3565 -0.1671 -0.9192
vn 0.2265 -0.0658 -0.9718
vn 0.3204 -0.0449 -0.9462
vn 0.4097 -0.0542 -0.9106
vn 0.2475 -0.0068 -0.9689
vn 0.3910 -0.0557 -0.9187
vn 0.4861 -0.1336 -0.8636
vn 0.4867 -0.3967 -0.7783
vn 0.4510 0.0291 -0.8920
vn 0.3833 -0.0641 -0.9214
vn 0.4161 -0.1754 -0.8922
vn 0.3785 -0.6213 -0.6860
vn 0.2773 -0.7804 -0.5604
vn 0.5038 -0.5283 -0.6834
vn 0.3600 -0.7977 -0.4839
vn 0.4486 -0.6928 -0.5645
vn 0.5870 -0.5636 -0.5812
vn 0.5704 -0.6849 -0.4533
vn 0.3595 -0.6083 -0.7076
vn 0.5059 -0.5824 -0.6363
vn 0.4478 -0.4484 -0.7736
vn 0.5851 -0.3263 -0.7424
vn 0.5360 -0.1241 -0.8350
vn 0.3487 -0.2844 -0.8931
vn 0.3034 -0.3978 -0.8658
vn 0.1901 -0.4946 -0.8481
vn 0.2190 -0.6241 -0.7501
vn 0.2018 -0.7509 -0.6288
vn 0.1897 -0.5095 -0.8393
vn 0.3092 -0.3789 -0.8723
vn 0.7700 0.4435 -0.4587
vn 0.5948 0.8038 0.0055
vn 0.7282 0.6770 -0.1068
vn 0.8494 0.0795 -0.5218
vn 0.8967 0.0493 -0.4399
vn 0.7009 0.7118 -0.0455
vn 0.6440 0.7613 0.0748
vn 0.9565 0.0933 -0.2765
vn 0.5792 0.8138 0.0484
vn 0.9110 0.0151 -0.4121
vn 0.6677 -0.6069 -0.4311
vn 0.6529 -0.5773 -0.4903
vn 0.4895 -0.2608 -0.8321
vn 0.8068 0.4798 -0.3447
vn 0.5903 0.5813 -0.5600
vn 0.6539 0.7499 0.1007
vn 0.2135 0.1113 -0.9706
vn 0.2139 0.1066 -0.9710
vn 0.2659 0.0279 -0.9636
vn 0.6135 0.5347 -0.5812
vn 0.6902 0.4574 -0.5607
vn 0.8195 0.5505 0.1595
vn 0.4068 -0.1621 -0.8990
vn 0.7215 0.6619 0.2035
vn 0.7523 0.2571 -0.6066
vn 0.9393 0.0334 -0.3416
vn 0.9041 0.1400 -0.4037
vn 0.4980 -0.5102 -0.7012
vn 0.9130 0.2482 0.3237
vn 0.4407 -0.2082 -0.8732
vn 0.4610 -0.2067 -0.8630
vn 0.3732 -0.3639 -0.8534
vn 0.3358 -0.4320 -0.8370
vn 0.1340 -0.9053 -0.4032
vn 0.3567 -0.1375 -0.9240
vn 0.7002 0.6972 0.1536
vn 0.7443 0.6360 0.2040
vn 0.5878 0.8054 0.0763
vn 0.6230 0.7734 0.1170
vn 0.5328 0.8450 0.0463
vn 0.5291 0.8472 0.0481
vn 0.2898 -0.4076 -0.8660
vn 0.1637 -0.8316 -0.5308
vn 0.0343 -0.9982 0.0487
vn 0.0533 -0.9968 0.0594
vn 0.0944 -0.9951 0.0290
vn 0.1212 -0.9914 0.0484
vn 0.1492 -0.9887 0.0130
vn 0.1173 -0.9928 0.0219
vn 0.1094 -0.9937 0.0231
vn 0.1426 -0.9892 -0.0341
vn 0.0491 -0.9952 0.0846
vn 0.0891 -0.9945 0.0552
vn 0.1217 -0.9921 -0.0318
vn 0.0070 -0.9982 0.0596
vn 0.0579 -0.9982 0.0165
vn 0.0127 -0.9999 -0.0026
vn 0.0638 -0.9974 -0.0327
vn 0.0731 -0.9931 -0.0917
vn 0.0647 -0.9964 -0.0553
vn 0.0630 -0.9961 -0.0623
vn 0.0899 -0.9951 -0.0409
vn -0.0608 -0.9924 0.1065
vn -0.1140 -0.9918 0.0576
vn 0.0248 -0.9986 0.0463
vn 0.0808 -0.9949 -0.0602
vn 0.0902 -0.9959 0.0026
vn 0.0913 -0.9955 -0.0261
vn 0.1628 -0.9841 -0.0715
vn 0.1012 -0.9641 -0.2453
vn -0.0934 -0.8519 -0.5153
vn -0.2273 -0.9598 -0.1647
vn -0.2420 -0.6393 -0.7299
vn -0.2750 -0.4970 -0.8230
vn -0.2956 -0.4623 -0.8360
vn -0.3109 -0.4206 -0.8523
vn -0.2977 -0.4412 -0.8466
vn -0.3412 -0.4347 -0.8334
vn -0.3437 -0.4127 -0.8436
vn -0.3692 -0.4230 -0.8275
vn -0.3790 -0.4124 -0.8284
vn -0.3401 -0.3872 -0.8570
vn -0.3350 -0.3862 -0.8595
vn -0.3418 -0.3617 -0.8674
vn -0.3608 -0.3539 -0.8629
vn -0.4025 -0.3594 -0.8419
vn -0.4102 -0.3348 -0.8483
vn -0.3879 -0.3497 -0.8528
vn -0.3735 -0.3558 -0.8567
vn -0.3553 -0.3776 -0.8551
vn -0.3190 0.3357 -0.8863
vn -0.1778 0.4753 -0.8616
vn -0.3839 -0.3612 -0.8498
vn -0.3480 -0.3615 -0.8650
vn -0.4020 -0.3394 -0.8504
vn -0.3322 -0.3543 -0.8742
vn -0.3831 0.2973 -0.8745
vn -0.3854 0.3217 -0.8648
vn -0.0157 0.9374 -0.3478
vn -0.1205 0.7923 -0.5981
vn -0.3783 0.3233 -0.8674
vn -0.0397 0.9027 -0.4284
vn -0.0062 0.8820 -0.4713
vn -0.0776 0.9286 -0.3629
vn -0.2263 0.6223 -0.7494
vn 0.1202 0.7377 -0.6644
vn -0.0500 0.8507 -0.5232
vn 0.0743 0.8699 -0.4877
vn 0.1296 0.7510 -0.6475
vn 0.1229 0.4546 -0.8822
vn -0.0502 0.8636 -0.5016
vn 0.0977 0.8599 -0.5010
vn 0.1592 0.8726 -0.4617
vn 0.1446 0.9206 -0.3628
vn -0.0068 0.9059 -0.4233
vn 0.0303 0.8849 -0.4648
vn 0.1146 0.9389 -0.3245
vn 0.1284 0.9603 -0.2477
vn 0.1078 0.9769 -0.1846
vn 0.0633 0.9574 -0.2816
vn 0.1579 0.9562 -0.2466
vn 0.1715 0.9523 -0.2524
vn -0.1596 0.4800 -0.8627
vn 0.0665 0.9564 -0.2844
vn 0.1726 0.9501 -0.2598
vn -0.2463 0.4953 -0.8331
vn 0.0932 0.9692 -0.2282
vn 0.0389 0.9802 -0.1944
vn 0.0149 0.9881 -0.1533
vn 0.1171 0.9610 -0.2507
vn -0.0347 0.9959 -0.0834
vn -0.0422 0.9976 -0.0540
vn -0.0911 0.9811 -0.1710
vn -0.0977 0.9950 -0.0221
vn -0.1002 0.9949 -0.0065
vn -0.0905 0.9955 -0.0294
vn -0.0464 0.9974 -0.0550
vn -0.2596 0.3693 -0.8923
vn -0.3230 -0.3851 -0.8645
vn -0.4020 -0.4381 -0.8040
vn 0.0781 -0.9955 0.0546
vn 0.1160 -0.9826 -0.1450
vn 0.0782 -0.9958 0.0483
vn 0.1667 -0.9812 -0.0971
vn 0.2213 -0.9746 -0.0346
vn 0.1240 -0.9896 -0.0722
vn 0.1552 -0.9862 -0.0575
vn 0.1503 -0.9835 -0.1004
vn 0.1379 -0.9874 -0.0782
vn 0.1582 -0.9874 -0.0062
vn 0.1597 -0.9836 -0.0833
vn 0.1656 -0.9799 -0.1114
vn 0.1732 -0.9801 -0.0970
vn 0.1631 -0.9865 0.0139
vn 0.1625 -0.9863 -0.0300
vn 0.1389 -0.9901 0.0210
vn 0.1005 -0.9910 -0.0880
vn -0.0739 -0.9955 -0.0588
vn 0.1220 -0.9191 0.3746
vn 0.0942 -0.9846 0.1474
vn -0.1626 -0.9839 -0.0737
vn 0.0885 -0.9924 -0.0855
vn 0.1248 -0.9916 -0.0339
vn -0.0506 -0.9978 -0.0440
vn 0.1273 -0.9526 0.2762
vn -0.0006 -0.9713 0.2377
vn -0.0287 -0.9962 -0.0827
vn 0.1405 -0.9898 0.0215
vn 0.1484 -0.9875 0.0526
vn 0.1231 -0.9922 0.0215
vn 0.1706 -0.9852 0.0170
vn 0.2258 -0.9734 -0.0386
vn 0.1498 -0.9887 0.0027
vn 0.0923 -0.9946 0.0465
vn 0.3177 0.9481 -0.0108
vn 0.2879 0.9561 -0.0543
vn 0.2931 0.9534 -0.0719
vn 0.3145 0.9479 -0.0517
vn 0.3442 0.9383 -0.0338
vn 0.3354 0.9419 0.0157
vn 0.3536 0.9354 -0.0029
vn 0.3518 0.9358 0.0241
vn 0.3665 0.9285 0.0597
vn 0.3298 0.9398 -0.0898
vn 0.3780 0.9235 -0.0645
vn 0.3201 0.9393 -0.1233
vn 0.3513 0.9263 -0.1363
vn 0.2879 0.9536 -0.0884
vn 0.4140 0.9030 -0.1152
vn 0.3033 0.9514 -0.0539
vn 0.2550 0.9656 -0.0508
vn 0.3877 0.9149 -0.1127
vn 0.3711 0.8287 -0.4189
vn 0.3832 0.8257 -0.4139
vn 0.2364 0.7716 -0.5906
vn 0.2273 0.6878 -0.6894
vn 0.3726 0.9154 -0.1520
vn 0.0865 0.9937 -0.0711
vn 0.0737 0.9970 -0.0243
vn 0.0277 0.9987 -0.0424
vn 0.0205 0.9982 -0.0572
vn 0.0826 0.9966 0.0065
vn 0.0498 0.9987 -0.0130
vn 0.0791 0.9950 -0.0613
vn 0.0483 0.9921 -0.1159
vn 0.1468 0.9816 -0.1218
vn 0.0120 0.9941 -0.1082
vn 0.0206 0.9881 -0.1527
vn -0.0115 0.9914 -0.1302
vn -0.0077 0.9917 -0.1286
vn 0.0548 0.9913 -0.1199
vn 0.0355 0.9927 -0.1149
vn 0.0703 0.9905 -0.1182
vn -0.2052 -0.2253 -0.9524
vn -0.1624 -0.2044 -0.9653
vn -0.1577 -0.2079 -0.9654
vn -0.1478 -0.2371 -0.9602
vn -0.1819 -0.2415 -0.9532
vn -0.1748 -0.3587 -0.9169
vn -0.4383 -0.8320 -0.3403
vn -0.6319 -0.3919 0.6687
vn -0.5166 -0.7909 -0.3281
vn -0.4656 -0.6277 0.6238
vn -0.5691 -0.4862 0.6631
vn -0.3978 -0.8030 0.4438
vn -0.4676 -0.8434 0.2646
vn -0.4250 -0.8225 0.3780
vn -0.3807 -0.8977 0.2218
vn -0.4149 -0.8756 0.2474
vn -0.4063 -0.9113 0.0673
vn -0.4404 -0.8828 0.1636
vn -0.4064 -0.9003 0.1558
vn -0.4769 -0.8515 0.2179
vn -0.4781 -0.8580 0.1879
vn -0.4989 -0.8248 0.2660
vn -0.4645 -0.8411 0.2770
vn -0.4935 -0.8333 0.2490
vn -0.5075 -0.8420 0.1828
vn -0.5155 -0.8172 0.2576
vn -0.5153 -0.8301 0.2131
vn -0.5263 -0.7966 0.2974
vn -0.5085 -0.8417 0.1817
vn -0.4953 -0.8380 0.2290
vn -0.5638 -0.8105 0.1586
vn -0.4995 -0.8112 0.3039
vn -0.4618 -0.7425 -0.4851
vn -0.4619 -0.7440 -0.4828
vn -0.4524 -0.7289 -0.5139
vn -0.0888 -0.2770 -0.9568
vn -0.4034 -0.6520 -0.6420
vn -0.1235 -0.2976 -0.9467
vn -0.1124 -0.2455 -0.9628
vn -0.1138 -0.2781 -0.9538
vn 0.0353 -0.3482 -0.9367
vn -0.1271 -0.2159 -0.9681
vn -0.1371 -0.2391 -0.9613
vn -0.1488 -0.2188 -0.9644
vn -0.1456 -0.2308 -0.9621
vn -0.4519 -0.7827 -0.4279
vn -0.4594 -0.7913 -0.4034
vn -0.4318 -0.8275 0.3588
vn 0.0083 -0.2485 -0.9686
vn -0.2357 -0.2171 -0.9473
vn -0.0931 -0.2677 -0.9590
vn -0.4077 0.3355 -0.8493
vn -0.4213 0.1729 -0.8903
vn -0.5753 -0.5680 -0.5886
vn -0.8582 -0.0878 -0.5057
vn -0.5909 0.6128 -0.5247
vn -0.6124 0.5078 -0.6059
vn -0.6038 0.6654 -0.4390
vn -0.6625 0.5259 -0.5334
vn -0.5286 0.7071 -0.4697
vn -0.5932 0.6944 -0.4073
vn -0.3044 0.7965 -0.5225
vn -0.3961 0.7431 -0.5394
vn -0.2805 0.6703 -0.6870
vn -0.4480 0.7143 -0.5376
vn -0.8243 -0.1416 -0.5481
vn -0.5792 -0.8004 0.1547
vn -0.9676 -0.1185 -0.2227
vn -0.5247 -0.8454 0.1003
vn -0.8694 -0.4021 -0.2871
vn -0.5510 -0.8289 0.0963
vn -0.4076 -0.7338 -0.5436
vn -0.5618 -0.8099 0.1686
vn -0.5651 -0.8181 0.1072
vn -0.4954 -0.8474 0.1912
vn -0.4548 -0.8397 0.2968
vn -0.5909 -0.7736 0.2288
vn -0.5069 -0.7950 0.3333
vn -0.9183 -0.2295 0.3225
vn -0.5776 -0.7431 0.3380
vn -0.5597 -0.7210 0.4085
vn -0.6680 -0.6871 0.2857
vn -0.9271 -0.1768 0.3305
vn -0.9226 0.3814 0.0582
vn -0.9251 -0.1165 0.3614
vn -0.6461 -0.7168 0.2621
vn -0.5426 -0.7830 0.3040
vn -0.5077 -0.8061 0.3039
vn -0.4779 -0.8195 0.3161
vn -0.5481 -0.7878 0.2809
vn -0.5222 -0.8115 0.2623
vn -0.5060 -0.8281 0.2411
vn -0.5414 -0.8092 0.2282
vn -0.5670 -0.8164 0.1095
vn -0.5622 -0.8134 0.1497
vn -0.5862 -0.8066 0.0755
vn -0.5415 -0.8208 0.1821
vn -0.5455 -0.8357 0.0642
vn -0.4809 -0.8712 0.0990
vn -0.5905 -0.8070 -0.0006
vn -0.6032 -0.7961 -0.0474
vn -0.5791 -0.7780 0.2435
vn -0.5845 -0.8102 0.0450
vn -0.5646 -0.7770 0.2782
vn -0.6119 -0.6999 0.3684
vn -0.5727 -0.8170 0.0666
vn -0.5257 -0.8422 0.1196
vn -0.8273 -0.5604 -0.0379
vn -0.6635 -0.7334 0.1483
vn -0.6055 -0.7707 0.1985
vn -0.3657 -0.9195 0.1441
vn -0.6390 -0.7009 0.3169
vn -0.9276 -0.3718 -0.0361
vn -0.9455 -0.3255 0.0077
vn -0.9837 -0.1746 -0.0425
vn -0.5851 -0.6457 -0.4906
vn -0.1942 -0.8359 -0.5133
vn -0.5375 -0.7728 0.3375
vn -0.5723 -0.6436 0.5082
vn -0.4045 -0.6412 0.6521
vn -0.4993 -0.7514 0.4314
vn -0.3359 -0.6105 0.7173
vn -0.4844 -0.6703 0.5621
vn -0.4315 -0.8367 0.3372
vn -0.6293 -0.7165 0.3010
vn -0.3724 -0.8769 0.3040
vn -0.3277 -0.9190 0.2193
vn -0.4612 -0.3759 0.8037
vn -0.3921 -0.5164 0.7613
vn -0.2716 -0.7395 0.6159
vn 0.0736 -0.6089 0.7899
vn -0.0410 -0.8435 0.5355
vn -0.1883 -0.3965 0.8985
vn -0.2049 -0.9074 0.3669
vn -0.4530 -0.3482 0.8207
vn -0.5421 -0.1557 0.8258
vn -0.3754 -0.8663 0.3296
vn -0.2243 -0.9487 0.2230
vn -0.2135 -0.9402 0.2652
vn -0.3487 -0.7328 0.5843
vn -0.1905 -0.7198 0.6675
vn -0.1222 -0.2160 0.9687
vn 0.0281 -0.3098 0.9504
vn -0.0792 -0.7085 0.7012
vn -0.1966 -0.9189 0.3419
vn 0.0094 -0.7115 0.7026
vn -0.0858 -0.3541 0.9313
vn -0.2484 -0.8739 0.4178
vn -0.0564 -0.5183 0.8533
vn -0.0160 -0.3302 0.9438
vn -0.2647 -0.8389 0.4755
vn 0.0831 -0.8484 0.5227
vn -0.1332 -0.7909 0.5972
vn 0.1990 -0.6698 0.7153
vn 0.1745 -0.6637 0.7274
vn -0.0177 -0.3237 0.9460
vn 0.1439 -0.0404 0.9888
vn 0.2287 -0.9696 0.0869
vn 0.0741 -0.9972 0.0112
vn -0.1098 -0.9869 0.1184
vn 0.1343 -0.9026 0.4090
vn 0.3578 -0.9289 0.0960
vn 0.7307 -0.6755 0.0990
vn 0.6726 -0.0459 0.7386
vn 0.0176 -0.0144 0.9997
vn -0.0494 0.0748 0.9960
vn -0.0306 -0.2665 0.9633
vn -0.4166 -0.5493 0.7244
vn 0.2471 -0.6241 0.7413
vn 0.0649 -0.9835 0.1687
vn 0.2802 -0.8686 0.4088
vn 0.2052 -0.9742 0.0939
vn 0.2022 -0.9771 0.0659
vn 0.1677 -0.9782 0.1225
vn -0.0935 -0.9916 0.0888
vn 0.1000 -0.9354 0.3391
vn -0.0630 -0.9367 0.3445
vn -0.1671 -0.9235 0.3453
vn -0.0543 -0.9974 -0.0473
vn -0.0152 -0.9992 0.0360
vn -0.1284 -0.9911 0.0349
vn -0.1637 -0.9853 0.0482
vn -0.0538 -0.9982 -0.0276
vn -0.0530 -0.9971 0.0548
vn -0.1389 -0.9836 0.1152
vn -0.2749 -0.9156 0.2933
vn -0.1801 -0.9415 0.2847
vn -0.2134 -0.9441 0.2514
vn -0.0749 -0.9475 0.3108
vn 0.0652 -0.9414 0.3310
vn 0.0623 -0.8640 0.4996
vn -0.0504 -0.9951 0.0847
vn -0.1226 -0.9508 0.2846
vn -0.0709 -0.8450 0.5301
vn -0.1372 -0.9843 0.1112
vn -0.2237 -0.9432 0.2458
vn -0.2024 -0.9072 0.3687
vn -0.1695 -0.9710 0.1688
vn -0.2711 -0.6690 0.6920
vn -0.1725 -0.1906 0.9664
vn -0.0511 -0.4167 0.9076
vn -0.0611 -0.8456 0.5303
vn -0.0166 0.1278 0.9917
vn 0.0236 0.2043 0.9786
vn -0.0118 -0.0283 0.9995
vn -0.0397 -0.2526 0.9667
vn 0.0732 0.1290 0.9889
vn 0.0475 0.0283 0.9985
vn 0.0820 0.2635 0.9612
vn 0.0339 0.2068 0.9778
vn 0.0270 0.2156 0.9761
vn 0.0678 0.2307 0.9707
vn 0.0709 0.3140 0.9468
vn 0.0681 0.3180 0.9456
vn 0.0250 0.2749 0.9612
vn -0.1004 0.1497 0.9836
vn -0.0150 0.2664 0.9637
vn 0.0197 0.2924 0.9561
vn -0.0779 0.5486 0.8324
vn -0.1715 0.5268 0.8325
vn 0.0007 0.2812 0.9596
vn 0.0490 0.5259 0.8491
vn -0.0833 0.7313 0.6770
vn 0.0434 0.9682 0.2465
vn 0.0733 0.5046 0.8602
vn 0.0366 0.9365 0.3488
vn -0.0229 0.9980 -0.0590
vn -0.0137 0.9970 -0.0759
vn 0.0416 0.8551 0.5167
vn 0.3150 0.5779 0.7528
vn 0.1546 0.4117 0.8981
vn 0.1444 0.4198 0.8961
vn 0.2611 0.8923 0.3682
vn 0.0368 0.9987 -0.0342
vn 0.0124 0.9996 -0.0255
vn 0.3955 0.5871 0.7063
vn 0.1415 0.8699 0.4724
vn 0.1951 0.4477 0.8727
vn 0.2449 0.5213 0.8175
vn 0.2720 0.9024 0.3342
vn -0.0113 0.9989 -0.0453
vn 0.0908 0.9957 0.0197
vn 0.0544 0.9977 0.0392
vn 0.2568 0.9174 0.3039
vn -0.0235 0.9995 -0.0222
vn 0.5092 0.5193 0.6863
vn 0.5587 0.5152 0.6499
vn 0.5859 0.4080 0.7002
vn 0.6258 0.4526 0.6353
vn 0.7699 0.3193 0.5526
vn 0.7335 0.3669 0.5722
vn 0.7613 0.2917 0.5791
vn 0.8307 0.3822 0.4048
vn 0.7297 0.3334 0.5970
vn 0.7601 0.3008 0.5760
vn 0.7395 0.3056 0.5997
vn 0.6632 0.4061 0.6287
vn 0.4868 0.3200 0.8128
vn 0.5676 0.4479 0.6908
vn 0.3365 0.4283 0.8386
vn 0.2514 0.3504 0.9022
vn 0.2136 0.3945 0.8937
vn 0.5860 0.5623 0.5835
vn 0.4927 0.5550 0.6703
vn 0.4810 0.5344 0.6950
vn 0.4899 0.6796 0.5461
vn 0.6756 0.7280 0.1168
vn 0.5429 0.5568 0.6287
vn 0.6857 0.5750 0.4463
vn 0.2901 0.4214 0.8592
vn 0.6627 0.5444 0.5142
vn 0.4556 0.3946 0.7979
vn 0.3998 0.7151 0.5734
vn 0.2468 0.4061 0.8799
vn 0.5989 0.4015 0.6929
vn 0.0672 0.1674 0.9836
vn 0.0978 0.5021 0.8592
vn 0.1254 0.2680 0.9552
vn 0.0452 0.1672 0.9849
vn 0.0617 0.1452 0.9875
vn 0.0261 0.1942 0.9806
vn 0.0909 0.3650 0.9266
vn -0.2336 -0.2036 0.9508
vn -0.3490 -0.6479 0.6770
vn 0.1191 0.1603 0.9798
vn -0.4923 -0.8391 0.2314
vn -0.2694 -0.4531 0.8498
vn -0.5106 -0.8111 0.2854
vn -0.0597 -0.3601 0.9310
vn -0.6074 -0.7926 0.0537
vn -0.5972 -0.8015 -0.0323
vn -0.5954 -0.7851 0.1706
vn -0.6506 -0.6279 0.4272
vn -0.4145 -0.8921 0.1799
vn -0.2286 -0.8124 0.5363
vn -0.3794 -0.4999 0.7786
vn -0.2578 -0.9645 0.0582
vn -0.1996 -0.9732 0.1141
vn -0.1535 -0.9725 0.1750
vn -0.2279 -0.8462 0.4816
vn -0.2428 -0.9471 0.2100
vn -0.2039 -0.9459 0.2525
vn -0.2094 -0.3362 0.9182
vn -0.3221 -0.8271 0.4606
vn -0.2934 -0.9498 0.1082
vn -0.3231 -0.6916 0.6460
vn -0.4163 -0.8400 0.3480
vn -0.2932 -0.9184 0.2655
vn -0.4346 -0.7265 0.5323
vn -0.4370 -0.7572 0.4854
vn -0.4287 -0.7609 0.4870
vn -0.5325 -0.6325 0.5625
vn -0.3379 -0.8121 0.4758
vn -0.4903 -0.7047 0.5128
vn -0.4820 -0.8291 0.2833
vn -0.3439 -0.8870 0.3082
vn -0.2924 -0.8230 0.4870
vn -0.4688 -0.7808 0.4130
vn -0.4555 -0.7448 0.4876
vn -0.4515 -0.8918 0.0298
vn -0.6311 -0.4310 0.6449
vn -0.4337 -0.1441 0.8895
vn -0.4960 -0.5580 0.6652
vn -0.4684 -0.8814 0.0614
vn -0.4229 -0.6191 0.6617
vn -0.4766 -0.8645 0.1599
vn -0.5078 -0.3657 0.7800
vn -0.4054 -0.5943 0.6946
vn -0.2388 -0.4893 0.8388
vn -0.3689 -0.9055 0.2098
vn -0.5694 -0.8187 0.0735
vn -0.5668 -0.3449 0.7482
vn -0.4295 -0.8774 0.2136
vn -0.6331 -0.7116 0.3046
vn -0.4755 -0.0093 0.8797
vn -0.4418 -0.0102 0.8971
vn -0.3428 -0.2384 0.9086
vn -0.3378 -0.2351 0.9114
vn -0.2329 -0.4392 0.8677
vn -0.1220 -0.2538 0.9595
vn -0.1768 -0.4119 0.8939
vn -0.4369 -0.4102 0.8005
vn -0.1021 -0.2020 0.9740
vn -0.2566 -0.2137 0.9426
vn -0.2963 -0.5538 0.7781
vn -0.3391 -0.0473 0.9396
vn -0.2769 -0.3297 0.9026
vn 0.0436 -0.1867 0.9814
vn -0.1808 -0.8729 0.4533
vn -0.5403 -0.6710 0.5078
vn 0.1455 -0.6346 0.7590
vn 0.0931 -0.8262 0.5556
vn 0.1464 -0.7632 0.6293
vn 0.0807 -0.8447 0.5291
vn -0.0993 -0.8506 0.5163
vn -0.1720 -0.9329 0.3163
vn -0.1846 -0.9828 0.0095
vn 0.4046 -0.9143 -0.0197
vn -0.2158 -0.9752 0.0497
vn -0.4229 -0.8554 0.2989
vn -0.4566 -0.8855 0.0860
vn -0.2334 -0.9721 -0.0237
vn -0.1015 -0.9941 0.0383
vn -0.1099 -0.9521 0.2853
vn -0.1469 -0.9867 0.0694
vn -0.2027 -0.9776 0.0561
vn -0.1748 -0.9762 0.1282
vn -0.1652 -0.9819 0.0928
vn -0.5073 -0.8142 0.2823
vn -0.2672 -0.6634 0.6990
vn -0.8356 -0.2300 0.4989
vn 0.1386 -0.8493 0.5095
vn 0.2463 -0.7846 0.5690
vn 0.1246 -0.2869 0.9498
vn -0.1686 -0.4569 0.8734
vn -0.0076 -0.5623 0.8269
vn -0.0136 -0.6047 0.7963
vn -0.1502 -0.7316 0.6650
vn -0.1961 -0.7390 0.6446
vn -0.2637 -0.6271 0.7330
vn -0.3720 -0.4384 0.8182
vn -0.3571 -0.3274 0.8748
vn -0.2575 -0.2832 0.9238
vn -0.5548 -0.8002 0.2278
vn -0.4073 -0.5547 0.7256
vn -0.3094 -0.3240 0.8940
vn -0.3558 -0.3746 0.8562
vn 0.0485 -0.7868 0.6153
vn -0.4160 -0.2410 0.8768
vn -0.5084 -0.4593 0.7284
vn -0.2678 -0.2085 0.9406
vn 0.0752 -0.5068 0.8588
vn 0.4973 -0.7262 0.4747
vn -0.1318 -0.6070 0.7837
vn 0.4211 -0.7827 0.4582
vn -0.4288 -0.4320 0.7934
vn -0.2897 -0.5816 0.7601
vn -0.3215 -0.3598 0.8759
vn -0.5002 -0.5528 0.6665
vn 0.0715 -0.4962 0.8653
vn 0.0672 -0.7831 0.6182
vn 0.1319 -0.9382 0.3198
vn -0.1622 -0.6034 0.7808
vn -0.3398 -0.5394 0.7705
vn -0.1415 -0.9765 0.1627
vn -0.1288 -0.8238 0.5520
vn -0.1429 -0.6737 0.7251
vn -0.3022 -0.8401 0.4504
vn -0.0839 -0.8163 0.5715
vn -0.1975 -0.9521 0.2336
vn -0.2714 -0.9551 0.1187
vn -0.3219 -0.8960 0.3058
vn -0.3498 -0.9227 0.1622
vn -0.3130 -0.9494 -0.0252
vn -0.1581 -0.9777 -0.1381
vn -0.3780 -0.9248 0.0433
vn -0.1366 -0.9262 -0.3515
vn 0.1094 -0.9084 -0.4034
vn 0.2548 -0.8544 -0.4528
vn -0.1928 -0.9748 -0.1126
vn -0.1844 -0.9531 0.2401
vn 0.2761 -0.9305 -0.2409
vn -0.3731 -0.6097 0.6993
vn -0.3032 -0.4695 0.8292
vn 0.2715 0.5113 0.8154
vn -0.0587 -0.3493 0.9352
vn 0.5686 0.1588 0.8071
vn 0.4303 -0.7750 0.4627
vn 0.9593 -0.1482 0.2403
vn 0.4791 0.7436 0.4664
vn 0.9684 -0.2493 0.0026
vn 0.5041 0.6915 0.5174
vn 0.9819 -0.1719 0.0792
vn 0.6550 0.7190 0.2324
vn 0.4623 0.7428 0.4843
vn 0.4937 0.7605 0.4217
vn 0.5235 0.7295 0.4403
vn 0.4689 0.7668 0.4384
vn 0.4890 0.8024 0.3421
vn 0.4596 0.8296 0.3170
vn 0.4293 0.8361 0.3414
vn 0.4770 0.7297 0.4899
vn 0.3813 0.8930 0.2391
vn 0.2995 0.9092 0.2894
vn 0.5351 0.6417 0.5494
vn 0.4319 0.6947 0.5751
vn 0.5722 0.3878 0.7227
vn 0.7445 0.4124 0.5250
vn 0.7023 0.3002 0.6455
vn 0.7388 0.3528 0.5742
vn 0.7837 0.2897 0.5494
vn 0.6642 0.4476 0.5988
vn 0.5749 0.6511 0.4956
vn 0.7684 0.4215 0.4815
vn 0.5310 0.7768 0.3385
vn 0.3096 0.8850 0.3477
vn 0.4013 0.8651 0.3009
vn 0.5087 0.8080 0.2973
vn 0.4871 0.8158 0.3117
vn 0.6227 0.7562 0.2009
vn 0.2766 0.8000 0.5324
vn 0.4031 0.6786 0.6140
vn 0.3483 0.7373 0.5788
vn 0.5641 0.6922 0.4502
vn 0.2317 0.6688 0.7064
vn 0.5031 0.6145 0.6077
vn 0.4892 0.7757 0.3986
vn 0.4972 0.7120 0.4959
vn 0.4201 0.5351 0.7330
vn 0.1042 -0.3881 0.9157
vn 0.0662 -0.0221 0.9976
vn -0.4009 -0.7924 0.4597
vn -0.1346 -0.3232 0.9367
vn -0.4554 -0.7857 0.4187
vn 0.0020 -0.2509 0.9680
vn -0.4032 -0.9108 0.0889
vn -0.1999 -0.8339 0.5144
vn -0.0599 -0.9318 0.3579
vn 0.0127 -0.2943 0.9556
vn 0.1181 -0.6296 0.7679
vn 0.0365 -0.4479 0.8933
vn 0.2640 0.0446 0.9635
vn -0.0280 0.1397 0.9898
vn 0.0095 0.2494 0.9684
vn 0.4942 0.5234 0.6941
vn 0.4341 0.4512 0.7797
vn 0.7647 0.6296 0.1370
vn 0.4836 0.7709 0.4146
vn 0.3746 0.2814 0.8835
vn 0.7292 0.6726 0.1263
vn 0.6734 0.7271 0.1340
vn 0.6155 0.6085 0.5008
vn 0.5468 0.5622 0.6205
vn 0.2663 0.1303 0.9550
vn 0.2695 0.3092 0.9120
vn 0.5322 0.6942 0.4846
vn 0.2632 0.1426 0.9541
vn 0.1712 0.1938 0.9660
vn -0.0159 0.1645 0.9863
vn -0.1939 -0.1871 0.9630
vn -0.1941 -0.6441 0.7399
vn -0.4143 -0.8708 0.2646
vn -0.5462 -0.8144 0.1958
vn -0.2080 -0.9781 0.0119
vn -0.4563 -0.8898 -0.0036
vn -0.6641 -0.7076 0.2414
vn -0.5063 -0.7865 0.3536
vn -0.5207 -0.8236 0.2250
vn -0.3503 -0.9356 0.0446
vn -0.2728 -0.9595 0.0706
vn -0.3854 -0.7375 0.5545
vn -0.3299 -0.5469 0.7694
vn -0.1748 -0.5937 0.7855
vn -0.2546 -0.6892 0.6784
vn -0.1200 -0.9815 0.1491
vn -0.2218 -0.9723 0.0744
vn -0.5080 -0.8263 0.2434
vn -0.4421 -0.5038 0.7421
vn 0.7044 0.5939 0.3888
vn 0.7608 0.6297 0.1569
vn 0.6184 0.3626 0.6972
vn 0.5113 0.7611 0.3991
vn 0.9041 -0.2991 -0.3051
vn 0.2635 -0.9255 0.2721
vn 0.1336 -0.9904 0.0367
vn 0.4090 -0.8911 0.1965
vn 0.4636 -0.8695 0.1705
vn 0.3799 -0.8944 0.2359
vn 0.1395 -0.9683 0.2070
vn -0.0237 -0.9997 0.0021
vn 0.3477 -0.9332 0.0909
vn 0.2827 -0.9398 0.1922
vn 0.1862 -0.9114 0.3670
vn 0.4028 -0.9099 0.0994
vn 0.1069 -0.9535 0.2818
vn -0.3576 -0.9116 0.2027
vn 0.1642 -0.8902 0.4250
vn -0.1416 -0.9611 0.2372
vn -0.3023 -0.9248 0.2310
vn -0.1492 -0.9783 0.1436
vn -0.2901 -0.9287 0.2310
vn 0.1967 -0.8737 0.4449
vn 0.1112 -0.9706 0.2134
vn 0.1177 -0.5213 0.8452
vn -0.3777 -0.5685 0.7309
vn -0.4235 -0.3013 0.8543
vn -0.2676 -0.7432 0.6133
vn 0.0643 0.9919 0.1100
vn 0.1175 0.9807 0.1565
vn 0.1109 0.9706 0.2139
vn 0.1473 0.9617 0.2312
vn 0.1961 0.9649 0.1746
vn 0.0611 0.9908 0.1210
vn 0.0980 0.9696 0.2241
vn 0.1233 0.9599 0.2516
vn -0.0326 0.9979 0.0552
vn 0.0493 0.9975 0.0507
vn 0.0133 0.9991 0.0396
vn -0.0086 0.9979 0.0641
vn 0.0832 0.9703 0.2271
vn -0.0061 0.9989 0.0458
vn 0.0482 0.9798 0.1943
vn -0.0032 0.9979 -0.0654
vn -0.0201 0.9881 -0.1524
vn -0.0690 0.9976 -0.0078
vn -0.0306 0.8718 0.4889
vn -0.0751 0.6886 0.7212
vn -0.0481 0.7639 0.6436
vn -0.0807 0.8817 0.4649
vn -0.1776 0.4435 0.8785
vn -0.0575 0.4974 0.8656
vn -0.1006 0.2940 0.9505
vn -0.0297 0.2061 0.9781
vn -0.0760 0.2310 0.9700
vn -0.0606 0.3878 0.9198
vn -0.0580 0.4925 0.8684
vn -0.1315 0.1560 0.9790
vn -0.1388 0.3891 0.9107
vn -0.0890 0.1060 0.9904
vn -0.2005 0.4116 0.8890
vn -0.1030 0.8559 0.5068
vn -0.0347 0.4152 0.9091
vn -0.0995 0.3295 0.9389
vn -0.1776 0.2119 0.9610
vn -0.1201 0.8214 0.5575
vn -0.1293 0.3589 0.9244
vn -0.0465 0.8751 0.4817
vn -0.0801 0.9922 0.0954
vn 0.0197 0.9992 0.0352
vn -0.0498 0.9835 0.1737
vn -0.1040 0.9929 0.0580
vn -0.1035 0.9856 0.1336
vn -0.1110 0.7902 0.6027
vn -0.1614 0.7341 0.6596
vn -0.0493 0.2086 0.9768
vn -0.2348 0.7519 0.6161
vn -0.0926 0.2467 0.9647
vn -0.0976 0.8944 0.4365
vn -0.0922 0.4677 0.8790
vn -0.2013 0.9240 0.3250
vn -0.1550 0.9865 0.0523
vn -0.1989 0.9720 0.1251
vn -0.1540 0.9469 0.2823
vn -0.1227 0.9696 0.2115
vn -0.0748 0.9469 0.3128
vn -0.0860 0.9592 0.2694
vn -0.0784 0.9729 0.2173
vn -0.0512 0.9589 0.2790
vn -0.0591 0.9446 0.3228
vn -0.0467 0.9455 0.3222
vn -0.1243 0.9216 0.3677
vn -0.1076 0.9375 0.3309
vn -0.0801 0.9333 0.3501
vn -0.0630 0.9231 0.3794
vn -0.0530 0.9365 0.3467
vn -0.1226 0.9214 0.3687
vn -0.1497 0.8901 0.4304
vn -0.1727 0.9059 0.3868
vn -0.1529 0.9173 0.3676
vn -0.1885 0.9073 0.3759
vn -0.1764 0.9001 0.3984
vn -0.2335 0.8798 0.4141
vn -0.2302 0.8797 0.4160
vn -0.1845 0.8787 0.4402
vn -0.2629 0.8485 0.4593
vn -0.6636 0.5008 0.5558
vn -0.3030 0.8551 0.4207
vn -0.5646 0.6403 0.5207
vn -0.5764 0.6280 0.5229
vn -0.2010 0.8471 0.4919
vn -0.3075 0.8266 0.4713
vn -0.2095 0.8886 0.4081
vn -0.4449 0.7092 0.5469
vn -0.3430 0.8345 0.4312
vn -0.2037 0.9291 0.3088
vn -0.1324 0.9441 0.3019
vn -0.3259 0.8148 0.4795
vn -0.4056 0.7070 0.5794
vn -0.5082 0.3591 0.7828
vn -0.5262 0.4983 0.6891
vn -0.2855 0.6938 0.6611
vn -0.6397 0.5473 0.5397
vn -0.3286 0.7750 0.5399
vn -0.1590 0.8430 0.5139
vn -0.2303 0.8131 0.5346
vn -0.2337 0.8568 0.4596
vn -0.2409 0.8260 0.5095
vn -0.3351 0.8206 0.4631
vn -0.1623 0.9130 0.3744
vn -0.2886 0.8710 0.3976
vn -0.3074 0.8627 0.4016
vn -0.2301 0.8833 0.4083
vn -0.3217 0.8930 0.3147
vn -0.1899 0.8816 0.4322
vn -0.1989 0.8838 0.4235
vn -0.1735 0.8451 0.5056
vn -0.0321 0.6113 0.7908
vn -0.5214 0.3715 0.7682
vn -0.1156 0.7300 0.6736
vn -0.1766 0.7761 0.6053
vn -0.1610 0.8909 0.4248
vn -0.3899 0.8015 0.4533
vn -0.6513 0.1602 0.7417
vn -0.3395 0.8671 0.3645
vn -0.7486 0.5581 0.3581
vn -0.5066 0.8358 0.2118
vn -0.9448 -0.2370 0.2262
vn -0.7684 0.0527 0.6377
vn -0.4607 -0.3274 0.8250
vn -0.5393 -0.7037 0.4626
vn -0.4782 -0.3819 0.7909
vn -0.5261 -0.7640 0.3736
vn -0.4676 -0.8836 0.0246
vn -0.4523 -0.6371 0.6241
vn -0.4145 -0.8253 0.3835
vn -0.4442 -0.4648 0.7659
vn -0.4772 -0.7084 0.5200
vn -0.4088 -0.8760 0.2560
vn -0.4032 -0.9080 0.1138
vn -0.3712 -0.4533 0.8104
vn -0.4363 -0.3928 0.8096
vn -0.1960 0.2122 0.9574
vn -0.2684 -0.0217 0.9631
vn -0.4088 0.2249 0.8845
vn -0.0532 0.5087 0.8593
vn -0.1824 0.3996 0.8984
vn -0.1736 0.3832 0.9072
vn -0.3382 0.2809 0.8982
vn -0.1665 0.5609 0.8110
vn -0.3248 0.5472 0.7714
vn -0.5079 -0.0459 0.8602
vn -0.6475 0.0851 0.7573
vn -0.1807 0.4718 0.8630
vn -0.3993 -0.2193 0.8902
vn -0.4345 -0.3611 0.8251
vn -0.4947 -0.4182 0.7618
vn -0.3742 -0.6300 0.6805
vn -0.3777 -0.6907 0.6167
vn -0.4193 0.0227 0.9076
vn -0.4290 -0.6344 0.6431
vn -0.1852 -0.9732 0.1361
vn -0.4350 -0.5907 0.6796
vn -0.1520 -0.9594 0.2377
vn 0.0070 -0.8605 0.5095
vn -0.2071 -0.9698 0.1290
vn 0.0619 -0.8642 0.4993
vn 0.0437 -0.7729 0.6330
vn -0.1699 -0.8674 0.4678
vn -0.2346 -0.9557 0.1777
vn -0.0072 -0.8303 0.5573
vn -0.3356 -0.9410 0.0439
vn -0.2245 -0.9693 0.1000
vn -0.2959 -0.9440 0.1463
vn -0.4004 -0.8884 0.2246
vn -0.1056 -0.8865 0.4505
vn -0.1359 -0.9725 0.1893
vn -0.0435 -0.9253 0.3767
vn 0.0080 -0.8938 0.4485
vn -0.2402 -0.9620 0.1296
vn -0.0867 -0.9316 0.3530
vn -0.2401 -0.9197 0.3108
vn 0.2124 -0.8542 0.4746
vn 0.3242 -0.7159 0.6184
vn 0.5114 -0.4737 0.7169
vn 0.3522 -0.5954 0.7221
vn 0.3687 -0.6972 0.6148
vn 0.2002 -0.9551 0.2183
vn -0.2009 -0.6089 0.7674
vn -0.0111 -0.9901 -0.1403
vn 0.3435 -0.7723 0.5344
vn 0.1324 -0.7915 0.5966
vn -0.0797 -0.9965 -0.0251
vn -0.2585 -0.8811 -0.3959
vn -0.1018 -0.9917 -0.0780
vn -0.4096 -0.8239 -0.3916
vn -0.1926 -0.9769 -0.0922
vn -0.2696 -0.9621 0.0411
vn -0.1961 -0.9523 0.2339
vn -0.0300 -0.9991 -0.0288
vn -0.0599 -0.9902 0.1264
vn 0.0306 -0.9786 0.2034
vn -0.2367 -0.9694 0.0643
vn -0.2085 -0.9313 0.2988
vn -0.3164 -0.8505 0.4203
vn -0.3966 -0.5526 0.7330
vn -0.4428 -0.8385 0.3174
vn -0.2271 -0.6866 0.6907
vn -0.1004 -0.8822 0.4600
vn 0.1431 -0.8634 0.4837
vn -0.0450 -0.9964 -0.0725
vn -0.1230 -0.7736 0.6216
vn 0.0439 -0.8692 0.4925
vn -0.0492 -0.9693 0.2410
vn -0.0401 -0.9941 0.1013
vn -0.1066 -0.9858 0.1295
vn -0.1078 -0.9875 0.1149
vn -0.0697 -0.9155 0.3962
vn -0.2307 -0.9347 0.2702
vn -0.2280 -0.6433 0.7309
vn -0.1136 -0.4995 0.8588
vn -0.2380 -0.6249 0.7436
vn -0.3221 -0.4371 0.8398
vn -0.0150 -0.4509 0.8925
vn -0.0275 -0.1695 0.9851
vn -0.0108 -0.9464 0.3229
vn 0.0586 0.1176 0.9913
vn -0.1330 -0.1092 0.9851
vn -0.2077 -0.1848 0.9606
vn -0.0885 0.1341 0.9870
vn -0.0449 0.2530 0.9664
vn -0.1182 0.1023 0.9877
vn -0.0392 0.2171 0.9754
vn -0.1107 0.1173 0.9869
vn -0.1071 0.1919 0.9755
vn -0.0358 -0.1505 0.9880
vn -0.0452 0.2131 0.9760
vn -0.1379 -0.5320 0.8354
vn -0.0913 -0.9242 0.3709
vn -0.1998 -0.9751 0.0963
vn -0.0085 -0.9976 0.0684
vn -0.0491 -0.9966 0.0666
vn -0.0906 -0.7354 0.6716
vn -0.0126 -0.9854 0.1697
vn 0.1005 -0.9931 -0.0606
vn 0.0871 -0.9517 0.2946
vn 0.1261 -0.9906 0.0535
vn -0.0641 -0.9920 -0.1084
vn 0.0031 -0.9794 0.2017
vn -0.0874 -0.9515 -0.2951
vn -0.1942 -0.9606 -0.1990
vn -0.1732 -0.9754 -0.1361
vn -0.3123 -0.9494 -0.0346
vn -0.7522 -0.6453 -0.1329
vn -0.9443 -0.1000 0.3136
vn -0.8312 -0.5259 0.1802
vn -0.1042 -0.9941 -0.0295
vn -0.7084 -0.5968 0.3767
vn -0.5577 0.0646 0.8275
vn -0.7970 -0.4961 0.3445
vn -0.6187 0.0517 0.7840
vn -0.5669 -0.4751 0.6730
vn -0.5779 -0.6388 0.5079
vn -0.7645 -0.0429 0.6431
vn -0.6997 0.3569 0.6189
vn -0.9414 -0.1416 0.3063
vn -0.9105 0.2178 0.3516
vn -0.9968 -0.0671 0.0438
vn -0.9678 0.2129 0.1344
vn -0.8736 0.3549 0.3329
vn -0.8591 0.0326 0.5108
vn -0.7248 0.5406 0.4271
vn -0.3753 -0.1490 0.9148
vn -0.2002 0.1502 0.9682
vn -0.7076 -0.6262 0.3273
vn -0.5876 0.2796 0.7593
vn -0.3237 0.5586 0.7637
vn 0.0075 0.2558 0.9667
vn -0.3113 0.7744 0.5508
vn -0.0659 0.5121 0.8564
vn -0.5358 0.7704 0.3456
vn -0.4724 0.7693 0.4300
vn -0.4154 0.8501 0.3237
vn -0.3390 0.9113 0.2336
vn -0.3228 0.8687 0.3758
vn -0.2352 0.9299 0.2828
vn -0.2305 0.8961 0.3793
vn -0.3048 0.8904 0.3380
vn -0.2064 0.9519 0.2266
vn -0.1765 0.9217 0.3455
vn -0.2195 0.7722 0.5962
vn -0.2336 0.7892 0.5680
vn -0.0513 0.3385 0.9396
vn -0.1376 0.3228 0.9364
vn -0.0603 0.2915 0.9547
vn -0.0905 0.2389 0.9668
vn -0.1604 0.4097 0.8980
vn -0.1217 0.1729 0.9774
vn -0.2033 0.6223 0.7560
vn -0.2408 0.8501 0.4684
vn -0.1785 0.1551 0.9716
vn -0.0547 0.2670 0.9621
vn -0.0786 0.2736 0.9586
vn -0.0415 -0.5669 0.8228
vn -0.0388 0.2561 0.9659
vn -0.1197 -0.3077 0.9439
vn 0.0185 -0.9395 0.3420
vn -0.1442 -0.9341 0.3267
vn -0.4901 -0.4254 0.7609
vn -0.3488 -0.7190 0.6011
vn -0.1412 -0.6911 0.7088
vn -0.1249 0.1664 0.9781
vn -0.1535 0.1313 0.9794
vn -0.2309 0.1349 0.9636
vn -0.3688 -0.5060 0.7797
vn -0.2377 -0.4484 0.8617
vn -0.0711 -0.0947 0.9930
vn -0.2282 -0.9046 0.3601
vn 0.1181 -0.5216 0.8450
vn -0.0498 -0.7046 0.7079
vn -0.0402 0.0324 0.9987
vn -0.0271 -0.4227 0.9059
vn -0.1049 0.0787 0.9914
vn -0.0742 0.1562 0.9849
vn 0.0347 0.0942 0.9949
vn -0.0743 0.1753 0.9817
vn -0.3728 -0.0052 0.9279
vn 0.1157 -0.4628 0.8789
vn -0.3863 0.2727 0.8811
vn -0.6695 -0.7147 -0.2024
vn -0.4941 0.8269 0.2685
vn -0.2077 0.8586 0.4686
vn -0.1729 0.8768 0.4486
vn -0.0389 0.9818 0.1860
vn 0.0036 0.9611 0.2760
vn -0.0161 0.9807 0.1947
vn 0.0309 0.9760 0.2154
vn -0.0358 0.9851 0.1683
vn -0.0286 0.9786 0.2038
vn -0.0423 0.9983 -0.0402
vn 0.1322 -0.8863 0.4438
vn -0.1400 -0.7843 0.6044
vn -0.0624 -0.5535 0.8305
vn 0.0969 -0.7908 0.6044
vn 0.0443 -0.6869 0.7254
vn -0.1998 -0.7898 0.5799
vn -0.1310 -0.7708 0.6235
vn -0.4025 -0.6845 0.6078
vn -0.3447 -0.3357 0.8766
vn -0.9082 -0.2859 0.3057
vn -0.9017 0.4305 0.0406
vn -0.4841 0.8098 -0.3315
vn -0.5749 0.6770 -0.4595
vn -0.3613 -0.8842 0.2961
vn -0.3120 -0.9411 0.1301
vn -0.2688 -0.9612 -0.0626
vn -0.2476 -0.9673 -0.0555
vn -0.2303 -0.9606 -0.1557
vn -0.2708 -0.9381 -0.2159
vn -0.1906 -0.9636 -0.1876
vn -0.2338 -0.9552 -0.1817
vn -0.2290 -0.9658 -0.1220
vn -0.2076 -0.9655 -0.1571
vn -0.2799 -0.9541 0.1066
vn -0.2913 -0.8496 0.4398
vn -0.2060 -0.9625 0.1766
vn -0.3084 -0.9318 0.1917
vn -0.1846 -0.9807 -0.0644
vn -0.2812 -0.9462 0.1601
vn -0.2650 -0.9539 -0.1412
vn -0.3108 -0.9501 0.0268
vn -0.3338 -0.9289 0.1605
vn -0.2350 -0.9246 0.2997
vn -0.2090 -0.9710 0.1163
vn 0.0566 -0.9934 0.0997
vn -0.2601 -0.7329 0.6287
vn -0.1715 -0.7101 0.6829
vn -0.2495 -0.9493 0.1910
vn -0.1756 -0.6418 0.7465
vn -0.1313 -0.9178 0.3747
vn 0.1744 -0.8113 0.5580
vn -0.2609 -0.9375 0.2301
vn 0.0210 -0.9034 0.4282
vn -0.1769 -0.9698 0.1677
vn -0.1800 -0.9466 0.2676
vn -0.2387 -0.7824 0.5752
vn 0.0581 -0.8049 -0.5905
vn 0.6895 -0.7221 0.0559
vn 0.2922 -0.9259 -0.2396
vn -0.1184 -0.7777 -0.6174
vn -0.0101 -0.3686 -0.9295
vn -0.0875 -0.7935 -0.6022
vn -0.1031 -0.8267 -0.5532
vn 0.7925 0.4320 0.4305
vn 0.7901 0.4428 0.4239
vn 0.6282 0.5082 0.5892
vn 0.7412 0.6016 0.2979
vn 0.6486 0.5308 0.5455
vn 0.9430 0.2963 0.1514
vn 0.8214 0.5603 -0.1066
vn 0.7476 0.5157 0.4186
vn 0.4911 0.8561 0.1607
vn 0.4223 0.8740 0.2403
vn 0.4910 0.8693 0.0567
vn 0.5047 0.8560 0.1123
vn 0.3989 0.9061 0.1411
vn 0.4727 0.8678 0.1529
vn 0.4784 0.8759 0.0626
vn 0.5447 0.8370 0.0517
vn 0.4145 0.9094 0.0350
vn 0.5935 0.8044 0.0287
vn 0.4745 0.8795 0.0367
vn 0.5234 0.8499 0.0619
vn 0.2241 0.9710 0.0832
vn 0.2932 0.9512 0.0961
vn 0.2254 0.9690 0.1007
vn 0.2487 0.9660 0.0705
vn 0.2274 0.9695 0.0911
vn 0.2401 0.9661 0.0947
vn 0.2139 0.9662 0.1439
vn 0.8262 0.2409 0.5092
vn 0.7921 0.3675 0.4874
vn 0.7203 0.5418 0.4330
vn 0.8048 0.3713 0.4631
vn 0.8281 0.4407 0.3464
vn 0.7135 0.5230 0.4663
vn 0.7145 0.5905 0.3753
vn 0.6188 -0.2041 0.7586
vn 0.6467 -0.3329 0.6863
vn 0.6688 0.6235 0.4048
vn 0.6040 0.7436 0.2868
vn 0.2520 0.4081 0.8775
vn 0.5833 0.7583 0.2910
vn 0.3408 0.9021 0.2646
vn 0.1414 -0.3744 0.9164
vn -0.0042 -0.9552 0.2960
vn 0.1166 -0.7579 0.6418
vn 0.0408 -0.9522 0.3026
vn 0.4354 0.3195 0.8416
vn 0.8442 0.1979 0.4982
vn 0.3448 0.4743 0.8100
vn 0.8118 0.5690 0.1310
vn 0.0774 0.9891 0.1251
vn -0.0260 0.9805 0.1950
vn -0.0927 0.9704 0.2231
vn -0.0430 0.9892 0.1405
vn -0.1220 0.9814 0.1484
vn -0.0778 0.9944 0.0716
vn -0.1766 0.9787 0.1047
vn -0.1339 0.9910 0.0014
vn -0.0895 0.9849 -0.1483
vn -0.1670 0.9809 -0.0996
vn -0.2297 0.9465 -0.2266
vn -0.1590 0.9617 -0.2231
vn -0.2319 0.9080 -0.3489
vn -0.0641 0.9681 -0.2422
vn -0.1493 0.9302 -0.3354
vn -0.1531 0.8907 -0.4280
vn -0.2126 0.8794 -0.4259
vn -0.0699 0.9342 -0.3500
vn -0.0894 0.8916 -0.4440
vn -0.0256 0.9311 -0.3638
vn -0.0220 0.9243 -0.3809
vn 0.0146 0.9311 -0.3644
vn 0.0313 0.9576 -0.2862
vn -0.0333 0.9098 -0.4137
vn -0.0806 0.8844 -0.4598
vn 0.0036 0.9124 -0.4093
vn -0.0460 0.9377 -0.3444
vn -0.1297 0.8972 -0.4222
vn -0.1074 0.9441 -0.3117
vn -0.0937 0.9767 -0.1928
vn -0.1417 0.9719 -0.1880
vn -0.1184 0.9838 -0.1346
vn -0.1400 0.9772 -0.1599
vn -0.1695 0.9571 -0.2351
vn -0.2378 0.5172 -0.8222
vn -0.1657 0.8494 -0.5011
vn -0.2408 0.8134 -0.5296
vn -0.2236 0.8513 -0.4746
vn -0.2306 0.8113 -0.5372
vn -0.2641 0.8197 -0.5083
vn -0.2962 0.8448 -0.4456
vn -0.3162 0.8959 -0.3121
vn -0.3734 0.8584 -0.3517
vn -0.3269 0.7621 -0.5588
vn -0.1887 0.9601 0.2062
vn -0.2769 0.9160 0.2902
vn -0.1578 0.9519 0.2625
vn -0.1769 0.8854 0.4300
vn -0.2996 0.7969 0.5246
vn -0.2676 0.5990 0.7547
vn -0.2107 0.8278 0.5199
vn -0.2340 0.7017 0.6730
vn -0.7196 0.5240 0.4556
vn -0.4175 0.8358 0.3567
vn -0.7398 -0.4534 -0.4971
vn 0.1743 -0.1625 -0.9712
vn 0.3747 -0.4396 -0.8163
vn 0.2490 -0.8289 -0.5010
vn 0.2400 -0.7564 -0.6085
vt 0.082232 0.969806
vt 0.075917 0.962745
vt 0.082964 0.964947
vt 0.082157 0.960573
vt 0.087868 0.961196
vt 0.086493 0.969448
vt 0.086611 0.965642
vt 0.090765 0.963392
vt 0.087992 0.956445
vt 0.094160 0.959314
vt 0.092355 0.968379
vt 0.100498 0.967810
vt 0.101101 0.962578
vt 0.107118 0.966671
vt 0.105278 0.955735
vt 0.100255 0.958868
vt 0.106983 0.963484
vt 0.099283 0.954521
vt 0.104793 0.947136
vt 0.095980 0.950083
vt 0.096854 0.944234
vt 0.104036 0.939995
vt 0.111951 0.941671
vt 0.109371 0.949028
vt 0.116040 0.938802
vt 0.116452 0.945554
vt 0.110780 0.935669
vt 0.115582 0.932184
vt 0.104549 0.933510
vt 0.111734 0.927391
vt 0.115275 0.926793
vt 0.110075 0.925363
vt 0.113629 0.921964
vt 0.108389 0.921468
vt 0.100030 0.929340
vt 0.105245 0.924749
vt 0.100026 0.924244
vt 0.096416 0.925297
vt 0.096671 0.918761
vt 0.103668 0.920255
vt 0.098515 0.925901
vt 0.092112 0.925049
vt 0.092279 0.930663
vt 0.096167 0.930973
vt 0.095760 0.935024
vt 0.101086 0.937947
vt 0.097185 0.938655
vt 0.093006 0.938793
vt 0.089287 0.937180
vt 0.093998 0.943740
vt 0.089755 0.941642
vt 0.091598 0.947546
vt 0.092423 0.953380
vt 0.087886 0.949855
vt 0.083872 0.944683
vt 0.081167 0.948423
vt 0.079559 0.943695
vt 0.082677 0.941651
vt 0.079434 0.938548
vt 0.082692 0.937204
vt 0.072905 0.935816
vt 0.086077 0.932695
vt 0.076627 0.933837
vt 0.080998 0.931960
vt 0.084808 0.926438
vt 0.080609 0.920519
vt 0.087756 0.921520
vt 0.077961 0.926696
vt 0.071671 0.926901
vt 0.074123 0.921768
vt 0.071253 0.931468
vt 0.065912 0.922652
vt 0.058138 0.918770
vt 0.062155 0.916366
vt 0.059347 0.926536
vt 0.065644 0.916333
vt 0.064496 0.929173
vt 0.071354 0.918528
vt 0.068651 0.912326
vt 0.074789 0.913418
vt 0.281107 0.840178
vt 0.287198 0.840168
vt 0.283686 0.845438
vt 0.277280 0.840090
vt 0.078610 0.914299
vt 0.275508 0.844871
vt 0.272990 0.840172
vt 0.082956 0.915090
vt 0.267779 0.844898
vt 0.273852 0.850620
vt 0.282008 0.852519
vt 0.264543 0.852525
vt 0.271236 0.856347
vt 0.277939 0.856082
vt 0.280397 0.863128
vt 0.274305 0.866921
vt 0.268194 0.864641
vt 0.272269 0.873023
vt 0.283629 0.873858
vt 0.287570 0.869490
vt 0.294735 0.875201
vt 0.291492 0.863095
vt 0.302547 0.861975
vt 0.298750 0.868155
vt 0.296027 0.856634
vt 0.286949 0.859880
vt 0.286721 0.853544
vt 0.289749 0.847421
vt 0.293896 0.850868
vt 0.294469 0.841321
vt 0.305812 0.851231
vt 0.306328 0.856783
vt 0.302802 0.845365
vt 0.301177 0.840315
vt 0.307948 0.840817
vt 0.311063 0.841563
vt 0.312782 0.849748
vt 0.048489 0.907615
vt 0.055089 0.909594
vt 0.051189 0.913387
vt 0.058512 0.914491
vt 0.058762 0.910910
vt 0.061278 0.910671
vt 0.053814 0.919691
vt 0.053833 0.925010
vt 0.046021 0.922926
vt 0.045713 0.918193
vt 0.046397 0.926344
vt 0.060819 0.931331
vt 0.055102 0.931902
vt 0.062102 0.940066
vt 0.065116 0.937674
vt 0.065071 0.940138
vt 0.068293 0.934976
vt 0.069242 0.941238
vt 0.072839 0.939836
vt 0.075517 0.942013
vt 0.075800 0.950987
vt 0.071805 0.948990
vt 0.080710 0.954436
vt 0.078796 0.958277
vt 0.074424 0.956868
vt 0.068983 0.959803
vt 0.068247 0.952045
vt 0.062578 0.953929
vt 0.064197 0.946531
vt 0.053665 0.952267
vt 0.059269 0.949120
vt 0.058313 0.956935
vt 0.064439 0.960367
vt 0.060453 0.964604
vt 0.053131 0.956196
vt 0.051041 0.960447
vt 0.054969 0.962320
vt 0.048267 0.953377
vt 0.051493 0.947238
vt 0.044022 0.956669
vt 0.043795 0.950505
vt 0.044355 0.945312
vt 0.039181 0.952684
vt 0.036917 0.947556
vt 0.033710 0.949674
vt 0.643817 0.266699
vt 0.641620 0.260720
vt 0.643769 0.259886
vt 0.640248 0.254454
vt 0.647418 0.257581
vt 0.649547 0.265654
vt 0.643388 0.251815
vt 0.646758 0.246336
vt 0.648457 0.251382
vt 0.638802 0.245280
vt 0.637584 0.246741
vt 0.652985 0.247462
vt 0.642066 0.240612
vt 0.650458 0.238738
vt 0.654698 0.254754
vt 0.655831 0.242105
vt 0.657338 0.248133
vt 0.652090 0.260252
vt 0.658259 0.263168
vt 0.661315 0.256006
vt 0.664730 0.251401
vt 0.668592 0.257582
vt 0.664477 0.260670
vt 0.665612 0.244977
vt 0.671315 0.249138
vt 0.671650 0.253591
vt 0.672443 0.243767
vt 0.677642 0.252459
vt 0.680387 0.245682
vt 0.682583 0.256278
vt 0.675143 0.258280
vt 0.686304 0.251642
vt 0.685928 0.247193
vt 0.690768 0.247014
vt 0.690202 0.241329
vt 0.684898 0.238332
vt 0.694201 0.242715
vt 0.697108 0.249755
vt 0.692427 0.252614
vt 0.694335 0.261253
vt 0.689737 0.258751
vt 0.699531 0.256539
vt 0.701114 0.261515
vt 0.702716 0.249243
vt 0.704915 0.255049
vt 0.710597 0.249580
vt 0.707318 0.260020
vt 0.710914 0.253721
vt 0.715528 0.250975
vt 0.712667 0.244821
vt 0.704585 0.241083
vt 0.720992 0.246640
vt 0.721192 0.240228
vt 0.712593 0.240571
vt 0.728059 0.238420
vt 0.722718 0.232729
vt 0.717987 0.233900
vt 0.721249 0.223958
vt 0.712830 0.230463
vt 0.706666 0.235689
vt 0.706136 0.231303
vt 0.706858 0.223644
vt 0.713022 0.222556
vt 0.714112 0.215901
vt 0.705922 0.216549
vt 0.714242 0.210603
vt 0.722308 0.212910
vt 0.722240 0.203143
vt 0.727440 0.202789
vt 0.728907 0.217497
vt 0.726929 0.220839
vt 0.729693 0.211796
vt 0.733916 0.206460
vt 0.733617 0.199705
vt 0.728680 0.195595
vt 0.718434 0.195971
vt 0.710628 0.193709
vt 0.717084 0.190390
vt 0.714551 0.203709
vt 0.725474 0.190907
vt 0.718713 0.184899
vt 0.725743 0.179420
vt 0.728991 0.186625
vt 0.722913 0.174819
vt 0.735691 0.171050
vt 0.732636 0.180455
vt 0.740060 0.177983
vt 0.740051 0.184425
vt 0.749481 0.181391
vt 0.750807 0.174917
vt 0.743959 0.167853
vt 0.750694 0.164243
vt 0.758823 0.176981
vt 0.756431 0.168986
vt 0.742712 0.158218
vt 0.755471 0.158577
vt 0.746940 0.153030
vt 0.735524 0.153985
vt 0.733915 0.164003
vt 0.743283 0.142293
vt 0.727655 0.151068
vt 0.733675 0.144108
vt 0.738539 0.135014
vt 0.743972 0.130375
vt 0.750965 0.137079
vt 0.751091 0.146075
vt 0.755642 0.131571
vt 0.757858 0.141663
vt 0.762490 0.130033
vt 0.754477 0.122085
vt 0.743711 0.120836
vt 0.748287 0.113432
vt 0.736300 0.123185
vt 0.735562 0.112877
vt 0.741161 0.105994
vt 0.751670 0.101211
vt 0.745901 0.094857
vt 0.733530 0.104378
vt 0.738186 0.098809
vt 0.738420 0.090795
vt 0.744621 0.087315
vt 0.756586 0.094579
vt 0.749035 0.084695
vt 0.756516 0.085241
vt 0.749743 0.078016
vt 0.739120 0.077142
vt 0.739707 0.083885
vt 0.732891 0.086781
vt 0.739026 0.067379
vt 0.730849 0.074124
vt 0.743699 0.069159
vt 0.729113 0.093944
vt 0.727179 0.082831
vt 0.723214 0.101472
vt 0.721284 0.095275
vt 0.724864 0.091022
vt 0.718209 0.084819
vt 0.712168 0.091853
vt 0.710369 0.099566
vt 0.715700 0.107510
vt 0.705222 0.107873
vt 0.700270 0.100320
vt 0.701427 0.091712
vt 0.693848 0.098081
vt 0.698892 0.086072
vt 0.708126 0.083489
vt 0.687659 0.095477
vt 0.693045 0.090269
vt 0.687546 0.104289
vt 0.694635 0.110912
vt 0.681117 0.105640
vt 0.681392 0.101061
vt 0.683684 0.110033
vt 0.677950 0.118042
vt 0.677318 0.112883
vt 0.682591 0.116503
vt 0.667078 0.114963
vt 0.673941 0.108344
vt 0.668065 0.110012
vt 0.671313 0.106699
vt 0.674503 0.104023
vt 0.669183 0.101392
vt 0.676906 0.101810
vt 0.667849 0.104114
vt 0.679010 0.096063
vt 0.671718 0.098986
vt 0.671302 0.095975
vt 0.671463 0.093050
vt 0.676449 0.090732
vt 0.444843 0.978996
vt 0.455668 0.975451
vt 0.454495 0.981094
vt 0.445616 0.982361
vt 0.458879 0.980308
vt 0.672717 0.088483
vt 0.464354 0.980798
vt 0.678049 0.086845
vt 0.674853 0.083084
vt 0.677584 0.077943
vt 0.470071 0.977413
vt 0.469856 0.980214
vt 0.465260 0.977006
vt 0.472804 0.978006
vt 0.467561 0.970042
vt 0.477199 0.970756
vt 0.457926 0.972371
vt 0.459869 0.966769
vt 0.466493 0.962935
vt 0.473810 0.967994
vt 0.475361 0.960855
vt 0.481685 0.959076
vt 0.473340 0.955438
vt 0.462935 0.956065
vt 0.464099 0.949355
vt 0.477847 0.952000
vt 0.472922 0.948073
vt 0.473899 0.942430
vt 0.464925 0.941499
vt 0.478338 0.941520
vt 0.480630 0.946497
vt 0.490487 0.948541
vt 0.486314 0.943149
vt 0.484844 0.951347
vt 0.488332 0.957656
vt 0.496845 0.956127
vt 0.493211 0.959498
vt 0.486565 0.963096
vt 0.485048 0.968682
vt 0.490037 0.965225
vt 0.491526 0.972954
vt 0.494268 0.967480
vt 0.486400 0.974859
vt 0.688894 0.056658
vt 0.681742 0.060342
vt 0.683560 0.054940
vt 0.497988 0.970177
vt 0.685405 0.047853
vt 0.697210 0.063478
vt 0.691118 0.066109
vt 0.681367 0.063054
vt 0.698604 0.057696
vt 0.695079 0.050736
vt 0.696550 0.045403
vt 0.701767 0.047478
vt 0.698925 0.041180
vt 0.706693 0.042288
vt 0.691363 0.043899
vt 0.686967 0.041994
vt 0.688625 0.036720
vt 0.695822 0.036942
vt 0.698406 0.029181
vt 0.502877 0.960453
vt 0.510767 0.958615
vt 0.507996 0.965411
vt 0.512758 0.963335
vt 0.690239 0.031580
vt 0.503143 0.967502
vt 0.692362 0.025666
vt 0.698492 0.019362
vt 0.705321 0.023378
vt 0.706315 0.029996
vt 0.704296 0.034356
vt 0.712508 0.032591
vt 0.707532 0.038653
vt 0.711241 0.030072
vt 0.715176 0.025488
vt 0.719595 0.031442
vt 0.719752 0.034891
vt 0.713725 0.037017
vt 0.716937 0.039163
vt 0.712022 0.040132
vt 0.719186 0.042927
vt 0.723897 0.039932
vt 0.721361 0.036880
vt 0.728786 0.032724
vt 0.730467 0.039114
vt 0.732358 0.032990
vt 0.730936 0.026868
vt 0.724924 0.027525
vt 0.718434 0.020948
vt 0.723074 0.022918
vt 0.726313 0.022526
vt 0.724402 0.015189
vt 0.729662 0.018137
vt 0.730808 0.022962
vt 0.721115 0.017791
vt 0.735547 0.020402
vt 0.735929 0.024707
vt 0.739193 0.022230
vt 0.741070 0.028666
vt 0.659437 0.943215
vt 0.664771 0.946161
vt 0.661242 0.946839
vt 0.661074 0.950129
vt 0.741792 0.024297
vt 0.664146 0.952265
vt 0.662819 0.955645
vt 0.746841 0.027134
vt 0.667748 0.956359
vt 0.669726 0.946187
vt 0.669856 0.938848
vt 0.674503 0.945105
vt 0.673213 0.951803
vt 0.665971 0.943370
vt 0.679580 0.952732
vt 0.675828 0.957644
vt 0.673475 0.959776
vt 0.680272 0.962961
vt 0.682893 0.960454
vt 0.686742 0.950516
vt 0.689547 0.955990
vt 0.694496 0.961741
vt 0.693115 0.965043
vt 0.685500 0.967452
vt 0.695289 0.950897
vt 0.695853 0.945683
vt 0.688766 0.946358
vt 0.680687 0.945389
vt 0.704115 0.939713
vt 0.708060 0.944972
vt 0.696584 0.935389
vt 0.691703 0.936065
vt 0.699806 0.928859
vt 0.694654 0.928579
vt 0.703827 0.933265
vt 0.709881 0.927364
vt 0.709351 0.931789
vt 0.705028 0.936428
vt 0.701669 0.926324
vt 0.711246 0.935657
vt 0.715155 0.937270
vt 0.716708 0.933076
vt 0.715925 0.927805
vt 0.721852 0.929561
vt 0.724121 0.937578
vt 0.723858 0.930220
vt 0.729460 0.941740
vt 0.726938 0.946240
vt 0.733550 0.932333
vt 0.715268 0.946360
vt 0.733820 0.949427
vt 0.731475 0.955553
vt 0.717952 0.952893
vt 0.723282 0.956965
vt 0.713963 0.963816
vt 0.729242 0.962976
vt 0.716978 0.970344
vt 0.711223 0.971609
vt 0.707770 0.959592
vt 0.701824 0.968747
vt 0.698825 0.959666
vt 0.706296 0.953383
vt 0.696450 0.954996
vt 0.707656 0.974948
vt 0.701883 0.974638
vt 0.696619 0.971331
vt 0.704831 0.980700
vt 0.705814 0.978279
vt 0.699567 0.980954
vt 0.697988 0.979103
vt 0.695333 0.978461
vt 0.695483 0.981235
vt 0.698252 0.984305
vt 0.692783 0.983982
vt 0.692680 0.976856
vt 0.688212 0.973479
vt 0.691303 0.972072
vt 0.687097 0.980541
vt 0.689481 0.982491
vt 0.784794 0.027173
vt 0.787708 0.030832
vt 0.781558 0.027428
vt 0.787016 0.034000
vt 0.777633 0.026698
vt 0.779907 0.032861
vt 0.685595 0.976989
vt 0.681167 0.972475
vt 0.773692 0.029879
vt 0.771407 0.027345
vt 0.677023 0.968689
vt 0.681472 0.969501
vt 0.768199 0.031559
vt 0.765767 0.027789
vt 0.762272 0.029865
vt 0.758193 0.028867
vt 0.675759 0.964309
vt 0.670672 0.963936
vt 0.757542 0.031603
vt 0.753091 0.028726
vt 0.666894 0.960576
vt 0.751673 0.032865
vt 0.750537 0.038943
vt 0.756623 0.035388
vt 0.743280 0.037701
vt 0.744447 0.031699
vt 0.738273 0.036138
vt 0.742839 0.045370
vt 0.748466 0.046195
vt 0.735259 0.043018
vt 0.737582 0.050237
vt 0.741991 0.052248
vt 0.746698 0.054497
vt 0.753159 0.046856
vt 0.757837 0.044566
vt 0.760050 0.050182
vt 0.757748 0.054370
vt 0.751126 0.054706
vt 0.760160 0.040191
vt 0.762816 0.045039
vt 0.762064 0.034153
vt 0.764767 0.041505
vt 0.768990 0.034995
vt 0.768621 0.043933
vt 0.763079 0.052360
vt 0.767842 0.051119
vt 0.774200 0.047168
vt 0.772883 0.051871
vt 0.777850 0.040874
vt 0.773083 0.037609
vt 0.780196 0.054719
vt 0.777174 0.057209
vt 0.773757 0.057434
vt 0.770053 0.056593
vt 0.780237 0.061101
vt 0.778585 0.063954
vt 0.772494 0.060802
vt 0.777996 0.068394
vt 0.782145 0.065544
vt 0.780953 0.068095
vt 0.783527 0.069080
vt 0.784049 0.074471
vt 0.786432 0.079235
vt 0.789981 0.078705
vt 0.786171 0.073558
vt 0.783886 0.079466
vt 0.779207 0.081378
vt 0.776550 0.076534
vt 0.787844 0.085198
vt 0.784976 0.091378
vt 0.776818 0.085642
vt 0.772824 0.077810
vt 0.773845 0.081347
vt 0.770490 0.087781
vt 0.766418 0.077554
vt 0.764173 0.085687
vt 0.767554 0.095651
vt 0.776371 0.096000
vt 0.777489 0.091103
vt 0.786737 0.097321
vt 0.782910 0.098603
vt 0.785379 0.107695
vt 0.777393 0.102468
vt 0.771149 0.111907
vt 0.772076 0.103424
vt 0.779396 0.110280
vt 0.776316 0.116841
vt 0.782823 0.120724
vt 0.785885 0.115158
vt 0.789961 0.122914
vt 0.784237 0.131889
vt 0.779076 0.128261
vt 0.789482 0.130959
vt 0.794889 0.128047
vt 0.796443 0.118698
vt 0.786953 0.139181
vt 0.794504 0.138156
vt 0.783071 0.148967
vt 0.780144 0.142097
vt 0.790643 0.149880
vt 0.795511 0.145617
vt 0.795872 0.156813
vt 0.789692 0.158715
vt 0.786074 0.154053
vt 0.781777 0.163690
vt 0.780754 0.158264
vt 0.778765 0.169722
vt 0.784391 0.168678
vt 0.790844 0.164597
vt 0.776216 0.162944
vt 0.770543 0.164819
vt 0.776064 0.155618
vt 0.768548 0.153126
vt 0.762462 0.151406
vt 0.767273 0.141545
vt 0.762383 0.158379
vt 0.776017 0.148590
vt 0.770399 0.136199
vt 0.777907 0.134953
vt 0.772132 0.130267
vt 0.771932 0.121892
vt 0.763727 0.120353
vt 0.764553 0.112597
vt 0.758507 0.114710
vt 0.755646 0.108700
vt 0.761020 0.102631
vt 0.766179 0.104404
vt 0.763910 0.093142
vt 0.761735 0.165216
vt 0.766470 0.173400
vt 0.764572 0.181015
vt 0.772991 0.174149
vt 0.777341 0.178701
vt 0.758952 0.184264
vt 0.767797 0.184907
vt 0.773322 0.182739
vt 0.761955 0.192104
vt 0.767034 0.191740
vt 0.780125 0.187077
vt 0.775517 0.190404
vt 0.771127 0.196017
vt 0.756884 0.197790
vt 0.762257 0.200947
vt 0.766607 0.204143
vt 0.775132 0.202705
vt 0.780021 0.200040
vt 0.781099 0.193855
vt 0.785923 0.187693
vt 0.786168 0.198173
vt 0.790130 0.195368
vt 0.789186 0.204534
vt 0.795493 0.200074
vt 0.792688 0.202809
vt 0.792409 0.206305
vt 0.786242 0.205561
vt 0.787961 0.208866
vt 0.783780 0.210470
vt 0.780650 0.207607
vt 0.789445 0.216524
vt 0.782332 0.212616
vt 0.779923 0.212185
vt 0.781545 0.215939
vt 0.786977 0.219027
vt 0.774079 0.213451
vt 0.776028 0.218991
vt 0.782146 0.222305
vt 0.772571 0.217611
vt 0.778215 0.223298
vt 0.770776 0.221899
vt 0.768973 0.214237
vt 0.773519 0.211522
vt 0.775507 0.208401
vt 0.766598 0.215614
vt 0.768189 0.208536
vt 0.759800 0.210037
vt 0.762915 0.216942
vt 0.764868 0.221423
vt 0.764358 0.225432
vt 0.767870 0.223731
vt 0.769333 0.229528
vt 0.765695 0.231561
vt 0.760052 0.228649
vt 0.757625 0.223677
vt 0.756067 0.215908
vt 0.758710 0.217884
vt 0.755192 0.224336
vt 0.753425 0.217980
vt 0.750565 0.226908
vt 0.755811 0.231497
vt 0.746086 0.220361
vt 0.752282 0.213693
vt 0.743615 0.213845
vt 0.745364 0.226022
vt 0.737603 0.226290
vt 0.747828 0.232182
vt 0.738309 0.233472
vt 0.749831 0.236875
vt 0.751329 0.244244
vt 0.747772 0.242451
vt 0.740278 0.238669
vt 0.756915 0.240126
vt 0.761194 0.236006
vt 0.757333 0.243864
vt 0.764006 0.241288
vt 0.764951 0.244911
vt 0.773551 0.242318
vt 0.767549 0.237307
vt 0.771835 0.235142
vt 0.776805 0.227328
vt 0.780738 0.237618
vt 0.782360 0.230322
vt 0.779561 0.245698
vt 0.787104 0.240414
vt 0.785760 0.249898
vt 0.790462 0.247152
vt 0.791939 0.235747
vt 0.787997 0.233351
vt 0.791837 0.251378
vt 0.785060 0.256569
vt 0.776721 0.250516
vt 0.779406 0.257505
vt 0.767390 0.251313
vt 0.772602 0.255498
vt 0.764245 0.260649
vt 0.760463 0.255137
vt 0.772853 0.262284
vt 0.782401 0.260043
vt 0.778944 0.264330
vt 0.787331 0.266271
vt 0.788633 0.262251
vt 0.792784 0.268098
vt 0.795488 0.262735
vt 0.793448 0.256615
vt 0.789187 0.267039
vt 0.047154 0.538091
vt 0.049098 0.534415
vt 0.050566 0.535551
vt 0.052233 0.543656
vt 0.054072 0.536464
vt 0.056593 0.543752
vt 0.049952 0.550110
vt 0.046879 0.542399
vt 0.042186 0.535621
vt 0.046041 0.547130
vt 0.044285 0.550210
vt 0.046970 0.554391
vt 0.043842 0.557569
vt 0.040281 0.549173
vt 0.039488 0.542289
vt 0.039307 0.555395
vt 0.036059 0.546222
vt 0.037146 0.553824
vt 0.038988 0.561305
vt 0.031783 0.562788
vt 0.034336 0.565786
vt 0.025419 0.564053
vt 0.029630 0.559291
vt 0.027035 0.560513
vt 0.027125 0.557686
vt 0.032975 0.553195
vt 0.024771 0.551972
vt 0.016476 0.554155
vt 0.021665 0.559538
vt 0.023846 0.543208
vt 0.030245 0.545454
vt 0.017327 0.546754
vt 0.031725 0.539523
vt 0.025061 0.535056
vt 0.032790 0.534301
vt 0.028877 0.533771
vt 0.036514 0.539080
vt 0.019726 0.540494
vt 0.019716 0.535144
vt 0.019436 0.531465
vt 0.025484 0.529050
vt 0.028815 0.527076
vt 0.025624 0.522348
vt 0.028891 0.531045
vt 0.028993 0.523619
vt 0.032789 0.526485
vt 0.035581 0.530316
vt 0.034842 0.524677
vt 0.033626 0.521207
vt 0.032128 0.518279
vt 0.039446 0.518602
vt 0.036737 0.514230
vt 0.029346 0.516445
vt 0.031837 0.515635
vt 0.031852 0.511701
vt 0.031458 0.508765
vt 0.034079 0.509002
vt 0.027816 0.515106
vt 0.027920 0.507385
vt 0.031453 0.502777
vt 0.033866 0.505188
vt 0.026830 0.501517
vt 0.032608 0.498678
vt 0.028847 0.496919
vt 0.757447 0.299898
vt 0.760931 0.296598
vt 0.762457 0.300118
vt 0.760411 0.303668
vt 0.037019 0.501944
vt 0.764195 0.294837
vt 0.754792 0.298428
vt 0.758125 0.294431
vt 0.753532 0.301236
vt 0.749877 0.300984
vt 0.754640 0.294682
vt 0.019348 0.490747
vt 0.023206 0.491570
vt 0.020140 0.495003
vt 0.016160 0.488287
vt 0.748688 0.297376
vt 0.746005 0.300403
vt 0.015642 0.497475
vt 0.012832 0.491770
vt 0.014144 0.486646
vt 0.744439 0.298390
vt 0.353812 0.902633
vt 0.352759 0.913296
vt 0.349223 0.903452
vt 0.735983 0.301645
vt 0.740209 0.299048
vt 0.345150 0.911352
vt 0.742786 0.296007
vt 0.745363 0.295638
vt 0.348125 0.915657
vt 0.741284 0.290586
vt 0.745546 0.290845
vt 0.740716 0.295173
vt 0.738896 0.293393
vt 0.736672 0.299754
vt 0.729308 0.298364
vt 0.733950 0.296241
vt 0.729588 0.303376
vt 0.731020 0.293913
vt 0.722576 0.301214
vt 0.724626 0.294254
vt 0.736873 0.289383
vt 0.727821 0.287812
vt 0.723767 0.289807
vt 0.722563 0.282138
vt 0.728653 0.279845
vt 0.733338 0.287086
vt 0.731011 0.275440
vt 0.724246 0.275552
vt 0.735287 0.277385
vt 0.735714 0.282482
vt 0.738882 0.280742
vt 0.740595 0.286373
vt 0.745629 0.288550
vt 0.743538 0.282968
vt 0.747170 0.283173
vt 0.751270 0.287990
vt 0.749296 0.292108
vt 0.754223 0.291538
vt 0.756250 0.286546
vt 0.753034 0.284251
vt 0.752186 0.280214
vt 0.759338 0.280822
vt 0.756260 0.276630
vt 0.747421 0.276512
vt 0.756424 0.272895
vt 0.745082 0.270823
vt 0.740907 0.275414
vt 0.742138 0.264391
vt 0.746728 0.264767
vt 0.753552 0.266450
vt 0.738014 0.269931
vt 0.747670 0.260551
vt 0.754756 0.263240
vt 0.760045 0.265494
vt 0.753579 0.259576
vt 0.759152 0.259838
vt 0.754776 0.256697
vt 0.757183 0.248257
vt 0.762930 0.250343
vt 0.750771 0.253581
vt 0.747092 0.251495
vt 0.747379 0.257156
vt 0.743651 0.249689
vt 0.740600 0.254859
vt 0.740461 0.259353
vt 0.734428 0.250476
vt 0.735674 0.255937
vt 0.732594 0.253371
vt 0.732237 0.258850
vt 0.736653 0.262553
vt 0.730630 0.247174
vt 0.730177 0.261945
vt 0.725960 0.258452
vt 0.728196 0.253359
vt 0.735582 0.242885
vt 0.732293 0.239902
vt 0.725665 0.248926
vt 0.719080 0.255473
vt 0.719927 0.260088
vt 0.712624 0.260151
vt 0.718276 0.264361
vt 0.713174 0.268044
vt 0.708134 0.265755
vt 0.725218 0.263785
vt 0.724021 0.270240
vt 0.718921 0.268548
vt 0.717176 0.271847
vt 0.717770 0.277323
vt 0.712240 0.276976
vt 0.710549 0.272350
vt 0.703014 0.275372
vt 0.709108 0.279991
vt 0.705963 0.270535
vt 0.696441 0.267206
vt 0.702967 0.265831
vt 0.698283 0.273209
vt 0.695350 0.279296
vt 0.699490 0.280120
vt 0.692847 0.272748
vt 0.690775 0.279539
vt 0.687312 0.274307
vt 0.683882 0.269410
vt 0.689064 0.265343
vt 0.681652 0.265027
vt 0.683700 0.261054
vt 0.676819 0.263387
vt 0.677261 0.268234
vt 0.670544 0.261980
vt 0.671768 0.268139
vt 0.666743 0.265640
vt 0.666191 0.270014
vt 0.669904 0.273293
vt 0.677698 0.272727
vt 0.683968 0.277394
vt 0.677458 0.277547
vt 0.678342 0.283557
vt 0.685498 0.281607
vt 0.684142 0.292196
vt 0.684531 0.287519
vt 0.676086 0.288088
vt 0.672321 0.283948
vt 0.691081 0.292018
vt 0.689979 0.286135
vt 0.697086 0.289727
vt 0.696249 0.284777
vt 0.702571 0.285904
vt 0.701870 0.292807
vt 0.704262 0.280507
vt 0.705705 0.287025
vt 0.696132 0.296176
vt 0.705279 0.296653
vt 0.699413 0.301527
vt 0.706269 0.305702
vt 0.708504 0.299971
vt 0.710609 0.291931
vt 0.711781 0.285330
vt 0.716134 0.289290
vt 0.714166 0.294208
vt 0.713745 0.299532
vt 0.719774 0.295753
vt 0.718118 0.301708
vt 0.716217 0.308928
vt 0.721035 0.306458
vt 0.712933 0.304708
vt 0.712082 0.310119
vt 0.708287 0.312883
vt 0.707340 0.311617
vt 0.702273 0.312979
vt 0.699589 0.315597
vt 0.699328 0.314170
vt 0.701346 0.307257
vt 0.696064 0.306473
vt 0.693349 0.313559
vt 0.690654 0.304909
vt 0.692866 0.299801
vt 0.687954 0.297529
vt 0.682404 0.299156
vt 0.684089 0.302562
vt 0.677255 0.299942
vt 0.674847 0.303340
vt 0.680489 0.307590
vt 0.686536 0.308964
vt 0.686323 0.315451
vt 0.681918 0.313398
vt 0.691930 0.316995
vt 0.686231 0.318297
vt 0.680233 0.318353
vt 0.672744 0.315086
vt 0.674403 0.318199
vt 0.675790 0.321408
vt 0.679909 0.321466
vt 0.683441 0.319737
vt 0.352593 0.849028
vt 0.353285 0.854310
vt 0.349507 0.847211
vt 0.354671 0.851148
vt 0.343202 0.850280
vt 0.347420 0.856977
vt 0.354977 0.856782
vt 0.353890 0.861020
vt 0.341995 0.860083
vt 0.353163 0.864123
vt 0.342539 0.869003
vt 0.338589 0.866343
vt 0.336455 0.855854
vt 0.339565 0.875811
vt 0.333112 0.862905
vt 0.347532 0.882696
vt 0.339757 0.887006
vt 0.331820 0.882476
vt 0.347997 0.872736
vt 0.328512 0.874400
vt 0.325775 0.868935
vt 0.319306 0.870118
vt 0.320713 0.878146
vt 0.314203 0.879916
vt 0.313594 0.885991
vt 0.322287 0.887720
vt 0.301320 0.887420
vt 0.306901 0.880277
vt 0.315198 0.894338
vt 0.308269 0.893405
vt 0.309778 0.902330
vt 0.301257 0.901734
vt 0.299107 0.895815
vt 0.289545 0.904323
vt 0.300808 0.909905
vt 0.294794 0.900092
vt 0.290816 0.911174
vt 0.301157 0.919129
vt 0.307142 0.915218
vt 0.311630 0.907840
vt 0.318123 0.912062
vt 0.322871 0.906338
vt 0.322488 0.899750
vt 0.333081 0.907555
vt 0.336437 0.916669
vt 0.322872 0.916127
vt 0.340406 0.902407
vt 0.330610 0.894333
vt 0.344814 0.894132
vt 0.323839 0.894316
vt 0.352120 0.894081
vt 0.352429 0.886598
vt 0.728207 0.305244
vt 0.724950 0.304543
vt 0.328437 0.924104
vt 0.322381 0.926349
vt 0.312789 0.922983
vt 0.314343 0.930730
vt 0.008629 0.520707
vt 0.006064 0.528452
vt 0.006819 0.519396
vt 0.011474 0.514582
vt 0.007780 0.512937
vt 0.008341 0.509671
vt 0.013698 0.510016
vt 0.014553 0.511754
vt 0.016093 0.515683
vt 0.013911 0.519905
vt 0.018963 0.522602
vt 0.016207 0.526343
vt 0.010012 0.526351
vt 0.011305 0.532552
vt 0.004942 0.533149
vt 0.306752 0.932078
vt 0.310443 0.933315
vt 0.008911 0.534025
vt 0.005031 0.540501
vt 0.305470 0.937871
vt 0.298928 0.931848
vt 0.303122 0.929093
vt 0.297273 0.924517
vt 0.287154 0.924921
vt 0.286472 0.919336
vt 0.282427 0.910804
vt 0.275285 0.915047
vt 0.278464 0.925173
vt 0.270748 0.922093
vt 0.275014 0.931321
vt 0.286103 0.931706
vt 0.281566 0.937310
vt 0.276853 0.939856
vt 0.268036 0.935846
vt 0.264317 0.926242
vt 0.285343 0.945099
vt 0.275938 0.950942
vt 0.272057 0.945836
vt 0.281789 0.959959
vt 0.282267 0.953204
vt 0.283095 0.948104
vt 0.271602 0.957115
vt 0.260585 0.955508
vt 0.265254 0.947652
vt 0.264804 0.961580
vt 0.271010 0.963646
vt 0.282968 0.965525
vt 0.279945 0.969844
vt 0.858658 0.924612
vt 0.852059 0.926487
vt 0.850536 0.917532
vt 0.845623 0.927278
vt 0.845091 0.921898
vt 0.844663 0.914713
vt 0.836885 0.923143
vt 0.838802 0.928770
vt 0.833303 0.927646
vt 0.838222 0.932760
vt 0.829062 0.932540
vt 0.830997 0.939504
vt 0.836314 0.938244
vt 0.844816 0.934254
vt 0.835121 0.943572
vt 0.833682 0.944325
vt 0.824423 0.944808
vt 0.826091 0.936993
vt 0.821390 0.935804
vt 0.822243 0.931109
vt 0.813002 0.931645
vt 0.828599 0.925048
vt 0.821751 0.921936
vt 0.816496 0.929623
vt 0.815393 0.936152
vt 0.812179 0.925648
vt 0.809630 0.929226
vt 0.805822 0.933465
vt 0.807150 0.938138
vt 0.808241 0.944883
vt 0.813912 0.940631
vt 0.800826 0.943755
vt 0.799096 0.934614
vt 0.799269 0.949351
vt 0.793253 0.940999
vt 0.803084 0.950618
vt 0.797136 0.939576
vt 0.795053 0.946262
vt 0.785955 0.942776
vt 0.789200 0.938558
vt 0.794290 0.935910
vt 0.794419 0.951663
vt 0.790519 0.947917
vt 0.787327 0.956369
vt 0.782605 0.949859
vt 0.792766 0.955366
vt 0.784005 0.944355
vt 0.777604 0.944594
vt 0.776548 0.941897
vt 0.778031 0.952367
vt 0.773037 0.949491
vt 0.770441 0.946596
vt 0.767582 0.950003
vt 0.763992 0.946294
vt 0.764770 0.942852
vt 0.768780 0.940339
vt 0.765216 0.935564
vt 0.770580 0.937473
vt 0.774227 0.940093
vt 0.777213 0.937837
vt 0.784198 0.936941
vt 0.775361 0.932554
vt 0.766473 0.929941
vt 0.783667 0.930605
vt 0.768131 0.925584
vt 0.777431 0.924785
vt 0.760150 0.934427
vt 0.757544 0.929953
vt 0.759667 0.925665
vt 0.764842 0.925696
vt 0.769914 0.921185
vt 0.759641 0.921641
vt 0.190085 0.971910
vt 0.191444 0.975106
vt 0.181120 0.976579
vt 0.199584 0.972817
vt 0.778809 0.921606
vt 0.778216 0.919815
vt 0.788694 0.918453
vt 0.784938 0.923483
vt 0.790328 0.922626
vt 0.789499 0.930201
vt 0.798280 0.930701
vt 0.796804 0.926538
vt 0.789506 0.934319
vt 0.802734 0.924801
vt 0.804573 0.930047
vt 0.805783 0.926505
vt 0.800781 0.922051
vt 0.795583 0.923122
vt 0.794181 0.918185
vt 0.801949 0.919680
vt 0.805117 0.922152
vt 0.807946 0.918525
vt 0.808871 0.923868
vt 0.812264 0.920714
vt 0.816338 0.925570
vt 0.818196 0.920397
vt 0.813542 0.916434
vt 0.825013 0.917790
vt 0.820875 0.916603
vt 0.827114 0.914965
vt 0.247661 0.964336
vt 0.241758 0.967424
vt 0.243277 0.960406
vt 0.236151 0.961418
vt 0.234499 0.968172
vt 0.242884 0.954609
vt 0.229816 0.956227
vt 0.229289 0.967412
vt 0.226458 0.960984
vt 0.222460 0.960857
vt 0.217986 0.952452
vt 0.228518 0.951327
vt 0.235808 0.951552
vt 0.240667 0.946173
vt 0.242916 0.937998
vt 0.238127 0.938050
vt 0.247505 0.942226
vt 0.231727 0.943938
vt 0.248920 0.936033
vt 0.257412 0.939879
vt 0.253520 0.946247
vt 0.253007 0.954896
vt 0.252539 0.960928
vt 0.260244 0.962000
vt 0.832439 0.912418
vt 0.840104 0.914192
vt 0.836770 0.916156
vt 0.832196 0.918637
vt 0.827163 0.920263
vt 0.251481 0.934011
vt 0.257802 0.933298
vt 0.262816 0.939361
vt 0.255806 0.927870
vt 0.246758 0.931314
vt 0.252568 0.924246
vt 0.242435 0.918011
vt 0.252259 0.917792
vt 0.264199 0.919882
vt 0.240359 0.927145
vt 0.233475 0.912109
vt 0.235066 0.917391
vt 0.247791 0.908687
vt 0.226232 0.909530
vt 0.222852 0.913809
vt 0.233861 0.927050
vt 0.231910 0.920490
vt 0.225531 0.918813
vt 0.216400 0.914159
vt 0.220656 0.908066
vt 0.225029 0.923328
vt 0.219340 0.920734
vt 0.214812 0.918259
vt 0.216616 0.932491
vt 0.220955 0.925328
vt 0.213266 0.923523
vt 0.220807 0.930234
vt 0.227951 0.929911
vt 0.217964 0.935798
vt 0.225060 0.935236
vt 0.220419 0.938638
vt 0.214363 0.933797
vt 0.211241 0.937458
vt 0.209999 0.929657
vt 0.208534 0.934876
vt 0.208351 0.939773
vt 0.205430 0.936593
vt 0.203392 0.931246
vt 0.209582 0.926657
vt 0.199686 0.934130
vt 0.198176 0.926163
vt 0.203226 0.918203
vt 0.200336 0.907339
vt 0.210627 0.919173
vt 0.194782 0.914050
vt 0.194934 0.920380
vt 0.209006 0.922494
vt 0.208506 0.911277
vt 0.213807 0.909048
vt 0.214576 0.904921
vt 0.208764 0.901000
vt 0.204089 0.903739
vt 0.204859 0.899120
vt 0.198019 0.897530
vt 0.194113 0.907513
vt 0.200213 0.895480
vt 0.197851 0.891243
vt 0.204377 0.892593
vt 0.207909 0.893621
vt 0.205197 0.888594
vt 0.213821 0.890257
vt 0.206951 0.883698
vt 0.196953 0.885843
vt 0.192027 0.891626
vt 0.203026 0.879043
vt 0.418453 0.915561
vt 0.414049 0.911925
vt 0.421170 0.908638
vt 0.408819 0.920344
vt 0.405413 0.915602
vt 0.402382 0.922057
vt 0.404800 0.928389
vt 0.414515 0.924786
vt 0.420432 0.929952
vt 0.412191 0.933978
vt 0.420240 0.920254
vt 0.418868 0.940709
vt 0.427094 0.931529
vt 0.428544 0.921001
vt 0.424740 0.940799
vt 0.431379 0.935121
vt 0.435378 0.924447
vt 0.432652 0.922309
vt 0.441113 0.916304
vt 0.435683 0.913852
vt 0.172448 0.900044
vt 0.177741 0.897239
vt 0.179698 0.902710
vt 0.444910 0.918022
vt 0.169094 0.902555
vt 0.175079 0.907986
vt 0.187154 0.899870
vt 0.188312 0.906666
vt 0.185529 0.910566
vt 0.181734 0.896144
vt 0.185957 0.893564
vt 0.193276 0.900692
vt 0.191914 0.896994
vt 0.427128 0.910838
vt 0.179002 0.912269
vt 0.186145 0.915927
vt 0.176276 0.914938
vt 0.186878 0.919415
vt 0.183352 0.925537
vt 0.190589 0.925668
vt 0.192137 0.930476
vt 0.194990 0.937923
vt 0.183356 0.932753
vt 0.190281 0.938937
vt 0.195299 0.941038
vt 0.200684 0.941105
vt 0.207352 0.944378
vt 0.195599 0.946457
vt 0.219186 0.945512
vt 0.211528 0.952948
vt 0.214045 0.941224
vt 0.198231 0.951897
vt 0.206324 0.958736
vt 0.204945 0.953632
vt 0.212988 0.961316
vt 0.195683 0.961740
vt 0.200779 0.963909
vt 0.208632 0.967173
vt 0.219199 0.970007
vt 0.210114 0.971887
vt 0.798045 0.916884
vt 0.803990 0.916473
vt 0.225111 0.969433
vt 0.808456 0.915121
vt 0.194125 0.968348
vt 0.190528 0.957827
vt 0.183607 0.963328
vt 0.185602 0.957938
vt 0.189851 0.952123
vt 0.181430 0.956178
vt 0.183519 0.950981
vt 0.176593 0.953511
vt 0.174854 0.956541
vt 0.173416 0.948062
vt 0.169892 0.950069
vt 0.746969 0.903232
vt 0.741496 0.903483
vt 0.740457 0.898077
vt 0.739124 0.910115
vt 0.750013 0.913525
vt 0.174264 0.966881
vt 0.747318 0.916808
vt 0.737445 0.915195
vt 0.726368 0.913420
vt 0.733741 0.899278
vt 0.730076 0.906292
vt 0.726608 0.895425
vt 0.736585 0.893341
vt 0.721192 0.902712
vt 0.164398 0.940090
vt 0.169906 0.942574
vt 0.167012 0.944678
vt 0.725991 0.889243
vt 0.733182 0.889276
vt 0.717104 0.882422
vt 0.724906 0.885930
vt 0.717755 0.892702
vt 0.715259 0.885082
vt 0.159467 0.929543
vt 0.156794 0.935279
vt 0.149368 0.930873
vt 0.157897 0.924848
vt 0.710976 0.879891
vt 0.149443 0.923956
vt 0.143488 0.927708
vt 0.142299 0.918917
vt 0.151776 0.919838
vt 0.160762 0.918428
vt 0.146713 0.915892
vt 0.468684 0.927730
vt 0.465813 0.923095
vt 0.470121 0.923526
vt 0.475423 0.923464
vt 0.150308 0.913431
vt 0.460712 0.922614
vt 0.154695 0.910732
vt 0.457756 0.926593
vt 0.161097 0.914449
vt 0.159137 0.907699
vt 0.455468 0.921606
vt 0.448924 0.924334
vt 0.448819 0.919541
vt 0.165314 0.904443
vt 0.164990 0.907351
vt 0.444768 0.922217
vt 0.438130 0.930849
vt 0.443113 0.927888
vt 0.442313 0.933591
vt 0.451700 0.932197
vt 0.458194 0.930845
vt 0.456361 0.937726
vt 0.450270 0.943150
vt 0.442286 0.949690
vt 0.451553 0.950507
vt 0.456459 0.949093
vt 0.441825 0.946065
vt 0.459842 0.946880
vt 0.444231 0.939236
vt 0.439334 0.944508
vt 0.434764 0.934403
vt 0.435344 0.945830
vt 0.431293 0.945590
vt 0.433467 0.956244
vt 0.438897 0.950349
vt 0.437314 0.957785
vt 0.437396 0.964587
vt 0.428133 0.959426
vt 0.426711 0.946146
vt 0.425810 0.952614
vt 0.421045 0.948365
vt 0.412409 0.951823
vt 0.420341 0.956467
vt 0.430450 0.964285
vt 0.413949 0.960293
vt 0.418204 0.965978
vt 0.426716 0.968185
vt 0.435347 0.969950
vt 0.438901 0.973833
vt 0.432959 0.971781
vt 0.444157 0.970500
vt 0.434947 0.978234
vt 0.427788 0.972946
vt 0.428546 0.978967
vt 0.420074 0.974052
vt 0.424252 0.979450
vt 0.655932 0.112829
vt 0.659858 0.118675
vt 0.653507 0.116458
vt 0.660054 0.109380
vt 0.433504 0.980654
vt 0.661616 0.111006
vt 0.440182 0.978889
vt 0.442439 0.982405
vt 0.443352 0.976516
vt 0.446706 0.974314
vt 0.448119 0.971359
vt 0.451158 0.971579
vt 0.450203 0.968314
vt 0.445057 0.964530
vt 0.448449 0.960229
vt 0.456929 0.959752
vt 0.444461 0.955191
vt 0.442627 0.960246
vt 0.441251 0.958044
vt 0.443024 0.965934
vt 0.665733 0.110532
vt 0.662981 0.119047
vt 0.658118 0.126808
vt 0.660577 0.128004
vt 0.665643 0.119910
vt 0.666280 0.129278
vt 0.672192 0.127221
vt 0.664119 0.123965
vt 0.669041 0.119830
vt 0.674275 0.121461
vt 0.678657 0.121668
vt 0.686857 0.125945
vt 0.679534 0.129411
vt 0.673225 0.131564
vt 0.673576 0.139167
vt 0.679349 0.140463
vt 0.687061 0.133309
vt 0.685119 0.148907
vt 0.675774 0.145893
vt 0.674552 0.145173
vt 0.687722 0.141100
vt 0.690805 0.143119
vt 0.696571 0.137914
vt 0.703014 0.142117
vt 0.697917 0.146745
vt 0.688528 0.155543
vt 0.705203 0.150461
vt 0.699868 0.158765
vt 0.711736 0.154098
vt 0.713068 0.144660
vt 0.710463 0.165197
vt 0.716635 0.162582
vt 0.719535 0.154014
vt 0.725738 0.158405
vt 0.717905 0.173652
vt 0.724280 0.166527
vt 0.711693 0.174933
vt 0.706861 0.180997
vt 0.704709 0.171398
vt 0.697122 0.169297
vt 0.697871 0.175439
vt 0.693721 0.161894
vt 0.688917 0.165235
vt 0.690109 0.171341
vt 0.682396 0.164939
vt 0.683720 0.172605
vt 0.688994 0.179253
vt 0.697990 0.179823
vt 0.703026 0.185971
vt 0.697388 0.190181
vt 0.689528 0.186406
vt 0.703379 0.194813
vt 0.698186 0.198371
vt 0.688732 0.194632
vt 0.688276 0.201986
vt 0.681313 0.199760
vt 0.676773 0.194965
vt 0.681722 0.184244
vt 0.676734 0.175602
vt 0.674348 0.182940
vt 0.670032 0.171914
vt 0.676935 0.165437
vt 0.668496 0.178816
vt 0.670687 0.165007
vt 0.674419 0.159478
vt 0.678911 0.161192
vt 0.670326 0.155012
vt 0.680983 0.156600
vt 0.669981 0.150717
vt 0.665745 0.159354
vt 0.664941 0.152288
vt 0.663409 0.164956
vt 0.659334 0.156169
vt 0.667448 0.145618
vt 0.660879 0.148281
vt 0.652145 0.153525
vt 0.655873 0.162086
vt 0.649258 0.168517
vt 0.648501 0.160862
vt 0.654460 0.172620
vt 0.659389 0.171642
vt 0.658207 0.180723
vt 0.649508 0.182018
vt 0.646421 0.174838
vt 0.649320 0.190514
vt 0.655645 0.190639
vt 0.639445 0.174693
vt 0.640318 0.182726
vt 0.634019 0.179248
vt 0.637215 0.187296
vt 0.643258 0.189607
vt 0.644313 0.196169
vt 0.639222 0.193368
vt 0.636714 0.199485
vt 0.642394 0.206379
vt 0.648084 0.200230
vt 0.647522 0.211738
vt 0.638448 0.212960
vt 0.636298 0.207905
vt 0.649655 0.205389
vt 0.655109 0.201287
vt 0.655822 0.211268
vt 0.659461 0.200848
vt 0.646815 0.217961
vt 0.653851 0.220711
vt 0.661729 0.211204
vt 0.659493 0.220431
vt 0.663104 0.187072
vt 0.664355 0.194979
vt 0.670569 0.199911
vt 0.666587 0.208788
vt 0.668455 0.214846
vt 0.672389 0.205410
vt 0.676431 0.210032
vt 0.673841 0.217190
vt 0.665427 0.219971
vt 0.663683 0.226444
vt 0.674681 0.226193
vt 0.682087 0.224300
vt 0.680900 0.229385
vt 0.678512 0.233477
vt 0.670898 0.233049
vt 0.676554 0.238344
vt 0.667265 0.238644
vt 0.663241 0.233457
vt 0.656038 0.235471
vt 0.656880 0.228864
vt 0.661838 0.241143
vt 0.650060 0.229241
vt 0.643670 0.225593
vt 0.639544 0.229315
vt 0.643592 0.235123
vt 0.637456 0.236306
vt 0.633985 0.236815
vt 0.632481 0.232246
vt 0.636094 0.242540
vt 0.064615 0.966752
vt 0.069423 0.968775
vt 0.630549 0.227258
vt 0.628859 0.222870
vt 0.637708 0.222752
vt 0.073654 0.970526
vt 0.075074 0.967009
vt 0.634702 0.216639
vt 0.626897 0.217345
vt 0.629330 0.212152
vt 0.629880 0.205953
vt 0.629628 0.200714
vt 0.621161 0.201837
vt 0.624485 0.210431
vt 0.617629 0.196459
vt 0.094523 0.976799
vt 0.085783 0.974780
vt 0.089849 0.974786
vt 0.094478 0.974233
vt 0.097936 0.974945
vt 0.100799 0.977698
vt 0.097820 0.970752
vt 0.103966 0.973220
vt 0.108100 0.971145
vt 0.109283 0.977783
vt 0.104523 0.976321
vt 0.115030 0.977833
vt 0.119858 0.967092
vt 0.122875 0.978016
vt 0.114031 0.965647
vt 0.116218 0.960730
vt 0.109382 0.957376
vt 0.112351 0.952330
vt 0.116836 0.951650
vt 0.116940 0.956639
vt 0.355631 0.965221
vt 0.355066 0.970926
vt 0.350845 0.960628
vt 0.356477 0.952920
vt 0.350539 0.955641
vt 0.363772 0.971869
vt 0.360372 0.961075
vt 0.362550 0.966804
vt 0.370192 0.968593
vt 0.366917 0.978575
vt 0.363353 0.979797
vt 0.375085 0.973830
vt 0.621841 0.166600
vt 0.626616 0.159812
vt 0.623230 0.168043
vt 0.619398 0.169732
vt 0.374805 0.978477
vt 0.376596 0.965075
vt 0.378197 0.971055
vt 0.381025 0.966562
vt 0.369979 0.963438
vt 0.373899 0.956465
vt 0.379702 0.959496
vt 0.369702 0.956126
vt 0.364191 0.956391
vt 0.365255 0.947795
vt 0.372206 0.943186
vt 0.363648 0.939670
vt 0.358195 0.944573
vt 0.361065 0.929575
vt 0.367965 0.927366
vt 0.356987 0.937028
vt 0.369836 0.931979
vt 0.352979 0.941059
vt 0.349945 0.949606
vt 0.350126 0.942932
vt 0.349619 0.936439
vt 0.375876 0.935795
vt 0.372702 0.922470
vt 0.380469 0.929238
vt 0.380156 0.942040
vt 0.388132 0.933228
vt 0.385075 0.926285
vt 0.379890 0.921197
vt 0.388329 0.917555
vt 0.384007 0.919944
vt 0.222756 0.860740
vt 0.227700 0.869457
vt 0.217485 0.868413
vt 0.224900 0.861246
vt 0.227587 0.855317
vt 0.230908 0.867384
vt 0.228675 0.859279
vt 0.231985 0.861648
vt 0.237217 0.863413
vt 0.237500 0.858990
vt 0.236660 0.854356
vt 0.242502 0.851646
vt 0.230346 0.855524
vt 0.246610 0.853660
vt 0.248348 0.862735
vt 0.247103 0.849812
vt 0.254386 0.861823
vt 0.235710 0.845894
vt 0.242806 0.838177
vt 0.254691 0.844393
vt 0.257853 0.848437
vt 0.254543 0.854742
vt 0.360382 0.924542
vt 0.353866 0.925812
vt 0.239520 0.840506
vt 0.231756 0.851111
vt 0.366749 0.922911
vt 0.349647 0.931143
vt 0.349825 0.926105
vt 0.259915 0.858269
vt 0.261526 0.863288
vt 0.256904 0.865055
vt 0.260757 0.866400
vt 0.264584 0.869279
vt 0.262605 0.870745
vt 0.259126 0.872764
vt 0.255792 0.871209
vt 0.254808 0.867948
vt 0.252317 0.869809
vt 0.255856 0.874315
vt 0.250349 0.874660
vt 0.256369 0.881905
vt 0.263294 0.877731
vt 0.266547 0.886224
vt 0.277219 0.878007
vt 0.275254 0.883808
vt 0.286368 0.883296
vt 0.281579 0.892132
vt 0.274138 0.891481
vt 0.290525 0.893945
vt 0.291947 0.881546
vt 0.293771 0.888468
vt 0.301515 0.876673
vt 0.307658 0.871398
vt 0.312141 0.870892
vt 0.312661 0.861858
vt 0.316061 0.856883
vt 0.320562 0.862066
vt 0.327323 0.860736
vt 0.325999 0.854470
vt 0.322487 0.846566
vt 0.330559 0.847591
vt 0.317422 0.848495
vt 0.324521 0.841758
vt 0.331345 0.841123
vt 0.337905 0.842420
vt 0.336853 0.848723
vt 0.025118 0.900966
vt 0.021305 0.903131
vt 0.019093 0.898041
vt 0.026606 0.905611
vt 0.324519 0.839442
vt 0.031801 0.903610
vt 0.021612 0.913709
vt 0.028170 0.910578
vt 0.036124 0.908937
vt 0.030733 0.915342
vt 0.025142 0.918260
vt 0.027084 0.921201
vt 0.035156 0.917946
vt 0.037135 0.913039
vt 0.043134 0.913497
vt 0.040561 0.919706
vt 0.037763 0.921629
vt 0.041535 0.928899
vt 0.036990 0.926204
vt 0.033192 0.920869
vt 0.035661 0.929919
vt 0.029241 0.935357
vt 0.028495 0.926904
vt 0.034469 0.934639
vt 0.040422 0.935102
vt 0.035276 0.940279
vt 0.030685 0.942251
vt 0.032175 0.945187
vt 0.038135 0.941749
vt 0.042777 0.939925
vt 0.051452 0.938946
vt 0.047255 0.934816
vt 0.046529 0.931611
vt 0.054933 0.940041
vt 0.055428 0.944821
vt 0.029344 0.945733
vt 0.646622 0.272051
vt 0.651385 0.272370
vt 0.026350 0.941652
vt 0.650347 0.275114
vt 0.648835 0.276690
vt 0.023398 0.938569
vt 0.652009 0.279633
vt 0.654881 0.278366
vt 0.658720 0.274448
vt 0.661543 0.280779
vt 0.659588 0.284877
vt 0.655215 0.281815
vt 0.017087 0.932037
vt 0.020601 0.928732
vt 0.020850 0.935716
vt 0.024893 0.932172
vt 0.013433 0.926848
vt 0.019648 0.923477
vt 0.667002 0.281761
vt 0.665381 0.287741
vt 0.665401 0.290038
vt 0.014690 0.921407
vt 0.012185 0.924961
vt 0.018892 0.920169
vt 0.016003 0.916811
vt 0.008346 0.918609
vt 0.010425 0.922132
vt 0.665819 0.297585
vt 0.671627 0.296882
vt 0.669255 0.301568
vt 0.666919 0.301346
vt 0.011198 0.911191
vt 0.006788 0.915075
vt 0.665333 0.293433
vt 0.004979 0.906684
vt 0.668853 0.304670
vt 0.669826 0.308806
vt 0.008406 0.898530
vt 0.009647 0.904108
vt 0.005488 0.899942
vt 0.675516 0.308569
vt 0.014052 0.901177
vt 0.016658 0.906620
vt 0.016384 0.902771
vt 0.008595 0.893972
vt 0.013780 0.896559
vt 0.343321 0.841919
vt 0.348961 0.843364
vt 0.016490 0.911461
vt 0.006111 0.896479
vt 0.673729 0.292155
vt 0.678922 0.294135
vt 0.664197 0.275086
vt 0.670768 0.278839
vt 0.660901 0.269112
vt 0.655428 0.268635
vt 0.044067 0.908692
vt 0.039126 0.905247
vt 0.045545 0.906202
vt 0.317190 0.839997
vt 0.278925 0.897862
vt 0.280327 0.903091
vt 0.270792 0.897445
vt 0.266107 0.903326
vt 0.259758 0.897540
vt 0.265592 0.893954
vt 0.259939 0.889936
vt 0.248718 0.893027
vt 0.246268 0.886862
vt 0.252670 0.885215
vt 0.243641 0.883863
vt 0.247916 0.880261
vt 0.233574 0.883765
vt 0.238214 0.882228
vt 0.232982 0.876236
vt 0.227739 0.879912
vt 0.240242 0.875303
vt 0.238791 0.869225
vt 0.243958 0.872861
vt 0.245248 0.864912
vt 0.251690 0.865717
vt 0.253446 0.863192
vt 0.226318 0.873160
vt 0.223401 0.875695
vt 0.217558 0.874438
vt 0.220165 0.878370
vt 0.208966 0.875570
vt 0.213330 0.869973
vt 0.392771 0.918417
vt 0.402229 0.913712
vt 0.391264 0.920262
vt 0.398935 0.914691
vt 0.395188 0.927537
vt 0.397555 0.933079
vt 0.402308 0.940264
vt 0.395408 0.938957
vt 0.388353 0.942494
vt 0.391403 0.949394
vt 0.384934 0.948654
vt 0.386466 0.956075
vt 0.396908 0.952685
vt 0.404341 0.952292
vt 0.405198 0.946764
vt 0.400672 0.958256
vt 0.388953 0.962564
vt 0.392165 0.966140
vt 0.385125 0.973387
vt 0.398710 0.970226
vt 0.391751 0.974541
vt 0.401098 0.979600
vt 0.404795 0.972789
vt 0.392027 0.980082
vt 0.404227 0.961384
vt 0.410384 0.969740
vt 0.408577 0.961574
vt 0.409140 0.978809
vt 0.414840 0.977986
vt 0.652222 0.127537
vt 0.647144 0.133298
vt 0.644458 0.128992
vt 0.642102 0.132950
vt 0.404682 0.979220
vt 0.647536 0.123962
vt 0.651126 0.124381
vt 0.655804 0.131405
vt 0.650515 0.138615
vt 0.655024 0.133251
vt 0.659975 0.133479
vt 0.656927 0.137532
vt 0.655183 0.135993
vt 0.658869 0.142395
vt 0.664174 0.138557
vt 0.662431 0.128496
vt 0.667791 0.140975
vt 0.668191 0.133842
vt 0.652522 0.141019
vt 0.655235 0.143687
vt 0.647680 0.146005
vt 0.646098 0.140459
vt 0.647554 0.148638
vt 0.642389 0.145066
vt 0.640149 0.141445
vt 0.637077 0.149528
vt 0.640174 0.136148
vt 0.636004 0.144536
vt 0.641583 0.155766
vt 0.635100 0.156236
vt 0.643517 0.148617
vt 0.632471 0.151157
vt 0.636165 0.165195
vt 0.629365 0.156268
vt 0.641459 0.166387
vt 0.630346 0.172957
vt 0.630140 0.165136
vt 0.626680 0.179126
vt 0.622527 0.176099
vt 0.620860 0.185467
vt 0.619036 0.172417
vt 0.617047 0.172656
vt 0.615911 0.180878
vt 0.623724 0.190933
vt 0.615010 0.186849
vt 0.627812 0.185260
vt 0.631054 0.191505
vt 0.379120 0.978604
vt 0.384835 0.979281
vt 0.650438 0.120322
vt 0.419395 0.978647
vt 0.411256 0.942398
vt 0.377115 0.949255
vt 0.206236 0.877470
vt 0.209309 0.881767
vt 0.217128 0.880949
vt 0.222413 0.883721
vt 0.228454 0.887503
vt 0.222322 0.892378
vt 0.230556 0.890112
vt 0.238460 0.888392
vt 0.230617 0.893389
vt 0.240185 0.892809
vt 0.235707 0.896527
vt 0.243662 0.898405
vt 0.227446 0.896316
vt 0.238003 0.899991
vt 0.233717 0.903502
vt 0.223569 0.900398
vt 0.240293 0.903766
vt 0.250537 0.900958
vt 0.225361 0.903382
vt 0.223320 0.905600
vt 0.217642 0.902546
vt 0.217562 0.905363
vt 0.219378 0.898869
vt 0.217940 0.894691
vt 0.215970 0.897774
vt 0.210727 0.894401
vt 0.208483 0.896985
vt 0.226635 0.905859
vt 0.239771 0.906912
vt 0.255734 0.903824
vt 0.260728 0.908102
vt 0.255326 0.900276
vt 0.257655 0.914512
vt 0.267356 0.910169
vt 0.277397 0.908030
vt 0.259413 0.839294
vt 0.252725 0.838943
vt 0.247988 0.838087
vt 0.359990 0.981100
vt 0.079040 0.972462
vt 0.687755 0.228490
vt 0.687814 0.233774
vt 0.691331 0.219983
vt 0.692493 0.226983
vt 0.700298 0.221429
vt 0.698040 0.228882
vt 0.692055 0.235114
vt 0.698862 0.235797
vt 0.698805 0.242975
vt 0.699501 0.215328
vt 0.704873 0.210672
vt 0.693137 0.211887
vt 0.687915 0.212139
vt 0.694152 0.205474
vt 0.706262 0.201927
vt 0.680814 0.206710
vt 0.682210 0.217811
vt 0.672958 0.190716
vt 0.666437 0.187574
vt 0.667386 0.184019
vt 0.662932 0.179331
vt 0.664270 0.173287
vt 0.709838 0.187190
vt 0.722197 0.138939
vt 0.717217 0.141054
vt 0.731273 0.129073
vt 0.723771 0.129575
vt 0.717857 0.131386
vt 0.728784 0.140277
vt 0.727330 0.120326
vt 0.722865 0.109930
vt 0.717437 0.118110
vt 0.713697 0.126499
vt 0.713302 0.117170
vt 0.706847 0.117690
vt 0.692697 0.120700
vt 0.697960 0.126436
vt 0.701801 0.130219
vt 0.711587 0.134936
vt 0.463458 0.933756
vt 0.471423 0.933795
vt 0.481747 0.935315
vt 0.475941 0.929176
vt 0.484358 0.930494
vt 0.478561 0.925510
vt 0.483064 0.923327
vt 0.133380 0.926872
vt 0.135706 0.922960
vt 0.138542 0.927010
vt 0.129107 0.926247
vt 0.489048 0.927530
vt 0.701537 0.879181
vt 0.706446 0.877839
vt 0.704209 0.881558
vt 0.704739 0.884273
vt 0.696347 0.885013
vt 0.697245 0.879248
vt 0.710982 0.888330
vt 0.704577 0.892072
vt 0.696838 0.897966
vt 0.694499 0.894721
vt 0.712463 0.898856
vt 0.703333 0.903519
vt 0.686795 0.900892
vt 0.695811 0.905930
vt 0.687803 0.914149
vt 0.677309 0.907473
vt 0.689015 0.895340
vt 0.682110 0.897670
vt 0.681151 0.914773
vt 0.673560 0.919424
vt 0.669121 0.913649
vt 0.671244 0.907161
vt 0.674796 0.902225
vt 0.669997 0.899399
vt 0.677127 0.895175
vt 0.671286 0.895403
vt 0.677859 0.891385
vt 0.682562 0.888423
vt 0.509005 0.938050
vt 0.515671 0.941739
vt 0.510400 0.945576
vt 0.514233 0.949862
vt 0.520189 0.949629
vt 0.522339 0.946678
vt 0.663985 0.899402
vt 0.501953 0.943432
vt 0.504117 0.935542
vt 0.502941 0.952507
vt 0.508743 0.953784
vt 0.499101 0.946822
vt 0.495103 0.938399
vt 0.489885 0.936984
vt 0.495010 0.930735
vt 0.500760 0.933706
vt 0.685943 0.886524
vt 0.691439 0.882944
vt 0.691977 0.888641
vt 0.511329 0.955033
vt 0.514471 0.956400
vt 0.520047 0.955104
vt 0.518509 0.961265
vt 0.524937 0.958825
vt 0.527385 0.955582
vt 0.694668 0.014759
vt 0.699970 0.014211
vt 0.694369 0.018909
vt 0.530003 0.951048
vt 0.694053 0.009446
vt 0.697499 0.009341
vt 0.702106 0.010710
vt 0.704692 0.012336
vt 0.707785 0.017545
vt 0.706364 0.020432
vt 0.711821 0.019646
vt 0.716575 0.017090
vt 0.712265 0.014790
vt 0.707639 0.011087
vt 0.712898 0.010026
vt 0.706111 0.007304
vt 0.654549 0.914904
vt 0.659009 0.911052
vt 0.656511 0.918191
vt 0.655400 0.920184
vt 0.652206 0.921214
vt 0.700984 0.008232
vt 0.655500 0.909810
vt 0.658464 0.905548
vt 0.654607 0.906337
vt 0.656137 0.903359
vt 0.660554 0.901220
vt 0.525621 0.948739
vt 0.666683 0.905855
vt 0.663204 0.910832
vt 0.660980 0.917963
vt 0.665779 0.922324
vt 0.662330 0.921838
vt 0.657831 0.922328
vt 0.659896 0.929981
vt 0.667391 0.932205
vt 0.673420 0.928993
vt 0.675742 0.936947
vt 0.662306 0.936438
vt 0.658862 0.936177
vt 0.663685 0.940842
vt 0.654276 0.932348
vt 0.656058 0.938060
vt 0.681261 0.930438
vt 0.680539 0.935964
vt 0.681337 0.923210
vt 0.684520 0.924214
vt 0.684913 0.935360
vt 0.693495 0.921060
vt 0.698936 0.913182
vt 0.698530 0.922910
vt 0.704378 0.924398
vt 0.705395 0.921449
vt 0.706348 0.914951
vt 0.710630 0.922017
vt 0.717906 0.912281
vt 0.712860 0.906756
vt 0.717816 0.922388
vt 0.724194 0.923294
vt 0.733216 0.923039
vt 0.742597 0.918529
vt 0.737626 0.922308
vt 0.732049 0.925158
vt 0.742054 0.929034
vt 0.739305 0.939472
vt 0.752518 0.936385
vt 0.751080 0.929053
vt 0.749810 0.943565
vt 0.758941 0.938629
vt 0.755693 0.934015
vt 0.753935 0.929324
vt 0.750913 0.922976
vt 0.752092 0.921590
vt 0.752126 0.916038
vt 0.174218 0.970258
vt 0.179621 0.967321
vt 0.758535 0.943321
vt 0.756776 0.948208
vt 0.762101 0.947870
vt 0.766681 0.953196
vt 0.761417 0.951270
vt 0.756636 0.952996
vt 0.755289 0.956685
vt 0.747459 0.953870
vt 0.752453 0.948430
vt 0.744044 0.955803
vt 0.751277 0.960315
vt 0.755249 0.959990
vt 0.759871 0.958444
vt 0.745068 0.963679
vt 0.755722 0.963031
vt 0.747969 0.965266
vt 0.756353 0.965634
vt 0.761299 0.962166
vt 0.764349 0.961521
vt 0.765701 0.964399
vt 0.760103 0.972035
vt 0.763324 0.971520
vt 0.772718 0.967815
vt 0.770735 0.962745
vt 0.776660 0.962506
vt 0.779237 0.971040
vt 0.773637 0.970963
vt 0.783069 0.968341
vt 0.768283 0.972517
vt 0.780969 0.964517
vt 0.793050 0.964297
vt 0.791365 0.972123
vt 0.788362 0.973571
vt 0.781359 0.974719
vt 0.793861 0.960150
vt 0.782705 0.957511
vt 0.798681 0.961128
vt 0.797706 0.968433
vt 0.802029 0.964994
vt 0.799354 0.956452
vt 0.803118 0.960867
vt 0.801155 0.959622
vt 0.805515 0.955063
vt 0.805783 0.959136
vt 0.806785 0.958950
vt 0.807286 0.956383
vt 0.808378 0.960798
vt 0.806100 0.961093
vt 0.808282 0.963390
vt 0.809662 0.961341
vt 0.012467 0.641720
vt 0.009114 0.643350
vt 0.009965 0.640820
vt 0.009948 0.648478
vt 0.006521 0.649475
vt 0.010318 0.651468
vt 0.013511 0.645634
vt 0.012860 0.653450
vt 0.013333 0.656497
vt 0.008244 0.654842
vt 0.014795 0.650365
vt 0.019370 0.640527
vt 0.021744 0.650606
vt 0.019438 0.653484
vt 0.026651 0.645552
vt 0.022969 0.650993
vt 0.025674 0.656181
vt 0.032243 0.655741
vt 0.023396 0.638667
vt 0.033170 0.639349
vt 0.032812 0.649987
vt 0.034501 0.648149
vt 0.039472 0.646052
vt 0.038369 0.648109
vt 0.037956 0.654027
vt 0.042113 0.646170
vt 0.041999 0.642943
vt 0.043804 0.642961
vt 0.045146 0.637156
vt 0.040793 0.637783
vt 0.044019 0.631608
vt 0.047194 0.639845
vt 0.047273 0.632849
vt 0.050411 0.630294
vt 0.049448 0.624238
vt 0.051107 0.633672
vt 0.054051 0.634671
vt 0.055752 0.628229
vt 0.861527 0.188380
vt 0.861393 0.192865
vt 0.857025 0.187680
vt 0.053722 0.626586
vt 0.059785 0.622811
vt 0.859226 0.183918
vt 0.855715 0.181246
vt 0.862741 0.181310
vt 0.059419 0.617795
vt 0.061915 0.617114
vt 0.854876 0.177519
vt 0.852639 0.176040
vt 0.869031 0.180083
vt 0.867647 0.187152
vt 0.863907 0.175567
vt 0.868428 0.173221
vt 0.873849 0.178149
vt 0.870868 0.186289
vt 0.873728 0.191577
vt 0.868234 0.193350
vt 0.876948 0.187083
vt 0.881769 0.190612
vt 0.882495 0.187795
vt 0.877905 0.191010
vt 0.881267 0.182567
vt 0.885232 0.185870
vt 0.885250 0.183052
vt 0.880284 0.178675
vt 0.883884 0.180351
vt 0.815575 0.173298
vt 0.811134 0.171898
vt 0.816122 0.170291
vt 0.882272 0.175529
vt 0.812552 0.178318
vt 0.814746 0.178387
vt 0.810441 0.184262
vt 0.814246 0.184981
vt 0.817743 0.186313
vt 0.877775 0.175484
vt 0.874673 0.172341
vt 0.801832 0.183165
vt 0.806918 0.177193
vt 0.807129 0.188276
vt 0.810472 0.189415
vt 0.799355 0.189608
vt 0.809482 0.192195
vt 0.806148 0.193794
vt 0.802825 0.193767
vt 0.797347 0.181086
vt 0.799399 0.196204
vt 0.791730 0.185145
vt 0.795407 0.193211
vt 0.799163 0.202955
vt 0.803813 0.203994
vt 0.799911 0.208960
vt 0.795180 0.207798
vt 0.796663 0.211536
vt 0.800124 0.216781
vt 0.795513 0.216775
vt 0.794517 0.213740
vt 0.805219 0.210758
vt 0.800093 0.221405
vt 0.806624 0.217062
vt 0.803289 0.224260
vt 0.808318 0.209019
vt 0.812240 0.213624
vt 0.807122 0.201195
vt 0.812248 0.208931
vt 0.812048 0.201220
vt 0.814545 0.202134
vt 0.816182 0.208536
vt 0.819982 0.203219
vt 0.817315 0.201451
vt 0.820100 0.206356
vt 0.818911 0.212045
vt 0.816079 0.215880
vt 0.814467 0.194926
vt 0.820268 0.198952
vt 0.810904 0.195974
vt 0.814111 0.190080
vt 0.815864 0.193590
vt 0.818332 0.193824
vt 0.868639 0.167943
vt 0.865416 0.171939
vt 0.863233 0.166651
vt 0.870844 0.173497
vt 0.856854 0.172294
vt 0.857404 0.166951
vt 0.859851 0.163961
vt 0.854326 0.169910
vt 0.854321 0.163553
vt 0.850200 0.164739
vt 0.845734 0.171668
vt 0.062368 0.608869
vt 0.058757 0.613433
vt 0.058149 0.606724
vt 0.843435 0.166839
vt 0.838997 0.168286
vt 0.062958 0.601238
vt 0.836437 0.165017
vt 0.059148 0.595884
vt 0.058580 0.601326
vt 0.063388 0.597119
vt 0.053381 0.602264
vt 0.051134 0.597870
vt 0.050260 0.601924
vt 0.047801 0.607816
vt 0.050978 0.614529
vt 0.044355 0.612530
vt 0.045283 0.608472
vt 0.048856 0.617893
vt 0.041212 0.624224
vt 0.040210 0.620510
vt 0.036799 0.628906
vt 0.037507 0.623442
vt 0.039555 0.616746
vt 0.041721 0.614148
vt 0.029307 0.621602
vt 0.029486 0.616227
vt 0.041912 0.609956
vt 0.033795 0.607338
vt 0.025067 0.616404
vt 0.030267 0.611211
vt 0.022860 0.622974
vt 0.017207 0.615652
vt 0.022297 0.612635
vt 0.021326 0.620994
vt 0.025602 0.611450
vt 0.021073 0.601990
vt 0.027365 0.606210
vt 0.018484 0.608862
vt 0.020725 0.598333
vt 0.031791 0.603528
vt 0.028459 0.599228
vt 0.030268 0.602006
vt 0.036785 0.599080
vt 0.038161 0.595894
vt 0.042022 0.597800
vt 0.043429 0.603486
vt 0.033095 0.597276
vt 0.033724 0.594092
vt 0.026557 0.593938
vt 0.031421 0.589711
vt 0.035741 0.590223
vt 0.027630 0.588581
vt 0.022500 0.593934
vt 0.022347 0.589133
vt 0.020043 0.592756
vt 0.016957 0.597397
vt 0.017785 0.592655
vt 0.849343 0.945867
vt 0.848947 0.942927
vt 0.853771 0.943536
vt 0.841794 0.948429
vt 0.014790 0.604894
vt 0.012297 0.612856
vt 0.837214 0.946778
vt 0.833965 0.950726
vt 0.012281 0.619152
vt 0.829344 0.954465
vt 0.832498 0.948443
vt 0.823882 0.950589
vt 0.827937 0.949848
vt 0.826833 0.952982
vt 0.824413 0.956132
vt 0.006733 0.631394
vt 0.009763 0.624130
vt 0.009000 0.632179
vt 0.816729 0.956347
vt 0.013791 0.628874
vt 0.014871 0.623685
vt 0.012457 0.635745
vt 0.007987 0.635794
vt 0.011724 0.631061
vt 0.014324 0.634495
vt 0.017298 0.635243
vt 0.017521 0.630065
vt 0.014268 0.632433
vt 0.019951 0.635805
vt 0.023013 0.630740
vt 0.016941 0.626232
vt 0.021164 0.628699
vt 0.023535 0.626531
vt 0.026018 0.629530
vt 0.022375 0.633432
vt 0.028701 0.633843
vt 0.038451 0.630715
vt 0.028653 0.629114
vt 0.019750 0.622953
vt 0.015959 0.640281
vt 0.012847 0.638784
vt 0.010481 0.637468
vt 0.007026 0.639470
vt 0.810655 0.959279
vt 0.810650 0.957607
vt 0.005400 0.638054
vt 0.816150 0.953502
vt 0.810988 0.954879
vt 0.808493 0.952048
vt 0.811618 0.950351
vt 0.814226 0.951425
vt 0.805743 0.950944
vt 0.819221 0.948151
vt 0.819134 0.943629
vt 0.840573 0.941665
vt 0.853634 0.940984
vt 0.857166 0.938639
vt 0.851070 0.932243
vt 0.858213 0.928651
vt 0.862608 0.927144
vt 0.864245 0.932163
vt 0.866718 0.930758
vt 0.865160 0.935962
vt 0.868319 0.933040
vt 0.291397 0.972502
vt 0.289179 0.971414
vt 0.292121 0.969970
vt 0.292962 0.973953
vt 0.868761 0.935364
vt 0.865319 0.938959
vt 0.024964 0.577020
vt 0.022044 0.576194
vt 0.021830 0.569887
vt 0.295828 0.968892
vt 0.022806 0.581279
vt 0.028642 0.574777
vt 0.027561 0.576778
vt 0.026162 0.581239
vt 0.029386 0.569165
vt 0.030639 0.572093
vt 0.030992 0.578135
vt 0.029515 0.583001
vt 0.028077 0.580539
vt 0.033369 0.573231
vt 0.036359 0.577690
vt 0.035069 0.568813
vt 0.044350 0.574728
vt 0.039370 0.565602
vt 0.048014 0.568029
vt 0.056310 0.570523
vt 0.047905 0.573793
vt 0.054731 0.559877
vt 0.049962 0.559397
vt 0.057620 0.551008
vt 0.061654 0.556009
vt 0.063634 0.547204
vt 0.060288 0.543519
vt 0.066080 0.547882
vt 0.070975 0.553805
vt 0.068510 0.545266
vt 0.070860 0.548548
vt 0.074198 0.553484
vt 0.070155 0.557744
vt 0.072594 0.550221
vt 0.816331 0.266879
vt 0.818076 0.270300
vt 0.814819 0.273585
vt 0.072651 0.546269
vt 0.071501 0.546326
vt 0.070088 0.542515
vt 0.806142 0.271453
vt 0.811469 0.267654
vt 0.809588 0.275035
vt 0.067155 0.540702
vt 0.806278 0.273838
vt 0.802508 0.273330
vt 0.799301 0.268265
vt 0.807209 0.264351
vt 0.802532 0.262233
vt 0.804263 0.257025
vt 0.811534 0.260867
vt 0.798931 0.255314
vt 0.800550 0.249923
vt 0.792832 0.244562
vt 0.805282 0.245262
vt 0.799844 0.240568
vt 0.804056 0.236444
vt 0.799498 0.234536
vt 0.795055 0.239940
vt 0.793859 0.231506
vt 0.787199 0.229635
vt 0.791387 0.224551
vt 0.797766 0.228964
vt 0.794455 0.223664
vt 0.785639 0.224424
vt 0.804518 0.232083
vt 0.810017 0.238356
vt 0.809678 0.225439
vt 0.811054 0.232049
vt 0.811502 0.242381
vt 0.816946 0.234947
vt 0.815203 0.241149
vt 0.819054 0.240685
vt 0.818842 0.233332
vt 0.814228 0.249010
vt 0.817232 0.246395
vt 0.816195 0.252716
vt 0.821301 0.242045
vt 0.820570 0.248038
vt 0.819312 0.252264
vt 0.813699 0.255562
vt 0.816189 0.257843
vt 0.073797 0.561952
vt 0.073055 0.567878
vt 0.069055 0.565991
vt 0.069414 0.561718
vt 0.066279 0.567203
vt 0.067147 0.574935
vt 0.069178 0.568253
vt 0.064444 0.573093
vt 0.060119 0.564495
vt 0.071602 0.571901
vt 0.063860 0.577270
vt 0.066773 0.582383
vt 0.061393 0.581936
vt 0.064854 0.581186
vt 0.068886 0.584411
vt 0.064609 0.587757
vt 0.832111 0.157507
vt 0.831191 0.153012
vt 0.835962 0.154442
vt 0.829493 0.158454
vt 0.823193 0.234386
vt 0.826884 0.233290
vt 0.827631 0.236319
vt 0.823145 0.230964
vt 0.825234 0.228083
vt 0.820497 0.228554
vt 0.821366 0.236758
vt 0.822789 0.240515
vt 0.824824 0.244076
vt 0.821640 0.226663
vt 0.817415 0.227840
vt 0.819333 0.223484
vt 0.820637 0.218705
vt 0.846065 0.156198
vt 0.850629 0.160324
vt 0.842437 0.163114
vt 0.842301 0.160271
vt 0.822754 0.212887
vt 0.821350 0.211465
vt 0.838293 0.162207
vt 0.837011 0.157620
vt 0.832985 0.161142
vt 0.060193 0.589088
vt 0.062820 0.588861
vt 0.064496 0.592089
vt 0.058437 0.592686
vt 0.054305 0.588888
vt 0.057849 0.586290
vt 0.050123 0.592722
vt 0.046881 0.594828
vt 0.046199 0.592689
vt 0.043270 0.589235
vt 0.053106 0.581138
vt 0.043628 0.581129
vt 0.040173 0.588422
vt 0.038011 0.584788
vt 0.040862 0.580499
vt 0.034424 0.583995
vt 0.052916 0.575010
vt 0.045446 0.600745
vt 0.044905 0.605913
vt 0.852551 0.159823
vt 0.857211 0.162236
vt 0.815233 0.223012
vt 0.812941 0.218563
vt 0.815299 0.227814
vt 0.808202 0.253479
vt 0.796597 0.270105
vt 0.058144 0.537188
vt 0.064593 0.538138
vt 0.022352 0.566283
vt 0.297950 0.966298
vt 0.017222 0.559905
vt 0.299620 0.958901
vt 0.297423 0.960469
vt 0.296643 0.952775
vt 0.291269 0.961803
vt 0.302593 0.948547
vt 0.301850 0.943426
vt 0.301990 0.952903
vt 0.288985 0.958906
vt 0.288086 0.953351
vt 0.292214 0.947464
vt 0.293905 0.941739
vt 0.300821 0.938899
vt 0.009426 0.539244
vt 0.006852 0.547258
vt 0.010307 0.545937
vt 0.011092 0.550521
vt 0.014680 0.540342
vt 0.014320 0.545910
vt 0.017904 0.542399
vt 0.297024 0.937555
vt 0.291373 0.938633
vt 0.013721 0.554216
vt 0.289043 0.970869
vt 0.284588 0.970739
vt 0.024080 0.585116
vt 0.019635 0.588078
vt 0.858741 0.942254
vt 0.056765 0.619365
vt 0.791063 0.176339
vt 0.786070 0.180439
vt 0.783570 0.174218
vt 0.786892 0.173747
vt 0.792138 0.168942
vt 0.794927 0.170334
vt 0.796886 0.161078
vt 0.798619 0.165593
vt 0.801339 0.169549
vt 0.798040 0.176097
vt 0.805134 0.173434
vt 0.805451 0.165775
vt 0.809718 0.161357
vt 0.804474 0.158363
vt 0.809806 0.155558
vt 0.813574 0.155218
vt 0.813273 0.163218
vt 0.817555 0.155855
vt 0.817719 0.163080
vt 0.884303 0.190852
vt 0.887707 0.190056
vt 0.888208 0.196551
vt 0.819669 0.156829
vt 0.889932 0.200447
vt 0.886627 0.197662
vt 0.819682 0.152550
vt 0.884317 0.195072
vt 0.879902 0.195829
vt 0.874437 0.196061
vt 0.880706 0.202136
vt 0.875933 0.201221
vt 0.885601 0.200362
vt 0.882278 0.202879
vt 0.882200 0.208234
vt 0.876876 0.205349
vt 0.877602 0.207966
vt 0.884118 0.205680
vt 0.890984 0.204545
vt 0.891348 0.208540
vt 0.887108 0.213658
vt 0.883097 0.213484
vt 0.893144 0.212973
vt 0.889866 0.215350
vt 0.821450 0.144398
vt 0.818749 0.140705
vt 0.822043 0.139539
vt 0.821006 0.148469
vt 0.817035 0.145143
vt 0.815755 0.138156
vt 0.820019 0.136829
vt 0.817636 0.132041
vt 0.823201 0.134113
vt 0.893008 0.223646
vt 0.889243 0.222473
vt 0.893622 0.218357
vt 0.894290 0.222213
vt 0.886179 0.217323
vt 0.896216 0.223343
vt 0.822992 0.128079
vt 0.893861 0.228718
vt 0.897145 0.230175
vt 0.820142 0.123774
vt 0.824420 0.121132
vt 0.815499 0.125895
vt 0.816619 0.118503
vt 0.822235 0.114064
vt 0.808543 0.127457
vt 0.810240 0.121869
vt 0.811878 0.135536
vt 0.803731 0.117879
vt 0.804052 0.130790
vt 0.802751 0.124080
vt 0.796600 0.108948
vt 0.811930 0.115079
vt 0.805678 0.113435
vt 0.791046 0.103716
vt 0.800715 0.104873
vt 0.792325 0.111439
vt 0.796190 0.095724
vt 0.804415 0.097951
vt 0.807899 0.106547
vt 0.815364 0.105144
vt 0.809853 0.101542
vt 0.808336 0.092915
vt 0.812972 0.093420
vt 0.810263 0.085478
vt 0.801255 0.087896
vt 0.819731 0.082787
vt 0.813280 0.079805
vt 0.816526 0.090283
vt 0.807031 0.076990
vt 0.804525 0.081644
vt 0.799170 0.076635
vt 0.793939 0.080745
vt 0.796622 0.072326
vt 0.801520 0.072919
vt 0.789502 0.065031
vt 0.790069 0.071670
vt 0.793651 0.064333
vt 0.804573 0.067835
vt 0.804898 0.060529
vt 0.811240 0.066163
vt 0.811831 0.071342
vt 0.809512 0.075902
vt 0.799367 0.062599
vt 0.796332 0.052799
vt 0.793404 0.056939
vt 0.788852 0.050265
vt 0.787115 0.055702
vt 0.784573 0.051652
vt 0.782934 0.053878
vt 0.780068 0.048637
vt 0.778910 0.044455
vt 0.784186 0.043719
vt 0.786978 0.038437
vt 0.792075 0.042411
vt 0.791424 0.047775
vt 0.798560 0.044682
vt 0.806904 0.044659
vt 0.805026 0.050544
vt 0.803624 0.035090
vt 0.797946 0.040790
vt 0.800385 0.051331
vt 0.796081 0.033894
vt 0.698773 0.991786
vt 0.704495 0.989023
vt 0.706249 0.992179
vt 0.696505 0.990765
vt 0.793783 0.032496
vt 0.700690 0.986572
vt 0.694242 0.988623
vt 0.791278 0.030583
vt 0.788612 0.026624
vt 0.702084 0.983767
vt 0.702904 0.985377
vt 0.707154 0.987450
vt 0.705986 0.983192
vt 0.711215 0.985354
vt 0.711889 0.981762
vt 0.713326 0.977957
vt 0.715495 0.982462
vt 0.721628 0.978835
vt 0.718805 0.985176
vt 0.727815 0.979575
vt 0.725161 0.985966
vt 0.727653 0.976054
vt 0.727133 0.973120
vt 0.714531 0.988665
vt 0.721401 0.992756
vt 0.715441 0.993594
vt 0.810289 0.050881
vt 0.808874 0.042851
vt 0.811283 0.048221
vt 0.727009 0.992689
vt 0.814588 0.052538
vt 0.817547 0.059042
vt 0.812106 0.056554
vt 0.807563 0.053251
vt 0.809825 0.058536
vt 0.815454 0.062859
vt 0.818089 0.063744
vt 0.819638 0.068518
vt 0.816952 0.070312
vt 0.734078 0.993825
vt 0.737160 0.987947
vt 0.738696 0.994320
vt 0.743609 0.995062
vt 0.730750 0.990250
vt 0.730974 0.985588
vt 0.745704 0.992934
vt 0.733822 0.982018
vt 0.738988 0.983923
vt 0.744939 0.985119
vt 0.749753 0.986016
vt 0.744167 0.975384
vt 0.746765 0.979495
vt 0.744161 0.972043
vt 0.750680 0.974640
vt 0.739005 0.977002
vt 0.738401 0.971895
vt 0.733444 0.976837
vt 0.733283 0.973155
vt 0.741110 0.968065
vt 0.730253 0.968400
vt 0.734668 0.964601
vt 0.739869 0.958457
vt 0.740421 0.948452
vt 0.750870 0.967646
vt 0.752230 0.983285
vt 0.755371 0.977219
vt 0.756838 0.978204
vt 0.760535 0.982246
vt 0.763406 0.978090
vt 0.760114 0.974932
vt 0.766558 0.979280
vt 0.762434 0.983870
vt 0.771387 0.977285
vt 0.770716 0.980349
vt 0.767000 0.985621
vt 0.765767 0.989213
vt 0.771118 0.987502
vt 0.762254 0.990445
vt 0.772671 0.982446
vt 0.776153 0.979686
vt 0.775243 0.983190
vt 0.010694 0.684150
vt 0.008469 0.681298
vt 0.013544 0.685206
vt 0.013577 0.680512
vt 0.008380 0.676380
vt 0.779626 0.980734
vt 0.010576 0.686516
vt 0.012747 0.675815
vt 0.011613 0.671598
vt 0.007198 0.672859
vt 0.782159 0.977845
vt 0.020274 0.678596
vt 0.016065 0.673356
vt 0.025080 0.676885
vt 0.019032 0.666924
vt 0.017074 0.668364
vt 0.014614 0.667749
vt 0.012910 0.666599
vt 0.014749 0.663399
vt 0.016956 0.664875
vt 0.016454 0.659450
vt 0.011019 0.659169
vt 0.007439 0.662192
vt 0.007895 0.659085
vt 0.793687 0.969961
vt 0.019967 0.656987
vt 0.020425 0.662197
vt 0.025742 0.661324
vt 0.031127 0.660356
vt 0.029262 0.663793
vt 0.036086 0.657301
vt 0.035912 0.662689
vt 0.040038 0.656600
vt 0.039104 0.660866
vt 0.037839 0.665940
vt 0.041422 0.656708
vt 0.871171 0.218329
vt 0.874856 0.221979
vt 0.872874 0.222891
vt 0.875129 0.227855
vt 0.877643 0.228573
vt 0.877809 0.233657
vt 0.036822 0.671953
vt 0.033846 0.668279
vt 0.877489 0.225563
vt 0.881311 0.227485
vt 0.877097 0.221796
vt 0.879369 0.236726
vt 0.884813 0.235691
vt 0.886869 0.230825
vt 0.886275 0.221869
vt 0.887433 0.226478
vt 0.881221 0.219465
vt 0.883511 0.241452
vt 0.879861 0.241749
vt 0.035857 0.675032
vt 0.033781 0.679329
vt 0.031978 0.676452
vt 0.028696 0.681073
vt 0.027251 0.668778
vt 0.032677 0.681623
vt 0.028383 0.685024
vt 0.024089 0.682700
vt 0.028135 0.687938
vt 0.024510 0.690777
vt 0.015119 0.689321
vt 0.022325 0.688950
vt 0.019456 0.693878
vt 0.016354 0.694575
vt 0.011521 0.689972
vt 0.013737 0.694528
vt 0.017428 0.698387
vt 0.022611 0.697457
vt 0.009728 0.700590
vt 0.014645 0.700352
vt 0.017762 0.700230
vt 0.020020 0.700401
vt 0.756629 0.990355
vt 0.758078 0.993655
vt 0.754636 0.992514
vt 0.901063 0.276454
vt 0.898249 0.272164
vt 0.904401 0.273605
vt 0.908106 0.278005
vt 0.750836 0.995005
vt 0.011125 0.695766
vt 0.909666 0.276841
vt 0.915031 0.279546
vt 0.910016 0.272630
vt 0.916370 0.276798
vt 0.914579 0.271153
vt 0.904112 0.267438
vt 0.909549 0.266081
vt 0.904787 0.264941
vt 0.897317 0.265617
vt 0.898210 0.270077
vt 0.016101 0.701849
vt 0.893576 0.267525
vt 0.899555 0.263146
vt 0.892989 0.263551
vt 0.896600 0.261337
vt 0.890942 0.265369
vt 0.894119 0.260273
vt 0.891619 0.257858
vt 0.889400 0.260461
vt 0.895236 0.255988
vt 0.896028 0.249818
vt 0.891081 0.252019
vt 0.897918 0.256942
vt 0.896939 0.253188
vt 0.902783 0.259880
vt 0.902286 0.255387
vt 0.826378 0.089755
vt 0.826342 0.094412
vt 0.823085 0.094784
vt 0.827151 0.098694
vt 0.900763 0.251525
vt 0.822367 0.102913
vt 0.818351 0.096976
vt 0.822343 0.107382
vt 0.827822 0.102078
vt 0.827552 0.107297
vt 0.816880 0.112637
vt 0.827147 0.111756
vt 0.898053 0.243701
vt 0.899388 0.248530
vt 0.893748 0.245365
vt 0.894870 0.241073
vt 0.897681 0.239424
vt 0.888342 0.240256
vt 0.891328 0.237442
vt 0.894705 0.235100
vt 0.891389 0.232083
vt 0.897269 0.233742
vt 0.895216 0.230989
vt 0.825171 0.117366
vt 0.888325 0.233274
vt 0.888996 0.244172
vt 0.886882 0.247750
vt 0.883413 0.249105
vt 0.886501 0.252294
vt 0.885055 0.256168
vt 0.031344 0.686728
vt 0.029536 0.693284
vt 0.028597 0.693104
vt 0.028275 0.698795
vt 0.026357 0.695947
vt 0.023389 0.701105
vt 0.880952 0.244189
vt 0.816072 0.076473
vt 0.752633 0.986786
vt 0.755917 0.986629
vt 0.759504 0.987315
vt 0.010475 0.692098
vt 0.878920 0.216333
vt 0.879734 0.213193
vt 0.874651 0.214028
vt 0.873166 0.218668
vt 0.869079 0.213595
vt 0.868477 0.208810
vt 0.864968 0.207586
vt 0.041748 0.650348
vt 0.043897 0.647712
vt 0.043842 0.652445
vt 0.045227 0.646529
vt 0.868078 0.202347
vt 0.864229 0.201614
vt 0.048735 0.642039
vt 0.867044 0.197195
vt 0.871939 0.201195
vt 0.871044 0.205749
vt 0.874667 0.206218
vt 0.890882 0.226622
vt 0.006848 0.665390
vt 0.777337 0.974625
vt 0.805989 0.038917
vt 0.710381 0.993534
vt 0.701645 0.981930
vt 0.778072 0.036440
vt 0.794883 0.090444
vt 0.791816 0.092477
vt 0.806960 0.139916
vt 0.801694 0.141523
vt 0.800103 0.135493
vt 0.804052 0.151604
vt 0.807227 0.145322
vt 0.811784 0.144914
vt 0.816360 0.150796
vt 0.801625 0.953438
vt 0.780021 0.958965
vt 0.777194 0.955006
vt 0.782656 0.954003
vt 0.774946 0.957266
vt 0.770734 0.955145
vt 0.772672 0.953184
vt 0.768680 0.956478
vt 0.768318 0.959009
vt 0.658239 0.925682
vt 0.654233 0.927100
vt 0.652123 0.928247
vt 0.653276 0.923542
vt 0.720090 0.013481
vt 0.169690 0.910384
vt 0.169479 0.915553
vt 0.165492 0.921542
vt 0.173785 0.921440
vt 0.171049 0.931108
vt 0.178767 0.935645
vt 0.171246 0.936072
vt 0.165076 0.933253
vt 0.164743 0.936819
vt 0.175090 0.927705
vt 0.177324 0.943152
vt 0.185934 0.943184
vt 0.183829 0.940489
vt 0.181803 0.945696
vt 0.189987 0.945234
vt 0.192923 0.943144
vt 0.224056 0.948793
vt 0.228084 0.942225
vt 0.229877 0.935376
vt 0.230900 0.931193
vt 0.236357 0.934563
vt 0.236123 0.929489
vt 0.830206 0.927616
vt 0.021208 0.520019
vt 0.019932 0.514934
vt 0.024761 0.514279
vt 0.021099 0.510511
vt 0.025590 0.507951
vt 0.021580 0.507960
vt 0.018476 0.509295
vt 0.023796 0.505813
vt 0.018979 0.505284
vt 0.023013 0.501497
vt 0.019541 0.497610
vt 0.015887 0.500625
vt 0.025478 0.493766
vt 0.755980 0.302954
vt 0.015046 0.505997
vt 0.013798 0.501958
vt 0.011570 0.498115
vt 0.009273 0.505139
vt 0.335820 0.921503
vt 0.342591 0.918753
vt 0.331637 0.923361
vt 0.352954 0.872824
vt 0.353771 0.881519
vt 0.696390 0.316043
vt 0.719933 0.286756
vt 0.715030 0.281830
vt 0.730701 0.270518
vt 0.731986 0.266330
vt 0.732892 0.273129
vt 0.737219 0.267322
vt 0.734093 0.262641
vt 0.741299 0.262770
vt 0.732589 0.234366
vt 0.742294 0.245034
vt 0.727179 0.231254
vt 0.729657 0.229605
vt 0.734116 0.231212
vt 0.731714 0.226923
vt 0.735114 0.217723
vt 0.739157 0.210412
vt 0.741225 0.203040
vt 0.745004 0.208751
vt 0.748229 0.206114
vt 0.754226 0.208019
vt 0.756098 0.205685
vt 0.744808 0.197484
vt 0.749574 0.192149
vt 0.737427 0.189459
vt 0.734497 0.193558
vt 0.747416 0.186192
vt 0.754586 0.187122
vt 0.765561 0.265532
vt 0.763046 0.271584
vt 0.770788 0.268584
vt 0.765097 0.276481
vt 0.773837 0.271341
vt 0.778689 0.268404
vt 0.774573 0.275767
vt 0.784384 0.271531
vt 0.779872 0.277342
vt 0.773970 0.280536
vt 0.768502 0.279980
vt 0.762948 0.284830
vt 0.769322 0.283368
vt 0.766151 0.289404
vt 0.768651 0.287188
vt 0.760339 0.289555
vt 0.038293 0.507460
vt 0.036397 0.505396
vt 0.037935 0.510656
vt 0.040824 0.526334
vt 0.043532 0.523619
vt 0.047065 0.529822
vt 0.044634 0.532703
vt 0.039849 0.529261
vt 0.785961 0.267931
vt 0.049707 0.532440
vt 0.768450 0.261682
vt 0.739350 0.278316
vt 0.752769 0.294386
vt 0.758776 0.147098
vt 0.759841 0.080172
vt 0.755530 0.075358
vt 0.761687 0.072483
vt 0.755862 0.067540
vt 0.750300 0.069826
vt 0.744160 0.062805
vt 0.752908 0.060298
vt 0.739930 0.059407
vt 0.735262 0.065122
vt 0.731292 0.060108
vt 0.732308 0.053818
vt 0.725156 0.053223
vt 0.723259 0.060598
vt 0.728244 0.068230
vt 0.721055 0.065219
vt 0.716057 0.060312
vt 0.718578 0.054872
vt 0.707926 0.066601
vt 0.717944 0.071073
vt 0.711286 0.074289
vt 0.722585 0.079067
vt 0.713240 0.079259
vt 0.705587 0.074219
vt 0.701283 0.072132
vt 0.700971 0.079199
vt 0.694901 0.080757
vt 0.696810 0.070384
vt 0.691345 0.076075
vt 0.688737 0.086434
vt 0.685192 0.079874
vt 0.681588 0.084332
vt 0.683568 0.090454
vt 0.686281 0.067945
vt 0.678917 0.069386
vt 0.477688 0.977648
vt 0.706253 0.061004
vt 0.713495 0.054527
vt 0.708149 0.052963
vt 0.704242 0.056791
vt 0.711615 0.050735
vt 0.718896 0.048063
vt 0.708467 0.045021
vt 0.728691 0.048149
vt 0.728223 0.043496
vt 0.760057 0.062279
vt 0.764153 0.060074
vt 0.763964 0.067590
vt 0.769823 0.070590
vt 0.770432 0.063589
vt 0.772845 0.072204
vt 0.774650 0.065987
vt 0.774804 0.072423
vt 0.768733 0.059839
vt 0.766925 0.057985
vt 0.686099 0.970559
vt 0.065733 0.941860
vt 0.085337 0.954997
vt 0.064949 0.911545
vt 0.290766 0.841184
vt 0.268018 0.839689
vt 0.087919 0.916534
s 1
usemtl namaqualand_stones_01
f 4/1/4 2/2/2 1/3/1
f 1/3/1 2/2/2 3/4/3
f 7/5/7 1/3/1 3/4/3
f 4/1/4 1/3/1 5/6/5
f 5/6/5 1/3/1 6/7/6
f 1/3/1 7/5/7 6/7/6
f 10/8/10 6/7/6 7/5/7
f 7/5/7 3/4/3 8/9/8
f 8/9/8 9/10/9 7/5/7
f 10/8/10 7/5/7 9/10/9
f 11/11/11 10/8/10 12/12/12
f 11/11/11 6/7/6 10/8/10
f 10/8/10 13/13/13 12/12/12
f 10/8/10 9/10/9 13/13/13
f 13/13/13 16/14/16 12/12/12
f 14/15/14 13/13/13 17/16/17
f 15/17/15 13/13/13 14/15/14
f 13/13/13 15/17/15 16/14/16
f 9/10/9 17/16/17 13/13/13
f 17/16/17 9/10/9 18/18/18
f 14/15/14 17/16/17 18/18/18
f 20/19/20 14/15/14 18/18/18
f 18/18/18 9/10/9 19/20/19
f 20/19/20 18/18/18 19/20/19
f 21/21/21 20/19/20 19/20/19
f 20/19/20 21/21/21 22/22/22
f 24/23/24 20/19/20 22/22/22
f 23/24/23 14/15/14 20/19/20
f 20/19/20 24/23/24 23/24/23
f 24/23/24 26/25/26 25/26/25
f 25/26/25 23/24/23 24/23/24
f 24/23/24 22/22/22 27/27/27
f 27/27/27 26/25/26 24/23/24
f 29/28/29 26/25/26 27/27/27
f 27/27/27 28/29/28 30/30/30
f 28/29/28 27/27/27 22/22/22
f 30/30/30 29/28/29 27/27/27
f 31/31/31 29/28/29 30/30/30
f 32/32/32 31/31/31 30/30/30
f 28/29/28 32/32/32 30/30/30
f 33/33/33 31/31/31 32/32/32
f 35/34/35 33/33/33 32/32/32
f 32/32/32 34/35/34 36/36/36
f 34/35/34 32/32/32 28/29/28
f 35/34/35 32/32/32 36/36/36
f 36/36/36 37/37/37 35/34/35
f 37/37/37 36/36/36 34/35/34
f 40/38/40 38/39/38 37/37/37
f 37/37/37 38/39/38 39/40/39
f 39/40/39 35/34/35 37/37/37
f 40/38/40 37/37/37 41/41/41
f 34/35/34 41/41/41 37/37/37
f 40/38/40 41/41/41 34/35/34
f 38/39/38 40/38/40 42/42/42
f 42/42/42 40/38/40 43/43/43
f 43/43/43 40/38/40 44/44/44
f 40/38/40 34/35/34 44/44/44
f 34/35/34 45/45/45 44/44/44
f 44/44/44 45/45/45 43/43/43
f 49/46/49 46/47/46 45/45/45
f 46/47/46 48/48/48 45/45/45
f 47/49/47 43/43/43 45/45/45
f 45/45/45 48/48/48 47/49/47
f 45/45/45 34/35/34 49/46/49
f 21/21/21 46/47/46 49/46/49
f 49/46/49 34/35/34 28/29/28
f 21/21/21 49/46/49 22/22/22
f 22/22/22 49/46/49 28/29/28
f 47/49/47 48/48/48 50/50/50
f 50/50/50 48/48/48 46/47/46
f 50/50/50 51/51/51 47/49/47
f 21/21/21 52/52/52 50/50/50
f 50/50/50 46/47/46 21/21/21
f 50/50/50 52/52/52 51/51/51
f 52/52/52 19/20/19 53/53/53
f 52/52/52 21/21/21 19/20/19
f 53/53/53 54/54/54 52/52/52
f 54/54/54 55/55/55 52/52/52
f 52/52/52 55/55/55 51/51/51
f 56/56/56 55/55/55 54/54/54
f 56/56/56 57/57/57 55/55/55
f 57/57/57 58/58/58 55/55/55
f 58/58/58 51/51/51 55/55/55
f 59/59/59 60/60/60 58/58/58
f 57/57/57 59/59/59 58/58/58
f 51/51/51 58/58/58 60/60/60
f 59/59/59 61/61/61 60/60/60
f 64/62/64 47/49/47 60/60/60
f 51/51/51 60/60/60 47/49/47
f 60/60/60 61/61/61 62/63/62
f 62/63/62 63/64/63 60/60/60
f 60/60/60 63/64/63 64/62/64
f 47/49/47 64/62/64 43/43/43
f 64/62/64 63/64/63 65/65/65
f 65/65/65 43/43/43 64/62/64
f 65/65/65 67/66/67 66/67/66
f 65/65/65 66/67/66 42/42/42
f 43/43/43 65/65/65 42/42/42
f 68/68/68 67/66/67 65/65/65
f 65/65/65 63/64/63 68/68/68
f 68/68/68 71/69/71 69/70/69
f 69/70/69 67/66/67 68/68/68
f 70/71/70 71/69/71 68/68/68
f 70/71/70 68/68/68 62/63/62
f 62/63/62 68/68/68 63/64/63
f 69/70/69 71/69/71 72/72/72
f 72/72/72 71/69/71 70/71/70
f 72/72/72 73/73/73 74/74/74
f 73/73/73 72/72/72 76/75/76
f 74/74/74 77/76/77 72/72/72
f 70/71/70 75/77/75 72/72/72
f 75/77/75 76/75/76 72/72/72
f 69/70/69 72/72/72 78/78/78
f 72/72/72 77/76/77 78/78/78
f 78/78/78 79/79/79 80/80/80
f 79/79/79 78/78/78 77/76/77
f 78/78/78 80/80/80 69/70/69
f 80/81/80 79/82/79 81/83/81
f 80/81/80 81/83/81 82/84/82
f 82/85/82 67/66/67 80/80/80
f 67/66/67 69/70/69 80/80/80
f 84/86/84 83/87/83 82/84/82
f 82/85/82 83/88/83 67/66/67
f 81/83/81 84/86/84 82/84/82
f 83/87/83 84/86/84 85/89/85
f 84/86/84 87/90/87 85/89/85
f 81/83/81 86/91/86 84/86/84
f 87/90/87 84/86/84 86/91/86
f 87/90/87 88/92/88 85/89/85
f 88/92/88 87/90/87 90/93/90
f 86/91/86 89/94/89 87/90/87
f 87/90/87 89/94/89 90/93/90
f 92/95/92 90/93/90 89/94/89
f 93/96/93 91/97/91 90/93/90
f 90/93/90 91/97/91 88/92/88
f 93/96/93 90/93/90 92/95/92
f 93/96/93 94/98/94 91/97/91
f 93/96/93 95/99/95 94/98/94
f 93/96/93 96/100/96 95/99/95
f 92/95/92 96/100/96 93/96/93
f 97/101/97 96/100/96 98/102/98
f 95/99/95 96/100/96 97/101/97
f 96/100/96 92/95/92 98/102/98
f 98/102/98 101/103/101 99/104/99
f 97/101/97 98/102/98 99/104/99
f 100/105/100 101/103/101 98/102/98
f 100/105/100 98/102/98 102/106/102
f 92/95/92 102/106/102 98/102/98
f 103/107/103 100/105/100 102/106/102
f 86/91/86 103/107/103 102/106/102
f 102/106/102 92/95/92 86/91/86
f 81/83/81 104/108/104 103/107/103
f 105/109/105 103/107/103 104/108/104
f 81/83/81 103/107/103 86/91/86
f 103/107/103 105/109/105 100/105/100
f 108/110/108 105/109/105 104/108/104
f 106/111/106 107/112/107 105/109/105
f 106/111/106 105/109/105 109/113/109
f 100/105/100 105/109/105 107/112/107
f 109/113/109 105/109/105 108/110/108
f 113/114/113 110/115/110 109/113/109
f 110/115/110 111/116/111 109/113/109
f 111/116/111 112/117/112 109/113/109
f 113/114/113 109/113/109 108/110/108
f 112/117/112 106/111/106 109/113/109
f 110/118/110 113/119/113 114/120/114
f 113/119/113 115/121/115 114/120/114
f 116/122/116 113/119/113 108/123/108
f 113/119/113 116/122/116 115/121/115
f 108/123/108 115/121/115 116/122/116
f 77/76/77 115/121/115 108/123/108
f 117/124/117 114/120/114 115/121/115
f 73/73/73 117/124/117 115/121/115
f 73/73/73 115/121/115 74/74/74
f 74/74/74 115/121/115 77/76/77
f 120/125/120 118/126/118 117/124/117
f 118/126/118 119/127/119 117/124/117
f 117/124/117 73/73/73 76/75/76
f 76/75/76 120/125/120 117/124/117
f 117/124/117 119/127/119 114/120/114
f 122/128/122 118/126/118 120/125/120
f 120/125/120 123/129/123 121/130/121
f 121/130/121 122/128/122 120/125/120
f 76/75/76 123/129/123 120/125/120
f 124/131/124 123/129/123 125/132/125
f 124/131/124 121/130/121 123/129/123
f 76/75/76 75/77/75 123/129/123
f 125/132/125 123/129/123 75/77/75
f 127/133/127 124/131/124 125/132/125
f 125/132/125 128/134/128 126/135/126
f 125/132/125 126/135/126 127/133/127
f 125/132/125 75/77/75 128/134/128
f 128/134/128 61/61/61 129/136/129
f 128/134/128 70/71/70 61/61/61
f 126/135/126 128/134/128 129/136/129
f 75/77/75 70/71/70 128/134/128
f 129/136/129 130/137/130 126/135/126
f 129/136/129 61/61/61 130/137/130
f 130/137/130 61/61/61 59/59/59
f 130/137/130 59/59/59 57/57/57
f 56/56/56 130/137/130 57/57/57
f 132/138/132 130/137/130 56/56/56
f 131/139/131 126/135/126 130/137/130
f 132/138/132 131/139/131 130/137/130
f 132/138/132 134/140/134 133/141/133
f 132/138/132 133/141/133 135/142/135
f 132/138/132 56/56/56 134/140/134
f 131/139/131 132/138/132 135/142/135
f 2/2/2 136/143/136 135/142/135
f 2/2/2 135/142/135 133/141/133
f 135/142/135 137/144/137 131/139/131
f 135/142/135 136/143/136 137/144/137
f 139/145/139 138/146/138 137/144/137
f 131/139/131 137/144/137 138/146/138
f 139/145/139 137/144/137 136/143/136
f 140/147/140 142/148/142 139/145/139
f 143/149/143 140/147/140 139/145/139
f 136/143/136 141/150/141 139/145/139
f 143/149/143 139/145/139 141/150/141
f 138/146/138 139/145/139 142/148/142
f 146/151/146 143/149/143 141/150/141
f 143/149/143 147/152/147 140/147/140
f 144/153/144 147/152/147 143/149/143
f 144/153/144 143/149/143 145/154/145
f 145/154/145 143/149/143 146/151/146
f 147/152/147 148/155/148 140/147/140
f 147/152/147 144/153/144 148/155/148
f 149/156/149 140/147/140 148/155/148
f 150/157/150 148/155/148 144/153/144
f 151/158/151 149/156/149 148/155/148
f 151/158/151 148/155/148 150/157/150
f 151/158/151 152/159/152 149/156/149
f 153/160/153 152/159/152 151/158/151
f 150/157/150 153/160/153 151/158/151
f 154/161/154 152/159/152 153/160/153
f 155/162/155 154/161/154 153/160/153
f 155/163/155 153/164/153 156/165/156
f 156/165/156 153/164/153 150/166/150
f 156/165/156 158/167/158 157/168/157
f 155/163/155 156/165/156 157/168/157
f 150/166/150 159/169/159 156/165/156
f 156/165/156 159/169/159 158/167/158
f 159/169/159 162/170/162 160/171/160
f 160/171/160 158/167/158 159/169/159
f 162/170/162 159/169/159 161/172/161
f 161/172/161 159/169/159 144/173/144
f 144/173/144 159/169/159 150/166/150
f 160/171/160 162/170/162 165/174/165
f 163/175/163 162/170/162 161/172/161
f 162/170/162 163/175/163 164/176/164
f 164/176/164 165/174/165 162/170/162
f 165/174/165 168/177/168 160/171/160
f 167/178/167 165/174/165 164/176/164
f 166/179/166 165/174/165 167/178/167
f 165/174/165 166/179/166 168/177/168
f 169/180/169 158/167/158 168/177/168
f 170/181/170 169/180/169 168/177/168
f 158/167/158 160/171/160 168/177/168
f 170/181/170 168/177/168 171/182/171
f 168/177/168 166/179/166 171/182/171
f 171/182/171 174/183/174 172/184/172
f 173/185/173 171/182/171 172/184/172
f 174/183/174 171/182/171 166/179/166
f 170/181/170 171/182/171 173/185/173
f 166/179/166 175/186/175 174/183/174
f 175/186/175 177/187/177 174/183/174
f 177/187/177 176/188/176 174/183/174
f 172/184/172 174/183/174 176/188/176
f 175/186/175 178/189/178 177/187/177
f 177/187/177 180/190/180 176/188/176
f 177/187/177 178/189/178 179/191/179
f 180/190/180 177/187/177 179/191/179
f 182/192/182 181/193/181 180/190/180
f 181/193/181 176/188/176 180/190/180
f 182/192/182 180/190/180 183/194/183
f 183/194/183 180/190/180 184/195/184
f 180/190/180 179/191/179 184/195/184
f 187/196/187 184/195/184 185/197/185
f 184/195/184 186/198/186 185/197/185
f 187/196/187 183/194/183 184/195/184
f 186/198/186 184/195/184 179/191/179
f 188/199/188 187/196/187 185/197/185
f 187/196/187 188/199/188 189/200/189
f 183/194/183 187/196/187 190/201/190
f 189/200/189 190/201/190 187/196/187
f 190/201/190 192/202/192 191/203/191
f 191/203/191 182/192/182 190/201/190
f 192/202/192 190/201/190 193/204/193
f 183/194/183 190/201/190 182/192/182
f 193/204/193 190/201/190 189/200/189
f 192/202/192 193/204/193 195/205/195
f 193/204/193 189/200/189 194/206/194
f 194/206/194 196/207/196 193/204/193
f 195/205/195 193/204/193 196/207/196
f 194/206/194 199/208/199 196/207/196
f 196/207/196 198/209/198 195/205/195
f 196/207/196 197/210/197 198/209/198
f 197/210/197 196/207/196 199/208/199
f 199/208/199 200/211/200 197/210/197
f 202/212/202 200/211/200 199/208/199
f 201/213/201 199/208/199 194/206/194
f 202/212/202 199/208/199 201/213/201
f 203/214/203 202/212/202 205/215/205
f 203/214/203 200/211/200 202/212/202
f 204/216/204 205/215/205 202/212/202
f 201/213/201 204/216/204 202/212/202
f 205/215/205 206/217/206 203/214/203
f 207/218/207 206/217/206 205/215/205
f 208/219/208 205/215/205 204/216/204
f 208/219/208 207/218/207 205/215/205
f 208/219/208 209/220/209 207/218/207
f 210/221/210 209/220/209 208/219/208
f 204/216/204 210/221/210 208/219/208
f 204/216/204 211/222/211 210/221/210
f 212/223/212 210/221/210 211/222/211
f 210/221/210 212/223/212 213/224/213
f 210/221/210 213/224/213 214/225/214
f 210/221/210 214/225/214 209/220/209
f 214/225/214 215/226/215 209/220/209
f 213/224/213 215/226/215 214/225/214
f 215/226/215 213/224/213 216/227/216
f 217/228/217 215/226/215 216/227/216
f 215/226/215 217/228/217 218/229/218
f 209/220/209 215/226/215 218/229/218
f 218/229/218 219/230/219 223/231/223
f 217/228/217 219/230/219 218/229/218
f 221/232/221 220/233/220 218/229/218
f 209/220/209 218/229/218 220/233/220
f 221/232/221 218/229/218 222/234/222
f 223/231/223 222/234/222 218/229/218
f 224/235/224 223/231/223 225/236/225
f 224/235/224 222/234/222 223/231/223
f 223/231/223 226/237/226 225/236/225
f 223/231/223 227/238/227 226/237/226
f 223/231/223 219/230/219 227/238/227
f 228/239/228 230/240/230 227/238/227
f 228/239/228 227/238/227 229/241/229
f 229/241/229 227/238/227 219/230/219
f 231/242/231 227/238/227 230/240/230
f 227/238/227 231/242/231 226/237/226
f 232/243/232 234/244/234 231/242/231
f 230/240/230 232/243/232 231/242/231
f 231/242/231 234/244/234 233/245/233
f 231/242/231 233/245/233 226/237/226
f 235/246/235 234/244/234 232/243/232
f 235/246/235 236/247/236 234/244/234
f 237/248/237 233/245/233 234/244/234
f 234/244/234 236/247/236 237/248/237
f 236/247/236 239/249/239 237/248/237
f 238/250/238 233/245/233 237/248/237
f 237/248/237 239/249/239 238/250/238
f 239/249/239 240/251/240 238/250/238
f 240/251/240 239/249/239 242/252/242
f 236/247/236 241/253/241 239/249/239
f 239/249/239 241/253/241 242/252/242
f 242/252/242 241/253/241 245/254/245
f 240/251/240 242/252/242 244/255/244
f 245/254/245 243/256/243 242/252/242
f 243/256/243 244/255/244 242/252/242
f 241/253/241 248/257/248 245/254/245
f 243/256/243 245/254/245 247/258/247
f 248/257/248 246/259/246 245/254/245
f 245/254/245 246/259/246 247/258/247
f 248/257/248 250/260/250 246/259/246
f 236/247/236 249/261/249 248/257/248
f 249/261/249 250/260/250 248/257/248
f 236/247/236 248/257/248 241/253/241
f 250/260/250 253/262/253 246/259/246
f 251/263/251 250/260/250 249/261/249
f 252/264/252 250/260/250 251/263/251
f 252/264/252 253/262/253 250/260/250
f 252/264/252 254/265/254 253/262/253
f 254/265/254 256/266/256 253/262/253
f 253/262/253 257/267/257 255/268/255
f 253/262/253 255/268/255 246/259/246
f 253/262/253 256/266/256 257/267/257
f 256/266/256 259/269/259 257/267/257
f 258/270/258 257/267/257 259/269/259
f 258/270/258 255/268/255 257/267/257
f 261/271/261 259/269/259 260/272/260
f 262/273/262 260/272/260 259/269/259
f 259/269/259 261/271/261 258/270/258
f 256/266/256 262/273/262 259/269/259
f 260/272/260 262/273/262 265/274/265
f 262/273/262 264/275/264 263/276/263
f 266/277/266 262/273/262 263/276/263
f 262/273/262 256/266/256 264/275/264
f 265/274/265 262/273/262 266/277/266
f 266/277/266 267/278/267 265/274/265
f 270/279/270 267/278/267 266/277/266
f 266/277/266 263/276/263 269/280/269
f 268/281/268 270/279/270 266/277/266
f 266/277/266 269/280/269 268/281/268
f 268/281/268 271/282/271 270/279/270
f 271/282/271 272/283/272 270/279/270
f 273/284/273 267/278/267 270/279/270
f 272/283/272 274/285/274 270/279/270
f 270/279/270 274/285/274 273/284/273
f 275/286/275 274/285/274 276/287/276
f 275/286/275 273/284/273 274/285/274
f 274/285/274 277/288/277 276/287/276
f 272/283/272 277/288/277 274/285/274
f 278/289/278 277/288/277 272/283/272
f 278/289/278 282/290/282 277/288/277
f 279/291/279 277/288/277 280/292/280
f 279/291/279 281/293/281 277/288/277
f 282/290/282 280/292/280 277/288/277
f 281/293/281 276/287/276 277/288/277
f 278/289/278 271/282/271 282/290/282
f 282/290/282 271/282/271 284/294/284
f 280/292/280 282/290/282 283/295/283
f 283/295/283 282/290/282 284/294/284
f 285/296/285 287/297/287 284/294/284
f 285/296/285 284/294/284 269/280/269
f 286/298/286 283/295/283 284/294/284
f 269/280/269 284/294/284 268/281/268
f 268/281/268 284/294/284 271/282/271
f 287/297/287 286/298/286 284/294/284
f 286/298/286 287/297/287 288/299/288
f 288/299/288 287/297/287 289/300/289
f 289/300/289 287/297/287 290/301/290
f 285/296/285 290/301/290 287/297/287
f 285/296/285 293/302/293 290/301/290
f 290/301/290 292/303/292 291/304/291
f 290/301/290 291/304/291 294/305/294
f 290/301/290 293/302/293 292/303/292
f 294/305/294 289/300/289 290/301/290
f 297/306/297 295/307/295 294/305/294
f 294/305/294 295/307/295 296/308/296
f 296/308/296 289/300/289 294/305/294
f 297/306/297 294/305/294 291/304/291
f 299/309/299 298/310/298 297/306/297
f 298/310/298 295/307/295 297/306/297
f 299/309/299 297/306/297 301/311/301
f 297/306/297 291/304/291 300/312/300
f 297/306/297 300/312/300 301/311/301
f 301/311/301 302/313/302 303/314/303
f 302/313/302 301/311/301 304/315/304
f 301/311/301 303/314/303 299/309/299
f 304/315/304 301/311/301 300/312/300
f 305/316/305 307/317/307 304/315/304
f 306/318/306 305/316/305 304/315/304
f 306/318/306 304/315/304 300/312/300
f 302/313/302 304/315/304 307/317/307
f 307/317/307 305/316/305 308/319/308
f 309/320/309 307/317/307 308/319/308
f 307/317/307 309/320/309 302/313/302
f 308/319/308 310/321/310 309/320/309
f 310/321/310 311/322/311 309/320/309
f 311/322/311 312/323/312 309/320/309
f 303/314/303 309/320/309 312/323/312
f 302/313/302 309/320/309 303/314/303
f 312/323/312 313/324/313 315/325/315
f 313/324/313 312/323/312 314/326/314
f 314/326/314 312/323/312 311/322/311
f 303/314/303 312/323/312 315/325/315
f 303/314/303 315/325/315 316/327/316
f 317/328/317 316/327/316 315/325/315
f 317/328/317 315/325/315 313/324/313
f 318/329/318 317/328/317 313/324/313
f 318/329/318 316/327/316 317/328/317
f 318/329/318 313/324/313 320/330/320
f 318/329/318 319/331/319 316/327/316
f 319/331/319 318/329/318 320/330/320
f 321/332/321 322/333/322 320/334/320
f 320/334/320 313/335/313 321/332/321
f 322/333/322 323/336/323 320/334/320
f 319/331/319 320/330/320 323/337/323
f 323/336/323 322/333/322 325/338/325
f 323/337/323 324/339/324 319/331/319
f 325/340/325 324/339/324 323/337/323
f 324/339/324 325/340/325 326/341/326
f 328/342/328 326/343/326 325/338/325
f 327/344/327 328/342/328 325/338/325
f 327/344/327 325/338/325 322/333/322
f 326/343/326 328/342/328 329/345/329
f 327/344/327 331/346/331 328/342/328
f 329/345/329 328/342/328 330/347/330
f 330/347/330 328/342/328 331/346/331
f 331/346/331 333/348/333 332/349/332
f 331/346/331 332/349/332 334/350/334
f 327/344/327 333/348/333 331/346/331
f 335/351/335 331/346/331 334/350/334
f 335/351/335 330/347/330 331/346/331
f 335/351/335 334/350/334 336/352/336
f 336/352/336 330/347/330 335/351/335
f 336/352/336 337/353/337 330/347/330
f 338/354/338 337/353/337 336/352/336
f 334/350/334 338/354/338 336/352/336
f 339/355/339 341/356/341 338/354/338
f 334/350/334 339/355/339 338/354/338
f 337/353/337 338/354/338 340/357/340
f 342/358/342 340/357/340 338/354/338
f 342/358/342 338/354/338 341/356/341
f 345/359/345 342/358/342 343/360/343
f 341/356/341 343/360/343 342/358/342
f 344/361/344 342/358/342 345/359/345
f 342/358/342 344/361/344 346/362/346
f 346/362/346 340/357/340 342/358/342
f 348/363/348 346/362/346 347/364/347
f 346/362/346 344/361/344 347/364/347
f 346/362/346 348/363/348 349/365/349
f 340/357/340 346/362/346 349/365/349
f 349/365/349 351/366/351 337/353/337
f 349/365/349 337/353/337 340/357/340
f 349/365/349 348/363/348 350/367/350
f 350/367/350 351/366/351 349/365/349
f 352/368/352 351/366/351 350/367/350
f 353/369/353 351/366/351 352/368/352
f 353/369/353 337/353/337 351/366/351
f 354/370/354 337/353/337 353/369/353
f 355/371/355 354/370/354 353/369/353
f 353/369/353 352/368/352 355/371/355
f 357/372/357 354/370/354 355/371/355
f 356/373/356 355/371/355 352/368/352
f 357/372/357 355/371/355 356/373/356
f 358/374/358 354/370/354 357/372/357
f 360/375/360 358/376/358 357/377/357
f 359/378/359 357/372/357 356/373/356
f 357/377/357 359/379/359 360/375/360
f 363/380/363 361/381/361 360/375/360
f 360/375/360 361/381/361 362/382/362
f 360/375/360 362/382/362 358/376/358
f 360/375/360 364/383/364 363/380/363
f 360/375/360 365/384/365 364/383/364
f 360/375/360 359/379/359 365/384/365
f 359/379/359 367/385/367 365/384/365
f 365/384/365 366/386/366 364/383/364
f 367/385/367 366/386/366 365/384/365
f 367/385/367 368/387/368 369/388/369
f 368/387/368 367/385/367 370/389/370
f 367/385/367 369/388/369 366/386/366
f 370/389/370 367/385/367 359/379/359
f 372/390/372 370/389/370 359/379/359
f 370/389/370 373/391/373 371/392/371
f 368/387/368 370/389/370 371/392/371
f 373/391/373 370/389/370 372/390/372
f 373/391/373 377/393/377 371/392/371
f 376/394/376 374/395/374 373/396/373
f 373/396/373 374/395/374 375/397/375
f 373/391/373 375/398/375 377/393/377
f 372/399/372 376/394/376 373/396/373
f 378/400/378 379/401/379 377/393/377
f 375/398/375 378/400/378 377/393/377
f 380/402/380 377/393/377 379/401/379
f 380/402/380 381/403/381 377/393/377
f 377/393/377 382/404/382 371/392/371
f 377/393/377 381/403/381 382/404/382
f 384/405/384 382/404/382 381/403/381
f 382/404/382 384/405/384 383/406/383
f 371/392/371 382/404/382 383/406/383
f 384/405/384 381/403/381 387/407/387
f 384/405/384 387/407/387 385/408/385
f 386/409/386 384/405/384 385/408/385
f 384/405/384 386/409/386 388/410/388
f 388/410/388 389/411/389 384/405/384
f 384/405/384 389/411/389 383/406/383
f 391/412/391 389/411/389 388/410/388
f 390/413/390 369/388/369 389/411/389
f 391/412/391 390/413/390 389/411/389
f 369/388/369 383/406/383 389/411/389
f 392/414/392 391/412/391 393/415/393
f 390/413/390 391/412/391 392/414/392
f 394/416/394 393/415/393 391/412/391
f 388/410/388 394/416/394 391/412/391
f 395/417/395 394/416/394 388/410/388
f 395/417/395 393/415/393 394/416/394
f 393/415/393 395/417/395 396/418/396
f 396/418/396 395/417/395 397/419/397
f 395/417/395 398/420/398 397/419/397
f 388/410/388 386/409/386 395/417/395
f 395/417/395 399/421/399 398/420/398
f 386/409/386 399/421/399 395/417/395
f 399/421/399 401/422/401 400/423/400
f 400/423/400 402/424/402 399/421/399
f 385/408/385 401/422/401 399/421/399
f 386/409/386 385/408/385 399/421/399
f 399/421/399 402/424/402 398/420/398
f 402/424/402 404/425/404 403/426/403
f 403/426/403 406/427/406 402/424/402
f 398/420/398 402/424/402 406/427/406
f 402/424/402 405/428/405 404/425/404
f 405/428/405 402/424/402 400/423/400
f 406/427/406 403/426/403 407/429/407
f 406/427/406 407/429/407 408/430/408
f 406/427/406 408/430/408 398/420/398
f 410/431/410 408/430/408 407/429/407
f 398/420/398 408/430/408 409/432/409
f 408/430/408 410/431/410 409/432/409
f 407/433/407 411/434/411 410/435/410
f 412/436/412 410/435/410 411/434/411
f 409/432/409 410/431/410 412/437/412
f 414/438/414 412/436/412 411/434/411
f 412/436/412 414/438/414 413/439/413
f 409/432/409 412/437/412 413/440/413
f 414/438/414 415/441/415 413/439/413
f 415/441/415 414/438/414 416/442/416
f 411/434/411 416/442/416 414/438/414
f 419/443/419 417/444/417 416/442/416
f 416/442/416 417/444/417 420/445/420
f 416/442/416 411/434/411 418/446/418
f 416/442/416 418/446/418 419/443/419
f 416/442/416 420/445/420 415/441/415
f 420/445/420 421/447/421 422/448/422
f 417/444/417 421/447/421 420/445/420
f 420/445/420 422/448/422 415/441/415
f 415/441/415 422/448/422 423/449/423
f 423/449/423 422/448/422 424/450/424
f 424/450/424 422/448/422 425/451/425
f 422/448/422 421/447/421 425/451/425
f 421/447/421 430/452/430 425/451/425
f 425/451/425 429/453/429 426/454/426
f 427/455/427 425/451/425 426/454/426
f 424/450/424 425/451/425 428/456/428
f 428/456/428 425/451/425 427/455/427
f 425/451/425 430/452/430 429/453/429
f 431/457/431 430/452/430 434/458/434
f 431/457/431 429/453/429 430/452/430
f 432/459/432 434/458/434 430/452/430
f 432/459/432 430/452/430 433/460/433
f 421/447/421 433/460/433 430/452/430
f 436/461/436 435/462/435 434/458/434
f 431/457/431 434/458/434 435/462/435
f 434/458/434 437/463/437 436/461/436
f 437/463/437 434/458/434 432/459/432
f 432/459/432 439/464/439 437/463/437
f 440/465/440 437/463/437 438/466/438
f 438/466/438 437/463/437 439/464/439
f 437/463/437 441/467/441 436/461/436
f 440/465/440 441/467/441 437/463/437
f 443/468/443 442/469/442 441/467/441
f 445/470/445 441/467/441 442/469/442
f 440/465/440 444/471/444 441/467/441
f 444/471/444 443/468/443 441/467/441
f 441/467/441 445/470/445 436/461/436
f 436/461/436 445/470/445 446/472/446
f 442/469/442 446/472/446 445/470/445
f 435/462/435 446/472/446 447/473/447
f 435/462/435 436/461/436 446/472/446
f 446/472/446 442/469/442 443/468/443
f 446/472/446 448/474/448 447/473/447
f 443/468/443 448/474/448 446/472/446
f 448/474/448 443/468/443 449/475/449
f 449/475/449 451/476/451 448/474/448
f 452/477/452 448/474/448 450/478/450
f 448/474/448 451/476/451 450/478/450
f 452/477/452 447/473/447 448/474/448
f 452/477/452 453/479/453 456/480/456
f 452/477/452 454/481/454 453/479/453
f 452/477/452 450/478/450 454/481/454
f 456/480/456 455/482/455 452/477/452
f 455/482/455 447/473/447 452/477/452
f 457/483/457 459/484/459 456/480/456
f 456/480/456 453/479/453 457/483/457
f 455/482/455 456/480/456 458/485/458
f 460/486/460 458/485/458 456/480/456
f 459/484/459 460/486/460 456/480/456
f 458/485/458 460/486/460 462/487/462
f 461/488/461 460/486/460 459/484/459
f 462/487/462 460/486/460 461/488/461
f 463/489/463 462/487/462 461/488/461
f 462/487/462 463/489/463 464/490/464
f 462/487/462 464/490/464 465/491/465
f 462/487/462 465/491/465 458/485/458
f 466/492/466 468/493/468 465/491/465
f 466/492/466 465/491/465 464/490/464
f 468/493/468 467/494/467 465/491/465
f 458/485/458 465/491/465 467/494/467
f 427/455/427 468/493/468 466/492/466
f 469/495/469 467/494/467 468/493/468
f 427/455/427 426/454/426 468/493/468
f 426/454/426 469/495/469 468/493/468
f 429/453/429 469/495/469 426/454/426
f 469/495/469 431/457/431 467/494/467
f 469/495/469 429/453/429 431/457/431
f 467/494/467 455/482/455 458/485/458
f 435/462/435 467/494/467 431/457/431
f 455/482/455 467/494/467 435/462/435
f 470/496/470 466/492/466 464/490/464
f 466/492/466 470/496/470 472/497/472
f 472/497/472 471/498/471 466/492/466
f 427/455/427 466/492/466 471/498/471
f 473/499/473 472/497/472 476/500/476
f 472/497/472 473/499/473 474/501/474
f 477/502/477 472/497/472 474/501/474
f 475/503/475 472/497/472 477/502/477
f 471/498/471 472/497/472 475/503/475
f 476/500/476 472/497/472 470/496/470
f 478/504/478 477/502/477 474/501/474
f 478/504/478 475/503/475 477/502/477
f 479/505/479 478/504/478 474/501/474
f 480/506/480 478/504/478 479/505/479
f 478/504/478 480/506/480 481/507/481
f 475/503/475 478/504/478 481/507/481
f 481/507/481 483/508/483 482/509/482
f 481/507/481 482/509/482 475/503/475
f 483/508/483 481/507/481 485/510/485
f 481/507/481 480/506/480 484/511/484
f 481/507/481 484/511/484 485/510/485
f 484/512/484 486/513/486 485/514/485
f 486/513/486 488/515/488 485/514/485
f 489/516/489 485/514/485 487/517/487
f 487/517/487 485/514/485 488/515/488
f 489/518/489 483/508/483 485/510/485
f 489/518/489 491/519/491 483/508/483
f 490/520/490 491/521/491 489/516/489
f 487/517/487 490/520/490 489/516/489
f 494/522/494 492/523/492 491/519/491
f 491/519/491 492/523/492 483/508/483
f 493/524/493 491/521/491 490/520/490
f 494/525/494 491/521/491 493/524/493
f 495/526/495 497/527/497 494/525/494
f 495/526/495 494/525/494 493/524/493
f 496/528/496 494/522/494 497/529/497
f 496/528/496 424/450/424 494/522/494
f 494/522/494 424/450/424 492/523/492
f 498/530/498 497/527/497 495/526/495
f 497/529/497 423/449/423 496/528/496
f 498/530/498 499/531/499 497/527/497
f 499/532/499 415/441/415 497/529/497
f 497/529/497 415/441/415 423/449/423
f 413/440/413 499/531/499 500/533/500
f 499/531/499 498/530/498 500/533/500
f 415/441/415 499/532/499 413/439/413
f 502/534/502 500/533/500 501/535/501
f 500/533/500 498/530/498 501/535/501
f 504/536/504 500/533/500 502/534/502
f 503/537/503 413/440/413 500/533/500
f 504/536/504 503/537/503 500/533/500
f 503/537/503 504/536/504 505/538/505
f 506/539/506 504/536/504 502/534/502
f 506/539/506 505/538/505 504/536/504
f 506/539/506 502/534/502 511/540/511
f 507/541/507 505/538/505 506/539/506
f 507/541/507 506/539/506 509/542/509
f 509/542/509 506/539/506 508/543/508
f 508/543/508 506/539/506 510/544/510
f 506/539/506 511/540/511 510/544/510
f 511/540/511 502/534/502 512/545/512
f 510/544/510 511/540/511 512/545/512
f 502/534/502 516/546/516 512/545/512
f 513/547/513 515/548/515 512/545/512
f 516/546/516 513/547/513 512/545/512
f 510/544/510 512/545/512 514/549/514
f 515/548/515 514/549/514 512/545/512
f 502/534/502 501/535/501 516/546/516
f 516/546/516 501/535/501 518/550/518
f 517/551/517 516/546/516 518/550/518
f 516/546/516 517/551/517 513/547/513
f 518/550/518 501/535/501 519/552/519
f 519/552/519 520/553/520 518/550/518
f 517/551/517 518/550/518 520/553/520
f 520/553/520 521/554/521 524/555/524
f 519/552/519 521/554/521 520/553/520
f 517/551/517 520/553/520 523/556/523
f 520/553/520 522/557/522 523/556/523
f 520/553/520 524/555/524 522/557/522
f 524/555/524 525/558/525 528/559/528
f 525/558/525 524/555/524 527/560/527
f 521/554/521 526/561/526 524/555/524
f 524/555/524 526/561/526 527/560/527
f 528/559/528 522/557/522 524/555/524
f 528/559/528 529/562/529 532/563/532
f 525/558/525 529/562/529 528/559/528
f 530/564/530 528/559/528 532/563/532
f 528/559/528 530/564/530 531/565/531
f 531/565/531 522/557/522 528/559/528
f 532/563/532 529/562/529 533/566/533
f 532/563/532 533/566/533 534/567/534
f 530/564/530 532/563/532 534/567/534
f 530/564/530 534/567/534 535/568/535
f 535/568/535 534/567/534 537/569/537
f 536/570/536 538/571/538 534/567/534
f 536/570/536 534/567/534 533/566/533
f 537/569/537 534/567/534 538/571/538
f 539/572/539 538/571/538 536/570/536
f 538/571/538 539/572/539 540/573/540
f 537/569/537 538/571/538 540/573/540
f 542/574/542 540/573/540 541/575/541
f 540/573/540 543/576/543 541/575/541
f 540/573/540 542/574/542 544/577/544
f 540/573/540 539/572/539 543/576/543
f 540/573/540 544/577/544 537/569/537
f 547/578/547 545/579/545 544/577/544
f 545/579/545 537/569/537 544/577/544
f 547/578/547 544/577/544 546/580/546
f 544/577/544 542/574/542 546/580/546
f 548/581/548 550/582/550 547/578/547
f 546/580/546 548/581/548 547/578/547
f 549/583/549 545/579/545 547/578/547
f 549/583/549 547/578/547 551/584/551
f 551/584/551 547/578/547 550/582/550
f 553/585/553 551/584/551 550/582/550
f 549/583/549 551/584/551 552/586/552
f 551/584/551 553/585/553 552/586/552
f 555/587/555 553/585/553 554/588/554
f 554/588/554 553/585/553 556/589/556
f 552/586/552 553/585/553 555/587/555
f 556/589/556 553/585/553 557/590/557
f 557/590/557 553/585/553 550/582/550
f 548/581/548 557/590/557 550/582/550
f 558/591/558 559/592/559 557/590/557
f 557/590/557 548/581/548 558/591/558
f 559/592/559 556/589/556 557/590/557
f 559/592/559 560/593/560 561/594/561
f 560/593/560 559/592/559 558/591/558
f 559/592/559 561/594/561 556/589/556
f 563/595/563 562/596/562 561/594/561
f 556/589/556 561/594/561 562/596/562
f 564/597/564 561/594/561 560/593/560
f 563/595/563 561/594/561 564/597/564
f 563/595/563 564/597/564 565/598/565
f 564/597/564 567/599/567 565/598/565
f 566/600/566 564/597/564 560/593/560
f 566/600/566 567/599/567 564/597/564
f 570/601/570 568/602/568 567/599/567
f 567/599/567 568/602/568 569/603/569
f 569/603/569 565/598/565 567/599/567
f 567/599/567 566/600/566 570/601/570
f 568/602/568 570/601/570 573/604/573
f 570/601/570 571/605/571 573/604/573
f 572/606/572 571/605/571 570/601/570
f 570/601/570 566/600/566 572/606/572
f 568/602/568 573/604/573 575/607/575
f 573/604/573 571/605/571 574/608/574
f 574/608/574 575/607/575 573/604/573
f 576/609/576 577/610/577 575/607/575
f 576/609/576 575/607/575 578/611/578
f 577/610/577 568/602/568 575/607/575
f 575/607/575 574/608/574 578/611/578
f 578/611/578 580/612/580 579/613/579
f 581/614/581 578/611/578 579/613/579
f 578/611/578 574/608/574 580/612/580
f 578/611/578 582/615/582 576/609/576
f 578/611/578 581/614/581 582/615/582
f 582/615/582 581/614/581 584/616/584
f 576/609/576 582/615/582 583/617/583
f 582/615/582 584/616/584 583/617/583
f 587/618/587 584/616/584 585/619/585
f 584/616/584 586/620/586 585/619/585
f 588/621/588 583/617/583 584/616/584
f 586/620/586 584/616/584 581/614/581
f 584/616/584 587/618/587 588/621/588
f 587/618/587 590/622/590 588/621/588
f 588/621/588 589/623/589 583/617/583
f 588/621/588 591/624/591 589/623/589
f 588/621/588 590/622/590 591/624/591
f 592/625/592 595/626/595 591/624/591
f 593/627/593 592/625/592 591/624/591
f 590/622/590 593/627/593 591/624/591
f 595/626/595 594/628/594 591/624/591
f 594/628/594 589/623/589 591/624/591
f 261/271/261 595/626/595 258/270/258
f 258/270/258 595/626/595 592/625/592
f 595/626/595 261/271/261 596/629/596
f 596/629/596 594/628/594 595/626/595
f 596/629/596 597/630/597 577/610/577
f 594/628/594 596/629/596 577/610/577
f 597/630/597 596/629/596 598/631/598
f 596/629/596 261/271/261 598/631/598
f 598/631/598 599/632/599 569/603/569
f 569/603/569 597/630/597 598/631/598
f 261/271/261 599/632/599 598/631/598
f 599/632/599 600/633/600 601/634/601
f 600/633/600 599/632/599 261/271/261
f 601/634/601 563/595/563 599/632/599
f 599/632/599 565/598/565 569/603/569
f 563/595/563 565/598/565 599/632/599
f 605/635/605 602/636/602 601/634/601
f 604/637/604 601/634/601 602/636/602
f 603/638/603 563/595/563 601/634/601
f 601/634/601 604/637/604 603/638/603
f 605/635/605 601/634/601 600/633/600
f 602/636/602 605/635/605 265/274/265
f 605/635/605 260/272/260 265/274/265
f 261/271/261 260/272/260 605/635/605
f 600/633/600 261/271/261 605/635/605
f 554/588/554 604/637/604 606/639/606
f 554/588/554 603/638/603 604/637/604
f 606/639/606 604/637/604 273/284/273
f 267/278/267 273/284/273 604/637/604
f 602/636/602 267/278/267 604/637/604
f 606/639/606 555/587/555 554/588/554
f 555/587/555 606/639/606 275/286/275
f 273/284/273 275/286/275 606/639/606
f 554/588/554 562/596/562 603/638/603
f 562/596/562 563/595/563 603/638/603
f 602/636/602 265/274/265 267/278/267
f 597/630/597 569/603/569 568/602/568
f 577/610/577 597/630/597 568/602/568
f 583/617/583 589/623/589 594/628/594
f 594/628/594 577/610/577 576/609/576
f 576/609/576 583/617/583 594/628/594
f 607/640/607 247/258/247 593/627/593
f 593/627/593 247/258/247 592/625/592
f 607/640/607 593/627/593 590/622/590
f 247/258/247 607/640/607 243/256/243
f 243/256/243 607/640/607 244/255/244
f 244/255/244 607/640/607 608/641/608
f 607/640/607 590/622/590 608/641/608
f 611/642/611 244/255/244 608/641/608
f 608/641/608 590/622/590 609/643/609
f 608/641/608 609/643/609 610/644/610
f 611/642/611 608/641/608 610/644/610
f 612/645/612 244/255/244 611/642/611
f 612/645/612 611/642/611 614/646/614
f 611/642/611 613/647/613 614/646/614
f 613/647/613 611/642/611 610/644/610
f 615/648/615 612/645/612 614/646/614
f 615/648/615 614/646/614 618/649/618
f 617/650/617 616/651/616 614/646/614
f 614/646/614 616/651/616 618/649/618
f 617/650/617 614/646/614 613/647/613
f 619/652/619 615/648/615 618/649/618
f 618/649/618 616/651/616 619/652/619
f 620/653/620 615/648/615 619/652/619
f 621/654/621 620/653/620 619/652/619
f 621/654/621 619/652/619 624/655/624
f 622/656/622 619/652/619 623/657/623
f 624/655/624 619/652/619 622/656/622
f 616/651/616 625/658/625 619/652/619
f 623/657/623 619/652/619 625/658/625
f 616/651/616 617/650/617 625/658/625
f 625/658/625 617/650/617 626/659/626
f 623/657/623 625/658/625 628/660/628
f 625/658/625 626/659/626 627/661/627
f 625/658/625 627/661/627 628/660/628
f 629/662/629 623/657/623 628/660/628
f 629/662/629 628/660/628 627/661/627
f 629/662/629 631/663/631 630/664/630
f 629/662/629 630/664/630 632/665/632
f 634/666/634 623/657/623 629/662/629
f 631/663/631 629/662/629 627/661/627
f 632/665/632 633/667/633 629/662/629
f 634/666/634 629/662/629 633/667/633
f 633/667/633 636/668/636 634/666/634
f 634/666/634 635/669/635 623/657/623
f 635/669/635 634/666/634 636/668/636
f 636/668/636 633/667/633 637/670/637
f 638/671/638 635/669/635 636/668/636
f 638/671/638 636/668/636 637/670/637
f 635/669/635 638/671/638 639/672/639
f 639/672/639 638/671/638 641/673/641
f 638/671/638 637/670/637 640/674/640
f 638/671/638 640/674/640 641/673/641
f 642/675/642 639/672/639 641/673/641
f 641/673/641 644/676/644 642/675/642
f 640/674/640 643/677/643 641/673/641
f 644/676/644 641/673/641 643/677/643
f 644/676/644 647/678/647 642/675/642
f 643/677/643 645/679/645 644/676/644
f 646/680/646 644/676/644 645/679/645
f 646/680/646 647/678/647 644/676/644
f 642/675/642 647/678/647 648/681/648
f 648/681/648 647/678/647 646/680/646
f 642/675/642 648/681/648 649/682/649
f 648/681/648 651/683/651 649/682/649
f 652/684/652 650/685/650 648/681/648
f 648/681/648 650/685/650 651/683/651
f 652/684/652 648/681/648 646/680/646
f 653/686/653 650/685/650 652/684/652
f 654/687/654 653/686/653 652/684/652
f 655/688/655 654/687/654 652/684/652
f 652/684/652 646/680/646 655/688/655
f 657/689/657 655/688/655 656/690/656
f 656/690/656 655/688/655 646/680/646
f 654/687/654 655/688/655 657/689/657
f 659/691/659 657/689/657 656/690/656
f 657/689/657 660/692/660 658/693/658
f 658/693/658 661/694/661 657/689/657
f 660/692/660 657/689/657 659/691/659
f 661/694/661 654/687/654 657/689/657
f 661/694/661 662/695/662 664/696/664
f 663/697/663 662/695/662 661/694/661
f 661/694/661 664/696/664 654/687/654
f 661/694/661 658/693/658 663/697/663
f 653/686/653 654/687/654 664/696/664
f 662/695/662 653/686/653 664/696/664
f 663/697/663 667/698/667 662/695/662
f 665/699/665 667/698/667 663/697/663
f 663/697/663 666/700/666 665/699/665
f 658/693/658 666/700/666 663/697/663
f 669/701/669 668/702/668 667/698/667
f 667/698/667 668/702/668 662/695/662
f 669/701/669 667/698/667 665/699/665
f 669/701/669 671/703/671 668/702/668
f 672/704/672 670/705/670 669/701/669
f 671/703/671 669/701/669 670/705/670
f 665/699/665 672/704/672 669/701/669
f 674/706/674 672/704/672 665/699/665
f 672/704/672 673/707/673 670/705/670
f 672/704/672 674/706/674 673/707/673
f 666/700/666 675/708/675 674/706/674
f 673/707/673 674/706/674 675/708/675
f 674/706/674 665/699/665 666/700/666
f 675/708/675 678/709/678 676/710/676
f 676/710/676 677/711/677 675/708/675
f 677/711/677 673/707/673 675/708/675
f 678/709/678 675/708/675 680/712/680
f 675/708/675 666/700/666 679/713/679
f 675/708/675 679/713/679 680/712/680
f 681/714/681 678/709/678 680/712/680
f 681/714/681 680/712/680 682/715/682
f 679/713/679 682/715/682 680/712/680
f 683/716/683 681/714/681 682/715/682
f 683/716/683 682/715/682 684/717/684
f 682/715/682 685/718/685 684/717/684
f 682/715/682 679/713/679 685/718/685
f 684/717/684 685/718/685 686/719/686
f 679/713/679 660/692/660 685/718/685
f 685/718/685 660/692/660 686/719/686
f 686/719/686 659/691/659 687/720/687
f 686/719/686 687/720/687 688/721/688
f 686/719/686 688/721/688 684/717/684
f 659/691/659 686/719/686 660/692/660
f 687/720/687 689/722/689 688/721/688
f 684/717/684 688/721/688 690/723/690
f 689/722/689 691/724/691 688/721/688
f 691/724/691 690/723/690 688/721/688
f 695/725/695 691/724/691 692/726/692
f 691/724/691 694/727/694 692/726/692
f 690/723/690 691/724/691 695/725/695
f 689/722/689 693/728/693 691/724/691
f 691/724/691 693/728/693 694/727/694
f 695/725/695 692/726/692 696/729/696
f 698/730/698 695/725/695 696/729/696
f 699/731/699 695/725/695 697/732/697
f 697/732/697 695/725/695 698/730/698
f 695/725/695 699/731/699 690/723/690
f 690/723/690 699/731/699 684/717/684
f 700/733/700 684/717/684 699/731/699
f 697/732/697 701/734/701 699/731/699
f 701/734/701 700/733/700 699/731/699
f 702/735/702 704/736/704 701/734/701
f 703/737/703 702/735/702 701/734/701
f 705/738/705 703/737/703 701/734/701
f 704/736/704 700/733/700 701/734/701
f 697/732/697 705/738/705 701/734/701
f 703/737/703 705/738/705 706/739/706
f 707/740/707 706/739/706 705/738/705
f 698/730/698 705/738/705 697/732/697
f 707/740/707 705/738/705 708/741/708
f 705/738/705 698/730/698 708/741/708
f 711/742/711 708/741/708 709/743/709
f 708/741/708 710/744/710 709/743/709
f 710/744/710 708/741/708 698/730/698
f 712/745/712 707/740/707 708/741/708
f 708/741/708 711/742/711 712/745/712
f 713/746/713 707/747/707 712/748/712
f 712/748/712 715/749/715 713/746/713
f 711/750/711 714/751/714 712/748/712
f 714/751/714 715/749/715 712/748/712
f 714/751/714 716/752/716 715/749/715
f 716/752/716 717/753/717 715/749/715
f 717/753/717 713/746/713 715/749/715
f 718/754/718 713/746/713 717/753/717
f 719/755/719 717/753/717 716/752/716
f 718/754/718 717/753/717 720/756/720
f 717/753/717 719/755/719 720/756/720
f 719/755/719 721/757/721 720/756/720
f 720/756/720 721/757/721 722/758/722
f 724/759/724 720/756/720 722/758/722
f 718/754/718 720/756/720 723/760/723
f 720/756/720 724/759/724 723/760/723
f 724/759/724 722/758/722 727/761/727
f 724/759/724 725/762/725 723/760/723
f 725/762/725 724/759/724 726/763/726
f 726/763/726 724/759/724 727/761/727
f 727/761/727 728/764/728 729/765/729
f 722/758/722 728/764/728 727/761/727
f 726/763/726 727/761/727 729/765/729
f 728/764/728 730/766/730 729/765/729
f 730/766/730 731/767/731 729/765/729
f 732/768/732 726/763/726 729/765/729
f 732/768/732 729/765/729 731/767/731
f 732/768/732 731/767/731 733/769/733
f 735/770/735 732/768/732 733/769/733
f 732/768/732 734/771/734 726/763/726
f 735/770/735 734/771/734 732/768/732
f 738/772/738 735/770/735 736/773/736
f 737/774/737 736/773/736 735/770/735
f 734/771/734 735/770/735 738/772/738
f 733/769/733 737/774/737 735/770/735
f 739/775/739 741/776/741 738/772/738
f 738/772/738 740/777/740 739/775/739
f 736/773/736 740/777/740 738/772/738
f 741/776/741 734/771/734 738/772/738
f 739/775/739 742/778/742 741/776/741
f 742/778/742 725/762/725 741/776/741
f 741/776/741 725/762/725 734/771/734
f 742/778/742 739/775/739 746/779/746
f 743/780/743 742/778/742 744/781/744
f 742/778/742 743/780/743 745/782/745
f 746/779/746 744/781/744 742/778/742
f 725/762/725 742/778/742 745/782/745
f 739/775/739 747/783/747 746/779/746
f 746/779/746 747/783/747 748/784/748
f 748/784/748 749/785/749 746/779/746
f 750/786/750 746/779/746 749/785/749
f 746/779/746 750/786/750 744/781/744
f 753/787/753 750/786/750 751/788/751
f 751/788/751 750/786/750 749/785/749
f 750/786/750 752/789/752 744/781/744
f 753/787/753 752/789/752 750/786/750
f 753/787/753 751/788/751 754/790/754
f 753/787/753 755/791/755 752/789/752
f 754/790/754 755/791/755 753/787/753
f 743/780/743 752/789/752 755/791/755
f 755/791/755 756/792/756 743/780/743
f 757/793/757 756/792/756 755/791/755
f 757/793/757 755/791/755 758/794/758
f 754/790/754 758/794/758 755/791/755
f 758/794/758 754/790/754 751/788/751
f 751/788/751 761/795/761 758/794/758
f 757/793/757 758/794/758 759/796/759
f 760/797/760 759/796/759 758/794/758
f 760/797/760 758/794/758 761/795/761
f 751/788/751 762/798/762 761/795/761
f 761/795/761 762/798/762 763/799/763
f 760/797/760 761/795/761 763/799/763
f 763/799/763 764/800/764 760/797/760
f 763/799/763 762/798/762 764/800/764
f 767/801/767 765/802/765 764/800/764
f 764/800/764 765/802/765 760/797/760
f 764/800/764 766/803/766 767/801/767
f 762/798/762 766/803/766 764/800/764
f 767/801/767 768/804/768 770/805/770
f 768/804/768 767/801/767 766/803/766
f 765/802/765 767/801/767 769/806/769
f 770/805/770 769/806/769 767/801/767
f 771/807/771 770/805/770 768/804/768
f 771/807/771 772/808/772 770/805/770
f 772/808/772 769/806/769 770/805/770
f 775/809/775 772/808/772 771/807/771
f 773/810/773 776/811/776 772/812/772
f 773/810/773 772/812/772 775/813/775
f 772/808/772 774/814/774 769/806/769
f 776/811/776 774/815/774 772/812/772
f 776/811/776 773/810/773 778/816/778
f 774/815/774 776/811/776 777/817/777
f 777/817/777 776/811/776 778/816/778
f 778/816/778 779/818/779 781/819/781
f 779/818/779 778/816/778 773/810/773
f 780/820/780 777/817/777 778/816/778
f 778/816/778 781/819/781 780/820/780
f 781/821/781 779/822/779 782/823/782
f 784/824/784 781/821/781 782/823/782
f 783/825/783 780/820/780 781/819/781
f 783/825/783 781/819/781 784/826/784
f 782/823/782 785/827/785 784/824/784
f 786/828/786 784/824/784 785/827/785
f 787/829/787 784/824/784 786/828/786
f 784/826/784 787/830/787 783/825/783
f 788/831/788 787/832/787 789/833/789
f 787/830/787 788/834/788 790/835/790
f 787/832/787 791/836/791 789/833/789
f 790/835/790 793/837/793 787/830/787
f 783/825/783 787/830/787 792/838/792
f 787/832/787 786/839/786 791/836/791
f 793/837/793 792/838/792 787/830/787
f 793/837/793 795/840/795 794/841/794
f 794/841/794 792/838/792 793/837/793
f 795/840/795 793/837/793 796/842/796
f 796/842/796 793/837/793 790/835/790
f 797/843/797 795/840/795 796/842/796
f 798/844/798 797/843/797 796/842/796
f 798/844/798 796/842/796 790/835/790
f 801/845/801 799/846/799 798/844/798
f 797/843/797 798/844/798 799/846/799
f 800/847/800 798/844/798 788/834/788
f 788/834/788 798/844/798 790/835/790
f 800/847/800 801/845/801 798/844/798
f 801/845/801 804/848/804 799/846/799
f 801/845/801 800/847/800 803/849/803
f 802/850/802 801/845/801 803/849/803
f 801/845/801 802/850/802 804/848/804
f 805/851/805 799/846/799 804/848/804
f 804/848/804 806/852/806 805/851/805
f 802/850/802 806/852/806 804/848/804
f 808/853/808 806/852/806 802/850/802
f 806/852/806 807/854/807 810/855/810
f 807/854/807 806/852/806 808/853/808
f 809/856/809 805/851/805 806/852/806
f 809/856/809 806/852/806 810/855/810
f 811/857/811 810/855/810 812/858/812
f 810/855/810 811/857/811 813/859/813
f 812/858/812 810/855/810 807/854/807
f 810/855/810 813/859/813 814/860/814
f 810/855/810 814/860/814 809/856/809
f 814/860/814 813/859/813 815/861/815
f 814/860/814 815/861/815 816/862/816
f 816/862/816 805/851/805 814/860/814
f 809/856/809 814/860/814 805/851/805
f 805/851/805 816/862/816 795/840/795
f 816/862/816 818/863/818 795/840/795
f 815/861/815 817/864/817 816/862/816
f 817/864/817 818/863/818 816/862/816
f 795/840/795 818/863/818 794/841/794
f 818/863/818 819/865/819 820/866/820
f 817/864/817 819/865/819 818/863/818
f 818/863/818 820/866/820 794/841/794
f 821/867/821 794/841/794 820/866/820
f 821/867/821 820/866/820 822/868/822
f 820/866/820 823/869/823 822/868/822
f 820/866/820 819/865/819 824/870/824
f 823/869/823 820/866/820 824/870/824
f 826/871/826 825/872/825 824/870/824
f 823/869/823 824/870/824 825/872/825
f 826/871/826 824/870/824 819/865/819
f 825/872/825 826/871/826 827/873/827
f 828/874/828 827/873/827 826/871/826
f 828/874/828 826/871/826 819/865/819
f 829/875/829 827/873/827 828/874/828
f 828/874/828 831/876/831 829/875/829
f 830/877/830 828/874/828 817/864/817
f 830/877/830 831/876/831 828/874/828
f 819/865/819 817/864/817 828/874/828
f 831/876/831 833/878/833 832/879/832
f 831/876/831 832/879/832 835/880/835
f 834/881/834 831/876/831 830/877/830
f 834/881/834 833/878/833 831/876/831
f 829/875/829 831/876/831 835/880/835
f 832/879/832 836/882/836 835/880/835
f 835/880/835 836/882/836 838/883/838
f 835/880/835 837/884/837 829/875/829
f 835/880/835 838/883/838 837/884/837
f 840/885/840 839/886/839 838/883/838
f 839/886/839 837/884/837 838/883/838
f 840/885/840 838/883/838 836/882/836
f 840/885/840 704/736/704 839/886/839
f 840/885/840 836/882/836 841/887/841
f 840/885/840 841/887/841 704/736/704
f 844/888/844 842/889/842 841/887/841
f 841/887/841 842/889/842 704/736/704
f 843/890/843 844/888/844 841/887/841
f 836/882/836 843/890/843 841/887/841
f 844/888/844 843/890/843 845/891/845
f 678/709/678 844/888/844 845/891/845
f 681/714/681 844/888/844 678/709/678
f 844/888/844 681/714/681 683/716/683
f 844/888/844 683/716/683 842/889/842
f 843/890/843 846/892/846 845/891/845
f 845/891/845 847/893/847 678/709/678
f 846/892/846 848/894/848 845/891/845
f 848/894/848 847/893/847 845/891/845
f 850/895/850 848/894/848 846/892/846
f 849/896/849 848/894/848 851/897/851
f 849/896/849 847/893/847 848/894/848
f 848/894/848 850/895/850 851/897/851
f 854/898/854 851/897/851 852/899/852
f 852/899/852 851/897/851 853/900/853
f 854/898/854 849/896/849 851/897/851
f 850/895/850 853/900/853 851/897/851
f 858/901/858 849/896/849 854/898/854
f 857/902/857 854/898/854 852/899/852
f 855/903/855 856/904/856 854/898/854
f 857/902/857 855/903/855 854/898/854
f 854/898/854 856/904/856 858/901/858
f 849/896/849 858/901/858 860/905/860
f 859/906/859 860/905/860 858/901/858
f 859/906/859 858/901/858 861/907/861
f 861/907/861 858/901/858 856/904/856
f 861/907/861 862/908/862 203/214/203
f 203/214/203 206/217/206 861/907/861
f 862/908/862 861/907/861 855/903/855
f 855/903/855 861/907/861 856/904/856
f 861/907/861 206/217/206 859/906/859
f 862/908/862 200/211/200 203/214/203
f 863/909/863 864/910/864 862/908/862
f 862/908/862 855/903/855 863/909/863
f 864/910/864 200/211/200 862/908/862
f 867/911/867 864/910/864 863/909/863
f 864/910/864 867/911/867 865/912/865
f 866/913/866 864/910/864 865/912/865
f 866/913/866 198/209/198 864/910/864
f 197/210/197 200/211/200 864/910/864
f 197/210/197 864/910/864 198/209/198
f 867/911/867 863/909/863 868/914/868
f 869/915/869 867/911/867 868/914/868
f 869/915/869 870/916/870 867/911/867
f 865/912/865 867/911/867 870/916/870
f 870/916/870 869/915/869 812/858/812
f 812/858/812 871/917/871 870/916/870
f 870/916/870 871/917/871 865/912/865
f 872/918/872 871/917/871 812/858/812
f 872/918/872 873/919/873 871/917/871
f 874/920/874 865/912/865 871/917/871
f 874/920/874 871/917/871 873/919/873
f 875/921/875 874/920/874 876/922/876
f 875/921/875 877/923/877 874/920/874
f 873/919/873 876/922/876 874/920/874
f 865/912/865 874/920/874 877/923/877
f 878/924/878 880/925/880 877/923/877
f 878/924/878 877/923/877 879/926/879
f 879/926/879 877/923/877 875/921/875
f 866/913/866 865/912/865 877/923/877
f 866/913/866 877/923/877 880/925/880
f 878/924/878 195/205/195 880/925/880
f 198/209/198 866/913/866 880/925/880
f 880/925/880 195/205/195 198/209/198
f 882/927/882 879/926/879 881/928/881
f 881/928/881 879/926/879 875/921/875
f 883/929/883 879/926/879 882/927/882
f 878/924/878 879/926/879 883/929/883
f 884/930/884 883/929/883 882/927/882
f 884/930/884 885/931/885 883/929/883
f 885/931/885 886/932/886 883/929/883
f 887/933/887 883/929/883 886/932/886
f 883/929/883 887/933/887 878/924/878
f 878/924/878 887/933/887 192/202/192
f 886/932/886 888/934/888 887/933/887
f 887/933/887 191/203/191 192/202/192
f 191/203/191 887/933/887 889/935/889
f 887/933/887 888/934/888 889/935/889
f 890/936/890 889/935/889 888/934/888
f 890/936/890 182/192/182 889/935/889
f 182/192/182 191/203/191 889/935/889
f 888/934/888 891/937/891 890/936/890
f 890/936/890 181/193/181 182/192/182
f 892/938/892 181/193/181 890/936/890
f 890/936/890 891/937/891 893/939/893
f 890/936/890 893/939/893 892/938/892
f 892/938/892 893/939/893 894/940/894
f 894/940/894 893/939/893 895/941/895
f 893/939/893 896/942/896 895/941/895
f 897/943/897 896/942/896 893/939/893
f 897/943/897 893/939/893 891/937/891
f 885/931/885 897/943/897 886/932/886
f 897/943/897 885/931/885 899/944/899
f 898/945/898 897/943/897 899/944/899
f 898/945/898 896/942/896 897/943/897
f 897/943/897 891/937/891 886/932/886
f 901/946/901 899/944/899 900/947/900
f 899/944/899 884/930/884 900/947/900
f 899/944/899 901/946/901 898/945/898
f 899/944/899 885/931/885 884/930/884
f 902/948/902 901/946/901 905/949/905
f 901/946/901 902/948/902 903/950/903
f 901/946/901 903/950/903 904/951/904
f 901/946/901 904/951/904 898/945/898
f 901/946/901 900/947/900 905/949/905
f 902/948/902 905/949/905 906/952/906
f 905/949/905 907/953/907 906/952/906
f 907/953/907 905/949/905 900/947/900
f 906/952/906 907/953/907 908/954/908
f 907/953/907 884/930/884 909/955/909
f 907/953/907 900/947/900 884/930/884
f 907/953/907 909/955/909 908/954/908
f 882/927/882 881/928/881 909/955/909
f 881/928/881 910/956/910 909/955/909
f 884/930/884 882/927/882 909/955/909
f 908/954/908 909/955/909 910/956/910
f 910/956/910 913/957/913 908/954/908
f 881/928/881 911/958/911 910/956/910
f 911/958/911 912/959/912 910/956/910
f 910/956/910 912/959/912 913/957/913
f 908/954/908 913/957/913 914/960/914
f 914/960/914 913/957/913 915/961/915
f 913/957/913 912/959/912 915/961/915
f 917/962/917 914/960/914 915/961/915
f 918/963/918 915/961/915 916/964/916
f 919/965/919 916/964/916 915/961/915
f 915/961/915 918/963/918 917/962/917
f 912/959/912 919/965/919 915/961/915
f 920/966/920 921/967/921 919/965/919
f 920/966/920 919/965/919 912/959/912
f 921/967/921 923/968/923 919/965/919
f 916/964/916 919/965/919 922/969/922
f 922/969/922 919/965/919 923/968/923
f 923/968/923 921/967/921 924/970/924
f 923/968/923 924/970/924 925/971/925
f 922/969/922 923/968/923 925/971/925
f 926/972/926 925/971/925 927/973/927
f 928/974/928 925/971/925 926/972/926
f 925/971/925 924/970/924 803/849/803
f 927/973/927 925/971/925 803/849/803
f 922/969/922 925/971/925 928/974/928
f 926/972/926 929/975/929 928/974/928
f 928/974/928 916/964/916 922/969/922
f 916/964/916 928/974/928 918/963/918
f 928/974/928 929/975/929 918/963/918
f 929/975/929 926/972/926 930/976/930
f 929/975/929 930/976/930 931/977/931
f 918/963/918 929/975/929 931/977/931
f 932/978/932 931/977/931 930/976/930
f 931/977/931 932/978/932 918/963/918
f 933/979/933 932/978/932 930/976/930
f 934/980/934 932/978/932 933/979/933
f 918/963/918 932/978/932 935/981/935
f 934/980/934 935/981/935 932/978/932
f 935/981/935 936/982/936 917/962/917
f 917/962/917 918/963/918 935/981/935
f 936/982/936 935/981/935 934/980/934
f 938/983/938 937/984/937 936/982/936
f 939/985/939 936/982/936 937/984/937
f 936/982/936 934/980/934 938/983/938
f 939/985/939 917/962/917 936/982/936
f 906/952/906 914/960/914 939/985/939
f 914/960/914 917/962/917 939/985/939
f 940/986/940 906/952/906 939/985/939
f 937/984/937 940/986/940 939/985/939
f 941/987/941 902/948/902 940/986/940
f 902/948/902 906/952/906 940/986/940
f 942/988/942 941/987/941 940/986/940
f 940/986/940 937/984/937 942/988/942
f 941/987/941 942/988/942 945/989/945
f 945/989/945 942/988/942 943/990/943
f 942/988/942 944/991/944 943/990/943
f 946/992/946 944/991/944 942/988/942
f 946/992/946 942/988/942 937/984/937
f 946/992/946 948/993/948 947/994/947
f 944/991/944 946/992/946 947/994/947
f 946/992/946 938/983/938 948/993/948
f 946/992/946 937/984/937 938/983/938
f 950/995/950 949/996/949 948/993/948
f 951/997/951 948/993/948 949/996/949
f 948/993/948 938/983/938 950/995/950
f 947/994/947 948/993/948 951/997/951
f 951/997/951 952/998/952 947/994/947
f 954/999/954 952/998/952 951/997/951
f 953/1000/953 951/997/951 955/1001/955
f 953/1000/953 954/999/954 951/997/951
f 951/997/951 949/996/949 956/1002/956
f 955/1001/955 951/997/951 956/1002/956
f 956/1003/956 957/1004/957 955/1005/955
f 949/1006/949 957/1004/957 956/1003/956
f 957/1004/957 958/1007/958 955/1005/955
f 957/1004/957 960/1008/960 958/1007/958
f 957/1004/957 949/1006/949 950/1009/950
f 950/1009/950 959/1010/959 957/1004/957
f 960/1008/960 957/1004/957 959/1010/959
f 958/1007/958 960/1008/960 961/1011/961
f 933/1012/933 960/1008/960 959/1010/959
f 960/1008/960 933/1012/933 961/1011/961
f 962/1013/962 961/1011/961 933/1012/933
f 964/1014/964 961/1011/961 962/1013/962
f 961/1011/961 963/1015/963 958/1007/958
f 961/1011/961 964/1014/964 963/1015/963
f 964/1014/964 962/1013/962 966/1016/966
f 963/1015/963 964/1014/964 965/1017/965
f 965/1017/965 964/1014/964 966/1016/966
f 968/1018/968 967/1019/967 966/1016/966
f 969/1020/969 966/1016/966 967/1019/967
f 970/1021/970 968/1018/968 966/1016/966
f 971/1022/971 966/1016/966 969/1020/969
f 966/1016/966 971/1022/971 965/1017/965
f 966/1016/966 962/1013/962 970/1021/970
f 972/1023/972 965/1017/965 971/1022/971
f 973/1024/973 972/1023/972 971/1022/971
f 971/1022/971 974/1025/974 973/1024/973
f 971/1022/971 969/1020/969 974/1025/974
f 975/1026/975 974/1025/974 977/1027/977
f 975/1026/975 973/1024/973 974/1025/974
f 974/1025/974 969/1020/969 976/1028/976
f 974/1025/974 976/1028/976 977/1027/977
f 980/1029/980 978/1030/978 977/1027/977
f 975/1026/975 977/1027/977 978/1030/978
f 979/1031/979 981/1032/981 977/1027/977
f 979/1031/979 977/1027/977 976/1028/976
f 981/1032/981 980/1029/980 977/1027/977
f 979/1031/979 982/1033/982 981/1032/981
f 981/1032/981 982/1033/982 984/1034/984
f 980/1029/980 981/1032/981 983/1035/983
f 981/1032/981 984/1034/984 983/1035/983
f 985/1036/985 984/1034/984 987/1037/987
f 986/1038/986 984/1034/984 985/1036/985
f 983/1035/983 984/1034/984 986/1038/986
f 987/1037/987 984/1034/984 982/1033/982
f 987/1037/987 988/1039/988 985/1036/985
f 989/1040/989 988/1039/988 987/1037/987
f 990/1041/990 989/1040/989 987/1037/987
f 987/1037/987 991/1042/991 990/1041/990
f 991/1042/991 987/1037/987 982/1033/982
f 992/1043/992 990/1041/990 991/1042/991
f 991/1042/991 993/1044/993 992/1043/992
f 982/1033/982 993/1044/993 991/1042/991
f 994/1045/994 993/1044/993 982/1033/982
f 993/1044/993 994/1045/994 995/1046/995
f 992/1043/992 993/1044/993 995/1046/995
f 995/1046/995 791/836/791 996/1047/996
f 995/1046/995 996/1047/996 997/1048/997
f 995/1046/995 997/1048/997 992/1043/992
f 998/1049/998 791/836/791 995/1046/995
f 994/1045/994 999/1050/999 995/1046/995
f 999/1050/999 998/1049/998 995/1046/995
f 1000/1051/1000 998/1049/998 999/1050/999
f 967/1019/967 1000/1051/1000 999/1050/999
f 999/1050/999 994/1045/994 1001/1052/1001
f 999/1050/999 969/1020/969 967/1019/967
f 976/1028/976 969/1020/969 999/1050/999
f 976/1028/976 999/1050/999 1001/1052/1001
f 1001/1052/1001 979/1031/979 976/1028/976
f 979/1031/979 1001/1052/1001 994/1045/994
f 1000/1051/1000 789/833/789 998/1049/998
f 968/1018/968 1000/1051/1000 967/1019/967
f 1000/1051/1000 1002/1053/1002 789/833/789
f 968/1018/968 1002/1053/1002 1000/1051/1000
f 927/1054/927 1002/1053/1002 968/1018/968
f 1002/1053/1002 788/831/788 789/833/789
f 800/847/800 788/834/788 1002/1055/1002
f 800/847/800 1002/1055/1002 1003/1056/1003
f 927/973/927 1003/1056/1003 1002/1055/1002
f 803/849/803 800/847/800 1003/1056/1003
f 803/849/803 1003/1056/1003 927/973/927
f 998/1049/998 789/833/789 791/836/791
f 1004/1057/1004 1006/1058/1006 997/1048/997
f 1004/1057/1004 997/1048/997 996/1047/996
f 1005/1059/1005 992/1043/992 997/1048/997
f 997/1048/997 1006/1058/1006 1005/1059/1005
f 1005/1059/1005 1006/1058/1006 1007/1060/1007
f 1008/1061/1008 1007/1062/1007 1006/1063/1006
f 1009/1064/1009 1008/1061/1008 1006/1063/1006
f 1009/1064/1009 1006/1063/1006 1004/1065/1004
f 1012/1066/1012 1010/1067/1010 1009/1064/1009
f 1010/1067/1010 1011/1068/1011 1009/1064/1009
f 1011/1068/1011 1013/1069/1013 1009/1064/1009
f 1014/1070/1014 1008/1061/1008 1009/1064/1009
f 1012/1066/1012 1009/1064/1009 1004/1065/1004
f 1009/1064/1009 1013/1069/1013 1014/1070/1014
f 1013/1069/1013 1015/1071/1015 1014/1070/1014
f 1015/1071/1015 1016/1072/1016 1014/1070/1014
f 1014/1070/1014 1016/1072/1016 1017/1073/1017
f 1014/1070/1014 1017/1073/1017 1008/1061/1008
f 1017/1073/1017 1018/1074/1018 1019/1075/1019
f 1016/1072/1016 1018/1074/1018 1017/1073/1017
f 1019/1075/1019 1007/1062/1007 1017/1073/1017
f 1007/1062/1007 1008/1061/1008 1017/1073/1017
f 1022/1076/1022 1007/1060/1007 1019/1077/1019
f 1019/1075/1019 1018/1074/1018 1020/1078/1020
f 1019/1075/1019 1020/1078/1020 1021/1079/1021
f 1022/1076/1022 1019/1077/1019 1021/1080/1021
f 1023/1081/1023 1024/1082/1024 1022/1076/1022
f 1022/1076/1022 1021/1080/1021 1023/1081/1023
f 1007/1060/1007 1022/1076/1022 1024/1082/1024
f 1025/1083/1025 1024/1082/1024 1023/1081/1023
f 1025/1083/1025 1007/1060/1007 1024/1082/1024
f 1025/1083/1025 1023/1081/1023 1026/1084/1026
f 1026/1084/1026 1027/1085/1027 1025/1083/1025
f 1007/1060/1007 1025/1083/1025 1005/1059/1005
f 1025/1083/1025 989/1040/989 1005/1059/1005
f 989/1040/989 1025/1083/1025 1027/1085/1027
f 1027/1085/1027 1028/1086/1028 988/1039/988
f 1027/1085/1027 988/1039/988 989/1040/989
f 1027/1085/1027 1029/1087/1029 1028/1086/1028
f 1030/1088/1030 1029/1087/1029 1027/1085/1027
f 1027/1085/1027 1026/1084/1026 1030/1088/1030
f 1031/1089/1031 1030/1088/1030 1032/1090/1032
f 1031/1089/1031 1029/1087/1029 1030/1088/1030
f 1030/1088/1030 1026/1084/1026 1032/1090/1032
f 1032/1090/1032 1026/1084/1026 1033/1091/1033
f 1033/1091/1033 1036/1092/1036 1032/1090/1032
f 1037/1093/1037 1034/1094/1034 1032/1090/1032
f 1034/1094/1034 1035/1095/1035 1032/1090/1032
f 1032/1090/1032 1035/1095/1035 1031/1089/1031
f 1036/1092/1036 1037/1093/1037 1032/1090/1032
f 1039/1096/1039 1037/1093/1037 1036/1092/1036
f 1040/1097/1040 1038/1098/1038 1037/1093/1037
f 1034/1094/1034 1037/1093/1037 1038/1098/1038
f 1037/1093/1037 1039/1096/1039 1040/1097/1040
f 1042/1099/1042 1040/1097/1040 1041/1100/1041
f 1041/1100/1041 1040/1097/1040 1043/1101/1043
f 1040/1097/1040 1042/1099/1042 1044/1102/1044
f 1044/1102/1044 1038/1098/1038 1040/1097/1040
f 1043/1101/1043 1040/1097/1040 1039/1096/1039
f 1044/1102/1044 1045/1103/1045 1047/1104/1047
f 1046/1105/1046 1045/1103/1045 1044/1102/1044
f 1038/1098/1038 1044/1102/1044 1047/1104/1047
f 1048/1106/1048 1046/1105/1046 1044/1102/1044
f 1044/1102/1044 1042/1099/1042 1048/1106/1048
f 1042/1099/1042 1049/1107/1049 1048/1106/1048
f 1048/1106/1048 1049/1107/1049 1050/1108/1050
f 1050/1109/1050 1051/1110/1051 1048/1111/1048
f 1051/1110/1051 1052/1112/1052 1048/1111/1048
f 1053/1113/1053 1048/1111/1048 1052/1112/1052
f 1046/1114/1046 1048/1111/1048 1053/1113/1053
f 1046/1114/1046 1053/1113/1053 1054/1115/1054
f 1053/1113/1053 1055/1116/1055 1054/1115/1054
f 1053/1113/1053 1052/1112/1052 1055/1116/1055
f 1056/1117/1056 1054/1115/1054 1055/1116/1055
f 1055/1116/1055 1057/1118/1057 1056/1117/1056
f 1055/1116/1055 1052/1112/1052 1057/1118/1057
f 1058/1119/1058 1056/1117/1056 1057/1118/1057
f 1057/1118/1057 1061/1120/1061 1058/1119/1058
f 1059/1121/1059 1057/1118/1057 1060/1122/1060
f 1061/1120/1061 1057/1118/1057 1059/1121/1059
f 1060/1122/1060 1057/1118/1057 1052/1112/1052
f 1064/1123/1064 1062/1124/1062 1061/1120/1061
f 1062/1124/1062 1063/1125/1063 1061/1120/1061
f 1065/1126/1065 1061/1120/1061 1063/1125/1063
f 1058/1119/1058 1061/1120/1061 1065/1126/1065
f 1059/1121/1059 1064/1123/1064 1061/1120/1061
f 1066/1127/1066 1067/1128/1067 1065/1126/1065
f 1066/1127/1066 1065/1126/1065 1063/1125/1063
f 1067/1128/1067 1058/1119/1058 1065/1126/1065
f 1066/1127/1066 1071/1129/1071 1067/1128/1067
f 1058/1119/1058 1067/1128/1067 1068/1130/1068
f 1068/1130/1068 1067/1128/1067 1070/1131/1070
f 1069/1132/1069 1070/1131/1070 1067/1128/1067
f 1071/1129/1071 1069/1132/1069 1067/1128/1067
f 1066/1127/1066 1075/1133/1075 1071/1129/1071
f 1069/1132/1069 1071/1129/1071 1072/1134/1072
f 1071/1129/1071 1073/1135/1073 1072/1134/1072
f 1074/1136/1074 1073/1135/1073 1071/1129/1071
f 1071/1129/1071 1076/1137/1076 1074/1136/1074
f 1075/1133/1075 1076/1137/1076 1071/1129/1071
f 1077/1138/1077 1076/1137/1076 1078/1139/1078
f 1080/1140/1080 1076/1137/1076 1077/1138/1077
f 1078/1139/1078 1076/1137/1076 1075/1133/1075
f 1080/1140/1080 1079/1141/1079 1076/1137/1076
f 1074/1136/1074 1076/1137/1076 1079/1141/1079
f 1081/1142/1081 1084/1143/1084 1080/1140/1080
f 1082/1144/1082 1081/1142/1081 1080/1140/1080
f 1082/1144/1082 1080/1140/1080 1077/1138/1077
f 1083/1145/1083 1080/1140/1080 1084/1143/1084
f 1083/1145/1083 1079/1141/1079 1080/1140/1080
f 1088/1146/1088 1084/1143/1084 1081/1142/1081
f 1085/1147/1085 1086/1148/1086 1084/1143/1084
f 1088/1146/1088 1085/1147/1085 1084/1143/1084
f 1084/1143/1084 1086/1148/1086 1087/1149/1087
f 1083/1145/1083 1084/1143/1084 1087/1149/1087
f 1089/1150/1089 1088/1146/1088 1081/1142/1081
f 1089/1150/1089 1090/1151/1090 1088/1146/1088
f 1090/1151/1090 1085/1147/1085 1088/1146/1088
f 1091/1152/1091 1093/1153/1093 1090/1151/1090
f 1092/1154/1092 1091/1152/1091 1090/1151/1090
f 1092/1154/1092 1090/1151/1090 1089/1150/1089
f 1090/1151/1090 1094/1155/1094 1085/1147/1085
f 1094/1155/1094 1090/1151/1090 1093/1153/1093
f 1085/1147/1085 1094/1155/1094 1095/1156/1095
f 1094/1155/1094 1093/1153/1093 1095/1156/1095
f 1085/1147/1085 1095/1156/1095 1098/1157/1098
f 1097/1158/1097 1096/1159/1096 1095/1156/1095
f 1095/1156/1095 1096/1159/1096 1099/1160/1099
f 1097/1158/1097 1095/1156/1095 1093/1153/1093
f 1095/1156/1095 1099/1160/1099 1098/1157/1098
f 1101/1161/1101 1100/1162/1100 1099/1160/1099
f 1099/1160/1099 1100/1162/1100 1102/1163/1102
f 1096/1159/1096 1101/1161/1101 1099/1160/1099
f 1103/1164/1103 1099/1160/1099 1102/1163/1102
f 1103/1164/1103 1098/1157/1098 1099/1160/1099
f 1103/1164/1103 1102/1163/1102 1104/1165/1104
f 1105/1166/1105 1103/1164/1103 1104/1165/1104
f 1106/1167/1106 1103/1164/1103 1105/1166/1105
f 1098/1157/1098 1103/1164/1103 1106/1167/1106
f 1106/1167/1106 1107/1168/1107 1085/1147/1085
f 1098/1157/1098 1106/1167/1106 1085/1147/1085
f 1107/1168/1107 1106/1167/1106 1105/1166/1105
f 1085/1147/1085 1107/1168/1107 1108/1169/1108
f 1107/1168/1107 1105/1166/1105 1109/1170/1109
f 1108/1169/1108 1107/1168/1107 1109/1170/1109
f 1113/1171/1113 1109/1170/1109 1105/1166/1105
f 1109/1170/1109 1112/1172/1112 1108/1169/1108
f 1110/1173/1110 1111/1174/1111 1109/1170/1109
f 1113/1171/1113 1110/1173/1110 1109/1170/1109
f 1111/1174/1111 1112/1172/1112 1109/1170/1109
f 1113/1171/1113 1104/1165/1104 1114/1175/1114
f 1104/1165/1104 1113/1171/1113 1105/1166/1105
f 1114/1175/1114 1115/1176/1115 1113/1171/1113
f 1115/1176/1115 1116/1177/1116 1113/1171/1113
f 1116/1177/1116 1117/1178/1117 1113/1171/1113
f 1110/1173/1110 1113/1171/1113 1117/1178/1117
f 1119/1179/1119 1117/1178/1117 1118/1180/1118
f 1118/1180/1118 1117/1178/1117 1116/1177/1116
f 1110/1173/1110 1117/1178/1117 1119/1179/1119
f 1120/1181/1120 1119/1182/1119 1118/1183/1118
f 1119/1182/1119 1120/1181/1120 1121/1184/1121
f 1111/1174/1111 1110/1173/1110 1119/1179/1119
f 1122/1185/1122 1119/1179/1119 1121/1186/1121
f 1122/1185/1122 1111/1174/1111 1119/1179/1119
f 1121/1186/1121 1123/1187/1123 1122/1185/1122
f 1111/1174/1111 1122/1185/1122 1124/1188/1124
f 1124/1188/1124 1122/1185/1122 1123/1187/1123
f 1125/1189/1125 1124/1188/1124 1123/1187/1123
f 1112/1172/1112 1111/1174/1111 1124/1188/1124
f 1126/1190/1126 1124/1188/1124 1125/1189/1125
f 1124/1188/1124 1126/1190/1126 1112/1172/1112
f 1128/1191/1128 1126/1190/1126 1127/1192/1127
f 1126/1190/1126 1125/1189/1125 1127/1192/1127
f 1126/1190/1126 1128/1191/1128 1087/1149/1087
f 1126/1190/1126 1129/1193/1129 1112/1172/1112
f 1129/1193/1129 1126/1190/1126 1087/1149/1087
f 1129/1193/1129 1087/1149/1087 1086/1148/1086
f 1129/1193/1129 1086/1148/1086 1108/1169/1108
f 1108/1169/1108 1112/1172/1112 1129/1193/1129
f 1128/1191/1128 1131/1194/1131 1130/1195/1130
f 1128/1191/1128 1130/1195/1130 1079/1141/1079
f 1128/1191/1128 1127/1192/1127 1131/1194/1131
f 1128/1191/1128 1079/1141/1079 1087/1149/1087
f 1130/1195/1130 1131/1194/1131 1132/1196/1132
f 1127/1192/1127 1133/1197/1133 1131/1194/1131
f 1131/1194/1131 1133/1197/1133 1132/1196/1132
f 1133/1197/1133 1136/1198/1136 1134/1199/1134
f 1135/1200/1135 1133/1197/1133 1134/1199/1134
f 1137/1201/1137 1133/1197/1133 1135/1200/1135
f 1132/1196/1132 1133/1197/1133 1137/1201/1137
f 1127/1192/1127 1136/1198/1136 1133/1197/1133
f 1137/1201/1137 1135/1200/1135 1138/1202/1138
f 1138/1202/1138 1139/1203/1139 1137/1201/1137
f 1139/1203/1139 1132/1196/1132 1137/1201/1137
f 1140/1204/1140 1141/1205/1141 1139/1203/1139
f 1140/1204/1140 1139/1203/1139 1138/1202/1138
f 1139/1203/1139 1141/1205/1141 1072/1134/1072
f 1073/1135/1073 1139/1203/1139 1072/1134/1072
f 1132/1196/1132 1139/1203/1139 1073/1135/1073
f 1141/1205/1141 1069/1132/1069 1072/1134/1072
f 1070/1131/1070 1069/1132/1069 1141/1205/1141
f 1141/1205/1141 1140/1204/1140 1142/1206/1142
f 1070/1131/1070 1141/1205/1141 1142/1206/1142
f 1144/1207/1144 1142/1206/1142 1140/1204/1140
f 1142/1206/1142 1143/1208/1143 1070/1131/1070
f 1143/1208/1143 1142/1206/1142 1145/1209/1145
f 1145/1209/1145 1142/1206/1142 1144/1207/1144
f 1146/1210/1146 1143/1208/1143 1145/1209/1145
f 1146/1211/1146 1145/1212/1145 1147/1213/1147
f 1145/1212/1145 1148/1214/1148 1147/1213/1147
f 1148/1214/1148 1145/1212/1145 1144/1215/1144
f 1148/1214/1148 1149/1216/1149 1147/1213/1147
f 1148/1214/1148 1152/1217/1152 1149/1216/1149
f 1148/1214/1148 1144/1215/1144 1150/1218/1150
f 1148/1214/1148 1150/1218/1150 1151/1219/1151
f 1148/1214/1148 1151/1219/1151 1152/1217/1152
f 1152/1217/1152 1151/1219/1151 1155/1220/1155
f 1152/1217/1152 1153/1221/1153 1154/1222/1154
f 1153/1221/1153 1152/1217/1152 1155/1220/1155
f 1156/1223/1156 1149/1216/1149 1152/1217/1152
f 1154/1222/1154 1156/1223/1156 1152/1217/1152
f 1157/1224/1157 1149/1216/1149 1156/1223/1156
f 1154/1222/1154 1157/1224/1157 1156/1223/1156
f 1158/1225/1158 1157/1224/1157 1160/1226/1160
f 1158/1225/1158 1161/1227/1161 1157/1224/1157
f 1154/1222/1154 1159/1228/1159 1157/1224/1157
f 1159/1228/1159 1160/1226/1160 1157/1224/1157
f 1157/1224/1157 1161/1227/1161 1149/1216/1149
f 1161/1227/1161 1162/1229/1162 1163/1230/1163
f 1161/1227/1161 1158/1225/1158 1162/1229/1162
f 1163/1230/1163 1164/1231/1164 1161/1227/1161
f 1165/1232/1165 1161/1227/1161 1164/1231/1164
f 1161/1227/1161 1165/1232/1165 1149/1216/1149
f 1165/1232/1165 1045/1103/1045 1166/1233/1166
f 1045/1103/1045 1165/1232/1165 1164/1231/1164
f 1165/1232/1165 1166/1233/1166 1149/1216/1149
f 1167/1234/1167 1166/1233/1166 1045/1103/1045
f 1166/1235/1166 1167/1236/1167 1168/1237/1168
f 1146/1210/1146 1166/1235/1166 1168/1237/1168
f 1146/1211/1146 1147/1213/1147 1166/1233/1166
f 1147/1213/1147 1149/1216/1149 1166/1233/1166
f 1146/1210/1146 1168/1237/1168 1169/1238/1169
f 1054/1115/1054 1169/1238/1169 1168/1237/1168
f 1054/1115/1054 1168/1237/1168 1046/1114/1046
f 1168/1237/1168 1167/1236/1167 1046/1114/1046
f 1054/1115/1054 1068/1130/1068 1169/1238/1169
f 1068/1130/1068 1170/1239/1170 1169/1238/1169
f 1170/1239/1170 1146/1210/1146 1169/1238/1169
f 1068/1130/1068 1070/1131/1070 1170/1239/1170
f 1070/1131/1070 1143/1208/1143 1170/1239/1170
f 1146/1210/1146 1170/1239/1170 1143/1208/1143
f 1046/1105/1046 1167/1234/1167 1045/1103/1045
f 1047/1104/1047 1045/1103/1045 1164/1231/1164
f 1163/1230/1163 1047/1104/1047 1164/1231/1164
f 1162/1229/1162 1172/1240/1172 1163/1230/1163
f 1163/1230/1163 1171/1241/1171 1173/1242/1173
f 1171/1241/1171 1163/1230/1163 1172/1240/1172
f 1173/1242/1173 1047/1104/1047 1163/1230/1163
f 1173/1242/1173 1171/1241/1171 1034/1094/1034
f 1047/1104/1047 1173/1242/1173 1034/1094/1034
f 1175/1243/1175 1172/1240/1172 1174/1244/1174
f 1172/1240/1172 1162/1229/1162 1174/1244/1174
f 1175/1243/1175 1171/1241/1171 1172/1240/1172
f 1035/1095/1035 1171/1241/1171 1175/1243/1175
f 1035/1095/1035 1175/1243/1175 1176/1245/1176
f 1174/1244/1174 1176/1245/1176 1175/1243/1175
f 1180/1246/1180 1177/1247/1177 1176/1245/1176
f 1177/1247/1177 1178/1248/1178 1176/1245/1176
f 1176/1245/1176 1178/1248/1178 1035/1095/1035
f 1179/1249/1179 1176/1245/1176 1174/1244/1174
f 1176/1245/1176 1179/1249/1179 1180/1246/1180
f 1181/1250/1181 1180/1246/1180 1183/1251/1183
f 1181/1250/1181 1182/1252/1182 1180/1246/1180
f 1177/1247/1177 1180/1246/1180 1182/1252/1182
f 1183/1251/1183 1180/1246/1180 1179/1249/1179
f 1181/1250/1181 1183/1251/1183 1184/1253/1184
f 1184/1253/1184 1183/1251/1183 1187/1254/1187
f 1179/1249/1179 1186/1255/1186 1183/1251/1183
f 1186/1255/1186 1185/1256/1185 1183/1251/1183
f 1187/1254/1187 1183/1251/1183 1185/1256/1185
f 1187/1254/1187 1190/1257/1190 1188/1258/1188
f 1189/1259/1189 1187/1254/1187 1188/1258/1188
f 1184/1253/1184 1187/1254/1187 1189/1259/1189
f 1185/1256/1185 1190/1257/1190 1187/1254/1187
f 1191/1260/1191 1190/1257/1190 1185/1256/1185
f 1190/1257/1190 1191/1260/1191 1193/1261/1193
f 1188/1258/1188 1190/1257/1190 1192/1262/1192
f 1190/1257/1190 1193/1261/1193 1192/1262/1192
f 1194/1263/1194 1193/1261/1193 1196/1264/1196
f 1193/1261/1193 1194/1263/1194 1195/1265/1195
f 1193/1261/1193 1195/1265/1195 1192/1262/1192
f 1193/1261/1193 1191/1260/1191 1196/1264/1196
f 1198/1266/1198 1194/1263/1194 1196/1264/1196
f 1196/1264/1196 1191/1260/1191 1197/1267/1197
f 1198/1266/1198 1196/1264/1196 1197/1267/1197
f 1201/1268/1201 1194/1263/1194 1198/1266/1198
f 1198/1266/1198 1197/1267/1197 1199/1269/1199
f 1198/1266/1198 1199/1269/1199 1200/1270/1200
f 1200/1270/1200 1201/1268/1201 1198/1266/1198
f 1201/1268/1201 1203/1271/1203 1194/1263/1194
f 1201/1268/1201 1200/1270/1200 1202/1272/1202
f 1202/1272/1202 1203/1271/1203 1201/1268/1201
f 1204/1273/1204 1194/1263/1194 1203/1271/1203
f 1203/1271/1203 1205/1274/1205 1204/1273/1204
f 1202/1272/1202 1205/1274/1205 1203/1271/1203
f 1206/1275/1206 1205/1274/1205 1202/1272/1202
f 1206/1275/1206 1207/1276/1207 1205/1274/1205
f 1205/1274/1205 1207/1276/1207 1208/1277/1208
f 1205/1274/1205 1208/1277/1208 1204/1273/1204
f 1211/1278/1211 1204/1273/1204 1208/1277/1208
f 1209/1279/1209 1208/1277/1208 1207/1276/1207
f 1208/1277/1208 1209/1279/1209 1210/1280/1210
f 1210/1280/1210 1212/1281/1212 1208/1277/1208
f 1208/1277/1208 1212/1281/1212 1211/1278/1211
f 1212/1281/1212 1213/1282/1213 1217/1283/1217
f 1216/1284/1216 1213/1282/1213 1212/1281/1212
f 1214/1285/1214 1212/1281/1212 1210/1280/1210
f 1214/1285/1214 1216/1284/1216 1212/1281/1212
f 1215/1286/1215 1211/1278/1211 1212/1281/1212
f 1215/1286/1215 1212/1281/1212 1217/1283/1217
f 1188/1258/1188 1192/1262/1192 1217/1283/1217
f 1188/1258/1188 1217/1283/1217 1218/1287/1218
f 1213/1282/1213 1218/1287/1218 1217/1283/1217
f 1217/1283/1217 1192/1262/1192 1215/1286/1215
f 1188/1258/1188 1218/1287/1218 1219/1288/1219
f 1219/1288/1219 1218/1287/1218 1220/1289/1220
f 1218/1287/1218 1221/1290/1221 1220/1289/1220
f 1221/1290/1221 1218/1287/1218 1222/1291/1222
f 1213/1282/1213 1222/1291/1222 1218/1287/1218
f 1225/1292/1225 1221/1290/1221 1222/1291/1222
f 1224/1293/1224 1222/1291/1222 1223/1294/1223
f 1223/1294/1223 1222/1291/1222 1213/1282/1213
f 1226/1295/1226 1222/1291/1222 1224/1293/1224
f 1222/1291/1222 1226/1295/1226 1225/1292/1225
f 1226/1295/1226 1224/1293/1224 1227/1296/1227
f 1227/1296/1227 1228/1297/1228 1226/1295/1226
f 1226/1295/1226 1228/1297/1228 1225/1292/1225
f 1229/1298/1229 1225/1292/1225 1228/1297/1228
f 1229/1298/1229 1228/1297/1228 1230/1299/1230
f 1230/1299/1230 1228/1297/1228 1227/1296/1227
f 1230/1299/1230 1231/1300/1231 1229/1298/1229
f 1232/1301/1232 1231/1300/1231 1230/1299/1230
f 1227/1296/1227 1233/1302/1233 1230/1299/1230
f 1232/1301/1232 1230/1299/1230 1233/1302/1233
f 1234/1303/1234 1233/1302/1233 1227/1296/1227
f 1233/1302/1233 1236/1304/1236 1232/1301/1232
f 1235/1305/1235 1233/1306/1233 1234/1307/1234
f 1233/1306/1233 1235/1305/1235 1237/1308/1237
f 1236/1309/1236 1233/1306/1233 1237/1308/1237
f 1237/1308/1237 1238/1310/1238 1236/1309/1236
f 1239/1311/1239 1238/1310/1238 1237/1308/1237
f 1239/1311/1239 1237/1308/1237 1240/1312/1240
f 1240/1312/1240 1237/1308/1237 1235/1305/1235
f 1240/1312/1240 1243/1313/1243 1241/1314/1241
f 1240/1312/1240 1241/1314/1241 1239/1311/1239
f 1240/1312/1240 1235/1305/1235 1242/1315/1242
f 1242/1315/1242 1243/1313/1243 1240/1312/1240
f 1244/1316/1244 1241/1314/1241 1243/1313/1243
f 1246/1317/1246 1244/1316/1244 1243/1313/1243
f 1242/1315/1242 1245/1318/1245 1243/1313/1243
f 1246/1317/1246 1243/1313/1243 1245/1318/1245
f 1247/1319/1247 1244/1316/1244 1246/1317/1246
f 1248/1320/1248 1247/1319/1247 1246/1317/1246
f 1248/1320/1248 1246/1317/1246 1249/1321/1249
f 1249/1321/1249 1246/1317/1246 1250/1322/1250
f 1246/1317/1246 1245/1318/1245 1250/1322/1250
f 1252/1323/1252 1250/1322/1250 1251/1324/1251
f 1250/1322/1250 1245/1318/1245 1251/1324/1251
f 1249/1321/1249 1250/1322/1250 1252/1323/1252
f 1252/1325/1252 1251/1326/1251 1255/1327/1255
f 1249/1321/1249 1252/1323/1252 1254/1328/1254
f 1254/1329/1254 1252/1325/1252 1253/1330/1253
f 1252/1325/1252 1255/1327/1255 1253/1330/1253
f 1259/1331/1259 1256/1332/1256 1255/1327/1255
f 1256/1332/1256 1257/1333/1257 1255/1327/1255
f 1257/1333/1257 1253/1330/1253 1255/1327/1255
f 1255/1327/1255 1251/1326/1251 1258/1334/1258
f 1255/1327/1255 1258/1334/1258 1259/1331/1259
f 1259/1331/1259 1258/1334/1258 1261/1335/1261
f 1256/1332/1256 1259/1331/1259 1260/1336/1260
f 1259/1331/1259 1262/1337/1262 1260/1336/1260
f 1259/1331/1259 1261/1335/1261 1262/1337/1262
f 1234/1303/1234 1227/1296/1227 1262/1337/1262
f 1262/1337/1262 1227/1296/1227 1224/1293/1224
f 1260/1336/1260 1262/1337/1262 1224/1293/1224
f 1262/1337/1262 1261/1335/1261 1234/1303/1234
f 1251/1324/1251 1245/1318/1245 1261/1338/1261
f 1261/1335/1261 1258/1334/1258 1251/1326/1251
f 1261/1338/1261 1245/1318/1245 1242/1315/1242
f 1235/1305/1235 1234/1307/1234 1261/1338/1261
f 1242/1315/1242 1235/1305/1235 1261/1338/1261
f 1256/1332/1256 1260/1336/1260 1223/1294/1223
f 1224/1293/1224 1223/1294/1223 1260/1336/1260
f 1257/1333/1257 1264/1339/1264 1253/1330/1253
f 1264/1339/1264 1257/1333/1257 1263/1340/1263
f 1263/1340/1263 1257/1333/1257 1216/1284/1216
f 1257/1333/1257 1223/1294/1223 1216/1284/1216
f 1256/1332/1256 1223/1294/1223 1257/1333/1257
f 1253/1330/1253 1264/1339/1264 1265/1341/1265
f 1264/1339/1264 1263/1340/1263 1266/1342/1266
f 1265/1341/1265 1264/1339/1264 1266/1342/1266
f 1267/1343/1267 1265/1341/1265 1266/1342/1266
f 1266/1342/1266 1268/1344/1268 1267/1343/1267
f 1266/1342/1266 1214/1285/1214 1268/1344/1268
f 1266/1342/1266 1216/1284/1216 1214/1285/1214
f 1266/1342/1266 1263/1340/1263 1216/1284/1216
f 1268/1344/1268 1210/1280/1210 1269/1345/1269
f 1268/1344/1268 1269/1345/1269 1267/1343/1267
f 1268/1344/1268 1214/1285/1214 1210/1280/1210
f 1269/1345/1269 1209/1279/1209 1272/1346/1272
f 1269/1345/1269 1210/1280/1210 1209/1279/1209
f 1269/1345/1269 1270/1347/1270 1267/1343/1267
f 1269/1345/1269 1271/1348/1271 1270/1347/1270
f 1272/1346/1272 1271/1348/1271 1269/1345/1269
f 1273/1349/1273 1271/1348/1271 1272/1346/1272
f 1273/1349/1273 1272/1346/1272 1274/1350/1274
f 1274/1350/1274 1272/1346/1272 1207/1276/1207
f 1209/1279/1209 1207/1276/1207 1272/1346/1272
f 1274/1350/1274 1207/1276/1207 1206/1275/1206
f 1276/1351/1276 1274/1350/1274 1206/1275/1206
f 1275/1352/1275 1274/1350/1274 1276/1351/1276
f 1275/1352/1275 1273/1349/1273 1274/1350/1274
f 1276/1351/1276 1277/1353/1277 1280/1354/1280
f 1276/1351/1276 1279/1355/1279 1277/1353/1277
f 1278/1356/1278 1275/1352/1275 1276/1351/1276
f 1280/1354/1280 1278/1356/1278 1276/1351/1276
f 1276/1351/1276 1206/1275/1206 1279/1355/1279
f 1280/1354/1280 1277/1353/1277 1153/1221/1153
f 1153/1221/1153 1282/1357/1282 1280/1354/1280
f 1281/1358/1281 1278/1356/1278 1280/1354/1280
f 1280/1354/1280 1282/1357/1282 1281/1358/1281
f 1282/1357/1282 1153/1221/1153 1285/1359/1285
f 1281/1358/1281 1282/1357/1282 1284/1360/1284
f 1283/1361/1283 1284/1360/1284 1282/1357/1282
f 1282/1357/1282 1285/1359/1285 1283/1361/1283
f 1286/1362/1286 1283/1361/1283 1285/1359/1285
f 1153/1221/1153 1155/1220/1155 1285/1359/1285
f 1287/1363/1287 1285/1359/1285 1155/1220/1155
f 1286/1362/1286 1285/1359/1285 1287/1363/1287
f 1286/1362/1286 1287/1363/1287 1123/1364/1123
f 1287/1365/1287 1134/1199/1134 1123/1187/1123
f 1135/1200/1135 1134/1199/1134 1287/1365/1287
f 1135/1200/1135 1287/1365/1287 1288/1366/1288
f 1288/1367/1288 1287/1363/1287 1155/1220/1155
f 1151/1219/1151 1288/1367/1288 1155/1220/1155
f 1138/1202/1138 1135/1200/1135 1288/1366/1288
f 1150/1368/1150 1138/1202/1138 1288/1366/1288
f 1288/1367/1288 1151/1219/1151 1150/1218/1150
f 1121/1184/1121 1283/1361/1283 1286/1362/1286
f 1286/1362/1286 1123/1364/1123 1121/1184/1121
f 1284/1360/1284 1283/1361/1283 1289/1369/1289
f 1290/1370/1290 1284/1360/1284 1289/1369/1289
f 1278/1356/1278 1284/1360/1284 1290/1370/1290
f 1284/1360/1284 1278/1356/1278 1281/1358/1281
f 1291/1371/1291 1293/1372/1293 1290/1370/1290
f 1291/1371/1291 1290/1370/1290 1289/1369/1289
f 1292/1373/1292 1278/1356/1278 1290/1370/1290
f 1293/1372/1293 1292/1373/1292 1290/1370/1290
f 1293/1372/1293 1295/1374/1295 1294/1375/1294
f 1292/1373/1292 1293/1372/1293 1294/1375/1294
f 1295/1374/1295 1293/1372/1293 1291/1371/1291
f 1296/1376/1296 1294/1375/1294 1295/1374/1295
f 1296/1376/1296 1295/1374/1295 1297/1377/1297
f 1297/1377/1297 1295/1374/1295 1291/1371/1291
f 1298/1378/1298 1297/1377/1297 1299/1379/1299
f 1296/1376/1296 1297/1377/1297 1298/1378/1298
f 1297/1380/1297 1301/1381/1301 1299/1382/1299
f 1302/1383/1302 1297/1380/1297 1300/1384/1300
f 1297/1377/1297 1291/1371/1291 1300/1385/1300
f 1302/1383/1302 1301/1381/1301 1297/1380/1297
f 1302/1383/1302 1300/1384/1300 1303/1386/1303
f 1304/1387/1304 1302/1383/1302 1303/1386/1303
f 1306/1388/1306 1302/1383/1302 1304/1387/1304
f 1301/1381/1301 1302/1383/1302 1307/1389/1307
f 1306/1388/1306 1305/1390/1305 1302/1383/1302
f 1305/1390/1305 1307/1389/1307 1302/1383/1302
f 1307/1389/1307 1308/1391/1308 1310/1392/1310
f 1309/1393/1309 1308/1391/1308 1307/1389/1307
f 1299/1382/1299 1301/1381/1301 1307/1389/1307
f 1307/1389/1307 1305/1390/1305 1309/1393/1309
f 1307/1389/1307 1310/1392/1310 1299/1382/1299
f 1311/1394/1311 1312/1395/1312 1310/1396/1310
f 1313/1397/1313 1311/1398/1311 1310/1392/1310
f 1299/1379/1299 1310/1396/1310 1298/1378/1298
f 1310/1392/1310 1308/1391/1308 1313/1397/1313
f 1298/1378/1298 1310/1396/1310 1312/1395/1312
f 1313/1397/1313 1317/1399/1317 1314/1400/1314
f 1314/1400/1314 1311/1398/1311 1313/1397/1313
f 1315/1401/1315 1316/1402/1316 1313/1397/1313
f 1308/1391/1308 1315/1401/1315 1313/1397/1313
f 1316/1402/1316 1317/1399/1317 1313/1397/1313
f 1318/1403/1318 1314/1404/1314 1317/1405/1317
f 1317/1405/1317 1319/1406/1319 1318/1403/1318
f 1316/1402/1316 1320/1407/1320 1317/1399/1317
f 1317/1405/1317 1321/1408/1321 1319/1406/1319
f 1321/1408/1321 1317/1405/1317 1320/1409/1320
f 1324/1410/1324 1321/1408/1321 1320/1409/1320
f 1321/1408/1321 1323/1411/1323 1322/1412/1322
f 1321/1408/1321 1322/1412/1322 1319/1406/1319
f 1325/1413/1325 1323/1411/1323 1321/1408/1321
f 1321/1408/1321 1324/1410/1324 1325/1413/1325
f 1326/1414/1326 1327/1415/1327 1325/1416/1325
f 1324/1417/1324 1326/1414/1326 1325/1416/1325
f 1327/1418/1327 1323/1411/1323 1325/1413/1325
f 1326/1414/1326 1328/1419/1328 1327/1415/1327
f 1327/1418/1327 1328/1420/1328 1323/1411/1323
f 1330/1421/1330 1328/1419/1328 1326/1414/1326
f 1328/1420/1328 1329/1422/1329 1323/1411/1323
f 1331/1423/1331 1329/1422/1329 1328/1420/1328
f 1331/1424/1331 1328/1419/1328 1330/1421/1330
f 1332/1425/1332 1331/1424/1331 1330/1421/1330
f 1332/1425/1332 1334/1426/1334 1331/1424/1331
f 1331/1423/1331 1334/1427/1334 1333/1428/1333
f 1333/1428/1333 1329/1422/1329 1331/1423/1331
f 1332/1425/1332 1335/1429/1335 1334/1426/1334
f 1334/1427/1334 1254/1329/1254 1333/1428/1333
f 1335/1429/1335 1254/1328/1254 1334/1426/1334
f 1336/1430/1336 1249/1321/1249 1335/1429/1335
f 1335/1429/1335 1249/1321/1249 1254/1328/1254
f 1335/1429/1335 1337/1431/1337 1336/1430/1336
f 1337/1431/1337 1335/1429/1335 1332/1425/1332
f 1338/1432/1338 1336/1430/1336 1337/1431/1337
f 1338/1432/1338 1337/1431/1337 1339/1433/1339
f 1339/1433/1339 1337/1431/1337 1332/1425/1332
f 1341/1434/1341 1340/1435/1340 1339/1433/1339
f 1339/1433/1339 1340/1435/1340 1342/1436/1342
f 1338/1432/1338 1339/1433/1339 1342/1436/1342
f 1341/1434/1341 1339/1433/1339 1330/1421/1330
f 1339/1433/1339 1332/1425/1332 1330/1421/1330
f 1344/1437/1344 1342/1436/1342 1343/1438/1343
f 1343/1438/1343 1342/1436/1342 1345/1439/1345
f 1344/1437/1344 1347/1440/1347 1342/1436/1342
f 1342/1436/1342 1346/1441/1346 1345/1439/1345
f 1340/1435/1340 1346/1441/1346 1342/1436/1342
f 1342/1436/1342 1348/1442/1348 1338/1432/1338
f 1347/1440/1347 1348/1442/1348 1342/1436/1342
f 1347/1440/1347 1349/1443/1349 1348/1442/1348
f 1348/1442/1348 1349/1443/1349 1350/1444/1350
f 1348/1442/1348 1350/1444/1350 1338/1432/1338
f 1350/1444/1350 1336/1430/1336 1338/1432/1338
f 1336/1430/1336 1350/1444/1350 1249/1321/1249
f 1349/1443/1349 1248/1320/1248 1350/1444/1350
f 1248/1320/1248 1249/1321/1249 1350/1444/1350
f 1347/1440/1347 1351/1445/1351 1349/1443/1349
f 1351/1445/1351 1248/1320/1248 1349/1443/1349
f 1352/1446/1352 1248/1320/1248 1351/1445/1351
f 1352/1446/1352 1351/1445/1351 1354/1447/1354
f 1351/1445/1351 1347/1440/1347 1353/1448/1353
f 1354/1447/1354 1351/1445/1351 1353/1448/1353
f 1354/1447/1354 1353/1448/1353 1356/1449/1356
f 1355/1450/1355 1354/1447/1354 1356/1449/1356
f 1357/1451/1357 1354/1447/1354 1355/1450/1355
f 1354/1447/1354 1359/1452/1359 1352/1446/1352
f 1354/1447/1354 1357/1451/1357 1358/1453/1358
f 1359/1452/1359 1354/1447/1354 1358/1453/1358
f 1358/1453/1358 1360/1454/1360 1359/1452/1359
f 1360/1454/1360 1247/1319/1247 1359/1452/1359
f 1359/1452/1359 1247/1319/1247 1352/1446/1352
f 1360/1454/1360 1361/1455/1361 1244/1316/1244
f 1362/1456/1362 1361/1455/1361 1360/1454/1360
f 1362/1456/1362 1360/1454/1360 1358/1453/1358
f 1244/1316/1244 1247/1319/1247 1360/1454/1360
f 1362/1456/1362 1357/1451/1357 1366/1457/1366
f 1357/1451/1357 1362/1456/1362 1358/1453/1358
f 1361/1455/1361 1362/1456/1362 1363/1458/1363
f 1362/1456/1362 1364/1459/1364 1363/1458/1363
f 1364/1459/1364 1362/1456/1362 1365/1460/1365
f 1365/1460/1365 1362/1456/1362 1366/1457/1366
f 1366/1457/1366 1355/1450/1355 1367/1461/1367
f 1367/1461/1367 1365/1460/1365 1366/1457/1366
f 1366/1457/1366 1357/1451/1357 1355/1450/1355
f 1368/1462/1368 1370/1463/1370 1367/1461/1367
f 1369/1464/1369 1368/1462/1368 1367/1461/1367
f 1367/1461/1367 1355/1450/1355 1369/1464/1369
f 1365/1460/1365 1367/1461/1367 1370/1463/1370
f 1371/1465/1371 1370/1463/1370 1368/1462/1368
f 1371/1465/1371 1372/1466/1372 1370/1463/1370
f 1372/1466/1372 1365/1460/1365 1370/1463/1370
f 1372/1466/1372 1374/1467/1374 1373/1468/1373
f 1372/1466/1372 1373/1468/1373 1364/1459/1364
f 1372/1466/1372 1371/1465/1371 1374/1467/1374
f 1365/1460/1365 1372/1466/1372 1364/1459/1364
f 1375/1469/1375 1373/1468/1373 1374/1467/1374
f 1374/1470/1374 1376/1471/1376 1375/1472/1375
f 1374/1470/1374 1377/1473/1377 1376/1471/1376
f 1374/1467/1374 1371/1465/1371 1377/1474/1377
f 1378/1475/1378 1377/1473/1377 314/326/314
f 1376/1471/1376 1377/1473/1377 1378/1475/1378
f 1371/1465/1371 1379/1476/1379 1377/1474/1377
f 314/1477/314 1377/1474/1377 1379/1476/1379
f 1379/1476/1379 1371/1465/1371 1368/1462/1368
f 321/332/321 1379/1476/1379 1380/1478/1380
f 1379/1476/1379 321/332/321 314/1477/314
f 1380/1478/1380 1379/1476/1379 1368/1462/1368
f 321/332/321 1380/1478/1380 1381/1479/1381
f 1368/1462/1368 1381/1479/1381 1380/1478/1380
f 1381/1479/1381 1383/1480/1383 1382/1481/1382
f 1381/1479/1381 1382/1481/1382 322/333/322
f 321/332/321 1381/1479/1381 322/333/322
f 1381/1479/1381 1369/1464/1369 1383/1480/1383
f 1369/1464/1369 1381/1479/1381 1368/1462/1368
f 1383/1480/1383 1384/1482/1384 1382/1481/1382
f 1369/1464/1369 1384/1482/1384 1383/1480/1383
f 1369/1464/1369 1385/1483/1385 1384/1482/1384
f 333/348/333 1382/1481/1382 1384/1482/1384
f 333/348/333 1384/1482/1384 332/349/332
f 1384/1482/1384 1385/1483/1385 1387/1484/1387
f 1387/1484/1387 1386/1485/1386 1384/1482/1384
f 1384/1482/1384 1386/1485/1386 332/349/332
f 1387/1484/1387 1343/1438/1343 1386/1485/1386
f 1388/1486/1388 1343/1438/1343 1387/1484/1387
f 1387/1484/1387 1389/1487/1389 1388/1486/1388
f 1387/1484/1387 1385/1483/1385 1389/1487/1389
f 1355/1450/1355 1389/1487/1389 1385/1483/1385
f 1390/1488/1390 1389/1487/1389 1356/1449/1356
f 1389/1487/1389 1355/1450/1355 1356/1449/1356
f 1389/1487/1389 1390/1488/1390 1388/1486/1388
f 1356/1449/1356 1388/1486/1388 1390/1488/1390
f 1344/1437/1344 1343/1438/1343 1388/1486/1388
f 1344/1437/1344 1388/1486/1388 1353/1448/1353
f 1356/1449/1356 1353/1448/1353 1388/1486/1388
f 332/349/332 1386/1485/1386 334/350/334
f 339/355/339 334/350/334 1386/1485/1386
f 1345/1439/1345 339/355/339 1386/1485/1386
f 1343/1438/1343 1345/1439/1345 1386/1485/1386
f 1369/1464/1369 1391/1489/1391 1385/1483/1385
f 1385/1483/1385 1391/1489/1391 1355/1450/1355
f 1369/1464/1369 1355/1450/1355 1391/1489/1391
f 1382/1481/1382 333/348/333 322/333/322
f 308/319/308 1378/1475/1378 1392/1490/1392
f 1378/1475/1378 314/326/314 1392/1490/1392
f 1393/1491/1393 1378/1475/1378 308/319/308
f 1376/1471/1376 1378/1475/1378 1393/1491/1393
f 1394/1492/1394 1393/1491/1393 1395/1493/1395
f 1394/1492/1394 1376/1471/1376 1393/1491/1393
f 1393/1491/1393 1396/1494/1396 1395/1493/1395
f 1396/1494/1396 1393/1491/1393 308/319/308
f 1397/1495/1397 1396/1494/1396 1399/1496/1399
f 1398/1497/1398 1396/1494/1396 1397/1495/1397
f 1398/1497/1398 1395/1493/1395 1396/1494/1396
f 1400/1498/1400 1396/1494/1396 308/319/308
f 1396/1494/1396 1400/1498/1400 1399/1496/1399
f 308/319/308 305/316/305 1400/1498/1400
f 1401/1499/1401 1399/1496/1399 1400/1498/1400
f 1400/1498/1400 305/316/305 1401/1499/1401
f 1401/1499/1401 305/316/305 1402/1500/1402
f 1401/1499/1401 1402/1500/1402 1399/1496/1399
f 1402/1500/1402 305/316/305 306/318/306
f 1403/1501/1403 1402/1500/1402 306/318/306
f 1403/1501/1403 1404/1502/1404 1402/1500/1402
f 1402/1500/1402 1404/1502/1404 1399/1496/1399
f 1405/1503/1405 1399/1496/1399 1404/1502/1404
f 1406/1504/1406 1405/1503/1405 1404/1502/1404
f 1406/1504/1406 1404/1502/1404 1408/1505/1408
f 1404/1502/1404 1407/1506/1407 1408/1505/1408
f 1404/1502/1404 1403/1501/1403 1407/1506/1407
f 1411/1507/1411 1409/1508/1409 1408/1505/1408
f 1410/1509/1410 1408/1505/1408 1409/1508/1409
f 1410/1509/1410 1406/1504/1406 1408/1505/1408
f 1411/1507/1411 1408/1505/1408 1412/1510/1412
f 1412/1510/1412 1408/1505/1408 1407/1506/1407
f 1413/1511/1413 1412/1510/1412 1407/1506/1407
f 1412/1510/1412 1413/1511/1413 1411/1507/1411
f 1414/1512/1414 1413/1511/1413 1407/1506/1407
f 1415/1513/1415 1413/1511/1413 1414/1512/1414
f 1417/1514/1417 1413/1511/1413 1415/1513/1415
f 1416/1515/1416 1413/1511/1413 1417/1514/1417
f 1413/1511/1413 1416/1515/1416 1411/1507/1411
f 1417/1514/1417 1419/1516/1419 1418/1517/1418
f 1416/1515/1416 1417/1514/1417 1418/1517/1418
f 1417/1514/1417 1415/1513/1415 1419/1516/1419
f 1418/1517/1418 1419/1516/1419 1421/1518/1421
f 1419/1516/1419 1420/1519/1420 1421/1518/1421
f 1419/1516/1419 1415/1513/1415 1420/1519/1420
f 1418/1517/1418 1421/1518/1421 1422/1520/1422
f 1421/1518/1421 1424/1521/1424 1422/1520/1422
f 1421/1518/1421 1420/1519/1420 1423/1522/1423
f 1423/1522/1423 1424/1521/1424 1421/1518/1421
f 1427/1523/1427 1424/1521/1424 1423/1522/1423
f 1422/1520/1422 1424/1521/1424 1425/1524/1425
f 1425/1524/1425 1424/1521/1424 1426/1525/1426
f 1426/1525/1426 1424/1521/1424 1427/1523/1427
f 1423/1522/1423 251/263/251 1427/1523/1427
f 251/263/251 249/261/249 1427/1523/1427
f 1426/1525/1426 1427/1523/1427 249/261/249
f 1425/1524/1425 1426/1525/1426 235/246/235
f 235/246/235 1426/1525/1426 236/247/236
f 1426/1525/1426 249/261/249 236/247/236
f 1428/1526/1428 1422/1520/1422 1425/1524/1425
f 232/243/232 1425/1524/1425 235/246/235
f 232/243/232 1428/1526/1428 1425/1524/1425
f 232/243/232 1429/1527/1429 1428/1526/1428
f 1430/1528/1430 1422/1520/1422 1428/1526/1428
f 1429/1527/1429 1430/1528/1430 1428/1526/1428
f 1430/1528/1430 1432/1529/1432 1418/1517/1418
f 1422/1520/1422 1430/1528/1430 1418/1517/1418
f 1429/1527/1429 1431/1530/1431 1430/1528/1430
f 1430/1528/1430 1431/1530/1431 1432/1529/1432
f 1418/1517/1418 1432/1529/1432 1433/1531/1433
f 1434/1532/1434 1433/1531/1433 1432/1529/1432
f 1435/1533/1435 1432/1529/1432 1431/1530/1431
f 1432/1529/1432 1435/1533/1435 1434/1532/1434
f 1438/1534/1438 1435/1533/1435 1436/1535/1436
f 1436/1535/1436 1435/1533/1435 1437/1536/1437
f 1437/1536/1437 1435/1533/1435 1439/1537/1439
f 1435/1533/1435 1438/1534/1438 1434/1532/1434
f 1439/1537/1439 1435/1533/1435 1431/1530/1431
f 1429/1527/1429 1441/1538/1441 1439/1537/1439
f 1439/1537/1439 1431/1530/1431 1429/1527/1429
f 1442/1539/1442 1440/1540/1440 1439/1537/1439
f 1437/1536/1437 1439/1537/1439 1440/1540/1440
f 1442/1539/1442 1439/1537/1439 1441/1538/1441
f 1441/1538/1441 1444/1541/1444 1442/1539/1442
f 1443/1542/1443 1445/1543/1445 1442/1539/1442
f 1443/1542/1443 1442/1539/1442 1444/1541/1444
f 1440/1540/1440 1442/1539/1442 1445/1543/1445
f 1445/1543/1445 1446/1544/1446 1448/1545/1448
f 1445/1543/1445 1443/1542/1443 1446/1544/1446
f 1448/1545/1448 1447/1546/1447 1445/1543/1445
f 1449/1547/1449 1445/1543/1445 1447/1546/1447
f 1449/1547/1449 1440/1540/1440 1445/1543/1445
f 1436/1535/1436 1449/1547/1449 1451/1548/1451
f 1437/1536/1437 1449/1547/1449 1436/1535/1436
f 1440/1540/1440 1449/1547/1449 1437/1536/1437
f 1449/1547/1449 1450/1549/1450 1451/1548/1451
f 1447/1546/1447 1450/1549/1450 1449/1547/1449
f 1451/1548/1451 1452/1550/1452 1454/1551/1454
f 1453/1552/1453 1452/1550/1452 1451/1548/1451
f 1454/1551/1454 1436/1535/1436 1451/1548/1451
f 1451/1548/1451 1450/1549/1450 1453/1552/1453
f 1454/1551/1454 1452/1550/1452 1455/1553/1455
f 1454/1551/1454 1455/1553/1455 1457/1554/1457
f 1457/1554/1457 1456/1555/1456 1454/1551/1454
f 1454/1551/1454 1456/1555/1456 1438/1534/1438
f 1436/1535/1436 1454/1551/1454 1438/1534/1438
f 1458/1556/1458 1457/1554/1457 1455/1553/1455
f 1458/1556/1458 1456/1555/1456 1457/1554/1457
f 1459/1557/1459 1456/1555/1456 1458/1556/1458
f 1461/1558/1461 1459/1557/1459 1458/1556/1458
f 1458/1556/1458 1460/1559/1460 1462/1560/1462
f 1458/1556/1458 1455/1553/1455 1460/1559/1460
f 1462/1560/1462 1461/1558/1461 1458/1556/1458
f 1463/1561/1463 1462/1560/1462 1460/1559/1460
f 1463/1561/1463 1466/1562/1466 1462/1560/1462
f 1461/1558/1461 1462/1560/1462 1464/1563/1464
f 1464/1563/1464 1462/1560/1462 1465/1564/1465
f 1466/1562/1466 1465/1564/1465 1462/1560/1462
f 1467/1565/1467 1465/1564/1465 1466/1562/1466
f 1466/1562/1466 1468/1566/1468 1467/1565/1467
f 1463/1561/1463 1468/1566/1468 1466/1562/1466
f 1468/1566/1468 1469/1567/1469 1470/1568/1470
f 1472/1569/1472 1469/1567/1469 1468/1566/1468
f 1470/1568/1470 1467/1565/1467 1468/1566/1468
f 1468/1566/1468 1463/1561/1463 1471/1570/1471
f 1471/1570/1471 1472/1569/1472 1468/1566/1468
f 1473/1571/1473 1472/1569/1472 1471/1570/1471
f 1473/1571/1473 1475/1572/1475 1472/1569/1472
f 1469/1567/1469 1472/1569/1472 1474/1573/1474
f 1475/1572/1475 1474/1573/1474 1472/1569/1472
f 1478/1574/1478 1475/1572/1475 1476/1575/1476
f 1473/1571/1473 1476/1575/1476 1475/1572/1475
f 1474/1573/1474 1475/1572/1475 1477/1576/1477
f 1477/1576/1477 1475/1572/1475 1479/1577/1479
f 1478/1574/1478 1479/1577/1479 1475/1572/1475
f 1479/1577/1479 1480/1578/1480 1477/1576/1477
f 1481/1579/1481 1480/1578/1480 1479/1577/1479
f 1479/1577/1479 1482/1580/1482 1481/1579/1481
f 1479/1577/1479 1478/1574/1478 1482/1580/1482
f 1482/1580/1482 1484/1581/1484 1483/1582/1483
f 1482/1580/1482 1483/1582/1483 1481/1579/1481
f 1478/1574/1478 1484/1581/1484 1482/1580/1482
f 1485/1583/1485 1483/1582/1483 1484/1581/1484
f 1485/1583/1485 1484/1581/1484 1487/1584/1487
f 1486/1585/1486 1484/1581/1484 1478/1574/1478
f 1486/1585/1486 1487/1584/1487 1484/1581/1484
f 1487/1584/1487 1490/1586/1490 1488/1587/1488
f 1489/1588/1489 1487/1584/1487 1488/1587/1488
f 1489/1588/1489 1485/1583/1485 1487/1584/1487
f 1487/1584/1487 1491/1589/1491 1490/1586/1490
f 1491/1589/1491 1487/1584/1487 1486/1585/1486
f 1492/1590/1492 1491/1589/1491 1486/1585/1486
f 1491/1589/1491 1492/1590/1492 1493/1591/1493
f 1491/1589/1491 1493/1591/1493 1490/1586/1490
f 1498/1592/1498 1493/1591/1493 1492/1590/1492
f 1494/1593/1494 1493/1591/1493 1496/1594/1496
f 1494/1593/1494 1490/1586/1490 1493/1591/1493
f 1498/1592/1498 1495/1595/1495 1493/1591/1493
f 1495/1595/1495 1497/1596/1497 1493/1591/1493
f 1496/1594/1496 1493/1591/1493 1497/1596/1497
f 1476/1575/1476 1498/1592/1498 1492/1590/1492
f 1476/1575/1476 1499/1597/1499 1498/1592/1498
f 1499/1597/1499 1500/1598/1500 1498/1592/1498
f 1501/1599/1501 1498/1592/1498 1500/1598/1500
f 1501/1599/1501 1502/1600/1502 1498/1592/1498
f 1502/1600/1502 1495/1595/1495 1498/1592/1498
f 1495/1595/1495 1502/1600/1502 1504/1601/1504
f 1504/1601/1504 1502/1600/1502 1503/1602/1503
f 1503/1602/1503 1502/1600/1502 1501/1599/1501
f 1495/1595/1495 1504/1601/1504 1497/1596/1497
f 1505/1603/1505 1506/1604/1506 1504/1601/1504
f 1503/1602/1503 1505/1603/1505 1504/1601/1504
f 1504/1601/1504 1506/1604/1506 1507/1605/1507
f 1497/1596/1497 1504/1601/1504 1507/1605/1507
f 1497/1596/1497 1507/1605/1507 1508/1606/1508
f 1508/1606/1508 1507/1605/1507 1509/1607/1509
f 1507/1605/1507 1506/1604/1506 1509/1607/1509
f 1509/1607/1509 1506/1604/1506 1510/1608/1510
f 1509/1607/1509 1510/1608/1510 1511/1609/1511
f 1511/1609/1511 1512/1610/1512 1509/1607/1509
f 1512/1610/1512 1513/1611/1513 1509/1607/1509
f 1508/1606/1508 1509/1607/1509 1513/1611/1513
f 1513/1611/1513 1512/1610/1512 1514/1612/1514
f 1514/1612/1514 178/189/178 1513/1611/1513
f 178/189/178 1515/1613/1515 1513/1611/1513
f 1516/1614/1516 1513/1611/1513 1515/1613/1515
f 1513/1611/1513 1516/1614/1516 1508/1606/1508
f 1516/1614/1516 1518/1615/1518 1517/1616/1517
f 1517/1616/1517 1508/1606/1508 1516/1614/1516
f 1516/1614/1516 1515/1613/1515 1519/1617/1519
f 1516/1614/1516 1519/1617/1519 1518/1615/1518
f 1518/1615/1518 1519/1617/1519 167/178/167
f 166/179/166 167/178/167 1519/1617/1519
f 1519/1617/1519 1515/1613/1515 175/186/175
f 175/186/175 166/179/166 1519/1617/1519
f 1520/1618/1520 1517/1616/1517 1518/1615/1518
f 164/176/164 1518/1615/1518 167/178/167
f 1518/1615/1518 164/176/164 1520/1618/1520
f 1520/1618/1520 1521/1619/1521 1494/1593/1494
f 1496/1594/1496 1520/1618/1520 1494/1593/1494
f 1520/1618/1520 1496/1594/1496 1517/1616/1517
f 1522/1620/1522 1521/1619/1521 1520/1618/1520
f 1523/1621/1523 1522/1620/1522 1520/1618/1520
f 1523/1621/1523 1520/1618/1520 164/176/164
f 1522/1620/1522 1523/1621/1523 1524/1622/1524
f 163/175/163 1524/1622/1524 1523/1621/1523
f 1523/1621/1523 164/176/164 163/175/163
f 146/1623/146 1525/1624/1525 1524/1622/1524
f 1524/1622/1524 1525/1624/1525 1522/1620/1522
f 145/1625/145 1524/1622/1524 163/175/163
f 145/1625/145 146/1623/146 1524/1622/1524
f 1525/1626/1525 141/150/141 1526/1627/1526
f 1525/1624/1525 1526/1628/1526 1522/1620/1522
f 146/151/146 141/150/141 1525/1626/1525
f 1526/1628/1526 1527/1629/1527 1529/1630/1529
f 1527/1631/1527 1526/1627/1526 1528/1632/1528
f 1526/1627/1526 136/143/136 1528/1632/1528
f 1526/1628/1526 1529/1630/1529 1522/1620/1522
f 136/143/136 1526/1627/1526 141/150/141
f 1527/1629/1527 1530/1633/1530 1529/1630/1529
f 1494/1593/1494 1529/1630/1529 1530/1633/1530
f 1529/1630/1529 1494/1593/1494 1521/1619/1521
f 1521/1619/1521 1522/1620/1522 1529/1630/1529
f 1527/1629/1527 1531/1634/1531 1530/1633/1530
f 1532/1635/1532 1530/1633/1530 1531/1634/1531
f 1530/1633/1530 1532/1635/1532 1533/1636/1533
f 1494/1593/1494 1530/1633/1530 1488/1587/1488
f 1533/1636/1533 1488/1587/1488 1530/1633/1530
f 1533/1636/1533 1534/1637/1534 1489/1588/1489
f 1536/1638/1536 1534/1637/1534 1533/1636/1533
f 1532/1635/1532 1535/1639/1535 1533/1636/1533
f 1535/1639/1535 1536/1638/1536 1533/1636/1533
f 1533/1636/1533 1489/1588/1489 1488/1587/1488
f 1536/1638/1536 1539/1640/1539 1534/1637/1534
f 1536/1641/1536 1535/1642/1535 1537/1643/1537
f 1537/1643/1537 1538/1644/1538 1536/1641/1536
f 1536/1641/1536 1538/1644/1538 1540/1645/1540
f 1536/1641/1536 1540/1645/1540 1539/1646/1539
f 1541/1647/1541 1542/1648/1542 1540/1645/1540
f 1538/1644/1538 1541/1647/1541 1540/1645/1540
f 1542/1648/1542 1539/1646/1539 1540/1645/1540
f 1542/1648/1542 1545/1649/1545 1543/1650/1543
f 1542/1648/1542 1543/1650/1543 1544/1651/1544
f 1539/1646/1539 1542/1648/1542 1544/1651/1544
f 1541/1647/1541 12/12/12 1542/1648/1542
f 12/12/12 1545/1649/1545 1542/1648/1542
f 16/14/16 1545/1649/1545 12/12/12
f 1545/1649/1545 1547/1652/1547 1543/1650/1543
f 1548/1653/1548 1546/1654/1546 1545/1649/1545
f 1547/1652/1547 1545/1649/1545 1546/1654/1546
f 1548/1653/1548 1545/1649/1545 1549/1655/1549
f 16/14/16 1549/1655/1549 1545/1649/1545
f 1548/1653/1548 1549/1655/1549 1550/1656/1550
f 1551/1657/1551 1550/1656/1550 1549/1655/1549
f 16/14/16 15/17/15 1549/1655/1549
f 15/17/15 1551/1657/1551 1549/1655/1549
f 1550/1656/1550 1551/1657/1551 1552/1658/1552
f 1551/1657/1551 23/24/23 1552/1658/1552
f 14/15/14 23/24/23 1551/1657/1551
f 15/17/15 14/15/14 1551/1657/1551
f 25/26/25 1553/1659/1553 1552/1658/1552
f 1552/1658/1552 1553/1659/1553 1554/1660/1554
f 1550/1656/1550 1552/1658/1552 1554/1660/1554
f 23/24/23 25/26/25 1552/1658/1552
f 1556/1661/1556 1548/1662/1548 1554/1663/1554
f 1550/1656/1550 1554/1660/1554 1548/1653/1548
f 1555/1664/1555 1556/1661/1556 1554/1663/1554
f 1555/1664/1555 1554/1663/1554 1553/1665/1553
f 1559/1666/1559 1548/1662/1548 1556/1661/1556
f 1556/1661/1556 1557/1667/1557 1558/1668/1558
f 1556/1661/1556 1555/1664/1555 1557/1667/1557
f 1556/1661/1556 1558/1668/1558 1559/1666/1559
f 1559/1666/1559 1558/1668/1558 1560/1669/1560
f 1560/1669/1560 1562/1670/1562 1559/1666/1559
f 1561/1671/1561 1548/1662/1548 1559/1666/1559
f 1559/1666/1559 1562/1670/1562 1561/1671/1561
f 1560/1669/1560 1565/1672/1565 1562/1670/1562
f 1562/1673/1562 1564/1674/1564 1563/1675/1563
f 1562/1673/1562 1563/1675/1563 1561/1676/1561
f 1564/1677/1564 1562/1670/1562 1565/1672/1565
f 1565/1672/1565 1560/1669/1560 1567/1678/1567
f 1564/1677/1564 1565/1672/1565 1566/1679/1566
f 1567/1678/1567 1566/1679/1566 1565/1672/1565
f 1566/1679/1566 1567/1678/1567 1570/1680/1570
f 1567/1678/1567 1571/1681/1571 1568/1682/1568
f 1567/1678/1567 1568/1682/1568 1569/1683/1569
f 1570/1680/1570 1567/1678/1567 1569/1683/1569
f 1567/1678/1567 1560/1669/1560 1571/1681/1571
f 1571/1681/1571 1560/1669/1560 1558/1668/1558
f 1571/1681/1571 1558/1668/1558 1557/1667/1557
f 1572/1684/1572 1571/1681/1571 1573/1685/1573
f 1571/1681/1571 1572/1684/1572 1568/1682/1568
f 1571/1681/1571 1557/1667/1557 1573/1685/1573
f 1572/1684/1572 1573/1685/1573 1574/1686/1574
f 1574/1686/1574 1573/1685/1573 1555/1664/1555
f 1557/1667/1557 1555/1664/1555 1573/1685/1573
f 1575/1687/1575 1572/1684/1572 1574/1686/1574
f 1576/1688/1576 1575/1687/1575 1574/1686/1574
f 1555/1664/1555 1576/1688/1576 1574/1686/1574
f 1576/1688/1576 1555/1664/1555 1581/1689/1581
f 1577/1690/1577 1579/1691/1579 1576/1688/1576
f 1576/1688/1576 1578/1692/1578 1577/1690/1577
f 1576/1688/1576 1581/1689/1581 1578/1692/1578
f 1576/1688/1576 1580/1693/1580 1575/1687/1575
f 1576/1688/1576 1579/1691/1579 1580/1693/1580
f 1582/1694/1582 1578/1692/1578 1581/1689/1581
f 25/1695/25 1581/1689/1581 1555/1664/1555
f 25/1695/25 26/1696/26 1581/1689/1581
f 1582/1694/1582 1581/1689/1581 26/1696/26
f 1582/1694/1582 29/1697/29 1578/1692/1578
f 1582/1694/1582 26/1696/26 29/1697/29
f 1580/1693/1580 1584/1698/1584 1575/1687/1575
f 1579/1691/1579 1583/1699/1583 1580/1693/1580
f 1585/1700/1585 1580/1693/1580 1583/1699/1583
f 1580/1693/1580 1585/1700/1585 1584/1698/1584
f 1584/1698/1584 1585/1700/1585 1586/1701/1586
f 1588/1702/1588 1586/1701/1586 1585/1700/1585
f 1585/1700/1585 1587/1703/1587 1588/1702/1588
f 1587/1703/1587 1585/1700/1585 1589/1704/1589
f 1585/1700/1585 1583/1699/1583 1589/1704/1589
f 1589/1704/1589 1590/1705/1590 1591/1706/1591
f 1589/1707/1589 1592/1708/1592 1590/1709/1590
f 1591/1706/1591 1587/1703/1587 1589/1704/1589
f 1593/1710/1593 1592/1708/1592 1589/1707/1589
f 1589/1707/1589 1583/1711/1583 1593/1710/1593
f 1593/1710/1593 1595/1712/1595 1592/1708/1592
f 1583/1711/1583 1594/1713/1594 1593/1710/1593
f 1596/1714/1596 1593/1710/1593 1594/1713/1594
f 1596/1714/1596 1595/1712/1595 1593/1710/1593
f 1596/1714/1596 1597/1715/1597 1595/1712/1595
f 1598/1716/1598 1596/1714/1596 1594/1713/1594
f 1598/1716/1598 1597/1715/1597 1596/1714/1596
f 1598/1716/1598 1599/1717/1599 1601/1718/1601
f 1600/1719/1600 1599/1717/1599 1598/1716/1598
f 1594/1713/1594 1600/1719/1600 1598/1716/1598
f 1603/1720/1603 1598/1716/1598 1601/1718/1601
f 1602/1721/1602 1598/1716/1598 1603/1720/1603
f 1598/1716/1598 1602/1721/1602 1597/1715/1597
f 1603/1720/1603 1605/1722/1605 1604/1723/1604
f 1604/1723/1604 1602/1721/1602 1603/1720/1603
f 1605/1722/1605 1603/1720/1603 1601/1718/1601
f 1605/1722/1605 1609/1724/1609 33/1725/33
f 1605/1722/1605 33/1725/33 1606/1726/1606
f 1605/1722/1605 1606/1726/1606 1607/1727/1607
f 1607/1727/1607 1608/1728/1608 1605/1722/1605
f 1604/1723/1604 1605/1722/1605 1608/1728/1608
f 1601/1718/1601 1609/1724/1609 1605/1722/1605
f 1609/1729/1609 1577/1690/1577 1610/1730/1610
f 1579/1691/1579 1577/1690/1577 1609/1729/1609
f 33/1725/33 1609/1724/1609 1610/1731/1610
f 1609/1724/1609 1601/1718/1601 1611/1732/1611
f 1609/1729/1609 1611/1733/1611 1579/1691/1579
f 1611/1732/1611 1601/1718/1601 1599/1717/1599
f 1611/1732/1611 1599/1717/1599 1600/1719/1600
f 1611/1732/1611 1600/1719/1600 1583/1711/1583
f 1611/1733/1611 1583/1699/1583 1579/1691/1579
f 31/1734/31 1610/1730/1610 1578/1692/1578
f 31/1734/31 33/1735/33 1610/1730/1610
f 1578/1692/1578 1610/1730/1610 1577/1690/1577
f 1608/1728/1608 1612/1736/1612 1604/1723/1604
f 1608/1728/1608 88/92/88 1612/1736/1612
f 1607/1727/1607 88/92/88 1608/1728/1608
f 91/97/91 1614/1737/1614 1612/1736/1612
f 88/92/88 91/97/91 1612/1736/1612
f 1612/1736/1612 1613/1738/1613 1604/1723/1604
f 1612/1736/1612 1614/1737/1614 1613/1738/1613
f 91/97/91 1615/1739/1615 1614/1737/1614
f 1614/1737/1614 1615/1739/1615 1613/1738/1613
f 1615/1739/1615 1617/1740/1617 1616/1741/1616
f 1615/1739/1615 1616/1741/1616 1618/1742/1618
f 1615/1739/1615 91/97/91 1617/1740/1617
f 1618/1742/1618 1620/1743/1620 1615/1739/1615
f 1613/1738/1613 1615/1739/1615 1619/1744/1619
f 1620/1743/1620 1619/1744/1619 1615/1739/1615
f 1619/1744/1619 1620/1743/1620 1621/1745/1621
f 1620/1743/1620 1622/1746/1622 1621/1745/1621
f 1618/1742/1618 1622/1746/1622 1620/1743/1620
f 1622/1746/1622 1623/1747/1623 1621/1745/1621
f 1624/1748/1624 1623/1747/1623 1622/1746/1622
f 1622/1746/1622 1625/1749/1625 1624/1748/1624
f 1618/1742/1618 1625/1749/1625 1622/1746/1622
f 1616/1741/1616 94/98/94 1625/1749/1625
f 1618/1742/1618 1616/1741/1616 1625/1749/1625
f 1624/1748/1624 1625/1749/1625 1627/1750/1627
f 1626/1751/1626 1625/1749/1625 94/98/94
f 1626/1751/1626 1628/1752/1628 1625/1749/1625
f 1628/1752/1628 1627/1750/1627 1625/1749/1625
f 1631/1753/1631 1629/1754/1629 1628/1752/1628
f 1628/1752/1628 1629/1754/1629 1630/1755/1630
f 1627/1750/1627 1628/1752/1628 1630/1755/1630
f 1626/1751/1626 1631/1753/1631 1628/1752/1628
f 1629/1754/1629 1631/1753/1631 1632/1756/1632
f 1631/1753/1631 1633/1757/1633 1632/1756/1632
f 1626/1751/1626 95/99/95 1631/1753/1631
f 1633/1757/1633 1631/1753/1631 97/101/97
f 95/99/95 97/101/97 1631/1753/1631
f 1633/1757/1633 980/1029/980 1635/1758/1635
f 1633/1757/1633 1634/1759/1634 980/1029/980
f 1634/1759/1634 1633/1757/1633 97/101/97
f 1632/1756/1632 1633/1757/1633 1635/1758/1635
f 983/1035/983 1635/1758/1635 980/1029/980
f 983/1035/983 1632/1756/1632 1635/1758/1635
f 1636/1760/1636 1634/1759/1634 99/104/99
f 99/104/99 1634/1759/1634 97/101/97
f 1636/1760/1636 978/1030/978 1634/1759/1634
f 980/1029/980 1634/1759/1634 978/1030/978
f 975/1026/975 978/1030/978 1636/1760/1636
f 101/103/101 1636/1760/1636 99/104/99
f 1636/1760/1636 101/103/101 1637/1761/1637
f 1636/1760/1636 1637/1761/1637 975/1026/975
f 1638/1762/1638 1637/1761/1637 101/103/101
f 973/1024/973 975/1026/975 1637/1761/1637
f 1637/1761/1637 1638/1762/1638 973/1024/973
f 101/103/101 107/112/107 1638/1762/1638
f 107/112/107 1639/1763/1639 1638/1762/1638
f 1640/1764/1640 973/1024/973 1638/1762/1638
f 1639/1763/1639 1640/1764/1640 1638/1762/1638
f 1640/1764/1640 972/1023/972 973/1024/973
f 1639/1763/1639 1641/1765/1641 1640/1764/1640
f 1641/1765/1641 972/1023/972 1640/1764/1640
f 965/1017/965 972/1023/972 1641/1765/1641
f 1642/1766/1642 1641/1765/1641 1639/1763/1639
f 963/1015/963 965/1017/965 1641/1765/1641
f 1642/1766/1642 963/1015/963 1641/1765/1641
f 1642/1766/1642 1643/1767/1643 1645/1768/1645
f 1643/1767/1643 1642/1766/1642 1644/1769/1644
f 1642/1766/1642 1639/1763/1639 1644/1769/1644
f 1645/1768/1645 963/1015/963 1642/1766/1642
f 1645/1768/1645 1643/1767/1643 1646/1770/1646
f 1648/1771/1648 1645/1768/1645 1646/1770/1646
f 1647/1772/1647 1645/1768/1645 1648/1771/1648
f 1647/1772/1647 1649/1773/1649 1645/1768/1645
f 1649/1773/1649 963/1015/963 1645/1768/1645
f 1649/1773/1649 958/1007/958 963/1015/963
f 1647/1772/1647 958/1007/958 1649/1773/1649
f 1648/1774/1648 1650/1775/1650 1647/1776/1647
f 1650/1775/1650 1648/1774/1648 1652/1777/1652
f 1651/1778/1651 1648/1771/1648 1646/1770/1646
f 1652/1777/1652 1648/1774/1648 1651/1779/1651
f 1652/1777/1652 1653/1780/1653 1650/1775/1650
f 1653/1780/1653 1652/1777/1652 1654/1781/1654
f 1652/1777/1652 1651/1779/1651 1654/1781/1654
f 1651/1779/1651 1655/1782/1655 1654/1781/1654
f 1657/1783/1657 1654/1781/1654 1655/1782/1655
f 1656/1784/1656 1653/1780/1653 1654/1781/1654
f 1656/1784/1656 1654/1781/1654 1657/1783/1657
f 1656/1784/1656 1657/1783/1657 1659/1785/1659
f 1657/1783/1657 1658/1786/1658 1659/1785/1659
f 1657/1783/1657 1660/1787/1660 1658/1786/1658
f 1657/1783/1657 1655/1782/1655 1660/1787/1660
f 1660/1787/1660 1661/1788/1661 1662/1789/1662
f 1655/1782/1655 1661/1788/1661 1660/1787/1660
f 1660/1787/1660 1662/1789/1662 1658/1786/1658
f 118/126/118 1662/1789/1662 119/127/119
f 1663/1790/1663 1662/1789/1662 118/126/118
f 1663/1790/1663 1658/1786/1658 1662/1789/1662
f 119/127/119 1662/1789/1662 1661/1788/1661
f 1664/1791/1664 1666/1792/1666 1663/1790/1663
f 1664/1791/1664 1663/1790/1663 122/128/122
f 1665/1793/1665 1658/1786/1658 1663/1790/1663
f 1665/1793/1665 1663/1790/1663 1666/1792/1666
f 1663/1790/1663 118/126/118 122/128/122
f 1667/1794/1667 1666/1792/1666 1664/1791/1664
f 1666/1792/1666 1667/1794/1667 1665/1793/1665
f 1668/1795/1668 1669/1796/1669 1667/1794/1667
f 1671/1797/1671 1668/1795/1668 1667/1794/1667
f 1667/1794/1667 1669/1796/1669 1665/1793/1665
f 1667/1794/1667 1664/1791/1664 1670/1798/1670
f 1670/1798/1670 1671/1797/1671 1667/1794/1667
f 1668/1795/1668 1671/1797/1671 1672/1799/1672
f 1672/1799/1672 1671/1797/1671 1670/1798/1670
f 1668/1795/1668 1672/1799/1672 1673/1800/1673
f 1673/1800/1673 1672/1799/1672 1674/1801/1674
f 1674/1801/1674 1672/1799/1672 1675/1802/1675
f 1676/1803/1676 1672/1799/1672 1670/1798/1670
f 1675/1802/1675 1672/1799/1672 1676/1803/1676
f 1677/1804/1677 152/159/152 1676/1803/1676
f 152/159/152 1675/1802/1675 1676/1803/1676
f 1676/1803/1676 1670/1798/1670 1678/1805/1678
f 1676/1803/1676 1678/1805/1678 1677/1804/1677
f 1678/1805/1678 1670/1798/1670 1679/1806/1679
f 1678/1805/1678 121/130/121 1677/1804/1677
f 1679/1806/1679 121/130/121 1678/1805/1678
f 1679/1806/1679 1670/1798/1670 1664/1791/1664
f 1679/1806/1679 1664/1791/1664 122/128/122
f 121/130/121 1679/1806/1679 122/128/122
f 1680/1807/1680 1677/1804/1677 121/130/121
f 1677/1804/1677 1680/1807/1680 149/156/149
f 149/156/149 152/159/152 1677/1804/1677
f 1680/1807/1680 138/146/138 142/148/142
f 138/146/138 1680/1807/1680 124/131/124
f 124/131/124 1680/1807/1680 121/130/121
f 1680/1807/1680 142/148/142 1681/1808/1681
f 1681/1808/1681 149/156/149 1680/1807/1680
f 142/148/142 149/156/149 1681/1808/1681
f 1675/1802/1675 152/159/152 154/161/154
f 1675/1802/1675 154/161/154 1674/1801/1674
f 155/162/155 1674/1801/1674 154/161/154
f 1674/1801/1674 155/162/155 1682/1809/1682
f 1674/1801/1674 1682/1809/1682 1673/1800/1673
f 1682/1810/1682 155/163/155 1683/1811/1683
f 1673/1800/1673 1682/1809/1682 1685/1812/1685
f 1683/1811/1683 1684/1813/1684 1682/1810/1682
f 1682/1810/1682 1684/1813/1684 1685/1814/1685
f 1686/1815/1686 1668/1795/1668 1685/1812/1685
f 1686/1816/1686 1685/1814/1685 1687/1817/1687
f 1673/1800/1673 1685/1812/1685 1668/1795/1668
f 1685/1814/1685 1684/1813/1684 1687/1817/1687
f 1683/1811/1683 1690/1818/1690 1687/1817/1687
f 1684/1813/1684 1683/1811/1683 1687/1817/1687
f 1687/1817/1687 1690/1818/1690 1688/1819/1688
f 1687/1817/1687 1688/1819/1688 1689/1820/1689
f 1691/1821/1691 1687/1817/1687 1689/1820/1689
f 1691/1821/1691 1686/1816/1686 1687/1817/1687
f 1689/1822/1689 1692/1823/1692 1691/1824/1691
f 1692/1823/1692 1693/1825/1693 1691/1824/1691
f 1686/1815/1686 1691/1824/1691 1693/1825/1693
f 1668/1795/1668 1693/1825/1693 1669/1796/1669
f 1686/1815/1686 1693/1825/1693 1668/1795/1668
f 1692/1823/1692 1669/1796/1669 1693/1825/1693
f 1689/1822/1689 1695/1826/1695 1692/1823/1692
f 1659/1785/1659 1669/1796/1669 1692/1823/1692
f 1692/1823/1692 1694/1827/1694 1659/1785/1659
f 1695/1826/1695 1694/1827/1694 1692/1823/1692
f 1697/1828/1697 1695/1829/1695 1688/1819/1688
f 1688/1819/1688 1695/1829/1695 1689/1820/1689
f 904/951/904 1696/1830/1696 1695/1829/1695
f 1698/1831/1698 1695/1826/1695 1696/1832/1696
f 904/951/904 1695/1829/1695 1697/1828/1697
f 1698/1831/1698 1694/1827/1694 1695/1826/1695
f 1698/1831/1698 1699/1833/1699 1694/1827/1694
f 1698/1831/1698 1700/1834/1700 1699/1833/1699
f 1698/1831/1698 1702/1835/1702 1700/1834/1700
f 1696/1832/1696 1701/1836/1701 1698/1831/1698
f 1702/1835/1702 1698/1831/1698 1701/1836/1701
f 1702/1837/1702 1705/1838/1705 1703/1839/1703
f 1703/1839/1703 1706/1840/1706 1702/1837/1702
f 1704/1841/1704 1700/1834/1700 1702/1835/1702
f 1706/1842/1706 1704/1841/1704 1702/1835/1702
f 1702/1837/1702 1701/1843/1701 1705/1838/1705
f 1704/1841/1704 1706/1842/1706 1707/1844/1707
f 1708/1845/1708 1707/1846/1707 1706/1840/1706
f 1708/1845/1708 1706/1840/1706 1703/1839/1703
f 1707/1846/1707 1708/1845/1708 943/990/943
f 1703/1839/1703 943/990/943 1708/1845/1708
f 1707/1844/1707 1709/1847/1709 1711/1848/1711
f 1709/1847/1709 1707/1844/1707 952/1849/952
f 943/990/943 1710/1850/1710 1707/1846/1707
f 952/998/952 1707/1846/1707 1710/1850/1710
f 1711/1848/1711 1704/1841/1704 1707/1844/1707
f 1711/1848/1711 1709/1847/1709 1714/1851/1714
f 1711/1848/1711 1712/1852/1712 1704/1841/1704
f 1711/1848/1711 1713/1853/1713 1712/1852/1712
f 1713/1853/1713 1711/1848/1711 1714/1851/1714
f 953/1854/953 1714/1851/1714 1709/1847/1709
f 1714/1851/1714 1647/1776/1647 1713/1853/1713
f 1714/1851/1714 1715/1855/1715 1647/1776/1647
f 1714/1851/1714 953/1854/953 1715/1855/1715
f 1647/1772/1647 1715/1856/1715 958/1007/958
f 955/1005/955 1715/1856/1715 953/1857/953
f 1715/1856/1715 955/1005/955 958/1007/958
f 1713/1853/1713 1650/1775/1650 1712/1852/1712
f 1713/1853/1713 1647/1776/1647 1650/1775/1650
f 1712/1852/1712 1716/1858/1716 1704/1841/1704
f 1712/1852/1712 1650/1775/1650 1716/1858/1716
f 1650/1775/1650 1653/1780/1653 1716/1858/1716
f 1704/1841/1704 1716/1858/1716 1700/1834/1700
f 1700/1834/1700 1716/1858/1716 1653/1780/1653
f 947/994/947 952/998/952 1710/1850/1710
f 1710/1850/1710 943/990/943 944/991/944
f 944/991/944 947/994/947 1710/1850/1710
f 1709/1847/1709 952/1849/952 954/1859/954
f 1709/1847/1709 954/1859/954 953/1854/953
f 943/990/943 1703/1839/1703 1705/1838/1705
f 943/990/943 1705/1838/1705 945/989/945
f 1705/1838/1705 1717/1860/1717 1718/1861/1718
f 1701/1843/1701 1717/1860/1717 1705/1838/1705
f 1718/1861/1718 945/989/945 1705/1838/1705
f 1717/1860/1717 903/950/903 1718/1861/1718
f 1718/1861/1718 903/950/903 902/948/902
f 1718/1861/1718 902/948/902 941/987/941
f 941/987/941 945/989/945 1718/1861/1718
f 1717/1860/1717 1696/1830/1696 904/951/904
f 1717/1860/1717 1701/1843/1701 1696/1830/1696
f 904/951/904 903/950/903 1717/1860/1717
f 1653/1780/1653 1699/1833/1699 1700/1834/1700
f 1694/1827/1694 1699/1833/1699 1656/1784/1656
f 1653/1780/1653 1656/1784/1656 1699/1833/1699
f 1697/1828/1697 1719/1862/1719 1720/1863/1720
f 1697/1828/1697 1688/1819/1688 1719/1862/1719
f 904/951/904 1697/1828/1697 1720/1863/1720
f 1720/1863/1720 1719/1862/1719 896/942/896
f 1720/1863/1720 898/945/898 904/951/904
f 898/945/898 1720/1863/1720 896/942/896
f 896/942/896 1719/1862/1719 895/941/895
f 1721/1864/1721 895/941/895 1719/1862/1719
f 1690/1818/1690 1719/1862/1719 1688/1819/1688
f 1719/1862/1719 1690/1818/1690 1721/1864/1721
f 1690/1818/1690 1722/1865/1722 1721/1864/1721
f 1721/1864/1721 1722/1865/1722 170/181/170
f 895/941/895 1721/1864/1721 894/940/894
f 894/940/894 1721/1864/1721 170/181/170
f 1722/1865/1722 1690/1818/1690 1683/1811/1683
f 1722/1865/1722 1683/1811/1683 157/168/157
f 1722/1865/1722 157/168/157 170/181/170
f 1659/1785/1659 1694/1827/1694 1656/1784/1656
f 1683/1811/1683 155/163/155 157/168/157
f 1665/1793/1665 1669/1796/1669 1659/1785/1659
f 1665/1793/1665 1659/1785/1659 1658/1786/1658
f 114/120/114 119/127/119 1661/1788/1661
f 1723/1866/1723 114/120/114 1661/1788/1661
f 1661/1788/1661 1655/1782/1655 1723/1866/1723
f 1655/1782/1655 1724/1867/1724 1723/1866/1723
f 1723/1866/1723 1724/1867/1724 111/1868/111
f 111/1868/111 110/118/110 1723/1866/1723
f 1723/1866/1723 110/118/110 114/120/114
f 1655/1782/1655 1651/1779/1651 1724/1867/1724
f 1724/1869/1724 1651/1778/1651 1646/1770/1646
f 1646/1770/1646 1643/1767/1643 1724/1869/1724
f 1724/1869/1724 1643/1767/1643 1644/1769/1644
f 1644/1769/1644 111/116/111 1724/1869/1724
f 111/116/111 1644/1769/1644 112/117/112
f 112/117/112 1644/1769/1644 1639/1763/1639
f 1639/1763/1639 107/112/107 112/117/112
f 1632/1756/1632 1725/1870/1725 1629/1754/1629
f 1632/1756/1632 985/1036/985 1725/1870/1725
f 983/1035/983 986/1038/986 1632/1756/1632
f 986/1038/986 985/1036/985 1632/1756/1632
f 985/1036/985 1726/1871/1726 1725/1870/1725
f 1727/1872/1727 1725/1870/1725 1726/1871/1726
f 1727/1872/1727 1630/1755/1630 1725/1870/1725
f 1629/1754/1629 1725/1870/1725 1630/1755/1630
f 1728/1873/1728 1729/1874/1729 1727/1872/1727
f 1727/1872/1727 1726/1871/1726 1728/1873/1728
f 1630/1755/1630 1727/1872/1727 1730/1875/1730
f 1729/1874/1729 1730/1875/1730 1727/1872/1727
f 1627/1750/1627 1730/1875/1730 1731/1876/1731
f 1730/1875/1730 1729/1874/1729 1731/1876/1731
f 1627/1750/1627 1630/1755/1630 1730/1875/1730
f 1731/1876/1731 1729/1874/1729 1732/1877/1732
f 1731/1876/1731 1732/1877/1732 1733/1878/1733
f 1731/1876/1731 1733/1878/1733 1734/1879/1734
f 1624/1748/1624 1731/1876/1731 1734/1879/1734
f 1731/1876/1731 1624/1748/1624 1627/1750/1627
f 1733/1878/1733 1736/1880/1736 1734/1879/1734
f 1735/1881/1735 1624/1748/1624 1734/1879/1734
f 1735/1881/1735 1734/1879/1734 1736/1880/1736
f 1736/1880/1736 1733/1878/1733 1737/1882/1737
f 1736/1880/1736 1737/1882/1737 1738/1883/1738
f 1735/1881/1735 1736/1880/1736 1738/1883/1738
f 1740/1884/1740 1738/1883/1738 1739/1885/1739
f 1738/1883/1738 1737/1882/1737 1739/1885/1739
f 1738/1883/1738 1740/1884/1740 1741/1886/1741
f 1741/1886/1741 1735/1881/1735 1738/1883/1738
f 1742/1887/1742 1743/1888/1743 1741/1886/1741
f 1741/1886/1741 1740/1884/1740 1742/1887/1742
f 1743/1888/1743 1735/1881/1735 1741/1886/1741
f 1744/1889/1744 1743/1888/1743 1742/1887/1742
f 1623/1747/1623 1735/1881/1735 1743/1888/1743
f 1621/1745/1621 1623/1747/1623 1743/1888/1743
f 1621/1745/1621 1743/1888/1743 1744/1889/1744
f 1597/1715/1597 1744/1889/1744 1742/1887/1742
f 1744/1889/1744 1602/1721/1602 1745/1890/1745
f 1745/1890/1745 1621/1745/1621 1744/1889/1744
f 1597/1715/1597 1602/1721/1602 1744/1889/1744
f 1602/1721/1602 1746/1891/1746 1745/1890/1745
f 1745/1890/1745 1746/1891/1746 1619/1744/1619
f 1745/1890/1745 1619/1744/1619 1621/1745/1621
f 1746/1891/1746 1613/1738/1613 1619/1744/1619
f 1746/1891/1746 1604/1723/1604 1613/1738/1613
f 1604/1723/1604 1746/1891/1746 1602/1721/1602
f 1742/1887/1742 1595/1712/1595 1597/1715/1597
f 1595/1712/1595 1742/1887/1742 1592/1708/1592
f 1742/1887/1742 1740/1884/1740 1592/1708/1592
f 1748/1892/1748 1740/1884/1740 1747/1893/1747
f 1747/1893/1747 1740/1884/1740 1739/1885/1739
f 1740/1884/1740 1748/1892/1748 1592/1708/1592
f 1747/1893/1747 1590/1709/1590 1748/1892/1748
f 1590/1709/1590 1592/1708/1592 1748/1892/1748
f 1590/1709/1590 1747/1893/1747 1750/1894/1750
f 1750/1894/1750 1747/1893/1747 1749/1895/1749
f 1739/1885/1739 1749/1895/1749 1747/1893/1747
f 1750/1894/1750 1751/1896/1751 1752/1897/1752
f 1750/1894/1750 1749/1895/1749 1751/1896/1751
f 1752/1897/1752 1590/1709/1590 1750/1894/1750
f 1238/1310/1238 1752/1898/1752 1753/1899/1753
f 1238/1310/1238 1754/1900/1754 1752/1898/1752
f 1752/1898/1752 1751/1901/1751 1753/1899/1753
f 1752/1898/1752 1754/1900/1754 1590/1705/1590
f 1588/1702/1588 1754/1900/1754 1755/1902/1755
f 1755/1902/1755 1754/1900/1754 1238/1310/1238
f 1588/1702/1588 1587/1703/1587 1754/1900/1754
f 1754/1900/1754 1591/1706/1591 1590/1705/1590
f 1754/1900/1754 1587/1703/1587 1591/1706/1591
f 1756/1903/1756 1588/1702/1588 1755/1902/1755
f 1756/1903/1756 1755/1902/1755 1239/1311/1239
f 1239/1311/1239 1755/1902/1755 1238/1310/1238
f 1757/1904/1757 1756/1903/1756 1239/1311/1239
f 1758/1905/1758 1756/1903/1756 1757/1904/1757
f 1756/1903/1756 1758/1905/1758 1588/1702/1588
f 1588/1702/1588 1758/1905/1758 1759/1906/1759
f 1759/1906/1759 1758/1905/1758 1760/1907/1760
f 1757/1904/1757 1760/1907/1760 1758/1905/1758
f 1759/1906/1759 1760/1907/1760 1761/1908/1761
f 1762/1909/1762 1761/1908/1761 1760/1907/1760
f 1762/1909/1762 1760/1907/1760 1763/1910/1763
f 1763/1910/1763 1760/1907/1760 1757/1904/1757
f 1765/1911/1765 1763/1910/1763 1764/1912/1764
f 1764/1912/1764 1763/1910/1763 1757/1904/1757
f 1763/1910/1763 1765/1911/1765 1766/1913/1766
f 1767/1914/1767 1763/1910/1763 1766/1913/1766
f 1767/1914/1767 1762/1909/1762 1763/1910/1763
f 1766/1913/1766 1769/1915/1769 1767/1914/1767
f 1570/1680/1570 1569/1683/1569 1767/1914/1767
f 1767/1914/1767 1569/1683/1569 1762/1909/1762
f 1570/1680/1570 1767/1914/1767 1768/1916/1768
f 1768/1916/1768 1767/1914/1767 1769/1915/1769
f 1766/1913/1766 1771/1917/1771 1769/1915/1769
f 1768/1916/1768 1769/1915/1769 1770/1918/1770
f 1769/1915/1769 1771/1917/1771 1770/1918/1770
f 1772/1919/1772 1771/1917/1771 1774/1920/1774
f 1773/1921/1773 1771/1917/1771 1772/1919/1772
f 1771/1917/1771 1773/1921/1773 1770/1918/1770
f 1774/1920/1774 1771/1917/1771 1775/1922/1775
f 1771/1917/1771 1766/1913/1766 1775/1922/1775
f 1775/1922/1775 1766/1913/1766 1361/1455/1361
f 1774/1920/1774 1775/1922/1775 1776/1923/1776
f 1775/1922/1775 1777/1924/1777 1776/1923/1776
f 1775/1922/1775 1361/1455/1361 1777/1924/1777
f 1361/1455/1361 1363/1458/1363 1777/1924/1777
f 1777/1924/1777 1363/1458/1363 1776/1923/1776
f 1779/1925/1779 1774/1920/1774 1776/1923/1776
f 1364/1459/1364 1776/1923/1776 1363/1458/1363
f 1776/1923/1776 1364/1459/1364 1373/1468/1373
f 1373/1468/1373 1778/1926/1778 1776/1923/1776
f 1778/1926/1778 1779/1925/1779 1776/1923/1776
f 1783/1927/1783 1780/1928/1780 1779/1929/1779
f 1780/1928/1780 1782/1930/1782 1779/1929/1779
f 1779/1925/1779 1782/1931/1782 1774/1920/1774
f 1778/1932/1778 1781/1933/1781 1779/1929/1779
f 1779/1929/1779 1781/1933/1781 1783/1927/1783
f 1780/1928/1780 1783/1927/1783 1784/1934/1784
f 1783/1927/1783 1376/1471/1376 1394/1492/1394
f 1376/1471/1376 1783/1927/1783 1781/1933/1781
f 1784/1934/1784 1783/1927/1783 1394/1492/1394
f 1785/1935/1785 1784/1934/1784 1786/1936/1786
f 1785/1935/1785 1780/1928/1780 1784/1934/1784
f 1394/1492/1394 1395/1493/1395 1784/1934/1784
f 1787/1937/1787 1784/1934/1784 1395/1493/1395
f 1784/1934/1784 1787/1937/1787 1786/1936/1786
f 1787/1937/1787 1788/1938/1788 1792/1939/1792
f 1788/1938/1788 1787/1937/1787 1789/1940/1789
f 1787/1937/1787 1790/1941/1790 1789/1940/1789
f 1790/1941/1790 1787/1937/1787 1397/1495/1397
f 1787/1937/1787 1395/1493/1395 1791/1942/1791
f 1787/1937/1787 1791/1942/1791 1397/1495/1397
f 1792/1939/1792 1786/1936/1786 1787/1937/1787
f 1792/1939/1792 1788/1938/1788 1785/1935/1785
f 1792/1939/1792 1785/1935/1785 1786/1936/1786
f 1398/1497/1398 1791/1942/1791 1395/1493/1395
f 1397/1495/1397 1791/1942/1791 1398/1497/1398
f 1790/1941/1790 1464/1563/1464 1789/1940/1789
f 1464/1563/1464 1790/1941/1790 1793/1943/1793
f 1790/1941/1790 1794/1944/1794 1793/1943/1793
f 1397/1495/1397 1794/1944/1794 1790/1941/1790
f 1406/1504/1406 1793/1943/1793 1794/1944/1794
f 1794/1944/1794 1397/1495/1397 1399/1496/1399
f 1399/1496/1399 1405/1503/1405 1794/1944/1794
f 1794/1944/1794 1405/1503/1405 1406/1504/1406
f 1793/1943/1793 1406/1504/1406 1410/1509/1410
f 1410/1509/1410 1464/1563/1464 1793/1943/1793
f 1789/1940/1789 1796/1945/1796 1788/1938/1788
f 1795/1946/1795 1796/1945/1796 1789/1940/1789
f 1465/1564/1465 1795/1946/1795 1789/1940/1789
f 1464/1563/1464 1465/1564/1465 1789/1940/1789
f 1796/1945/1796 1797/1947/1797 1799/1948/1799
f 1797/1947/1797 1796/1945/1796 1798/1949/1798
f 1796/1945/1796 1785/1935/1785 1788/1938/1788
f 1799/1948/1799 1785/1935/1785 1796/1945/1796
f 1795/1946/1795 1798/1949/1798 1796/1945/1796
f 1800/1950/1800 1799/1948/1799 1797/1947/1797
f 1800/1950/1800 1801/1951/1801 1799/1948/1799
f 1801/1951/1801 1780/1928/1780 1799/1948/1799
f 1785/1935/1785 1799/1948/1799 1780/1928/1780
f 1801/1951/1801 1800/1950/1800 1802/1952/1802
f 1801/1951/1801 1772/1953/1772 1780/1928/1780
f 1772/1953/1772 1801/1951/1801 1773/1954/1773
f 1773/1954/1773 1801/1951/1801 1802/1952/1802
f 1802/1952/1802 1803/1955/1803 1806/1956/1806
f 1805/1957/1805 1803/1955/1803 1802/1952/1802
f 1804/1958/1804 1802/1952/1802 1806/1956/1806
f 1802/1952/1802 1804/1958/1804 1773/1954/1773
f 1805/1957/1805 1802/1952/1802 1800/1950/1800
f 1808/1959/1808 1807/1960/1807 1806/1956/1806
f 1804/1958/1804 1806/1956/1806 1807/1960/1807
f 1808/1959/1808 1806/1956/1806 1803/1955/1803
f 1803/1955/1803 1811/1961/1811 1808/1959/1808
f 1810/1962/1810 1809/1963/1809 1808/1959/1808
f 1808/1959/1808 1809/1963/1809 1807/1960/1807
f 1810/1962/1810 1808/1959/1808 1477/1576/1477
f 1477/1576/1477 1808/1959/1808 1811/1961/1811
f 1811/1961/1811 1474/1573/1474 1477/1576/1477
f 1469/1567/1469 1474/1573/1474 1811/1961/1811
f 1469/1567/1469 1811/1961/1811 1470/1568/1470
f 1811/1961/1811 1803/1955/1803 1470/1568/1470
f 1810/1962/1810 1477/1576/1477 1480/1578/1480
f 1480/1578/1480 1812/1964/1812 1810/1962/1810
f 1813/1965/1813 1810/1962/1810 1812/1964/1812
f 1813/1965/1813 1563/1675/1563 1810/1962/1810
f 1810/1962/1810 1563/1675/1563 1809/1963/1809
f 1813/1965/1813 1812/1964/1812 1815/1966/1815
f 1813/1965/1813 1814/1967/1814 1563/1675/1563
f 1546/1968/1546 1814/1967/1814 1813/1965/1813
f 1813/1965/1813 1815/1966/1815 1547/1969/1547
f 1813/1965/1813 1547/1969/1547 1546/1968/1546
f 1817/1970/1817 1543/1971/1543 1815/1966/1815
f 1815/1966/1815 1543/1971/1543 1547/1969/1547
f 1816/1972/1816 1815/1966/1815 1812/1964/1812
f 1817/1970/1817 1815/1966/1815 1816/1972/1816
f 1539/1640/1539 1543/1971/1543 1817/1970/1817
f 1817/1970/1817 1818/1973/1818 1539/1640/1539
f 1817/1970/1817 1816/1972/1816 1818/1973/1818
f 1539/1640/1539 1818/1973/1818 1534/1637/1534
f 1818/1973/1818 1812/1964/1812 1480/1578/1480
f 1481/1579/1481 1818/1973/1818 1480/1578/1480
f 1812/1964/1812 1818/1973/1818 1816/1972/1816
f 1818/1973/1818 1481/1579/1481 1485/1583/1485
f 1485/1583/1485 1534/1637/1534 1818/1973/1818
f 1814/1967/1814 1561/1676/1561 1563/1675/1563
f 1814/1967/1814 1546/1968/1546 1561/1676/1561
f 1809/1963/1809 1564/1674/1564 1807/1960/1807
f 1564/1674/1564 1809/1963/1809 1563/1675/1563
f 1768/1916/1768 1807/1974/1807 1566/1679/1566
f 1564/1677/1564 1566/1679/1566 1807/1974/1807
f 1804/1975/1804 1807/1974/1807 1768/1916/1768
f 1803/1955/1803 1805/1957/1805 1798/1949/1798
f 1805/1957/1805 1800/1950/1800 1797/1947/1797
f 1797/1947/1797 1798/1949/1798 1805/1957/1805
f 1804/1975/1804 1770/1918/1770 1773/1921/1773
f 1804/1975/1804 1768/1916/1768 1770/1918/1770
f 1470/1568/1470 1803/1955/1803 1467/1565/1467
f 1803/1955/1803 1798/1949/1798 1467/1565/1467
f 1467/1565/1467 1798/1949/1798 1795/1946/1795
f 1465/1564/1465 1467/1565/1467 1795/1946/1795
f 1780/1928/1780 1772/1953/1772 1782/1930/1782
f 1782/1931/1782 1772/1919/1772 1774/1920/1774
f 1781/1933/1781 1819/1976/1819 1376/1471/1376
f 1781/1933/1781 1778/1932/1778 1819/1976/1819
f 1376/1471/1376 1819/1976/1819 1375/1472/1375
f 1375/1469/1375 1819/1977/1819 1373/1468/1373
f 1778/1926/1778 1373/1468/1373 1819/1977/1819
f 1570/1680/1570 1768/1916/1768 1566/1679/1566
f 1361/1455/1361 1766/1913/1766 1765/1911/1765
f 1765/1911/1765 1764/1912/1764 1361/1455/1361
f 1820/1978/1820 1764/1912/1764 1757/1904/1757
f 1361/1455/1361 1764/1912/1764 1820/1978/1820
f 1820/1978/1820 1244/1316/1244 1361/1455/1361
f 1820/1978/1820 1241/1314/1241 1244/1316/1244
f 1820/1978/1820 1757/1904/1757 1241/1314/1241
f 1821/1979/1821 1761/1908/1761 1762/1909/1762
f 1762/1909/1762 1569/1683/1569 1821/1979/1821
f 1821/1979/1821 1586/1701/1586 1761/1908/1761
f 1586/1701/1586 1821/1979/1821 1575/1687/1575
f 1575/1687/1575 1821/1979/1821 1572/1684/1572
f 1821/1979/1821 1568/1682/1568 1572/1684/1572
f 1569/1683/1569 1568/1682/1568 1821/1979/1821
f 1759/1906/1759 1761/1908/1761 1586/1701/1586
f 1759/1906/1759 1586/1701/1586 1588/1702/1588
f 1241/1314/1241 1757/1904/1757 1239/1311/1239
f 1753/1980/1753 1822/1981/1822 1236/1304/1236
f 1238/1310/1238 1753/1899/1753 1236/1309/1236
f 1822/1981/1822 1753/1980/1753 1751/1896/1751
f 1236/1304/1236 1822/1981/1822 1232/1301/1232
f 1824/1982/1824 1823/1983/1823 1822/1981/1822
f 1232/1301/1232 1822/1981/1822 1823/1983/1823
f 1822/1981/1822 1751/1896/1751 1824/1982/1824
f 1751/1896/1751 1749/1895/1749 1824/1982/1824
f 1749/1895/1749 1823/1983/1823 1824/1982/1824
f 1823/1983/1823 1739/1885/1739 1737/1882/1737
f 1737/1882/1737 1825/1984/1825 1823/1983/1823
f 1823/1983/1823 1825/1984/1825 1231/1300/1231
f 1823/1983/1823 1231/1300/1231 1232/1301/1232
f 1749/1895/1749 1739/1885/1739 1823/1983/1823
f 1231/1300/1231 1825/1984/1825 1826/1985/1826
f 1826/1985/1826 1825/1984/1825 1828/1986/1828
f 1737/1882/1737 1827/1987/1827 1825/1984/1825
f 1825/1984/1825 1827/1987/1827 1828/1986/1828
f 1829/1988/1829 1826/1985/1826 1828/1986/1828
f 1828/1986/1828 1830/1989/1830 1829/1988/1829
f 1828/1986/1828 1827/1987/1827 1830/1989/1830
f 1829/1988/1829 1830/1989/1830 1832/1990/1832
f 1732/1877/1732 1831/1991/1831 1830/1989/1830
f 1831/1991/1831 1832/1990/1832 1830/1989/1830
f 1827/1987/1827 1732/1877/1732 1830/1989/1830
f 1829/1988/1829 1832/1990/1832 1833/1992/1833
f 1832/1990/1832 1834/1993/1834 1833/1992/1833
f 1831/1991/1831 1834/1993/1834 1832/1990/1832
f 1834/1993/1834 1835/1994/1835 1838/1995/1838
f 1834/1993/1834 1837/1996/1837 1835/1994/1835
f 1838/1995/1838 1833/1992/1833 1834/1993/1834
f 1836/1997/1836 1834/1993/1834 1831/1991/1831
f 1834/1993/1834 1836/1997/1836 1837/1996/1837
f 1835/1994/1835 1839/1998/1839 1838/1995/1838
f 1839/1998/1839 1842/1999/1842 1838/1995/1838
f 1841/2000/1841 1838/1995/1838 1840/2001/1840
f 1838/1995/1838 1842/1999/1842 1840/2001/1840
f 1838/1995/1838 1841/2000/1841 1843/2002/1843
f 1833/1992/1833 1838/1995/1838 1843/2002/1843
f 1844/2003/1844 1833/1992/1833 1843/2002/1843
f 1843/2002/1843 1845/2004/1845 1844/2003/1844
f 1841/2000/1841 1845/2004/1845 1843/2002/1843
f 1846/2005/1846 1845/2004/1845 1221/1290/1221
f 1845/2004/1845 1841/2000/1841 1221/1290/1221
f 1844/2003/1844 1845/2004/1845 1846/2005/1846
f 1846/2005/1846 1231/1300/1231 1844/2003/1844
f 1846/2005/1846 1847/2006/1847 1229/1298/1229
f 1229/1298/1229 1231/1300/1231 1846/2005/1846
f 1846/2005/1846 1221/1290/1221 1847/2006/1847
f 1847/2006/1847 1221/1290/1221 1225/1292/1225
f 1847/2006/1847 1225/1292/1225 1229/1298/1229
f 1231/1300/1231 1826/1985/1826 1844/2003/1844
f 1826/1985/1826 1833/1992/1833 1844/2003/1844
f 1842/1999/1842 1839/1998/1839 1848/2007/1848
f 1848/2007/1848 1184/1253/1184 1842/1999/1842
f 1840/2001/1840 1842/1999/1842 1189/1259/1189
f 1842/1999/1842 1184/1253/1184 1189/1259/1189
f 1835/1994/1835 1184/1253/1184 1848/2007/1848
f 1835/1994/1835 1848/2007/1848 1839/1998/1839
f 1841/2000/1841 1220/1289/1220 1221/1290/1221
f 1841/2000/1841 1840/2001/1840 1220/1289/1220
f 1840/2001/1840 1189/1259/1189 1219/1288/1219
f 1840/2001/1840 1219/1288/1219 1220/1289/1220
f 1837/1996/1837 1182/1252/1182 1849/2008/1849
f 1837/1996/1837 1849/2008/1849 1835/1994/1835
f 1837/1996/1837 1836/1997/1836 1850/2009/1850
f 1837/1996/1837 1850/2009/1850 1182/1252/1182
f 1729/1874/1729 1728/1873/1728 1850/2009/1850
f 1850/2009/1850 1728/1873/1728 1852/2010/1852
f 1729/1874/1729 1850/2009/1850 1851/2011/1851
f 1850/2009/1850 1836/1997/1836 1851/2011/1851
f 1852/2010/1852 1182/1252/1182 1850/2009/1850
f 1852/2010/1852 1853/2012/1853 1182/1252/1182
f 1854/2013/1854 1853/2012/1853 1852/2010/1852
f 1728/1873/1728 1854/2013/1854 1852/2010/1852
f 1726/1871/1726 1854/2013/1854 1728/1873/1728
f 1854/2013/1854 1855/2014/1855 1029/1087/1029
f 1855/2014/1855 1854/2013/1854 1726/1871/1726
f 1854/2013/1854 1178/1248/1178 1853/2012/1853
f 1178/1248/1178 1854/2013/1854 1029/1087/1029
f 1726/1871/1726 1028/1086/1028 1855/2014/1855
f 1855/2014/1855 1028/1086/1028 1029/1087/1029
f 1853/2012/1853 1178/1248/1178 1177/1247/1177
f 1853/2012/1853 1177/1247/1177 1182/1252/1182
f 1851/2011/1851 1836/1997/1836 1732/1877/1732
f 1732/1877/1732 1729/1874/1729 1851/2011/1851
f 1849/2008/1849 1184/1253/1184 1835/1994/1835
f 1184/1253/1184 1849/2008/1849 1181/1250/1181
f 1182/1252/1182 1181/1250/1181 1849/2008/1849
f 1732/1877/1732 1836/1997/1836 1831/1991/1831
f 1826/1985/1826 1829/1988/1829 1833/1992/1833
f 1733/1878/1733 1827/1987/1827 1737/1882/1737
f 1732/1877/1732 1827/1987/1827 1733/1878/1733
f 1623/1747/1623 1624/1748/1624 1735/1881/1735
f 985/1036/985 1028/1086/1028 1726/1871/1726
f 1626/1751/1626 94/98/94 95/99/95
f 94/98/94 1616/1741/1616 1617/1740/1617
f 91/97/91 94/98/94 1617/1740/1617
f 38/2015/38 1607/1727/1607 1606/1726/1606
f 1607/1727/1607 38/2015/38 85/89/85
f 88/92/88 1607/1727/1607 85/89/85
f 1606/1726/1606 39/2016/39 38/2015/38
f 35/2017/35 1606/1726/1606 33/1725/33
f 39/2016/39 1606/1726/1606 35/2017/35
f 1583/1711/1583 1600/1719/1600 1594/1713/1594
f 1575/1687/1575 1584/1698/1584 1586/1701/1586
f 29/1697/29 31/1734/31 1578/1692/1578
f 1561/1671/1561 1546/2018/1546 1548/1662/1548
f 1555/1664/1555 1553/1665/1553 25/1695/25
f 1539/1646/1539 1544/1651/1544 1543/1650/1543
f 12/12/12 1541/1647/1541 11/11/11
f 11/11/11 1541/1647/1541 1538/1644/1538
f 1538/1644/1538 1537/1643/1537 11/11/11
f 5/6/5 1537/1643/1537 1535/1642/1535
f 1537/1643/1537 5/6/5 11/11/11
f 4/1/4 5/6/5 1535/1642/1535
f 1535/1642/1535 1531/2019/1531 4/1/4
f 1531/1634/1531 1535/1639/1535 1532/1635/1532
f 1489/1588/1489 1534/1637/1534 1485/1583/1485
f 1527/1631/1527 1528/1632/1528 1531/2019/1531
f 1531/2019/1531 1528/1632/1528 4/1/4
f 136/143/136 2/2/2 1528/1632/1528
f 1528/1632/1528 2/2/2 4/1/4
f 1496/1594/1496 1497/1596/1497 1517/1616/1517
f 1517/1616/1517 1497/1596/1497 1508/1606/1508
f 175/186/175 1515/1613/1515 178/189/178
f 1514/1612/1514 1512/1610/1512 186/198/186
f 179/191/179 178/189/178 1514/1612/1514
f 179/191/179 1514/1612/1514 186/198/186
f 1511/1609/1511 186/198/186 1512/1610/1512
f 1511/1609/1511 1510/1608/1510 1857/2020/1857
f 1511/1609/1511 1856/2021/1856 186/198/186
f 1856/2021/1856 1511/1609/1511 1857/2020/1857
f 1510/1608/1510 1858/2022/1858 1857/2020/1857
f 1859/2023/1859 1856/2021/1856 1857/2020/1857
f 1858/2022/1858 1859/2023/1859 1857/2020/1857
f 1858/2022/1858 1860/2024/1860 1859/2023/1859
f 1859/2023/1859 1860/2024/1860 1862/2025/1862
f 1861/2026/1861 1856/2021/1856 1859/2023/1859
f 1861/2026/1861 1859/2023/1859 1862/2025/1862
f 1863/2027/1863 1861/2026/1861 1862/2025/1862
f 1862/2025/1862 212/223/212 1863/2027/1863
f 1862/2025/1862 213/224/213 212/223/212
f 213/224/213 1862/2025/1862 1860/2024/1860
f 188/199/188 1861/2026/1861 1863/2027/1863
f 1864/2028/1864 1863/2027/1863 201/213/201
f 1863/2027/1863 211/222/211 201/213/201
f 1863/2027/1863 212/223/212 211/222/211
f 1863/2027/1863 1864/2028/1864 188/199/188
f 201/213/201 194/206/194 1864/2028/1864
f 1864/2028/1864 194/206/194 189/200/189
f 189/200/189 188/199/188 1864/2028/1864
f 1856/2021/1856 1861/2026/1861 186/198/186
f 185/197/185 186/198/186 1861/2026/1861
f 185/197/185 1861/2026/1861 188/199/188
f 216/227/216 1860/2024/1860 1865/2029/1865
f 1865/2029/1865 1860/2024/1860 1858/2022/1858
f 216/227/216 213/224/213 1860/2024/1860
f 1865/2029/1865 1866/2030/1866 216/227/216
f 1865/2029/1865 1867/2031/1867 1866/2030/1866
f 1858/2022/1858 1867/2031/1867 1865/2029/1865
f 1867/2031/1867 1869/2032/1869 1868/2033/1868
f 1867/2031/1867 1868/2033/1868 1870/2034/1870
f 1867/2031/1867 1870/2034/1870 1866/2030/1866
f 1867/2031/1867 1858/2022/1858 1869/2032/1869
f 1444/1541/1444 1870/2034/1870 1443/1542/1443
f 1443/1542/1443 1870/2034/1870 1868/2033/1868
f 1444/1541/1444 228/239/228 1870/2034/1870
f 1870/2034/1870 228/239/228 229/241/229
f 1870/2034/1870 229/241/229 1866/2030/1866
f 1869/2032/1869 1446/1544/1446 1868/2033/1868
f 1871/2035/1871 1446/1544/1446 1869/2032/1869
f 1872/2036/1872 1869/2032/1869 1858/2022/1858
f 1872/2036/1872 1871/2035/1871 1869/2032/1869
f 1505/1603/1505 1871/2035/1871 1872/2036/1872
f 1510/1608/1510 1872/2036/1872 1858/2022/1858
f 1506/1604/1506 1872/2036/1872 1510/1608/1510
f 1872/2036/1872 1506/1604/1506 1505/1603/1505
f 1871/2035/1871 1448/1545/1448 1446/1544/1446
f 1871/2035/1871 1505/1603/1505 1448/1545/1448
f 1443/1542/1443 1868/2033/1868 1446/1544/1446
f 229/241/229 217/228/217 1866/2030/1866
f 216/227/216 1866/2030/1866 217/228/217
f 1505/1603/1505 1503/1602/1503 1448/1545/1448
f 1447/1546/1447 1503/1602/1503 1501/1599/1501
f 1447/1546/1447 1448/1545/1448 1503/1602/1503
f 1501/1599/1501 1500/1598/1500 1873/2037/1873
f 1873/2037/1873 1447/1546/1447 1501/1599/1501
f 1873/2037/1873 1874/2038/1874 1450/1549/1450
f 1873/2037/1873 1500/1598/1500 1874/2038/1874
f 1447/1546/1447 1873/2037/1873 1450/1549/1450
f 1499/1597/1499 1874/2038/1874 1500/1598/1500
f 1875/2039/1875 1874/2038/1874 1499/1597/1499
f 1875/2039/1875 1450/1549/1450 1874/2038/1874
f 1875/2039/1875 1499/1597/1499 1876/2040/1876
f 1453/1552/1453 1875/2039/1875 1876/2040/1876
f 1453/1552/1453 1450/1549/1450 1875/2039/1875
f 1877/2041/1877 1453/1552/1453 1876/2040/1876
f 1876/2040/1876 1471/1570/1471 1877/2041/1877
f 1473/1571/1473 1471/1570/1471 1876/2040/1876
f 1473/1571/1473 1876/2040/1876 1499/1597/1499
f 1463/1561/1463 1877/2041/1877 1471/1570/1471
f 1452/1550/1452 1877/2041/1877 1455/1553/1455
f 1455/1553/1455 1877/2041/1877 1463/1561/1463
f 1452/1550/1452 1453/1552/1453 1877/2041/1877
f 1476/1575/1476 1473/1571/1473 1499/1597/1499
f 1494/1593/1494 1488/1587/1488 1490/1586/1490
f 1492/1590/1492 1486/1585/1486 1476/1575/1476
f 1486/1585/1486 1478/1574/1478 1476/1575/1476
f 1485/1583/1485 1481/1579/1481 1483/1582/1483
f 1464/1563/1464 1410/1509/1410 1461/1558/1461
f 1460/1559/1460 1455/1553/1455 1463/1561/1463
f 1461/1558/1461 1409/1508/1409 1459/1557/1459
f 1409/1508/1409 1461/1558/1461 1410/1509/1410
f 1456/1555/1456 1459/1557/1459 1438/1534/1438
f 1434/1532/1434 1459/1557/1459 1416/1515/1416
f 1416/1515/1416 1459/1557/1459 1411/1507/1411
f 1438/1534/1438 1459/1557/1459 1434/1532/1434
f 1409/1508/1409 1411/1507/1411 1459/1557/1459
f 1441/1538/1441 1878/2042/1878 1444/1541/1444
f 1878/2042/1878 228/239/228 1444/1541/1444
f 1441/1538/1441 1429/1527/1429 1878/2042/1878
f 1878/2042/1878 1429/1527/1429 230/240/230
f 228/239/228 1878/2042/1878 230/240/230
f 1416/1515/1416 1433/1531/1433 1434/1532/1434
f 1433/1531/1433 1416/1515/1416 1418/1517/1418
f 230/240/230 1429/1527/1429 232/243/232
f 251/263/251 1423/1522/1423 1880/2043/1880
f 1420/1519/1420 1879/2044/1879 1423/1522/1423
f 1879/2044/1879 1880/2043/1880 1423/1522/1423
f 1884/2045/1884 1880/2043/1880 1881/2046/1881
f 1882/2047/1882 1881/2046/1881 1880/2043/1880
f 1882/2047/1882 1880/2043/1880 1879/2044/1879
f 1880/2043/1880 1883/2048/1883 251/263/251
f 1880/2043/1880 1884/2045/1884 1883/2048/1883
f 1884/2045/1884 254/265/254 1883/2048/1883
f 1884/2045/1884 256/266/256 254/265/254
f 1885/2049/1885 1884/2045/1884 1881/2046/1881
f 256/266/256 1884/2045/1884 264/275/264
f 264/275/264 1884/2045/1884 1885/2049/1885
f 1887/2050/1887 1885/2049/1885 1886/2051/1886
f 1881/2046/1881 1886/2051/1886 1885/2049/1885
f 1885/2049/1885 1887/2050/1887 263/276/263
f 1885/2049/1885 263/276/263 264/275/264
f 1886/2051/1886 293/302/293 1887/2050/1887
f 1887/2050/1887 285/296/285 269/280/269
f 285/296/285 1887/2050/1887 293/302/293
f 263/276/263 1887/2050/1887 269/280/269
f 1886/2051/1886 1888/2052/1888 1889/2053/1889
f 1881/2046/1881 1888/2052/1888 1886/2051/1886
f 293/302/293 1886/2051/1886 1889/2053/1889
f 292/303/292 1889/2053/1889 1890/2054/1890
f 292/303/292 293/302/293 1889/2053/1889
f 1890/2054/1890 1889/2053/1889 1888/2052/1888
f 1891/2055/1891 300/312/300 1890/2054/1890
f 1891/2055/1891 1890/2054/1890 1893/2056/1893
f 292/303/292 1890/2054/1890 300/312/300
f 1888/2052/1888 1892/2057/1892 1890/2054/1890
f 1893/2056/1893 1890/2054/1890 1892/2057/1892
f 1892/2057/1892 1414/1512/1414 1893/2056/1893
f 1414/1512/1414 1407/1506/1407 1893/2056/1893
f 1893/2056/1893 1407/1506/1407 1403/1501/1403
f 1893/2056/1893 1403/1501/1403 1891/2055/1891
f 1892/2057/1892 1415/1513/1415 1414/1512/1414
f 1888/2052/1888 1894/2058/1894 1892/2057/1892
f 1894/2058/1894 1415/1513/1415 1892/2057/1892
f 1882/2047/1882 1879/2044/1879 1894/2058/1894
f 1420/1519/1420 1894/2058/1894 1879/2044/1879
f 1894/2058/1894 1888/2052/1888 1882/2047/1882
f 1420/1519/1420 1415/1513/1415 1894/2058/1894
f 1891/2055/1891 306/318/306 300/312/300
f 1891/2055/1891 1403/1501/1403 306/318/306
f 1881/2046/1881 1882/2047/1882 1888/2052/1888
f 251/263/251 1883/2048/1883 252/264/252
f 252/264/252 1883/2048/1883 254/265/254
f 308/319/308 1392/1490/1392 310/321/310
f 1392/1490/1392 314/326/314 310/321/310
f 1353/1448/1353 1347/1440/1347 1344/1437/1344
f 1352/1446/1352 1247/1319/1247 1248/1320/1248
f 1340/1435/1340 343/360/343 1346/1441/1346
f 341/356/341 1346/1441/1346 343/360/343
f 1346/1441/1346 341/356/341 339/355/339
f 1345/1439/1345 1346/1441/1346 339/355/339
f 1341/1434/1341 343/360/343 1340/1435/1340
f 1341/1434/1341 1895/2059/1895 343/360/343
f 1341/1434/1341 1330/1421/1330 1895/2059/1895
f 1896/2060/1896 1895/2059/1895 1326/1414/1326
f 343/360/343 1895/2059/1895 1896/2060/1896
f 1895/2059/1895 1330/1421/1330 1326/1414/1326
f 1896/2060/1896 345/359/345 343/360/343
f 1896/2060/1896 1897/2061/1897 344/361/344
f 1896/2060/1896 1898/2062/1898 1897/2061/1897
f 345/359/345 1896/2060/1896 344/361/344
f 1896/2060/1896 1326/1414/1326 1898/2062/1898
f 1898/2062/1898 1326/1414/1326 1324/1417/1324
f 1897/2061/1897 1898/2062/1898 1899/2063/1899
f 1898/2062/1898 1900/2064/1900 1899/2063/1899
f 1898/2062/1898 1324/1417/1324 1900/2064/1900
f 1901/2065/1901 1900/2064/1900 1324/1417/1324
f 1899/2063/1899 1900/2064/1900 1901/2065/1901
f 1902/2066/1902 1901/2067/1901 1904/2068/1904
f 1901/2067/1901 1902/2066/1902 1903/2069/1903
f 1901/2065/1901 1903/2070/1903 1899/2063/1899
f 1320/1409/1320 1904/2068/1904 1901/2067/1901
f 1324/1410/1324 1320/1409/1320 1901/2067/1901
f 1902/2071/1902 1904/2072/1904 1905/2073/1905
f 1320/1407/1320 1905/2073/1905 1904/2072/1904
f 1905/2073/1905 1908/2074/1908 1906/2075/1906
f 1903/2076/1903 1905/2073/1905 1906/2075/1906
f 1316/1402/1316 1905/2073/1905 1320/1407/1320
f 1905/2073/1905 1903/2076/1903 1902/2071/1902
f 1905/2073/1905 1316/1402/1316 1907/2077/1907
f 1905/2073/1905 1907/2077/1907 1908/2074/1908
f 1907/2077/1907 1909/2078/1909 1908/2074/1908
f 1906/2075/1906 1908/2074/1908 1909/2078/1909
f 1909/2078/1909 1913/2079/1913 1910/2080/1910
f 1910/2080/1910 1906/2075/1906 1909/2078/1909
f 1909/2078/1909 1907/2077/1907 1315/1401/1315
f 1909/2078/1909 1315/1401/1315 1911/2081/1911
f 1912/2082/1912 1909/2078/1909 1911/2081/1911
f 1909/2078/1909 1912/2082/1912 1913/2079/1913
f 1910/2080/1910 1913/2079/1913 1915/2083/1915
f 1913/2079/1913 1912/2082/1912 1914/2084/1914
f 1915/2083/1915 1913/2079/1913 1914/2084/1914
f 1915/2083/1915 1914/2084/1914 1916/2085/1916
f 1915/2083/1915 1916/2085/1916 1919/2086/1919
f 1915/2083/1915 1917/2087/1917 1910/2080/1910
f 1917/2087/1917 1915/2083/1915 1918/2088/1918
f 1918/2088/1918 1915/2083/1915 1919/2086/1919
f 1919/2086/1919 1920/2089/1920 1922/2090/1922
f 1920/2089/1920 1919/2086/1919 1916/2085/1916
f 1921/2091/1921 1919/2086/1919 1922/2090/1922
f 1921/2091/1921 1923/2092/1923 1919/2086/1919
f 1924/2093/1924 1918/2088/1918 1919/2086/1919
f 1923/2092/1923 1924/2093/1924 1919/2086/1919
f 1924/2093/1924 1923/2092/1923 1925/2094/1925
f 1925/2094/1925 1926/2095/1926 1924/2093/1924
f 1926/2095/1926 1918/2088/1918 1924/2093/1924
f 1925/2094/1925 1929/2096/1929 1926/2095/1926
f 1926/2095/1926 1928/2097/1928 1927/2098/1927
f 1918/2088/1918 1926/2095/1926 1927/2098/1927
f 1929/2096/1929 1928/2097/1928 1926/2095/1926
f 1928/2099/1928 1929/2100/1929 1933/2101/1933
f 1932/2102/1932 1929/2100/1929 1930/2103/1930
f 1930/2103/1930 1929/2100/1929 1931/2104/1931
f 1931/2105/1931 1929/2096/1929 1925/2094/1925
f 1932/2102/1932 1933/2101/1933 1929/2100/1929
f 1936/2106/1936 1927/2107/1927 1933/2101/1933
f 1927/2107/1927 1928/2099/1928 1933/2101/1933
f 1934/2108/1934 1933/2101/1933 1935/2109/1935
f 1933/2101/1933 1934/2108/1934 1936/2106/1936
f 1932/2102/1932 1935/2109/1935 1933/2101/1933
f 1934/2108/1934 1937/2110/1937 1936/2106/1936
f 1938/2111/1938 1936/2106/1936 1937/2110/1937
f 1936/2106/1936 1938/2111/1938 1927/2107/1927
f 347/364/347 1938/2111/1938 1937/2110/1937
f 1939/2112/1939 1938/2111/1938 347/364/347
f 1938/2111/1938 1939/2112/1939 1941/2113/1941
f 1938/2111/1938 1940/2114/1940 1927/2107/1927
f 1938/2111/1938 1941/2113/1941 1940/2114/1940
f 1940/2115/1940 1941/2116/1941 1942/2117/1942
f 1942/2117/1942 1941/2116/1941 1906/2075/1906
f 1903/2070/1903 1941/2113/1941 1939/2112/1939
f 1903/2076/1903 1906/2075/1906 1941/2116/1941
f 1906/2075/1906 1910/2080/1910 1942/2117/1942
f 1917/2087/1917 1942/2117/1942 1910/2080/1910
f 1940/2115/1940 1942/2117/1942 1917/2087/1917
f 1918/2088/1918 1927/2098/1927 1940/2115/1940
f 1918/2088/1918 1940/2115/1940 1917/2087/1917
f 347/364/347 1897/2061/1897 1939/2112/1939
f 1897/2061/1897 1899/2063/1899 1939/2112/1939
f 1899/2063/1899 1903/2070/1903 1939/2112/1939
f 348/363/348 347/364/347 1937/2110/1937
f 1934/2108/1934 350/367/350 1937/2110/1937
f 350/367/350 348/363/348 1937/2110/1937
f 1935/2109/1935 376/394/376 1934/2108/1934
f 376/394/376 1935/2109/1935 374/395/374
f 374/395/374 1935/2109/1935 1943/2118/1943
f 1943/2118/1943 1935/2109/1935 1932/2102/1932
f 1944/2119/1944 374/395/374 1943/2118/1943
f 1943/2118/1943 1932/2102/1932 1944/2119/1944
f 1944/2119/1944 1932/2102/1932 1945/2120/1945
f 375/397/375 1944/2119/1944 1945/2120/1945
f 374/395/374 1944/2119/1944 375/397/375
f 378/2121/378 375/397/375 1945/2120/1945
f 1932/2102/1932 1930/2103/1930 1945/2120/1945
f 378/2121/378 1945/2120/1945 1946/2122/1946
f 1946/2122/1946 1945/2120/1945 1947/2123/1947
f 1945/2120/1945 1930/2103/1930 1947/2123/1947
f 1947/2124/1947 1950/2125/1950 379/401/379
f 1946/2126/1946 1947/2124/1947 379/401/379
f 1930/2103/1930 1948/2127/1948 1947/2123/1947
f 1947/2124/1947 1948/2128/1948 1949/2129/1949
f 1949/2129/1949 1950/2125/1950 1947/2124/1947
f 1949/2129/1949 1951/2130/1951 1950/2125/1950
f 1950/2125/1950 1951/2130/1951 1953/2131/1953
f 1950/2125/1950 1952/2132/1952 1954/2133/1954
f 1952/2132/1952 1950/2125/1950 1953/2131/1953
f 379/401/379 1950/2125/1950 1954/2133/1954
f 1954/2133/1954 1952/2132/1952 1955/2134/1955
f 380/402/380 379/401/379 1954/2133/1954
f 1954/2133/1954 1955/2134/1955 385/408/385
f 1954/2133/1954 385/408/385 380/402/380
f 385/408/385 1955/2134/1955 401/422/401
f 401/422/401 1955/2134/1955 1956/2135/1956
f 1955/2134/1955 1952/2132/1952 1957/2136/1957
f 1955/2134/1955 1957/2136/1957 1956/2135/1956
f 1959/2137/1959 1958/2138/1958 1957/2136/1957
f 1958/2138/1958 1956/2135/1956 1957/2136/1957
f 1953/2131/1953 1959/2137/1959 1957/2136/1957
f 1957/2136/1957 1952/2132/1952 1953/2131/1953
f 1960/2139/1960 1958/2138/1958 1959/2137/1959
f 1959/2137/1959 1953/2131/1953 1951/2130/1951
f 1960/2139/1960 1959/2137/1959 1951/2130/1951
f 1960/2140/1960 1963/2141/1963 1961/2142/1961
f 1962/2143/1962 1960/2140/1960 1961/2142/1961
f 1962/2143/1962 1958/2144/1958 1960/2140/1960
f 1960/2139/1960 1951/2130/1951 1964/2145/1964
f 1960/2140/1960 1964/2146/1964 1963/2141/1963
f 1951/2130/1951 1949/2129/1949 1964/2145/1964
f 1965/2147/1965 1964/2146/1964 1949/2148/1949
f 1965/2147/1965 1963/2141/1963 1964/2146/1964
f 1948/2149/1948 1965/2147/1965 1949/2148/1949
f 1965/2147/1965 1948/2149/1948 1966/2150/1966
f 1965/2147/1965 1966/2150/1966 1963/2141/1963
f 1966/2151/1966 1948/2127/1948 1930/2103/1930
f 1925/2094/1925 1967/2152/1967 1966/2150/1966
f 1967/2152/1967 1968/2153/1968 1966/2150/1966
f 1966/2151/1966 1930/2103/1930 1931/2104/1931
f 1966/2150/1966 1968/2153/1968 1963/2141/1963
f 1925/2094/1925 1966/2150/1966 1931/2105/1931
f 1968/2153/1968 1923/2092/1923 1921/2091/1921
f 1969/2154/1969 1968/2153/1968 1921/2091/1921
f 1923/2092/1923 1968/2153/1968 1967/2152/1967
f 1968/2153/1968 1969/2154/1969 1963/2141/1963
f 1972/2155/1972 1969/2154/1969 1921/2091/1921
f 1972/2155/1972 1970/2156/1970 1969/2154/1969
f 1970/2156/1970 1971/2157/1971 1969/2154/1969
f 1969/2154/1969 1971/2157/1971 1962/2143/1962
f 1961/2142/1961 1969/2154/1969 1962/2143/1962
f 1963/2141/1963 1969/2154/1969 1961/2142/1961
f 1922/2090/1922 1972/2155/1972 1921/2091/1921
f 1973/2158/1973 1970/2156/1970 1972/2155/1972
f 1973/2158/1973 1972/2155/1972 1975/2159/1975
f 1972/2155/1972 1922/2090/1922 1974/2160/1974
f 1975/2159/1975 1972/2155/1972 1974/2160/1974
f 1975/2159/1975 1976/2161/1976 419/443/419
f 1974/2160/1974 1976/2161/1976 1975/2159/1975
f 1975/2159/1975 419/443/419 1977/2162/1977
f 1975/2159/1975 1977/2162/1977 1973/2158/1973
f 1978/2163/1978 1977/2162/1977 1979/2164/1979
f 1978/2163/1978 1973/2158/1973 1977/2162/1977
f 1977/2162/1977 419/443/419 1979/2164/1979
f 418/446/418 1979/2164/1979 419/443/419
f 418/446/418 411/434/411 1979/2164/1979
f 1978/2163/1978 1979/2164/1979 407/433/407
f 407/433/407 1979/2164/1979 411/434/411
f 404/2165/404 1973/2158/1973 1978/2163/1978
f 404/2165/404 1978/2163/1978 403/2166/403
f 407/433/407 403/2166/403 1978/2163/1978
f 1981/2167/1981 1980/2168/1980 1976/2161/1976
f 1976/2161/1976 1980/2168/1980 433/460/433
f 1976/2161/1976 417/444/417 419/443/419
f 433/460/433 417/444/417 1976/2161/1976
f 1974/2160/1974 1981/2167/1981 1976/2161/1976
f 1982/2169/1982 1981/2167/1981 1974/2160/1974
f 1983/2170/1983 1981/2167/1981 1982/2169/1982
f 1981/2167/1981 1983/2170/1983 1984/2171/1984
f 1981/2167/1981 1984/2171/1984 1980/2168/1980
f 433/460/433 1984/2171/1984 439/464/439
f 433/460/433 1980/2168/1980 1984/2171/1984
f 1983/2170/1983 438/466/438 1984/2171/1984
f 1984/2171/1984 438/466/438 439/464/439
f 1916/2085/1916 1985/2172/1985 1983/2170/1983
f 1983/2170/1983 1982/2169/1982 1916/2085/1916
f 1985/2172/1985 438/466/438 1983/2170/1983
f 1985/2172/1985 1916/2085/1916 1986/2173/1986
f 1985/2172/1985 1986/2173/1986 1987/2174/1987
f 1987/2174/1987 438/466/438 1985/2172/1985
f 1987/2174/1987 1988/2175/1988 444/471/444
f 1989/2176/1989 1988/2175/1988 1987/2174/1987
f 444/471/444 440/465/440 1987/2174/1987
f 438/466/438 1987/2174/1987 440/465/440
f 1987/2174/1987 1986/2173/1986 1989/2176/1989
f 1989/2176/1989 1986/2173/1986 1991/2177/1991
f 1990/2178/1990 443/468/443 1989/2176/1989
f 1991/2177/1991 1990/2178/1990 1989/2176/1989
f 1989/2176/1989 443/468/443 1988/2175/1988
f 1990/2178/1990 1991/2177/1991 1992/2179/1992
f 1991/2177/1991 1986/2173/1986 1912/2082/1912
f 1991/2177/1991 1912/2082/1912 1993/2180/1993
f 1993/2180/1993 1992/2179/1992 1991/2177/1991
f 1993/2180/1993 1911/2081/1911 1309/1393/1309
f 1309/1393/1309 1992/2179/1992 1993/2180/1993
f 1993/2180/1993 1912/2082/1912 1911/2081/1911
f 1309/1393/1309 1305/1390/1305 1992/2179/1992
f 1990/2178/1990 1992/2179/1992 1994/2181/1994
f 1306/1388/1306 1994/2181/1994 1992/2179/1992
f 1992/2179/1992 1305/1390/1305 1306/1388/1306
f 1995/2182/1995 1994/2181/1994 1306/1388/1306
f 1994/2181/1994 451/476/451 449/475/449
f 451/476/451 1994/2181/1994 1995/2182/1995
f 1994/2181/1994 449/475/449 1990/2178/1990
f 1306/1388/1306 1996/2183/1996 1995/2182/1995
f 451/476/451 1995/2182/1995 1996/2183/1996
f 1996/2183/1996 1304/1387/1304 1997/2184/1997
f 1999/2185/1999 1996/2183/1996 1997/2184/1997
f 1304/1387/1304 1996/2183/1996 1306/1388/1306
f 450/478/450 1996/2183/1996 1998/2186/1998
f 1998/2186/1998 1996/2183/1996 1999/2185/1999
f 1996/2183/1996 450/478/450 451/476/451
f 1999/2185/1999 454/481/454 1998/2186/1998
f 454/481/454 1999/2185/1999 2000/2187/2000
f 2000/2187/2000 1999/2185/1999 1997/2184/1997
f 454/481/454 2000/2187/2000 2001/2188/2001
f 2001/2188/2001 2000/2187/2000 2003/2189/2003
f 1997/2184/1997 2002/2190/2002 2000/2187/2000
f 2002/2190/2002 2003/2189/2003 2000/2187/2000
f 2003/2189/2003 2004/2191/2004 2001/2188/2001
f 2004/2191/2004 2003/2189/2003 2005/2192/2005
f 2003/2189/2003 2006/2193/2006 2005/2192/2005
f 2006/2193/2006 2003/2189/2003 2007/2194/2007
f 2007/2194/2007 2003/2189/2003 2002/2190/2002
f 1115/1176/1115 2006/2193/2006 2007/2194/2007
f 1115/1176/1115 2007/2194/2007 1116/1177/1116
f 2002/2190/2002 2009/2195/2009 2007/2194/2007
f 2009/2195/2009 2008/2196/2008 2007/2194/2007
f 2008/2196/2008 1116/1177/1116 2007/2194/2007
f 1303/1386/1303 2009/2195/2009 2002/2190/2002
f 1303/1386/1303 2008/2196/2008 2009/2195/2009
f 2010/2197/2010 1118/1180/1118 2008/2196/2008
f 2008/2196/2008 1118/1180/1118 1116/1177/1116
f 2010/2197/2010 2008/2196/2008 1303/1386/1303
f 2010/2197/2010 1303/1386/1303 1300/1384/1300
f 2010/2198/2010 1300/1385/1300 2011/2199/2011
f 2010/2198/2010 2011/2199/2011 1118/1183/1118
f 1120/1181/1120 1118/1183/1118 2011/2199/2011
f 1291/1371/1291 2011/2199/2011 1300/1385/1300
f 2011/2199/2011 1291/1371/1291 1120/1181/1120
f 1114/1175/1114 2005/2192/2005 2006/2193/2006
f 1114/1175/1114 2006/2193/2006 1115/1176/1115
f 1114/1175/1114 1104/1165/1104 2005/2192/2005
f 1104/1165/1104 1102/1163/1102 2005/2192/2005
f 1102/1163/1102 2012/2200/2012 2005/2192/2005
f 2005/2192/2005 2012/2200/2012 2004/2191/2004
f 1100/1162/1100 2012/2200/2012 1102/1163/1102
f 2004/2191/2004 2012/2200/2012 2013/2201/2013
f 2014/2202/2014 2013/2201/2013 2012/2200/2012
f 1100/1162/1100 2014/2202/2014 2012/2200/2012
f 2014/2202/2014 1101/1161/1101 2015/2203/2015
f 2016/2204/2016 2014/2202/2014 2015/2203/2015
f 2014/2202/2014 2016/2204/2016 2013/2201/2013
f 1100/1162/1100 1101/1161/1101 2014/2202/2014
f 2016/2204/2016 2015/2203/2015 2017/2205/2017
f 2016/2204/2016 2017/2205/2017 2013/2201/2013
f 2017/2205/2017 2020/2206/2020 2018/2207/2018
f 2017/2205/2017 2018/2207/2018 2019/2208/2019
f 2015/2203/2015 2020/2206/2020 2017/2205/2017
f 2017/2205/2017 2019/2208/2019 2013/2201/2013
f 2021/2209/2021 2020/2206/2020 2024/2210/2024
f 2020/2206/2020 2021/2209/2021 2018/2207/2018
f 2022/2211/2022 2024/2210/2024 2020/2206/2020
f 2022/2211/2022 2020/2206/2020 2023/2212/2023
f 2015/2203/2015 2023/2212/2023 2020/2206/2020
f 2024/2210/2024 2026/2213/2026 2021/2209/2021
f 2022/2211/2022 2027/2214/2027 2024/2210/2024
f 2024/2210/2024 2027/2214/2027 2025/2215/2025
f 2024/2210/2024 2025/2215/2025 2026/2213/2026
f 2028/2216/2028 2025/2215/2025 2027/2214/2027
f 2027/2214/2027 2029/2217/2029 2028/2216/2028
f 2023/2212/2023 2027/2214/2027 2022/2211/2022
f 2027/2214/2027 2023/2212/2023 2029/2217/2029
f 2029/2217/2029 2023/2212/2023 2030/2218/2030
f 2028/2216/2028 2029/2217/2029 2031/2219/2031
f 2031/2219/2031 2029/2217/2029 2030/2218/2030
f 2031/2219/2031 2032/2220/2032 2028/2216/2028
f 2031/2219/2031 2033/2221/2033 2032/2220/2032
f 2031/2219/2031 2035/2222/2035 2033/2221/2033
f 2034/2223/2034 2031/2219/2031 2030/2218/2030
f 2034/2223/2034 2035/2222/2035 2031/2219/2031
f 2039/2224/2039 2035/2222/2035 2034/2223/2034
f 2036/2225/2036 2037/2226/2037 2035/2222/2035
f 2041/2227/2041 2036/2225/2036 2035/2222/2035
f 2037/2226/2037 2040/2228/2040 2035/2222/2035
f 2039/2224/2039 2038/2229/2038 2035/2222/2035
f 2038/2229/2038 2041/2227/2041 2035/2222/2035
f 2040/2228/2040 2033/2221/2033 2035/2222/2035
f 2044/2230/2044 2042/2231/2042 2041/2227/2041
f 2042/2231/2042 2045/2232/2045 2041/2227/2041
f 2041/2227/2041 2043/2233/2043 2036/2225/2036
f 2041/2227/2041 2045/2232/2045 2043/2233/2043
f 2044/2230/2044 2041/2227/2041 2046/2234/2046
f 2041/2227/2041 2038/2229/2038 2046/2234/2046
f 2047/2235/2047 2046/2234/2046 2038/2229/2038
f 2046/2234/2046 2048/2236/2048 2044/2230/2044
f 2046/2234/2046 2047/2235/2047 1091/1152/1091
f 1091/1152/1091 1092/1154/1092 2046/2234/2046
f 2046/2234/2046 1092/1154/1092 2048/2236/2048
f 2044/2230/2044 2048/2236/2048 2049/2237/2049
f 2051/2238/2051 2049/2237/2049 2048/2236/2048
f 2052/2239/2052 2048/2236/2048 1092/1154/1092
f 2050/2240/2050 2048/2236/2048 2053/2241/2053
f 2050/2240/2050 2051/2238/2051 2048/2236/2048
f 2048/2236/2048 2052/2239/2052 2053/2241/2053
f 2053/2241/2053 2052/2239/2052 2054/2242/2054
f 2053/2241/2053 2054/2242/2054 2055/2243/2055
f 2050/2240/2050 2053/2241/2053 2055/2243/2055
f 2057/2244/2057 2055/2243/2055 2056/2245/2056
f 2054/2242/2054 2056/2245/2056 2055/2243/2055
f 2057/2244/2057 2058/2246/2058 2055/2243/2055
f 2058/2246/2058 2059/2247/2059 2055/2243/2055
f 2050/2240/2050 2055/2243/2055 2059/2247/2059
f 2058/2246/2058 2060/2248/2060 2059/2247/2059
f 2059/2247/2059 2060/2248/2060 2051/2238/2051
f 2050/2240/2050 2059/2247/2059 2051/2238/2051
f 2058/2246/2058 2061/2249/2061 2060/2248/2060
f 2062/2250/2062 2060/2251/2060 2061/2252/2061
f 2060/2251/2060 2062/2250/2062 2063/2253/2063
f 2051/2254/2051 2060/2251/2060 2063/2253/2063
f 2065/2255/2065 2063/2253/2063 2064/2256/2064
f 2064/2256/2064 2063/2253/2063 2062/2250/2062
f 2065/2255/2065 2051/2254/2051 2063/2253/2063
f 2065/2255/2065 2068/2257/2068 2066/2258/2066
f 2065/2255/2065 2066/2258/2066 2049/2259/2049
f 2051/2254/2051 2065/2255/2065 2049/2259/2049
f 2065/2255/2065 2064/2256/2064 2067/2260/2067
f 2067/2260/2067 2068/2257/2068 2065/2255/2065
f 2068/2257/2068 2067/2260/2067 2066/2258/2066
f 2069/2261/2069 2067/2260/2067 2064/2256/2064
f 2071/2262/2071 2067/2260/2067 2069/2261/2069
f 2071/2262/2071 2070/2263/2070 2067/2260/2067
f 2070/2263/2070 2066/2258/2066 2067/2260/2067
f 2071/2262/2071 2069/2261/2069 2073/2264/2073
f 2071/2262/2071 2073/2264/2073 2072/2265/2072
f 2072/2265/2072 2070/2263/2070 2071/2262/2071
f 2073/2264/2073 2074/2266/2074 2072/2265/2072
f 2076/2267/2076 2074/2266/2074 2073/2264/2073
f 2075/2268/2075 2077/2269/2077 2073/2264/2073
f 2075/2268/2075 2073/2264/2073 2069/2261/2069
f 2079/2270/2079 2076/2267/2076 2073/2264/2073
f 2078/2271/2078 2073/2264/2073 2077/2269/2077
f 2073/2264/2073 2078/2271/2078 2079/2270/2079
f 2076/2267/2076 2079/2270/2079 2078/2271/2078
f 2082/2272/2082 2080/2273/2080 2078/2271/2078
f 2078/2271/2078 2080/2273/2080 2081/2274/2081
f 2081/2274/2081 2076/2267/2076 2078/2271/2078
f 2077/2269/2077 2082/2272/2082 2078/2271/2078
f 2082/2272/2082 2083/2275/2083 2080/2273/2080
f 2084/2276/2084 2083/2275/2083 2082/2272/2082
f 2084/2276/2084 2082/2272/2082 2077/2269/2077
f 2085/2277/2085 2083/2275/2083 2084/2276/2084
f 2087/2278/2087 2085/2277/2085 2084/2276/2084
f 2087/2278/2087 2084/2276/2084 2086/2279/2086
f 2084/2276/2084 2077/2269/2077 2086/2279/2086
f 2087/2278/2087 2086/2279/2086 2089/2280/2089
f 2088/2281/2088 2087/2278/2087 2090/2282/2090
f 2087/2278/2087 2088/2281/2088 2085/2277/2085
f 2090/2282/2090 2087/2278/2087 2089/2280/2089
f 2091/2283/2091 2090/2282/2090 2092/2284/2092
f 2093/2285/2093 2090/2282/2090 2091/2283/2091
f 2092/2284/2092 2090/2282/2090 2089/2280/2089
f 2090/2282/2090 2093/2285/2093 2088/2281/2088
f 2093/2285/2093 2094/2286/2094 2088/2281/2088
f 2095/2287/2095 2094/2286/2094 2093/2285/2093
f 2093/2285/2093 2091/2283/2091 2095/2287/2095
f 2097/2288/2097 2094/2289/2094 2095/2290/2095
f 2091/2283/2091 2096/2291/2096 2095/2287/2095
f 2095/2287/2095 2096/2291/2096 2099/2292/2099
f 2097/2288/2097 2095/2290/2095 2098/2293/2098
f 2098/2293/2098 2095/2290/2095 2099/2294/2099
f 2103/2295/2103 2098/2293/2098 2099/2294/2099
f 2099/2292/2099 2096/2291/2096 2100/2296/2100
f 2102/2297/2102 2099/2292/2099 2100/2296/2100
f 2101/2298/2101 2099/2294/2099 2102/2299/2102
f 2103/2295/2103 2099/2294/2099 2101/2298/2101
f 2106/2300/2106 2104/2301/2104 2103/2295/2103
f 2103/2295/2103 2104/2301/2104 2097/2288/2097
f 2103/2295/2103 2101/2298/2101 2105/2302/2105
f 2105/2302/2105 2106/2300/2106 2103/2295/2103
f 2103/2295/2103 2097/2288/2097 2098/2293/2098
f 2108/2303/2108 2107/2304/2107 2106/2300/2106
f 2109/2305/2109 2106/2300/2106 2107/2304/2107
f 2105/2302/2105 2108/2303/2108 2106/2300/2106
f 2106/2300/2106 2109/2305/2109 2104/2301/2104
f 2109/2305/2109 2111/2306/2111 2110/2307/2110
f 2109/2305/2109 2110/2307/2110 2104/2301/2104
f 2109/2305/2109 2107/2304/2107 2112/2308/2112
f 2109/2305/2109 2112/2308/2112 2111/2306/2111
f 2113/2309/2113 2112/2308/2112 2114/2310/2114
f 2112/2308/2112 2113/2309/2113 2115/2311/2115
f 2116/2312/2116 2114/2310/2114 2112/2308/2112
f 2115/2311/2115 2111/2306/2111 2112/2308/2112
f 2112/2308/2112 2107/2304/2107 2116/2312/2116
f 2114/2310/2114 2116/2312/2116 2117/2313/2117
f 2117/2313/2117 2116/2312/2116 2118/2314/2118
f 2107/2304/2107 2119/2315/2119 2116/2312/2116
f 2120/2316/2120 2118/2314/2118 2116/2312/2116
f 2116/2312/2116 2119/2315/2119 2120/2316/2120
f 2120/2317/2120 2121/2318/2121 2118/2319/2118
f 2119/2315/2119 2123/2320/2123 2120/2316/2120
f 2122/2321/2122 2121/2318/2121 2120/2317/2120
f 2123/2322/2123 2122/2321/2122 2120/2317/2120
f 2127/2323/2127 2122/2321/2122 2123/2322/2123
f 2123/2322/2123 2124/2324/2124 2127/2323/2127
f 2123/2322/2123 2126/2325/2126 2124/2324/2124
f 2125/2326/2125 2123/2320/2123 2119/2315/2119
f 2126/2327/2126 2123/2320/2123 2125/2326/2125
f 2129/2328/2129 2128/2329/2128 2127/2323/2127
f 2127/2323/2127 2128/2329/2128 2122/2321/2122
f 2127/2323/2127 2131/2330/2131 2129/2328/2129
f 2124/2324/2124 2130/2331/2130 2127/2323/2127
f 2130/2331/2130 2131/2330/2131 2127/2323/2127
f 2131/2330/2131 2135/2332/2135 2129/2328/2129
f 2131/2330/2131 2130/2331/2130 2132/2333/2132
f 2133/2334/2133 2131/2330/2131 2132/2333/2132
f 2133/2334/2133 2134/2335/2134 2131/2330/2131
f 2135/2332/2135 2131/2330/2131 2134/2335/2134
f 2136/2336/2136 2129/2328/2129 2135/2332/2135
f 2135/2332/2135 2134/2335/2134 2138/2337/2138
f 2137/2338/2137 2136/2336/2136 2135/2332/2135
f 2139/2339/2139 2137/2338/2137 2135/2332/2135
f 2139/2339/2139 2135/2332/2135 2138/2337/2138
f 2138/2337/2138 627/661/627 2139/2339/2139
f 2139/2339/2139 627/661/627 2137/2338/2137
f 2140/2340/2140 631/663/631 2138/2337/2138
f 2140/2340/2140 2138/2337/2138 2134/2335/2134
f 627/661/627 2138/2337/2138 631/663/631
f 2141/2341/2141 2142/2342/2142 2140/2340/2140
f 2140/2340/2140 2134/2335/2134 2141/2341/2141
f 2143/2343/2143 2140/2340/2140 2142/2342/2142
f 2140/2340/2140 632/665/632 630/664/630
f 630/664/630 631/663/631 2140/2340/2140
f 2143/2343/2143 632/665/632 2140/2340/2140
f 2143/2343/2143 2142/2342/2142 2144/2344/2144
f 633/667/633 632/665/632 2143/2343/2143
f 633/667/633 2143/2343/2143 2144/2344/2144
f 2144/2344/2144 2142/2342/2142 2146/2345/2146
f 2145/2346/2145 2144/2344/2144 2146/2345/2146
f 2147/2347/2147 2144/2344/2144 2145/2346/2145
f 2144/2344/2144 2147/2347/2147 633/667/633
f 633/667/633 2147/2347/2147 637/670/637
f 637/670/637 2147/2347/2147 2145/2346/2145
f 2146/2345/2146 2142/2342/2142 2151/2348/2151
f 2146/2345/2146 2149/2349/2149 2145/2346/2145
f 2148/2350/2148 2150/2351/2150 2146/2345/2146
f 2146/2345/2146 2151/2348/2151 2148/2350/2148
f 2146/2345/2146 2150/2351/2150 2149/2349/2149
f 2141/2341/2141 2151/2348/2151 2142/2342/2142
f 2141/2341/2141 2153/2352/2153 2151/2348/2151
f 2148/2350/2148 2151/2348/2151 2152/2353/2152
f 2151/2348/2151 2153/2352/2153 2152/2353/2152
f 2141/2341/2141 2154/2354/2154 2153/2352/2153
f 2153/2352/2153 2154/2354/2154 2155/2355/2155
f 2155/2355/2155 2152/2353/2152 2153/2352/2153
f 2154/2354/2154 2156/2356/2156 2155/2355/2155
f 2156/2356/2156 2157/2357/2157 2155/2355/2155
f 2158/2358/2158 2155/2355/2155 2157/2357/2157
f 2155/2355/2155 2158/2358/2158 2152/2353/2152
f 2159/2359/2159 2158/2358/2158 2163/2360/2163
f 2159/2359/2159 2160/2361/2160 2158/2358/2158
f 2161/2362/2161 2158/2358/2158 2160/2361/2160
f 2163/2360/2163 2158/2358/2158 2157/2357/2157
f 2161/2362/2161 2162/2363/2162 2158/2358/2158
f 2152/2353/2152 2158/2358/2158 2162/2363/2162
f 2163/2360/2163 2165/2364/2165 2164/2365/2164
f 2163/2360/2163 2164/2365/2164 2159/2359/2159
f 2163/2360/2163 2157/2357/2157 2166/2366/2166
f 2163/2360/2163 2166/2366/2166 2165/2364/2165
f 2156/2356/2156 2166/2366/2166 2157/2357/2157
f 2132/2333/2132 2165/2364/2165 2166/2366/2166
f 2133/2334/2133 2132/2333/2132 2166/2366/2166
f 2156/2356/2156 2154/2354/2154 2166/2366/2166
f 2154/2354/2154 2133/2334/2133 2166/2366/2166
f 2130/2331/2130 2165/2364/2165 2132/2333/2132
f 2165/2364/2165 2130/2331/2130 2167/2367/2167
f 2165/2364/2165 2167/2367/2167 2169/2368/2169
f 2164/2365/2164 2165/2364/2165 2168/2369/2168
f 2165/2364/2165 2169/2368/2169 2168/2369/2168
f 2169/2368/2169 2167/2367/2167 2126/2325/2126
f 2126/2325/2126 2168/2369/2168 2169/2368/2169
f 2168/2370/2168 2170/2371/2170 2164/2372/2164
f 2168/2370/2168 2108/2303/2108 2170/2371/2170
f 2168/2370/2168 2171/2373/2171 2108/2303/2108
f 2168/2370/2168 2126/2327/2126 2171/2373/2171
f 2107/2304/2107 2171/2373/2171 2126/2327/2126
f 2107/2304/2107 2108/2303/2108 2171/2373/2171
f 2105/2302/2105 2164/2372/2164 2170/2371/2170
f 2105/2302/2105 2170/2371/2170 2108/2303/2108
f 2167/2367/2167 2124/2324/2124 2126/2325/2126
f 2167/2367/2167 2130/2331/2130 2124/2324/2124
f 2164/2372/2164 2105/2302/2105 2173/2374/2173
f 2164/2372/2164 2172/2375/2172 2159/2376/2159
f 2172/2375/2172 2164/2372/2164 2173/2374/2173
f 2173/2374/2173 2105/2302/2105 2101/2298/2101
f 2174/2377/2174 2172/2375/2172 2173/2374/2173
f 2173/2374/2173 2102/2299/2102 2174/2377/2174
f 2101/2298/2101 2102/2299/2102 2173/2374/2173
f 2176/2378/2176 2174/2377/2174 2175/2379/2175
f 2175/2379/2175 2174/2377/2174 2177/2380/2177
f 2174/2377/2174 2176/2378/2176 2172/2375/2172
f 2174/2377/2174 2102/2299/2102 2177/2380/2177
f 2177/2381/2177 2178/2382/2178 2180/2383/2180
f 2178/2382/2178 2177/2381/2177 2102/2297/2102
f 2179/2384/2179 2177/2380/2177 2181/2385/2181
f 2179/2384/2179 2175/2379/2175 2177/2380/2177
f 2181/2386/2181 2177/2381/2177 2180/2383/2180
f 2181/2385/2181 2183/2387/2183 2179/2384/2179
f 2182/2388/2182 2181/2386/2181 2184/2389/2184
f 2182/2388/2182 2183/2390/2183 2181/2386/2181
f 2184/2389/2184 2181/2386/2181 2180/2383/2180
f 2182/2388/2182 2184/2389/2184 2185/2391/2185
f 2180/2383/2180 2185/2391/2185 2184/2389/2184
f 2182/2388/2182 2185/2391/2185 2186/2392/2186
f 2185/2391/2185 2187/2393/2187 2186/2392/2186
f 2185/2391/2185 2188/2394/2188 2187/2393/2187
f 2180/2383/2180 2188/2394/2188 2185/2391/2185
f 2191/2395/2191 2188/2394/2188 2180/2383/2180
f 2188/2394/2188 2189/2396/2189 2190/2397/2190
f 2191/2395/2191 2189/2396/2189 2188/2394/2188
f 2190/2397/2190 2187/2393/2187 2188/2394/2188
f 2178/2382/2178 2191/2395/2191 2180/2383/2180
f 2191/2395/2191 2178/2382/2178 2092/2284/2092
f 2191/2395/2191 2092/2284/2092 2192/2398/2192
f 2192/2398/2192 2189/2396/2189 2191/2395/2191
f 2092/2284/2092 2193/2399/2193 2192/2398/2192
f 2192/2398/2192 2193/2399/2193 2194/2400/2194
f 2189/2396/2189 2192/2398/2192 2194/2400/2194
f 2193/2399/2193 2195/2401/2195 2194/2400/2194
f 2196/2402/2196 2194/2400/2194 2195/2401/2195
f 2196/2402/2196 2198/2403/2198 2194/2400/2194
f 2197/2404/2197 2189/2396/2189 2194/2400/2194
f 2194/2400/2194 2198/2403/2198 2197/2404/2197
f 2198/2403/2198 2199/2405/2199 2202/2406/2202
f 2196/2402/2196 2199/2405/2199 2198/2403/2198
f 2200/2407/2200 2198/2403/2198 2201/2408/2201
f 2200/2407/2200 2197/2404/2197 2198/2403/2198
f 2202/2406/2202 2201/2408/2201 2198/2403/2198
f 2204/2409/2204 2202/2406/2202 2199/2405/2199
f 2201/2408/2201 2202/2406/2202 2203/2410/2203
f 2203/2410/2203 2202/2406/2202 2204/2409/2204
f 2204/2409/2204 2199/2405/2199 2207/2411/2207
f 2204/2409/2204 2205/2412/2205 2209/2413/2209
f 2206/2414/2206 2205/2412/2205 2204/2409/2204
f 2204/2409/2204 2207/2411/2207 2206/2414/2206
f 2208/2415/2208 2204/2409/2204 2209/2413/2209
f 2203/2410/2203 2204/2409/2204 2208/2415/2208
f 2209/2413/2209 2210/2416/2210 2212/2417/2212
f 2210/2416/2210 2209/2413/2209 2211/2418/2211
f 2205/2412/2205 2211/2418/2211 2209/2413/2209
f 2209/2413/2209 2212/2417/2212 2208/2415/2208
f 2213/2419/2213 2212/2417/2212 2210/2416/2210
f 2216/2420/2216 2201/2408/2201 2212/2417/2212
f 2201/2408/2201 2203/2410/2203 2212/2417/2212
f 2214/2421/2214 2212/2417/2212 2213/2419/2213
f 2212/2417/2212 2214/2421/2214 2215/2422/2215
f 2212/2417/2212 2203/2410/2203 2208/2415/2208
f 2215/2422/2215 2216/2420/2216 2212/2417/2212
f 2217/2423/2217 2201/2408/2201 2216/2420/2216
f 2215/2422/2215 2217/2423/2217 2216/2420/2216
f 2219/2424/2219 2218/2425/2218 2217/2423/2217
f 2218/2425/2218 2220/2426/2220 2217/2423/2217
f 2221/2427/2221 2219/2424/2219 2217/2423/2217
f 2220/2426/2220 2200/2407/2200 2217/2423/2217
f 2201/2408/2201 2217/2423/2217 2200/2407/2200
f 2221/2427/2221 2217/2423/2217 2215/2422/2215
f 2221/2427/2221 2222/2428/2222 2219/2424/2219
f 2221/2427/2221 2215/2422/2215 2214/2421/2214
f 2221/2427/2221 2214/2421/2214 2222/2428/2222
f 2225/2429/2225 2222/2428/2222 2214/2421/2214
f 2222/2428/2222 2224/2430/2224 2223/2431/2223
f 2222/2428/2222 2223/2431/2223 2219/2424/2219
f 2222/2428/2222 2225/2429/2225 2224/2430/2224
f 2224/2430/2224 2225/2429/2225 2227/2432/2227
f 2225/2429/2225 2228/2433/2228 2226/2434/2226
f 2226/2434/2226 2227/2432/2227 2225/2429/2225
f 2225/2429/2225 2214/2421/2214 2228/2433/2228
f 2228/2433/2228 2214/2421/2214 2213/2419/2213
f 2213/2419/2213 2229/2435/2229 2228/2433/2228
f 2226/2434/2226 2228/2433/2228 2229/2435/2229
f 2229/2435/2229 2213/2419/2213 2231/2436/2231
f 2229/2435/2229 2230/2437/2230 2226/2434/2226
f 2230/2437/2230 2229/2435/2229 2231/2436/2231
f 2231/2438/2231 2232/2439/2232 2230/2440/2230
f 2231/2438/2231 2233/2441/2233 2232/2439/2232
f 2213/2419/2213 2233/2442/2233 2231/2436/2231
f 2233/2442/2233 2210/2416/2210 2211/2418/2211
f 2211/2418/2211 2205/2412/2205 2233/2442/2233
f 2235/2443/2235 2233/2442/2233 2205/2412/2205
f 2210/2416/2210 2233/2442/2233 2213/2419/2213
f 2234/2444/2234 2232/2439/2232 2233/2441/2233
f 2233/2441/2233 2235/2445/2235 2234/2444/2234
f 2236/2446/2236 2235/2443/2235 2205/2412/2205
f 2235/2445/2235 2236/2447/2236 2237/2448/2237
f 2234/2444/2234 2235/2445/2235 2237/2448/2237
f 1062/1124/1062 2237/2448/2237 1063/1125/1063
f 1063/1125/1063 2237/2448/2237 2238/2449/2238
f 2239/2450/2239 2237/2448/2237 2236/2447/2236
f 2237/2448/2237 1062/1124/1062 2234/2444/2234
f 2239/2450/2239 2238/2449/2238 2237/2448/2237
f 2239/2450/2239 2236/2447/2236 2240/2451/2240
f 2238/2449/2238 2239/2450/2239 2240/2451/2240
f 2241/2452/2241 2240/2451/2240 2236/2447/2236
f 2238/2449/2238 2240/2451/2240 2241/2452/2241
f 2242/2453/2242 2241/2454/2241 2245/2455/2245
f 2238/2449/2238 2241/2452/2241 2242/2456/2242
f 2241/2454/2241 2243/2457/2243 2245/2455/2245
f 2241/2454/2241 2244/2458/2244 2243/2457/2243
f 2244/2458/2244 2241/2454/2241 2236/2446/2236
f 2248/2459/2248 2246/2460/2246 2245/2455/2245
f 2245/2455/2245 2246/2460/2246 2242/2453/2242
f 2243/2457/2243 2247/2461/2247 2245/2455/2245
f 2249/2462/2249 2245/2455/2245 2247/2461/2247
f 2248/2459/2248 2245/2455/2245 2249/2462/2249
f 2248/2459/2248 2249/2462/2249 2250/2463/2250
f 2251/2464/2251 2250/2463/2250 2249/2462/2249
f 2251/2464/2251 2249/2462/2249 2252/2465/2252
f 2252/2465/2252 2249/2462/2249 2247/2461/2247
f 2251/2464/2251 2252/2465/2252 2243/2457/2243
f 2243/2457/2243 2252/2465/2252 2247/2461/2247
f 2250/2463/2250 2251/2464/2251 2253/2466/2253
f 2253/2466/2253 2251/2464/2251 2256/2467/2256
f 2251/2464/2251 2255/2468/2255 2254/2469/2254
f 2256/2467/2256 2251/2464/2251 2254/2469/2254
f 2255/2468/2255 2251/2464/2251 2243/2457/2243
f 2258/2470/2258 2257/2471/2257 2256/2467/2256
f 2259/2472/2259 2256/2467/2256 2257/2471/2257
f 2258/2470/2258 2256/2467/2256 2254/2469/2254
f 2259/2472/2259 2253/2466/2253 2256/2467/2256
f 2259/2472/2259 2257/2471/2257 2260/2473/2260
f 2259/2472/2259 2260/2473/2260 2075/2268/2075
f 2259/2472/2259 2075/2268/2075 2253/2466/2253
f 2077/2269/2077 2075/2268/2075 2260/2473/2260
f 2260/2473/2260 2195/2401/2195 2261/2474/2261
f 2260/2473/2260 2261/2474/2261 2077/2269/2077
f 2262/2475/2262 2260/2473/2260 2257/2471/2257
f 2260/2473/2260 2262/2475/2262 2195/2401/2195
f 2196/2402/2196 2195/2401/2195 2262/2475/2262
f 2196/2402/2196 2262/2475/2262 2199/2405/2199
f 2257/2471/2257 2258/2470/2258 2262/2475/2262
f 2199/2405/2199 2262/2475/2262 2258/2470/2258
f 2261/2474/2261 2086/2279/2086 2077/2269/2077
f 2089/2280/2089 2086/2279/2086 2261/2474/2261
f 2261/2474/2261 2195/2401/2195 2193/2399/2193
f 2261/2474/2261 2193/2399/2193 2089/2280/2089
f 2258/2470/2258 2207/2411/2207 2199/2405/2199
f 2263/2476/2263 2258/2470/2258 2254/2469/2254
f 2207/2411/2207 2258/2470/2258 2263/2476/2263
f 2244/2458/2244 2205/2412/2205 2263/2476/2263
f 2263/2476/2263 2205/2412/2205 2206/2414/2206
f 2263/2476/2263 2254/2469/2254 2255/2468/2255
f 2263/2476/2263 2206/2414/2206 2207/2411/2207
f 2255/2468/2255 2244/2458/2244 2263/2476/2263
f 2244/2458/2244 2255/2468/2255 2243/2457/2243
f 2075/2268/2075 2069/2261/2069 2253/2466/2253
f 2069/2261/2069 2250/2463/2250 2253/2466/2253
f 2069/2261/2069 2265/2477/2265 2250/2463/2250
f 2250/2463/2250 2264/2478/2264 2248/2459/2248
f 2264/2478/2264 2250/2463/2250 2265/2477/2265
f 2069/2261/2069 2062/2250/2062 2265/2477/2265
f 2264/2478/2264 2265/2477/2265 2062/2250/2062
f 2266/2479/2266 2264/2478/2264 2061/2252/2061
f 2248/2459/2248 2264/2478/2264 2266/2479/2266
f 2061/2252/2061 2264/2478/2264 2062/2250/2062
f 2267/2480/2267 2246/2460/2246 2266/2479/2266
f 2061/2252/2061 2267/2480/2267 2266/2479/2266
f 2248/2459/2248 2266/2479/2266 2246/2460/2246
f 2056/2245/2056 2267/2481/2267 2061/2249/2061
f 2268/2482/2268 2267/2481/2267 2056/2245/2056
f 2268/2483/2268 2246/2460/2246 2267/2480/2267
f 2242/2456/2242 2268/2482/2268 2269/2484/2269
f 2268/2483/2268 2242/2453/2242 2246/2460/2246
f 2270/2485/2270 2268/2482/2268 2056/2245/2056
f 2269/2484/2269 2268/2482/2268 2270/2485/2270
f 2270/2485/2270 2273/2486/2273 2271/2487/2271
f 2270/2485/2270 2271/2487/2271 2272/2488/2272
f 2270/2485/2270 2056/2245/2056 2273/2486/2273
f 2269/2484/2269 2270/2485/2270 2272/2488/2272
f 2056/2245/2056 2054/2242/2054 2273/2486/2273
f 2054/2242/2054 2274/2489/2274 2273/2486/2273
f 1077/1138/1077 2273/2486/2273 2274/2489/2274
f 2271/2487/2271 2273/2486/2273 1077/1138/1077
f 1082/1144/1082 2274/2489/2274 2054/2242/2054
f 1082/1144/1082 1077/1138/1077 2274/2489/2274
f 2271/2487/2271 1077/1138/1077 2272/2488/2272
f 2272/2488/2272 1077/1138/1077 1078/1139/1078
f 1078/1139/1078 2275/2490/2275 2272/2488/2272
f 2269/2484/2269 2272/2488/2272 2275/2490/2275
f 1078/1139/1078 2276/2491/2276 2275/2490/2275
f 2238/2449/2238 2269/2484/2269 2275/2490/2275
f 2275/2490/2275 2276/2491/2276 1063/1125/1063
f 1063/1125/1063 2238/2449/2238 2275/2490/2275
f 2276/2491/2276 1078/1139/1078 1075/1133/1075
f 1066/1127/1066 1063/1125/1063 2276/2491/2276
f 1066/1127/1066 2276/2491/2276 1075/1133/1075
f 2269/2484/2269 2238/2449/2238 2242/2456/2242
f 2236/2446/2236 2205/2412/2205 2244/2458/2244
f 1062/1124/1062 1064/1123/1064 2234/2444/2234
f 2277/2492/2277 2234/2444/2234 1064/1123/1064
f 2277/2492/2277 2232/2439/2232 2234/2444/2234
f 1059/1121/1059 2277/2492/2277 1064/1123/1064
f 1060/1122/1060 2277/2492/2277 1059/1121/1059
f 2277/2492/2277 1060/1122/1060 2232/2439/2232
f 2230/2440/2230 2232/2439/2232 2278/2493/2278
f 2279/2494/2279 2278/2493/2278 2232/2439/2232
f 1060/1122/1060 2280/2495/2280 2232/2439/2232
f 2232/2439/2232 2280/2495/2280 2279/2494/2279
f 2281/2496/2281 2279/2494/2279 2280/2495/2280
f 2280/2495/2280 1060/1122/1060 1051/1110/1051
f 2280/2495/2280 1051/1110/1051 2281/2496/2281
f 2281/2496/2281 2282/2497/2282 2283/2498/2283
f 2282/2497/2282 2281/2496/2281 1050/1109/1050
f 1050/1109/1050 2281/2496/2281 1051/1110/1051
f 2281/2496/2281 2283/2498/2283 2279/2494/2279
f 2285/2499/2285 2283/2498/2283 2282/2497/2282
f 2283/2498/2283 2284/2500/2284 2279/2494/2279
f 2283/2498/2283 2286/2501/2286 2284/2500/2284
f 2285/2499/2285 2286/2501/2286 2283/2498/2283
f 2286/2502/2286 2285/2503/2285 2287/2504/2287
f 2288/2505/2288 2286/2502/2286 2287/2504/2287
f 2286/2501/2286 2288/2506/2288 2284/2500/2284
f 2290/2507/2290 2284/2500/2284 2288/2506/2288
f 2291/2508/2291 2288/2509/2288 2289/2510/2289
f 2287/2504/2287 2289/2511/2289 2288/2505/2288
f 2290/2512/2290 2288/2509/2288 2291/2508/2291
f 2294/2513/2294 2292/2514/2292 2291/2508/2291
f 2292/2514/2292 2293/2515/2293 2291/2508/2291
f 2290/2512/2290 2291/2508/2291 2293/2515/2293
f 2294/2513/2294 2291/2508/2291 2289/2510/2289
f 2296/2516/2296 2295/2517/2295 2294/2513/2294
f 2295/2517/2295 2297/2518/2297 2294/2513/2294
f 2289/2510/2289 2296/2516/2296 2294/2513/2294
f 2294/2513/2294 2297/2518/2297 2292/2514/2292
f 2297/2518/2297 2300/2519/2300 2298/2520/2298
f 2298/2520/2298 2292/2514/2292 2297/2518/2297
f 2301/2521/2301 2299/2522/2299 2297/2518/2297
f 2297/2518/2297 2299/2522/2299 2300/2519/2300
f 2301/2521/2301 2297/2518/2297 2295/2517/2295
f 2295/2517/2295 2303/2523/2303 2301/2521/2301
f 2301/2521/2301 2303/2523/2303 2302/2524/2302
f 2299/2522/2299 2301/2521/2301 2302/2524/2302
f 730/766/730 2303/2523/2303 2295/2517/2295
f 2304/2525/2304 2303/2523/2303 730/766/730
f 2302/2524/2302 2303/2523/2303 2304/2525/2304
f 2305/2526/2305 2302/2524/2302 2304/2525/2304
f 722/758/722 2304/2525/2304 728/764/728
f 728/764/728 2304/2525/2304 730/766/730
f 2304/2525/2304 722/758/722 2305/2526/2305
f 2307/2527/2307 2306/2528/2306 2305/2526/2305
f 2302/2524/2302 2305/2526/2305 2306/2528/2306
f 2308/2529/2308 2307/2527/2307 2305/2526/2305
f 2305/2526/2305 2309/2530/2309 2308/2529/2308
f 2309/2530/2309 2305/2526/2305 722/758/722
f 2311/2531/2311 2309/2530/2309 716/752/716
f 716/752/716 2309/2530/2309 721/757/721
f 722/758/722 721/757/721 2309/2530/2309
f 2311/2531/2311 2310/2532/2310 2309/2530/2309
f 2309/2530/2309 2310/2532/2310 2308/2529/2308
f 2312/2533/2312 2311/2531/2311 2313/2534/2313
f 2312/2533/2312 2314/2535/2314 2311/2531/2311
f 2311/2531/2311 714/751/714 2313/2534/2313
f 2311/2531/2311 716/752/716 714/751/714
f 2311/2531/2311 2314/2535/2314 2310/2532/2310
f 2317/2536/2317 2310/2532/2310 2314/2535/2314
f 2316/2537/2316 2315/2538/2315 2314/2535/2314
f 2317/2536/2317 2314/2535/2314 2315/2538/2315
f 2316/2537/2316 2314/2535/2314 2312/2533/2312
f 2317/2536/2317 2319/2539/2319 2318/2540/2318
f 2318/2540/2318 2310/2532/2310 2317/2536/2317
f 2317/2536/2317 2315/2538/2315 2320/2541/2320
f 2317/2536/2317 2320/2541/2320 2319/2539/2319
f 2319/2542/2319 2320/2543/2320 2321/2544/2321
f 2321/2545/2321 2320/2541/2320 2322/2546/2322
f 2322/2546/2322 2320/2541/2320 2315/2538/2315
f 2322/2546/2322 2323/2547/2323 2321/2545/2321
f 2316/2537/2316 2322/2546/2322 2315/2538/2315
f 2322/2546/2322 2316/2537/2316 2323/2547/2323
f 2326/2548/2326 2324/2549/2324 2323/2550/2323
f 2323/2550/2323 2324/2549/2324 2321/2544/2321
f 2325/2551/2325 2323/2547/2323 2316/2537/2316
f 2325/2552/2325 2326/2548/2326 2323/2550/2323
f 2327/2553/2327 2328/2554/2328 2326/2548/2326
f 2326/2548/2326 2325/2552/2325 2327/2553/2327
f 2326/2548/2326 2329/2555/2329 2324/2549/2324
f 2328/2554/2328 2329/2555/2329 2326/2548/2326
f 2332/2556/2332 2330/2557/2330 2329/2555/2329
f 2330/2557/2330 2331/2558/2331 2329/2555/2329
f 2329/2555/2329 2331/2558/2331 2324/2549/2324
f 2328/2554/2328 2332/2556/2332 2329/2555/2329
f 2330/2557/2330 2332/2556/2332 2333/2559/2333
f 2333/2559/2333 2332/2556/2332 709/743/709
f 2328/2554/2328 709/743/709 2332/2556/2332
f 2334/2560/2334 2330/2557/2330 2333/2559/2333
f 2333/2559/2333 709/743/709 710/744/710
f 2333/2559/2333 710/744/710 2334/2560/2334
f 2336/2561/2336 2334/2560/2334 696/729/696
f 696/729/696 2334/2560/2334 710/744/710
f 2335/2562/2335 2334/2560/2334 2337/2563/2337
f 2334/2560/2334 2335/2562/2335 2330/2557/2330
f 2334/2560/2334 2336/2561/2336 2337/2563/2337
f 2337/2563/2337 2338/2564/2338 2335/2562/2335
f 2338/2564/2338 2337/2563/2337 2339/2565/2339
f 2340/2566/2340 2337/2563/2337 2336/2561/2336
f 2340/2566/2340 2339/2565/2339 2337/2563/2337
f 694/727/694 2340/2566/2340 2336/2561/2336
f 694/727/694 2341/2567/2341 2340/2566/2340
f 2340/2566/2340 2341/2567/2341 2339/2565/2339
f 2341/2567/2341 2342/2568/2342 2344/2569/2344
f 2341/2567/2341 694/727/694 2342/2568/2342
f 2343/2570/2343 2339/2565/2339 2341/2567/2341
f 2344/2569/2344 2343/2570/2343 2341/2567/2341
f 2344/2569/2344 2345/2571/2345 2343/2570/2343
f 2344/2569/2344 640/674/640 637/670/637
f 640/674/640 2344/2569/2344 2346/2572/2346
f 2346/2572/2346 2344/2569/2344 2342/2568/2342
f 2344/2569/2344 637/670/637 2345/2571/2345
f 640/674/640 2346/2572/2346 643/677/643
f 2342/2568/2342 643/677/643 2346/2572/2346
f 2345/2571/2345 637/670/637 2145/2346/2145
f 2345/2571/2345 2149/2349/2149 2343/2570/2343
f 2345/2571/2345 2145/2346/2145 2149/2349/2149
f 2339/2565/2339 2343/2570/2343 2347/2573/2347
f 2343/2570/2343 2149/2349/2149 2150/2351/2150
f 2347/2573/2347 2343/2570/2343 2150/2351/2150
f 2338/2564/2338 2347/2573/2347 2350/2574/2350
f 2347/2573/2347 2338/2564/2338 2339/2565/2339
f 2347/2573/2347 2150/2351/2150 2348/2575/2348
f 2347/2573/2347 2348/2575/2348 2349/2576/2349
f 2347/2573/2347 2349/2576/2349 2350/2574/2350
f 2335/2562/2335 2350/2574/2350 2351/2577/2351
f 2351/2577/2351 2350/2574/2350 2352/2578/2352
f 2350/2574/2350 2335/2562/2335 2338/2564/2338
f 2350/2574/2350 2349/2576/2349 2352/2578/2352
f 2351/2577/2351 2352/2578/2352 2355/2579/2355
f 2355/2579/2355 2352/2578/2352 2353/2580/2353
f 2354/2581/2354 2353/2580/2353 2352/2578/2352
f 2352/2578/2352 2349/2576/2349 2354/2581/2354
f 2356/2582/2356 2351/2577/2351 2355/2579/2355
f 2355/2579/2355 2353/2580/2353 2357/2583/2357
f 2355/2579/2355 2357/2583/2357 2356/2582/2356
f 2357/2583/2357 2361/2584/2361 2356/2582/2356
f 2357/2583/2357 2353/2580/2353 2358/2585/2358
f 2359/2586/2359 2357/2583/2357 2358/2585/2358
f 2360/2587/2360 2357/2583/2357 2359/2586/2359
f 2360/2587/2360 2361/2584/2361 2357/2583/2357
f 2362/2588/2362 2356/2582/2356 2361/2584/2361
f 2363/2589/2363 2361/2584/2361 2360/2587/2360
f 2363/2589/2363 2362/2588/2362 2361/2584/2361
f 2363/2590/2363 2360/2591/2360 2364/2592/2364
f 2363/2590/2363 2364/2592/2364 2365/2593/2365
f 2365/2593/2365 2318/2540/2318 2363/2590/2363
f 2319/2539/2319 2363/2590/2363 2318/2540/2318
f 2319/2542/2319 2324/2549/2324 2363/2589/2363
f 2331/2558/2331 2363/2589/2363 2324/2549/2324
f 2362/2588/2362 2363/2589/2363 2331/2558/2331
f 2364/2592/2364 2366/2594/2366 2365/2593/2365
f 2366/2594/2366 2318/2540/2318 2365/2593/2365
f 2367/2595/2367 2366/2594/2366 2369/2596/2369
f 2367/2595/2367 2368/2597/2368 2366/2594/2366
f 2366/2594/2366 2368/2597/2368 2307/2527/2307
f 2366/2594/2366 2364/2592/2364 2369/2596/2369
f 2318/2540/2318 2366/2594/2366 2310/2532/2310
f 2370/2598/2370 2366/2594/2366 2307/2527/2307
f 2370/2598/2370 2310/2532/2310 2366/2594/2366
f 2307/2527/2307 2308/2529/2308 2370/2598/2370
f 2310/2532/2310 2370/2598/2370 2308/2529/2308
f 2369/2596/2369 2364/2592/2364 2360/2591/2360
f 2359/2599/2359 2367/2595/2367 2369/2596/2369
f 2369/2596/2369 2360/2591/2360 2359/2599/2359
f 2367/2595/2367 2371/2600/2371 2368/2597/2368
f 2307/2527/2307 2368/2597/2368 2371/2600/2371
f 2367/2595/2367 2373/2601/2373 2371/2600/2371
f 2372/2602/2372 2307/2527/2307 2371/2600/2371
f 2374/2603/2374 2372/2602/2372 2371/2600/2371
f 2371/2600/2371 2373/2601/2373 2374/2603/2374
f 2376/2604/2376 2375/2605/2375 2374/2603/2374
f 2374/2603/2374 2375/2605/2375 2372/2602/2372
f 2373/2601/2373 2376/2604/2376 2374/2603/2374
f 2377/2606/2377 2376/2607/2376 2378/2608/2378
f 2375/2609/2375 2376/2607/2376 2377/2606/2377
f 2380/2610/2380 2376/2611/2376 2373/2612/2373
f 2379/2613/2379 2378/2614/2378 2376/2611/2376
f 2376/2611/2376 2380/2610/2380 2379/2613/2379
f 2380/2610/2380 2381/2615/2381 2379/2613/2379
f 2382/2616/2382 2354/2581/2354 2380/2610/2380
f 2354/2581/2354 2381/2615/2381 2380/2610/2380
f 2380/2610/2380 2373/2612/2373 2382/2616/2382
f 2358/2585/2358 2354/2581/2354 2382/2616/2382
f 2383/2617/2383 2358/2585/2358 2382/2616/2382
f 2383/2617/2383 2382/2616/2382 2373/2612/2373
f 2367/2618/2367 2358/2585/2358 2383/2617/2383
f 2373/2612/2373 2367/2618/2367 2383/2617/2383
f 2381/2615/2381 2386/2619/2386 2379/2613/2379
f 2354/2581/2354 2384/2620/2384 2381/2615/2381
f 2381/2615/2381 2384/2620/2384 2385/2621/2385
f 2386/2619/2386 2381/2615/2381 2385/2621/2385
f 2387/2622/2387 2378/2614/2378 2386/2619/2386
f 2386/2619/2386 2385/2621/2385 2387/2622/2387
f 2386/2619/2386 2378/2614/2378 2379/2613/2379
f 2387/2623/2387 2389/2624/2389 2388/2625/2388
f 2388/2625/2388 2391/2626/2391 2387/2623/2387
f 2162/2363/2162 2387/2622/2387 2385/2621/2385
f 2389/2627/2389 2387/2622/2387 2390/2628/2390
f 2161/2362/2161 2390/2628/2390 2387/2622/2387
f 2161/2362/2161 2387/2622/2387 2162/2363/2162
f 2378/2608/2378 2387/2623/2387 2391/2626/2391
f 2391/2626/2391 2388/2625/2388 2392/2629/2392
f 2392/2629/2392 2393/2630/2393 2391/2626/2391
f 2393/2630/2393 2378/2608/2378 2391/2626/2391
f 2393/2630/2393 2392/2629/2392 2394/2631/2394
f 2378/2608/2378 2393/2630/2393 2377/2606/2377
f 2393/2630/2393 2394/2631/2394 2377/2606/2377
f 2396/2632/2396 2395/2633/2395 2394/2634/2394
f 2395/2633/2395 2375/2605/2375 2394/2634/2394
f 2394/2631/2394 2375/2609/2375 2377/2606/2377
f 2182/2388/2182 2394/2634/2394 2183/2390/2183
f 2397/2635/2397 2394/2634/2394 2182/2388/2182
f 2392/2629/2392 2183/2387/2183 2394/2631/2394
f 2396/2632/2396 2394/2634/2394 2397/2635/2397
f 2399/2636/2399 2398/2637/2398 2397/2635/2397
f 2396/2632/2396 2397/2635/2397 2398/2637/2398
f 2399/2636/2399 2397/2635/2397 2400/2638/2400
f 2186/2392/2186 2397/2635/2397 2182/2388/2182
f 2397/2635/2397 2186/2392/2186 2400/2638/2400
f 2400/2638/2400 2186/2392/2186 2401/2639/2401
f 2401/2639/2401 2402/2640/2402 2400/2638/2400
f 2399/2636/2399 2400/2638/2400 2402/2640/2402
f 2402/2640/2402 2401/2639/2401 2218/2425/2218
f 2219/2424/2219 2402/2640/2402 2218/2425/2218
f 2402/2640/2402 2219/2424/2219 2403/2641/2403
f 2403/2641/2403 2399/2636/2399 2402/2640/2402
f 2404/2642/2404 2399/2636/2399 2403/2641/2403
f 2404/2642/2404 2403/2641/2403 2405/2643/2405
f 2403/2641/2403 2219/2424/2219 2406/2644/2406
f 2405/2643/2405 2403/2641/2403 2406/2644/2406
f 2406/2644/2406 2219/2424/2219 2223/2431/2223
f 2406/2644/2406 2223/2431/2223 2407/2645/2407
f 2408/2646/2408 2406/2644/2406 2407/2645/2407
f 2408/2646/2408 2405/2643/2405 2406/2644/2406
f 2302/2524/2302 2405/2643/2405 2408/2646/2408
f 2408/2646/2408 2299/2522/2299 2302/2524/2302
f 2408/2646/2408 2407/2645/2407 2299/2522/2299
f 2224/2430/2224 2407/2645/2407 2223/2431/2223
f 2299/2522/2299 2407/2645/2407 2409/2647/2409
f 2409/2647/2409 2407/2645/2407 2224/2430/2224
f 2409/2647/2409 2224/2430/2224 2300/2519/2300
f 2409/2647/2409 2300/2519/2300 2299/2522/2299
f 2405/2643/2405 2306/2528/2306 2404/2642/2404
f 2302/2524/2302 2306/2528/2306 2405/2643/2405
f 2398/2637/2398 2399/2636/2399 2404/2642/2404
f 2372/2602/2372 2398/2637/2398 2404/2642/2404
f 2410/2648/2410 2307/2527/2307 2404/2642/2404
f 2372/2602/2372 2404/2642/2404 2307/2527/2307
f 2410/2648/2410 2404/2642/2404 2306/2528/2306
f 2410/2648/2410 2306/2528/2306 2307/2527/2307
f 2401/2639/2401 2411/2649/2411 2218/2425/2218
f 2411/2649/2411 2401/2639/2401 2186/2392/2186
f 2218/2425/2218 2411/2649/2411 2220/2426/2220
f 2412/2650/2412 2220/2426/2220 2411/2649/2411
f 2411/2649/2411 2186/2392/2186 2412/2650/2412
f 2220/2426/2220 2412/2650/2412 2200/2407/2200
f 2200/2407/2200 2412/2650/2412 2190/2397/2190
f 2412/2650/2412 2187/2393/2187 2190/2397/2190
f 2187/2393/2187 2412/2650/2412 2186/2392/2186
f 2372/2602/2372 2396/2632/2396 2398/2637/2398
f 2372/2602/2372 2395/2633/2395 2396/2632/2396
f 2375/2605/2375 2395/2633/2395 2372/2602/2372
f 2392/2629/2392 2179/2384/2179 2183/2387/2183
f 2388/2625/2388 2179/2384/2179 2392/2629/2392
f 2176/2378/2176 2390/2651/2390 2160/2652/2160
f 2389/2624/2389 2390/2651/2390 2176/2378/2176
f 2160/2361/2160 2390/2628/2390 2161/2362/2161
f 2389/2624/2389 2175/2379/2175 2388/2625/2388
f 2175/2379/2175 2389/2624/2389 2176/2378/2176
f 2175/2379/2175 2179/2384/2179 2388/2625/2388
f 2413/2653/2413 2162/2363/2162 2385/2621/2385
f 2384/2620/2384 2413/2653/2413 2385/2621/2385
f 2162/2363/2162 2413/2653/2413 2415/2654/2415
f 2348/2575/2348 2413/2653/2413 2414/2655/2414
f 2413/2653/2413 2384/2620/2384 2414/2655/2414
f 2415/2654/2415 2413/2653/2413 2348/2575/2348
f 2415/2654/2415 2152/2353/2152 2162/2363/2162
f 2415/2654/2415 2348/2575/2348 2148/2350/2148
f 2152/2353/2152 2415/2654/2415 2148/2350/2148
f 2414/2655/2414 2384/2620/2384 2354/2581/2354
f 2354/2581/2354 2349/2576/2349 2414/2655/2414
f 2349/2576/2349 2348/2575/2348 2414/2655/2414
f 2359/2586/2359 2358/2585/2358 2367/2618/2367
f 2416/2656/2416 2356/2582/2356 2362/2588/2362
f 2416/2656/2416 2362/2588/2362 2331/2558/2331
f 2416/2656/2416 2331/2558/2331 2330/2557/2330
f 2416/2656/2416 2330/2557/2330 2335/2562/2335
f 2335/2562/2335 2356/2582/2356 2416/2656/2416
f 2358/2585/2358 2353/2580/2353 2354/2581/2354
f 2335/2562/2335 2351/2577/2351 2356/2582/2356
f 2150/2351/2150 2148/2350/2148 2348/2575/2348
f 689/722/689 2342/2568/2342 693/728/693
f 643/677/643 2342/2568/2342 689/722/689
f 2342/2568/2342 694/727/694 693/728/693
f 692/726/692 694/727/694 2336/2561/2336
f 692/726/692 2336/2561/2336 696/729/696
f 2327/2553/2327 2417/2657/2417 2328/2554/2328
f 2417/2657/2417 711/742/711 2328/2554/2328
f 711/742/711 709/743/709 2328/2554/2328
f 2417/2658/2417 2327/2659/2327 2313/2534/2313
f 2417/2658/2417 714/751/714 711/750/711
f 2417/2658/2417 2313/2534/2313 714/751/714
f 2325/2551/2325 2313/2534/2313 2327/2659/2327
f 2325/2551/2325 2316/2537/2316 2312/2533/2312
f 2325/2551/2325 2312/2533/2312 2313/2534/2313
f 2321/2544/2321 2324/2549/2324 2319/2542/2319
f 2298/2520/2298 2300/2519/2300 2227/2432/2227
f 2300/2519/2300 2224/2430/2224 2227/2432/2227
f 2292/2514/2292 2298/2520/2298 2293/2515/2293
f 2293/2515/2293 2298/2520/2298 2227/2432/2227
f 730/766/730 2296/2516/2296 731/767/731
f 2296/2516/2296 730/766/730 2295/2517/2295
f 2289/2510/2289 2418/2660/2418 2296/2516/2296
f 2296/2516/2296 2418/2660/2418 731/767/731
f 2418/2661/2418 2289/2511/2289 2287/2504/2287
f 737/774/737 2418/2660/2418 2419/2662/2419
f 2419/2663/2419 2418/2661/2418 2420/2664/2420
f 2420/2664/2420 2418/2661/2418 2287/2504/2287
f 731/767/731 2418/2660/2418 737/774/737
f 2419/2663/2419 2420/2664/2420 2422/2665/2422
f 2287/2504/2287 2421/2666/2421 2420/2664/2420
f 2420/2664/2420 2421/2666/2421 2422/2665/2422
f 2423/2667/2423 2422/2665/2422 2429/2668/2429
f 2423/2667/2423 2424/2669/2424 2422/2665/2422
f 2424/2669/2424 2419/2663/2419 2422/2665/2422
f 2422/2665/2422 2421/2666/2421 2428/2670/2428
f 2422/2665/2422 2428/2670/2428 2425/2671/2425
f 2422/2665/2422 2425/2671/2425 2426/2672/2426
f 2422/2665/2422 2426/2672/2426 2427/2673/2427
f 2422/2665/2422 2427/2673/2427 2429/2668/2429
f 1021/1080/1021 2429/2668/2429 2431/2674/2431
f 1021/1079/1021 2430/2675/2430 2429/2676/2429
f 2430/2675/2430 2432/2677/2432 2429/2676/2429
f 2429/2676/2429 2432/2677/2432 2423/2678/2423
f 2431/2674/2431 2429/2668/2429 2427/2673/2427
f 2432/2677/2432 2433/2679/2433 2434/2680/2434
f 2433/2679/2433 2432/2677/2432 2430/2675/2430
f 2432/2677/2432 2434/2680/2434 2423/2678/2423
f 2435/2681/2435 2434/2680/2434 2433/2679/2433
f 2435/2681/2435 740/777/740 2434/2680/2434
f 2434/2680/2434 740/777/740 736/773/736
f 2434/2680/2434 736/773/736 2423/2678/2423
f 2435/2681/2435 739/775/739 740/777/740
f 739/775/739 2435/2681/2435 747/783/747
f 747/783/747 2435/2681/2435 2433/2679/2433
f 1018/1074/1018 2433/2679/2433 2430/2675/2430
f 1018/1074/1018 748/784/748 2433/2679/2433
f 747/783/747 2433/2679/2433 748/784/748
f 2427/2673/2427 2436/2682/2436 2431/2674/2431
f 2431/2674/2431 1023/1081/1023 1021/1080/1021
f 2436/2682/2436 1023/1081/1023 2431/2674/2431
f 1023/1081/1023 2436/2682/2436 2437/2683/2437
f 2427/2673/2427 2437/2683/2437 2436/2682/2436
f 2437/2683/2437 1033/1091/1033 1023/1081/1023
f 1036/1092/1036 1033/1091/1033 2437/2683/2437
f 2427/2673/2427 1039/1096/1039 2437/2683/2437
f 1036/1092/1036 2437/2683/2437 1039/1096/1039
f 1020/1078/1020 2430/2675/2430 1021/1079/1021
f 2430/2675/2430 1020/1078/1020 1018/1074/1018
f 1042/1099/1042 2425/2671/2425 2428/2670/2428
f 2428/2670/2428 1049/1107/1049 1042/1099/1042
f 2421/2666/2421 1049/1107/1049 2428/2670/2428
f 2427/2673/2427 2426/2672/2426 1043/1101/1043
f 1039/1096/1039 2427/2673/2427 1043/1101/1043
f 2426/2672/2426 2425/2671/2425 1043/1101/1043
f 2425/2671/2425 1042/1099/1042 1041/1100/1041
f 2425/2671/2425 1041/1100/1041 1043/1101/1043
f 736/773/736 2424/2684/2424 2423/2678/2423
f 736/773/736 2419/2662/2419 2424/2684/2424
f 2287/2504/2287 2438/2685/2438 2421/2666/2421
f 2421/2666/2421 2438/2685/2438 1049/1107/1049
f 2282/2686/2282 2438/2685/2438 2285/2503/2285
f 2438/2685/2438 2282/2686/2282 1049/1107/1049
f 2287/2504/2287 2285/2503/2285 2438/2685/2438
f 2419/2662/2419 736/773/736 737/774/737
f 2439/2687/2439 2293/2515/2293 2227/2432/2227
f 2290/2512/2290 2293/2515/2293 2439/2687/2439
f 2227/2432/2227 2226/2434/2226 2439/2687/2439
f 2290/2512/2290 2439/2687/2439 2440/2688/2440
f 2440/2688/2440 2439/2687/2439 2226/2434/2226
f 2440/2688/2440 2226/2434/2226 2230/2437/2230
f 2440/2689/2440 2230/2440/2230 2278/2493/2278
f 2279/2494/2279 2440/2689/2440 2278/2493/2278
f 2440/2689/2440 2284/2500/2284 2290/2507/2290
f 2284/2500/2284 2440/2689/2440 2279/2494/2279
f 2282/2686/2282 1050/1108/1050 1049/1107/1049
f 2200/2407/2200 2190/2397/2190 2197/2404/2197
f 2190/2397/2190 2189/2396/2189 2197/2404/2197
f 2193/2399/2193 2092/2284/2092 2089/2280/2089
f 2441/2690/2441 2178/2382/2178 2100/2296/2100
f 2178/2382/2178 2441/2690/2441 2092/2284/2092
f 2102/2297/2102 2100/2296/2100 2178/2382/2178
f 2096/2291/2096 2441/2690/2441 2100/2296/2100
f 2092/2284/2092 2441/2690/2441 2096/2291/2096
f 2160/2652/2160 2172/2375/2172 2176/2378/2176
f 2172/2375/2172 2160/2652/2160 2159/2376/2159
f 2134/2335/2134 2133/2334/2133 2154/2354/2154
f 2141/2341/2141 2134/2335/2134 2154/2354/2154
f 2136/2336/2136 2137/2338/2137 2442/2691/2442
f 2443/2692/2443 2442/2691/2442 2137/2338/2137
f 626/659/626 2443/2692/2443 2137/2338/2137
f 627/661/627 626/659/626 2137/2338/2137
f 610/644/610 2443/2692/2443 617/650/617
f 2443/2692/2443 626/659/626 617/650/617
f 610/644/610 2445/2693/2445 2443/2692/2443
f 2443/2692/2443 2444/2694/2444 2442/2691/2442
f 2443/2692/2443 2445/2693/2445 2444/2694/2444
f 610/644/610 587/618/587 2445/2693/2445
f 2445/2693/2445 585/619/585 2444/2694/2444
f 585/619/585 2445/2693/2445 587/618/587
f 2444/2694/2444 586/620/586 2446/2695/2446
f 586/620/586 2444/2694/2444 585/619/585
f 2444/2694/2444 2446/2695/2446 2442/2691/2442
f 2446/2695/2446 2447/2696/2447 2442/2691/2442
f 2447/2696/2447 2446/2695/2446 586/620/586
f 2447/2696/2447 2449/2697/2449 2448/2698/2448
f 2450/2699/2450 2447/2696/2447 2448/2698/2448
f 2449/2697/2449 2447/2696/2447 586/620/586
f 2442/2691/2442 2447/2696/2447 2451/2700/2451
f 2450/2699/2450 2451/2700/2451 2447/2696/2447
f 2451/2700/2451 2128/2329/2128 2129/2328/2129
f 2451/2700/2451 2452/2701/2452 2128/2329/2128
f 2452/2701/2452 2451/2700/2451 2450/2699/2450
f 2136/2336/2136 2451/2700/2451 2129/2328/2129
f 2451/2700/2451 2136/2336/2136 2442/2691/2442
f 2452/2701/2452 2121/2318/2121 2128/2329/2128
f 2452/2701/2452 2450/2699/2450 2453/2702/2453
f 2453/2702/2453 2121/2318/2121 2452/2701/2452
f 2121/2318/2121 2453/2702/2453 2455/2703/2455
f 2448/2698/2448 2454/2704/2454 2453/2702/2453
f 2453/2702/2453 2454/2704/2454 2455/2703/2455
f 2448/2698/2448 2453/2702/2453 2450/2699/2450
f 2455/2703/2455 2454/2704/2454 2456/2705/2456
f 2457/2706/2457 2455/2703/2455 2456/2705/2456
f 2121/2318/2121 2455/2703/2455 2458/2707/2458
f 2458/2707/2458 2455/2703/2455 2457/2706/2457
f 2459/2708/2459 2458/2707/2458 2457/2706/2457
f 2460/2709/2460 2458/2707/2458 2459/2708/2459
f 2118/2319/2118 2458/2707/2458 2460/2709/2460
f 2118/2319/2118 2121/2318/2121 2458/2707/2458
f 2461/2710/2461 2117/2313/2117 2460/2711/2460
f 2460/2711/2460 2462/2712/2462 2461/2710/2461
f 2117/2313/2117 2118/2314/2118 2460/2711/2460
f 2459/2708/2459 2462/2713/2462 2460/2709/2460
f 2462/2712/2462 2463/2714/2463 2464/2715/2464
f 2463/2716/2463 2462/2713/2462 2459/2708/2459
f 2464/2715/2464 2465/2717/2465 2462/2712/2462
f 2465/2717/2465 2461/2710/2461 2462/2712/2462
f 2464/2715/2464 2466/2718/2466 2465/2717/2465
f 2113/2309/2113 2465/2717/2465 2466/2718/2466
f 2461/2710/2461 2465/2717/2465 2113/2309/2113
f 2466/2718/2466 2115/2311/2115 2113/2309/2113
f 2466/2718/2466 2468/2719/2468 2115/2311/2115
f 2464/2715/2464 2469/2720/2469 2466/2718/2466
f 2467/2721/2467 2466/2718/2466 2469/2720/2469
f 2468/2719/2468 2466/2718/2466 2467/2721/2467
f 2474/2722/2474 2470/2723/2470 2469/2720/2469
f 2470/2723/2470 2472/2724/2472 2469/2720/2469
f 2473/2725/2473 2469/2720/2469 2471/2726/2471
f 2469/2720/2469 2472/2724/2472 2471/2726/2471
f 2469/2720/2469 2473/2725/2473 2467/2721/2467
f 2469/2720/2469 2464/2715/2464 2474/2722/2474
f 2476/2727/2476 2470/2723/2470 2474/2722/2474
f 2475/2728/2475 2474/2722/2474 2463/2714/2463
f 2475/2728/2475 2476/2727/2476 2474/2722/2474
f 2474/2722/2474 2464/2715/2464 2463/2714/2463
f 2479/2729/2479 2477/2730/2477 2476/2727/2476
f 2476/2727/2476 2477/2730/2477 2478/2731/2478
f 2472/2724/2472 2476/2727/2476 2478/2731/2478
f 2476/2727/2476 2472/2724/2472 2470/2723/2470
f 2475/2728/2475 2479/2729/2479 2476/2727/2476
f 2479/2729/2479 2481/2732/2481 2480/2733/2480
f 2477/2730/2477 2479/2729/2479 2480/2733/2480
f 2479/2734/2479 2483/2735/2483 2481/2736/2481
f 2479/2734/2479 2475/2737/2475 2482/2738/2482
f 2479/2734/2479 2482/2738/2482 2483/2735/2483
f 2483/2735/2483 2482/2738/2482 2484/2739/2484
f 2485/2740/2485 2483/2735/2483 2484/2739/2484
f 2481/2736/2481 2483/2735/2483 2485/2740/2485
f 2486/2741/2486 2485/2740/2485 2484/2739/2484
f 2487/2742/2487 2485/2740/2485 2486/2741/2486
f 2487/2742/2487 2481/2736/2481 2485/2740/2485
f 2488/2743/2488 2489/2744/2489 2487/2745/2487
f 2488/2743/2488 2487/2745/2487 2490/2746/2490
f 2487/2745/2487 2489/2744/2489 2491/2747/2491
f 2490/2746/2490 2487/2745/2487 2492/2748/2492
f 2480/2733/2480 2487/2745/2487 2491/2747/2491
f 2487/2742/2487 2486/2741/2486 2492/2749/2492
f 2481/2732/2481 2487/2745/2487 2480/2733/2480
f 2490/2746/2490 2492/2748/2492 2493/2750/2493
f 2494/2751/2494 2493/2750/2493 2492/2748/2492
f 2492/2749/2492 2495/2752/2495 2494/2753/2494
f 2495/2752/2495 2492/2749/2492 2486/2741/2486
f 2495/2752/2495 2486/2741/2486 2498/2754/2498
f 2495/2752/2495 2497/2755/2497 2496/2756/2496
f 2495/2752/2495 2496/2756/2496 2494/2753/2494
f 2495/2752/2495 2498/2754/2498 2497/2755/2497
f 2500/2757/2500 2498/2754/2498 2486/2741/2486
f 2498/2754/2498 2499/2758/2499 2497/2755/2497
f 2500/2757/2500 2499/2758/2499 2498/2754/2498
f 2501/2759/2501 2500/2757/2500 2486/2741/2486
f 2500/2757/2500 2503/2760/2503 2499/2758/2499
f 2501/2759/2501 2502/2761/2502 2500/2757/2500
f 2502/2761/2502 2504/2762/2504 2500/2757/2500
f 2500/2757/2500 2504/2762/2504 2503/2760/2503
f 572/606/572 2503/2760/2503 2504/2762/2504
f 572/606/572 2504/2762/2504 571/605/571
f 2502/2761/2502 571/605/571 2504/2762/2504
f 572/606/572 2507/2763/2507 2503/2760/2503
f 2505/2764/2505 2499/2758/2499 2503/2760/2503
f 2506/2765/2506 2505/2764/2505 2503/2760/2503
f 2503/2760/2503 2507/2763/2507 2506/2765/2506
f 2508/2766/2508 2510/2767/2510 2507/2763/2507
f 2508/2766/2508 2507/2763/2507 2509/2768/2509
f 2509/2768/2509 2507/2763/2507 572/606/572
f 2507/2763/2507 2510/2767/2510 2506/2765/2506
f 2508/2766/2508 2511/2769/2511 2510/2767/2510
f 2512/2770/2512 2510/2767/2510 2511/2769/2511
f 2513/2771/2513 2510/2767/2510 2512/2770/2512
f 2506/2765/2506 2510/2767/2510 2513/2771/2513
f 2514/2772/2514 2505/2764/2505 2513/2771/2513
f 2513/2771/2513 2515/2773/2515 2514/2772/2514
f 2513/2771/2513 2512/2770/2512 2515/2773/2515
f 2506/2765/2506 2513/2771/2513 2505/2764/2505
f 2515/2773/2515 2517/2774/2517 2516/2775/2516
f 2514/2772/2514 2515/2773/2515 2516/2775/2516
f 2512/2770/2512 2517/2774/2517 2515/2773/2515
f 2519/2776/2519 2516/2775/2516 2517/2774/2517
f 2512/2770/2512 2518/2777/2518 2517/2774/2517
f 2518/2777/2518 2519/2776/2519 2517/2774/2517
f 2520/2778/2520 2519/2776/2519 2523/2779/2523
f 2520/2778/2520 2521/2780/2521 2519/2776/2519
f 2516/2775/2516 2519/2776/2519 2521/2780/2521
f 2523/2779/2523 2519/2776/2519 2522/2781/2522
f 2519/2776/2519 2524/2782/2524 2522/2781/2522
f 2519/2776/2519 2518/2777/2518 2524/2782/2524
f 2524/2782/2524 2518/2777/2518 2525/2783/2525
f 2522/2781/2522 2524/2782/2524 2525/2783/2525
f 2525/2783/2525 2518/2777/2518 2526/2784/2526
f 2528/2785/2528 2525/2783/2525 2526/2784/2526
f 2525/2783/2525 2527/2786/2527 2522/2781/2522
f 2527/2786/2527 2525/2783/2525 2528/2785/2528
f 2528/2785/2528 2526/2784/2526 543/576/543
f 2529/2787/2529 2528/2785/2528 2530/2788/2530
f 2529/2787/2529 2531/2789/2531 2528/2785/2528
f 2528/2785/2528 543/576/543 2530/2788/2530
f 2532/2790/2532 2528/2785/2528 2531/2789/2531
f 2532/2790/2532 2527/2786/2527 2528/2785/2528
f 2532/2790/2532 2535/2791/2535 2533/2792/2533
f 2533/2792/2533 2534/2793/2534 2532/2790/2532
f 2532/2790/2532 2534/2793/2534 2536/2794/2536
f 2532/2790/2532 2537/2795/2537 2535/2791/2535
f 2527/2786/2527 2532/2790/2532 2536/2794/2536
f 2532/2790/2532 2531/2789/2531 2537/2795/2537
f 2538/2796/2538 2537/2795/2537 2539/2797/2539
f 2537/2795/2537 2538/2796/2538 2535/2791/2535
f 2531/2789/2531 2539/2797/2539 2537/2795/2537
f 2539/2797/2539 2540/2798/2540 2538/2796/2538
f 2541/2799/2541 2539/2797/2539 2531/2789/2531
f 2541/2799/2541 2540/2798/2540 2539/2797/2539
f 2542/2800/2542 2541/2799/2541 2543/2801/2543
f 2542/2800/2542 2540/2798/2540 2541/2799/2541
f 2543/2801/2543 2541/2799/2541 2529/2787/2529
f 2529/2787/2529 2541/2799/2541 2531/2789/2531
f 2542/2800/2542 2543/2801/2543 2544/2802/2544
f 525/558/525 2543/2801/2543 529/562/529
f 529/562/529 2543/2801/2543 533/566/533
f 525/558/525 2544/2802/2544 2543/2801/2543
f 533/566/533 2543/2801/2543 2529/2787/2529
f 2545/2803/2545 2542/2800/2542 2544/2802/2544
f 2545/2803/2545 2544/2802/2544 525/558/525
f 2546/2804/2546 2540/2798/2540 2545/2803/2545
f 527/560/527 2546/2804/2546 2545/2803/2545
f 527/560/527 2545/2803/2545 525/558/525
f 2545/2803/2545 2540/2798/2540 2542/2800/2542
f 2546/2804/2546 527/560/527 2547/2805/2547
f 2547/2805/2547 2548/2806/2548 2546/2804/2546
f 2548/2806/2548 2549/2807/2549 2546/2804/2546
f 2540/2798/2540 2546/2804/2546 2549/2807/2549
f 2549/2807/2549 2550/2808/2550 2538/2796/2538
f 2549/2807/2549 2538/2796/2538 2540/2798/2540
f 2550/2808/2550 2549/2807/2549 2548/2806/2548
f 2550/2808/2550 2551/2809/2551 2553/2810/2553
f 2550/2808/2550 2552/2811/2552 2551/2809/2551
f 2552/2811/2552 2550/2808/2550 2555/2812/2555
f 2548/2806/2548 2555/2812/2555 2550/2808/2550
f 2550/2808/2550 2553/2810/2553 2554/2813/2554
f 2550/2808/2550 2554/2813/2554 2538/2796/2538
f 2555/2812/2555 2556/2814/2556 2552/2811/2552
f 2548/2806/2548 2556/2814/2556 2555/2812/2555
f 2556/2815/2556 2557/2816/2557 2552/2817/2552
f 2557/2816/2557 2556/2815/2556 2558/2818/2558
f 488/515/488 2558/2819/2558 2556/2814/2556
f 488/515/488 2556/2814/2556 2547/2805/2547
f 2547/2805/2547 2556/2814/2556 2548/2806/2548
f 2558/2818/2558 2559/2820/2559 2557/2816/2557
f 2560/2821/2560 2559/2820/2559 2558/2818/2558
f 2560/2822/2560 2558/2819/2558 488/515/488
f 2559/2820/2559 2560/2821/2560 479/505/479
f 486/513/486 480/2823/480 2560/2822/2560
f 2560/2821/2560 480/506/480 479/505/479
f 486/513/486 2560/2822/2560 488/515/488
f 2561/2824/2561 2559/2820/2559 479/505/479
f 2559/2820/2559 2561/2824/2561 2562/2825/2562
f 2559/2820/2559 2562/2825/2562 2557/2816/2557
f 2557/2816/2557 2562/2825/2562 2563/2826/2563
f 2563/2826/2563 2562/2825/2562 2564/2827/2564
f 2561/2824/2561 2564/2827/2564 2562/2825/2562
f 2563/2826/2563 2564/2827/2564 2565/2828/2565
f 2564/2827/2564 2561/2824/2561 473/499/473
f 2564/2827/2564 473/499/473 2566/2829/2566
f 2565/2828/2565 2564/2827/2564 2566/2829/2566
f 473/499/473 2567/2830/2567 2566/2829/2566
f 2566/2829/2566 2568/2831/2568 2565/2828/2565
f 2569/2832/2569 2566/2829/2566 2567/2830/2567
f 2566/2829/2566 2569/2832/2569 2568/2831/2568
f 463/489/463 2569/2832/2569 2567/2830/2567
f 2574/2833/2574 2568/2831/2568 2569/2832/2569
f 2569/2832/2569 2571/2834/2571 2570/2835/2570
f 2574/2833/2574 2569/2832/2569 2570/2835/2570
f 2571/2834/2571 2569/2832/2569 2572/2836/2572
f 2573/2837/2573 2569/2832/2569 463/489/463
f 2572/2836/2572 2569/2832/2569 2573/2837/2573
f 2568/2831/2568 2574/2833/2574 2575/2838/2575
f 2574/2833/2574 2576/2839/2576 2575/2838/2575
f 2570/2835/2570 2576/2839/2576 2574/2833/2574
f 2576/2839/2576 2577/2840/2577 2575/2838/2575
f 2579/2841/2579 2577/2842/2577 2576/2843/2576
f 2576/2839/2576 2570/2835/2570 2578/2844/2578
f 2579/2841/2579 2576/2843/2576 2578/2845/2578
f 2579/2841/2579 2578/2845/2578 2580/2846/2580
f 2580/2846/2580 2583/2847/2583 2579/2841/2579
f 2581/2848/2581 2551/2809/2551 2579/2841/2579
f 2551/2809/2551 2577/2842/2577 2579/2841/2579
f 2582/2849/2582 2581/2848/2581 2579/2841/2579
f 2583/2847/2583 2582/2849/2582 2579/2841/2579
f 2584/2850/2584 2583/2847/2583 2580/2846/2580
f 2582/2849/2582 2583/2847/2583 2584/2850/2584
f 2587/2851/2587 2584/2850/2584 2580/2846/2580
f 2585/2852/2585 2586/2853/2586 2584/2850/2584
f 2584/2850/2584 2587/2851/2587 2585/2852/2585
f 2584/2850/2584 2533/2792/2533 2582/2849/2582
f 2533/2792/2533 2584/2850/2584 2586/2853/2586
f 2580/2854/2580 2588/2855/2588 2587/2856/2587
f 2585/2857/2585 2587/2856/2587 2588/2855/2588
f 2580/2854/2580 2589/2858/2589 2588/2855/2588
f 2589/2858/2589 2590/2859/2590 2588/2855/2588
f 2593/2860/2593 2585/2857/2585 2588/2855/2588
f 2588/2855/2588 2590/2859/2590 2591/2861/2591
f 2588/2855/2588 2591/2861/2591 2592/2862/2592
f 2594/2863/2594 2588/2855/2588 2592/2862/2592
f 2588/2855/2588 2594/2863/2594 2593/2860/2593
f 2593/2860/2593 2594/2863/2594 2596/2864/2596
f 2594/2863/2594 2597/2865/2597 2595/2866/2595
f 2596/2864/2596 2594/2863/2594 2595/2866/2595
f 2597/2865/2597 2594/2863/2594 2592/2862/2592
f 2598/2867/2598 2599/2868/2599 2597/2865/2597
f 2598/2867/2598 2597/2865/2597 2600/2869/2600
f 2595/2866/2595 2597/2865/2597 2599/2868/2599
f 2600/2869/2600 2597/2865/2597 2592/2862/2592
f 2592/2862/2592 2591/2861/2591 2600/2869/2600
f 2601/2870/2601 2598/2867/2598 2600/2869/2600
f 2602/2871/2602 2601/2870/2601 2600/2869/2600
f 2591/2861/2591 2602/2871/2602 2600/2869/2600
f 2571/2834/2571 2602/2871/2602 2591/2861/2591
f 2572/2836/2572 2602/2871/2602 2571/2834/2571
f 2572/2836/2572 2573/2837/2573 2602/2871/2602
f 2573/2837/2573 2603/2872/2603 2602/2871/2602
f 2602/2871/2602 2603/2872/2603 2601/2870/2601
f 2601/2870/2601 2603/2872/2603 2604/2873/2604
f 2605/2874/2605 2603/2872/2603 2573/2837/2573
f 2604/2873/2604 2603/2872/2603 2606/2875/2606
f 2603/2872/2603 2605/2874/2605 2606/2875/2606
f 2606/2875/2606 2605/2874/2605 461/488/461
f 2606/2875/2606 2607/2876/2607 2604/2873/2604
f 2607/2876/2607 2606/2875/2606 459/484/459
f 461/488/461 459/484/459 2606/2875/2606
f 2608/2877/2608 2021/2209/2021 2607/2876/2607
f 2026/2213/2026 2607/2876/2607 2021/2209/2021
f 2607/2876/2607 457/483/457 2608/2877/2608
f 457/483/457 2607/2876/2607 459/484/459
f 2026/2213/2026 2604/2873/2604 2607/2876/2607
f 2608/2877/2608 2004/2191/2004 2018/2207/2018
f 2018/2207/2018 2021/2209/2021 2608/2877/2608
f 2608/2877/2608 457/483/457 2001/2188/2001
f 2004/2191/2004 2608/2877/2608 2001/2188/2001
f 461/488/461 2605/2874/2605 2573/2837/2573
f 2604/2873/2604 2025/2215/2025 2601/2870/2601
f 2026/2213/2026 2025/2215/2025 2604/2873/2604
f 2598/2867/2598 2601/2870/2601 2025/2215/2025
f 2598/2867/2598 2609/2878/2609 2599/2868/2599
f 2599/2868/2599 2609/2878/2609 2028/2216/2028
f 2610/2879/2610 2595/2866/2595 2599/2868/2599
f 2599/2868/2599 2611/2880/2611 2610/2879/2610
f 2611/2880/2611 2599/2868/2599 2032/2220/2032
f 2032/2220/2032 2599/2868/2599 2028/2216/2028
f 2032/2220/2032 2612/2881/2612 2611/2880/2611
f 2612/2881/2612 2610/2879/2610 2611/2880/2611
f 2610/2879/2610 2612/2881/2612 2613/2882/2613
f 2614/2883/2614 2613/2882/2613 2612/2881/2612
f 2614/2883/2614 2612/2881/2612 2615/2884/2615
f 2615/2884/2615 2612/2881/2612 2032/2220/2032
f 2615/2884/2615 2032/2220/2032 2033/2221/2033
f 2614/2883/2614 2615/2884/2615 2033/2221/2033
f 2617/2885/2617 2616/2886/2616 2614/2883/2614
f 2614/2883/2614 2616/2886/2616 2613/2882/2613
f 2617/2885/2617 2614/2883/2614 2040/2228/2040
f 2040/2228/2040 2614/2883/2614 2033/2221/2033
f 2619/2887/2619 2618/2888/2618 2617/2885/2617
f 2618/2888/2618 2620/2889/2620 2617/2885/2617
f 2620/2889/2620 2616/2886/2616 2617/2885/2617
f 2617/2885/2617 2040/2228/2040 2619/2887/2619
f 2621/2890/2621 2620/2889/2620 2623/2891/2623
f 2621/2890/2621 2622/2892/2622 2620/2889/2620
f 2620/2889/2620 2622/2892/2622 2616/2886/2616
f 2623/2891/2623 2620/2889/2620 2624/2893/2624
f 2618/2888/2618 2624/2893/2624 2620/2889/2620
f 2618/2888/2618 2619/2887/2619 2624/2893/2624
f 2625/2894/2625 2626/2895/2626 2624/2893/2624
f 2619/2887/2619 2625/2894/2625 2624/2893/2624
f 2623/2891/2623 2624/2893/2624 2626/2895/2626
f 2629/2896/2629 2626/2897/2626 2627/2898/2627
f 2626/2897/2626 2628/2899/2628 2627/2898/2627
f 2630/2900/2630 2628/2899/2628 2626/2897/2626
f 2630/2901/2630 2626/2895/2626 2625/2894/2625
f 2626/2897/2626 2629/2896/2629 2623/2902/2623
f 2630/2900/2630 2633/2903/2633 2628/2899/2628
f 2630/2900/2630 2631/2904/2631 2633/2903/2633
f 2631/2904/2631 2630/2900/2630 2632/2905/2632
f 2630/2901/2630 2625/2894/2625 2632/2906/2632
f 2634/2907/2634 2628/2899/2628 2633/2903/2633
f 2633/2903/2633 2635/2908/2635 2634/2907/2634
f 2635/2908/2635 2633/2903/2633 2631/2904/2631
f 2636/2909/2636 2635/2908/2635 2637/2910/2637
f 2636/2909/2636 2634/2907/2634 2635/2908/2635
f 2638/2911/2638 2637/2910/2637 2635/2908/2635
f 2631/2904/2631 2638/2911/2638 2635/2908/2635
f 2638/2911/2638 2639/2912/2639 2637/2910/2637
f 2631/2904/2631 2639/2912/2639 2638/2911/2638
f 2639/2912/2639 2631/2904/2631 2640/2913/2640
f 2642/2914/2642 2639/2912/2639 2640/2913/2640
f 2641/2915/2641 2637/2910/2637 2639/2912/2639
f 2639/2912/2639 2642/2914/2642 2641/2915/2641
f 2643/2916/2643 2641/2915/2641 2642/2914/2642
f 2644/2917/2644 2643/2916/2643 2642/2914/2642
f 2640/2913/2640 2644/2917/2644 2642/2914/2642
f 2042/2918/2042 2645/2919/2645 2644/2917/2644
f 2049/2259/2049 2644/2917/2644 2645/2919/2645
f 2049/2259/2049 2066/2258/2066 2644/2917/2644
f 2066/2258/2066 2643/2916/2643 2644/2917/2644
f 2042/2918/2042 2644/2917/2644 2640/2913/2640
f 2645/2920/2645 2042/2231/2042 2044/2230/2044
f 2645/2920/2645 2044/2230/2044 2049/2237/2049
f 2070/2263/2070 2646/2921/2646 2643/2916/2643
f 2643/2916/2643 2066/2258/2066 2070/2263/2070
f 2646/2921/2646 2641/2915/2641 2643/2916/2643
f 2647/2922/2647 2641/2915/2641 2646/2921/2646
f 2072/2265/2072 2646/2921/2646 2070/2263/2070
f 2646/2921/2646 2072/2265/2072 2074/2266/2074
f 2648/2923/2648 2647/2922/2647 2646/2921/2646
f 2074/2266/2074 2648/2923/2648 2646/2921/2646
f 2648/2923/2648 2650/2924/2650 2649/2925/2649
f 2647/2922/2647 2648/2923/2648 2649/2925/2649
f 2074/2266/2074 2650/2924/2650 2648/2923/2648
f 2074/2266/2074 2076/2267/2076 2650/2924/2650
f 2652/2926/2652 2650/2924/2650 2076/2267/2076
f 2652/2926/2652 2651/2927/2651 2650/2924/2650
f 2650/2924/2650 2651/2927/2651 2649/2925/2649
f 2081/2274/2081 2652/2926/2652 2076/2267/2076
f 2652/2926/2652 2081/2274/2081 2653/2928/2653
f 2652/2926/2652 2653/2928/2653 2654/2929/2654
f 2652/2926/2652 2654/2929/2654 2651/2927/2651
f 2651/2927/2651 2654/2929/2654 2657/2930/2657
f 2653/2928/2653 2655/2931/2655 2654/2929/2654
f 2655/2932/2655 2656/2933/2656 2654/2934/2654
f 2656/2933/2656 2657/2935/2657 2654/2934/2654
f 2660/2936/2660 2658/2937/2658 2657/2935/2657
f 2657/2930/2657 2658/2938/2658 2659/2939/2659
f 2651/2927/2651 2657/2930/2657 2659/2939/2659
f 2657/2935/2657 2661/2940/2661 2660/2936/2660
f 2657/2935/2657 2656/2933/2656 2661/2940/2661
f 2660/2936/2660 2661/2940/2661 2663/2941/2663
f 2662/2942/2662 2661/2940/2661 2656/2933/2656
f 2661/2940/2661 2662/2942/2662 2663/2941/2663
f 2660/2936/2660 2663/2941/2663 2669/2943/2669
f 2664/2944/2664 2663/2941/2663 2668/2945/2668
f 2663/2941/2663 2664/2944/2664 2669/2943/2669
f 2663/2941/2663 2667/2946/2667 2665/2947/2665
f 2665/2947/2665 2668/2945/2668 2663/2941/2663
f 2666/2948/2666 2663/2941/2663 2662/2942/2662
f 2666/2948/2666 2667/2946/2667 2663/2941/2663
f 2670/2949/2670 2669/2943/2669 2664/2944/2664
f 2669/2943/2669 2670/2949/2670 2671/2950/2671
f 2669/2951/2669 2671/2952/2671 2672/2953/2672
f 2669/2943/2669 2658/2937/2658 2660/2936/2660
f 2672/2953/2672 2658/2938/2658 2669/2951/2669
f 2636/2909/2636 2672/2953/2672 2673/2954/2673
f 2672/2953/2672 2671/2952/2671 2673/2954/2673
f 2659/2939/2659 2658/2938/2658 2672/2953/2672
f 2659/2939/2659 2672/2953/2672 2674/2955/2674
f 2672/2953/2672 2636/2909/2636 2674/2955/2674
f 2636/2909/2636 2637/2910/2637 2674/2955/2674
f 2659/2939/2659 2674/2955/2674 2649/2925/2649
f 2674/2955/2674 2637/2910/2637 2649/2925/2649
f 2673/2954/2673 2671/2952/2671 2676/2956/2676
f 2636/2909/2636 2673/2954/2673 2634/2907/2634
f 2673/2954/2673 2676/2956/2676 2675/2957/2675
f 2675/2957/2675 2677/2958/2677 2673/2954/2673
f 2634/2907/2634 2673/2954/2673 2677/2958/2677
f 2675/2957/2675 2678/2959/2678 2677/2958/2677
f 2678/2959/2678 2680/2960/2680 2677/2958/2677
f 2681/2961/2681 2677/2958/2677 2679/2962/2679
f 2677/2958/2677 2680/2960/2680 2679/2962/2679
f 2677/2958/2677 2681/2961/2681 2634/2907/2634
f 2627/2898/2627 2681/2961/2681 2623/2902/2623
f 2627/2898/2627 2628/2899/2628 2681/2961/2681
f 2682/2963/2682 2681/2961/2681 2679/2962/2679
f 2685/2964/2685 2681/2961/2681 2682/2963/2682
f 2681/2961/2681 2628/2899/2628 2634/2907/2634
f 2623/2902/2623 2681/2961/2681 2683/2965/2683
f 2681/2961/2681 2684/2966/2684 2683/2965/2683
f 2685/2964/2685 2684/2966/2684 2681/2961/2681
f 2682/2963/2682 2686/2967/2686 2685/2964/2685
f 2686/2967/2686 2684/2966/2684 2685/2964/2685
f 2690/2968/2690 2686/2967/2686 2682/2963/2682
f 2686/2967/2686 2691/2969/2691 2684/2966/2684
f 2687/2970/2687 2691/2969/2691 2686/2967/2686
f 2686/2967/2686 2688/2971/2688 2687/2970/2687
f 2689/2972/2689 2688/2971/2688 2686/2967/2686
f 2686/2967/2686 2690/2968/2690 2689/2972/2689
f 2692/2973/2692 2691/2974/2691 2694/2975/2694
f 2622/2892/2622 2691/2974/2691 2692/2973/2692
f 2691/2976/2691 2687/2977/2687 2693/2978/2693
f 2693/2978/2693 2695/2979/2695 2691/2976/2691
f 2691/2974/2691 2695/2980/2695 2694/2975/2694
f 2684/2966/2684 2691/2969/2691 2622/2981/2622
f 2593/2860/2593 2695/2980/2695 2585/2857/2585
f 2593/2860/2593 2596/2864/2596 2695/2980/2695
f 2694/2975/2694 2695/2980/2695 2596/2864/2596
f 2696/2982/2696 2585/2983/2585 2695/2979/2695
f 2693/2978/2693 2696/2982/2696 2695/2979/2695
f 2696/2982/2696 2693/2978/2693 2697/2984/2697
f 2585/2983/2585 2696/2982/2696 2697/2984/2697
f 2585/2983/2585 2697/2984/2697 2586/2985/2586
f 2586/2985/2586 2697/2984/2697 2698/2986/2698
f 2698/2986/2698 2697/2984/2697 2699/2987/2699
f 2697/2984/2697 2693/2978/2693 2699/2987/2699
f 2520/2988/2520 2699/2987/2699 2700/2989/2700
f 2700/2989/2700 2699/2987/2699 2701/2990/2701
f 2701/2990/2701 2699/2987/2699 2702/2991/2702
f 2520/2988/2520 2698/2986/2698 2699/2987/2699
f 2702/2991/2702 2699/2987/2699 2693/2978/2693
f 2688/2971/2688 2702/2992/2702 2687/2970/2687
f 2687/2977/2687 2702/2991/2702 2693/2978/2693
f 2702/2992/2702 2688/2971/2688 2689/2972/2689
f 2701/2990/2701 2702/2991/2702 2689/2993/2689
f 2701/2990/2701 2703/2994/2703 2700/2989/2700
f 2703/2994/2703 2701/2990/2701 2704/2995/2704
f 2704/2995/2704 2701/2990/2701 2689/2993/2689
f 2705/2996/2705 2703/2994/2703 2704/2995/2704
f 2708/2997/2708 2704/2995/2704 2689/2993/2689
f 2705/2996/2705 2704/2995/2704 2709/2998/2709
f 2707/2999/2707 2704/2995/2704 2706/3000/2706
f 2704/2995/2704 2708/2997/2708 2706/3000/2706
f 2707/2999/2707 2709/2998/2709 2704/2995/2704
f 2705/2996/2705 2709/2998/2709 2710/3001/2710
f 2710/3001/2710 2709/2998/2709 2707/2999/2707
f 2713/3002/2713 2710/3001/2710 2711/3003/2711
f 2711/3003/2711 2710/3001/2710 2707/2999/2707
f 2714/3004/2714 2710/3001/2710 2712/3005/2712
f 2712/3005/2712 2710/3001/2710 2713/3002/2713
f 2705/2996/2705 2710/3001/2710 2714/3004/2714
f 2714/3004/2714 2715/3006/2715 2705/2996/2705
f 2715/3006/2715 2714/3004/2714 2716/3007/2716
f 2712/3005/2712 2716/3007/2716 2714/3004/2714
f 2715/3008/2715 2716/3009/2716 2718/3010/2718
f 2717/3011/2717 2718/3010/2718 2716/3009/2716
f 2712/3005/2712 2717/3012/2717 2716/3007/2716
f 2520/2778/2520 2715/3008/2715 2718/3010/2718
f 2719/3013/2719 2718/3010/2718 2717/3011/2717
f 2718/3010/2718 2719/3013/2719 2720/3014/2720
f 2720/3014/2720 2521/2780/2521 2718/3010/2718
f 2520/2778/2520 2718/3010/2718 2521/2780/2521
f 2514/2772/2514 2516/2775/2516 2720/3014/2720
f 2521/2780/2521 2720/3014/2720 2516/2775/2516
f 2514/2772/2514 2720/3014/2720 2719/3013/2719
f 2722/3015/2722 2719/3013/2719 2721/3016/2721
f 2719/3013/2719 2717/3011/2717 2721/3016/2721
f 2514/2772/2514 2719/3013/2719 2722/3015/2722
f 2725/3017/2725 2722/3015/2722 2721/3016/2721
f 2722/3015/2722 2723/3018/2723 2514/2772/2514
f 2722/3015/2722 2496/2756/2496 2723/3018/2723
f 2724/3019/2724 2496/2756/2496 2722/3015/2722
f 2722/3015/2722 2725/3017/2725 2724/3019/2724
f 2713/3002/2713 2725/3020/2725 2721/3021/2721
f 2725/3020/2725 2713/3002/2713 2726/3022/2726
f 2726/3022/2726 2727/3023/2727 2725/3020/2725
f 2725/3020/2725 2727/3023/2727 2724/3024/2724
f 2728/3025/2728 2727/3023/2727 2726/3022/2726
f 2727/3023/2727 2728/3025/2728 2729/3026/2729
f 2730/3027/2730 2727/3023/2727 2729/3026/2729
f 2730/3027/2730 2724/3024/2724 2727/3023/2727
f 2731/3028/2731 2730/3027/2730 2729/3026/2729
f 2733/3029/2733 2724/3024/2724 2730/3027/2730
f 2730/3027/2730 2731/3028/2731 2732/3030/2732
f 2494/2751/2494 2730/3027/2730 2732/3030/2732
f 2494/2751/2494 2733/3029/2733 2730/3027/2730
f 2733/3031/2733 2496/2756/2496 2724/3019/2724
f 2496/2756/2496 2733/3031/2733 2494/2753/2494
f 2494/2751/2494 2732/3030/2732 2493/2750/2493
f 2493/2750/2493 2732/3030/2732 2731/3028/2731
f 2731/3028/2731 2729/3026/2729 2734/3032/2734
f 2731/3028/2731 2734/3032/2734 2668/2945/2668
f 2665/2947/2665 2731/3028/2731 2668/2945/2668
f 2493/2750/2493 2731/3028/2731 2665/2947/2665
f 2734/3032/2734 2729/3026/2729 2664/2944/2664
f 2734/3032/2734 2664/2944/2664 2668/2945/2668
f 2729/3026/2729 2728/3025/2728 2664/2944/2664
f 2728/3025/2728 2726/3022/2726 2735/3033/2735
f 2735/3033/2735 2736/3034/2736 2728/3025/2728
f 2670/2949/2670 2664/2944/2664 2728/3025/2728
f 2670/2949/2670 2728/3025/2728 2736/3034/2736
f 2670/2949/2670 2736/3034/2736 2737/3035/2737
f 2737/3035/2737 2736/3034/2736 2738/3036/2738
f 2726/3022/2726 2711/3003/2711 2736/3034/2736
f 2711/3003/2711 2738/3036/2738 2736/3034/2736
f 2735/3033/2735 2726/3022/2726 2736/3034/2736
f 2739/3037/2739 2737/3035/2737 2738/3036/2738
f 2707/2999/2707 2739/3037/2739 2738/3036/2738
f 2738/3036/2738 2711/3003/2711 2707/2999/2707
f 2737/3038/2737 2739/3039/2739 2740/3040/2740
f 2740/3040/2740 2739/3039/2739 2706/3041/2706
f 2707/2999/2707 2706/3000/2706 2739/3037/2739
f 2706/3041/2706 2741/3042/2741 2740/3040/2740
f 2741/3042/2741 2680/2960/2680 2740/3040/2740
f 2737/3038/2737 2740/3040/2740 2678/2959/2678
f 2740/3040/2740 2680/2960/2680 2678/2959/2678
f 2741/3042/2741 2706/3041/2706 2708/3043/2708
f 2690/2968/2690 2741/3042/2741 2708/3043/2708
f 2680/2960/2680 2741/3042/2741 2690/2968/2690
f 2675/2957/2675 2737/3038/2737 2678/2959/2678
f 2675/2957/2675 2676/2956/2676 2737/3038/2737
f 2676/3044/2676 2670/2949/2670 2737/3035/2737
f 2726/3022/2726 2713/3002/2713 2711/3003/2711
f 2723/3018/2723 2505/2764/2505 2514/2772/2514
f 2723/3018/2723 2496/2756/2496 2497/2755/2497
f 2497/2755/2497 2505/2764/2505 2723/3018/2723
f 2713/3002/2713 2721/3021/2721 2712/3005/2712
f 2717/3012/2717 2712/3005/2712 2721/3021/2721
f 2715/3006/2715 2520/2988/2520 2700/2989/2700
f 2715/3006/2715 2700/2989/2700 2703/2994/2703
f 2703/2994/2703 2705/2996/2705 2715/3006/2715
f 2689/2972/2689 2690/2968/2690 2708/3043/2708
f 2536/2794/2536 2534/2793/2534 2698/3045/2698
f 2536/2794/2536 2698/3045/2698 2520/2778/2520
f 2698/3045/2698 2534/2793/2534 2586/2853/2586
f 2692/2973/2692 2694/2975/2694 2742/3046/2742
f 2596/2864/2596 2742/3046/2742 2694/2975/2694
f 2610/2879/2610 2742/3046/2742 2596/2864/2596
f 2610/2879/2610 2743/3047/2743 2742/3046/2742
f 2742/3046/2742 2743/3047/2743 2692/2973/2692
f 2616/2886/2616 2743/3047/2743 2613/2882/2613
f 2744/3048/2744 2743/3047/2743 2616/2886/2616
f 2692/2973/2692 2743/3047/2743 2744/3048/2744
f 2613/2882/2613 2743/3047/2743 2610/2879/2610
f 2744/3048/2744 2622/2892/2622 2692/2973/2692
f 2622/2892/2622 2744/3048/2744 2616/2886/2616
f 2679/2962/2679 2690/2968/2690 2682/2963/2682
f 2679/2962/2679 2680/2960/2680 2690/2968/2690
f 2683/2965/2683 2684/2966/2684 2621/3049/2621
f 2621/3049/2621 2684/2966/2684 2622/2981/2622
f 2683/2965/2683 2621/3049/2621 2623/2902/2623
f 2671/2950/2671 2670/2949/2670 2676/3044/2676
f 2491/2747/2491 2667/2946/2667 2666/2948/2666
f 2489/2744/2489 2667/2946/2667 2491/2747/2491
f 2665/2947/2665 2667/2946/2667 2489/2744/2489
f 2666/2948/2666 2662/2942/2662 2745/3050/2745
f 2491/2747/2491 2666/2948/2666 2745/3050/2745
f 2747/3051/2747 2745/3050/2745 2746/3052/2746
f 2748/3053/2748 2746/3052/2746 2745/3050/2745
f 2747/3051/2747 2478/2731/2478 2745/3050/2745
f 2478/2731/2478 2491/2747/2491 2745/3050/2745
f 2745/3050/2745 2662/2942/2662 2748/3053/2748
f 2748/3053/2748 2655/2932/2655 2749/3054/2749
f 2656/2933/2656 2655/2932/2655 2748/3053/2748
f 2662/2942/2662 2656/2933/2656 2748/3053/2748
f 2749/3054/2749 2746/3052/2746 2748/3053/2748
f 2750/3055/2750 2746/3052/2746 2749/3054/2749
f 2749/3054/2749 2752/3056/2752 2750/3055/2750
f 2751/3057/2751 2753/3058/2753 2749/3059/2749
f 2751/3057/2751 2749/3059/2749 2655/2931/2655
f 2752/3060/2752 2749/3059/2749 2753/3058/2753
f 2753/3058/2753 2751/3057/2751 2083/2275/2083
f 2752/3060/2752 2753/3058/2753 2085/2277/2085
f 2085/2277/2085 2753/3058/2753 2083/2275/2083
f 2754/3061/2754 2752/3056/2752 2755/3062/2755
f 2750/3055/2750 2752/3056/2752 2754/3061/2754
f 2752/3060/2752 2085/2277/2085 2088/2281/2088
f 2755/3063/2755 2752/3060/2752 2088/2281/2088
f 2094/2289/2094 2756/3064/2756 2755/3062/2755
f 2088/2281/2088 2094/2286/2094 2755/3063/2755
f 2754/3061/2754 2755/3062/2755 2756/3064/2756
f 2754/3061/2754 2756/3064/2756 2757/3065/2757
f 2756/3064/2756 2468/2719/2468 2757/3065/2757
f 2756/3064/2756 2094/2289/2094 2110/2307/2110
f 2110/2307/2110 2468/2719/2468 2756/3064/2756
f 2757/3065/2757 2759/3066/2759 2754/3061/2754
f 2468/2719/2468 2467/2721/2467 2757/3065/2757
f 2758/3067/2758 2757/3065/2757 2467/2721/2467
f 2759/3066/2759 2757/3065/2757 2758/3067/2758
f 2759/3066/2759 2471/2726/2471 2750/3055/2750
f 2758/3067/2758 2471/2726/2471 2759/3066/2759
f 2759/3066/2759 2750/3055/2750 2754/3061/2754
f 2758/3067/2758 2473/2725/2473 2471/2726/2471
f 2758/3067/2758 2467/2721/2467 2473/2725/2473
f 2083/2275/2083 2751/3057/2751 2080/2273/2080
f 2751/3057/2751 2081/2274/2081 2080/2273/2080
f 2751/3057/2751 2653/2928/2653 2081/2274/2081
f 2751/3057/2751 2655/2931/2655 2653/2928/2653
f 2746/3052/2746 2750/3055/2750 2471/2726/2471
f 2747/3051/2747 2746/3052/2746 2471/2726/2471
f 2747/3051/2747 2472/2724/2472 2478/2731/2478
f 2471/2726/2471 2472/2724/2472 2747/3051/2747
f 2493/2750/2493 2665/2947/2665 2760/3068/2760
f 2489/2744/2489 2760/3068/2760 2665/2947/2665
f 2760/3068/2760 2488/2743/2488 2493/2750/2493
f 2489/2744/2489 2488/2743/2488 2760/3068/2760
f 2651/2927/2651 2659/2939/2659 2649/2925/2649
f 2649/2925/2649 2637/2910/2637 2647/2922/2647
f 2637/2910/2637 2641/2915/2641 2647/2922/2647
f 2640/2913/2640 2045/3069/2045 2042/2918/2042
f 2045/3069/2045 2640/2913/2640 2631/2904/2631
f 2632/2906/2632 2625/2894/2625 2043/2233/2043
f 2043/2233/2043 2045/2232/2045 2632/2906/2632
f 2632/2905/2632 2045/3069/2045 2631/2904/2631
f 2629/2896/2629 2627/2898/2627 2623/2902/2623
f 2043/2233/2043 2625/2894/2625 2761/3070/2761
f 2761/3070/2761 2625/2894/2625 2619/2887/2619
f 2761/3070/2761 2036/2225/2036 2043/2233/2043
f 2036/2225/2036 2761/3070/2761 2037/2226/2037
f 2761/3070/2761 2619/2887/2619 2037/2226/2037
f 2037/2226/2037 2619/2887/2619 2040/2228/2040
f 2610/2879/2610 2596/2864/2596 2595/2866/2595
f 2025/2215/2025 2609/2878/2609 2598/2867/2598
f 2025/2215/2025 2028/2216/2028 2609/2878/2609
f 2591/2861/2591 2590/2859/2590 2571/2834/2571
f 2571/2834/2571 2590/2859/2590 2570/2835/2570
f 2578/2844/2578 2590/2859/2590 2589/2858/2589
f 2570/2835/2570 2590/2859/2590 2578/2844/2578
f 2580/2854/2580 2578/2844/2578 2589/2858/2589
f 2534/2793/2534 2533/2792/2533 2586/2853/2586
f 2582/2849/2582 2535/2791/2535 2581/2848/2581
f 2582/2849/2582 2533/2792/2533 2535/2791/2535
f 2553/2810/2553 2551/2809/2551 2581/2848/2581
f 2553/2810/2553 2581/2848/2581 2535/2791/2535
f 2551/2809/2551 2762/3071/2762 2577/2842/2577
f 2577/2840/2577 2762/3072/2762 2575/2838/2575
f 2551/2809/2551 2552/2811/2552 2762/3071/2762
f 2762/3072/2762 2552/2817/2552 2557/2816/2557
f 2557/2816/2557 2563/2826/2563 2762/3072/2762
f 2575/2838/2575 2762/3072/2762 2563/2826/2563
f 2565/2828/2565 2568/2831/2568 2575/2838/2575
f 2565/2828/2565 2575/2838/2575 2563/2826/2563
f 461/488/461 2573/2837/2573 463/489/463
f 470/496/470 464/490/464 2567/2830/2567
f 2567/2830/2567 476/500/476 470/496/470
f 463/489/463 2567/2830/2567 464/490/464
f 2567/2830/2567 473/499/473 476/500/476
f 479/505/479 474/501/474 2561/2824/2561
f 2763/3073/2763 2561/2824/2561 474/501/474
f 2763/3073/2763 473/499/473 2561/2824/2561
f 2763/3073/2763 474/501/474 473/499/473
f 2554/2813/2554 2553/2810/2553 2535/2791/2535
f 2538/2796/2538 2554/2813/2554 2535/2791/2535
f 2764/3074/2764 487/517/487 2547/2805/2547
f 2764/3074/2764 2547/2805/2547 527/560/527
f 487/517/487 488/515/488 2547/2805/2547
f 490/520/490 487/517/487 2764/3074/2764
f 490/520/490 2764/3074/2764 493/524/493
f 2764/3074/2764 521/554/521 493/524/493
f 2764/3074/2764 527/560/527 526/561/526
f 2764/3074/2764 526/561/526 521/554/521
f 2523/2779/2523 2522/2781/2522 2536/2794/2536
f 2536/2794/2536 2520/2778/2520 2523/2779/2523
f 2527/2786/2527 2536/2794/2536 2522/2781/2522
f 543/576/543 539/572/539 2530/2788/2530
f 2530/2788/2530 539/572/539 536/570/536
f 2530/2788/2530 536/570/536 2529/2787/2529
f 533/566/533 2529/2787/2529 536/570/536
f 541/575/541 543/576/543 2526/2784/2526
f 546/580/546 541/575/541 2526/2784/2526
f 2765/3075/2765 2526/2784/2526 2518/2777/2518
f 546/580/546 2526/2784/2526 2765/3075/2765
f 2518/2777/2518 2511/2769/2511 2765/3075/2765
f 546/580/546 2765/3075/2765 2766/3076/2766
f 2766/3076/2766 2765/3075/2765 2511/2769/2511
f 548/581/548 546/580/546 2766/3076/2766
f 558/591/558 548/581/548 2766/3076/2766
f 2508/2766/2508 558/591/558 2766/3076/2766
f 2508/2766/2508 2766/3076/2766 2511/2769/2511
f 2518/2777/2518 2512/2770/2512 2511/2769/2511
f 566/600/566 2509/2768/2509 572/606/572
f 2509/2768/2509 560/593/560 2508/2766/2508
f 560/593/560 2509/2768/2509 566/600/566
f 558/591/558 2508/2766/2508 560/593/560
f 2499/2758/2499 2505/2764/2505 2497/2755/2497
f 2501/2759/2501 2767/3077/2767 2502/2761/2502
f 2769/3078/2769 2502/2761/2502 2767/3077/2767
f 2768/3079/2768 2502/2761/2502 2769/3078/2769
f 2768/3079/2768 571/605/571 2502/2761/2502
f 2768/3079/2768 2769/3078/2769 580/612/580
f 580/612/580 2769/3078/2769 2770/3080/2770
f 2771/3081/2771 2770/3080/2770 2769/3078/2769
f 2771/3081/2771 2769/3078/2769 2767/3077/2767
f 2772/3082/2772 2771/3081/2771 2767/3077/2767
f 2772/3082/2772 2770/3080/2770 2771/3081/2771
f 2457/2706/2457 2456/2705/2456 2772/3082/2772
f 2457/2706/2457 2772/3082/2772 2773/3083/2773
f 2772/3082/2772 2456/2705/2456 2770/3080/2770
f 2773/3083/2773 2772/3082/2772 2482/2738/2482
f 2772/3082/2772 2767/3077/2767 2501/2759/2501
f 2484/2739/2484 2482/2738/2482 2772/3082/2772
f 2501/2759/2501 2484/2739/2484 2772/3082/2772
f 2457/2706/2457 2773/3083/2773 2459/2708/2459
f 2475/2737/2475 2463/2716/2463 2773/3083/2773
f 2482/2738/2482 2475/2737/2475 2773/3083/2773
f 2459/2708/2459 2773/3083/2773 2463/2716/2463
f 2449/2697/2449 579/613/579 2770/3080/2770
f 579/613/579 580/612/580 2770/3080/2770
f 2770/3080/2770 2454/2704/2454 2449/2697/2449
f 2456/2705/2456 2454/2704/2454 2770/3080/2770
f 571/605/571 2768/3079/2768 574/608/574
f 574/608/574 2768/3079/2768 580/612/580
f 2486/2741/2486 2484/2739/2484 2501/2759/2501
f 2490/2746/2490 2493/2750/2493 2488/2743/2488
f 2480/2733/2480 2491/2747/2491 2477/2730/2477
f 2477/2730/2477 2491/2747/2491 2478/2731/2478
f 2468/2719/2468 2110/2307/2110 2111/2306/2111
f 2115/2311/2115 2468/2719/2468 2111/2306/2111
f 2113/2309/2113 2114/2310/2114 2461/2710/2461
f 2117/2313/2117 2461/2710/2461 2114/2310/2114
f 2454/2704/2454 2448/2698/2448 2449/2697/2449
f 581/614/581 2449/2697/2449 586/620/586
f 581/614/581 579/613/579 2449/2697/2449
f 2128/2329/2128 2121/2318/2121 2122/2321/2122
f 2125/2326/2125 2107/2304/2107 2126/2327/2126
f 2125/2326/2125 2119/2315/2119 2107/2304/2107
f 2094/2289/2094 2097/2288/2097 2110/2307/2110
f 2097/2288/2097 2104/2301/2104 2110/2307/2110
f 2092/2284/2092 2096/2291/2096 2091/2283/2091
f 2062/2250/2062 2069/2261/2069 2064/2256/2064
f 2061/2249/2061 2058/2246/2058 2056/2245/2056
f 2058/2246/2058 2057/2244/2057 2056/2245/2056
f 2054/2242/2054 2052/2239/2052 2774/3084/2774
f 2774/3084/2774 1082/1144/1082 2054/2242/2054
f 2774/3084/2774 1081/1142/1081 1082/1144/1082
f 1081/1142/1081 2774/3084/2774 2052/2239/2052
f 1081/1142/1081 2052/2239/2052 1089/1150/1089
f 1092/1154/1092 1089/1150/1089 2052/2239/2052
f 2775/3085/2775 2047/2235/2047 2038/2229/2038
f 2047/2235/2047 2775/3085/2775 2776/3086/2776
f 2777/3087/2777 2047/2235/2047 2776/3086/2776
f 2777/3087/2777 1091/1152/1091 2047/2235/2047
f 2777/3087/2777 1093/1153/1093 1091/1152/1091
f 1093/1153/1093 2777/3087/2777 1097/1158/1097
f 2777/3087/2777 2776/3086/2776 1097/1158/1097
f 2776/3086/2776 2775/3085/2775 2778/3088/2778
f 2776/3086/2776 2778/3088/2778 2779/3089/2779
f 2776/3086/2776 2779/3089/2779 2780/3090/2780
f 2780/3090/2780 1097/1158/1097 2776/3086/2776
f 2780/3090/2780 2779/3089/2779 1101/1161/1101
f 2780/3090/2780 1096/1159/1096 1097/1158/1097
f 2780/3090/2780 1101/1161/1101 1096/1159/1096
f 2779/3089/2779 2778/3088/2778 2781/3091/2781
f 2779/3089/2779 2781/3091/2781 2015/2203/2015
f 2779/3089/2779 2015/2203/2015 1101/1161/1101
f 2782/3092/2782 2023/2212/2023 2781/3091/2781
f 2023/2212/2023 2015/2203/2015 2781/3091/2781
f 2782/3092/2782 2781/3091/2781 2778/3088/2778
f 2782/3092/2782 2778/3088/2778 2034/2223/2034
f 2034/2223/2034 2030/2218/2030 2782/3092/2782
f 2030/2218/2030 2023/2212/2023 2782/3092/2782
f 2034/2223/2034 2778/3088/2778 2775/3085/2775
f 2039/2224/2039 2775/3085/2775 2038/2229/2038
f 2034/2223/2034 2775/3085/2775 2039/2224/2039
f 2013/2201/2013 2019/2208/2019 2004/2191/2004
f 2018/2207/2018 2004/2191/2004 2019/2208/2019
f 1997/2184/1997 1303/1386/1303 2002/2190/2002
f 453/479/453 2001/2188/2001 457/483/457
f 453/479/453 454/481/454 2001/2188/2001
f 1998/2186/1998 454/481/454 450/478/450
f 1303/1386/1303 1997/2184/1997 1304/1387/1304
f 443/468/443 1990/2178/1990 449/475/449
f 444/471/444 1988/2175/1988 443/468/443
f 1986/2173/1986 1916/2085/1916 1914/2084/1914
f 1914/2084/1914 1912/2082/1912 1986/2173/1986
f 1920/2089/1920 1916/2085/1916 1982/2169/1982
f 1982/2169/1982 1922/2090/1922 1920/2089/1920
f 1922/2090/1922 1982/2169/1982 1974/2160/1974
f 2783/3093/2783 1970/2156/1970 1973/2158/1973
f 1973/2158/1973 2784/3094/2784 2783/3093/2783
f 404/2165/404 2784/3094/2784 1973/2158/1973
f 404/2165/404 2785/3095/2785 2784/3094/2784
f 2786/3096/2786 2783/3093/2783 2784/3094/2784
f 2785/3095/2785 2786/3096/2786 2784/3094/2784
f 2785/3095/2785 1958/2144/1958 2786/3096/2786
f 2786/3096/2786 1958/2144/1958 1962/2143/1962
f 1962/2143/1962 2783/3093/2783 2786/3096/2786
f 1958/2138/1958 2785/3097/2785 1956/2135/1956
f 1956/2135/1956 2785/3097/2785 405/428/405
f 2785/3097/2785 404/425/404 405/428/405
f 2783/3093/2783 1971/2157/1971 1970/2156/1970
f 2783/3093/2783 1962/2143/1962 1971/2157/1971
f 1967/2152/1967 1925/2094/1925 1923/2092/1923
f 405/428/405 400/423/400 1956/2135/1956
f 1956/2135/1956 400/423/400 401/422/401
f 378/400/378 1946/2126/1946 379/401/379
f 376/394/376 350/367/350 1934/2108/1934
f 1315/1401/1315 1309/1393/1309 1911/2081/1911
f 1316/1402/1316 1315/1401/1315 1907/2077/1907
f 1897/2061/1897 347/364/347 344/361/344
f 2787/3098/2787 1333/1428/1333 1254/1329/1254
f 2787/3098/2787 1329/1422/1329 1333/1428/1333
f 2787/3098/2787 1253/1330/1253 1265/1341/1265
f 2787/3098/2787 1265/1341/1265 2788/3099/2788
f 1329/1422/1329 2787/3098/2787 2788/3099/2788
f 1254/1329/1254 1253/1330/1253 2787/3098/2787
f 2788/3099/2788 1322/1412/1322 1329/1422/1329
f 2788/3099/2788 2790/3100/2790 1322/1412/1322
f 2789/3101/2789 2788/3099/2788 1265/1341/1265
f 2790/3100/2790 2788/3099/2788 2789/3101/2789
f 2790/3100/2790 2791/3102/2791 1318/1403/1318
f 1318/1403/1318 1319/1406/1319 2790/3100/2790
f 2789/3101/2789 2791/3102/2791 2790/3100/2790
f 1322/1412/1322 2790/3100/2790 1319/1406/1319
f 1270/1347/1270 2792/3103/2792 2791/3102/2791
f 2794/3104/2794 2791/3102/2791 2792/3103/2792
f 2793/3105/2793 1318/1403/1318 2791/3102/2791
f 2796/3106/2796 2793/3105/2793 2791/3102/2791
f 2794/3104/2794 2796/3106/2796 2791/3102/2791
f 1270/1347/1270 2791/3102/2791 2795/3107/2795
f 2795/3107/2795 2791/3102/2791 2789/3101/2789
f 2796/3106/2796 2794/3104/2794 1312/1395/1312
f 1312/1395/1312 1311/1394/1311 2796/3106/2796
f 1318/1403/1318 2796/3106/2796 1314/1404/1314
f 1314/1404/1314 2796/3106/2796 1311/1394/1311
f 1318/1403/1318 2793/3105/2793 2796/3106/2796
f 2795/3107/2795 2789/3101/2789 1267/1343/1267
f 2795/3107/2795 1267/1343/1267 1270/1347/1270
f 2792/3103/2792 2797/3108/2797 2794/3104/2794
f 2797/3108/2797 1312/1395/1312 2794/3104/2794
f 2798/3109/2798 2797/3108/2797 2800/3110/2800
f 2798/3109/2798 2799/3111/2799 2797/3108/2797
f 1298/1378/1298 2797/3108/2797 2799/3111/2799
f 2797/3108/2797 1298/1378/1298 1312/1395/1312
f 2800/3110/2800 2797/3108/2797 2792/3103/2792
f 1270/1347/1270 1271/1348/1271 2800/3110/2800
f 2800/3110/2800 1271/1348/1271 2798/3109/2798
f 1270/1347/1270 2800/3110/2800 2792/3103/2792
f 2798/3109/2798 2801/3112/2801 2799/3111/2799
f 2799/3111/2799 2801/3112/2801 1292/1373/1292
f 1292/1373/1292 1294/1375/1294 2799/3111/2799
f 1294/1375/1294 1298/1378/1298 2799/3111/2799
f 2802/3113/2802 2801/3112/2801 2798/3109/2798
f 2802/3113/2802 1275/1352/1275 2801/3112/2801
f 2801/3112/2801 1275/1352/1275 1292/1373/1292
f 2802/3113/2802 2798/3109/2798 1271/1348/1271
f 2802/3113/2802 1273/1349/1273 1275/1352/1275
f 2802/3113/2802 1271/1348/1271 1273/1349/1273
f 1267/1343/1267 2789/3101/2789 1265/1341/1265
f 1323/1411/1323 1329/1422/1329 1322/1412/1322
f 1315/1401/1315 1308/1391/1308 1309/1393/1309
f 1296/1376/1296 1298/1378/1298 1294/1375/1294
f 1275/1352/1275 1278/1356/1278 1292/1373/1292
f 1289/1369/1289 1120/1181/1120 1291/1371/1291
f 1121/1184/1121 1120/1181/1120 1289/1369/1289
f 1283/1361/1283 1121/1184/1121 1289/1369/1289
f 1277/1353/1277 1279/1355/1279 1200/1270/1200
f 1279/1355/1279 1202/1272/1202 1200/1270/1200
f 1279/1355/1279 1206/1275/1206 1202/1272/1202
f 2803/3114/2803 1153/1221/1153 1277/1353/1277
f 1277/1353/1277 1200/1270/1200 2803/3114/2803
f 2804/3115/2804 2803/3114/2803 1200/1270/1200
f 2804/3115/2804 1159/1228/1159 2803/3114/2803
f 2803/3114/2803 1154/1222/1154 1153/1221/1153
f 1154/1222/1154 2803/3114/2803 1159/1228/1159
f 1200/1270/1200 2805/3116/2805 2804/3115/2804
f 2804/3115/2804 2805/3116/2805 1159/1228/1159
f 2805/3116/2805 1200/1270/1200 1199/1269/1199
f 2805/3116/2805 1199/1269/1199 2806/3117/2806
f 2806/3117/2806 2807/3118/2807 2805/3116/2805
f 2805/3116/2805 2807/3118/2807 1159/1228/1159
f 2808/3119/2808 2807/3118/2807 2806/3117/2806
f 2807/3118/2807 1160/1226/1160 1159/1228/1159
f 1158/1225/1158 1160/1226/1160 2807/3118/2807
f 1158/1225/1158 2807/3118/2807 1162/1229/1162
f 2807/3118/2807 1179/1249/1179 1174/1244/1174
f 1179/1249/1179 2807/3118/2807 2808/3119/2808
f 2807/3118/2807 1174/1244/1174 1162/1229/1162
f 1186/1255/1186 2808/3119/2808 2806/3117/2806
f 1186/1255/1186 1179/1249/1179 2808/3119/2808
f 1199/1269/1199 1197/1267/1197 2806/3117/2806
f 2806/3117/2806 1197/1267/1197 1186/1255/1186
f 1223/1294/1223 1213/1282/1213 1216/1284/1216
f 1189/1259/1189 1188/1258/1188 1219/1288/1219
f 1215/1286/1215 1195/1265/1195 1211/1278/1211
f 1195/1265/1195 1215/1286/1215 1192/1262/1192
f 1211/1278/1211 1195/1265/1195 1204/1273/1204
f 1195/1265/1195 1194/1263/1194 1204/1273/1204
f 1197/1267/1197 1191/1260/1191 1186/1255/1186
f 1185/1256/1185 1186/1255/1186 1191/1260/1191
f 1031/1089/1031 1178/1248/1178 1029/1087/1029
f 1031/1089/1031 1035/1095/1035 1178/1248/1178
f 1034/1094/1034 1171/1241/1171 1035/1095/1035
f 1138/1202/1138 1150/1368/1150 1144/1207/1144
f 1140/1204/1140 1138/1202/1138 1144/1207/1144
f 1125/1189/1125 1136/1198/1136 1127/1192/1127
f 1136/1198/1136 1125/1189/1125 1134/1199/1134
f 1125/1189/1125 1123/1187/1123 1134/1199/1134
f 1132/1196/1132 1073/1135/1073 1130/1195/1130
f 1130/1195/1130 1074/1136/1074 1079/1141/1079
f 1073/1135/1073 1074/1136/1074 1130/1195/1130
f 1086/1148/1086 1085/1147/1085 1108/1169/1108
f 1083/1145/1083 1087/1149/1087 1079/1141/1079
f 1068/1130/1068 2809/3120/2809 1058/1119/1058
f 1068/1130/1068 1054/1115/1054 1056/1117/1056
f 1056/1117/1056 2809/3120/2809 1068/1130/1068
f 1056/1117/1056 1058/1119/1058 2809/3120/2809
f 1060/1122/1060 1052/1112/1052 1051/1110/1051
f 1034/1094/1034 1038/1098/1038 1047/1104/1047
f 1033/1091/1033 1026/1084/1026 1023/1081/1023
f 988/1039/988 1028/1086/1028 985/1036/985
f 749/785/749 1018/1074/1018 1016/1072/1016
f 1018/1074/1018 749/785/749 748/784/748
f 1015/1071/1015 749/785/749 1016/1072/1016
f 751/788/751 1015/1071/1015 2810/3121/2810
f 751/788/751 749/785/749 1015/1071/1015
f 2811/3122/2811 2810/3121/2810 1015/1071/1015
f 1015/1071/1015 1013/1069/1013 2811/3122/2811
f 2812/3123/2812 2811/3122/2811 2813/3124/2813
f 2812/3123/2812 2810/3121/2810 2811/3122/2811
f 2811/3122/2811 1013/1069/1013 2813/3124/2813
f 2814/3125/2814 2812/3123/2812 2813/3124/2813
f 2813/3124/2813 2816/3126/2816 2814/3125/2814
f 2813/3124/2813 1011/1068/1011 2815/3127/2815
f 2813/3124/2813 2815/3127/2815 2816/3126/2816
f 2813/3124/2813 1013/1069/1013 1011/1068/1011
f 2814/3125/2814 2816/3126/2816 2819/3128/2819
f 2816/3126/2816 2815/3127/2815 2817/3129/2817
f 2816/3126/2816 2817/3129/2817 2818/3130/2818
f 2816/3126/2816 2818/3130/2818 2819/3128/2819
f 771/807/771 2819/3128/2819 2818/3130/2818
f 768/804/768 2819/3128/2819 771/807/771
f 2814/3125/2814 2819/3128/2819 768/804/768
f 2822/3131/2822 2818/3130/2818 2820/3132/2820
f 2817/3129/2817 2820/3132/2820 2818/3130/2818
f 2821/3133/2821 775/809/775 2818/3130/2818
f 775/809/775 771/807/771 2818/3130/2818
f 2818/3130/2818 2822/3131/2822 2821/3133/2821
f 782/823/782 2821/3133/2821 2822/3131/2822
f 2822/3131/2822 785/827/785 782/823/782
f 2820/3132/2820 785/827/785 2822/3131/2822
f 773/810/773 2821/3134/2821 779/818/779
f 775/813/775 2821/3134/2821 773/810/773
f 779/822/779 2821/3133/2821 782/823/782
f 2820/3132/2820 2823/3135/2823 2824/3136/2824
f 2817/3129/2817 2823/3135/2823 2820/3132/2820
f 2820/3132/2820 2824/3136/2824 785/827/785
f 785/827/785 2824/3136/2824 2825/3137/2825
f 2826/3138/2826 2825/3137/2825 2824/3136/2824
f 2823/3135/2823 2826/3138/2826 2824/3136/2824
f 1010/1067/1010 1012/1066/1012 2826/3138/2826
f 1010/1067/1010 2826/3138/2826 2823/3135/2823
f 2826/3139/2826 996/1047/996 2825/3140/2825
f 1012/3141/1012 996/1047/996 2826/3139/2826
f 786/828/786 785/827/785 2825/3137/2825
f 791/836/791 2825/3140/2825 996/1047/996
f 786/839/786 2825/3140/2825 791/836/791
f 1010/1067/1010 2823/3135/2823 2815/3127/2815
f 2823/3135/2823 2817/3129/2817 2815/3127/2815
f 1010/1067/1010 2815/3127/2815 1011/1068/1011
f 768/804/768 2812/3123/2812 2814/3125/2814
f 768/804/768 766/803/766 2812/3123/2812
f 766/803/766 2810/3121/2810 2812/3123/2812
f 2810/3121/2810 766/803/766 751/788/751
f 1004/1057/1004 996/1047/996 1012/3141/1012
f 992/1043/992 1005/1059/1005 990/1041/990
f 1005/1059/1005 989/1040/989 990/1041/990
f 994/1045/994 982/1033/982 979/1031/979
f 970/1021/970 962/1013/962 930/3142/930
f 970/1021/970 930/3142/930 926/3143/926
f 968/1018/968 970/1021/970 926/3143/926
f 968/1018/968 926/3143/926 927/1054/927
f 962/1013/962 933/1012/933 930/3142/930
f 938/983/938 959/3144/959 950/995/950
f 934/980/934 933/979/933 959/3144/959
f 959/3144/959 938/983/938 934/980/934
f 924/970/924 921/967/921 808/853/808
f 808/853/808 802/850/802 924/970/924
f 924/970/924 802/850/802 803/849/803
f 808/853/808 921/967/921 2827/3145/2827
f 2827/3145/2827 921/967/921 920/966/920
f 920/966/920 2828/3146/2828 2827/3145/2827
f 2828/3146/2828 872/918/872 2827/3145/2827
f 807/854/807 2827/3145/2827 872/918/872
f 807/854/807 808/853/808 2827/3145/2827
f 873/919/873 2828/3146/2828 876/922/876
f 2828/3146/2828 920/966/920 876/922/876
f 873/919/873 872/918/872 2828/3146/2828
f 912/959/912 876/922/876 920/966/920
f 914/960/914 906/952/906 908/954/908
f 911/958/911 876/922/876 912/959/912
f 881/928/881 875/921/875 911/958/911
f 875/921/875 876/922/876 911/958/911
f 894/940/894 170/181/170 173/185/173
f 892/938/892 894/940/894 173/185/173
f 172/184/172 181/193/181 892/938/892
f 173/185/173 172/184/172 892/938/892
f 888/934/888 886/932/886 891/937/891
f 192/202/192 195/205/195 878/924/878
f 812/858/812 807/854/807 872/918/872
f 2829/3147/2829 869/915/869 868/914/868
f 811/857/811 869/915/869 2829/3147/2829
f 812/858/812 869/915/869 811/857/811
f 2829/3147/2829 857/902/857 2830/3148/2830
f 2830/3148/2830 2831/3149/2831 2829/3147/2829
f 868/914/868 857/902/857 2829/3147/2829
f 2829/3147/2829 2831/3149/2831 811/857/811
f 2831/3149/2831 2830/3148/2830 834/881/834
f 2831/3149/2831 834/881/834 813/859/813
f 2831/3149/2831 813/859/813 811/857/811
f 2832/3150/2832 834/881/834 2830/3148/2830
f 2830/3148/2830 2833/3151/2833 2832/3150/2832
f 857/902/857 2833/3151/2833 2830/3148/2830
f 2833/3151/2833 853/900/853 2832/3150/2832
f 2833/3151/2833 852/899/852 853/900/853
f 2833/3151/2833 857/902/857 852/899/852
f 2834/3152/2834 2832/3150/2832 853/900/853
f 2834/3152/2834 833/878/833 2832/3150/2832
f 2832/3150/2832 833/878/833 834/881/834
f 2834/3152/2834 836/882/836 833/878/833
f 853/900/853 850/895/850 2834/3152/2834
f 2834/3152/2834 850/895/850 846/892/846
f 2834/3152/2834 846/892/846 836/882/836
f 868/914/868 863/909/863 855/903/855
f 857/902/857 868/914/868 855/903/855
f 2835/3153/2835 677/711/677 860/905/860
f 859/906/859 2835/3153/2835 860/905/860
f 2836/3154/2836 860/905/860 677/711/677
f 2836/3154/2836 849/896/849 860/905/860
f 2836/3154/2836 676/710/676 847/893/847
f 677/711/677 676/710/676 2836/3154/2836
f 849/896/849 2836/3154/2836 847/893/847
f 206/217/206 2837/3155/2837 2835/3153/2835
f 2835/3153/2835 2837/3155/2837 2840/3156/2840
f 859/906/859 206/217/206 2835/3153/2835
f 677/711/677 2835/3153/2835 673/707/673
f 673/707/673 2835/3153/2835 2838/3157/2838
f 2835/3153/2835 2839/3158/2839 2838/3157/2838
f 2839/3158/2839 2835/3153/2835 2840/3156/2840
f 209/220/209 220/233/220 2840/3156/2840
f 2837/3155/2837 209/220/209 2840/3156/2840
f 220/233/220 2839/3158/2839 2840/3156/2840
f 220/233/220 221/232/221 2839/3158/2839
f 221/232/221 2841/3159/2841 2839/3158/2839
f 2841/3159/2841 670/705/670 2839/3158/2839
f 2838/3157/2838 2839/3158/2839 670/705/670
f 221/232/221 222/234/222 2841/3159/2841
f 2841/3159/2841 671/703/671 670/705/670
f 2841/3159/2841 222/234/222 224/235/224
f 2841/3159/2841 224/235/224 2842/3160/2842
f 2842/3160/2842 671/703/671 2841/3159/2841
f 2842/3160/2842 224/235/224 2843/3161/2843
f 2843/3161/2843 2844/3162/2844 2842/3160/2842
f 2842/3160/2842 2844/3162/2844 671/703/671
f 2844/3162/2844 668/702/668 671/703/671
f 668/702/668 2844/3162/2844 2845/3163/2845
f 2843/3161/2843 2845/3163/2845 2844/3162/2844
f 668/702/668 2845/3163/2845 2846/3164/2846
f 2848/3165/2848 2846/3164/2846 2845/3163/2845
f 2845/3163/2845 2847/3166/2847 2848/3165/2848
f 2843/3161/2843 2847/3166/2847 2845/3163/2845
f 2846/3164/2846 2848/3165/2848 653/686/653
f 2848/3165/2848 624/655/624 650/685/650
f 650/685/650 653/686/653 2848/3165/2848
f 620/653/620 2848/3165/2848 2847/3166/2847
f 2848/3165/2848 620/653/620 621/654/621
f 2848/3165/2848 621/654/621 624/655/624
f 2847/3166/2847 2849/3167/2849 620/653/620
f 2847/3166/2847 2851/3168/2851 2849/3167/2849
f 2851/3168/2851 2847/3166/2847 2850/3169/2850
f 2850/3169/2850 2847/3166/2847 2843/3161/2843
f 2851/3168/2851 233/245/233 238/250/238
f 2851/3168/2851 2850/3169/2850 233/245/233
f 238/250/238 2852/3170/2852 2851/3168/2851
f 2851/3168/2851 2852/3170/2852 2849/3167/2849
f 2852/3170/2852 238/250/238 240/251/240
f 240/251/240 2853/3171/2853 2852/3170/2852
f 2849/3167/2849 2852/3170/2852 2853/3171/2853
f 2853/3171/2853 240/251/240 612/645/612
f 612/645/612 615/648/615 2853/3171/2853
f 2853/3171/2853 615/648/615 620/653/620
f 2853/3171/2853 620/653/620 2849/3167/2849
f 2843/3161/2843 225/236/225 2850/3169/2850
f 225/236/225 226/237/226 2850/3169/2850
f 233/245/233 2850/3169/2850 226/237/226
f 668/702/668 2846/3164/2846 653/686/653
f 2843/3161/2843 224/235/224 225/236/225
f 2838/3157/2838 670/705/670 673/707/673
f 207/218/207 209/220/209 2837/3155/2837
f 2837/3155/2837 206/217/206 207/218/207
f 678/709/678 847/893/847 676/710/676
f 836/882/836 846/892/846 843/890/843
f 704/736/704 842/889/842 700/733/700
f 700/733/700 842/889/842 683/716/683
f 837/884/837 839/886/839 702/735/702
f 839/886/839 704/736/704 702/735/702
f 2854/3172/2854 2855/3173/2855 837/884/837
f 702/735/702 2854/3172/2854 837/884/837
f 2855/3173/2855 829/875/829 837/884/837
f 2854/3172/2854 2857/3174/2857 2855/3173/2855
f 827/873/827 2855/3173/2855 2856/3175/2856
f 2855/3173/2855 2857/3174/2857 2856/3175/2856
f 2855/3173/2855 827/873/827 829/875/829
f 2859/3176/2859 2857/3174/2857 2858/3177/2858
f 2857/3174/2857 706/739/706 2858/3177/2858
f 2857/3174/2857 2854/3172/2854 703/737/703
f 703/737/703 706/739/706 2857/3174/2857
f 2860/3178/2860 2857/3174/2857 2859/3176/2859
f 2856/3175/2856 2857/3174/2857 2860/3178/2860
f 2860/3178/2860 2861/3179/2861 2862/3180/2862
f 2858/3177/2858 2861/3179/2861 2860/3178/2860
f 2859/3176/2859 2858/3177/2858 2860/3178/2860
f 2862/3180/2862 759/3181/759 2860/3178/2860
f 2856/3175/2856 2860/3178/2860 2863/3182/2863
f 2863/3182/2863 2860/3178/2860 759/3181/759
f 2864/3183/2864 825/872/825 2863/3182/2863
f 760/3184/760 2864/3183/2864 2863/3182/2863
f 825/872/825 2856/3175/2856 2863/3182/2863
f 759/3181/759 760/3184/760 2863/3182/2863
f 2866/3185/2866 2864/3183/2864 2865/3186/2865
f 2864/3183/2864 760/3184/760 2865/3186/2865
f 2867/3187/2867 823/869/823 2864/3183/2864
f 2864/3183/2864 823/869/823 825/872/825
f 2866/3185/2866 2867/3187/2867 2864/3183/2864
f 774/815/774 2867/3187/2867 2866/3185/2866
f 777/817/777 2867/3187/2867 774/815/774
f 822/868/822 823/869/823 2867/3187/2867
f 822/868/822 2867/3187/2867 777/817/777
f 774/814/774 2866/3188/2866 2868/3189/2868
f 2866/3188/2866 2865/3190/2865 2868/3189/2868
f 774/814/774 2868/3189/2868 769/806/769
f 769/806/769 2868/3189/2868 765/802/765
f 765/802/765 2868/3189/2868 2865/3190/2865
f 2865/3190/2865 760/797/760 765/802/765
f 2869/3191/2869 2862/3192/2862 2861/3193/2861
f 2862/3192/2862 2869/3191/2869 759/796/759
f 2861/3193/2861 2870/3194/2870 2869/3191/2869
f 2871/3195/2871 2869/3191/2869 2870/3194/2870
f 2869/3191/2869 2871/3195/2871 757/793/757
f 2869/3191/2869 757/793/757 759/796/759
f 2871/3195/2871 2870/3194/2870 718/754/718
f 756/792/756 2871/3195/2871 718/754/718
f 757/793/757 2871/3195/2871 756/792/756
f 713/746/713 718/754/718 2870/3194/2870
f 713/746/713 2870/3194/2870 707/747/707
f 707/747/707 2870/3194/2870 2861/3193/2861
f 2872/3196/2872 2861/3179/2861 2858/3177/2858
f 2872/3197/2872 707/747/707 2861/3193/2861
f 706/739/706 2872/3196/2872 2858/3177/2858
f 707/740/707 2872/3196/2872 706/739/706
f 825/872/825 827/873/827 2856/3175/2856
f 2854/3172/2854 702/735/702 2873/3198/2873
f 2873/3198/2873 703/737/703 2854/3172/2854
f 2873/3198/2873 702/735/702 703/737/703
f 833/878/833 836/882/836 832/879/832
f 830/877/830 2874/3199/2874 834/881/834
f 813/859/813 834/881/834 2874/3199/2874
f 817/864/817 2874/3199/2874 830/877/830
f 815/861/815 2874/3199/2874 817/864/817
f 813/859/813 2874/3199/2874 815/861/815
f 822/868/822 2875/3200/2875 821/867/821
f 780/820/780 2875/3200/2875 822/868/822
f 822/868/822 777/817/777 780/820/780
f 792/838/792 821/867/821 2875/3200/2875
f 783/825/783 2875/3200/2875 780/820/780
f 783/825/783 792/838/792 2875/3200/2875
f 794/841/794 821/867/821 792/838/792
f 805/851/805 795/840/795 797/843/797
f 805/851/805 797/843/797 799/846/799
f 762/798/762 751/788/751 766/803/766
f 756/792/756 718/754/718 743/780/743
f 743/780/743 744/781/744 752/789/752
f 743/780/743 718/754/718 745/782/745
f 718/754/718 723/760/723 745/782/745
f 723/760/723 725/762/725 745/782/745
f 737/774/737 733/769/733 731/767/731
f 726/763/726 734/771/734 725/762/725
f 719/755/719 716/752/716 721/757/721
f 696/729/696 710/744/710 698/730/698
f 684/717/684 700/733/700 683/716/683
f 687/720/687 643/677/643 689/722/689
f 643/677/643 687/720/687 645/679/645
f 687/720/687 646/680/646 645/679/645
f 659/691/659 646/680/646 687/720/687
f 660/692/660 679/713/679 658/693/658
f 666/700/666 658/693/658 679/713/679
f 668/702/668 653/686/653 662/695/662
f 646/680/646 659/691/659 656/690/656
f 651/683/651 650/685/650 622/656/622
f 651/683/651 622/656/622 635/669/635
f 651/683/651 635/669/635 642/675/642
f 649/682/649 651/683/651 642/675/642
f 624/655/624 622/656/622 650/685/650
f 642/675/642 635/669/635 639/672/639
f 622/656/622 623/657/623 635/669/635
f 613/647/613 610/644/610 617/650/617
f 240/251/240 244/255/244 612/645/612
f 609/643/609 587/618/587 610/644/610
f 609/643/609 590/622/590 587/618/587
f 258/270/258 592/625/592 2876/3201/2876
f 247/258/247 2876/3201/2876 592/625/592
f 2876/3201/2876 255/268/255 258/270/258
f 255/268/255 2876/3201/2876 247/258/247
f 554/588/554 556/589/556 562/596/562
f 552/586/552 555/587/555 2877/3202/2877
f 2877/3202/2877 555/587/555 275/286/275
f 275/286/275 2879/3203/2879 2877/3202/2877
f 2878/3204/2878 552/586/552 2877/3202/2877
f 2878/3204/2878 2877/3202/2877 2879/3203/2879
f 2880/3205/2880 2878/3204/2878 2879/3203/2879
f 276/287/276 2881/3206/2881 2879/3203/2879
f 276/287/276 2879/3203/2879 275/286/275
f 2879/3203/2879 2881/3206/2881 2880/3205/2880
f 2881/3206/2881 2883/3207/2883 2882/3208/2882
f 2881/3206/2881 2882/3208/2882 2880/3205/2880
f 2881/3206/2881 281/293/281 2883/3207/2883
f 281/293/281 2881/3206/2881 276/287/276
f 2882/3208/2882 2883/3207/2883 510/544/510
f 510/544/510 2883/3207/2883 2885/3209/2885
f 279/291/279 2883/3207/2883 281/293/281
f 2883/3207/2883 279/291/279 2884/3210/2884
f 2885/3209/2885 2883/3207/2883 2884/3210/2884
f 2887/3211/2887 2886/3212/2886 2885/3209/2885
f 509/542/509 2885/3209/2885 2886/3212/2886
f 2885/3209/2885 2884/3210/2884 2887/3211/2887
f 2885/3209/2885 509/542/509 508/543/508
f 508/543/508 510/544/510 2885/3209/2885
f 2888/3213/2888 2886/3212/2886 2887/3211/2887
f 2890/3214/2890 2888/3213/2888 2887/3211/2887
f 2889/3215/2889 2887/3211/2887 2884/3210/2884
f 2887/3211/2887 2889/3215/2889 2890/3214/2890
f 2890/3214/2890 2893/3216/2893 2891/3217/2891
f 2892/3218/2892 2890/3214/2890 2891/3217/2891
f 2888/3213/2888 2890/3214/2890 2892/3218/2892
f 2893/3216/2893 2890/3214/2890 2889/3215/2889
f 2894/3219/2894 2891/3217/2891 2893/3216/2893
f 2895/3220/2895 2894/3219/2894 2893/3216/2893
f 2895/3220/2895 2893/3216/2893 2889/3215/2889
f 2896/3221/2896 2894/3219/2894 2895/3220/2895
f 2895/3220/2895 2889/3215/2889 2898/3222/2898
f 2896/3221/2896 2895/3220/2895 2897/3223/2897
f 2898/3222/2898 2897/3223/2897 2895/3220/2895
f 288/299/288 2898/3222/2898 283/295/283
f 288/299/288 2897/3223/2897 2898/3222/2898
f 2898/3222/2898 2889/3215/2889 280/292/280
f 280/292/280 283/295/283 2898/3222/2898
f 2897/3223/2897 288/299/288 296/308/296
f 2896/3221/2896 2897/3223/2897 296/308/296
f 296/308/296 2899/3224/2899 2896/3221/2896
f 2894/3219/2894 2896/3221/2896 2899/3224/2899
f 2899/3224/2899 2900/3225/2900 2894/3219/2894
f 2900/3225/2900 2899/3224/2899 2901/3226/2901
f 2899/3224/2899 296/308/296 2901/3226/2901
f 2901/3226/2901 2902/3227/2902 2900/3225/2900
f 295/307/295 2902/3227/2902 2901/3226/2901
f 2901/3226/2901 296/308/296 295/307/295
f 2903/3228/2903 2900/3225/2900 2902/3227/2902
f 2903/3228/2903 2902/3227/2902 2904/3229/2904
f 2904/3229/2904 2902/3227/2902 2905/3230/2905
f 2905/3230/2905 2902/3227/2902 298/310/298
f 2902/3227/2902 295/307/295 298/310/298
f 2906/3231/2906 2904/3229/2904 2905/3230/2905
f 2906/3231/2906 2905/3230/2905 2908/3232/2908
f 298/310/298 299/309/299 2905/3230/2905
f 2907/3233/2907 2905/3230/2905 299/309/299
f 2908/3232/2908 2905/3230/2905 2907/3233/2907
f 2908/3232/2908 2907/3233/2907 324/339/324
f 324/339/324 326/341/326 2908/3232/2908
f 326/341/326 2906/3231/2906 2908/3232/2908
f 319/331/319 324/339/324 2907/3233/2907
f 299/309/299 316/327/316 2907/3233/2907
f 316/327/316 319/331/319 2907/3233/2907
f 326/341/326 2909/3234/2909 2906/3231/2906
f 2906/3231/2906 2909/3234/2909 2904/3229/2904
f 361/381/361 2909/3234/2909 362/382/362
f 2909/3234/2909 361/381/361 2904/3229/2904
f 326/341/326 2910/3235/2910 2909/3234/2909
f 2910/3235/2910 362/382/362 2909/3234/2909
f 2910/3236/2910 326/343/326 329/345/329
f 330/347/330 358/374/358 2910/3236/2910
f 329/345/329 330/347/330 2910/3236/2910
f 2910/3235/2910 358/376/358 362/382/362
f 2904/3229/2904 361/381/361 2903/3228/2903
f 2900/3225/2900 2903/3228/2903 363/380/363
f 363/380/363 2903/3228/2903 361/381/361
f 2911/3237/2911 2894/3219/2894 2900/3225/2900
f 2911/3237/2911 2900/3225/2900 363/380/363
f 2891/3217/2891 2911/3237/2911 2913/3238/2913
f 2911/3237/2911 2891/3217/2891 2894/3219/2894
f 2912/3239/2912 2911/3237/2911 2914/3240/2914
f 2912/3239/2912 2913/3238/2913 2911/3237/2911
f 363/380/363 364/383/364 2911/3237/2911
f 2914/3240/2914 2911/3237/2911 364/383/364
f 2914/3240/2914 366/386/366 2912/3239/2912
f 2914/3240/2914 364/383/364 366/386/366
f 2913/3238/2913 2892/3218/2892 2891/3217/2891
f 2913/3238/2913 2912/3239/2912 2915/3241/2915
f 2916/3242/2916 2913/3238/2913 2915/3241/2915
f 2916/3242/2916 2892/3218/2892 2913/3238/2913
f 2916/3242/2916 390/413/390 392/414/392
f 2919/3243/2919 390/413/390 2916/3242/2916
f 2919/3243/2919 2916/3242/2916 2915/3241/2915
f 2892/3218/2892 2916/3242/2916 2888/3213/2888
f 2917/3244/2917 2888/3213/2888 2916/3242/2916
f 2916/3242/2916 2918/3245/2918 2917/3244/2917
f 2916/3242/2916 392/414/392 2918/3245/2918
f 366/386/366 2919/3243/2919 2912/3239/2912
f 366/386/366 369/388/369 2919/3243/2919
f 390/413/390 2919/3243/2919 369/388/369
f 2919/3243/2919 2915/3241/2915 2912/3239/2912
f 2918/3245/2918 392/414/392 393/415/393
f 2917/3244/2917 2918/3245/2918 507/541/507
f 2918/3245/2918 396/418/396 507/541/507
f 393/415/393 396/418/396 2918/3245/2918
f 2917/3244/2917 507/541/507 2886/3212/2886
f 2886/3212/2886 2888/3213/2888 2917/3244/2917
f 279/291/279 2889/3215/2889 2884/3210/2884
f 280/292/280 2889/3215/2889 279/291/279
f 2886/3212/2886 507/541/507 509/542/509
f 2882/3208/2882 515/548/515 2920/3246/2920
f 2882/3208/2882 2920/3246/2920 2880/3205/2880
f 2882/3208/2882 514/549/514 515/548/515
f 2882/3208/2882 510/544/510 514/549/514
f 2920/3246/2920 515/548/515 2921/3247/2921
f 2922/3248/2922 2920/3246/2920 2921/3247/2921
f 2880/3205/2880 2920/3246/2920 2922/3248/2922
f 552/586/552 2922/3248/2922 2923/3249/2923
f 552/586/552 2878/3204/2878 2922/3248/2922
f 2922/3248/2922 2921/3247/2921 2923/3249/2923
f 2922/3248/2922 2878/3204/2878 2880/3205/2880
f 2923/3249/2923 2921/3247/2921 2924/3250/2924
f 2924/3250/2924 2925/3251/2925 2923/3249/2923
f 2923/3249/2923 2925/3251/2925 549/583/549
f 2923/3249/2923 549/583/549 552/586/552
f 2925/3251/2925 2924/3250/2924 2926/3252/2926
f 2925/3251/2925 2926/3252/2926 2927/3253/2927
f 549/583/549 2925/3251/2925 545/579/545
f 545/579/545 2925/3251/2925 2927/3253/2927
f 2926/3252/2926 537/569/537 2927/3253/2927
f 545/579/545 2927/3253/2927 537/569/537
f 2924/3250/2924 535/568/535 2926/3252/2926
f 535/568/535 537/569/537 2926/3252/2926
f 535/568/535 2924/3250/2924 2928/3254/2928
f 2921/3247/2921 2928/3254/2928 2924/3250/2924
f 2921/3247/2921 2929/3255/2929 2928/3254/2928
f 2929/3255/2929 535/568/535 2928/3254/2928
f 523/556/523 522/557/522 2929/3255/2929
f 2921/3247/2921 523/556/523 2929/3255/2929
f 531/565/531 535/568/535 2929/3255/2929
f 2929/3255/2929 522/557/522 531/565/531
f 2921/3247/2921 515/548/515 523/556/523
f 546/580/546 542/574/542 541/575/541
f 530/564/530 535/568/535 531/565/531
f 513/547/513 523/556/523 515/548/515
f 513/547/513 517/551/517 523/556/523
f 493/524/493 521/554/521 519/552/519
f 495/526/495 519/552/519 498/530/498
f 493/524/493 519/552/519 495/526/495
f 498/530/498 519/552/519 501/535/501
f 396/418/396 505/538/505 507/541/507
f 503/537/503 505/538/505 409/432/409
f 505/538/505 396/418/396 397/419/397
f 505/538/505 397/419/397 398/420/398
f 505/538/505 398/420/398 409/432/409
f 503/537/503 409/432/409 413/440/413
f 424/450/424 496/528/496 423/449/423
f 424/450/424 428/456/428 492/523/492
f 492/523/492 2930/3256/2930 483/508/483
f 428/456/428 2930/3256/2930 492/523/492
f 482/509/482 483/508/483 2930/3256/2930
f 482/509/482 2930/3256/2930 428/456/428
f 480/2823/480 486/513/486 484/512/484
f 482/509/482 427/455/427 471/498/471
f 482/509/482 471/498/471 475/503/475
f 482/509/482 428/456/428 427/455/427
f 435/462/435 447/473/447 455/482/455
f 439/464/439 432/459/432 433/460/433
f 421/447/421 417/444/417 433/460/433
f 380/402/380 387/407/387 381/403/381
f 380/402/380 385/408/385 387/407/387
f 368/387/368 383/406/383 369/388/369
f 371/392/371 383/406/383 368/387/368
f 359/378/359 356/373/356 376/394/376
f 356/373/356 350/367/350 376/394/376
f 359/378/359 376/394/376 372/399/372
f 330/347/330 354/370/354 358/374/358
f 352/368/352 350/367/350 356/373/356
f 330/347/330 337/353/337 354/370/354
f 322/333/322 333/348/333 327/344/327
f 321/332/321 313/335/313 314/1477/314
f 303/314/303 316/327/316 299/309/299
f 311/322/311 310/321/310 314/326/314
f 291/304/291 292/303/292 300/312/300
f 296/308/296 288/299/288 289/300/289
f 286/298/286 288/299/288 283/295/283
f 278/289/278 272/283/272 271/282/271
f 247/258/247 246/259/246 255/268/255
f 229/241/229 219/230/219 217/228/217
f 201/213/201 211/222/211 204/216/204
f 172/184/172 176/188/176 181/193/181
f 169/180/169 170/181/170 157/168/157
f 158/167/158 169/180/169 157/168/157
f 161/172/161 145/1625/145 163/175/163
f 145/1625/145 161/172/161 144/173/144
f 149/156/149 142/148/142 140/147/140
f 2931/3257/2931 126/135/126 138/146/138
f 138/146/138 126/135/126 131/139/131
f 138/146/138 124/131/124 2931/3257/2931
f 124/131/124 127/133/127 2931/3257/2931
f 2931/3257/2931 127/133/127 126/135/126
f 133/141/133 134/140/134 3/4/3
f 134/140/134 56/56/56 2932/3258/2932
f 3/4/3 134/140/134 2932/3258/2932
f 3/4/3 2932/3258/2932 8/9/8
f 8/9/8 2932/3258/2932 54/54/54
f 2932/3258/2932 56/56/56 54/54/54
f 2/2/2 133/141/133 3/4/3
f 106/111/106 112/117/112 107/112/107
f 77/76/77 108/123/108 2933/3259/2933
f 2933/3260/2933 108/110/108 104/108/104
f 79/79/79 77/76/77 2933/3259/2933
f 81/83/81 2933/3260/2933 104/108/104
f 79/82/79 2933/3260/2933 81/83/81
f 100/105/100 107/112/107 101/103/101
f 89/94/89 86/91/86 92/95/92
f 38/2015/38 2934/3261/2934 85/89/85
f 83/87/83 85/89/85 2934/3261/2934
f 38/39/38 66/67/66 2934/3262/2934
f 67/66/67 2934/3262/2934 66/67/66
f 2934/3262/2934 67/66/67 83/88/83
f 61/61/61 70/71/70 62/63/62
f 66/67/66 38/39/38 42/42/42
f 8/9/8 54/54/54 53/53/53
f 9/10/9 53/53/53 19/20/19
f 8/9/8 53/53/53 9/10/9
f 11/11/11 5/6/5 6/7/6
