# Blender 4.5.1 LTS
# www.blender.org
mtllib rock_6.mtl
o namaqualand_stones_01_b_LOD0
v -0.059381 0.021826 -0.001991
v -0.056785 0.022094 0.000979
v -0.058146 0.023053 -0.001082
v -0.058437 0.019738 -0.000064
v -0.048353 0.035869 0.000306
v -0.048678 0.034375 0.002048
v -0.046723 0.035660 0.002340
v -0.049633 0.032319 0.001515
v -0.049820 0.033386 0.000071
v -0.051228 0.032275 -0.000660
v -0.055787 0.023928 0.001233
v -0.056761 0.024528 0.000307
v -0.047328 0.033403 0.002811
v -0.056079 0.020825 0.002616
v -0.052997 0.009279 -0.009980
v -0.050794 0.010738 -0.011080
v -0.057248 0.025232 -0.001781
v -0.055372 0.009310 -0.008120
v -0.052299 0.010917 -0.009479
v -0.053831 0.012564 -0.009433
v -0.054208 0.014756 -0.010388
v -0.052147 0.013764 -0.011155
v -0.051153 0.011870 -0.012213
v -0.055055 0.023091 0.002457
v -0.054209 0.010688 -0.007290
v -0.055228 0.013047 -0.008920
v -0.049818 0.035054 -0.001977
v -0.055768 0.026447 0.000240
v -0.052634 0.026592 0.000762
v -0.052037 0.025829 0.002619
v -0.050065 0.013372 -0.012431
v -0.048049 0.015019 -0.012973
v -0.048141 0.012236 -0.012356
v -0.049221 0.009669 -0.012092
v -0.048366 0.009951 -0.010463
v -0.046512 0.010895 -0.011939
v -0.050433 0.030773 0.000531
v -0.049140 0.030434 0.003673
v -0.050313 0.015912 -0.012345
v -0.050049 0.028982 0.002975
v -0.050970 0.029389 0.000218
v -0.050476 0.025413 -0.015253
v -0.048639 0.026549 -0.016149
v -0.047437 0.023819 -0.015433
v -0.057336 0.018636 -0.009781
v -0.058174 0.020280 -0.009003
v -0.056587 0.020411 -0.011820
v -0.055723 0.016408 -0.009817
v -0.054741 0.017241 -0.011182
v -0.057616 0.016227 -0.008046
v -0.058847 0.017549 -0.006836
v -0.052105 0.016933 -0.012475
v -0.055826 0.015209 -0.008244
v -0.052474 0.019133 -0.012676
v -0.055264 0.018474 -0.011145
v -0.052914 0.020235 -0.013307
v -0.054269 0.021706 -0.013171
v -0.055601 0.024302 -0.011977
v -0.052599 0.025384 -0.014569
v -0.052538 0.022903 -0.014479
v -0.054399 0.024724 -0.013692
v -0.055081 0.026650 -0.011788
v -0.053751 0.026984 -0.013020
v -0.049663 0.022395 -0.014858
v -0.058225 0.022573 -0.008708
v -0.057354 0.022180 -0.010738
v -0.056244 0.025498 -0.010204
v -0.057243 0.024285 -0.007328
v -0.047427 0.019294 -0.013455
v -0.046261 0.017746 -0.013673
v -0.056240 0.018659 0.003553
v -0.049875 0.019279 -0.013321
v -0.051055 0.028070 0.003049
v -0.052432 0.027950 -0.000246
v -0.052827 0.031111 -0.001596
v -0.058166 0.018150 0.000304
v -0.056612 0.017605 0.003079
v -0.054295 0.029781 -0.001510
v -0.056269 0.028502 -0.001682
v -0.051121 0.033821 -0.002986
v -0.050124 0.034538 -0.004678
v -0.053101 0.032296 -0.004665
v -0.048448 0.029574 -0.015913
v -0.046109 0.028748 -0.016847
v -0.048274 0.033230 -0.016020
v -0.047661 0.032329 -0.017431
v -0.047473 0.036883 -0.002560
v -0.059007 0.017998 -0.002095
v -0.048974 0.036187 -0.004472
v -0.057751 0.016078 0.001575
v -0.059066 0.014256 -0.000703
v -0.057634 0.014125 0.002426
v -0.052481 0.027486 -0.013399
v -0.050633 0.028669 -0.014884
v -0.050452 0.030569 -0.014568
v -0.052579 0.030467 -0.013842
v -0.050769 0.032995 -0.014439
v -0.051950 0.033162 -0.012713
v -0.053610 0.029350 -0.012127
v -0.055227 0.028519 -0.009871
v -0.054643 0.030048 -0.009580
v -0.053448 0.031776 -0.010348
v -0.052106 0.032510 -0.011167
v -0.053472 0.031745 -0.007968
v -0.051297 0.033865 -0.009762
v -0.056098 0.029921 -0.008339
v -0.046465 0.036143 -0.014282
v -0.057461 0.013333 0.000206
v -0.045775 0.034768 -0.016293
v -0.051929 0.031913 -0.003265
v -0.049316 0.035510 -0.011145
v -0.047268 0.036303 -0.011463
v -0.058574 0.016068 -0.000877
v -0.049164 0.035185 -0.009671
v -0.049154 0.035279 -0.007411
v -0.047712 0.036727 -0.005603
v -0.046631 0.037023 -0.008263
v -0.058897 0.025245 -0.003820
v -0.057238 0.027652 -0.003005
v -0.051466 0.033530 -0.006775
v -0.053635 0.030817 -0.003052
v -0.056190 0.031645 -0.006643
v -0.056606 0.030451 -0.004192
v -0.059510 0.020170 -0.007174
v -0.057496 0.013336 -0.003887
v -0.057701 0.014003 -0.005656
v -0.056090 0.013334 -0.006204
v -0.058823 0.023323 -0.005357
v -0.055372 0.010764 -0.006251
v -0.055887 0.009149 -0.005688
v -0.056163 0.011379 -0.004065
v -0.057444 0.007895 -0.003704
v -0.056849 0.009887 -0.002757
v -0.057557 0.010720 -0.000091
v -0.057543 0.013046 -0.001685
v -0.058654 0.014421 -0.002344
v -0.058674 0.014281 -0.004405
v -0.058220 0.027365 -0.004744
v -0.056749 0.027698 -0.006076
v -0.059154 0.019841 -0.003657
v -0.057512 0.009178 0.000381
v -0.056458 0.011222 0.001963
v -0.057814 0.010208 0.003274
v -0.059709 0.021783 -0.005166
v -0.058992 0.016573 -0.004022
v -0.059471 0.018590 -0.004747
v -0.017568 0.038504 0.001854
v -0.014078 0.037484 0.002434
v -0.013611 0.037902 0.000246
v -0.015353 0.038966 -0.000726
v -0.013522 0.038932 -0.002230
v -0.017538 0.038780 -0.001164
v -0.018639 0.039494 0.000375
v -0.016628 0.039242 -0.004003
v -0.019353 0.039721 -0.001983
v -0.019271 0.039364 -0.004401
v -0.014840 0.038855 -0.005401
v -0.017787 0.038550 -0.006807
v -0.013622 0.036992 -0.005684
v -0.017286 0.037898 -0.008102
v -0.026718 0.040518 -0.003188
v -0.024145 0.040460 -0.005233
v -0.025377 0.040792 -0.005342
v -0.009847 0.010055 -0.023955
v -0.007428 0.007846 -0.024481
v -0.006885 0.009593 -0.024299
v -0.012165 0.010178 -0.023603
v -0.020223 0.038635 -0.006790
v -0.021665 0.038837 -0.005450
v 0.002812 0.033812 0.000608
v -0.000353 0.033492 -0.000631
v -0.000218 0.032703 0.002341
v -0.024390 0.041343 -0.001273
v -0.024811 0.040677 -0.000063
v -0.002899 0.033534 0.002384
v -0.002632 0.034175 -0.000602
v -0.021771 0.037928 -0.008284
v -0.023336 0.039000 -0.006003
v -0.003734 0.010889 -0.023986
v -0.000662 0.011379 -0.024418
v -0.002064 0.013257 -0.023406
v 0.003589 0.010431 -0.025142
v 0.001593 0.007974 -0.025089
v 0.000964 0.009933 -0.025034
v 0.001288 0.013282 -0.024379
v 0.002464 0.033605 -0.002085
v -0.008669 0.012571 -0.022129
v 0.003926 0.012949 -0.025028
v -0.015580 0.023108 -0.020583
v -0.017528 0.021467 -0.020922
v 0.002304 0.015257 -0.024645
v -0.000386 0.016388 -0.022726
v 0.003183 0.016902 -0.023895
v -0.022690 0.039509 -0.008236
v 0.003708 0.020252 -0.024242
v 0.000207 0.020912 -0.022533
v -0.005957 0.034373 -0.000390
v -0.003372 0.033533 -0.002425
v -0.006152 0.034357 0.002144
v -0.025617 0.039368 -0.009701
v -0.010477 0.036967 0.000169
v -0.007526 0.034905 -0.002155
v -0.029164 0.040438 -0.005412
v -0.027421 0.039917 -0.008770
v -0.029661 0.041240 -0.007313
v -0.022006 0.011144 -0.021201
v -0.020199 0.010185 -0.021590
v -0.017033 0.009965 -0.022413
v -0.021039 0.040330 -0.002286
v -0.023057 0.010238 -0.019708
v -0.024576 0.012857 -0.019527
v -0.021592 0.015623 -0.020896
v -0.019392 0.013093 -0.021391
v -0.024636 0.014447 -0.018922
v -0.026323 0.007652 -0.018016
v -0.025186 0.009965 -0.018322
v -0.026965 0.010954 -0.017751
v -0.028959 0.011266 -0.016545
v -0.028060 0.014387 -0.017335
v -0.009971 0.036836 0.001961
v -0.008512 0.035411 0.002798
v -0.009691 0.035860 -0.002706
v -0.011456 0.037216 -0.001397
v 0.000418 0.032697 -0.002774
v -0.017794 0.016989 -0.020491
v -0.024636 0.016132 -0.018791
v -0.020393 0.017358 -0.019091
v -0.017594 0.018411 -0.019139
v -0.027958 0.016207 -0.017148
v -0.001580 0.032248 -0.005068
v -0.003445 0.032158 -0.006109
v -0.004758 0.031993 -0.008444
v -0.005536 0.033814 -0.004852
v -0.023052 0.022039 -0.019276
v -0.022512 0.017792 -0.018626
v -0.025474 0.020438 -0.017918
v -0.026061 0.017457 -0.017388
v -0.026959 0.019567 -0.017375
v -0.029470 0.018049 -0.016277
v -0.020508 0.019865 -0.019144
v -0.017292 0.019921 -0.019335
v -0.020565 0.023277 -0.020214
v -0.016993 0.023632 -0.021079
v -0.023169 0.024493 -0.018655
v -0.020392 0.027348 -0.020605
v -0.018841 0.026148 -0.020600
v -0.027653 0.021879 -0.018041
v -0.029992 0.019591 -0.016462
v -0.025214 0.023899 -0.017668
v -0.019908 0.036919 -0.008759
v -0.028982 0.023693 -0.018457
v -0.027676 0.025914 -0.018549
v -0.029366 0.041294 0.000988
v -0.027950 0.040228 -0.002418
v -0.007324 0.034133 -0.005955
v -0.022685 0.026293 -0.018616
v -0.027120 0.041166 0.000546
v -0.000739 0.032069 -0.006506
v -0.024416 0.040563 0.001764
v -0.015784 0.007919 -0.022835
v -0.016627 0.013155 -0.021522
v -0.014774 0.012209 -0.022910
v -0.012353 0.011269 -0.021853
v -0.015701 0.009708 -0.022254
v -0.014192 0.013208 -0.021182
v -0.012082 0.013981 -0.021455
v -0.007097 0.012266 -0.021996
v -0.009841 0.015030 -0.021291
v -0.004997 0.013916 -0.022775
v -0.014328 0.016090 -0.021288
v -0.015513 0.017814 -0.020337
v -0.012690 0.018728 -0.020937
v -0.003305 0.015242 -0.022819
v -0.007177 0.015162 -0.021442
v -0.016247 0.020887 -0.019760
v -0.007204 0.017686 -0.020308
v -0.008741 0.020418 -0.019419
v -0.006798 0.022357 -0.020323
v -0.012577 0.019203 -0.019293
v -0.009239 0.017782 -0.020043
v -0.010924 0.021480 -0.019156
v -0.013716 0.020916 -0.019557
v -0.014165 0.023480 -0.019514
v -0.014567 0.027454 -0.019846
v -0.016638 0.025791 -0.020763
v -0.011266 0.024440 -0.019201
v -0.012083 0.026809 -0.019435
v -0.008382 0.022896 -0.019774
v -0.004272 0.017180 -0.021780
v -0.009440 0.026462 -0.019434
v -0.007252 0.025324 -0.019559
v -0.004037 0.020375 -0.022004
v -0.000638 0.018291 -0.022667
v -0.002606 0.018891 -0.022510
v -0.004949 0.023029 -0.020717
v -0.003041 0.022859 -0.021229
v -0.003847 0.026093 -0.021541
v -0.005949 0.027203 -0.020568
v 0.001505 0.022704 -0.023008
v 0.000090 0.024776 -0.021599
v -0.001267 0.027049 -0.021504
v 0.002054 0.024686 -0.023178
v 0.001211 0.026938 -0.023082
v -0.006509 0.032613 -0.009438
v -0.011336 0.036423 -0.004855
v -0.017865 0.028804 -0.020306
v -0.025445 0.028150 -0.018314
v -0.027980 0.030901 -0.019161
v -0.025424 0.029512 -0.019347
v -0.030333 0.029354 -0.019697
v -0.020928 0.028943 -0.018853
v -0.023526 0.030704 -0.018066
v -0.022870 0.028447 -0.017728
v -0.026135 0.032346 -0.018207
v -0.029691 0.033086 -0.017543
v -0.027956 0.033483 -0.017077
v -0.024050 0.031643 -0.016484
v -0.020637 0.030451 -0.018232
v -0.020767 0.031543 -0.016384
v -0.018477 0.030803 -0.016816
v -0.017852 0.032177 -0.015898
v -0.025167 0.033328 -0.015972
v -0.022555 0.032874 -0.016020
v -0.027480 0.035269 -0.014815
v -0.026674 0.041224 0.004657
v 0.002718 0.031992 -0.004960
v 0.001977 0.030836 -0.006744
v -0.030032 0.036167 -0.014598
v -0.021537 0.040297 0.001267
v -0.026748 0.036399 -0.013077
v -0.024540 0.035432 -0.013594
v -0.021706 0.034257 -0.014387
v -0.019049 0.034718 -0.013704
v -0.020030 0.035052 -0.012345
v -0.017677 0.033303 -0.014431
v -0.024892 0.037569 -0.010867
v -0.022691 0.036753 -0.011130
v -0.027786 0.038965 -0.011141
v -0.022560 0.038302 -0.010401
v -0.018640 0.036323 -0.010856
v -0.016608 0.036777 -0.009496
v 0.003236 0.031215 -0.009267
v -0.001517 0.030967 -0.009730
v -0.027641 0.042186 0.002877
v -0.016049 0.029029 -0.020298
v -0.010286 0.028408 -0.020171
v -0.009151 0.030297 -0.020424
v -0.012726 0.029114 -0.019572
v -0.010701 0.031867 -0.019369
v -0.006992 0.030963 -0.020526
v -0.015805 0.030373 -0.017903
v -0.014726 0.031862 -0.018162
v -0.015212 0.034155 -0.014545
v -0.012643 0.033154 -0.017300
v -0.011416 0.034503 -0.016644
v -0.013690 0.034548 -0.015956
v -0.008135 0.032630 -0.017426
v -0.008292 0.033532 -0.015247
v -0.002905 0.028988 -0.020870
v -0.005133 0.029564 -0.020207
v -0.005812 0.031440 -0.019006
v -0.002277 0.030780 -0.019102
v 0.000683 0.029127 -0.021354
v 0.000208 0.030205 -0.018507
v 0.003429 0.028758 -0.019467
v -0.005899 0.031792 -0.016853
v 0.002503 0.029075 -0.017001
v -0.004167 0.031544 -0.016551
v -0.000649 0.030095 -0.015742
v -0.009137 0.035090 -0.005496
v -0.016531 0.034747 -0.012261
v -0.013471 0.036326 -0.012880
v -0.011198 0.035415 -0.014001
v -0.012774 0.035170 -0.012215
v -0.008333 0.033877 -0.012855
v -0.005463 0.031827 -0.014685
v -0.014684 0.036144 -0.010019
v -0.012756 0.035360 -0.009111
v -0.009281 0.034428 -0.010224
v -0.011475 0.034457 -0.010003
v -0.007623 0.033728 -0.011105
v -0.009002 0.035018 -0.007184
v -0.011282 0.035579 -0.007122
v -0.003693 0.030946 -0.012753
v -0.001715 0.030242 -0.014042
v -0.000155 0.030095 -0.012624
v 0.002396 0.029509 -0.014289
v 0.003410 0.030910 -0.012239
v 0.001111 0.030426 -0.010346
v -0.005800 0.032157 -0.011781
v -0.020064 0.040193 0.002838
v -0.045695 0.037111 -0.005228
v -0.029922 0.040768 -0.001469
v -0.044826 0.039290 -0.006650
v -0.045257 0.038155 -0.003728
v -0.031764 0.041991 -0.000344
v -0.032832 0.042256 0.001622
v -0.045200 0.036734 0.000242
v -0.034492 0.041493 0.000455
v -0.034370 0.042298 0.003557
v -0.031226 0.041677 0.002581
v -0.036303 0.042314 0.001622
v -0.045484 0.012964 -0.013927
v -0.043164 0.009980 -0.012210
v -0.040718 0.009785 -0.013026
v -0.042580 0.012366 -0.013685
v -0.044179 0.037280 -0.001702
v -0.044862 0.015460 -0.013434
v -0.042431 0.015852 -0.014139
v -0.040264 0.012988 -0.014612
v -0.038893 0.014904 -0.014921
v -0.035292 0.041572 -0.002406
v -0.043663 0.038725 -0.004301
v -0.045514 0.009502 -0.011263
v -0.032185 0.040720 -0.001580
v -0.035336 0.041799 0.004194
v -0.042002 0.039611 -0.002782
v -0.041928 0.038042 -0.000709
v -0.046282 0.025407 -0.016144
v -0.043790 0.024783 -0.016456
v -0.044047 0.027446 -0.017734
v -0.041357 0.024425 -0.017333
v -0.042911 0.022317 -0.016053
v -0.040383 0.021750 -0.016054
v -0.037861 0.041587 0.004170
v -0.039575 0.040743 0.001016
v -0.038360 0.041545 -0.001132
v -0.046662 0.037079 0.001047
v -0.044370 0.019243 -0.013955
v -0.039380 0.017059 -0.014628
v -0.045643 0.021434 -0.014820
v -0.040233 0.040020 -0.001804
v -0.041524 0.019012 -0.014725
v -0.031266 0.040833 -0.003508
v -0.042660 0.037975 0.000466
v -0.044257 0.030651 -0.018930
v -0.046193 0.030512 -0.017730
v -0.030825 0.039015 -0.013834
v -0.041743 0.030324 -0.018481
v -0.041121 0.027976 -0.018627
v -0.040482 0.032402 -0.018689
v -0.039207 0.029575 -0.019890
v -0.045680 0.033007 -0.018301
v -0.043437 0.034727 -0.017848
v -0.041827 0.034027 -0.019154
v -0.041243 0.036471 -0.018592
v -0.038120 0.039797 -0.010787
v -0.036707 0.041011 -0.007990
v -0.036320 0.041255 -0.010130
v -0.031577 0.040865 -0.009710
v -0.033326 0.042484 -0.006968
v -0.032917 0.040395 -0.011136
v -0.043774 0.037313 -0.015618
v -0.040556 0.037938 -0.015374
v -0.033346 0.041328 -0.004216
v -0.034834 0.041618 -0.005475
v -0.037377 0.041114 -0.003366
v -0.042443 0.037901 -0.014132
v -0.044399 0.037851 -0.012468
v -0.044961 0.038551 -0.009145
v -0.042406 0.038909 -0.011543
v -0.040762 0.040225 -0.009860
v -0.042411 0.040920 -0.006966
v -0.039237 0.041795 -0.005809
v -0.039660 0.041437 -0.004145
v -0.030875 0.010497 -0.015519
v -0.031659 0.013522 -0.015238
v -0.037126 0.038928 -0.012499
v -0.032029 0.040661 -0.005963
v -0.034742 0.038427 -0.013040
v -0.039030 0.040567 -0.008401
v -0.037624 0.008325 -0.013616
v -0.038457 0.011482 -0.014153
v -0.034842 0.012945 -0.014164
v -0.034968 0.014297 -0.015127
v -0.032685 0.010000 -0.014172
v -0.042134 0.036982 0.001983
v -0.040231 0.038486 0.003048
v -0.031499 0.014376 -0.014354
v -0.034479 0.019506 -0.015989
v -0.034151 0.020627 -0.017476
v -0.031741 0.019625 -0.016136
v -0.036990 0.017224 -0.015092
v -0.038686 0.019281 -0.015730
v -0.038094 0.021189 -0.016862
v -0.038240 0.023362 -0.017646
v -0.037130 0.024058 -0.018809
v -0.035132 0.022821 -0.019267
v -0.038037 0.026718 -0.019010
v -0.035771 0.025519 -0.019806
v -0.031848 0.020909 -0.018069
v -0.031549 0.023338 -0.018635
v -0.033944 0.025351 -0.019223
v -0.030990 0.025407 -0.018814
v -0.029243 0.015437 -0.015195
v -0.029897 0.016370 -0.015778
v -0.041991 0.039241 -0.004401
v -0.034120 0.015693 -0.015061
v -0.032842 0.017154 -0.015761
v -0.035159 0.028406 -0.019698
v -0.037523 0.029565 -0.019828
v -0.036116 0.031114 -0.018684
v -0.038076 0.032474 -0.018550
v -0.035050 0.033651 -0.017816
v -0.033012 0.028233 -0.019378
v -0.032232 0.032005 -0.018928
v -0.032137 0.033935 -0.018272
v -0.037275 0.034930 -0.017535
v -0.036326 0.036240 -0.016031
v -0.038556 0.037005 -0.017122
v -0.032892 0.035024 -0.016212
v -0.031666 0.036297 -0.015391
v -0.037539 0.038117 -0.014208
v -0.045014 0.036535 0.002931
v -0.034209 0.037452 -0.014740
v 0.024378 0.027200 0.023173
v 0.026510 0.025817 0.026081
v 0.028567 0.025799 0.022441
v 0.033416 0.025575 0.025905
v 0.032463 0.025883 0.022453
v 0.027558 0.026256 0.021370
v 0.025543 0.027091 0.020802
v 0.039728 0.014110 0.025957
v 0.041208 0.011662 0.025817
v 0.043531 0.013724 0.024667
v 0.022421 0.028131 0.025395
v 0.038930 0.011635 0.027310
v 0.035374 0.013255 0.027480
v 0.023217 0.028778 0.023585
v 0.024709 0.027298 0.018224
v 0.021442 0.028786 0.019993
v 0.038754 0.024135 0.025106
v 0.035428 0.023267 0.026798
v 0.036348 0.025130 0.024231
v 0.030002 0.024559 0.007176
v 0.031249 0.024425 0.004649
v 0.027576 0.025220 0.004258
v 0.026105 0.025632 0.007626
v 0.040615 0.020281 0.026208
v 0.042876 0.020227 0.025303
v 0.039167 0.022253 0.026342
v 0.037592 0.020377 0.027033
v 0.037398 0.018333 0.027549
v 0.042144 0.022564 0.024304
v 0.040108 0.022641 0.019187
v 0.036054 0.020697 0.026415
v 0.044126 0.021545 0.024204
v 0.041224 0.009063 0.026313
v 0.043649 0.021152 0.020055
v 0.044057 0.017540 0.025223
v 0.041260 0.017057 0.025624
v 0.046284 0.014765 0.024511
v 0.038103 0.016527 0.027130
v 0.043619 0.019737 0.006102
v 0.041678 0.019582 0.003007
v 0.040029 0.020701 0.007263
v 0.044561 0.011694 0.025103
v 0.027759 0.025184 0.010509
v 0.031925 0.024886 0.011802
v 0.036172 0.022338 0.007420
v 0.033906 0.022812 0.004496
v 0.033733 0.024059 0.009163
v 0.035062 0.022952 0.009299
v 0.023925 0.026618 0.010250
v 0.034364 0.023416 0.012447
v 0.037655 0.022556 0.012306
v 0.030787 0.024939 0.013386
v 0.033155 0.024727 0.014880
v 0.026553 0.026080 0.013884
v 0.038194 0.021642 0.010075
v 0.037430 0.021687 0.004399
v 0.038995 0.020661 0.002910
v 0.041329 0.020668 0.010198
v 0.029859 0.009106 0.029468
v 0.040279 0.021685 0.014947
v 0.037379 0.022707 0.016492
v 0.028493 0.009719 0.028500
v 0.044652 0.020419 0.014070
v 0.044672 0.019633 0.008945
v 0.027535 0.026079 0.016582
v 0.034513 0.023686 0.015529
v 0.030638 0.026276 0.019698
v 0.032943 0.025784 0.019590
v 0.033382 0.024607 0.016480
v 0.036785 0.023948 0.018231
v 0.035126 0.025057 0.020315
v 0.042880 0.021113 0.017006
v 0.025807 0.025475 0.017521
v 0.027975 0.026191 0.018234
v 0.026660 0.012595 0.028596
v 0.031407 0.011425 0.028643
v 0.023593 0.011061 0.029265
v 0.035476 0.015552 0.028064
v 0.030855 0.015488 0.028623
v 0.033945 0.010377 0.028293
v 0.032463 0.022980 0.026148
v 0.031080 0.025251 0.025790
v 0.031857 0.020698 0.027441
v 0.033655 0.014180 0.028137
v 0.022356 0.026973 0.007472
v 0.022166 0.027357 0.006150
v 0.028737 0.023745 0.027301
v 0.022129 0.027806 0.011996
v 0.019827 0.028079 0.014944
v 0.023207 0.027504 0.016653
v 0.027832 0.016781 0.027849
v 0.024952 0.013962 0.028110
v 0.028390 0.014418 0.027658
v 0.024492 0.026532 0.005620
v 0.022497 0.024657 0.026486
v 0.025862 0.023266 0.026587
v 0.027775 0.021294 0.027586
v 0.033119 0.018119 0.027694
v 0.028522 0.018731 0.028044
v 0.023614 0.013570 0.027394
v 0.021298 0.010438 0.028229
v 0.021813 0.022081 0.026999
v 0.021844 0.018731 0.027622
v 0.024210 0.019116 0.027635
v 0.021183 0.015752 0.026410
v 0.021524 0.012989 0.026263
v 0.020549 0.029869 0.025424
v 0.019301 0.030661 0.024219
v 0.019075 0.027217 0.025949
v 0.011612 0.011849 0.022886
v 0.012527 0.011836 0.023901
v 0.010695 0.014560 0.022973
v 0.013005 0.013546 0.026314
v 0.010993 0.015644 0.025456
v 0.012809 0.013467 0.024348
v 0.009837 0.010256 0.023399
v 0.016172 0.028249 0.023175
v 0.016334 0.026525 0.024332
v 0.007791 0.012399 0.021233
v 0.009221 0.013186 0.022276
v 0.018786 0.024893 0.026793
v 0.015703 0.024388 0.026058
v 0.015198 0.012244 0.024795
v 0.002853 0.015539 0.021928
v 0.006152 0.017416 0.021721
v 0.001766 0.016662 0.020976
v 0.003161 0.018043 0.020290
v 0.013205 0.009270 0.023784
v 0.013894 0.024859 0.025271
v 0.014010 0.026290 0.023213
v 0.019278 0.030290 0.020206
v 0.018248 0.030549 0.021925
v 0.015192 0.008030 0.023392
v 0.014792 0.029323 0.020240
v 0.012615 0.027761 0.021390
v 0.011762 0.025602 0.023570
v 0.017622 0.022728 0.027247
v 0.019318 0.021814 0.026949
v 0.007170 0.009891 0.022896
v 0.005501 0.015014 0.021199
v 0.002810 0.012267 0.021758
v 0.008816 0.015919 0.021672
v 0.004912 0.010590 0.022142
v 0.000519 0.024857 0.017375
v 0.003247 0.023654 0.017871
v 0.004327 0.025957 0.016728
v 0.005022 0.031388 0.009477
v 0.002590 0.032390 0.008890
v 0.002463 0.032690 0.011382
v 0.003558 0.031547 0.013776
v 0.005117 0.032275 0.011775
v 0.014372 0.015722 0.025993
v 0.015874 0.013254 0.026659
v 0.016765 0.016729 0.026618
v 0.001155 0.032206 0.014716
v 0.003273 0.030702 0.015362
v 0.002758 0.028560 0.016688
v 0.001112 0.027868 0.016344
v 0.000996 0.030182 0.016038
v 0.004333 0.008424 0.023898
v 0.016874 0.020444 0.026961
v 0.013613 0.020452 0.026853
v 0.005393 0.029746 0.015840
v 0.018185 0.018170 0.027233
v 0.014666 0.018234 0.026729
v 0.018131 0.014738 0.026694
v 0.001424 0.010342 0.023666
v 0.012476 0.020821 0.025955
v 0.017196 0.010195 0.024520
v 0.000289 0.012469 0.021973
v 0.011653 0.022356 0.024559
v 0.009792 0.017869 0.024830
v 0.008290 0.020800 0.024816
v 0.010384 0.022697 0.023628
v 0.002069 0.020050 0.019611
v 0.006175 0.019650 0.020089
v 0.010646 0.025939 0.021336
v 0.010426 0.024494 0.020747
v 0.009167 0.023198 0.021818
v 0.004082 0.021706 0.018627
v 0.005637 0.024241 0.018519
v 0.007076 0.022323 0.019468
v 0.008527 0.020224 0.020303
v 0.009425 0.022908 0.020444
v 0.007862 0.023952 0.019084
v 0.007540 0.026555 0.018171
v 0.008652 0.026079 0.019033
v 0.012437 0.025803 0.020169
v 0.009307 0.020415 0.022717
v 0.011261 0.016033 0.026404
v 0.007813 0.020395 0.023273
v 0.010248 0.017671 0.023842
v 0.008666 0.017857 0.021278
v 0.011982 0.031896 0.006226
v 0.010363 0.032114 0.004643
v 0.009669 0.032029 0.006960
v 0.011762 0.015845 0.023879
v 0.018169 0.010853 0.026370
v 0.017282 0.029513 0.018718
v 0.019951 0.029115 0.018181
v 0.002675 0.032128 0.005224
v 0.006110 0.031436 0.006956
v 0.020905 0.010691 0.027050
v 0.008087 0.031529 0.009335
v 0.020277 0.027032 0.018163
v 0.017379 0.027358 0.018476
v 0.012767 0.030014 0.009201
v 0.013998 0.031490 0.007760
v 0.007924 0.031866 0.005096
v 0.014678 0.030044 0.008494
v 0.016059 0.030232 0.009518
v 0.010540 0.031251 0.009225
v 0.007361 0.031320 0.011409
v 0.006595 0.031585 0.013215
v 0.010630 0.030849 0.011937
v 0.009268 0.030971 0.013655
v 0.018294 0.028547 0.016361
v 0.017456 0.029310 0.013958
v 0.014091 0.030118 0.011198
v 0.012087 0.030322 0.014311
v 0.014767 0.029913 0.014316
v 0.019323 0.028306 0.010019
v 0.019118 0.029481 0.006592
v 0.017590 0.028841 0.010219
v 0.019656 0.028347 0.002945
v 0.016922 0.030065 0.007421
v 0.016312 0.030029 0.003536
v 0.016219 0.029777 0.012165
v 0.018628 0.028137 0.012477
v 0.006346 0.027954 0.016605
v 0.005332 0.031480 0.015090
v 0.009241 0.030750 0.015804
v 0.009219 0.027804 0.018406
v 0.010844 0.028972 0.016104
v 0.014691 0.028867 0.018586
v 0.013401 0.029487 0.016703
v 0.011113 0.028190 0.019650
v 0.015193 0.027720 0.019118
v 0.016619 0.028528 0.016661
v 0.020114 0.027307 0.016711
v 0.023922 0.026303 0.002500
v 0.041525 0.020261 0.002315
v 0.044888 0.018036 0.001177
v 0.045391 0.018803 -0.000502
v 0.033603 0.023094 0.001444
v 0.037630 0.021593 0.002136
v 0.043948 0.018981 0.004663
v 0.021204 0.027078 0.001077
v 0.041021 0.019748 -0.003040
v 0.013602 0.031298 0.004238
v 0.024431 0.025899 -0.000773
v 0.022033 0.027735 -0.002429
v 0.019557 0.029157 0.000188
v 0.017364 0.029275 -0.001828
v 0.015142 0.029913 -0.001660
v 0.022781 0.027442 -0.000541
v 0.004186 0.033446 0.000211
v 0.002613 0.033356 0.003299
v 0.008282 0.032379 0.000202
v 0.006362 0.033536 0.002781
v 0.005408 0.032416 0.003333
v 0.021179 0.025973 -0.011724
v 0.023001 0.024768 -0.015084
v 0.018215 0.025536 -0.015701
v 0.025335 0.025180 -0.011761
v 0.023733 0.026010 -0.009854
v 0.026144 0.025042 -0.008372
v 0.011742 0.031292 0.002108
v 0.025774 0.024025 -0.013794
v 0.025420 0.025853 -0.005404
v 0.021691 0.027067 -0.006723
v 0.007519 0.031859 -0.002463
v 0.012137 0.030964 -0.000634
v 0.025825 0.026280 -0.001966
v 0.029245 0.023032 -0.013741
v 0.026627 0.023174 -0.016393
v 0.028352 0.024745 0.000374
v 0.033276 0.021837 -0.014150
v 0.029597 0.022284 -0.017069
v 0.033327 0.022741 -0.010206
v 0.037019 0.021311 -0.010223
v 0.037908 0.020060 -0.014103
v 0.030966 0.023239 -0.009690
v 0.027904 0.024283 -0.010126
v 0.037117 0.021793 -0.007038
v 0.040921 0.020100 -0.012924
v 0.042683 0.019345 -0.010240
v 0.043279 0.018822 -0.013914
v 0.039032 0.020769 -0.001637
v 0.039046 0.020969 -0.003680
v 0.035339 0.022236 -0.001890
v 0.020340 0.027910 -0.004862
v 0.018296 0.027217 -0.005336
v 0.015957 0.028936 -0.004942
v 0.012154 0.030162 -0.004624
v 0.039416 0.020648 -0.008736
v 0.014073 0.029199 -0.006295
v 0.023863 0.026380 -0.006884
v 0.018704 0.027521 -0.007592
v 0.004912 0.029872 -0.013779
v 0.005959 0.028496 -0.015908
v 0.007875 0.029408 -0.011979
v 0.007467 0.028773 -0.015886
v 0.010953 0.028186 -0.013463
v 0.032211 0.023145 -0.002008
v 0.014315 0.027236 -0.013483
v 0.014529 0.026408 -0.016992
v 0.012579 0.026931 -0.015983
v 0.006848 0.030538 -0.011046
v 0.014486 0.028339 -0.010368
v 0.006034 0.031413 -0.008237
v 0.009130 0.030422 -0.008122
v 0.010074 0.029432 -0.010050
v 0.017377 0.027351 -0.010093
v 0.019280 0.026802 -0.010765
v 0.015943 0.028342 -0.008977
v 0.004470 0.031288 -0.006559
v 0.004937 0.032350 -0.004030
v 0.007084 0.031487 -0.004383
v 0.028110 0.025349 -0.000880
v 0.042208 0.020148 -0.005462
v 0.029611 0.024344 -0.005309
v 0.026427 0.025455 -0.004178
v 0.033160 0.023201 -0.006405
v 0.037293 0.021115 -0.005989
v 0.034281 0.022283 -0.004547
v 0.031853 0.023898 -0.003611
v 0.044891 0.019191 -0.006039
v 0.043083 0.019069 -0.003620
v 0.068624 0.013448 0.022837
v 0.072384 0.012727 0.020078
v 0.068752 0.013791 0.021187
v 0.069683 0.011226 0.021489
v 0.068186 0.008249 0.022608
v 0.070065 0.007665 0.022256
v 0.070990 0.009908 0.020606
v 0.075265 0.010283 0.018733
v 0.075858 0.008359 0.017498
v 0.065922 0.015719 0.021528
v 0.064382 0.015520 0.022869
v 0.063739 0.015306 0.017836
v 0.062607 0.016123 0.021487
v 0.062196 0.013196 0.023021
v 0.059223 0.017096 0.023358
v 0.061542 0.016389 0.022801
v 0.056311 0.018017 0.023441
v 0.056643 0.017146 0.018513
v 0.059308 0.014311 0.023382
v 0.056043 0.015082 0.023904
v 0.053389 0.018190 0.022016
v 0.054886 0.017912 0.019171
v 0.046493 0.017854 0.024563
v 0.049310 0.018261 0.023637
v 0.047598 0.017892 0.005666
v 0.047562 0.019418 0.010951
v 0.050879 0.016182 0.022069
v 0.051683 0.018465 0.020607
v 0.052047 0.012785 0.022423
v 0.055163 0.013141 0.023631
v 0.046618 0.020659 0.022880
v 0.048862 0.019411 0.013872
v 0.048261 0.018856 0.014805
v 0.049079 0.019506 0.022804
v 0.047800 0.019591 0.018012
v 0.070835 0.012573 0.017999
v 0.068001 0.015084 0.019365
v 0.072891 0.011516 0.020335
v 0.048430 0.013865 0.023355
v 0.073094 0.010055 0.020063
v 0.067456 0.010827 0.023095
v 0.064595 0.010501 0.023298
v 0.063272 0.012028 0.023638
v 0.074671 0.011966 0.018409
v 0.072564 0.011572 0.015541
v 0.067186 0.013105 0.007610
v 0.068872 0.012106 0.005869
v 0.067322 0.012654 0.004812
v 0.061809 0.010796 0.022311
v 0.058271 0.010201 0.023492
v 0.055212 0.016756 0.007273
v 0.056548 0.015590 0.004218
v 0.051694 0.016778 0.003768
v 0.074515 0.010390 0.013611
v 0.076310 0.010513 0.016301
v 0.074880 0.009390 0.012074
v 0.075342 0.009360 0.014796
v 0.063220 0.014203 0.004715
v 0.059888 0.014682 0.003437
v 0.062025 0.014840 0.006868
v 0.059160 0.015704 0.007650
v 0.064526 0.014400 0.007958
v 0.054038 0.010354 0.022492
v 0.052199 0.009219 0.022833
v 0.046551 0.012796 0.024453
v 0.048727 0.011882 0.023041
v 0.048599 0.009877 0.023725
v 0.046070 0.009999 0.023796
v 0.074085 0.009692 0.006863
v 0.072535 0.009330 0.003805
v 0.068952 0.012119 0.008389
v 0.073483 0.008050 0.006442
v 0.065739 0.013038 0.009414
v 0.068741 0.011968 0.010078
v 0.063259 0.015325 0.011756
v 0.066711 0.013187 0.012955
v 0.070349 0.010960 0.006614
v 0.069423 0.012198 0.014845
v 0.071325 0.011209 0.012405
v 0.066627 0.014015 0.016089
v 0.045234 0.019547 0.023837
v 0.050619 0.017730 0.006353
v 0.051434 0.017777 0.010863
v 0.055110 0.017413 0.010056
v 0.054327 0.017108 0.011002
v 0.057980 0.017052 0.013997
v 0.058826 0.016099 0.011219
v 0.061498 0.015184 0.010964
v 0.052891 0.018169 0.015419
v 0.063925 0.014717 0.013651
v 0.057337 0.017547 0.017689
v 0.059801 0.016312 0.018067
v 0.061948 0.016059 0.016299
v 0.073566 0.010193 0.009609
v 0.071112 0.009655 0.002686
v 0.064114 0.013437 0.002164
v 0.060443 0.013868 0.000156
v 0.066646 0.012724 0.002963
v 0.066530 0.010838 0.002907
v 0.065867 0.012601 0.000982
v 0.066936 0.010496 0.001012
v 0.069194 0.009306 -0.000127
v 0.066822 0.010518 -0.000751
v 0.064837 0.012675 -0.001419
v 0.070232 0.007993 -0.005075
v 0.046219 0.017826 -0.015647
v 0.045504 0.018706 -0.013348
v 0.046134 0.017842 -0.010952
v 0.048431 0.017051 -0.012343
v 0.069005 0.009628 -0.005005
v 0.048367 0.016454 -0.009307
v 0.046572 0.017725 -0.008238
v 0.045308 0.018092 -0.007309
v 0.067128 0.011139 -0.002700
v 0.062200 0.013038 -0.002957
v 0.058504 0.014539 0.000129
v 0.066155 0.011227 -0.003953
v 0.053406 0.015895 0.001102
v 0.064445 0.011979 -0.004946
v 0.064738 0.010334 -0.006638
v 0.055179 0.013071 -0.013927
v 0.052397 0.014531 -0.014668
v 0.054401 0.013775 -0.011485
v 0.058581 0.011813 -0.013790
v 0.056545 0.011755 -0.017457
v 0.058603 0.012371 -0.009306
v 0.053932 0.014093 -0.007602
v 0.048957 0.017166 0.002571
v 0.054894 0.014121 -0.003407
v 0.050322 0.016285 0.000366
v 0.057515 0.013757 -0.003116
v 0.060164 0.013416 -0.003736
v 0.061803 0.009937 -0.015294
v 0.059639 0.010779 -0.015592
v 0.060617 0.011113 -0.012149
v 0.063406 0.009647 -0.013639
v 0.061433 0.009646 -0.012816
v 0.064287 0.008021 -0.012600
v 0.065339 0.009461 -0.011729
v 0.063551 0.010501 -0.010712
v 0.062710 0.010908 -0.009006
v 0.063342 0.011378 -0.007109
v 0.061932 0.011716 -0.009605
v 0.066558 0.009495 -0.009474
v 0.066485 0.008034 -0.009655
v 0.046240 0.016796 -0.001458
v 0.050240 0.015121 -0.014000
v 0.048988 0.015759 -0.015539
v 0.050489 0.015412 -0.011805
v 0.056990 0.013425 -0.006385
v 0.060797 0.012529 -0.006167
v 0.052339 0.015277 -0.009131
v 0.050129 0.015131 -0.006793
v 0.047252 0.016585 -0.005866
v 0.047513 0.016738 -0.004279
v 0.051942 0.015168 -0.003380
v 0.049471 0.016017 -0.003463
v 0.045424 0.018081 -0.004471
v 0.045873 0.018186 -0.002231
v 0.067324 0.010461 -0.007112
v -0.025194 0.026227 0.021581
v -0.022987 0.026529 0.021175
v -0.024388 0.027609 0.021062
v -0.026991 0.026625 0.021888
v -0.029577 0.026673 0.021680
v -0.029581 0.025144 0.022716
v -0.033056 0.027832 0.021090
v -0.030887 0.029309 0.020307
v -0.032328 0.025539 0.022531
v -0.034913 0.026872 0.021437
v -0.019563 0.019849 0.021878
v -0.018179 0.018446 0.022818
v -0.015258 0.018721 0.022262
v -0.020585 0.011194 0.025851
v -0.016618 0.010310 0.025397
v -0.016640 0.012027 0.025089
v -0.039628 0.010632 0.025622
v -0.019138 0.013022 0.024629
v -0.020002 0.007914 0.026877
v -0.022936 0.023749 0.021970
v -0.021836 0.024646 0.020444
v -0.042621 0.010329 0.024838
v -0.021146 0.022055 0.021518
v -0.023948 0.020761 0.022327
v -0.024298 0.016152 0.023777
v -0.021139 0.016777 0.023587
v -0.023371 0.017842 0.023918
v -0.019120 0.022457 0.020261
v -0.025269 0.024100 0.022593
v -0.021227 0.019288 0.023334
v -0.043535 0.020495 0.020372
v -0.041462 0.017354 0.021103
v -0.040058 0.019674 0.019529
v -0.039307 0.018214 0.021332
v -0.027271 0.023190 0.023642
v -0.029684 0.021871 0.024198
v -0.029681 0.018965 0.024636
v -0.026383 0.019412 0.023889
v -0.027328 0.021291 0.024267
v -0.039611 0.021442 0.019649
v -0.030146 0.016750 0.025464
v -0.027813 0.016657 0.024639
v -0.043207 0.012358 0.023728
v -0.040103 0.013722 0.023783
v -0.043637 0.022118 0.019614
v -0.040172 0.024227 0.019423
v -0.041818 0.024823 0.017938
v -0.029258 0.015496 0.026270
v -0.039722 0.026434 0.018928
v -0.017644 0.016183 0.023306
v -0.025606 0.012742 0.026373
v -0.025953 0.014899 0.025155
v -0.023950 0.012713 0.025288
v -0.036993 0.011692 0.027722
v -0.037901 0.009801 0.030240
v -0.036168 0.011120 0.029234
v -0.042655 0.035871 0.005347
v -0.040514 0.036586 0.004686
v -0.038063 0.012466 0.026600
v -0.040914 0.035684 0.006332
v -0.037679 0.013651 0.025292
v -0.035982 0.020294 0.023882
v -0.035555 0.022429 0.022136
v -0.037500 0.019921 0.021206
v -0.032135 0.022693 0.023645
v -0.034304 0.024416 0.021887
v -0.040424 0.016484 0.022270
v -0.041225 0.014857 0.022798
v -0.041450 0.031380 0.013764
v -0.039564 0.032475 0.011753
v -0.042880 0.031122 0.012536
v -0.031460 0.019591 0.024316
v -0.033914 0.020689 0.024138
v -0.043534 0.033916 0.006510
v -0.039207 0.034747 0.008206
v -0.035246 0.013382 0.027825
v -0.040409 0.033443 0.009158
v -0.036335 0.024808 0.020463
v -0.035684 0.015549 0.026120
v -0.033213 0.018226 0.024996
v -0.036317 0.017901 0.023900
v -0.042028 0.032959 0.011277
v -0.037400 0.022034 0.019561
v -0.032160 0.015479 0.026399
v -0.031974 0.012136 0.028692
v -0.033019 0.014357 0.027465
v -0.018419 0.030093 0.017164
v -0.020371 0.028136 0.018836
v -0.016250 0.027663 0.018217
v -0.041486 0.028739 0.016536
v -0.041341 0.027810 0.018338
v -0.039534 0.029042 0.017711
v -0.033570 0.011393 0.029473
v -0.040541 0.029186 0.015329
v -0.039594 0.030630 0.014126
v -0.041054 0.029592 0.013652
v -0.037709 0.024948 0.018758
v -0.028650 0.012639 0.027290
v -0.018333 0.039462 0.014071
v -0.018600 0.037874 0.014894
v -0.016139 0.038341 0.014775
v -0.043710 0.026633 0.016608
v -0.037382 0.027225 0.018406
v -0.018862 0.024058 0.020145
v -0.020493 0.025854 0.019796
v -0.017274 0.021030 0.020982
v -0.024330 0.010515 0.027773
v -0.015992 0.022389 0.020213
v -0.017765 0.026306 0.018936
v -0.038405 0.036969 0.006745
v -0.038832 0.038529 0.005153
v -0.038136 0.015228 0.023597
v -0.015915 0.039855 0.010440
v -0.019272 0.040092 0.008905
v -0.018193 0.040297 0.011789
v -0.026640 0.010466 0.027982
v -0.027604 0.010151 0.029473
v -0.037056 0.039495 0.005307
v -0.030374 0.009662 0.030666
v -0.035533 0.038887 0.008038
v -0.035197 0.040373 0.006014
v -0.032713 0.042134 0.004629
v -0.028127 0.042232 0.005895
v -0.030608 0.042275 0.005142
v -0.031771 0.042837 0.007158
v -0.033486 0.041486 0.006702
v -0.033809 0.009996 0.031131
v -0.017818 0.039254 0.008292
v -0.017279 0.038771 0.004857
v -0.020065 0.039483 0.006885
v -0.021523 0.010080 0.026867
v -0.022744 0.040763 0.004285
v -0.024898 0.041066 0.004879
v -0.019669 0.039217 0.004469
v -0.023895 0.041102 0.006843
v -0.022312 0.040603 0.007768
v -0.015733 0.035058 0.015747
v -0.019039 0.036019 0.015141
v -0.022823 0.039676 0.014591
v -0.020647 0.040070 0.013967
v -0.024476 0.041287 0.013395
v -0.017350 0.034538 0.015820
v -0.038367 0.032079 0.013779
v -0.037345 0.034217 0.012090
v -0.036666 0.035349 0.010320
v -0.036897 0.037607 0.008572
v -0.034983 0.037679 0.011079
v -0.036089 0.033348 0.012675
v -0.033326 0.039099 0.011558
v -0.034095 0.035617 0.012070
v -0.033960 0.035218 0.014240
v -0.033146 0.037250 0.013574
v -0.038105 0.029027 0.016863
v -0.036580 0.028952 0.017089
v -0.037817 0.030514 0.015127
v -0.035754 0.031202 0.015708
v -0.033890 0.030713 0.018389
v -0.035213 0.032698 0.015155
v -0.038425 0.028572 0.018987
v -0.034807 0.028001 0.019058
v -0.032903 0.030121 0.020213
v -0.031621 0.031957 0.019324
v -0.030007 0.032975 0.019659
v -0.033563 0.033363 0.016122
v -0.033196 0.035701 0.016306
v -0.031685 0.034017 0.018368
v -0.032374 0.039399 0.014863
v -0.031447 0.035993 0.018300
v -0.031358 0.038362 0.016547
v -0.028754 0.037069 0.018189
v -0.027586 0.028748 0.020219
v -0.025368 0.030376 0.018905
v -0.020783 0.032002 0.017095
v -0.019073 0.032897 0.016209
v -0.025922 0.033405 0.017813
v -0.023594 0.033269 0.017190
v -0.026968 0.031715 0.019363
v -0.022443 0.028592 0.019730
v -0.020971 0.029997 0.018017
v -0.023327 0.031155 0.018387
v -0.025990 0.035713 0.017308
v -0.023628 0.035811 0.016361
v -0.024827 0.038723 0.015809
v -0.021593 0.034803 0.016219
v -0.020969 0.037531 0.015362
v -0.022467 0.037978 0.014795
v -0.018874 0.034181 0.016060
v -0.027200 0.037872 0.016876
v -0.028567 0.033820 0.018691
v -0.033939 0.040629 0.008713
v -0.033527 0.040113 0.011255
v -0.033244 0.041553 0.010794
v -0.030326 0.043134 0.010455
v -0.029463 0.042857 0.008258
v -0.030202 0.039589 0.010968
v -0.030147 0.040324 0.013112
v -0.026756 0.041024 0.008093
v -0.024032 0.040402 0.009365
v -0.027247 0.042313 0.008111
v -0.026812 0.041724 0.009570
v -0.021898 0.040409 0.009077
v -0.022529 0.040561 0.011345
v -0.020733 0.040661 0.011136
v -0.027994 0.040840 0.010377
v -0.024288 0.042110 0.011668
v -0.026848 0.042288 0.012535
v -0.030094 0.040201 0.014818
v -0.028016 0.039804 0.016593
v -0.027220 0.041060 0.014847
v -0.015225 0.032169 0.016167
v -0.045079 0.017274 0.020709
v -0.043081 0.015203 0.022475
v -0.043876 0.019376 0.021220
v -0.048280 0.030745 0.004646
v -0.049441 0.028471 0.004434
v -0.044576 0.013923 0.022060
v -0.046207 0.009783 0.023037
v -0.048526 0.032191 0.003448
v -0.047752 0.009749 0.020752
v -0.045418 0.010959 0.023557
v -0.044941 0.015365 0.020015
v -0.045353 0.011923 0.022189
v -0.047669 0.012584 0.020414
v -0.046738 0.031399 0.006838
v -0.045085 0.032173 0.008067
v -0.046419 0.032090 0.004615
v -0.047093 0.029965 0.005164
v -0.049536 0.027911 0.006485
v -0.043520 0.028620 0.015202
v -0.045866 0.028485 0.015050
v -0.045571 0.025822 0.016532
v -0.049902 0.026824 0.004896
v -0.049401 0.023451 0.006261
v -0.043734 0.024563 0.017493
v -0.057473 0.010131 0.004994
v -0.057864 0.010127 0.006986
v -0.054854 0.012425 0.004267
v -0.056151 0.013516 0.003334
v -0.055322 0.011634 0.005640
v -0.053879 0.013796 0.006473
v -0.054296 0.015021 0.004765
v -0.047268 0.027164 0.013545
v -0.044194 0.028414 0.012859
v -0.047507 0.025239 0.014718
v -0.042909 0.034246 0.010167
v -0.043992 0.032355 0.011123
v -0.044914 0.033230 0.004104
v -0.044461 0.033354 0.009149
v -0.043253 0.036229 0.003948
v -0.056102 0.015185 0.003689
v -0.052918 0.015956 0.006188
v -0.055110 0.016928 0.005110
v -0.054916 0.018203 0.006274
v -0.054739 0.020366 0.005511
v -0.053266 0.017971 0.007155
v -0.045996 0.031223 0.010001
v -0.045495 0.030454 0.012092
v -0.047578 0.030193 0.007620
v -0.052569 0.023739 0.005937
v -0.053640 0.024274 0.004416
v -0.051664 0.021973 0.006090
v -0.052083 0.019570 0.007159
v -0.051330 0.024538 0.004463
v -0.049424 0.023811 0.004966
v -0.048422 0.025532 0.012395
v -0.046867 0.027740 0.011498
v -0.049422 0.025395 0.010105
v -0.047223 0.030687 0.009659
v -0.058712 0.007567 0.008028
v -0.056597 0.009824 0.009098
v -0.054775 0.009588 0.009809
v -0.053490 0.012006 0.008606
v -0.047582 0.028108 0.008800
v -0.048759 0.026019 0.008961
v -0.053280 0.010323 0.010456
v -0.056403 0.008324 0.012094
v -0.050943 0.013266 0.011229
v -0.052418 0.015087 0.007711
v -0.053566 0.009868 0.012222
v -0.051802 0.014178 0.010600
v -0.051647 0.010462 0.012071
v -0.051641 0.007622 0.013989
v -0.049422 0.012192 0.012494
v -0.050476 0.010712 0.013469
v -0.050143 0.015243 0.013547
v -0.050600 0.015287 0.011430
v -0.048417 0.013672 0.014043
v -0.050445 0.010254 0.015426
v -0.049357 0.011218 0.016454
v -0.049557 0.009791 0.018189
v -0.049174 0.012789 0.018010
v -0.047774 0.013827 0.018583
v -0.048599 0.013402 0.015813
v -0.046703 0.014439 0.015964
v -0.045978 0.015675 0.019543
v -0.051677 0.016408 0.008836
v -0.052122 0.018726 0.008529
v -0.050851 0.020296 0.007928
v -0.051516 0.020078 0.010770
v -0.051282 0.016958 0.010199
v -0.049821 0.018206 0.014575
v -0.050226 0.018012 0.012815
v -0.049183 0.019906 0.013741
v -0.049561 0.023731 0.007976
v -0.050445 0.022485 0.009459
v -0.051476 0.022788 0.010916
v -0.049359 0.022812 0.013914
v -0.048639 0.020969 0.014857
v -0.049817 0.024069 0.012079
v -0.049485 0.016408 0.015229
v -0.047025 0.015754 0.017102
v -0.048106 0.015238 0.016145
v -0.047700 0.017620 0.017119
v -0.047667 0.019298 0.017383
v -0.045349 0.018673 0.019578
v -0.046242 0.020663 0.018712
v -0.046843 0.021941 0.016310
v -0.046253 0.024116 0.016489
v -0.045184 0.022790 0.018364
v -0.002827 0.017124 0.022142
v -0.000922 0.015167 0.021791
v -0.002105 0.019055 0.020566
v -0.009869 0.037759 0.012107
v -0.012734 0.038650 0.010433
v -0.011461 0.038559 0.012953
v -0.009060 0.018924 0.022244
v -0.012625 0.019832 0.022378
v -0.013125 0.017861 0.023446
v -0.004801 0.020648 0.021690
v -0.006110 0.019253 0.022013
v -0.004498 0.015602 0.022614
v -0.006447 0.016116 0.023368
v -0.004459 0.013887 0.023635
v -0.009572 0.016610 0.023559
v -0.008155 0.020017 0.020724
v -0.009812 0.020456 0.021368
v -0.012790 0.020802 0.020829
v -0.002218 0.012793 0.022726
v -0.014782 0.020723 0.020860
v -0.014700 0.025504 0.018987
v -0.012510 0.023207 0.018824
v -0.011537 0.025625 0.018317
v -0.008275 0.022431 0.019386
v -0.009871 0.023759 0.018870
v -0.009382 0.027037 0.017732
v -0.006579 0.026016 0.018461
v -0.000604 0.020019 0.020290
v -0.015513 0.039163 0.013601
v -0.004944 0.022841 0.019053
v -0.013539 0.039038 0.014112
v -0.002713 0.020850 0.019270
v -0.001924 0.023294 0.018179
v -0.000082 0.021672 0.018941
v -0.003220 0.025643 0.018036
v -0.015981 0.038559 0.006919
v -0.014362 0.038874 0.008665
v -0.013015 0.036909 0.005913
v -0.007595 0.014512 0.023891
v -0.013464 0.016100 0.023534
v -0.012052 0.014664 0.024296
v -0.005755 0.012077 0.023648
v -0.007723 0.010213 0.024988
v -0.004592 0.008245 0.025847
v -0.007948 0.012041 0.024670
v -0.015319 0.013926 0.023986
v -0.014786 0.037444 0.005323
v -0.010682 0.036009 0.005225
v -0.010952 0.036631 0.003801
v -0.008951 0.035245 0.004843
v -0.011694 0.037065 0.008009
v -0.001444 0.010434 0.024514
v -0.006346 0.034333 0.005225
v -0.003722 0.011265 0.023535
v -0.010790 0.037329 0.009624
v -0.005006 0.034565 0.004435
v -0.001442 0.033918 0.005210
v -0.000199 0.032901 0.004922
v -0.003597 0.034214 0.007743
v 0.000299 0.032483 0.007602
v -0.005970 0.032922 0.015773
v -0.005825 0.031819 0.016605
v -0.001944 0.031131 0.016723
v -0.001320 0.033408 0.014727
v -0.000609 0.030565 0.015625
v -0.000890 0.033334 0.013237
v -0.003636 0.034136 0.014097
v -0.004394 0.035030 0.012035
v -0.005939 0.034433 0.014675
v -0.013517 0.011024 0.025765
v -0.015543 0.009524 0.026446
v -0.013049 0.013382 0.024998
v -0.010075 0.012444 0.025020
v -0.010504 0.007070 0.026343
v -0.007175 0.036549 0.013324
v -0.008226 0.035806 0.015080
v -0.001425 0.027798 0.017154
v -0.009366 0.035845 0.008396
v -0.007273 0.035647 0.009005
v -0.008738 0.037241 0.011560
v -0.012550 0.036543 0.014556
v -0.007115 0.037318 0.011439
v -0.005086 0.035069 0.009674
v -0.001094 0.034081 0.008029
v -0.001741 0.033464 0.010263
v -0.004032 0.035698 0.010526
v -0.003944 0.029354 0.016984
v -0.004341 0.027486 0.017847
v 0.000583 0.032902 0.009881
v -0.001890 0.033889 0.011807
v -0.005384 0.036668 0.012353
v -0.000233 0.033890 0.011560
v -0.014774 0.029953 0.017592
v -0.013105 0.030801 0.016860
v -0.009495 0.030398 0.016901
v -0.011842 0.028727 0.017432
v -0.011059 0.031705 0.016872
v -0.007092 0.029174 0.016789
v -0.009329 0.033146 0.016329
v -0.011599 0.033303 0.016023
v -0.010477 0.036146 0.015702
v 0.053304 0.014341 -0.016883
v 0.052036 0.008238 -0.030537
v 0.048806 0.011172 -0.029730
v 0.050711 0.010563 -0.028835
v 0.052639 0.014692 -0.019347
v 0.050198 0.015274 -0.017150
v 0.048533 0.008478 -0.031751
v 0.046220 0.009977 -0.030736
v 0.048094 0.016265 -0.017769
v 0.049822 0.015196 -0.020232
v 0.053448 0.008095 -0.028424
v 0.004280 0.023441 -0.024069
v 0.051333 0.014117 -0.023428
v 0.053717 0.013219 -0.022372
v 0.046344 0.016983 -0.021604
v 0.048396 0.015571 -0.022830
v 0.047998 0.014655 -0.024090
v 0.003650 0.026134 -0.023102
v 0.008655 0.028055 -0.018115
v 0.006831 0.027044 -0.019947
v 0.005617 0.027664 -0.017524
v 0.013820 0.025732 -0.020365
v 0.010084 0.026573 -0.020660
v 0.004128 0.027685 -0.021885
v 0.005611 0.021135 -0.024663
v 0.051507 0.011277 -0.027028
v 0.010323 0.027490 -0.017714
v 0.016428 0.025094 -0.019533
v 0.055104 0.011571 -0.016660
v 0.053329 0.012849 -0.016650
v 0.061421 0.009797 -0.018988
v 0.006135 0.026350 -0.022986
v 0.059095 0.010590 -0.019832
v 0.055984 0.011311 -0.021054
v 0.059014 0.009738 -0.021348
v 0.058641 0.009648 -0.023544
v 0.021775 0.009436 -0.031044
v 0.025113 0.009627 -0.030790
v 0.023318 0.011887 -0.030683
v 0.011013 0.010475 -0.027603
v 0.007513 0.011784 -0.026714
v 0.014115 0.009635 -0.028790
v 0.012501 0.012086 -0.027774
v 0.011770 0.015242 -0.028026
v 0.009995 0.013969 -0.026823
v 0.014686 0.012816 -0.029325
v 0.006259 0.008488 -0.027339
v 0.005780 0.009643 -0.025324
v 0.008451 0.015904 -0.026241
v 0.006520 0.014043 -0.026136
v 0.053718 0.012785 -0.019044
v 0.019469 0.009594 -0.030069
v 0.016851 0.009305 -0.028493
v 0.016979 0.012332 -0.029597
v 0.020196 0.011449 -0.029889
v 0.020066 0.012810 -0.030355
v 0.024311 0.013532 -0.030239
v 0.025845 0.011662 -0.029756
v 0.011057 0.018534 -0.027385
v 0.009907 0.017423 -0.027032
v 0.014261 0.016988 -0.029307
v 0.027430 0.013923 -0.029144
v 0.023968 0.015189 -0.029007
v 0.005675 0.017349 -0.024869
v 0.013226 0.019358 -0.029050
v 0.007971 0.018981 -0.026213
v 0.012018 0.022076 -0.028546
v 0.009039 0.021582 -0.026943
v 0.010556 0.024612 -0.027048
v 0.015418 0.021038 -0.029153
v 0.012379 0.023938 -0.027868
v 0.015077 0.023577 -0.028026
v 0.007298 0.023596 -0.025729
v 0.007958 0.025213 -0.024004
v 0.012773 0.024977 -0.025475
v 0.010057 0.024940 -0.024628
v 0.011705 0.025450 -0.022571
v 0.016739 0.016351 -0.029994
v 0.015966 0.023975 -0.024310
v 0.021034 0.015564 -0.029346
v 0.019849 0.017280 -0.028975
v 0.018273 0.018412 -0.029422
v 0.016088 0.019812 -0.029927
v 0.018547 0.019871 -0.028484
v 0.026481 0.016471 -0.028327
v 0.023598 0.017015 -0.028856
v 0.021696 0.019019 -0.027924
v 0.024662 0.018637 -0.027779
v 0.021079 0.021351 -0.027901
v 0.023752 0.020755 -0.026623
v 0.017612 0.022325 -0.028123
v 0.018651 0.022753 -0.026097
v 0.019934 0.022756 -0.022856
v 0.017507 0.023040 -0.023071
v 0.026149 0.020122 -0.025405
v 0.024120 0.021399 -0.023280
v 0.050412 0.013262 -0.025982
v 0.054588 0.011836 -0.023886
v 0.052859 0.012306 -0.023220
v 0.047171 0.016365 -0.024823
v 0.046879 0.015031 -0.025797
v 0.058045 0.008086 -0.026360
v 0.038753 0.008268 -0.030667
v 0.040851 0.010835 -0.030371
v 0.043154 0.009832 -0.030801
v 0.037772 0.009553 -0.030427
v 0.049892 0.013122 -0.027562
v 0.047506 0.013939 -0.027652
v 0.028791 0.010628 -0.028650
v 0.030018 0.007793 -0.028744
v 0.031182 0.010764 -0.028141
v 0.030505 0.013256 -0.029136
v 0.033656 0.010110 -0.029703
v 0.031684 0.012614 -0.028082
v 0.034891 0.011574 -0.028421
v 0.038327 0.011367 -0.029783
v 0.034479 0.013705 -0.027809
v 0.040785 0.013021 -0.029188
v 0.038328 0.014777 -0.028033
v 0.044786 0.011431 -0.029953
v 0.030440 0.014696 -0.028447
v 0.044055 0.012882 -0.029575
v 0.045575 0.013829 -0.028603
v 0.028230 0.017983 -0.026506
v 0.030374 0.015955 -0.027054
v 0.033305 0.015689 -0.027572
v 0.035294 0.016365 -0.026289
v 0.031234 0.018159 -0.024948
v 0.028669 0.019612 -0.023839
v 0.031997 0.019570 -0.023089
v 0.032267 0.017052 -0.025465
v 0.033535 0.018287 -0.025747
v 0.036925 0.018958 -0.024687
v 0.035246 0.019591 -0.022443
v 0.041869 0.015735 -0.028422
v 0.039958 0.016030 -0.027557
v 0.043882 0.015512 -0.027925
v 0.042354 0.017608 -0.026101
v 0.045928 0.015513 -0.028263
v 0.037932 0.017200 -0.025603
v 0.039948 0.018504 -0.025289
v 0.043422 0.017868 -0.024136
v 0.039358 0.018942 -0.022253
v 0.015908 0.024114 -0.021172
v 0.019886 0.023331 -0.020529
v 0.023061 0.022435 -0.020326
v 0.026462 0.021942 -0.019650
v 0.019898 0.024375 -0.018294
v 0.021093 0.024153 -0.016102
v 0.023795 0.022816 -0.017505
v 0.054048 0.010825 -0.024635
v 0.052102 0.012652 -0.025428
v 0.031982 0.020968 -0.020943
v 0.028999 0.021245 -0.021698
v 0.035138 0.020626 -0.017537
v 0.037410 0.019647 -0.019345
v 0.042492 0.018267 -0.021291
v 0.043286 0.017916 -0.019500
v 0.045995 0.017999 -0.018304
v 0.041351 0.018755 -0.017955
v 0.056836 0.009314 -0.025388
v 0.054924 0.009446 -0.027236
v -0.051403 0.007697 -0.012273
v -0.055778 0.006969 -0.009109
v -0.054852 0.007176 -0.009238
v -0.053877 0.007929 -0.010965
v -0.049641 0.006025 -0.012423
v -0.047534 0.007920 -0.011455
v -0.057898 0.006651 -0.007169
v -0.058485 0.006441 -0.005618
v -0.056620 0.007334 -0.008158
v -0.057428 0.007888 -0.005302
v -0.058931 0.007223 -0.004361
v -0.058052 0.008280 -0.001187
v -0.058713 0.006864 -0.002057
v -0.058510 0.007748 0.000582
v -0.058384 0.007872 0.001778
v -0.011392 0.007292 -0.023381
v -0.012330 0.006888 -0.023261
v -0.007692 0.006623 -0.023880
v -0.008917 0.007998 -0.024312
v -0.009798 0.007079 -0.023341
v -0.005533 0.006094 -0.023785
v -0.003868 0.007743 -0.024128
v -0.001157 0.007553 -0.024986
v -0.003770 0.006805 -0.024995
v -0.004260 0.007306 -0.023838
v 0.001356 0.007097 -0.025409
v -0.022308 0.006929 -0.021164
v -0.023464 0.007019 -0.020475
v -0.017564 0.006069 -0.022384
v -0.018469 0.005008 -0.022155
v -0.020644 0.004966 -0.020745
v -0.020753 0.007719 -0.021643
v -0.024067 0.007649 -0.020067
v -0.025395 0.006837 -0.019130
v -0.026627 0.007039 -0.017976
v -0.028385 0.008099 -0.017202
v -0.042006 0.007900 -0.012681
v -0.042135 0.005469 -0.012687
v -0.039802 0.007028 -0.012598
v -0.047057 0.006850 -0.012093
v -0.045129 0.007653 -0.011925
v -0.030248 0.006233 -0.016092
v -0.028540 0.007321 -0.017399
v -0.037955 0.006012 -0.013340
v -0.039220 0.005881 -0.012393
v -0.035515 0.010043 -0.014295
v -0.031073 0.007777 -0.015666
v -0.035021 0.006842 -0.014285
v -0.033132 0.007792 -0.014116
v -0.033699 0.007230 -0.014487
v -0.031907 0.007010 -0.014701
v 0.036358 0.008724 0.028248
v 0.039122 0.005809 0.026639
v 0.040388 0.006960 0.026430
v 0.037078 0.005312 0.028428
v 0.042407 0.007367 0.025494
v 0.031955 0.006004 0.029117
v 0.028965 0.007234 0.029805
v 0.026308 0.008178 0.028869
v 0.033954 0.007863 0.028284
v 0.027110 0.006815 0.028660
v 0.024148 0.005678 0.029517
v 0.021373 0.006917 0.029430
v 0.015067 0.007586 0.023787
v 0.012107 0.007555 0.023673
v 0.011099 0.006784 0.024143
v 0.009406 0.007265 0.023841
v 0.008787 0.007586 0.024302
v 0.007392 0.008664 0.024767
v 0.005018 0.006972 0.025456
v 0.002964 0.007229 0.025386
v 0.002097 0.008002 0.024414
v 0.016135 0.006545 0.024403
v 0.015257 0.007290 0.026563
v 0.016257 0.006383 0.025332
v 0.016546 0.007103 0.025092
v 0.016803 0.006283 0.029395
v 0.017874 0.007927 0.029081
v 0.015449 0.006648 0.027930
v 0.070021 0.006694 0.022430
v 0.067659 0.005915 0.023209
v 0.072726 0.005943 0.020231
v 0.074740 0.007758 0.018748
v 0.074872 0.007147 0.017822
v 0.066144 0.006219 0.022868
v 0.063457 0.006706 0.022999
v 0.063950 0.007742 0.022484
v 0.060521 0.007394 0.020734
v 0.060330 0.007660 0.023004
v 0.073381 0.007824 0.019717
v 0.074182 0.007357 0.019517
v 0.076786 0.006728 0.016427
v 0.059286 0.007460 0.022755
v 0.062771 0.007648 0.021442
v 0.076348 0.007080 0.012850
v 0.077949 0.006638 0.014976
v 0.055595 0.006831 0.023684
v 0.054042 0.007681 0.023409
v 0.057315 0.006932 0.023278
v 0.052918 0.007596 0.022003
v 0.051663 0.008093 0.022524
v 0.050537 0.008090 0.022010
v 0.049469 0.008067 0.022463
v 0.047963 0.007560 0.022377
v 0.073498 0.008191 0.005057
v 0.074874 0.006875 0.005044
v 0.045149 0.007040 0.023375
v 0.045086 0.007966 0.023947
v 0.074913 0.007046 0.006952
v 0.075637 0.007359 0.008943
v 0.075848 0.006096 0.007601
v 0.075414 0.008008 0.010590
v 0.075040 0.007782 0.011473
v 0.075714 0.008078 0.012500
v 0.076864 0.006336 0.011940
v 0.073337 0.007042 0.004138
v 0.072196 0.007571 0.002831
v 0.072646 0.007722 0.003136
v 0.071978 0.006974 0.001559
v 0.071805 0.007941 0.001624
v 0.072670 0.006645 -0.000235
v 0.072565 0.007052 -0.002175
v 0.071852 0.008263 -0.001021
v 0.070138 0.009090 -0.001959
v 0.071559 0.008179 -0.002677
v 0.070291 0.006768 -0.005525
v 0.063812 0.007393 -0.014077
v 0.062250 0.008133 -0.015451
v 0.063814 0.006120 -0.015503
v 0.065289 0.007359 -0.013337
v 0.064346 0.005263 -0.013721
v 0.066271 0.007232 -0.012602
v 0.066869 0.006061 -0.011858
v 0.067432 0.006673 -0.009457
v 0.068241 0.007755 -0.008521
v 0.068645 0.007805 -0.007335
v -0.040306 0.007190 0.028580
v -0.041109 0.007806 0.026900
v -0.016972 0.007035 0.027706
v -0.020496 0.007713 0.027554
v -0.042427 0.007318 0.027539
v -0.025381 0.006905 0.028692
v -0.022994 0.008183 0.027913
v -0.027718 0.007439 0.030025
v -0.035525 0.008272 0.032047
v -0.037141 0.007887 0.031980
v -0.034279 0.007678 0.032881
v -0.030984 0.007863 0.031178
v -0.029550 0.007829 0.030654
v -0.034870 0.007881 0.031630
v -0.032845 0.006370 0.031988
v -0.038035 0.007358 0.031618
v -0.039097 0.008205 0.029560
v -0.038991 0.007463 0.030299
v -0.044644 0.007041 0.026950
v -0.043820 0.006890 0.028123
v -0.046999 0.007180 0.024399
v -0.045700 0.006828 0.025495
v -0.047690 0.005796 0.024477
v -0.048748 0.006546 0.022243
v -0.045773 0.007422 0.024667
v -0.058979 0.007703 0.002434
v -0.057934 0.007568 0.003818
v -0.059174 0.008179 0.004652
v -0.059676 0.007478 0.004774
v -0.059566 0.007642 0.006877
v -0.059972 0.006918 0.008249
v -0.059331 0.005884 0.009951
v -0.059728 0.005231 0.010818
v -0.056680 0.007339 0.011867
v -0.054729 0.007401 0.012648
v -0.051836 0.007518 0.014128
v -0.052863 0.006685 0.012756
v -0.052063 0.006301 0.014614
v -0.050249 0.007377 0.016959
v -0.050929 0.006121 0.017495
v -0.050394 0.005764 0.019054
v -0.049637 0.007097 0.019599
v -0.048999 0.005925 0.020335
v 0.000031 0.008434 0.024806
v -0.002896 0.008157 0.026377
v -0.002135 0.007879 0.026754
v -0.004808 0.007894 0.025830
v -0.001048 0.006895 0.026552
v -0.006946 0.007677 0.026696
v -0.000096 0.007401 0.024945
v -0.008524 0.007075 0.026584
v -0.010467 0.006345 0.027115
v -0.013831 0.007614 0.026460
v -0.012705 0.007736 0.026420
v -0.015465 0.006597 0.027820
v -0.016229 0.007526 0.027249
v 0.050232 0.007484 -0.030874
v 0.048957 0.007717 -0.031752
v 0.053863 0.006880 -0.030268
v 0.052460 0.005255 -0.031696
v 0.003085 0.007568 -0.025549
v 0.062482 0.008158 -0.017758
v 0.063032 0.006253 -0.016841
v 0.061982 0.007130 -0.018465
v 0.061503 0.006601 -0.020528
v 0.061194 0.007652 -0.021855
v 0.060571 0.006891 -0.023700
v 0.024284 0.007376 -0.031851
v 0.022864 0.005887 -0.030955
v 0.021875 0.006680 -0.030500
v 0.025066 0.007493 -0.031801
v 0.011077 0.006152 -0.028950
v 0.009656 0.007095 -0.028531
v 0.006860 0.007291 -0.028086
v 0.013016 0.007438 -0.029198
v 0.008876 0.007922 -0.027960
v 0.014462 0.007788 -0.029434
v 0.004111 0.007184 -0.026240
v 0.017014 0.007550 -0.029367
v 0.019998 0.004359 -0.029360
v 0.018190 0.007067 -0.029586
v 0.015810 0.007874 -0.029169
v 0.020617 0.007180 -0.029943
v 0.026318 0.006373 -0.031666
v 0.058427 0.006388 -0.027391
v 0.040370 0.007696 -0.031673
v 0.037940 0.006841 -0.032371
v 0.042225 0.006150 -0.032616
v 0.044198 0.005976 -0.032891
v 0.035959 0.007227 -0.031451
v 0.046994 0.006616 -0.032675
v 0.045271 0.005616 -0.033027
v 0.027658 0.007731 -0.030318
v 0.028361 0.006139 -0.028882
v 0.030801 0.006512 -0.029013
v 0.029768 0.007148 -0.028907
v 0.033744 0.006653 -0.029664
v 0.032306 0.005197 -0.028887
v 0.032034 0.007971 -0.028904
v 0.034831 0.007849 -0.030611
v 0.055593 0.005963 -0.029939
v 0.057430 0.005516 -0.029166
v -0.028055 0.002172 0.035817
v -0.031734 0.002611 0.037408
v -0.030407 0.001136 0.037424
v -0.028331 0.003762 0.035637
v -0.033348 0.003495 0.035973
v -0.034609 0.001201 0.037801
v -0.032840 -0.014882 0.040889
v -0.037013 -0.014672 0.040432
v -0.034869 -0.015079 0.037862
v -0.035253 -0.013364 0.043789
v -0.032095 -0.013680 0.042939
v -0.033290 -0.009578 0.041944
v -0.036237 -0.009766 0.043011
v -0.034068 -0.011885 0.043647
v -0.037639 -0.013701 0.043334
v -0.043170 -0.014008 0.043326
v -0.040638 -0.015531 0.039622
v -0.010908 -0.006751 0.037135
v -0.008858 -0.004196 0.036502
v -0.011579 -0.005222 0.036449
v -0.029348 -0.015548 0.037207
v -0.008605 -0.007367 0.037288
v -0.016086 -0.006800 0.037447
v -0.013723 -0.007393 0.036874
v -0.028481 -0.014560 0.040493
v -0.009645 -0.009384 0.037065
v -0.006001 -0.008509 0.035751
v -0.013535 -0.010352 0.037501
v -0.016898 -0.010343 0.038534
v -0.018430 -0.013037 0.036453
v -0.017630 -0.002963 0.036484
v -0.014629 -0.003318 0.036256
v -0.018226 -0.006782 0.037740
v -0.037537 -0.015593 0.037235
v -0.038297 -0.009769 0.044035
v -0.039720 -0.008478 0.043827
v -0.028964 -0.001796 0.038922
v -0.031885 -0.004302 0.040008
v -0.028331 -0.002770 0.038423
v -0.032400 -0.015383 0.036541
v -0.019829 -0.011189 0.038749
v -0.019877 -0.003917 0.037214
v -0.020444 -0.002841 0.035792
v -0.021766 -0.001567 0.035231
v -0.022851 0.000360 0.035409
v -0.025846 -0.000006 0.036562
v -0.023229 -0.003300 0.037635
v -0.042404 -0.010541 0.043818
v -0.026310 0.001830 0.036347
v -0.021946 -0.006025 0.038142
v -0.024778 -0.006061 0.038742
v -0.024502 -0.007141 0.038271
v -0.035010 -0.015433 0.035661
v -0.025500 -0.002031 0.037858
v -0.027555 -0.004556 0.038932
v -0.027291 -0.011373 0.039712
v -0.028638 -0.007614 0.039862
v -0.029848 -0.010543 0.040133
v -0.051199 -0.011901 0.035703
v -0.053249 -0.013087 0.035014
v -0.051052 -0.014504 0.037330
v -0.048554 -0.015146 0.038325
v -0.052115 -0.014709 0.034841
v -0.048685 -0.014462 0.039740
v -0.050540 -0.013138 0.038099
v -0.049958 -0.010192 0.038047
v -0.048472 -0.010522 0.039998
v -0.048611 -0.012811 0.040590
v -0.041121 -0.015900 0.035434
v -0.043231 -0.015603 0.038518
v -0.046628 -0.016765 0.035223
v -0.043388 -0.016430 0.035132
v -0.044421 -0.014537 0.040682
v -0.049907 -0.010420 0.036043
v -0.046277 -0.013670 0.042857
v -0.047604 -0.012159 0.042058
v -0.046317 -0.009517 0.042546
v -0.046180 -0.011111 0.043524
v -0.040947 -0.013126 0.044333
v -0.049702 -0.008867 0.035745
v -0.048344 -0.008509 0.038472
v -0.046561 -0.004230 0.035847
v -0.046026 -0.005599 0.038334
v -0.048147 -0.005064 0.034573
v -0.046401 -0.003579 0.037258
v -0.044368 -0.004120 0.038106
v -0.046224 -0.008395 0.041055
v -0.044055 -0.007465 0.041664
v -0.044586 -0.006514 0.040253
v -0.044012 -0.004131 0.040255
v -0.041789 -0.005484 0.042181
v -0.043577 -0.004980 0.040494
v -0.040031 -0.004619 0.041956
v -0.040362 -0.003352 0.040706
v -0.040501 -0.006227 0.043806
v -0.044689 -0.002674 0.037546
v -0.043325 -0.001799 0.038106
v -0.043843 0.000079 0.035879
v -0.045273 -0.001628 0.034373
v -0.041354 -0.001102 0.037873
v -0.040526 -0.001685 0.040072
v -0.038399 -0.000024 0.037391
v -0.022560 -0.009975 0.038520
v -0.025665 -0.009459 0.039036
v -0.030399 -0.005393 0.039793
v -0.038678 0.001993 0.035294
v -0.037574 -0.015951 0.034965
v -0.039855 -0.016905 0.033986
v -0.034453 -0.004475 0.040794
v -0.031857 -0.000646 0.039032
v -0.034321 -0.000385 0.039129
v -0.037251 -0.005329 0.042552
v -0.036737 -0.001946 0.039747
v -0.038240 -0.002500 0.040589
v -0.027971 -0.016882 0.034009
v -0.037310 0.000318 0.038460
v -0.037878 0.001843 0.035635
v -0.022188 -0.013794 0.036386
v -0.025183 -0.014163 0.038325
v -0.025223 -0.015280 0.034096
v -0.033135 -0.007363 0.041095
v -0.031784 -0.008429 0.040556
v -0.035446 -0.009515 0.042086
v -0.009935 -0.003979 0.035402
v -0.006895 -0.003028 0.034552
v -0.021999 -0.012790 0.038671
v -0.005335 -0.003982 0.034405
v -0.043608 -0.033402 -0.016307
v -0.037120 -0.034768 -0.017979
v -0.042857 -0.035348 -0.016031
v -0.040666 -0.036034 -0.017089
v -0.044481 -0.037562 -0.013872
v -0.028979 0.004941 -0.017005
v -0.048344 -0.033526 -0.013810
v -0.044903 -0.031974 -0.015137
v -0.047898 -0.036625 -0.013774
v -0.045527 -0.035919 -0.014524
v -0.031469 0.003364 -0.015710
v -0.029672 0.002808 -0.016719
v -0.036964 0.002070 -0.013148
v -0.037528 0.003109 -0.012009
v -0.035128 0.001395 -0.012985
v -0.047167 -0.036388 -0.010913
v -0.042582 -0.037755 -0.012009
v -0.029800 -0.033123 0.006156
v -0.033728 -0.033793 0.007671
v -0.031831 -0.034720 0.004953
v -0.040379 0.004415 -0.011757
v -0.039086 0.003349 -0.012193
v -0.044142 -0.037976 -0.010483
v -0.046284 -0.035709 -0.006987
v -0.035420 0.004603 -0.013550
v -0.040301 -0.038349 -0.007504
v -0.039273 -0.037965 -0.008960
v -0.037499 -0.032143 -0.017068
v -0.033394 0.002040 -0.014204
v -0.033155 0.004965 -0.014856
v -0.043342 -0.026715 -0.015778
v -0.039979 -0.027618 -0.016611
v -0.040850 -0.029160 -0.016761
v -0.044139 -0.030022 -0.015063
v -0.039133 -0.029951 -0.016820
v -0.039323 -0.024570 -0.017549
v -0.041290 -0.025587 -0.015790
v -0.047229 -0.031285 -0.014946
v -0.042489 -0.037082 -0.005210
v -0.048613 -0.029652 -0.014266
v -0.040618 -0.023179 -0.016120
v -0.047692 -0.027537 -0.014332
v -0.045057 -0.024923 -0.015410
v -0.046483 -0.025886 -0.014140
v -0.027461 -0.033863 0.005196
v -0.029436 -0.034191 0.003898
v -0.025469 -0.032803 0.004652
v -0.025647 -0.035312 0.002711
v -0.029323 -0.035907 0.001304
v -0.044250 0.003949 -0.011712
v -0.045774 0.004866 -0.010837
v -0.021910 -0.034358 0.003802
v -0.033782 -0.035239 0.004160
v -0.045887 -0.023341 -0.014135
v -0.047464 -0.021092 -0.013206
v -0.044113 -0.022413 -0.014894
v -0.040949 -0.021513 -0.014939
v -0.022626 -0.037520 0.000942
v -0.021726 -0.035635 0.002386
v -0.050354 -0.019897 -0.011940
v -0.046578 -0.017600 -0.012098
v -0.044242 -0.021445 -0.013986
v -0.044876 -0.019400 -0.013146
v -0.042530 -0.019822 -0.014101
v -0.047648 -0.023905 -0.014333
v -0.042546 0.002770 -0.011757
v -0.043941 -0.017808 -0.012542
v -0.040014 -0.015526 -0.012914
v -0.041956 -0.015963 -0.012773
v -0.043989 -0.015081 -0.013201
v -0.045273 -0.015003 -0.011884
v -0.026616 -0.037178 0.000701
v -0.023537 -0.038630 -0.000614
v -0.047869 -0.014976 -0.011317
v -0.039638 -0.013338 -0.014060
v -0.041715 -0.014544 -0.013866
v -0.045723 -0.012109 -0.012020
v -0.046026 -0.009998 -0.012899
v -0.043544 -0.011535 -0.013268
v -0.042768 -0.008930 -0.013758
v -0.040381 -0.009554 -0.014046
v -0.048049 -0.012167 -0.011721
v -0.045903 -0.007830 -0.012897
v -0.043280 -0.006807 -0.013114
v -0.044595 -0.005976 -0.012454
v -0.047615 -0.009982 -0.011738
v -0.042360 -0.003185 -0.013088
v -0.040392 -0.003919 -0.013663
v -0.043229 -0.004724 -0.012169
v -0.028166 -0.040316 -0.002164
v -0.031695 -0.035956 0.001699
v -0.038240 -0.034940 0.007103
v -0.036823 -0.036883 0.002412
v -0.036112 -0.034741 0.006149
v -0.047349 -0.005208 -0.011537
v -0.047351 -0.002556 -0.011639
v -0.042222 -0.002717 -0.012396
v -0.041450 -0.000295 -0.012394
v -0.044963 -0.002211 -0.011570
v -0.033967 -0.037732 0.000783
v -0.039574 -0.000572 -0.013131
v -0.048424 0.001104 -0.010560
v -0.046310 -0.000237 -0.011859
v -0.040011 -0.036916 0.002016
v -0.044296 0.000061 -0.011486
v -0.046475 0.001447 -0.010660
v -0.045270 0.002437 -0.011249
v -0.035855 -0.035572 -0.016205
v -0.034781 -0.035227 -0.019442
v -0.032429 -0.035816 -0.016388
v -0.033465 -0.037185 -0.011742
v -0.031154 -0.039691 -0.001397
v -0.032893 -0.039295 -0.000718
v -0.036301 -0.000802 -0.014238
v -0.034125 -0.001002 -0.013222
v -0.033873 -0.003617 -0.013972
v -0.030746 -0.035967 -0.017654
v -0.030231 -0.036352 -0.014489
v -0.031225 0.001362 -0.014680
v -0.027324 -0.036112 -0.016561
v -0.027715 -0.035710 -0.019266
v -0.048854 0.002730 -0.010276
v -0.038210 -0.037751 0.001262
v -0.025835 -0.036496 -0.014277
v -0.023883 -0.035557 -0.018567
v -0.023372 -0.036504 -0.015266
v -0.039799 -0.037095 0.000071
v -0.038797 -0.037314 -0.012197
v -0.035615 -0.036265 -0.013757
v -0.035946 -0.036817 -0.011036
v -0.029078 -0.036880 -0.011530
v -0.031280 -0.037065 -0.011553
v -0.034207 -0.037259 -0.008019
v -0.037399 -0.037760 -0.007580
v -0.032162 -0.037848 -0.008380
v -0.030837 -0.002220 -0.015133
v -0.031668 -0.001897 -0.014141
v -0.045028 -0.036088 -0.003847
v -0.046606 -0.035225 -0.004383
v -0.030393 -0.037939 -0.008052
v -0.022917 -0.037411 -0.012855
v -0.026790 -0.037915 -0.010817
v -0.024455 -0.038879 -0.006467
v -0.024600 -0.037397 -0.009184
v -0.023526 -0.038237 -0.008492
v -0.035213 -0.005203 -0.013735
v -0.032706 0.001061 -0.014824
v -0.027573 -0.038629 -0.007791
v -0.037854 -0.004388 -0.014477
v -0.035766 -0.030452 -0.018424
v -0.036017 -0.027377 -0.017863
v -0.038661 -0.008608 -0.013106
v -0.039275 -0.011047 -0.013526
v -0.032877 -0.005377 -0.014495
v -0.029057 -0.001979 -0.015860
v -0.031133 -0.005083 -0.016150
v -0.031879 -0.008297 -0.016095
v -0.033493 -0.007462 -0.014093
v -0.039226 -0.037880 -0.003260
v -0.036659 -0.038917 -0.005505
v -0.037914 -0.001540 -0.013353
v -0.038453 -0.002974 -0.014259
v -0.034133 -0.008908 -0.013300
v -0.036253 -0.009532 -0.014003
v -0.035539 -0.007034 -0.013080
v -0.039433 -0.003409 -0.013493
v -0.038178 -0.021110 -0.016188
v -0.036774 -0.020545 -0.017582
v -0.033804 -0.038907 -0.006767
v -0.029997 -0.007040 -0.017001
v -0.032773 -0.010576 -0.014438
v -0.036237 -0.038302 -0.006583
v -0.037291 -0.005540 -0.014153
v -0.034940 -0.018042 -0.016119
v -0.033660 -0.019762 -0.017986
v -0.031562 -0.017399 -0.018485
v -0.032899 -0.015849 -0.016599
v -0.036048 -0.011662 -0.014765
v -0.037936 -0.018165 -0.015212
v -0.035643 -0.014369 -0.015698
v -0.032391 -0.011767 -0.016184
v -0.038023 -0.011080 -0.014548
v -0.031428 -0.012258 -0.016673
v -0.032545 -0.014476 -0.017139
v -0.030614 -0.013174 -0.018649
v -0.029922 -0.009004 -0.016895
v -0.046020 -0.033062 0.008103
v -0.044532 -0.034267 0.004969
v -0.043403 -0.033833 0.006220
v -0.043961 -0.036528 -0.007131
v -0.043083 -0.035356 0.002860
v -0.042392 -0.035979 -0.000870
v -0.041068 -0.034430 0.006676
v -0.028254 0.001516 -0.016688
v -0.047321 -0.034313 -0.001445
v -0.037840 -0.015596 -0.014683
v -0.034271 -0.011610 -0.015021
v -0.028507 -0.005055 -0.017083
v -0.026214 0.002220 -0.018077
v -0.024943 0.000331 -0.018102
v -0.025763 -0.001565 -0.018191
v -0.027467 -0.002992 -0.017250
v -0.028466 -0.007253 -0.017668
v -0.025615 -0.003134 -0.016744
v -0.023836 -0.004252 -0.017433
v -0.062614 -0.030680 -0.007991
v -0.061834 -0.028520 -0.009586
v -0.061337 -0.031116 -0.010097
v -0.050961 -0.035350 -0.013017
v -0.050786 -0.034095 -0.007642
v -0.054155 -0.033238 -0.012336
v -0.054212 -0.033368 -0.010593
v -0.050697 -0.033790 -0.013528
v -0.061727 -0.020621 -0.008869
v -0.063640 -0.022851 -0.007454
v -0.063098 -0.019910 -0.007168
v -0.066363 -0.019741 -0.006216
v -0.057934 -0.012913 -0.008842
v -0.057320 -0.016167 -0.008313
v -0.058983 -0.014063 -0.008303
v -0.064828 -0.017751 -0.006917
v -0.064099 -0.016156 -0.007722
v -0.061676 -0.018792 -0.008255
v -0.066671 -0.017049 -0.004974
v -0.062336 -0.015043 -0.008077
v -0.060366 -0.017880 -0.008198
v -0.055853 -0.012971 -0.008504
v -0.052932 -0.030355 -0.012528
v -0.054989 -0.030106 -0.011801
v -0.059789 -0.016756 -0.008371
v -0.051766 -0.031384 -0.013496
v -0.053710 -0.025940 -0.010974
v -0.051079 -0.026144 -0.012360
v -0.051626 -0.028244 -0.012892
v -0.057800 -0.031960 -0.010281
v -0.058273 -0.031479 -0.008281
v -0.060088 -0.029352 -0.010670
v -0.057267 -0.030024 -0.011078
v -0.056534 -0.028374 -0.010425
v -0.055509 -0.033158 -0.008773
v -0.052721 -0.020042 -0.011782
v -0.049578 -0.023069 -0.013616
v -0.054481 -0.022382 -0.011765
v -0.058038 -0.026669 -0.010164
v -0.062916 -0.027557 -0.009485
v -0.062798 -0.025591 -0.008908
v -0.057798 -0.024174 -0.010154
v -0.059236 -0.023983 -0.009051
v -0.056318 -0.025304 -0.010132
v -0.061351 -0.023341 -0.008916
v -0.055632 -0.021697 -0.010665
v -0.058353 -0.021391 -0.009565
v -0.054478 -0.024103 -0.011521
v -0.051418 -0.024235 -0.012832
v -0.054094 -0.016941 -0.008887
v -0.054741 -0.015420 -0.009162
v -0.057384 -0.019754 -0.009097
v -0.066824 -0.018384 -0.003811
v -0.059944 -0.020144 -0.009522
v -0.048799 -0.024459 -0.013508
v -0.067774 -0.014119 0.004465
v -0.067267 -0.012697 0.003233
v -0.068414 -0.014621 0.003379
v -0.067868 -0.022000 -0.002965
v -0.069063 -0.020604 -0.001743
v -0.067866 -0.016361 0.005975
v -0.067016 -0.013517 0.006709
v -0.054065 -0.018587 -0.010134
v -0.055456 -0.018716 -0.008864
v -0.051791 -0.017826 -0.010480
v -0.050391 -0.015947 -0.010269
v -0.060313 -0.012675 -0.009275
v -0.051814 -0.014174 -0.010150
v -0.061763 -0.012150 -0.007974
v -0.067916 -0.017051 -0.002352
v -0.053559 -0.011210 -0.010333
v -0.069281 -0.019011 0.000184
v -0.068256 -0.013736 0.001725
v -0.069838 -0.017146 0.001449
v -0.068509 -0.015495 -0.000445
v -0.067970 -0.014619 -0.001906
v -0.067450 -0.013069 -0.000792
v -0.070285 -0.019043 0.004999
v -0.048997 -0.018138 -0.011303
v -0.070038 -0.018224 0.002917
v -0.049279 -0.011484 -0.010962
v -0.049566 -0.014138 -0.010402
v -0.070441 -0.023007 0.004938
v -0.069649 -0.024137 0.007304
v -0.070339 -0.021222 0.004477
v -0.069861 -0.020857 0.006714
v -0.070407 -0.021070 0.001333
v -0.069126 -0.016460 -0.001022
v -0.064184 -0.030031 -0.006148
v -0.067161 -0.027717 -0.004516
v -0.065634 -0.027850 -0.006143
v -0.065079 -0.029979 -0.003724
v -0.069320 -0.022624 0.001168
v -0.066481 -0.028436 -0.003042
v -0.064922 -0.028948 0.000053
v -0.061138 -0.029970 -0.002346
v -0.061207 -0.029267 0.000017
v -0.064904 -0.026313 -0.006690
v -0.067048 -0.025701 -0.005193
v -0.067310 -0.026819 0.000032
v -0.067563 -0.026035 -0.001519
v -0.066817 -0.021877 -0.006009
v -0.067657 -0.024449 -0.003856
v -0.068373 -0.024040 -0.001362
v -0.069454 -0.023757 0.000200
v -0.068527 -0.026598 0.001101
v -0.067608 -0.028553 0.000461
v -0.066977 -0.027904 0.001925
v -0.064589 -0.028158 0.003248
v -0.067229 -0.027196 0.003881
v -0.069701 -0.024846 0.003110
v -0.068649 -0.026187 0.003848
v -0.066443 -0.027657 0.004609
v -0.068490 -0.026086 0.007093
v -0.065909 -0.027473 0.006388
v -0.067290 -0.026364 0.007549
v -0.062440 -0.027843 0.007625
v -0.052077 -0.032903 -0.003593
v -0.061596 -0.028521 0.003752
v -0.066282 -0.011626 -0.002686
v -0.065891 -0.013231 -0.004994
v -0.066545 -0.014787 -0.004120
v -0.049385 -0.032269 0.006087
v -0.050240 -0.031972 0.007728
v -0.051311 -0.032083 0.004173
v -0.064023 -0.014323 -0.006463
v -0.064262 -0.012926 -0.005903
v -0.058379 -0.030695 -0.002142
v -0.054501 -0.032765 -0.005162
v -0.056355 -0.031518 -0.004673
v -0.054681 -0.031408 -0.003742
v -0.054553 -0.031336 0.000319
v -0.049342 -0.033183 -0.000602
v -0.056942 -0.029924 0.001832
v -0.053977 -0.030905 0.002706
v -0.058101 -0.029328 0.006100
v -0.055655 -0.029804 0.007195
v -0.060457 0.001083 -0.007027
v -0.059989 -0.000727 -0.006895
v -0.062849 -0.000065 -0.004391
v -0.062316 -0.001518 -0.004955
v -0.060115 0.002551 -0.006353
v -0.054932 0.000671 -0.008821
v -0.058154 -0.010833 -0.009377
v -0.058660 -0.008674 -0.009017
v -0.056244 -0.009731 -0.009262
v -0.060326 -0.011588 -0.009404
v -0.056098 -0.000809 -0.008974
v -0.060235 -0.010907 -0.008332
v -0.058528 -0.001455 -0.008135
v -0.051140 -0.010147 -0.011587
v -0.063439 -0.004493 -0.005356
v -0.061571 -0.002128 -0.005453
v -0.061477 -0.004238 -0.006594
v -0.055058 -0.010084 -0.010407
v -0.059705 0.006114 0.004208
v -0.059342 -0.003683 -0.007572
v -0.057264 -0.003422 -0.008190
v -0.060197 0.005659 0.000497
v -0.060016 0.005933 -0.002137
v -0.061874 0.004448 -0.000308
v -0.059652 0.005888 0.002180
v -0.061033 0.003544 0.001640
v -0.060245 0.003721 0.003925
v -0.048929 -0.008638 -0.011769
v -0.054842 -0.008175 -0.010996
v -0.051510 -0.007957 -0.010920
v -0.053867 -0.005351 -0.009779
v -0.050918 -0.003689 -0.010060
v -0.050053 -0.005665 -0.010376
v -0.051108 -0.005641 -0.010821
v -0.055512 -0.007088 -0.009454
v -0.056072 -0.005632 -0.008290
v -0.052769 -0.000803 -0.010136
v -0.049924 -0.002586 -0.010748
v -0.053766 -0.003064 -0.009521
v -0.050083 -0.001009 -0.010780
v -0.054613 -0.000945 -0.009423
v -0.054470 0.001917 -0.009368
v -0.055848 0.003957 -0.009025
v -0.052623 0.001877 -0.010575
v -0.062469 0.003208 0.004966
v -0.061804 0.002472 0.007611
v -0.061539 0.005027 0.006397
v -0.058939 -0.006436 -0.007569
v -0.060692 -0.008913 -0.006940
v -0.061698 0.001679 0.003863
v -0.061684 0.002047 0.001449
v -0.062540 0.003644 -0.002080
v -0.063090 0.001817 -0.001160
v -0.054533 0.005878 -0.009954
v -0.051784 0.005237 -0.011583
v -0.050143 0.004060 -0.011607
v -0.057039 0.005005 -0.007852
v -0.061682 -0.010517 -0.006702
v -0.063850 -0.006241 -0.006404
v -0.059760 0.005330 -0.004572
v -0.062028 0.002223 -0.002652
v -0.061303 0.002496 -0.004535
v -0.057792 0.003226 -0.007904
v -0.064773 -0.011115 -0.005379
v -0.064218 -0.008000 -0.005384
v -0.065576 -0.010021 -0.005348
v -0.065919 -0.009633 -0.002065
v -0.063115 0.000285 0.005405
v -0.062485 -0.000614 0.002394
v -0.063421 0.001197 0.001523
v -0.063696 -0.000077 0.007243
v -0.064468 -0.000937 0.004924
v -0.062565 0.001159 0.003474
v -0.064533 -0.001711 0.002955
v -0.067182 -0.010815 0.000877
v -0.066097 -0.004148 0.006057
v -0.065064 -0.003122 0.006089
v -0.064822 -0.003112 0.004396
v -0.066363 -0.010419 0.007723
v -0.066952 -0.011898 0.004914
v -0.066954 -0.009195 0.003307
v -0.066513 -0.010040 0.006124
v -0.065074 -0.006550 -0.004843
v -0.065417 -0.006447 -0.003249
v -0.067047 -0.007534 -0.000898
v -0.065727 -0.006843 -0.001735
v -0.065653 -0.005132 -0.001457
v -0.063757 -0.003562 -0.004982
v -0.064741 -0.001799 -0.002299
v -0.063446 -0.001457 0.000365
v -0.066394 -0.008042 0.001790
v -0.066052 -0.006084 0.001284
v -0.066280 -0.004881 0.000523
v -0.066544 -0.005406 0.003912
v -0.066056 -0.003351 0.002841
v -0.066319 -0.007192 0.007074
v -0.064965 -0.003244 0.000661
v 0.069943 0.004582 0.022078
v 0.070862 0.005295 0.020863
v 0.054464 0.003395 0.019673
v 0.056694 0.002256 0.017748
v 0.056843 0.003252 0.019248
v 0.056943 0.005132 0.020066
v 0.057804 0.004131 0.019726
v 0.054302 0.006361 0.021716
v 0.076432 0.005573 0.002572
v 0.077534 0.005448 0.006328
v 0.078929 0.003821 0.003811
v 0.068854 0.003680 0.021168
v 0.066050 0.004113 0.021641
v 0.064461 0.005733 0.021649
v 0.063350 0.004275 0.020605
v 0.062032 0.005597 0.020669
v 0.058208 0.001913 0.019613
v 0.059720 0.001907 0.019089
v 0.059766 0.005298 0.019365
v 0.059570 0.005206 0.022029
v 0.059979 -0.011396 0.003231
v 0.058684 -0.011811 0.004683
v 0.057491 -0.013091 0.002774
v 0.055130 -0.012774 0.007082
v 0.052618 -0.013594 0.005055
v 0.056728 -0.011817 0.006905
v 0.063300 0.002375 0.019672
v 0.061464 -0.009571 0.004149
v 0.059915 -0.010018 0.006501
v 0.062406 -0.010068 0.003609
v 0.059141 -0.011067 0.006878
v 0.061968 -0.009439 0.005725
v 0.079359 0.003792 0.006245
v 0.077572 0.001114 0.006265
v 0.078755 0.002907 0.004752
v 0.076841 0.005737 0.008642
v 0.063735 -0.008938 0.003285
v 0.063417 -0.010067 0.004884
v 0.078859 0.002148 0.002405
v 0.065782 -0.009563 0.004871
v 0.065427 -0.009049 0.002582
v 0.078182 0.003739 0.001257
v 0.060718 0.002902 0.019190
v 0.067025 -0.008180 0.004881
v 0.065511 -0.007934 0.006349
v 0.069648 -0.005466 0.007503
v 0.069731 -0.006706 0.005767
v 0.069266 -0.006434 0.004980
v 0.068945 -0.006034 0.002277
v 0.071869 0.005428 0.019129
v 0.069434 0.002960 0.019732
v 0.074127 0.003820 0.016882
v 0.072647 -0.003765 0.005765
v 0.072121 -0.004468 0.007387
v 0.072104 -0.004720 0.004058
v 0.069187 0.001202 0.019418
v 0.071288 0.001098 0.019313
v 0.072607 0.002205 0.018551
v 0.077897 0.004426 0.016249
v 0.078315 0.004845 0.013493
v 0.077123 0.004167 0.012682
v 0.074347 0.006053 0.002484
v 0.075184 0.003101 0.015033
v 0.074519 0.000869 0.016446
v 0.061019 0.006703 0.019734
v 0.073678 -0.002978 0.006326
v 0.073264 -0.003363 0.003361
v 0.074332 -0.002256 0.004019
v 0.074882 -0.001463 0.006161
v 0.075694 -0.001153 0.004201
v 0.077569 -0.000966 0.002846
v 0.077560 -0.000252 0.006850
v 0.065665 0.002567 0.019126
v 0.078482 0.000757 0.004129
v 0.075300 -0.000847 0.007579
v 0.076140 0.002933 0.013770
v 0.056079 -0.010729 0.010099
v 0.054609 -0.012184 0.008383
v 0.058511 -0.009423 0.009908
v 0.055947 -0.008920 0.011256
v 0.054572 -0.010243 0.009836
v 0.057830 -0.008806 0.010677
v 0.067312 0.001848 0.019481
v 0.055782 -0.007977 0.013737
v 0.057720 -0.008336 0.012667
v 0.060174 -0.006444 0.012677
v 0.060689 -0.009226 0.008708
v 0.063219 -0.008216 0.008235
v 0.058091 -0.005186 0.013661
v 0.054916 -0.006860 0.013466
v 0.060252 -0.007185 0.011194
v 0.063228 -0.007181 0.009231
v 0.066189 -0.006163 0.007922
v 0.065888 -0.005460 0.009067
v 0.067821 -0.005800 0.008926
v 0.065844 -0.004749 0.010329
v 0.063927 -0.005640 0.009492
v 0.070164 -0.004948 0.008785
v 0.063396 -0.004758 0.011391
v 0.062159 -0.003516 0.011959
v 0.063728 -0.004946 0.012369
v 0.069891 -0.005713 0.012369
v 0.067937 -0.005794 0.011688
v 0.062952 -0.004390 0.015412
v 0.064388 -0.003949 0.016132
v 0.067326 -0.004782 0.014132
v 0.068496 -0.005747 0.013690
v 0.078339 0.004092 0.007404
v 0.061514 -0.004397 0.014288
v 0.076484 0.003956 0.011325
v 0.053555 -0.006117 0.013367
v 0.054863 -0.004594 0.015490
v 0.057823 -0.004362 0.016045
v 0.057363 -0.002070 0.017115
v 0.054706 -0.001688 0.017906
v 0.058870 -0.003140 0.016071
v 0.076017 0.005220 0.010996
v 0.077051 0.002096 0.010378
v 0.056300 -0.000284 0.018288
v 0.054545 0.001950 0.018879
v 0.054040 0.000368 0.019293
v 0.066220 -0.004810 0.015362
v 0.067688 -0.004270 0.016263
v 0.069421 -0.004691 0.016447
v 0.060455 -0.002836 0.017061
v 0.062563 -0.003423 0.016708
v 0.060883 -0.002282 0.019087
v 0.065521 -0.002361 0.017081
v 0.063600 -0.003983 0.017831
v 0.064687 -0.003221 0.018192
v 0.059836 -0.000024 0.019387
v 0.064150 -0.001931 0.020171
v 0.062881 -0.000553 0.020145
v 0.065491 -0.001484 0.019179
v 0.071280 -0.003277 0.018249
v 0.068168 -0.001393 0.018387
v 0.068029 -0.001298 0.019862
v 0.066090 0.000333 0.019868
v 0.073378 -0.004212 0.008333
v 0.072697 -0.005050 0.011177
v 0.071014 -0.005190 0.013950
v 0.074409 -0.003550 0.012185
v 0.072210 -0.004328 0.014958
v 0.075116 -0.002247 0.011086
v 0.075783 0.000889 0.008612
v 0.075263 -0.000439 0.009935
v 0.075270 0.001223 0.011517
v 0.075070 -0.000242 0.013185
v 0.075143 -0.001156 0.014484
v 0.073361 -0.002989 0.015260
v 0.070732 -0.003517 0.016785
v 0.073549 -0.001601 0.018683
v 0.069916 -0.001469 0.019423
v 0.074130 0.000951 0.018466
v 0.068471 -0.005118 -0.004425
v 0.071377 -0.004120 -0.005609
v 0.073797 -0.003206 -0.004468
v 0.067676 -0.006093 -0.003500
v 0.069812 -0.003938 -0.007409
v 0.072718 -0.004521 -0.003362
v 0.069367 -0.005605 -0.001828
v 0.077148 0.004427 0.002369
v 0.072896 -0.004147 -0.000656
v 0.070655 -0.005165 -0.000321
v 0.074659 0.004181 0.000016
v 0.077956 0.000409 0.001753
v 0.077110 0.003123 -0.000162
v 0.079275 0.002766 -0.000755
v 0.077575 0.000018 0.000759
v 0.067876 -0.006807 0.001413
v 0.067573 -0.008003 0.000829
v 0.073460 0.005378 -0.001865
v 0.059238 -0.008560 -0.014223
v 0.058185 -0.010034 -0.011913
v 0.056353 -0.011024 -0.014820
v 0.056565 -0.012814 -0.012081
v 0.055038 -0.014327 -0.013357
v 0.055710 -0.011965 -0.015471
v 0.075982 -0.003022 -0.008211
v 0.073673 -0.003099 -0.007623
v 0.075651 -0.004291 -0.010262
v 0.055247 -0.014600 -0.011718
v 0.053997 -0.015345 -0.009519
v 0.055643 -0.013845 -0.007381
v 0.056598 -0.012814 -0.008330
v 0.057192 -0.011998 -0.010203
v 0.067635 -0.006777 -0.000252
v 0.058416 -0.010117 -0.008163
v 0.076534 0.003451 -0.002074
v 0.077642 0.001652 -0.003580
v 0.074681 0.003155 -0.004753
v 0.064300 -0.009550 0.001042
v 0.071532 0.004899 -0.005653
v 0.064230 -0.008925 0.000053
v 0.060495 -0.007879 -0.016767
v 0.064147 -0.007025 -0.015261
v 0.062235 -0.007212 -0.013779
v 0.062812 -0.009987 -0.001216
v 0.076557 0.000529 -0.006928
v 0.072640 0.003816 -0.007545
v 0.060247 -0.008640 -0.012069
v 0.063471 -0.006204 -0.011840
v 0.065646 -0.005747 -0.013466
v 0.067533 -0.004936 -0.014292
v 0.067354 -0.004612 -0.012763
v 0.069984 -0.004104 -0.014442
v 0.059927 -0.008824 -0.010138
v 0.062993 -0.007147 -0.010542
v 0.061342 -0.008257 -0.008261
v 0.065298 -0.006089 -0.008556
v 0.070715 -0.004082 -0.010398
v 0.068483 -0.004691 -0.009403
v 0.067159 -0.004541 -0.008383
v 0.067084 -0.003648 -0.017643
v 0.068488 -0.002266 -0.014925
v 0.066209 -0.003955 -0.015762
v 0.072838 0.002822 -0.007918
v 0.074764 0.000910 -0.009407
v 0.068852 -0.002488 -0.016932
v 0.063030 -0.009276 -0.002761
v 0.067518 -0.007135 -0.002259
v 0.068868 0.005515 -0.007294
v 0.069876 0.004291 -0.008586
v 0.076450 -0.003111 -0.012745
v 0.074400 -0.004293 -0.012221
v 0.072039 -0.003329 -0.014167
v 0.072505 -0.001776 -0.014816
v 0.070574 -0.003578 -0.016170
v 0.074784 -0.002668 -0.014236
v 0.073591 -0.000531 -0.014882
v 0.075643 -0.000975 -0.012599
v 0.072512 0.000867 -0.013081
v 0.071631 0.000621 -0.015263
v 0.070399 0.002461 -0.014257
v 0.073686 0.000857 -0.012318
v 0.069708 -0.003324 -0.009612
v 0.071804 -0.002567 -0.010290
v 0.072629 0.002755 -0.010894
v 0.077336 -0.001083 -0.010002
v 0.075824 0.000125 -0.011065
v 0.075886 -0.001608 -0.006944
v 0.071254 0.003574 -0.009605
v 0.067736 -0.006323 -0.004492
v 0.066240 -0.007601 -0.003492
v 0.064771 -0.007011 -0.005164
v 0.076163 -0.001868 0.001786
v 0.075043 -0.002774 0.001964
v 0.071671 -0.004122 0.001746
v 0.080164 0.001651 -0.000745
v 0.078644 -0.001579 -0.000780
v 0.075464 -0.003249 0.000049
v 0.080517 -0.001270 -0.003090
v 0.078589 -0.003081 -0.000325
v 0.074193 -0.003951 0.001040
v 0.063807 -0.008231 -0.005346
v 0.065462 0.003978 -0.014728
v 0.067869 0.003277 -0.014602
v 0.067743 0.003143 -0.012868
v 0.065870 0.004883 -0.012886
v 0.068783 0.004334 -0.011300
v 0.078181 -0.004142 -0.001734
v 0.075933 -0.003202 -0.001668
v 0.070689 -0.005517 0.001335
v 0.061342 -0.009924 -0.003321
v 0.060413 -0.010823 -0.001280
v 0.062038 -0.008475 -0.005744
v 0.059702 -0.009279 -0.005174
v 0.078334 0.000162 -0.005512
v 0.079928 -0.001679 -0.004846
v 0.079529 -0.002825 -0.002612
v 0.059683 -0.010961 -0.003830
v 0.067340 -0.005578 -0.006562
v 0.067891 0.002226 -0.017550
v 0.063969 -0.007438 -0.007049
v 0.070772 0.002768 -0.011527
v 0.078099 -0.003654 -0.003788
v 0.076394 -0.003455 -0.005018
v 0.077538 -0.001962 -0.005303
v 0.057107 -0.013443 -0.006054
v 0.054196 -0.016135 -0.004719
v 0.053579 -0.015140 -0.006911
v 0.056075 -0.015113 -0.003713
v 0.057881 -0.014276 -0.001867
v 0.055357 -0.014944 -0.003060
v 0.058450 -0.012705 -0.002212
v 0.056625 -0.015459 -0.000540
v 0.058244 -0.013016 -0.000441
v 0.055550 -0.015842 0.000105
v 0.054395 -0.015899 -0.001675
v 0.057630 -0.013202 0.000081
v 0.055937 -0.014051 0.000558
v 0.055529 -0.014258 0.002176
v 0.077223 -0.002444 -0.006380
v 0.061139 -0.011235 -0.000195
v 0.060403 -0.010874 0.001544
v 0.060694 -0.009265 -0.007029
v 0.051328 -0.018079 -0.015664
v 0.051508 -0.016795 -0.017640
v 0.051927 -0.016772 -0.014449
v 0.049899 -0.019670 -0.016758
v 0.049634 -0.019289 -0.018239
v 0.049962 -0.017465 -0.017719
v 0.050587 -0.017217 -0.019620
v 0.050602 -0.016709 -0.021073
v 0.050873 -0.019789 -0.016005
v 0.049976 -0.021610 -0.016535
v 0.054536 0.004712 -0.030598
v 0.052678 -0.014844 -0.019117
v 0.051877 -0.015129 -0.020433
v 0.048803 -0.022544 -0.014330
v 0.048020 -0.021334 -0.017996
v 0.047776 -0.017541 -0.020957
v 0.052870 0.004231 -0.032535
v 0.056153 0.002015 -0.032047
v 0.053859 0.002016 -0.032099
v 0.052247 0.002886 -0.032439
v 0.048926 0.004819 -0.032706
v 0.050759 0.001848 -0.033591
v 0.053228 0.000377 -0.032925
v 0.046547 0.002517 -0.032324
v 0.048283 0.002609 -0.033523
v 0.047681 -0.019585 -0.020389
v 0.027849 0.001773 -0.028723
v 0.027281 0.002484 -0.029420
v 0.028657 0.002997 -0.029164
v 0.024713 0.003240 -0.029970
v 0.027358 0.004364 -0.030221
v 0.045632 -0.020200 -0.020339
v 0.034898 0.003574 -0.031666
v 0.032733 0.002132 -0.030663
v 0.030954 0.002037 -0.029465
v 0.034320 0.002079 -0.030888
v 0.029026 0.001782 -0.030133
v 0.025125 0.000491 -0.029636
v 0.024552 -0.024854 -0.028203
v 0.020725 -0.025339 -0.027726
v 0.021557 -0.023886 -0.029368
v 0.025335 -0.023103 -0.028530
v 0.046609 -0.019321 -0.022116
v 0.024098 -0.024636 -0.026522
v 0.024872 -0.021074 -0.029776
v 0.021694 -0.021566 -0.029306
v 0.041635 0.003402 -0.033180
v 0.043306 0.002138 -0.032532
v 0.051375 -0.015851 -0.023152
v 0.023130 -0.025521 -0.025173
v 0.021040 -0.025173 -0.024623
v 0.023740 -0.025002 -0.023382
v 0.022119 -0.026444 -0.022970
v 0.049178 -0.017355 -0.023075
v 0.047552 -0.018083 -0.022160
v 0.025577 -0.023477 -0.026999
v 0.025232 -0.022655 -0.024750
v 0.026254 -0.023465 -0.023730
v 0.027300 -0.021408 -0.027597
v 0.028696 -0.022391 -0.024024
v 0.028404 -0.023660 -0.023093
v 0.029291 -0.020874 -0.023704
v 0.029888 -0.023537 -0.023196
v 0.036144 0.004799 -0.031755
v 0.038350 0.003668 -0.033038
v 0.037471 0.003058 -0.032609
v 0.021010 -0.028064 -0.021648
v 0.022910 -0.029203 -0.019323
v 0.020033 -0.030079 -0.021570
v 0.051987 -0.014815 -0.016848
v 0.025832 -0.030031 -0.017029
v 0.024427 -0.029849 -0.017521
v 0.024509 -0.027928 -0.018137
v 0.023726 -0.030579 -0.016467
v 0.021171 -0.031027 -0.019351
v 0.023054 -0.026898 -0.020484
v 0.020735 -0.031266 -0.017378
v 0.021093 -0.031712 -0.016311
v 0.023563 -0.030788 -0.014170
v 0.026109 -0.029774 -0.014612
v 0.021576 -0.031856 -0.014622
v 0.026076 -0.025144 -0.019824
v 0.025208 -0.027053 -0.019503
v 0.052504 -0.014122 -0.022974
v 0.041299 -0.000358 -0.033540
v 0.027446 -0.027366 -0.015772
v 0.027247 -0.029097 -0.014579
v 0.027948 -0.026246 -0.021534
v 0.026956 -0.025493 -0.022692
v 0.027213 -0.025589 -0.019380
v 0.029436 -0.025693 -0.019272
v 0.026563 -0.024217 -0.022715
v 0.029621 -0.026053 -0.022979
v 0.031746 -0.025148 -0.019949
v 0.031289 -0.023824 -0.022203
v 0.032193 -0.022353 -0.023787
v 0.032870 -0.023037 -0.022712
v 0.035134 -0.024460 -0.022088
v 0.035915 -0.022518 -0.022647
v 0.035776 -0.023093 -0.019957
v 0.034157 -0.023458 -0.019421
v 0.027044 -0.027171 -0.017551
v 0.031211 -0.024840 -0.018904
v 0.028787 -0.025874 -0.017907
v 0.030202 -0.025996 -0.017094
v 0.029198 -0.027651 -0.014183
v 0.030497 -0.027330 -0.015250
v 0.034190 -0.024973 -0.016771
v 0.032853 -0.025913 -0.015108
v 0.032981 -0.024127 -0.017628
v 0.037121 -0.024235 -0.016915
v 0.036089 -0.024921 -0.016119
v 0.038095 -0.022768 -0.021270
v 0.036497 -0.021817 -0.023599
v 0.041164 -0.023188 -0.019157
v 0.039083 -0.022448 -0.020732
v 0.041725 -0.021191 -0.020619
v 0.039139 -0.023391 -0.018478
v 0.039496 -0.024758 -0.017988
v 0.041457 -0.024817 -0.016814
v 0.038226 -0.024928 -0.016076
v 0.042197 -0.023806 -0.017045
v 0.042762 -0.021374 -0.018965
v 0.042940 -0.023872 -0.018414
v 0.045310 -0.021427 -0.018539
v 0.044380 -0.022924 -0.017648
v 0.041907 -0.024802 -0.014864
v 0.043842 -0.023702 -0.016216
v 0.046316 -0.022706 -0.016093
v 0.054217 -0.011644 -0.023617
v 0.053256 -0.012714 -0.018732
v 0.055836 -0.009402 -0.029489
v 0.053348 -0.009901 -0.028588
v 0.053985 -0.009592 -0.030389
v 0.052276 -0.004285 -0.032562
v 0.051856 -0.000232 -0.032357
v 0.053643 -0.002713 -0.034112
v 0.021396 0.003160 -0.029659
v 0.023541 0.001327 -0.030657
v 0.020973 0.000491 -0.030161
v 0.054532 -0.011422 -0.021236
v 0.047435 -0.000126 -0.032758
v 0.050281 0.000994 -0.032401
v 0.044461 -0.022950 -0.014094
v 0.057163 -0.002772 -0.034714
v 0.022522 -0.019214 -0.029973
v 0.025603 -0.018672 -0.029579
v 0.021074 -0.018950 -0.029468
v 0.021885 -0.016874 -0.029715
v 0.054967 -0.005592 -0.034380
v 0.024630 -0.015836 -0.029444
v 0.022453 -0.013156 -0.029372
v 0.020352 -0.014551 -0.030773
v 0.025177 -0.013561 -0.029429
v 0.023203 -0.011493 -0.028802
v 0.021292 -0.008985 -0.029330
v 0.025667 -0.009305 -0.028048
v 0.052683 -0.015976 -0.015774
v 0.048294 -0.001486 -0.032352
v 0.022834 -0.006961 -0.028898
v 0.024647 -0.006723 -0.028619
v 0.022752 -0.004597 -0.029053
v 0.020777 -0.005596 -0.029873
v 0.049775 -0.003318 -0.031853
v 0.054205 -0.013294 -0.015067
v 0.026224 -0.002808 -0.029109
v 0.023001 -0.001437 -0.029562
v 0.047279 -0.003700 -0.033437
v 0.049666 -0.004220 -0.033121
v 0.033989 -0.014660 -0.031098
v 0.032204 -0.012961 -0.030583
v 0.034986 -0.011574 -0.031830
v 0.039334 -0.011071 -0.030931
v 0.037878 -0.014543 -0.031209
v 0.031927 -0.011474 -0.031589
v 0.032583 -0.010050 -0.031106
v 0.030968 -0.012523 -0.028217
v 0.035605 -0.008430 -0.031870
v 0.040600 -0.012062 -0.030297
v 0.038724 -0.007886 -0.032087
v 0.044543 -0.009136 -0.032425
v 0.043972 -0.011795 -0.030756
v 0.042327 -0.009586 -0.031040
v 0.046736 -0.011901 -0.030489
v 0.046340 -0.009250 -0.031647
v 0.026938 -0.017912 -0.028040
v 0.027683 -0.014777 -0.028172
v 0.028526 -0.017877 -0.026026
v 0.028167 -0.020746 -0.025015
v 0.028073 -0.014574 -0.026386
v 0.027393 -0.020951 -0.023665
v 0.029475 -0.018890 -0.024573
v 0.032091 -0.019606 -0.024412
v 0.031118 -0.018009 -0.024950
v 0.030756 -0.017423 -0.026460
v 0.033370 -0.019793 -0.023711
v 0.035563 -0.019201 -0.023782
v 0.037384 -0.019832 -0.024222
v 0.033188 -0.016970 -0.024755
v 0.031848 -0.015193 -0.026331
v 0.036225 -0.017340 -0.024653
v 0.033378 -0.015373 -0.025483
v 0.027421 -0.010744 -0.028551
v 0.029996 -0.008306 -0.026934
v 0.029797 -0.011236 -0.026734
v 0.031955 -0.014773 -0.029647
v 0.034612 -0.015417 -0.029614
v 0.037192 -0.015167 -0.026522
v 0.030139 -0.012729 -0.024860
v 0.036204 -0.015224 -0.025317
v 0.038150 -0.021578 -0.023496
v 0.041085 -0.019964 -0.023647
v 0.041144 -0.020716 -0.021781
v 0.039427 -0.019860 -0.023819
v 0.038860 -0.016581 -0.024664
v 0.040194 -0.015327 -0.027589
v 0.042237 -0.017973 -0.026073
v 0.040046 -0.016663 -0.026934
v 0.041185 -0.018303 -0.024534
v 0.044397 -0.015877 -0.026035
v 0.044852 -0.017453 -0.024624
v 0.042873 -0.016589 -0.026280
v 0.042907 -0.018311 -0.023298
v 0.045745 -0.019215 -0.023843
v 0.043540 -0.018911 -0.022677
v 0.048008 -0.016909 -0.024362
v 0.046302 -0.015010 -0.025481
v 0.038621 -0.015889 -0.028890
v 0.040824 -0.015050 -0.030717
v 0.041885 -0.013088 -0.030479
v 0.042642 -0.013170 -0.029297
v 0.040091 -0.009743 -0.030903
v 0.043867 -0.014751 -0.028800
v 0.042560 -0.014708 -0.026596
v 0.046435 -0.013968 -0.027538
v 0.033133 -0.006807 -0.031927
v 0.030840 -0.009193 -0.028758
v 0.035425 -0.005186 -0.032065
v 0.036259 -0.007102 -0.032385
v 0.031915 -0.004649 -0.030770
v 0.033153 -0.004458 -0.032277
v 0.036622 -0.003851 -0.032710
v 0.031416 -0.001714 -0.030495
v 0.030055 -0.003030 -0.029505
v 0.032860 -0.000753 -0.030578
v 0.033966 -0.002388 -0.031888
v 0.031841 0.000204 -0.030276
v 0.035159 0.000438 -0.032015
v 0.037243 -0.001145 -0.032756
v 0.039676 -0.004158 -0.033832
v 0.038268 -0.005352 -0.032275
v 0.042004 -0.008245 -0.032134
v 0.042308 -0.004390 -0.034226
v 0.045209 -0.004342 -0.034241
v 0.045415 -0.005297 -0.033322
v 0.046310 -0.006994 -0.032172
v 0.047620 -0.006149 -0.033337
v 0.038772 -0.001198 -0.033132
v 0.041267 -0.001749 -0.034212
v 0.044193 -0.002598 -0.033239
v 0.044387 -0.000137 -0.033537
v 0.029160 -0.007829 -0.028799
v 0.031072 -0.006572 -0.030172
v 0.026973 -0.006838 -0.028836
v 0.028633 -0.005244 -0.028745
v 0.026474 -0.004943 -0.029264
v 0.028121 -0.002711 -0.028717
v 0.030071 -0.004606 -0.029586
v 0.029844 0.000385 -0.029780
v 0.028650 -0.000379 -0.028485
v 0.044102 -0.021082 -0.021930
v 0.043741 -0.020803 -0.020080
v 0.049069 -0.013668 -0.031060
v 0.050206 -0.010027 -0.031046
v 0.051436 -0.011394 -0.031537
v 0.052778 -0.010119 -0.033297
v 0.049904 -0.015570 -0.024657
v 0.051653 -0.021079 -0.013555
v 0.050300 -0.013596 -0.029147
v 0.048317 -0.014521 -0.029748
v 0.051514 -0.012961 -0.030448
v 0.049085 -0.013338 -0.026954
v 0.052858 -0.012246 -0.027338
v 0.053399 -0.011799 -0.029556
v 0.053654 -0.011188 -0.026178
v 0.056059 -0.010805 -0.027102
v 0.052803 -0.012884 -0.025670
v 0.052402 -0.014346 -0.024644
v 0.053928 -0.012622 -0.024660
v 0.053369 -0.007471 -0.033690
v 0.053681 -0.007953 -0.032999
v 0.055194 -0.011195 -0.017892
v 0.049173 -0.008512 -0.031769
v 0.051117 -0.008623 -0.032071
v 0.050627 -0.007370 -0.032860
v 0.055018 -0.010127 -0.031268
v 0.072155 -0.000867 -0.017370
v 0.069792 0.000884 -0.016608
v 0.068545 0.001062 -0.019123
v 0.064642 0.003907 -0.017683
v 0.071247 -0.000753 -0.021996
v 0.071755 -0.001548 -0.019864
v 0.071882 -0.002025 -0.017408
v 0.064180 0.004241 -0.019280
v 0.066816 0.003094 -0.018543
v 0.065728 0.003708 -0.020252
v 0.056103 -0.010446 -0.024842
v 0.067189 -0.003004 -0.018348
v 0.056461 -0.011917 -0.022651
v 0.063109 0.005920 -0.019004
v 0.069502 0.000219 -0.021441
v 0.068730 0.001203 -0.021091
v 0.056503 -0.007782 -0.033451
v 0.058055 -0.007060 -0.033111
v 0.056190 -0.008293 -0.031012
v 0.056378 -0.009046 -0.032334
v 0.059074 -0.007583 -0.031139
v 0.060120 -0.003699 -0.034257
v 0.060311 -0.005683 -0.033671
v 0.065553 0.003038 -0.021773
v 0.067299 0.000785 -0.022883
v 0.057651 -0.001384 -0.033126
v 0.063672 0.004181 -0.022689
v 0.068579 -0.000959 -0.024760
v 0.056633 -0.000377 -0.032149
v 0.056858 0.002351 -0.030411
v 0.059477 -0.000280 -0.031498
v 0.060004 -0.007128 -0.032821
v 0.061621 -0.006035 -0.029363
v 0.061873 -0.003316 -0.032293
v 0.061564 -0.004235 -0.030436
v 0.061305 -0.001945 -0.033269
v 0.063218 -0.000162 -0.031653
v 0.063809 -0.002254 -0.031566
v 0.062199 0.001176 -0.030970
v 0.064108 0.000962 -0.029431
v 0.057914 -0.008388 -0.027178
v 0.056635 -0.009548 -0.026099
v 0.056951 -0.008102 -0.022840
v 0.058505 -0.008722 -0.023841
v 0.058242 -0.007371 -0.026165
v 0.059235 -0.007145 -0.027828
v 0.064296 -0.004856 -0.025076
v 0.065886 -0.003671 -0.027681
v 0.064468 -0.004353 -0.028537
v 0.059190 -0.007405 -0.023356
v 0.062441 -0.005787 -0.024104
v 0.066178 -0.003817 -0.025165
v 0.064585 -0.002985 -0.028829
v 0.066415 -0.004309 -0.020486
v 0.060509 0.001986 -0.029620
v 0.062469 0.001285 -0.028886
v 0.066052 -0.001438 -0.029294
v 0.068307 -0.001907 -0.026626
v 0.066658 0.000143 -0.027525
v 0.064745 0.000987 -0.026621
v 0.062206 0.002964 -0.026840
v 0.069309 -0.001972 -0.024365
v 0.067275 -0.003299 -0.022585
v 0.066009 0.000398 -0.025534
v 0.064365 0.001992 -0.023860
v 0.062534 0.004538 -0.023508
v 0.060582 0.006258 -0.022292
v 0.056512 -0.011368 -0.020900
v 0.055250 -0.010396 -0.019531
v 0.057219 -0.009217 -0.019988
v 0.060938 0.005783 -0.024847
v 0.059893 0.005103 -0.026968
v 0.060391 0.003664 -0.028507
v 0.058269 0.002826 -0.029089
v 0.064770 -0.006372 -0.017279
v 0.056562 -0.009386 -0.016878
v 0.057406 -0.008483 -0.021350
v 0.058610 -0.007659 -0.021381
v 0.058680 -0.008048 -0.018834
v 0.058964 -0.008836 -0.017209
v 0.059865 -0.007813 -0.020443
v 0.062169 -0.007608 -0.019143
v 0.063698 -0.005949 -0.020569
v 0.064411 -0.005635 -0.017604
v 0.065965 -0.004174 -0.019325
v 0.019348 -0.020102 -0.030358
v 0.018947 -0.028298 -0.030750
v 0.018824 -0.028215 -0.027993
v 0.018574 -0.031233 -0.029199
v 0.017724 -0.018474 -0.031657
v 0.006275 -0.019519 -0.031381
v 0.003852 -0.018604 -0.029240
v 0.005240 -0.018205 -0.031698
v 0.018709 -0.017012 -0.030731
v 0.018988 -0.032322 -0.027877
v 0.018902 -0.032948 -0.025166
v 0.018071 -0.034792 -0.028093
v 0.007944 -0.019042 -0.033404
v 0.007143 -0.017246 -0.032662
v 0.009769 -0.018209 -0.032873
v 0.010501 -0.019115 -0.032239
v 0.016376 -0.020034 -0.032511
v 0.016813 -0.016805 -0.031936
v 0.017170 -0.021812 -0.032252
v 0.014401 -0.018725 -0.032349
v 0.013509 -0.021658 -0.032671
v 0.015389 -0.022945 -0.031639
v -0.021511 -0.033392 -0.023915
v -0.018571 -0.031396 -0.025424
v -0.018269 -0.034297 -0.023178
v -0.021700 -0.032586 -0.025104
v -0.019251 -0.028543 -0.023726
v -0.016886 -0.028847 -0.026107
v -0.019367 -0.023364 -0.023214
v -0.017476 -0.022567 -0.024375
v -0.018946 -0.026315 -0.023909
v -0.020281 -0.025588 -0.022646
v -0.018978 -0.020167 -0.022483
v -0.021953 -0.027686 -0.022674
v 0.003534 -0.033500 -0.032029
v 0.003897 -0.033898 -0.029824
v 0.001281 -0.035025 -0.030514
v -0.015214 -0.033583 -0.024554
v -0.008592 -0.032953 -0.024495
v -0.005503 -0.035461 -0.023690
v -0.007990 -0.034193 -0.022506
v -0.012626 -0.033126 -0.024660
v -0.011349 -0.034868 -0.022209
v 0.002253 -0.035445 -0.026048
v 0.005118 -0.033671 -0.027172
v -0.000299 -0.034684 -0.028034
v -0.006170 -0.032640 -0.026853
v -0.003212 -0.034786 -0.025895
v -0.003169 -0.033583 -0.027748
v -0.002311 -0.034516 -0.024036
v 0.000078 -0.035280 -0.025491
v -0.000017 -0.034490 -0.022814
v 0.004640 -0.034485 -0.023990
v 0.003580 -0.034569 -0.022258
v 0.001547 -0.034165 -0.022853
v 0.003694 -0.034658 -0.025820
v -0.008756 -0.028153 -0.030575
v -0.006166 -0.028646 -0.032994
v -0.009353 -0.029914 -0.030730
v 0.001099 -0.033038 -0.034398
v 0.000194 -0.031612 -0.034719
v 0.003153 -0.032104 -0.035049
v 0.003079 -0.030557 -0.035868
v 0.005296 -0.030070 -0.036377
v 0.004024 -0.027785 -0.035015
v -0.001615 -0.028911 -0.034123
v -0.004356 -0.031418 -0.033773
v -0.000730 -0.032705 -0.032771
v -0.004518 -0.031750 -0.031980
v -0.002137 -0.033498 -0.030511
v 0.002403 -0.025908 -0.033620
v -0.002434 -0.026915 -0.033786
v -0.006046 -0.026389 -0.032026
v -0.001684 -0.023824 -0.032424
v -0.005411 -0.025182 -0.031015
v -0.003551 -0.022478 -0.030897
v 0.000042 -0.024257 -0.032413
v 0.002431 -0.022743 -0.032911
v -0.000711 -0.021733 -0.032049
v -0.014781 -0.031584 -0.027277
v -0.017487 -0.030907 -0.026790
v -0.014662 -0.029234 -0.027430
v -0.012562 -0.032341 -0.027059
v -0.012432 -0.029667 -0.029126
v -0.012093 -0.027636 -0.027922
v -0.010078 -0.031328 -0.027448
v -0.008402 -0.031506 -0.027608
v -0.007619 -0.025568 -0.028937
v -0.012725 -0.026018 -0.027114
v -0.011258 -0.025848 -0.026572
v -0.008985 -0.024558 -0.026935
v -0.007357 -0.022590 -0.027510
v -0.016645 -0.025127 -0.025032
v -0.013534 -0.023006 -0.025466
v -0.013730 -0.020194 -0.023771
v -0.008929 -0.020361 -0.026342
v -0.011868 -0.020643 -0.024355
v -0.005303 -0.021012 -0.028701
v -0.022098 -0.035210 -0.020310
v -0.019106 -0.034891 -0.020536
v 0.019577 -0.029390 -0.032456
v 0.011955 -0.017554 -0.031598
v 0.011826 -0.020660 -0.031917
v 0.007642 -0.033610 -0.025541
v -0.017837 -0.035175 -0.020649
v 0.018810 -0.033592 -0.029743
v 0.019373 -0.031519 -0.032784
v -0.021942 -0.036463 -0.017126
v -0.017828 -0.035424 -0.018464
v 0.009712 -0.020100 -0.033049
v 0.010630 -0.022955 -0.034097
v 0.016888 -0.033890 -0.029769
v -0.017193 -0.036162 -0.017063
v 0.006576 -0.020362 -0.032696
v 0.007172 -0.023329 -0.032959
v 0.004032 -0.020205 -0.031910
v 0.007804 -0.034188 -0.027155
v 0.019277 -0.028413 -0.023633
v 0.009500 -0.033993 -0.026937
v 0.007315 -0.033653 -0.029997
v 0.006771 -0.033032 -0.029137
v -0.014950 -0.035065 -0.021119
v -0.022340 -0.022972 -0.022562
v 0.016730 -0.028502 -0.032616
v 0.019323 -0.027106 -0.030901
v 0.008471 -0.034479 -0.030434
v -0.009144 -0.035615 -0.020418
v -0.010019 -0.036577 -0.018345
v -0.005696 -0.035876 -0.020574
v 0.016776 -0.025634 -0.031363
v -0.013178 -0.036265 -0.017080
v -0.011386 -0.036564 -0.016831
v 0.017969 -0.023351 -0.031512
v 0.019120 -0.024565 -0.030503
v -0.003894 -0.034970 -0.022375
v 0.000169 -0.034340 -0.019996
v -0.003958 -0.035483 -0.020117
v 0.002090 -0.034053 -0.019759
v -0.007098 -0.036769 -0.017084
v -0.002903 -0.035418 -0.017590
v 0.017908 -0.033563 -0.017199
v 0.016988 -0.033270 -0.018584
v 0.018790 -0.031773 -0.020888
v -0.000203 -0.035235 -0.015844
v 0.004116 -0.034744 -0.017195
v 0.001459 -0.035461 -0.015008
v 0.001173 -0.035041 -0.018277
v 0.014668 -0.024452 -0.032936
v 0.018576 -0.030123 -0.023267
v 0.018092 -0.033456 -0.021625
v 0.018532 -0.032661 -0.023943
v 0.015707 -0.034574 -0.022295
v 0.017224 -0.035558 -0.022997
v 0.009650 -0.034281 -0.016998
v 0.011646 -0.034117 -0.019291
v 0.012703 -0.033596 -0.017830
v 0.015427 -0.034413 -0.018431
v 0.015194 -0.035923 -0.024241
v 0.014114 -0.034992 -0.021077
v 0.013809 -0.035945 -0.022547
v 0.015302 -0.026622 -0.033877
v 0.007859 -0.034345 -0.019536
v 0.010717 -0.034846 -0.020101
v 0.005303 -0.035065 -0.016426
v 0.013306 -0.026109 -0.034633
v 0.007065 -0.034569 -0.021004
v 0.001048 -0.018887 -0.031095
v 0.012068 -0.034900 -0.022610
v 0.009647 -0.034695 -0.021534
v 0.007448 -0.034864 -0.023918
v 0.005938 -0.034610 -0.022591
v -0.015901 -0.019603 -0.022691
v -0.007966 -0.018792 -0.025626
v -0.010094 -0.017479 -0.023325
v 0.011038 -0.034961 -0.023787
v -0.003589 -0.019697 -0.029304
v -0.004286 -0.017425 -0.026609
v -0.002082 -0.018343 -0.028452
v -0.000050 -0.015994 -0.028178
v 0.001552 -0.017569 -0.029315
v -0.000329 -0.018782 -0.029164
v 0.019677 -0.025593 -0.025248
v 0.015270 -0.030108 -0.034750
v 0.019488 -0.027251 -0.026508
v 0.019322 -0.025337 -0.027166
v 0.018773 -0.028120 -0.026046
v -0.020495 -0.020718 -0.020979
v -0.018541 -0.019168 -0.021221
v 0.018661 -0.029694 -0.025645
v -0.021080 -0.018647 -0.019998
v -0.018697 -0.016203 -0.020388
v -0.016800 -0.017010 -0.020717
v -0.015773 -0.018673 -0.021128
v 0.019841 -0.025842 -0.028818
v 0.014737 -0.033693 -0.032130
v -0.012806 -0.017732 -0.021745
v 0.017892 -0.033157 -0.033814
v 0.018517 -0.031362 -0.025125
v 0.007664 -0.034286 -0.032474
v 0.010576 -0.034319 -0.031879
v 0.013119 -0.034136 -0.032386
v 0.011370 -0.035515 -0.030548
v 0.005352 -0.025238 -0.033472
v 0.010303 -0.032806 -0.032972
v 0.013555 -0.035552 -0.030330
v 0.014677 -0.034260 -0.030435
v 0.011002 -0.034467 -0.028437
v 0.015205 -0.034972 -0.028643
v 0.015640 -0.036188 -0.028054
v 0.012813 -0.035182 -0.026083
v 0.013617 -0.036418 -0.027664
v 0.018604 -0.035918 -0.024897
v 0.005664 -0.034300 -0.034074
v 0.006580 -0.032598 -0.034994
v 0.008418 -0.031368 -0.036016
v 0.008558 -0.031918 -0.034663
v 0.011788 -0.030869 -0.035225
v 0.012564 -0.033180 -0.034832
v 0.009595 -0.028968 -0.036077
v 0.007770 -0.027467 -0.035723
v 0.015150 -0.033194 -0.033621
v 0.010857 -0.028634 -0.035440
v 0.007217 -0.024901 -0.033840
v 0.009364 -0.026010 -0.034904
v 0.006736 -0.027137 -0.033827
v 0.011784 -0.024323 -0.035062
v -0.013875 -0.016227 -0.021300
v -0.024610 -0.022131 -0.021083
v -0.022739 -0.025430 -0.022086
v -0.023752 0.004696 -0.019711
v -0.024492 0.001918 -0.018865
v -0.026675 0.004819 -0.018874
v -0.025574 -0.024453 -0.022574
v -0.028628 -0.024305 -0.020719
v -0.023368 0.002929 -0.018892
v -0.028827 -0.021750 -0.020203
v -0.022659 0.002954 -0.020005
v -0.020174 0.001640 -0.020802
v -0.027823 -0.026854 -0.021507
v -0.029926 -0.026405 -0.020449
v -0.022129 -0.000179 -0.019777
v -0.022676 -0.002946 -0.018754
v -0.025487 -0.028378 -0.021944
v -0.019734 -0.001223 -0.019351
v -0.030947 -0.029029 -0.020036
v -0.028686 -0.030103 -0.021758
v -0.023626 -0.031117 -0.023627
v -0.023778 -0.029332 -0.022820
v -0.024882 -0.033294 -0.022850
v -0.024987 -0.034715 -0.021432
v -0.021325 -0.007405 -0.018936
v -0.024688 -0.010225 -0.019240
v -0.026189 -0.009092 -0.018686
v -0.018961 -0.011719 -0.020105
v -0.028593 -0.034961 -0.022101
v -0.030987 -0.032659 -0.020603
v -0.022511 -0.004444 -0.018417
v -0.019316 -0.005797 -0.019474
v -0.026993 -0.033659 -0.022465
v -0.023759 -0.007424 -0.018502
v -0.027288 -0.010724 -0.019334
v -0.026742 -0.012912 -0.019453
v -0.023752 -0.012499 -0.019990
v -0.021340 -0.014156 -0.019869
v -0.020388 -0.012258 -0.019439
v -0.029451 -0.015044 -0.018959
v -0.026459 -0.015389 -0.019951
v -0.028588 -0.017219 -0.018840
v -0.034937 -0.022831 -0.018107
v -0.032513 -0.023554 -0.017960
v -0.024185 -0.015764 -0.020003
v -0.031105 -0.024238 -0.018824
v -0.029574 -0.019180 -0.019310
v -0.034599 -0.026008 -0.019013
v -0.036003 -0.022817 -0.018483
v -0.025027 -0.018447 -0.020448
v -0.023954 -0.019470 -0.020322
v -0.031492 -0.026787 -0.019591
v -0.034191 -0.032954 -0.019332
v -0.031192 -0.034518 -0.020932
v -0.034643 -0.028396 -0.019054
v -0.031267 -0.030655 -0.019682
v 0.013713 0.004480 -0.028447
v 0.008119 -0.014187 -0.031477
v 0.012756 -0.012964 -0.032531
v 0.010579 -0.015844 -0.032544
v 0.012936 -0.015510 -0.032086
v 0.013866 -0.013624 -0.031819
v 0.011741 -0.010609 -0.033084
v 0.014521 -0.011460 -0.032504
v 0.017672 0.002572 -0.029257
v 0.014911 0.001941 -0.029253
v 0.010053 -0.009729 -0.032842
v 0.009941 -0.011647 -0.032127
v 0.014544 -0.016946 -0.031332
v 0.002939 0.004317 -0.026305
v 0.016640 -0.013411 -0.032198
v 0.005671 -0.013006 -0.030918
v 0.003779 -0.014158 -0.030679
v 0.004724 -0.009622 -0.031083
v -0.007595 -0.015106 -0.024654
v -0.010208 -0.016735 -0.022660
v 0.006295 0.004639 -0.027829
v 0.010917 0.003060 -0.029881
v -0.004789 -0.015704 -0.025979
v 0.002279 -0.016969 -0.030046
v -0.001731 -0.014626 -0.026183
v 0.001021 -0.013854 -0.028743
v 0.006992 -0.012761 -0.031828
v 0.012120 0.000734 -0.029994
v -0.000422 -0.014808 -0.027355
v -0.000456 -0.011808 -0.027004
v 0.008152 -0.009189 -0.032173
v 0.002263 -0.012248 -0.029342
v -0.005426 -0.010817 -0.024610
v -0.003763 -0.012187 -0.026174
v 0.000567 -0.009339 -0.028082
v -0.007142 -0.011084 -0.023073
v -0.003057 -0.009781 -0.026244
v -0.009373 -0.013888 -0.022811
v -0.002190 -0.008672 -0.027151
v -0.004744 -0.008384 -0.024413
v -0.006415 0.000971 -0.023658
v -0.007534 -0.000731 -0.024503
v -0.009567 0.000170 -0.023137
v 0.001037 -0.006835 -0.028715
v 0.002921 -0.009910 -0.029706
v -0.006539 -0.003806 -0.024186
v -0.009430 -0.002972 -0.022964
v -0.001077 -0.007005 -0.027055
v 0.003261 -0.005665 -0.029115
v -0.007609 -0.005938 -0.023665
v 0.002042 -0.003212 -0.028040
v -0.002530 -0.005125 -0.026617
v -0.003671 -0.007297 -0.025375
v -0.004269 -0.003976 -0.025647
v -0.008359 -0.008743 -0.023027
v -0.000733 -0.002175 -0.026986
v 0.006381 -0.000699 -0.027564
v 0.005021 -0.003068 -0.028316
v 0.002193 0.001205 -0.027487
v 0.003059 -0.000235 -0.028136
v -0.003083 -0.002074 -0.026072
v -0.006285 -0.001638 -0.024313
v -0.004139 0.001126 -0.025263
v -0.001482 0.000447 -0.026220
v 0.000223 0.002536 -0.025714
v 0.008873 0.002723 -0.028953
v 0.005092 0.002817 -0.027932
v 0.019359 -0.004202 -0.029788
v -0.017633 -0.014552 -0.020341
v 0.018596 -0.001383 -0.029576
v 0.016025 -0.001179 -0.030420
v 0.006553 -0.016226 -0.031269
v -0.016906 -0.005766 -0.020242
v -0.019302 -0.002775 -0.019539
v -0.019291 -0.007720 -0.019709
v 0.016289 -0.003422 -0.030241
v -0.016690 -0.008344 -0.020356
v 0.008499 -0.000834 -0.028968
v 0.008622 -0.002772 -0.029163
v -0.017474 0.001421 -0.021955
v 0.015100 -0.002870 -0.030238
v 0.018949 -0.006237 -0.030898
v 0.016764 -0.005643 -0.030380
v -0.015778 -0.014837 -0.021163
v 0.018045 -0.008804 -0.031645
v -0.012235 -0.014950 -0.021986
v -0.014649 -0.011783 -0.020584
v -0.008069 -0.012312 -0.022182
v -0.009236 -0.010275 -0.021582
v -0.012873 -0.011348 -0.020482
v -0.010761 -0.011265 -0.020669
v -0.014468 -0.007155 -0.020442
v -0.012977 -0.008662 -0.019730
v -0.011987 -0.008759 -0.020548
v -0.016444 -0.004137 -0.020003
v -0.013509 -0.005150 -0.021422
v -0.010127 -0.006806 -0.021983
v -0.012021 -0.002879 -0.021158
v -0.011450 -0.003758 -0.021892
v -0.014486 -0.002290 -0.020671
v -0.012446 -0.001304 -0.021964
v -0.015213 0.000709 -0.021351
v -0.014030 0.001037 -0.022217
v -0.013162 0.002503 -0.022361
v -0.010683 0.002387 -0.022856
v -0.008938 0.003367 -0.023562
v 0.015753 -0.006112 -0.031346
v -0.009880 0.005163 -0.023290
v -0.012224 0.003811 -0.023378
v -0.015210 0.002592 -0.022962
v -0.004668 0.003713 -0.024117
v -0.001824 0.005355 -0.025438
v 0.018784 -0.012189 -0.030919
v 0.012221 -0.004587 -0.030397
v 0.007672 -0.004506 -0.029466
v -0.019801 0.003422 -0.021261
v -0.017186 0.003240 -0.022029
v 0.010465 -0.007253 -0.031155
v 0.005311 -0.007070 -0.029896
v 0.007988 -0.006320 -0.030996
v 0.012386 -0.006205 -0.031626
v -0.014765 0.004879 -0.023019
v 0.013106 -0.008300 -0.032627
v 0.013355 -0.007816 0.024611
v 0.015107 -0.008078 0.021393
v 0.016605 -0.005634 0.023810
v 0.020871 -0.001880 0.023887
v 0.016092 -0.004152 0.025981
v 0.018685 0.002917 0.030632
v 0.017989 0.001401 0.031730
v 0.021860 0.001764 0.030553
v 0.018931 0.005161 0.029397
v 0.020179 0.004291 0.030425
v 0.015890 0.004090 0.028173
v 0.017075 0.002305 0.029282
v 0.014753 0.004639 0.026100
v 0.013504 0.005517 0.024688
v 0.015673 0.002817 0.027122
v 0.016903 -0.006705 0.022520
v 0.013561 0.005748 0.027063
v -0.001423 -0.023754 0.010012
v -0.000052 -0.022237 0.009504
v -0.000745 -0.021523 0.012763
v 0.013458 0.002087 0.026314
v 0.011563 0.000311 0.028129
v 0.011557 0.001283 0.028795
v 0.008766 0.001019 0.027617
v 0.002405 0.002570 0.027841
v 0.003661 0.001689 0.028720
v 0.006655 0.002771 0.026695
v 0.002555 -0.020355 0.010815
v 0.001636 -0.020679 0.012698
v 0.009656 0.003571 0.026609
v 0.007015 -0.000947 0.029695
v 0.005204 0.000393 0.028641
v -0.001034 -0.020709 0.015455
v 0.013722 -0.004994 0.028910
v 0.011833 -0.006823 0.027165
v 0.004631 -0.016957 0.016415
v 0.002034 -0.019285 0.016589
v 0.008560 -0.001130 0.029475
v -0.001184 -0.020441 0.019393
v 0.013070 0.002899 0.027306
v 0.008137 -0.012662 0.022298
v 0.006229 -0.012141 0.025467
v 0.006244 -0.013595 0.021832
v 0.001442 -0.018260 0.021027
v 0.011709 0.003724 0.025964
v 0.005227 -0.016374 0.018195
v 0.003720 -0.016063 0.020669
v 0.001449 -0.017864 0.023781
v 0.012176 0.004986 0.024214
v 0.010210 0.005036 0.025050
v -0.001069 -0.018819 0.024534
v -0.002724 -0.020039 0.023644
v -0.000619 -0.019314 0.022655
v -0.001222 -0.021250 0.020475
v 0.002463 -0.016177 0.024602
v 0.008117 0.004883 0.025386
v 0.000194 -0.016181 0.026724
v 0.010352 -0.010590 0.022417
v -0.002017 -0.016911 0.027151
v -0.002053 -0.018070 0.024653
v 0.009859 -0.009816 0.024577
v 0.003291 -0.014754 0.025879
v 0.002473 -0.013101 0.029279
v 0.000247 -0.013994 0.028585
v 0.004317 -0.013582 0.027593
v 0.022467 0.001204 0.031624
v 0.020309 -0.001226 0.031406
v 0.003442 0.005006 0.027254
v 0.005073 -0.015399 0.021753
v 0.000077 -0.011405 0.031143
v 0.003035 -0.009326 0.033301
v 0.001542 -0.010953 0.030613
v 0.008229 -0.013667 0.019675
v -0.001480 -0.009763 0.032074
v -0.003518 -0.011970 0.030964
v 0.004723 -0.011183 0.030500
v 0.003798 -0.010529 0.031434
v 0.010344 -0.008716 0.027852
v 0.008774 -0.011168 0.025062
v 0.018151 0.000503 0.030123
v 0.020737 -0.001852 0.028551
v 0.000879 -0.008994 0.033619
v 0.007201 -0.011036 0.026614
v 0.002380 -0.007552 0.033387
v -0.000187 -0.007558 0.033452
v 0.000053 -0.004289 0.034258
v -0.001868 -0.006764 0.034354
v 0.006652 -0.009430 0.032859
v 0.003608 -0.004889 0.031921
v 0.001888 -0.002730 0.032977
v 0.000965 0.001900 0.028986
v 0.000837 0.000372 0.031252
v 0.003687 0.000207 0.029401
v 0.001903 -0.001549 0.031816
v 0.005130 -0.001613 0.030954
v 0.014192 0.001688 0.028275
v 0.016960 0.001451 0.027522
v 0.014138 -0.001025 0.028548
v 0.010463 -0.000633 0.029929
v -0.000364 -0.001727 0.033413
v 0.012971 -0.009154 0.020410
v -0.001053 0.001122 0.030798
v 0.018527 -0.000333 0.028158
v 0.010709 -0.003947 0.030994
v -0.003501 -0.001366 0.033918
v -0.000531 0.003398 0.029034
v -0.001106 0.005166 0.027960
v 0.007797 -0.002432 0.030512
v 0.012346 -0.002282 0.029835
v 0.015477 -0.003515 0.027226
v 0.008264 -0.005220 0.030395
v 0.005791 -0.004080 0.031631
v 0.005774 -0.006033 0.032356
v 0.006200 -0.007311 0.031634
v 0.012429 -0.005716 0.030024
v 0.009671 -0.007537 0.030250
v 0.008110 -0.009398 0.028540
v 0.004345 -0.021409 0.008397
v 0.006531 -0.017342 0.011860
v 0.007137 -0.015199 0.017107
v 0.009475 -0.015287 0.012011
v 0.008356 -0.017578 0.009129
v 0.010783 -0.014097 0.013595
v 0.012944 -0.013716 0.010583
v 0.012327 -0.015413 0.009634
v 0.014972 -0.011361 0.014808
v 0.013216 -0.012807 0.012359
v 0.017378 -0.012020 0.010276
v 0.008784 -0.014000 0.014783
v 0.020620 -0.001315 0.026114
v 0.016532 -0.000099 0.026321
v 0.020164 -0.001004 0.025165
v 0.021630 -0.008950 0.011935
v 0.018738 -0.010138 0.012101
v 0.020710 -0.009972 0.010191
v 0.017893 -0.009939 0.014646
v 0.016026 0.000417 0.027470
v 0.014719 -0.001335 0.026627
v 0.010925 -0.011819 0.019902
v 0.011362 -0.011571 0.016675
v 0.010230 -0.012871 0.017220
v 0.012537 -0.009606 0.018964
v 0.015178 -0.010171 0.016703
v 0.020762 -0.007172 0.014698
v 0.015649 -0.008324 0.018084
v 0.019463 -0.006664 0.017857
v 0.019199 -0.005833 0.019183
v 0.020155 -0.002977 0.022128
v 0.021150 -0.005215 0.018254
v 0.021873 -0.003607 0.020823
v -0.008951 0.004798 0.028922
v -0.012662 0.004002 0.029073
v -0.009400 0.003817 0.029863
v -0.009289 0.001244 0.031213
v -0.011187 0.002604 0.031384
v -0.004245 0.001854 0.030630
v -0.005268 0.004367 0.029613
v -0.005017 0.006478 0.027178
v -0.006844 0.002458 0.030189
v -0.003843 0.006227 0.026839
v -0.017209 0.004334 0.029315
v -0.012225 0.001669 0.031631
v -0.014884 0.002296 0.031270
v -0.018150 0.003464 0.030905
v -0.017133 0.001231 0.032286
v -0.020123 0.006458 0.028663
v -0.004479 -0.005656 0.034388
v -0.007292 -0.001041 0.033273
v -0.005048 0.001146 0.031612
v -0.003090 -0.008593 0.033736
v -0.004046 -0.000063 0.032113
v -0.023692 -0.026549 0.012755
v -0.021452 -0.027147 0.011405
v -0.018540 -0.026994 0.012304
v -0.019955 -0.025003 0.014110
v -0.022751 -0.024616 0.015627
v -0.019625 -0.022449 0.017862
v -0.021812 -0.023291 0.016530
v -0.016196 -0.024285 0.015940
v -0.026699 -0.027003 0.011744
v -0.021140 -0.021721 0.020230
v -0.016276 -0.022213 0.020189
v -0.023633 -0.021898 0.019825
v -0.007976 -0.000103 0.031945
v -0.010547 -0.000413 0.033154
v -0.018962 -0.021732 0.021470
v -0.017642 -0.025869 0.014115
v -0.012973 0.005501 0.027650
v -0.006541 -0.010410 0.033396
v -0.015800 -0.026793 0.012995
v -0.011932 -0.028966 0.011496
v -0.015214 0.000718 0.033443
v -0.017796 -0.029647 0.009262
v -0.008915 -0.029341 0.011950
v -0.006993 -0.027893 0.009151
v -0.007965 -0.028034 0.012282
v -0.016276 -0.030533 0.009362
v -0.010127 -0.030048 0.010285
v -0.008765 -0.002856 0.033751
v -0.012155 -0.027542 0.013832
v -0.022496 0.005446 0.029706
v -0.020211 0.005141 0.029895
v -0.006412 -0.026929 0.012405
v -0.008457 -0.026923 0.015713
v -0.022178 0.002240 0.033778
v -0.020719 0.001365 0.033225
v -0.022173 0.004238 0.031818
v -0.020424 0.002251 0.031977
v -0.023876 0.005618 0.031391
v -0.005584 -0.001842 0.033879
v -0.003423 -0.026193 0.007889
v -0.004093 -0.025285 0.010564
v -0.005259 -0.024199 0.014126
v -0.002363 -0.024180 0.011401
v -0.002909 -0.022477 0.014413
v -0.012925 -0.001228 0.034223
v -0.014392 -0.023398 0.017804
v -0.009318 -0.026181 0.016033
v -0.006195 -0.025565 0.014387
v -0.011408 -0.023186 0.018823
v -0.013970 -0.021598 0.021380
v -0.010834 -0.023168 0.021096
v -0.005763 -0.024183 0.018837
v -0.008582 -0.023019 0.021352
v -0.003762 -0.022455 0.017138
v -0.004475 -0.024420 0.016233
v -0.002348 -0.021206 0.018408
v -0.005832 -0.023078 0.020778
v -0.022416 -0.020715 0.023175
v -0.014869 -0.001450 0.034232
v -0.017536 -0.001113 0.034325
v -0.009749 -0.020854 0.023002
v -0.004925 -0.021823 0.022718
v -0.023029 -0.019822 0.026351
v -0.015095 -0.020395 0.024311
v -0.019296 -0.018585 0.027954
v -0.017774 -0.021434 0.023538
v -0.009643 -0.011018 0.033490
v -0.007321 -0.012107 0.032251
v -0.020597 -0.018367 0.029219
v -0.001715 -0.013564 0.029539
v -0.022173 -0.017039 0.031733
v -0.024760 -0.017784 0.030726
v -0.020172 -0.016306 0.031891
v -0.016824 -0.013839 0.033480
v -0.013376 -0.015099 0.030650
v -0.015979 -0.015388 0.030600
v -0.005123 -0.012506 0.030255
v -0.004520 -0.014958 0.028269
v -0.019294 -0.014103 0.034850
v -0.012441 -0.012756 0.033427
v -0.024729 0.002292 0.034473
v -0.013313 -0.020745 0.022831
v -0.011607 -0.019783 0.024198
v -0.007119 -0.020126 0.024713
v -0.008043 -0.018333 0.025234
v -0.016632 -0.017734 0.028794
v -0.014348 -0.017863 0.027840
v -0.010105 -0.015714 0.028682
v -0.011105 -0.017716 0.027445
v -0.006598 -0.016285 0.027129
v -0.004967 -0.019095 0.025202
v -0.009140 -0.014007 0.030536
v -0.021436 -0.038131 -0.006027
v -0.021668 -0.038108 -0.008877
v -0.019806 -0.037746 -0.009220
v -0.018160 -0.037904 -0.009244
v -0.018514 -0.036618 0.002278
v -0.016161 -0.035654 0.001993
v -0.015896 -0.035150 0.004357
v -0.015482 -0.036972 -0.000259
v -0.013410 -0.034761 0.001407
v -0.018515 -0.037826 -0.006668
v -0.010975 -0.034150 -0.001531
v -0.012042 -0.036456 -0.003529
v -0.023651 -0.038840 -0.003760
v -0.021452 -0.038395 -0.004498
v -0.018120 -0.038116 -0.003800
v -0.021920 -0.038165 -0.002364
v -0.019892 -0.037087 -0.013794
v -0.015972 -0.036340 -0.014794
v -0.018699 -0.037589 -0.001056
v -0.015901 -0.037536 -0.003664
v -0.012622 -0.036335 -0.005562
v -0.014215 -0.037221 -0.006531
v -0.010976 -0.036576 -0.007763
v -0.009286 -0.034855 -0.006447
v -0.017714 -0.037126 -0.011816
v -0.020877 -0.037900 -0.000321
v -0.013141 -0.037094 -0.009218
v -0.006767 -0.036092 -0.011748
v -0.005686 -0.036807 -0.012711
v -0.005314 -0.035718 -0.010451
v -0.015906 -0.037226 -0.007292
v -0.012849 -0.036178 -0.015229
v -0.009226 -0.036809 -0.015030
v 0.000986 -0.034775 -0.013345
v -0.003378 -0.036414 -0.013861
v -0.002667 -0.034507 -0.011930
v -0.015035 -0.037694 -0.010329
v -0.013445 -0.037557 -0.011352
v -0.009045 -0.036559 -0.012312
v -0.009124 -0.036287 -0.010882
v -0.012268 -0.036406 -0.012924
v -0.006513 -0.034300 -0.008414
v -0.007749 -0.034359 -0.006481
v 0.014615 -0.014969 0.008282
v 0.012386 -0.016077 0.006942
v 0.022188 -0.010848 0.008291
v 0.018646 -0.011806 0.008117
v -0.008994 -0.033440 -0.003175
v 0.019442 -0.013649 0.005118
v -0.020347 -0.033165 0.004998
v -0.022201 -0.029673 0.007330
v -0.016845 -0.033607 0.005809
v -0.019934 -0.032191 0.006711
v 0.010095 -0.018532 0.006463
v 0.011388 -0.018963 0.005032
v 0.006212 -0.019935 0.007421
v 0.018032 -0.015528 0.004214
v 0.016129 -0.016019 0.004721
v -0.012463 -0.034016 -0.000101
v 0.013615 -0.017544 0.005028
v 0.020570 -0.015588 0.002684
v 0.021108 -0.013607 0.003406
v 0.016542 -0.017733 0.001570
v 0.014798 -0.018806 0.001922
v 0.015013 -0.018630 0.000234
v 0.017924 -0.016202 0.001697
v 0.020834 -0.016812 0.001070
v 0.018831 -0.018730 -0.001388
v 0.021966 -0.018499 -0.002259
v -0.006330 -0.031876 -0.004861
v 0.012858 -0.018688 0.002354
v -0.010166 -0.032873 -0.000197
v 0.010335 -0.020411 0.000657
v 0.012085 -0.022103 -0.003569
v 0.003531 -0.025656 0.000828
v 0.005998 -0.022325 0.002749
v 0.002476 -0.024410 0.004133
v 0.006384 -0.020660 0.004356
v 0.002776 -0.021760 0.008213
v 0.002491 -0.023056 0.006712
v -0.009238 -0.031816 -0.001189
v -0.003669 -0.031536 -0.008397
v 0.008762 -0.023478 -0.001354
v 0.007477 -0.022039 0.000871
v -0.004349 -0.030498 -0.005234
v 0.014486 -0.019999 -0.001518
v -0.000397 -0.030957 -0.006909
v 0.022043 -0.019549 -0.002687
v 0.019638 -0.019857 -0.003045
v -0.001357 -0.032894 -0.009823
v 0.002612 -0.032274 -0.008963
v 0.003674 -0.030281 -0.007135
v 0.000195 -0.029728 -0.005039
v -0.000558 -0.028355 -0.002163
v -0.004296 -0.030941 -0.003900
v 0.020106 -0.021763 -0.004897
v 0.016913 -0.020137 -0.003559
v 0.002622 -0.028906 -0.004630
v 0.016532 -0.022162 -0.005154
v -0.002134 -0.028421 -0.000947
v -0.003865 -0.029053 -0.000921
v 0.013807 -0.021799 -0.004500
v -0.005582 -0.029119 0.000303
v 0.003148 -0.035707 -0.014203
v 0.004674 -0.034028 -0.012641
v 0.001189 -0.033432 -0.012154
v -0.003387 -0.034200 -0.010064
v 0.002053 -0.033597 -0.011024
v 0.006660 -0.025486 -0.002932
v 0.003139 -0.027116 -0.001505
v 0.019975 -0.027327 -0.007592
v 0.022271 -0.025105 -0.004955
v 0.018691 -0.026390 -0.006950
v 0.020004 -0.023908 -0.005802
v 0.021553 -0.027261 -0.006055
v 0.021417 -0.027967 -0.007483
v 0.018081 -0.023645 -0.005281
v 0.008876 -0.024501 -0.003720
v 0.011313 -0.023991 -0.004257
v 0.014047 -0.024119 -0.006308
v 0.019290 -0.028893 -0.008005
v 0.016385 -0.028373 -0.007847
v 0.020338 -0.030208 -0.008891
v 0.009558 -0.026418 -0.006509
v 0.003869 -0.026698 -0.002746
v 0.008214 -0.027857 -0.007424
v 0.010945 -0.028709 -0.008341
v 0.005351 -0.027913 -0.004065
v 0.012967 -0.029078 -0.008546
v 0.007234 -0.029243 -0.006730
v 0.009317 -0.030520 -0.009698
v 0.005998 -0.031913 -0.010615
v -0.002316 -0.026452 0.005679
v 0.000762 -0.024439 0.006328
v 0.000543 -0.026975 0.001057
v -0.008555 -0.030663 0.000617
v -0.006517 -0.029108 0.002452
v -0.012685 -0.033275 0.002671
v -0.005368 -0.027269 0.006519
v -0.013246 -0.030935 0.009344
v -0.013679 -0.031949 0.007607
v -0.006946 -0.029014 0.005246
v -0.007493 -0.028603 0.007217
v 0.020406 -0.031904 -0.013432
v 0.019428 -0.030251 -0.010367
v 0.017085 -0.031376 -0.011747
v 0.022292 -0.029058 -0.009866
v 0.016436 -0.031318 -0.009470
v -0.010549 -0.030798 0.006707
v 0.016389 -0.032434 -0.010726
v -0.013397 -0.031791 0.006725
v -0.011117 -0.030897 0.005714
v -0.022436 -0.028221 0.009011
v 0.015925 -0.033677 -0.013075
v 0.014564 -0.033004 -0.010148
v 0.017222 -0.032806 -0.013501
v 0.000622 -0.026433 0.004261
v -0.001047 -0.026461 0.002986
v -0.004424 -0.027666 0.003607
v 0.012683 -0.030877 -0.009655
v 0.007481 -0.035003 -0.014512
v 0.009259 -0.034304 -0.012961
v 0.015511 -0.034302 -0.014761
v 0.011099 -0.033703 -0.013789
v 0.013693 -0.033796 -0.014650
v 0.013225 -0.034218 -0.012028
v 0.012798 -0.034268 -0.016249
v -0.010092 -0.030927 0.003497
v 0.018964 -0.033125 -0.015981
v 0.011663 -0.033776 -0.011896
v 0.008670 -0.031641 -0.010173
v 0.010599 -0.032774 -0.010710
v 0.036740 -0.026296 -0.000676
v 0.034527 -0.026624 0.000006
v 0.036051 -0.026920 -0.002793
v 0.046278 -0.020371 -0.001008
v 0.048838 -0.019928 -0.003884
v 0.049019 -0.018982 -0.001743
v 0.034463 -0.027395 -0.001558
v 0.031542 -0.026231 -0.000790
v 0.033471 -0.025283 0.000236
v 0.033973 -0.024830 0.002186
v 0.029675 -0.026747 -0.001217
v 0.050226 -0.021332 -0.006360
v 0.050854 -0.018261 -0.002866
v 0.047925 -0.021873 -0.005524
v 0.046214 -0.021421 -0.002260
v 0.052896 -0.018884 -0.005958
v 0.026285 -0.022391 0.001432
v 0.026301 -0.025850 0.000692
v 0.027731 -0.023061 0.003011
v 0.049374 -0.022026 -0.008507
v 0.051378 -0.020570 -0.008318
v 0.029436 -0.024302 0.004114
v 0.029057 -0.025709 0.001810
v 0.030377 -0.021012 0.008889
v 0.033005 -0.020811 0.008529
v 0.031844 -0.020471 0.009219
v 0.025573 -0.023798 -0.000284
v 0.025068 -0.021656 -0.000864
v 0.030978 -0.021365 0.006509
v 0.031500 -0.019397 0.010917
v 0.025049 -0.029539 -0.012459
v 0.023258 -0.029651 -0.011874
v 0.026800 -0.026214 -0.001206
v 0.022859 -0.030424 -0.010792
v 0.027346 -0.026351 -0.002657
v 0.042978 -0.023283 -0.003136
v 0.041399 -0.022318 -0.001443
v 0.024784 -0.028754 -0.009879
v 0.034693 -0.018568 0.010035
v 0.025044 -0.028603 -0.008148
v 0.026194 -0.028083 -0.010116
v 0.044921 -0.023135 -0.004431
v 0.036318 -0.019702 0.006809
v 0.033448 -0.022234 0.006011
v 0.028510 -0.018896 0.009414
v 0.028108 -0.020576 0.006918
v 0.039897 -0.024434 -0.002169
v 0.041890 -0.024961 -0.004970
v 0.022616 -0.028585 -0.007338
v 0.041606 -0.021557 0.002458
v 0.043219 -0.018735 0.004242
v 0.040222 -0.020029 0.003841
v 0.039362 -0.022587 0.001760
v 0.043206 -0.020629 0.001818
v 0.039851 -0.025112 -0.003859
v 0.034093 -0.027916 -0.003693
v 0.038491 -0.021258 0.003264
v 0.036217 -0.021193 0.005606
v 0.034775 -0.023153 0.003321
v 0.037182 -0.023816 0.001677
v 0.025715 -0.019391 0.003954
v 0.027874 -0.021126 0.003909
v 0.039598 -0.027412 -0.005936
v 0.043114 -0.020652 0.000215
v 0.046739 -0.019242 0.000459
v 0.036926 -0.028138 -0.005035
v 0.027814 -0.028226 -0.011976
v 0.029527 -0.028701 -0.012667
v 0.028306 -0.028807 -0.009745
v 0.031066 -0.028101 -0.009032
v 0.029480 -0.026995 -0.008192
v 0.027372 -0.027611 -0.007727
v 0.032728 -0.028086 -0.009662
v 0.034529 -0.028310 -0.010752
v 0.036283 -0.028582 -0.008562
v 0.036976 -0.025393 -0.014393
v 0.035507 -0.025799 -0.013517
v 0.030832 -0.027538 -0.012075
v 0.033009 -0.027369 -0.010540
v 0.037597 -0.026161 -0.012861
v 0.036710 -0.027410 -0.011962
v 0.039740 -0.025554 -0.015003
v 0.040944 -0.026131 -0.012928
v 0.038641 -0.026777 -0.012391
v 0.043853 -0.024942 -0.009027
v 0.042112 -0.026903 -0.011126
v 0.043999 -0.024834 -0.012902
v 0.046081 -0.022625 -0.008427
v 0.046183 -0.024363 -0.011747
v 0.044966 -0.025781 -0.012332
v 0.046618 -0.021634 -0.012966
v 0.039080 -0.027338 -0.010048
v 0.041735 -0.026280 -0.009160
v 0.048785 -0.024183 -0.012073
v 0.030789 -0.022750 0.005408
v 0.048490 -0.022418 -0.012675
v 0.051321 -0.022040 -0.010637
v 0.026129 -0.021260 0.001475
v 0.041792 -0.025004 -0.007273
v 0.024126 -0.020365 -0.000152
v 0.023654 -0.021539 -0.001416
v 0.037939 -0.025012 0.000432
v 0.023992 -0.023250 -0.003056
v 0.049968 -0.020437 -0.012456
v 0.050743 -0.019163 -0.013168
v 0.034530 -0.028636 -0.007105
v 0.050474 -0.018917 -0.009997
v 0.032283 -0.028364 -0.003176
v 0.032896 -0.023931 0.003836
v 0.026493 -0.027113 -0.005545
v 0.024015 -0.027634 -0.005134
v 0.023384 -0.026583 -0.005390
v 0.023479 -0.025915 -0.003869
v 0.032626 -0.029075 -0.006325
v 0.031003 -0.028260 -0.005628
v 0.031166 -0.027429 -0.002727
v 0.028925 -0.027014 -0.005273
v 0.029767 -0.027773 -0.005074
v 0.029057 -0.027555 -0.002491
v 0.052376 -0.016460 0.000229
v 0.047381 0.001754 0.021787
v 0.047818 0.000636 0.020715
v 0.048911 0.002250 0.019581
v 0.049490 0.007654 0.020967
v 0.052428 0.005820 0.020451
v 0.054031 -0.014438 0.002493
v 0.049699 0.004872 0.020582
v 0.046760 0.007146 0.021576
v 0.046648 0.003977 0.022470
v 0.046681 0.002357 0.023069
v 0.048234 -0.014733 0.007791
v 0.046901 -0.017460 0.006791
v 0.046335 -0.017482 0.004625
v 0.048306 -0.015673 0.005169
v 0.049951 -0.016179 0.003038
v 0.048660 -0.018022 0.001478
v 0.050616 -0.017165 0.000169
v 0.045482 0.003477 0.023963
v 0.042610 0.005499 0.023937
v 0.040861 0.005324 0.025408
v 0.043440 0.001832 0.024650
v 0.052640 0.002536 0.019367
v 0.046866 -0.000796 0.022840
v 0.043003 -0.000270 0.025065
v 0.045128 -0.000109 0.024382
v 0.049171 -0.001492 0.021162
v 0.047765 -0.003614 0.021459
v 0.050903 -0.014679 0.003902
v 0.043100 -0.001993 0.023315
v 0.050165 -0.014281 0.006611
v 0.053093 -0.016951 -0.012679
v 0.044177 -0.005180 0.021225
v 0.040049 -0.003496 0.024106
v 0.041970 -0.004646 0.021878
v 0.051230 -0.018252 -0.008052
v 0.052747 -0.017453 -0.010917
v 0.052380 -0.016469 -0.009847
v 0.054066 -0.015853 -0.011160
v 0.047471 -0.007218 0.017026
v 0.045015 -0.006028 0.019234
v 0.045527 -0.007084 0.017410
v 0.053973 -0.017125 -0.003490
v 0.053129 -0.012983 0.006716
v 0.042744 -0.005682 0.020738
v 0.039223 -0.005349 0.023436
v 0.040130 -0.004741 0.025144
v 0.038050 -0.006381 0.022899
v 0.035963 -0.006564 0.026485
v 0.036647 -0.006247 0.023777
v 0.035149 -0.007142 0.023616
v 0.038512 -0.008008 0.022657
v 0.035037 -0.008673 0.021169
v 0.036605 -0.010079 0.020341
v 0.041003 -0.008156 0.021401
v 0.027630 -0.004652 0.025856
v 0.026947 -0.003316 0.023145
v 0.030090 -0.004803 0.022781
v 0.025374 -0.002998 0.024841
v 0.024485 -0.005066 0.023018
v 0.052594 -0.016710 -0.006266
v 0.034422 -0.005865 0.025366
v 0.032514 -0.006183 0.022966
v 0.031127 -0.005396 0.025216
v 0.031116 -0.006308 0.021792
v 0.029191 -0.005970 0.022722
v 0.029022 -0.007339 0.021778
v 0.025769 -0.006638 0.021305
v 0.031925 -0.008433 0.020625
v 0.028381 -0.008700 0.020216
v 0.022739 -0.002616 0.025975
v 0.022069 -0.003817 0.022456
v 0.022626 -0.003757 0.024424
v 0.024406 -0.006157 0.019434
v 0.051731 -0.000286 0.019449
v 0.053318 -0.002301 0.018401
v 0.051907 -0.003229 0.017290
v 0.049865 -0.002219 0.019633
v 0.050570 -0.002866 0.018010
v 0.050704 -0.004751 0.015270
v 0.048297 -0.004250 0.017016
v 0.047796 -0.006114 0.016250
v 0.047326 -0.005467 0.019048
v 0.023521 -0.018523 0.000663
v 0.048794 -0.008009 0.014890
v 0.024131 -0.018204 0.002125
v 0.021830 -0.017675 0.001772
v 0.025691 -0.018296 0.004908
v 0.024030 -0.017042 0.004756
v 0.052413 -0.005865 0.014800
v 0.050960 -0.007147 0.014889
v 0.023538 -0.014065 0.004562
v 0.026059 -0.016523 0.006449
v 0.024244 -0.013634 0.008174
v 0.022696 -0.012237 0.005623
v 0.050234 -0.013175 0.007948
v 0.027139 -0.017672 0.007293
v 0.050542 -0.008151 0.012624
v 0.047775 -0.010672 0.011762
v 0.051611 -0.009604 0.010473
v 0.053550 -0.008645 0.011928
v 0.048235 -0.009109 0.014228
v 0.053086 -0.010298 0.010606
v 0.049358 -0.012006 0.008372
v 0.038213 -0.018959 0.007025
v 0.041954 -0.018689 0.005177
v 0.045924 -0.013462 0.008998
v 0.039705 -0.019194 0.007096
v 0.042522 -0.017152 0.006709
v 0.044039 -0.018310 0.006421
v 0.045021 -0.011530 0.013592
v 0.023377 -0.011279 0.010220
v 0.026788 -0.015971 0.009289
v 0.025773 -0.014302 0.010731
v 0.025254 -0.011550 0.016212
v 0.024161 -0.009851 0.016296
v 0.023046 -0.010465 0.013464
v 0.026951 -0.011309 0.017689
v 0.025284 -0.012419 0.012925
v 0.048986 -0.011787 0.009631
v 0.045955 -0.012316 0.010548
v 0.022448 -0.008277 0.015450
v 0.052949 -0.011766 0.008741
v 0.023682 -0.007229 0.017371
v 0.025611 -0.009066 0.017957
v 0.021619 -0.003808 0.019248
v 0.039853 -0.011674 0.016902
v 0.042933 -0.008569 0.018099
v 0.039442 -0.009615 0.019317
v 0.043110 -0.007166 0.020700
v 0.031765 -0.016547 0.014168
v 0.030166 -0.017161 0.011992
v 0.027611 -0.015922 0.012039
v 0.028820 -0.016082 0.015426
v 0.033125 -0.017540 0.011253
v 0.037895 -0.017928 0.009514
v 0.037398 -0.016571 0.010476
v 0.035609 -0.015401 0.013196
v 0.044224 -0.015758 0.008525
v 0.040968 -0.016308 0.008380
v 0.037862 -0.015618 0.012129
v 0.040586 -0.015787 0.010264
v 0.042991 -0.014820 0.009362
v 0.039527 -0.014243 0.012571
v 0.037874 -0.013438 0.015170
v 0.043928 -0.012537 0.011937
v 0.042885 -0.012470 0.013824
v 0.029972 -0.016500 0.015901
v 0.031610 -0.014487 0.018043
v 0.027636 -0.013478 0.016166
v 0.028264 -0.011140 0.018397
v 0.033519 -0.012846 0.018590
v 0.035475 -0.012856 0.016454
v 0.030920 -0.012122 0.018459
v 0.028596 -0.010709 0.019421
v 0.030828 -0.010865 0.019237
v 0.037137 -0.012015 0.017674
v 0.036113 -0.011082 0.018283
v 0.032777 -0.010372 0.019462
v 0.034286 -0.010286 0.020364
v 0.042778 -0.010610 0.016343
v 0.045559 -0.009804 0.014312
v 0.045692 -0.009509 0.015418
v -0.049835 -0.016248 0.034352
v -0.047548 -0.024350 0.024487
v -0.047838 -0.022120 0.026415
v -0.050399 -0.024825 0.024207
v -0.051931 -0.021977 0.026930
v -0.053676 -0.015637 0.033543
v -0.052136 -0.024041 0.024288
v -0.043521 -0.017686 0.031734
v -0.046421 -0.018279 0.030066
v -0.048057 -0.017858 0.030071
v -0.050414 -0.017553 0.031084
v -0.063536 -0.020652 0.023306
v -0.065231 -0.021958 0.019846
v -0.063473 -0.023541 0.021247
v -0.064508 -0.019124 0.023296
v -0.065457 -0.019992 0.022099
v -0.053658 -0.016261 0.030735
v -0.051437 -0.017614 0.029028
v -0.045689 -0.027591 0.022639
v -0.043507 -0.023581 0.024711
v -0.047875 -0.019732 0.027142
v -0.048571 -0.028512 0.021607
v -0.044511 -0.028780 0.020725
v -0.049208 -0.026670 0.023111
v -0.055255 -0.015239 0.031639
v -0.055294 -0.012846 0.032291
v -0.053379 -0.012171 0.033758
v -0.055292 -0.011822 0.030817
v -0.055866 -0.013658 0.028787
v -0.050266 -0.028664 0.020188
v -0.056726 -0.016418 0.030105
v -0.052138 -0.027061 0.022667
v -0.054046 -0.016988 0.028457
v -0.056823 -0.016633 0.028571
v -0.045799 -0.019854 0.027974
v -0.055627 -0.024365 0.024154
v -0.054567 -0.021369 0.025287
v -0.067931 -0.026688 0.008431
v -0.055905 -0.022622 0.023960
v -0.054392 -0.025390 0.023383
v -0.068402 -0.025401 0.009363
v -0.070088 -0.023601 0.008486
v -0.059266 -0.015363 0.027045
v -0.060993 -0.013985 0.024472
v -0.060287 -0.017150 0.025934
v -0.069090 -0.022874 0.010779
v -0.068411 -0.024703 0.010780
v -0.069532 -0.021304 0.009161
v -0.064868 -0.027659 0.009142
v -0.066424 -0.026821 0.010501
v -0.068512 -0.021894 0.012741
v -0.067060 -0.025257 0.012826
v -0.067051 -0.024415 0.014641
v -0.065795 -0.026467 0.013424
v -0.064937 -0.026828 0.011646
v -0.062552 -0.026905 0.014874
v -0.064996 -0.025195 0.015484
v -0.060906 -0.027789 0.011870
v -0.062055 -0.025438 0.016504
v -0.063734 -0.024090 0.016719
v -0.067138 -0.022168 0.015426
v -0.065535 -0.023055 0.017429
v -0.064581 -0.023540 0.019303
v -0.065359 -0.021665 0.018065
v -0.062674 -0.025237 0.020475
v -0.051664 -0.019189 0.027455
v -0.044155 -0.021667 0.026612
v -0.057511 -0.029057 0.009436
v -0.052718 -0.030527 0.010054
v -0.059127 -0.028440 0.015489
v -0.054476 -0.029592 0.012827
v -0.049660 -0.030791 0.015064
v -0.054734 -0.029244 0.017458
v -0.055843 -0.029710 0.015206
v -0.050513 -0.031417 0.011156
v -0.046018 -0.032402 0.008478
v -0.046416 -0.031758 0.011329
v -0.057786 -0.015841 0.027309
v -0.057923 -0.012915 0.026659
v -0.060634 -0.027077 0.018458
v -0.057006 -0.027836 0.019008
v -0.049491 -0.030285 0.017853
v -0.053401 -0.028166 0.020369
v -0.057093 -0.026238 0.020909
v -0.061632 -0.025869 0.021719
v -0.048230 -0.029749 0.019070
v -0.043273 -0.031907 0.014577
v -0.055749 -0.026582 0.021797
v -0.043889 -0.030978 0.018078
v -0.055337 -0.018605 0.027922
v -0.062596 -0.015664 0.024042
v -0.062610 -0.014326 0.022999
v -0.060599 -0.012517 0.024270
v -0.058394 -0.019114 0.027400
v -0.062338 -0.019534 0.024285
v -0.069090 -0.019347 0.008001
v -0.060211 -0.018430 0.026096
v -0.068331 -0.019178 0.009717
v -0.067204 -0.015667 0.008389
v -0.067851 -0.017536 0.010639
v -0.068129 -0.020402 0.014053
v -0.068372 -0.018297 0.013113
v -0.067419 -0.016298 0.012145
v -0.066475 -0.013449 0.008274
v -0.058672 -0.024742 0.022474
v -0.060610 -0.022711 0.023103
v -0.060223 -0.020641 0.024993
v -0.067149 -0.014412 0.010680
v -0.062341 -0.023479 0.022485
v -0.067353 -0.016635 0.015801
v -0.066696 -0.015641 0.015280
v -0.065496 -0.012237 0.012849
v -0.067798 -0.020136 0.015502
v -0.067204 -0.019745 0.016300
v -0.066964 -0.017337 0.018241
v -0.066165 -0.016161 0.018964
v -0.066557 -0.020179 0.019281
v -0.066152 -0.019528 0.020719
v -0.065239 -0.017525 0.021387
v -0.064928 -0.014849 0.019575
v -0.064844 -0.016185 0.022088
v -0.065206 -0.014607 0.017135
v -0.065511 -0.015266 0.015612
v -0.062660 -0.012383 0.020421
v -0.064800 -0.013506 0.020764
v -0.065099 -0.012298 0.016689
v -0.063692 -0.011716 0.019173
v -0.064402 -0.018050 0.023733
v -0.045942 0.004143 0.027785
v -0.047554 0.002104 0.028595
v -0.045626 0.002072 0.029740
v -0.046980 -0.002275 0.034310
v -0.049896 -0.005160 0.033615
v -0.050155 -0.003627 0.032669
v -0.048385 -0.002391 0.032422
v -0.049828 -0.003701 0.031244
v -0.044451 0.004057 0.030187
v -0.046571 0.000172 0.033949
v -0.045299 0.000997 0.033450
v -0.046318 0.001203 0.028994
v -0.049112 0.004852 0.021842
v -0.046329 0.000111 0.031476
v -0.049183 0.000561 0.027706
v -0.047230 0.004439 0.027244
v -0.049167 0.002876 0.024825
v -0.049177 0.001975 0.026474
v -0.048734 -0.001962 0.030002
v -0.050266 0.002656 0.023422
v -0.051436 0.002478 0.022117
v -0.048072 -0.000195 0.029234
v -0.051633 0.003053 0.018566
v -0.051326 0.004458 0.017285
v -0.052688 0.001410 0.019215
v -0.050278 -0.000656 0.027620
v -0.065854 -0.010134 0.009815
v -0.066487 -0.011717 0.010169
v -0.052957 0.002489 0.017189
v -0.053353 0.005497 0.014084
v -0.065508 -0.010256 0.012339
v -0.056116 0.003936 0.014755
v -0.054817 0.002441 0.015099
v -0.054651 0.004491 0.013792
v -0.057225 0.004221 0.013448
v -0.056931 0.001144 0.015392
v -0.050030 -0.003472 0.029298
v -0.051144 -0.004172 0.029172
v -0.059020 0.001108 0.014485
v -0.065058 -0.009450 0.015072
v -0.052458 -0.006906 0.032440
v -0.054356 -0.010349 0.031775
v -0.049787 -0.006756 0.034739
v -0.061743 -0.010142 0.019725
v -0.064200 -0.010036 0.016897
v -0.063028 -0.009328 0.017816
v -0.065436 -0.007679 0.009512
v -0.064614 -0.004903 0.008764
v -0.064574 -0.003847 0.008965
v -0.064859 -0.006556 0.010780
v -0.064603 -0.007961 0.012861
v -0.064879 -0.006078 0.012596
v -0.063636 -0.003260 0.009454
v -0.063469 -0.004860 0.013590
v -0.062837 -0.001334 0.011999
v -0.064068 -0.001061 0.008523
v -0.063072 -0.001778 0.010872
v -0.062532 0.001602 0.008834
v -0.062213 0.000012 0.010082
v -0.061541 0.001814 0.011860
v -0.064014 -0.007274 0.015183
v -0.062316 -0.007146 0.016677
v -0.061282 -0.003176 0.014873
v -0.061698 0.000367 0.012728
v -0.061137 0.002741 0.010536
v -0.060643 -0.005903 0.018095
v -0.060282 0.002127 0.013998
v -0.061271 -0.005735 0.016120
v -0.058726 -0.002674 0.016795
v -0.059390 -0.004421 0.017137
v -0.061475 -0.009517 0.019330
v -0.060471 -0.008280 0.020113
v -0.060527 -0.010024 0.021334
v -0.058674 -0.008945 0.020806
v -0.057908 -0.008182 0.020374
v -0.059000 -0.005545 0.019561
v -0.057476 -0.004314 0.021101
v -0.059273 -0.000374 0.014745
v -0.056890 -0.001395 0.017155
v -0.055718 0.000778 0.016566
v -0.055300 -0.000779 0.018731
v -0.054685 -0.001828 0.021488
v -0.053491 -0.000694 0.022340
v -0.058401 0.006055 0.012038
v -0.059160 0.003561 0.012988
v -0.051753 -0.009199 0.034390
v -0.060285 -0.011997 0.022200
v -0.059354 -0.012077 0.023300
v -0.058743 -0.010686 0.021828
v -0.051085 -0.002713 0.026877
v -0.057390 -0.011812 0.023693
v -0.057352 -0.008129 0.022129
v -0.058050 -0.011330 0.025653
v -0.057222 -0.009328 0.024418
v -0.061096 0.004458 0.008691
v -0.053143 -0.006454 0.027875
v -0.051438 -0.005667 0.029194
v -0.055297 -0.009942 0.027563
v -0.056247 -0.010809 0.027651
v -0.055424 -0.007479 0.026024
v -0.055003 -0.011343 0.028771
v -0.054044 -0.009148 0.029045
v -0.052818 -0.006299 0.029399
v -0.052785 -0.008295 0.030716
v -0.055994 -0.005128 0.022490
v -0.055761 -0.006610 0.023737
v -0.054233 -0.003968 0.023234
v -0.054136 -0.003991 0.024665
v -0.052636 -0.005166 0.026846
v -0.054434 -0.007916 0.027163
v -0.053028 -0.002312 0.024598
v -0.050830 0.000604 0.023769
v -0.050762 -0.000296 0.025474
v -0.026167 0.004941 0.033885
v -0.029305 -0.022422 0.022725
v -0.026453 -0.021084 0.022382
v -0.026833 -0.021235 0.023464
v -0.029135 0.006994 0.033713
v -0.027425 0.007144 0.032778
v -0.025898 0.006810 0.031125
v -0.030483 0.005552 0.035208
v -0.035762 -0.020550 0.025566
v -0.033236 -0.019295 0.027947
v -0.035454 -0.020057 0.027116
v -0.038947 -0.019408 0.028950
v -0.040767 -0.020083 0.028789
v -0.032328 -0.020659 0.024420
v -0.043049 -0.033072 0.010208
v -0.040318 -0.033777 0.009357
v -0.037847 0.004127 0.033460
v -0.036480 0.005606 0.033537
v -0.035547 0.005045 0.034151
v -0.034102 0.004011 0.034202
v -0.031879 0.006058 0.033437
v -0.038904 -0.033678 0.010805
v -0.039489 -0.020905 0.026694
v -0.030707 -0.022410 0.022308
v -0.040555 -0.032622 0.014433
v -0.035259 -0.022119 0.022538
v -0.037714 -0.022755 0.023889
v -0.029606 -0.020845 0.024956
v -0.040587 -0.030323 0.017697
v -0.032610 -0.023451 0.020214
v -0.040773 -0.028722 0.019894
v -0.039456 0.002824 0.033268
v -0.041749 0.001574 0.034241
v -0.042756 -0.026329 0.022356
v -0.038847 0.004799 0.031557
v -0.041418 0.002856 0.032684
v -0.040830 0.004746 0.031293
v -0.028812 -0.023378 0.019496
v -0.036703 -0.024199 0.021775
v -0.043429 0.001706 0.033462
v -0.043479 0.002609 0.032570
v -0.043487 0.005503 0.029122
v -0.041840 0.006780 0.029500
v -0.041710 0.004800 0.030067
v -0.042865 0.004149 0.031669
v -0.035858 -0.034004 0.009149
v -0.036576 -0.032665 0.012994
v -0.031998 -0.031759 0.010425
v -0.034256 -0.031037 0.011795
v -0.029460 -0.032299 0.008677
v -0.029540 -0.030293 0.010301
v -0.034587 -0.029441 0.014306
v -0.037835 -0.032294 0.014954
v -0.032777 -0.028337 0.014535
v -0.028203 -0.026554 0.013459
v -0.025248 -0.030645 0.007480
v -0.027664 -0.029697 0.010235
v -0.040883 -0.023049 0.025099
v -0.040550 -0.025424 0.022155
v -0.025364 -0.024484 0.015320
v -0.037733 -0.029855 0.015934
v -0.035871 -0.026623 0.018384
v -0.037306 -0.028150 0.018159
v -0.032874 -0.025983 0.017864
v -0.029397 -0.025610 0.014970
v -0.027908 -0.025064 0.016432
v -0.025450 -0.019682 0.026758
v -0.029492 -0.019654 0.027447
v -0.036800 -0.018575 0.031337
v -0.033319 -0.017630 0.032992
v -0.028276 -0.017514 0.031728
v -0.030927 -0.016839 0.032607
v -0.030883 -0.018051 0.030255
v -0.042857 -0.020030 0.028024
v -0.035294 -0.017633 0.033528
v -0.030985 -0.040832 -0.004674
v -0.033979 -0.039508 -0.004954
v -0.025685 -0.039967 -0.001085
v -0.030322 -0.039876 -0.006621
v -0.026257 -0.040107 -0.003981
v -0.026766 -0.040457 -0.005661
v 0.029010 0.000703 0.029416
v 0.026796 0.002706 0.030564
v 0.027485 0.000083 0.029750
v 0.031298 0.000836 0.030097
v 0.028315 -0.001600 0.028891
v 0.021539 -0.002101 0.031101
v 0.026608 -0.001695 0.030414
v 0.024195 0.001748 0.030915
v 0.030964 0.002865 0.030357
v 0.035363 0.002070 0.029215
v 0.027818 0.005496 0.029815
v 0.025788 0.005331 0.028695
v 0.025886 0.002706 0.029676
v 0.024803 -0.003896 0.030146
v 0.027170 -0.004549 0.027713
v 0.028280 -0.003624 0.028978
v 0.030473 -0.001254 0.030304
v 0.031249 -0.002577 0.028740
v 0.040863 0.001929 0.026989
v 0.024346 -0.002932 0.026567
v 0.025133 -0.004776 0.028906
v 0.041354 -0.000689 0.027029
v 0.037083 0.002116 0.027515
v 0.038008 0.003415 0.027297
v 0.037035 0.000234 0.028125
v 0.037788 -0.002366 0.028518
v 0.036230 -0.000877 0.028901
v 0.029388 -0.005585 0.027158
v 0.031839 -0.004842 0.027653
v 0.038565 -0.004538 0.027338
v 0.039629 -0.002138 0.027302
v 0.036389 -0.005309 0.027643
v 0.023276 0.003365 0.030522
v 0.033728 -0.001404 0.030257
vn -0.9377 0.1725 0.3016
vn -0.7375 0.3035 0.6034
vn -0.7710 0.3609 0.5246
vn -0.8890 0.0750 0.4517
vn -0.6233 0.7333 0.2716
vn -0.6442 0.4737 0.6005
vn -0.4323 0.5746 0.6949
vn -0.8434 0.2795 0.4589
vn -0.7714 0.4892 0.4069
vn -0.7625 0.4207 0.4916
vn -0.5891 0.3643 0.7213
vn -0.7438 0.2644 0.6139
vn -0.2994 0.4737 0.8283
vn -0.7912 0.3281 0.5161
vn -0.5680 0.4979 -0.6553
vn -0.3984 -0.1578 -0.9035
vn -0.8433 0.3251 0.4281
vn -0.6689 0.5456 -0.5049
vn -0.7118 -0.0002 -0.7024
vn -0.4937 -0.4963 -0.7141
vn -0.5832 -0.3536 -0.7313
vn -0.5486 -0.2416 -0.8004
vn -0.4482 -0.3482 -0.8233
vn -0.7270 0.4592 0.5105
vn -0.7478 0.1778 -0.6396
vn -0.7445 -0.3853 -0.5452
vn -0.7241 0.6616 0.1949
vn -0.4997 0.4332 0.7501
vn -0.5438 0.5823 0.6043
vn -0.6740 0.5428 0.5011
vn -0.2708 -0.0379 -0.9619
vn -0.2534 -0.0695 -0.9649
vn -0.2084 -0.4371 -0.8750
vn 0.2745 0.5241 -0.8062
vn 0.1530 0.0424 -0.9873
vn -0.2710 -0.5879 -0.7622
vn -0.8347 0.1758 0.5219
vn -0.8084 0.3238 0.4916
vn -0.2332 -0.1766 -0.9562
vn -0.7513 0.5139 0.4141
vn -0.7481 0.3597 0.5576
vn -0.2871 -0.0754 -0.9549
vn -0.2998 -0.1113 -0.9475
vn -0.1430 -0.2932 -0.9453
vn -0.7204 -0.3307 -0.6096
vn -0.8482 -0.1000 -0.5201
vn -0.6045 -0.2355 -0.7610
vn -0.6254 -0.4540 -0.6346
vn -0.5557 -0.2730 -0.7853
vn -0.6734 -0.4803 -0.5620
vn -0.8904 -0.3029 -0.3398
vn -0.2916 -0.2656 -0.9189
vn -0.6820 -0.4785 -0.5531
vn -0.2764 -0.3527 -0.8940
vn -0.4769 -0.3801 -0.7925
vn -0.2772 -0.4456 -0.8512
vn -0.5118 -0.2077 -0.8336
vn -0.7848 0.1669 -0.5969
vn -0.4414 0.1547 -0.8839
vn -0.3299 -0.2105 -0.9202
vn -0.6595 0.0981 -0.7453
vn -0.7978 0.3153 -0.5139
vn -0.6035 0.2983 -0.7394
vn -0.1288 -0.3165 -0.9398
vn -0.8765 0.3308 -0.3497
vn -0.8272 0.1474 -0.5423
vn -0.8737 0.3284 -0.3588
vn -0.8520 0.4187 -0.3143
vn -0.1447 -0.2808 -0.9488
vn -0.1557 -0.0835 -0.9843
vn -0.8468 0.1235 0.5174
vn -0.1158 -0.3399 -0.9333
vn -0.7437 0.4833 0.4620
vn -0.4153 0.4859 0.7690
vn -0.6051 0.6317 0.4845
vn -0.9148 -0.0107 0.4037
vn -0.8201 0.0514 0.5700
vn -0.3687 0.6255 0.6876
vn -0.6734 0.4685 0.5718
vn -0.7643 0.6218 0.1708
vn -0.7020 0.7110 -0.0408
vn -0.4848 0.7930 0.3689
vn -0.5188 -0.0180 -0.8547
vn -0.4241 -0.2476 -0.8711
vn -0.5962 0.4291 -0.6785
vn -0.6627 0.1741 -0.7284
vn -0.4358 0.8943 0.1020
vn -0.9783 -0.0404 0.2032
vn -0.6112 0.7905 -0.0395
vn -0.8907 0.1363 0.4336
vn -0.9517 -0.2974 0.0760
vn -0.8168 -0.1986 0.5417
vn -0.4687 0.1339 -0.8731
vn -0.5580 0.1706 -0.8121
vn -0.4692 0.0343 -0.8824
vn -0.6695 0.1456 -0.7284
vn -0.6072 0.4637 -0.6452
vn -0.2297 0.9721 -0.0475
vn -0.8499 0.3069 -0.4283
vn -0.8425 0.3040 -0.4448
vn -0.7247 0.5233 -0.4484
vn -0.7442 0.6522 -0.1445
vn -0.5219 0.8512 0.0551
vn -0.5517 0.7566 -0.3510
vn -0.6727 0.7362 -0.0740
vn -0.8126 0.3099 -0.4937
vn -0.4942 0.7713 -0.4011
vn -0.8522 -0.4846 0.1972
vn -0.4703 0.6252 -0.6228
vn -0.7093 0.5775 0.4042
vn -0.5227 0.8518 -0.0357
vn -0.4912 0.8630 -0.1184
vn -0.9783 0.0718 0.1944
vn -0.5161 0.8541 0.0646
vn -0.6061 0.7929 -0.0621
vn -0.3747 0.9272 0.0013
vn -0.6335 0.7732 -0.0296
vn -0.9541 0.0046 0.2994
vn -0.8290 0.3326 0.4495
vn -0.5753 0.8180 0.0011
vn -0.4305 0.8066 0.4051
vn -0.7091 0.6814 -0.1813
vn -0.7474 0.6117 0.2594
vn -0.9413 -0.0496 -0.3339
vn -0.7075 -0.6823 -0.1842
vn -0.6517 -0.6319 -0.4196
vn -0.7449 -0.5059 -0.4350
vn -0.9099 0.3849 -0.1550
vn -0.8675 0.0984 -0.4876
vn -0.7903 0.4655 -0.3984
vn -0.9237 -0.0891 -0.3727
vn -0.7174 0.6843 -0.1310
vn -0.9418 0.2199 -0.2542
vn -0.9865 0.0570 0.1533
vn -0.8815 -0.4570 -0.1185
vn -0.9268 -0.3693 -0.0685
vn -0.8587 -0.4321 -0.2756
vn -0.8929 0.4137 -0.1777
vn -0.8574 0.2713 -0.4374
vn -0.9874 -0.0568 0.1476
vn -0.9349 0.3454 0.0818
vn -0.9247 0.2667 0.2718
vn -0.8398 0.5413 0.0407
vn -0.9814 0.1877 -0.0395
vn -0.9782 -0.2024 -0.0469
vn -0.9962 -0.0838 0.0253
vn 0.3692 0.9251 0.0882
vn 0.2683 0.9547 0.1291
vn 0.3275 0.9027 0.2792
vn 0.1263 0.9627 0.2391
vn 0.4242 0.9054 0.0178
vn 0.2117 0.9711 0.1100
vn 0.4667 0.8842 0.0210
vn 0.0885 0.9927 -0.0824
vn 0.3208 0.9472 -0.0036
vn 0.1220 0.9545 -0.2720
vn 0.4305 0.8084 -0.4014
vn 0.0563 0.9291 -0.3656
vn 0.4845 0.7697 -0.4157
vn 0.1092 0.8332 -0.5420
vn -0.1280 0.9909 -0.0424
vn 0.2844 0.9280 -0.2406
vn 0.1698 0.9852 -0.0237
vn -0.1302 0.2988 -0.9454
vn 0.5027 -0.2599 -0.8245
vn 0.0166 0.2603 -0.9654
vn -0.1350 0.3359 -0.9322
vn 0.0164 0.9092 -0.4160
vn 0.1574 0.8560 -0.4924
vn 0.0623 0.9947 0.0822
vn 0.0629 0.9964 -0.0574
vn 0.0356 0.9953 0.0899
vn -0.1046 0.9885 0.1095
vn -0.0021 0.9890 0.1479
vn 0.2821 0.9594 -0.0013
vn 0.2033 0.9731 -0.1080
vn 0.5167 0.8238 -0.2334
vn 0.6499 0.7297 -0.2125
vn -0.1831 0.2425 -0.9527
vn -0.1892 0.2382 -0.9526
vn -0.2010 0.2875 -0.9364
vn -0.1616 0.1978 -0.9668
vn -0.0384 0.2914 -0.9558
vn -0.1027 0.1734 -0.9795
vn -0.2314 0.0869 -0.9690
vn 0.0223 0.9555 -0.2940
vn -0.0111 0.4331 -0.9013
vn -0.3026 -0.0225 -0.9528
vn 0.5266 -0.0016 -0.8501
vn -0.0587 -0.4700 -0.8807
vn -0.3294 0.2735 -0.9037
vn -0.2865 0.2195 -0.9326
vn -0.3785 0.2834 -0.8812
vn 0.5985 0.7943 -0.1045
vn -0.3829 0.0498 -0.9224
vn -0.3084 0.1481 -0.9397
vn 0.2829 0.9585 -0.0350
vn 0.2270 0.9307 -0.2869
vn 0.2763 0.9610 0.0098
vn 0.1699 0.8365 -0.5210
vn 0.4016 0.9152 -0.0332
vn 0.3993 0.9050 -0.1466
vn 0.0011 0.9809 0.1944
vn 0.1971 0.9071 -0.3718
vn 0.1956 0.9807 -0.0049
vn -0.4343 0.0246 -0.9004
vn -0.2155 0.0521 -0.9751
vn -0.1560 0.0952 -0.9832
vn 0.2951 0.9517 -0.0850
vn -0.7051 0.0066 -0.7091
vn -0.5352 0.0133 -0.8447
vn -0.2613 0.3876 -0.8840
vn -0.0959 0.1753 -0.9798
vn -0.4967 0.1903 -0.8468
vn -0.4525 0.1448 -0.8799
vn -0.4750 -0.0165 -0.8798
vn -0.4663 -0.0530 -0.8830
vn -0.5018 -0.0027 -0.8650
vn -0.5747 0.1171 -0.8100
vn 0.4935 0.8664 0.0766
vn 0.4777 0.8693 0.1269
vn 0.4693 0.8648 -0.1784
vn 0.5075 0.8598 -0.0558
vn -0.0239 0.9372 -0.3479
vn -0.1609 0.5079 -0.8462
vn -0.4342 0.3129 -0.8447
vn -0.1461 0.4645 -0.8734
vn -0.1307 0.3135 -0.9406
vn -0.5266 0.0922 -0.8451
vn 0.0613 0.9716 -0.2287
vn 0.2578 0.9219 -0.2892
vn 0.3561 0.9102 -0.2115
vn 0.3674 0.8930 -0.2597
vn -0.3750 -0.0256 -0.9267
vn -0.2733 0.2423 -0.9309
vn -0.2715 -0.1028 -0.9570
vn -0.3462 0.1706 -0.9225
vn -0.2672 -0.2183 -0.9386
vn -0.2794 -0.1283 -0.9515
vn -0.0973 -0.1717 -0.9803
vn -0.0348 -0.3406 -0.9396
vn -0.3154 -0.1284 -0.9402
vn 0.1151 0.0247 -0.9930
vn -0.5014 0.1381 -0.8541
vn -0.3597 0.2708 -0.8929
vn -0.0674 0.0418 -0.9969
vn 0.0347 -0.2216 -0.9745
vn -0.1279 -0.4445 -0.8866
vn -0.1287 -0.0027 -0.9917
vn 0.1993 0.9072 -0.3706
vn 0.0978 -0.1421 -0.9850
vn 0.1891 -0.1437 -0.9714
vn 0.0875 0.9750 -0.2042
vn -0.1525 0.9690 -0.1945
vn 0.4339 0.8775 -0.2043
vn -0.4699 0.1984 -0.8601
vn 0.1588 0.9729 -0.1683
vn 0.0703 0.9698 -0.2336
vn 0.1396 0.9891 -0.0471
vn -0.1976 0.0445 -0.9793
vn -0.1087 0.3169 -0.9422
vn -0.0092 0.4859 -0.8740
vn 0.0590 0.6429 -0.7637
vn -0.1014 0.0701 -0.9924
vn 0.0954 0.3412 -0.9351
vn -0.0813 0.1263 -0.9887
vn -0.1065 0.4073 -0.9070
vn 0.0046 0.2901 -0.9570
vn -0.3268 0.2449 -0.9128
vn -0.0877 0.1687 -0.9818
vn -0.1896 0.6138 -0.7663
vn -0.0116 0.6999 -0.7141
vn -0.1708 0.3029 -0.9376
vn -0.2161 0.3216 -0.9219
vn 0.2727 -0.4530 -0.8488
vn -0.2964 0.2417 -0.9240
vn -0.2441 0.0637 -0.9676
vn -0.3841 0.0705 -0.9206
vn 0.0068 0.4841 -0.8750
vn 0.0269 0.3814 -0.9240
vn -0.0363 0.0034 -0.9993
vn 0.0785 -0.0639 -0.9949
vn 0.2785 -0.0386 -0.9597
vn 0.2618 -0.0236 -0.9648
vn 0.1994 0.0841 -0.9763
vn -0.0149 -0.0308 -0.9994
vn 0.0211 -0.1141 -0.9932
vn -0.2242 0.0228 -0.9743
vn -0.3278 0.1590 -0.9313
vn -0.1019 -0.1652 -0.9810
vn -0.3558 -0.0214 -0.9343
vn -0.3185 0.1644 -0.9335
vn -0.2048 0.0247 -0.9785
vn -0.1945 -0.0319 -0.9804
vn -0.2273 0.0403 -0.9730
vn -0.1916 0.1423 -0.9711
vn -0.1997 0.0615 -0.9779
vn -0.2818 0.0151 -0.9594
vn -0.4777 0.1072 -0.8719
vn -0.3952 -0.0232 -0.9183
vn -0.2142 0.1398 -0.9667
vn -0.3853 0.0558 -0.9211
vn -0.2471 0.2580 -0.9340
vn 0.5067 0.8568 -0.0955
vn 0.4369 0.8614 -0.2592
vn -0.0743 0.5201 -0.8508
vn 0.1719 -0.1762 -0.9692
vn 0.1122 0.2877 -0.9511
vn 0.2094 -0.1866 -0.9599
vn 0.0718 0.0167 -0.9973
vn -0.4961 0.4416 -0.7476
vn 0.2578 0.4508 -0.8546
vn -0.1161 0.1695 -0.9787
vn 0.2771 0.6271 -0.7279
vn 0.1440 0.6557 -0.7411
vn 0.1288 0.7458 -0.6535
vn 0.2892 0.6626 -0.6908
vn -0.1024 0.6822 -0.7240
vn 0.0923 0.7078 -0.7003
vn -0.0669 0.7807 -0.6213
vn -0.1561 0.6974 -0.6995
vn 0.2780 0.6830 -0.6754
vn 0.1459 0.5416 -0.8279
vn 0.2303 0.7457 -0.6252
vn 0.3972 0.9177 0.0080
vn 0.0318 0.8954 -0.4442
vn 0.1851 0.9710 -0.1513
vn 0.3366 0.5468 -0.7666
vn 0.1877 0.9821 -0.0176
vn 0.3060 0.7042 -0.6407
vn 0.1878 0.7636 -0.6178
vn 0.1333 0.7551 -0.6420
vn 0.1073 0.8133 -0.5719
vn -0.0155 0.8545 -0.5192
vn 0.0844 0.7961 -0.5992
vn 0.1974 0.6476 -0.7359
vn 0.1513 0.6351 -0.7574
vn 0.3477 0.7845 -0.5135
vn 0.3020 0.7145 -0.6311
vn 0.1365 0.8681 -0.4773
vn 0.0662 0.8405 -0.5377
vn -0.0234 0.9927 -0.1182
vn 0.1321 0.9568 -0.2592
vn 0.2450 0.9603 -0.1337
vn 0.0838 0.5316 -0.8428
vn -0.0451 -0.1865 -0.9814
vn -0.1724 0.1432 -0.9746
vn -0.1390 0.2040 -0.9691
vn -0.1341 0.5945 -0.7928
vn 0.1643 0.5203 -0.8380
vn -0.1902 0.5428 -0.8180
vn -0.3191 0.4672 -0.8246
vn -0.3569 0.7917 -0.4959
vn -0.2914 0.6712 -0.6816
vn 0.0623 0.8362 -0.5449
vn -0.4721 0.7001 -0.5357
vn 0.3006 0.8676 -0.3961
vn 0.4709 0.8553 -0.2162
vn -0.1211 0.4776 -0.8702
vn 0.0939 0.4017 -0.9109
vn 0.2703 0.8573 -0.4381
vn 0.1585 0.9133 -0.3752
vn 0.0540 0.7603 -0.6474
vn 0.3091 0.9488 -0.0644
vn 0.3919 0.9095 -0.1386
vn 0.3177 0.9368 -0.1467
vn 0.3320 0.9414 -0.0604
vn 0.2650 0.9638 -0.0284
vn 0.2857 0.9571 0.0479
vn 0.4751 0.8768 -0.0746
vn -0.0164 0.8722 -0.4888
vn -0.0264 0.9912 0.1298
vn 0.2522 0.9658 -0.0606
vn 0.2887 0.9114 0.2931
vn 0.4659 0.8825 -0.0644
vn 0.4384 0.8985 -0.0239
vn 0.2521 0.8944 -0.3694
vn 0.4257 0.8744 -0.2329
vn 0.2906 0.9543 -0.0693
vn 0.2422 0.9690 -0.0489
vn 0.5255 0.8507 0.0161
vn 0.4076 0.8933 -0.1894
vn 0.2740 0.8977 -0.3450
vn 0.3531 0.9338 -0.0576
vn 0.3139 0.9490 0.0295
vn 0.0941 0.9794 -0.1787
vn 0.0823 0.9416 -0.3265
vn -0.0214 0.9535 -0.3007
vn -0.0699 0.9461 -0.3164
vn 0.5277 0.8475 -0.0563
vn 0.3982 0.9080 0.1304
vn -0.6501 0.7598 -0.0038
vn 0.1791 0.9548 -0.2373
vn -0.6585 0.7457 0.1015
vn -0.4445 0.8777 0.1791
vn 0.1508 0.9328 -0.3274
vn 0.0101 0.9951 -0.0983
vn -0.2249 0.9558 0.1896
vn -0.0451 0.9870 -0.1546
vn -0.1053 0.9832 0.1492
vn 0.1798 0.9817 -0.0634
vn -0.0710 0.9928 -0.0965
vn -0.1625 -0.1943 -0.9674
vn -0.2710 -0.2529 -0.9288
vn -0.2325 -0.2645 -0.9359
vn -0.1900 -0.2943 -0.9366
vn -0.2373 0.9272 0.2897
vn -0.1441 -0.0181 -0.9894
vn -0.2378 -0.0826 -0.9678
vn -0.1568 -0.2202 -0.9628
vn -0.1230 -0.0497 -0.9912
vn 0.0039 0.9988 -0.0485
vn -0.3515 0.8740 0.3355
vn -0.2848 -0.0911 -0.9542
vn 0.1881 0.9109 -0.3673
vn -0.2103 0.8882 0.4084
vn -0.5539 0.7623 0.3349
vn -0.4977 0.8404 0.2148
vn -0.2043 -0.2864 -0.9361
vn -0.2896 -0.3623 -0.8859
vn -0.3189 -0.2965 -0.9002
vn -0.2535 -0.3822 -0.8886
vn -0.2353 -0.3765 -0.8961
vn -0.2347 -0.4063 -0.8831
vn -0.4835 0.7329 0.4786
vn -0.6801 0.7167 0.1544
vn -0.3570 0.9208 -0.1572
vn -0.1228 0.9757 0.1815
vn -0.2067 -0.2751 -0.9389
vn -0.1890 -0.1303 -0.9733
vn -0.1739 -0.4052 -0.8975
vn -0.5381 0.8188 0.2002
vn -0.2254 -0.2889 -0.9305
vn 0.1531 0.9881 -0.0129
vn -0.3776 0.9015 0.2115
vn -0.1980 -0.1651 -0.9662
vn -0.4854 -0.3391 -0.8058
vn 0.1877 0.7093 -0.6794
vn -0.1607 -0.0965 -0.9823
vn -0.3085 -0.2172 -0.9261
vn -0.0047 -0.0251 -0.9997
vn -0.1614 0.0264 -0.9865
vn -0.3325 0.3746 -0.8655
vn -0.4617 0.4510 -0.7639
vn -0.1187 0.1484 -0.9818
vn -0.0888 0.5758 -0.8128
vn -0.2136 0.8696 -0.4453
vn -0.2530 0.9522 -0.1712
vn -0.2963 0.8858 -0.3572
vn 0.2219 0.8948 -0.3874
vn 0.0927 0.9928 0.0762
vn 0.0141 0.8548 -0.5188
vn -0.4124 0.8289 -0.3780
vn -0.0515 0.9346 -0.3519
vn 0.2469 0.9618 0.1182
vn -0.1268 0.9851 0.1164
vn -0.1289 0.9903 0.0516
vn -0.1432 0.9846 -0.1008
vn -0.4039 0.8629 -0.3037
vn -0.5716 0.7907 -0.2193
vn -0.2634 0.8925 -0.3661
vn -0.1064 0.9110 -0.3985
vn -0.4035 0.9142 -0.0365
vn -0.0961 0.9922 -0.0798
vn -0.1993 0.9262 0.3201
vn -0.5269 0.0066 -0.8499
vn -0.4482 0.3435 -0.8253
vn -0.0397 0.8511 -0.5235
vn 0.3436 0.8828 0.3204
vn -0.0564 0.8117 -0.5814
vn -0.0531 0.9350 -0.3506
vn -0.2900 -0.1569 -0.9441
vn -0.0990 -0.2583 -0.9610
vn -0.0260 -0.2119 -0.9770
vn 0.1043 -0.2670 -0.9580
vn -0.2787 -0.1011 -0.9550
vn -0.4414 0.7766 0.4496
vn -0.7002 0.5736 0.4251
vn -0.2657 0.1425 -0.9535
vn -0.0831 -0.4996 -0.8623
vn -0.1547 -0.7225 -0.6738
vn -0.1064 -0.5474 -0.8301
vn -0.1011 -0.2074 -0.9730
vn -0.2574 -0.3922 -0.8831
vn -0.2554 -0.4041 -0.8784
vn -0.3503 -0.4159 -0.8392
vn -0.4874 -0.3315 -0.8078
vn -0.1489 -0.4284 -0.8912
vn -0.2616 -0.2460 -0.9333
vn -0.0773 -0.0998 -0.9920
vn 0.0467 -0.5739 -0.8176
vn 0.1374 -0.1731 -0.9753
vn 0.2065 -0.0873 -0.9745
vn 0.0974 -0.1472 -0.9843
vn -0.5401 -0.0812 -0.8377
vn -0.2776 -0.4358 -0.8561
vn -0.7870 0.5932 0.1695
vn 0.0243 -0.2073 -0.9780
vn -0.0969 -0.2859 -0.9533
vn 0.0157 0.0626 -0.9979
vn 0.0622 0.1901 -0.9798
vn 0.0491 0.3574 -0.9327
vn 0.1493 0.3011 -0.9418
vn 0.0235 0.5118 -0.8588
vn 0.0849 -0.2836 -0.9552
vn 0.0082 0.3551 -0.9348
vn 0.1464 0.6624 -0.7347
vn 0.3001 0.4313 -0.8508
vn 0.2820 0.6503 -0.7054
vn 0.3131 0.7136 -0.6267
vn 0.0699 0.6757 -0.7338
vn 0.1637 0.5338 -0.8296
vn 0.1479 0.8611 -0.4864
vn -0.3711 0.7691 0.5204
vn 0.0065 0.7023 -0.7119
vn 0.6052 0.7544 0.2541
vn 0.1370 0.7139 0.6867
vn 0.1091 0.9666 0.2319
vn 0.0253 0.7641 0.6446
vn 0.1259 0.9908 0.0492
vn 0.2354 0.9356 0.2632
vn 0.4091 0.9116 0.0408
vn 0.5130 0.0775 0.8549
vn 0.3710 0.2016 0.9065
vn 0.1943 0.0531 0.9795
vn 0.3846 0.5206 0.7623
vn 0.3851 0.0923 0.9183
vn 0.1267 -0.0649 0.9898
vn 0.6256 0.7543 0.1993
vn 0.4363 0.8322 -0.3422
vn 0.3952 0.8638 -0.3126
vn 0.4015 0.8310 0.3851
vn 0.1135 0.2727 0.9554
vn 0.3121 0.9492 0.0407
vn 0.1891 0.9816 -0.0245
vn 0.3196 0.9453 -0.0648
vn 0.2858 0.9577 -0.0322
vn 0.3453 0.9384 0.0094
vn 0.3593 0.0755 0.9302
vn 0.4069 0.2076 0.8896
vn 0.2818 0.3679 0.8861
vn -0.0528 0.3175 0.9468
vn 0.1955 0.1388 0.9708
vn 0.4737 0.8115 0.3423
vn 0.3790 0.9071 -0.1830
vn 0.0303 0.1713 0.9848
vn 0.5114 0.6886 0.5140
vn 0.3749 -0.0344 0.9264
vn 0.3647 0.9232 -0.1217
vn 0.2489 0.0683 0.9661
vn 0.3136 -0.0801 0.9462
vn 0.2760 -0.0668 0.9588
vn 0.4216 -0.0184 0.9066
vn 0.4438 0.8747 -0.1947
vn 0.6349 0.7595 0.1414
vn 0.3196 0.9436 -0.0864
vn 0.3314 0.0402 0.9426
vn 0.2463 0.9652 -0.0875
vn 0.2692 0.9615 -0.0553
vn 0.4076 0.9094 -0.0822
vn 0.4225 0.9042 -0.0629
vn 0.4631 0.8862 -0.0122
vn 0.5025 0.8645 0.0067
vn 0.3672 0.9241 -0.1056
vn 0.4169 0.9046 -0.0888
vn 0.3373 0.9328 -0.1266
vn 0.1468 0.9867 -0.0702
vn 0.4442 0.8878 -0.1204
vn 0.3133 0.9433 -0.1100
vn 0.3587 0.9151 -0.1843
vn 0.3997 0.9156 -0.0442
vn 0.3374 0.9232 0.1837
vn 0.2813 0.9503 -0.1337
vn -0.0793 0.2842 0.9555
vn 0.3076 0.9439 -0.1205
vn 0.3554 0.9062 -0.2290
vn -0.1192 0.2230 0.9675
vn 0.2708 0.9594 -0.0783
vn 0.2743 0.9473 -0.1655
vn 0.1099 0.9939 0.0043
vn 0.4510 0.8734 -0.1836
vn 0.1385 0.9886 -0.0593
vn 0.2962 0.9465 -0.1279
vn 0.6391 0.7492 -0.1739
vn 0.3927 0.8706 -0.2963
vn 0.3429 0.9276 -0.1481
vn 0.3267 0.9396 -0.1017
vn 0.2649 0.9581 -0.1089
vn 0.0379 0.9795 -0.1977
vn 0.0294 0.2296 0.9728
vn 0.1017 0.1173 0.9879
vn -0.1678 0.2876 0.9429
vn 0.1542 0.0008 0.9880
vn -0.0173 0.1108 0.9937
vn 0.1788 0.1200 0.9765
vn 0.0107 0.3597 0.9330
vn 0.0589 0.7479 0.6612
vn 0.1349 0.2268 0.9646
vn 0.2101 -0.0991 0.9726
vn 0.1022 0.9761 0.1920
vn 0.4320 0.9016 0.0234
vn 0.0348 0.3491 0.9365
vn 0.2799 0.9551 -0.0970
vn 0.2773 0.9545 0.1095
vn 0.2236 0.9722 -0.0696
vn -0.1430 -0.0357 0.9891
vn -0.2755 0.4740 0.8363
vn -0.2694 0.3398 0.9011
vn 0.3544 0.9351 -0.0037
vn 0.0481 0.2235 0.9735
vn -0.1048 0.2330 0.9668
vn -0.0813 0.1946 0.9775
vn 0.1099 0.2332 0.9662
vn -0.0388 0.1039 0.9938
vn -0.4711 0.3100 0.8258
vn -0.4118 0.5739 0.7079
vn -0.0124 0.1997 0.9798
vn -0.0235 -0.1143 0.9932
vn -0.0833 0.0634 0.9945
vn -0.1078 -0.1470 0.9832
vn -0.2788 0.1342 0.9509
vn 0.1309 0.6750 0.7261
vn -0.1398 0.9158 0.3765
vn -0.2425 0.3923 0.8873
vn -0.4015 0.2252 0.8877
vn -0.4247 -0.0503 0.9039
vn -0.5295 -0.0140 0.8482
vn -0.4160 -0.5555 0.7200
vn -0.8432 -0.5354 0.0478
vn -0.6686 -0.4951 0.5548
vn -0.1856 0.2668 0.9457
vn -0.5442 0.5864 0.6000
vn -0.4412 0.5777 0.6867
vn -0.2624 0.2405 0.9345
vn -0.5868 0.1391 0.7977
vn -0.0593 0.2594 0.9640
vn -0.2855 0.4175 0.8626
vn -0.3645 -0.5680 0.7379
vn 0.0072 0.2024 0.9793
vn -0.0733 0.2574 0.9635
vn -0.0321 0.4685 0.8829
vn -0.0999 0.4575 0.8836
vn -0.1018 -0.1027 0.9895
vn -0.3584 0.5410 0.7609
vn -0.2830 0.7284 0.6240
vn 0.2195 0.9408 -0.2583
vn -0.2747 0.9604 0.0466
vn -0.2339 0.3260 0.9160
vn -0.5618 0.7943 -0.2310
vn -0.5600 0.8258 0.0663
vn -0.5243 0.5614 0.6403
vn -0.1417 0.0795 0.9867
vn 0.0254 0.0780 0.9966
vn -0.1017 0.6245 0.7744
vn 0.0837 -0.0998 0.9915
vn 0.1715 0.2868 0.9425
vn -0.4233 -0.0447 0.9049
vn 0.0954 0.5180 0.8500
vn 0.1138 0.3350 0.9353
vn -0.1003 0.4085 0.9072
vn -0.1737 0.3339 0.9265
vn 0.2169 0.9742 -0.0621
vn 0.2394 0.9681 -0.0734
vn 0.2902 0.9559 0.0456
vn 0.1313 0.9248 0.3572
vn 0.2139 0.9768 0.0026
vn -0.0744 -0.0225 0.9970
vn -0.2256 -0.3073 0.9245
vn -0.1838 -0.1433 0.9725
vn 0.2634 0.7525 0.6036
vn 0.0774 0.6480 0.7577
vn -0.0514 0.2077 0.9768
vn 0.0751 0.1642 0.9836
vn 0.1084 0.4429 0.8900
vn -0.0593 0.7414 0.6685
vn -0.0952 0.0529 0.9940
vn -0.2794 0.1379 0.9502
vn -0.0141 0.4158 0.9094
vn -0.0883 -0.0885 0.9921
vn -0.2124 -0.1741 0.9616
vn 0.0283 -0.0738 0.9969
vn 0.2355 0.5193 0.8215
vn -0.5789 0.2848 0.7640
vn -0.7384 -0.0721 0.6705
vn 0.1703 0.3824 0.9082
vn -0.4846 0.3439 0.8043
vn -0.8891 -0.2910 0.3533
vn -0.6429 0.1893 0.7422
vn -0.5013 0.5818 0.6404
vn 0.0820 0.4309 0.8987
vn -0.1989 0.4564 0.8672
vn -0.7776 0.6010 -0.1848
vn -0.8050 0.5857 0.0941
vn -0.9181 0.3942 0.0411
vn -0.1312 0.3838 0.9140
vn -0.3114 0.3616 0.8788
vn -0.3093 0.2699 0.9119
vn -0.5822 0.3006 0.7554
vn -0.8300 0.2984 0.4713
vn -0.3851 0.3009 0.8724
vn -0.4275 0.4089 0.8063
vn -0.4657 0.3178 0.8259
vn -0.5964 0.7787 0.1950
vn -0.8992 -0.2775 -0.3384
vn -0.5099 -0.2052 0.8354
vn -0.9129 -0.2330 -0.3351
vn -0.8896 -0.4312 0.1507
vn -0.5302 0.2054 0.8226
vn 0.1755 0.9788 0.1056
vn 0.1817 0.9833 0.0026
vn 0.0001 0.9896 0.1440
vn -0.8545 -0.4562 0.2485
vn -0.4747 0.2496 0.8440
vn -0.2995 0.5984 -0.7431
vn 0.3294 0.4786 -0.8139
vn 0.1861 0.9520 0.2432
vn 0.0367 0.9936 0.1070
vn -0.3230 0.7479 0.5800
vn 0.0068 0.9923 0.1236
vn 0.0461 0.8776 -0.4771
vn -0.0096 0.9161 -0.4008
vn 0.1932 0.9501 0.2449
vn 0.1977 0.8839 0.4239
vn -0.0714 0.9474 0.3121
vn 0.1531 0.9117 0.3811
vn 0.2830 0.9383 0.1987
vn 0.2796 0.9314 0.2332
vn 0.1860 0.9825 -0.0013
vn 0.1989 0.9722 0.1233
vn 0.2111 0.9752 0.0669
vn 0.1828 0.9801 0.0767
vn 0.2855 0.8809 0.3776
vn 0.3738 0.9222 0.0996
vn 0.1548 0.9879 0.0056
vn 0.1525 0.9544 0.2565
vn 0.2020 0.9655 0.1642
vn 0.3696 0.9250 0.0885
vn 0.4415 0.8960 0.0474
vn 0.3619 0.9311 0.0455
vn 0.5142 0.8574 -0.0194
vn 0.3505 0.9277 0.1282
vn 0.3695 0.9259 -0.0787
vn 0.2683 0.9605 -0.0734
vn 0.5300 0.8438 0.0837
vn -0.2230 0.4230 0.8782
vn -0.0344 0.8326 0.5528
vn 0.1632 0.8094 0.5641
vn -0.3786 0.6451 0.6637
vn 0.1080 0.8261 0.5531
vn 0.2850 0.7712 0.5692
vn -0.1641 0.9158 0.3666
vn -0.2242 0.6151 0.7559
vn 0.0154 0.9978 -0.0638
vn 0.2502 0.8906 0.3798
vn 0.1430 0.9336 0.3286
vn 0.3386 0.9356 -0.0997
vn 0.4802 0.8643 0.1498
vn 0.5276 0.8441 0.0954
vn 0.7013 0.6963 0.1531
vn 0.3508 0.9346 -0.0582
vn 0.3894 0.9210 0.0073
vn 0.4010 0.8886 -0.2227
vn 0.5174 0.8526 0.0729
vn 0.3857 0.9175 0.0977
vn 0.2884 0.9493 -0.1250
vn 0.4125 0.8153 0.4064
vn 0.3513 0.9344 -0.0581
vn 0.4506 0.8924 0.0254
vn 0.2525 0.9443 -0.2111
vn 0.2774 0.9479 -0.1569
vn 0.3420 0.8596 0.3796
vn 0.2288 0.9725 -0.0440
vn 0.0850 0.9539 0.2877
vn 0.3006 0.9335 -0.1954
vn -0.0809 0.9588 0.2724
vn -0.0911 0.8928 0.4411
vn 0.2143 0.9340 -0.2857
vn 0.2012 0.8806 -0.4291
vn 0.2778 0.9218 -0.2703
vn 0.3184 0.9205 -0.2263
vn 0.2931 0.9395 -0.1775
vn 0.3687 0.9227 -0.1125
vn 0.2775 0.9527 -0.1235
vn 0.3189 0.8909 -0.3235
vn 0.3841 0.9150 -0.1237
vn 0.2729 0.9458 -0.1760
vn 0.2707 0.9347 -0.2304
vn 0.2933 0.9467 -0.1334
vn 0.3757 0.9204 0.1082
vn 0.2884 0.9358 -0.2027
vn 0.1984 0.9267 -0.3193
vn 0.3318 0.9403 0.0756
vn 0.2946 0.9375 -0.1854
vn 0.2168 0.9511 -0.2200
vn 0.2568 0.9512 -0.1713
vn 0.3134 0.9355 -0.1632
vn 0.2289 0.9538 -0.1949
vn 0.2624 0.9518 -0.1591
vn 0.3522 0.9269 -0.1299
vn 0.2948 0.9503 0.1001
vn 0.2883 0.9464 -0.1453
vn 0.3944 0.9165 -0.0665
vn 0.3065 0.9449 -0.1152
vn 0.3897 0.9207 -0.0201
vn 0.3361 0.9380 0.0845
vn 0.3454 0.9367 -0.0574
vn 0.1386 0.9637 -0.2282
vn 0.1016 0.9767 -0.1891
vn 0.3959 0.8940 -0.2099
vn 0.2769 0.9422 -0.1886
vn 0.3311 0.9385 -0.0981
vn 0.2614 0.9462 -0.1910
vn 0.3468 0.9350 -0.0744
vn 0.1655 0.9838 -0.0684
vn 0.1210 0.8830 -0.4535
vn -0.0087 0.8784 -0.4779
vn 0.3413 0.8869 -0.3114
vn 0.0793 0.9469 -0.3116
vn 0.2722 0.9288 -0.2514
vn 0.3522 0.9242 0.1476
vn 0.2536 0.9254 -0.2816
vn 0.2626 0.9405 -0.2154
vn 0.2628 0.9508 -0.1641
vn 0.3267 0.8851 -0.3316
vn 0.2611 0.9253 -0.2752
vn 0.1027 0.9852 -0.1372
vn 0.3236 0.9133 -0.2472
vn 0.2619 0.9218 -0.2858
vn 0.2785 0.9271 -0.2508
vn 0.2246 0.9437 -0.2428
vn 0.3132 0.9266 -0.2082
vn -0.0461 0.9834 -0.1756
vn 0.2144 0.9161 -0.3389
vn 0.2409 0.9488 -0.2041
vn 0.3480 0.9187 0.1867
vn 0.3549 0.9291 0.1044
vn 0.2944 0.9477 -0.1230
vn 0.4082 0.9075 -0.0996
vn 0.3558 0.9342 -0.0252
vn -0.0758 0.9403 0.3317
vn 0.4504 0.8928 -0.0117
vn 0.3964 0.9170 0.0446
vn 0.6501 0.7596 0.0193
vn 0.3680 0.9241 0.1030
vn 0.4778 0.3928 0.7858
vn 0.4479 0.7945 0.4100
vn 0.5024 0.8444 0.1859
vn 0.5268 -0.0529 0.8484
vn 0.4708 0.1167 0.8745
vn 0.5676 0.1478 0.8099
vn 0.4680 -0.0390 0.8828
vn 0.7609 0.1125 0.6391
vn 0.8780 -0.0431 0.4768
vn 0.2249 0.9559 0.1889
vn 0.0036 0.7130 0.7012
vn 0.2603 0.9575 -0.1241
vn 0.3043 0.9281 0.2143
vn -0.1277 0.0566 0.9902
vn 0.2768 0.6291 0.7264
vn 0.4685 0.6554 0.5924
vn 0.0253 0.7633 0.6455
vn 0.4082 0.8580 0.3118
vn 0.1509 -0.0127 0.9885
vn -0.0766 0.0446 0.9961
vn -0.1631 0.8289 0.5351
vn 0.2174 0.9759 -0.0158
vn 0.2507 0.2368 0.9386
vn 0.5888 0.2670 0.7629
vn 0.2097 0.9561 -0.2045
vn 0.2645 0.9503 -0.1644
vn 0.2327 0.1913 0.9536
vn 0.2246 0.9295 0.2925
vn -0.0445 0.0179 0.9988
vn -0.2010 -0.1104 0.9733
vn 0.4196 0.8484 0.3227
vn 0.2512 0.9519 0.1757
vn 0.2405 0.9489 0.2043
vn 0.5086 0.7590 0.4066
vn 0.3031 0.9491 -0.0857
vn 0.3333 0.9143 -0.2302
vn 0.4643 0.8817 -0.0838
vn 0.4840 0.1668 0.8590
vn 0.4219 -0.0466 0.9055
vn 0.4317 -0.0755 0.8989
vn 0.3081 0.0035 0.9514
vn -0.1222 -0.1034 0.9871
vn -0.1568 -0.0784 0.9845
vn 0.5793 0.7891 0.2042
vn 0.2503 0.9361 -0.2471
vn 0.4168 0.9067 0.0639
vn 0.6099 0.7020 -0.3679
vn 0.5700 0.7379 -0.3615
vn -0.0160 -0.2710 0.9624
vn 0.1057 -0.0350 0.9938
vn 0.2576 0.9391 -0.2273
vn 0.2407 0.9520 -0.1889
vn 0.2337 0.9463 -0.2233
vn 0.6008 0.7568 -0.2574
vn 0.9239 0.3495 -0.1555
vn 0.8148 0.5528 -0.1745
vn 0.9000 0.3148 -0.3016
vn 0.2691 0.9460 -0.1806
vn 0.2313 0.9561 -0.1798
vn 0.2227 0.9646 -0.1409
vn 0.2771 0.9505 -0.1407
vn 0.4156 0.9086 -0.0420
vn -0.1360 0.0602 0.9889
vn -0.0179 -0.1022 0.9946
vn 0.3346 -0.0173 0.9422
vn 0.3844 0.0935 0.9184
vn 0.1984 -0.2180 0.9556
vn 0.3168 -0.2817 0.9057
vn 0.7169 0.6256 -0.3077
vn 0.6457 0.5912 -0.4833
vn 0.5965 0.7973 0.0922
vn 0.8756 0.2586 -0.4080
vn 0.4948 0.8641 0.0927
vn 0.3916 0.9199 -0.0194
vn 0.3854 0.9171 -0.1020
vn 0.4501 0.8804 -0.1494
vn 0.4436 0.8733 -0.2013
vn 0.3550 0.9126 -0.2029
vn 0.3158 0.9396 -0.1320
vn 0.3760 0.8841 -0.2775
vn 0.3839 0.3227 0.8652
vn 0.1999 0.9601 -0.1954
vn 0.2737 0.9577 -0.0887
vn 0.1741 0.9847 -0.0068
vn 0.1127 0.9830 0.1450
vn 0.2146 0.9690 -0.1221
vn 0.3043 0.9356 -0.1793
vn 0.1679 0.9385 -0.3015
vn 0.2255 0.9704 -0.0865
vn 0.4989 0.8665 -0.0188
vn 0.2841 0.9285 0.2393
vn 0.2987 0.9467 0.1205
vn 0.3510 0.9361 0.0241
vn 0.5487 0.8287 -0.1102
vn 0.5274 0.7945 -0.3012
vn 0.2787 0.9460 -0.1657
vn 0.2668 0.9504 -0.1601
vn 0.7674 0.5746 -0.2843
vn 0.7218 0.6236 -0.3002
vn 0.6744 0.7163 -0.1792
vn 0.6258 0.7749 -0.0890
vn 0.2632 0.9598 -0.0974
vn 0.6391 0.7638 0.0900
vn 0.4338 0.8875 -0.1555
vn 0.6674 0.4363 -0.6035
vn 0.4147 0.9002 -0.1328
vn 0.2264 0.9736 0.0283
vn 0.4000 0.9128 0.0825
vn 0.5183 0.8544 -0.0361
vn 0.6784 0.6845 -0.2669
vn 0.4262 0.8911 0.1559
vn 0.4994 0.8596 0.1085
vn 0.6017 0.7984 -0.0231
vn 0.5180 0.8553 0.0060
vn 0.2356 0.9531 -0.1898
vn 0.2367 0.9517 -0.1958
vn 0.4114 0.8721 -0.2650
vn 0.2064 0.9515 -0.2282
vn 0.4320 0.8250 -0.3642
vn 0.3292 0.8782 -0.3470
vn 0.4275 0.8812 -0.2019
vn 0.3507 0.9355 0.0439
vn 0.4078 0.9078 -0.0980
vn 0.4018 0.8977 -0.1807
vn 0.2447 0.9630 -0.1129
vn 0.2739 0.9469 -0.1686
vn 0.3467 0.9379 -0.0122
vn 0.2252 0.9517 -0.2088
vn 0.2338 0.9567 -0.1733
vn 0.2237 0.9527 -0.2056
vn 0.1217 0.9719 -0.2017
vn 0.2071 0.9556 -0.2095
vn 0.6487 0.7421 -0.1688
vn 0.3941 0.9048 -0.1615
vn 0.4720 0.8401 -0.2672
vn 0.4848 0.7405 -0.4654
vn 0.5079 0.8417 -0.1833
vn 0.6031 0.6347 -0.4832
vn 0.6114 0.6413 -0.4636
vn 0.2979 0.9302 -0.2143
vn 0.5883 0.7627 -0.2685
vn 0.5131 0.7844 -0.3486
vn 0.5336 0.7665 -0.3575
vn 0.6378 0.6210 -0.4556
vn 0.7472 0.3155 -0.5850
vn 0.6276 0.7757 0.0664
vn 0.4545 0.8895 -0.0465
vn 0.5042 0.8607 -0.0710
vn 0.5435 0.7959 -0.2667
vn 0.2228 0.9618 -0.1593
vn 0.2533 0.9387 -0.2337
vn 0.4209 0.9036 0.0795
vn 0.3404 0.9387 0.0535
vn 0.5201 0.8541 -0.0104
vn 0.4793 0.8763 -0.0486
vn 0.3147 0.9395 -0.1351
vn 0.3114 0.9438 -0.1105
vn 0.5631 0.8264 0.0051
vn 0.6886 0.7249 0.0191
vn 0.4141 0.8366 -0.3586
vn 0.2091 0.3158 0.9255
vn 0.3713 0.3002 0.8786
vn 0.1566 0.4900 0.8575
vn 0.0721 0.5101 0.8571
vn 0.0070 0.5441 0.8390
vn -0.0093 0.4726 0.8812
vn -0.2263 0.5558 0.7999
vn 0.0353 0.3537 0.9347
vn -0.1516 0.3965 0.9054
vn -0.5608 0.4896 0.6677
vn 0.1879 0.4963 0.8476
vn 0.0782 0.4360 0.8965
vn -0.0848 0.5490 0.8315
vn 0.1708 0.4582 0.8723
vn -0.0632 0.3784 0.9235
vn 0.0120 0.3775 0.9259
vn -0.5236 0.5159 0.6780
vn 0.0800 0.4295 0.8995
vn 0.2946 0.6384 0.7111
vn 0.4095 0.2242 0.8843
vn 0.4923 0.2245 0.8410
vn -0.2868 0.5114 0.8101
vn 0.3460 0.3233 0.8808
vn 0.2734 0.2977 0.9147
vn 0.1312 0.2346 0.9632
vn 0.1472 0.2457 0.9581
vn 0.0730 0.1363 0.9880
vn 0.1747 0.3146 0.9330
vn 0.3138 0.2754 0.9087
vn 0.3180 0.4370 0.8414
vn -0.1598 0.4092 0.8983
vn -0.1085 0.4969 0.8610
vn -0.1444 0.2903 0.9460
vn -0.4133 0.5677 0.7120
vn 0.2148 0.3352 0.9173
vn -0.0306 0.2474 0.9684
vn 0.0918 0.2293 0.9690
vn 0.2633 0.1489 0.9531
vn 0.1987 0.0616 0.9781
vn -0.0904 0.1650 0.9821
vn 0.1497 0.4758 0.8667
vn 0.2919 0.3858 0.8752
vn -0.3421 0.4371 0.8318
vn -0.3173 0.4783 0.8188
vn -0.2645 0.4478 0.8541
vn -0.1284 0.2917 0.9479
vn -0.4278 0.3684 0.8253
vn 0.2205 0.5378 0.8138
vn -0.1257 0.0891 0.9881
vn 0.0585 0.3001 0.9521
vn 0.3525 0.5530 0.7549
vn 0.3579 0.4952 0.7916
vn 0.2778 0.5235 0.8055
vn -0.5516 0.5923 0.5873
vn -0.5004 0.6126 0.6118
vn -0.2813 0.7043 0.6518
vn -0.4582 0.7419 0.4895
vn -0.4957 0.7481 0.4412
vn -0.6894 0.4387 0.5764
vn -0.3663 0.7278 0.5797
vn -0.6441 0.5404 0.5414
vn -0.5605 0.3609 0.7454
vn -0.5965 0.4264 0.6799
vn -0.6186 0.4642 0.6339
vn -0.1935 0.3461 0.9180
vn -0.4509 0.2391 0.8600
vn -0.3139 0.5110 0.8003
vn -0.2031 0.4751 0.8562
vn -0.3663 0.5075 0.7799
vn -0.3425 0.7903 0.5080
vn -0.3266 0.4850 0.8113
vn -0.0234 0.2771 0.9605
vn -0.1514 0.4042 0.9020
vn -0.5635 0.7769 0.2809
vn -0.5133 0.6668 0.5403
vn -0.2806 0.5565 0.7820
vn -0.1818 0.9024 0.3907
vn -0.6992 0.2496 0.6700
vn -0.4033 0.5423 0.7370
vn -0.0770 0.3976 0.9143
vn -0.5697 0.3463 0.7453
vn 0.0142 0.7213 0.6925
vn -0.4418 0.3443 0.8284
vn 0.0352 0.5537 0.8319
vn 0.1142 0.6036 0.7890
vn 0.0453 0.5858 0.8092
vn 0.1305 0.4263 0.8951
vn 0.3320 0.4260 0.8416
vn 0.0296 0.3571 0.9336
vn -0.3834 0.8506 0.3599
vn -0.4957 0.4166 0.7620
vn -0.1419 0.9364 0.3209
vn 0.0009 0.6909 0.7230
vn -0.2834 0.9001 0.3308
vn -0.3377 0.6224 0.7060
vn -0.4727 0.5460 0.6917
vn -0.2942 0.2082 0.9328
vn 0.2704 0.5088 0.8173
vn 0.1294 0.7440 0.6556
vn 0.0371 0.3172 0.9476
vn 0.0845 0.5105 0.8557
vn -0.3945 0.4477 0.8024
vn -0.0221 0.4302 0.9025
vn 0.1251 0.2306 0.9650
vn 0.3251 0.2898 0.9002
vn 0.0651 0.4994 0.8639
vn 0.2479 0.4345 0.8659
vn 0.1266 0.3776 0.9173
vn 0.1528 0.3729 0.9152
vn -0.5990 0.6105 0.5182
vn -0.6000 0.5108 0.6157
vn -0.4900 0.4701 0.7341
vn 0.2343 0.9642 -0.1245
vn 0.1048 0.8621 -0.4957
vn 0.1759 0.9774 0.1171
vn 0.3652 0.4458 0.8173
vn 0.4729 0.4704 0.7450
vn -0.4606 0.4963 0.7359
vn 0.2344 0.4296 0.8721
vn -0.6600 0.6514 0.3744
vn -0.5427 0.6681 0.5090
vn -0.0923 0.9957 0.0079
vn 0.3435 0.9322 -0.1143
vn 0.0529 0.9691 -0.2409
vn -0.2821 0.9558 -0.0825
vn -0.5795 0.7976 0.1675
vn 0.0203 0.5984 0.8009
vn 0.2126 0.9241 -0.3174
vn 0.2967 0.9506 -0.0907
vn 0.3060 0.9471 -0.0964
vn 0.3371 0.4493 0.8273
vn 0.2306 0.9724 -0.0347
vn 0.0816 0.9943 -0.0692
vn 0.3780 0.9220 0.0841
vn 0.1312 0.9876 0.0858
vn 0.2887 0.9541 0.0797
vn 0.0391 0.2558 0.9659
vn 0.0784 0.2648 0.9611
vn 0.2194 0.4633 0.8586
vn 0.1506 0.7738 0.6152
vn 0.2095 0.7968 0.5668
vn 0.0048 0.2698 0.9629
vn -0.3333 0.6547 0.6784
vn -0.4041 0.6602 0.6332
vn -0.7053 0.6043 0.3707
vn -0.6574 0.6195 0.4291
vn -0.6637 0.4802 0.5735
vn -0.3733 0.5970 0.7101
vn -0.4908 0.4926 0.7187
vn -0.5110 0.4166 0.7519
vn -0.8390 0.4582 0.2934
vn -0.9330 0.2875 0.2166
vn -0.0097 0.8433 0.5373
vn -0.3219 0.5837 0.7454
vn -0.3341 0.6994 0.6319
vn -0.5651 0.5919 0.5747
vn -0.6475 0.4745 0.5963
vn -0.7076 0.4985 0.5008
vn 0.2957 0.5458 0.7840
vn -0.5750 0.5387 0.6157
vn -0.4138 0.4395 0.7973
vn -0.3890 0.3794 0.8395
vn -0.0574 0.3041 0.9509
vn -0.7257 0.3983 0.5609
vn -0.8476 0.2550 0.4654
vn -0.6422 0.2322 0.7306
vn -0.6436 0.6782 0.3547
vn -0.4823 0.3611 0.7981
vn -0.4409 0.5780 0.6866
vn 0.1364 0.4132 0.9004
vn 0.0916 0.4549 0.8858
vn 0.2235 0.4505 0.8644
vn 0.2669 0.3827 0.8845
vn 0.1547 0.2608 0.9529
vn 0.3276 0.3209 0.8886
vn 0.2317 0.3653 0.9016
vn 0.3588 0.3390 0.8697
vn 0.3241 0.5139 0.7942
vn 0.3300 0.4421 0.8340
vn 0.1679 0.4870 0.8571
vn 0.3439 0.2746 0.8979
vn 0.2798 0.3321 0.9008
vn 0.3437 0.4432 0.8279
vn 0.2062 0.3008 0.9311
vn 0.0659 0.3909 0.9181
vn 0.1544 0.4139 0.8971
vn 0.1046 0.2535 0.9617
vn 0.3947 0.3380 0.8544
vn 0.3834 0.3030 0.8724
vn -0.8095 0.5544 0.1933
vn -0.4726 0.4007 0.7849
vn -0.5474 0.5613 0.6207
vn 0.0206 0.8030 0.5957
vn 0.1471 0.9828 -0.1119
vn -0.2199 0.8452 0.4871
vn -0.3825 0.9227 -0.0483
vn 0.5506 0.8241 -0.1332
vn 0.1226 0.9637 -0.2373
vn 0.6590 0.7430 -0.1169
vn 0.3072 0.9505 -0.0471
vn 0.1952 0.9765 -0.0912
vn 0.4370 0.8981 -0.0495
vn 0.0140 0.9988 -0.0460
vn -0.2738 0.8251 0.4942
vn 0.2911 0.9557 -0.0441
vn -0.1929 0.9715 0.1379
vn -0.3099 0.8935 0.3249
vn 0.0500 0.6513 0.7571
vn 0.0033 0.8403 0.5421
vn -0.0018 0.3285 0.9445
vn -0.6748 0.1544 0.7216
vn -0.2428 0.4468 0.8611
vn -0.2437 0.3845 0.8904
vn -0.4926 0.3436 0.7995
vn -0.7443 0.4854 0.4587
vn -0.7121 0.3032 0.6332
vn -0.6622 0.4053 0.6303
vn -0.5388 0.4811 0.6915
vn -0.8301 0.2454 0.5007
vn -0.6253 0.3479 0.6985
vn -0.7230 0.1190 0.6806
vn -0.5718 0.4949 0.6544
vn -0.7000 0.3583 0.6178
vn -0.7444 0.6547 0.1316
vn -0.7185 0.6937 0.0500
vn -0.5645 0.6758 0.4740
vn -0.7460 0.5258 0.4087
vn -0.8878 0.3771 0.2638
vn -0.2824 0.8653 0.4142
vn -0.4782 0.7905 0.3826
vn -0.4694 0.3425 0.8139
vn -0.8716 0.1699 0.4599
vn -0.9008 0.4044 0.1583
vn -0.2969 0.4894 0.8199
vn -0.7359 0.6751 -0.0523
vn -0.6584 0.7217 0.2135
vn -0.8525 0.3170 0.4156
vn -0.6084 -0.2127 0.7646
vn -0.6746 0.7175 0.1736
vn -0.8313 0.3711 0.4137
vn -0.7102 -0.0711 0.7004
vn -0.7423 0.6262 0.2385
vn -0.4083 0.7509 0.5191
vn -0.7312 0.3849 0.5632
vn -0.1103 0.9166 0.3844
vn -0.4478 0.6359 0.6285
vn -0.5768 0.6174 0.5348
vn -0.7007 0.7027 0.1236
vn -0.3530 0.7874 0.5054
vn -0.6214 -0.1096 0.7758
vn -0.8325 -0.0833 0.5478
vn -0.7011 -0.2885 0.6521
vn -0.6762 -0.0855 0.7318
vn -0.6783 0.3165 0.6632
vn -0.6965 0.0092 0.7175
vn -0.6666 0.6722 0.3223
vn -0.5778 0.4032 0.7096
vn -0.8267 0.5524 0.1070
vn -0.0691 0.5299 0.8452
vn -0.5900 0.6905 0.4184
vn -0.2630 0.4362 0.8606
vn -0.5910 0.4984 0.6343
vn -0.2094 0.5559 0.8044
vn -0.7320 0.3186 0.6022
vn -0.7653 0.5771 0.2851
vn -0.7502 0.5560 0.3578
vn -0.8052 0.5927 -0.0181
vn -0.7279 0.6134 0.3066
vn -0.6450 0.7634 0.0335
vn -0.4951 0.7312 0.4693
vn -0.3511 0.7834 0.5128
vn -0.6739 0.5308 0.5139
vn -0.8669 0.3078 0.3922
vn -0.8878 0.4396 0.1362
vn -0.5317 0.7343 0.4220
vn -0.6338 0.4029 0.6603
vn -0.7631 0.0833 0.6409
vn -0.8592 0.1927 0.4740
vn -0.3579 0.7070 0.6099
vn -0.9188 -0.1342 0.3713
vn -0.5353 0.5744 0.6193
vn -0.5421 0.7900 0.2864
vn -0.7766 0.3045 0.5515
vn -0.7676 0.5653 0.3020
vn -0.8600 -0.2331 0.4539
vn -0.9236 0.0923 0.3721
vn -0.8919 0.0475 0.4497
vn -0.8606 0.4417 0.2535
vn -0.8977 0.3915 0.2022
vn -0.8065 0.4210 0.4151
vn -0.9040 0.3642 0.2238
vn -0.6828 0.7016 0.2039
vn -0.7455 0.6660 0.0262
vn -0.8547 0.1365 0.5008
vn -0.7360 0.2202 0.6401
vn -0.8794 -0.0351 0.4748
vn -0.8936 0.2801 0.3509
vn -0.8314 0.5162 0.2057
vn -0.9701 0.0969 0.2225
vn -0.9338 -0.1351 0.3314
vn -0.8482 0.2852 0.4464
vn -0.9238 0.0429 0.3806
vn -0.7826 0.0941 0.6154
vn -0.8965 0.4051 -0.1795
vn -0.8782 0.3064 -0.3674
vn -0.9588 0.2840 0.0016
vn -0.7624 0.1857 0.6199
vn -0.8218 0.1054 0.5600
vn -0.7145 0.6180 0.3279
vn -0.7972 -0.1737 0.5782
vn -0.7272 -0.4246 0.5393
vn -0.5513 -0.4954 0.6712
vn -0.7824 -0.0440 0.6212
vn -0.8204 0.1089 0.5613
vn -0.7263 0.1847 0.6621
vn -0.6807 0.2795 0.6772
vn -0.7431 0.2879 0.6041
vn -0.6331 0.2712 0.7250
vn -0.5399 0.4886 0.6854
vn 0.3418 0.2569 0.9040
vn 0.1775 0.2452 0.9531
vn 0.2806 0.4595 0.8427
vn 0.3620 0.9241 0.1227
vn 0.3850 0.8998 -0.2051
vn 0.4944 0.7812 0.3812
vn 0.1422 0.5563 0.8187
vn -0.0887 0.6732 0.7341
vn -0.0571 0.3324 0.9414
vn 0.1433 0.5806 0.8015
vn -0.0339 0.4203 0.9067
vn 0.3291 0.3136 0.8907
vn 0.2182 0.3384 0.9153
vn 0.3328 0.1616 0.9291
vn 0.0914 0.3542 0.9307
vn 0.1006 0.6474 0.7555
vn 0.1963 0.6261 0.7546
vn -0.0401 0.6883 0.7243
vn 0.2425 0.3695 0.8970
vn 0.0361 0.4795 0.8768
vn 0.1659 0.2883 0.9430
vn 0.1054 0.4018 0.9096
vn 0.0957 0.2566 0.9618
vn 0.0456 0.4381 0.8978
vn -0.0629 0.2863 0.9561
vn 0.0130 0.3244 0.9458
vn 0.0045 0.3309 0.9436
vn 0.0296 0.4688 0.8828
vn 0.0673 0.9162 0.3951
vn 0.1572 0.4241 0.8919
vn 0.2701 0.7543 0.5985
vn 0.2017 0.5544 0.8074
vn 0.1364 0.3091 0.9412
vn 0.0347 0.4962 0.8675
vn 0.1944 0.2094 0.9583
vn 0.3095 0.9134 -0.2645
vn 0.3235 0.8860 -0.3322
vn 0.3372 0.9303 -0.1446
vn 0.1554 0.2268 0.9615
vn -0.0716 0.2049 0.9762
vn -0.0203 0.4057 0.9138
vn 0.2409 0.2306 0.9428
vn 0.1639 0.3682 0.9152
vn -0.0272 0.3750 0.9266
vn 0.3024 0.2273 0.9257
vn -0.0706 0.3931 0.9168
vn 0.3912 0.9160 -0.0887
vn 0.3969 0.9170 0.0402
vn 0.3528 0.9068 0.2309
vn 0.3970 0.9169 0.0418
vn 0.4323 0.8499 -0.3013
vn 0.1426 0.5655 0.8123
vn 0.1617 0.9862 -0.0340
vn 0.0733 0.5052 0.8599
vn 0.4047 0.8363 -0.3699
vn 0.0486 0.9978 -0.0455
vn 0.4205 0.8923 -0.1642
vn 0.3367 0.9416 0.0004
vn 0.2009 0.9791 -0.0309
vn 0.4348 0.8948 -0.1013
vn 0.1907 0.5787 0.7930
vn 0.0526 0.3639 0.9299
vn 0.2574 0.4168 0.8718
vn 0.3206 0.8115 0.4886
vn 0.3412 0.7864 0.5150
vn 0.3125 0.9283 0.2015
vn 0.2317 0.8715 0.4323
vn 0.6470 0.7081 0.2827
vn 0.4118 0.6465 0.6423
vn 0.0072 0.3329 0.9429
vn -0.2171 0.5050 0.8354
vn -0.1035 0.4258 0.8989
vn 0.1407 0.2947 0.9452
vn 0.0822 0.5444 0.8348
vn 0.3284 0.8017 0.4994
vn 0.2874 0.6534 0.7004
vn 0.2130 0.2157 0.9529
vn 0.3438 0.8698 -0.3540
vn 0.2457 0.8754 -0.4163
vn 0.2502 0.9530 -0.1707
vn 0.1611 0.4888 0.8574
vn 0.1136 0.9848 -0.1311
vn 0.4886 0.7398 -0.4626
vn 0.3734 0.9268 0.0416
vn 0.2381 0.9695 -0.0587
vn 0.9196 0.1677 -0.3554
vn 0.0087 0.2475 0.9688
vn 0.0809 0.3339 0.9391
vn 0.3108 0.9331 -0.1810
vn 0.2428 0.9701 0.0016
vn 0.5475 0.6852 0.4804
vn 0.2307 0.9730 0.0034
vn 0.0406 0.4144 0.9092
vn 0.0322 0.3700 0.9285
vn 0.0684 0.1843 0.9805
vn 0.1055 0.2873 0.9520
vn -0.0380 0.2430 0.9693
vn 0.0126 0.2522 0.9676
vn 0.0645 0.2970 0.9527
vn -0.1055 0.3239 0.9402
vn 0.0025 0.7138 0.7003
vn 0.7621 0.6239 -0.1729
vn 0.4295 0.5384 -0.7250
vn 0.2770 0.5794 -0.7666
vn 0.5761 0.6008 -0.5542
vn 0.5681 0.8211 -0.0552
vn 0.3399 0.9404 -0.0087
vn 0.3395 0.4384 -0.8322
vn 0.0124 0.5145 -0.8574
vn 0.5400 0.8399 -0.0542
vn 0.3638 0.9250 -0.1095
vn 0.2358 0.7526 -0.6148
vn -0.3089 0.2284 -0.9233
vn 0.4370 0.8271 -0.3534
vn 0.6554 0.5838 -0.4792
vn 0.4338 0.8932 -0.1186
vn 0.5325 0.7990 -0.2793
vn 0.5637 0.6808 -0.4676
vn 0.0091 0.4058 -0.9139
vn 0.1154 0.9363 -0.3318
vn 0.1641 0.9434 -0.2884
vn 0.1652 0.9465 -0.2771
vn 0.3156 0.8745 -0.3684
vn 0.1851 0.9123 -0.3654
vn 0.2682 0.7990 -0.5383
vn -0.4057 0.1081 -0.9076
vn 0.5952 0.5910 -0.5445
vn 0.3372 0.9103 -0.2400
vn 0.3048 0.8675 -0.3932
vn 0.1487 0.9777 -0.1481
vn 0.8479 0.4467 -0.2855
vn 0.6924 0.6539 -0.3048
vn 0.0966 0.7363 -0.6697
vn 0.3938 0.8669 -0.3057
vn 0.4590 0.8758 -0.1492
vn 0.5349 0.7902 -0.2992
vn 0.5680 0.7466 -0.3464
vn -0.2589 0.0337 -0.9653
vn 0.2691 0.3021 -0.9145
vn 0.0457 0.1881 -0.9811
vn -0.2208 0.2303 -0.9477
vn -0.3452 0.1604 -0.9247
vn -0.1773 0.1244 -0.9763
vn -0.4254 0.0001 -0.9050
vn -0.4710 -0.0589 -0.8802
vn -0.3364 0.0141 -0.9416
vn -0.3313 -0.0991 -0.9383
vn -0.5071 0.3571 -0.7844
vn -0.3065 0.5124 -0.8022
vn -0.3749 0.0537 -0.9255
vn -0.2977 0.1455 -0.9435
vn 0.6830 0.7266 0.0748
vn -0.3189 -0.0080 -0.9478
vn -0.2064 0.0487 -0.9773
vn -0.1811 -0.1641 -0.9697
vn -0.4388 -0.1107 -0.8917
vn -0.1380 0.0334 -0.9899
vn 0.1882 0.3654 -0.9116
vn 0.4239 0.1640 -0.8907
vn -0.4524 -0.0387 -0.8910
vn -0.4058 0.0275 -0.9135
vn -0.3766 -0.0322 -0.9258
vn 0.1699 0.2111 -0.9626
vn 0.1344 0.4141 -0.9003
vn -0.3805 0.0927 -0.9201
vn -0.4118 -0.0130 -0.9112
vn -0.4436 -0.0335 -0.8956
vn -0.3063 0.1624 -0.9380
vn -0.4725 0.0231 -0.8811
vn -0.2332 0.7325 -0.6395
vn 0.0259 0.3897 -0.9206
vn -0.0303 0.6558 -0.7543
vn 0.1920 0.7439 -0.6401
vn -0.4857 0.4007 -0.7769
vn -0.0876 0.8326 -0.5469
vn 0.1612 0.9652 -0.2057
vn 0.0209 0.9829 -0.1830
vn 0.1838 0.9424 -0.2794
vn -0.0429 0.0372 -0.9984
vn 0.3500 0.9343 -0.0681
vn 0.1379 0.3578 -0.9235
vn 0.2563 0.2981 -0.9195
vn 0.3937 0.2389 -0.8876
vn 0.0621 0.3345 -0.9404
vn 0.3010 0.3040 -0.9038
vn 0.2234 0.4272 -0.8761
vn -0.0910 0.2114 -0.9731
vn 0.1220 0.2007 -0.9720
vn 0.3056 0.5068 -0.8061
vn 0.2970 0.6113 -0.7336
vn 0.4142 0.7819 -0.4658
vn 0.3015 0.6120 -0.7312
vn 0.3464 0.9120 -0.2195
vn 0.2573 0.9515 -0.1689
vn 0.2356 0.9626 0.1337
vn 0.3713 0.7830 -0.4990
vn 0.2381 0.9374 -0.2542
vn 0.4452 0.8092 -0.3835
vn 0.4336 0.8065 -0.4019
vn 0.5570 0.7302 -0.3956
vn 0.6840 0.6530 -0.3252
vn 0.8216 0.4157 -0.3902
vn 0.3499 0.5888 -0.7287
vn 0.0578 0.5445 -0.8367
vn -0.0750 0.4141 -0.9072
vn -0.0031 0.4436 -0.8962
vn 0.0352 0.4068 -0.9128
vn 0.4976 0.7300 -0.4684
vn 0.3047 0.8122 -0.4976
vn 0.2946 0.0228 -0.9553
vn 0.1256 0.1744 -0.9766
vn -0.0921 0.0419 -0.9949
vn 0.3744 0.1080 -0.9210
vn -0.2854 0.3460 -0.8938
vn 0.2556 0.1460 -0.9557
vn -0.1125 0.5230 -0.8449
vn -0.1538 0.4167 -0.8959
vn -0.0019 0.3025 -0.9531
vn -0.0999 0.4114 -0.9059
vn -0.1658 0.4763 -0.8635
vn 0.0557 0.4403 -0.8961
vn 0.2537 0.4498 -0.8563
vn 0.0950 0.3568 -0.9293
vn 0.2804 0.4862 -0.8277
vn 0.3455 0.6613 -0.6658
vn 0.2531 0.7079 -0.6594
vn 0.1326 0.4739 -0.8705
vn 0.1130 0.5288 -0.8412
vn 0.0696 0.6969 -0.7138
vn 0.3323 0.7425 -0.5816
vn 0.0702 0.8407 -0.5369
vn -0.2005 0.5486 -0.8117
vn -0.1095 0.6603 -0.7430
vn 0.0817 0.8327 -0.5477
vn 0.1529 0.9598 -0.2356
vn -0.0401 0.5863 -0.8091
vn -0.1717 0.6445 -0.7451
vn 0.0676 0.5689 -0.8196
vn 0.1402 0.8551 -0.4992
vn 0.5044 0.4179 -0.7556
vn -0.0758 0.6181 -0.7825
vn 0.0426 0.8210 -0.5693
vn 0.2943 0.9415 -0.1641
vn 0.1922 0.9759 -0.1035
vn 0.3452 0.8699 -0.3523
vn 0.2609 0.9015 -0.3452
vn 0.2622 0.9354 -0.2371
vn 0.1198 0.9587 -0.2580
vn 0.3566 0.8976 -0.2592
vn 0.2869 0.8287 -0.4806
vn 0.1804 0.9091 -0.3755
vn 0.4819 0.6162 -0.6230
vn 0.5699 0.6613 -0.4877
vn 0.2168 0.9178 -0.3327
vn 0.1758 0.9041 -0.3896
vn 0.2919 0.9438 -0.1551
vn 0.2442 0.9584 -0.1478
vn 0.2430 0.9696 -0.0279
vn 0.0907 0.9941 0.0596
vn 0.3341 0.9412 -0.0493
vn 0.2729 0.9477 -0.1653
vn 0.3873 0.7801 -0.4913
vn 0.3732 0.7300 -0.5725
vn -0.3316 0.1300 -0.9344
vn -0.5591 0.1916 -0.8067
vn -0.4438 0.1009 -0.8904
vn -0.6717 0.3359 -0.6603
vn 0.0403 -0.1830 -0.9823
vn 0.0623 0.3803 -0.9227
vn -0.8570 0.1907 -0.4788
vn -0.7516 0.4350 -0.4958
vn -0.6846 0.2774 -0.6741
vn -0.6774 0.6022 -0.4225
vn -0.7480 0.6324 -0.2013
vn -0.8508 0.5121 -0.1182
vn -0.7447 0.5998 -0.2928
vn -0.8070 0.5903 0.0189
vn -0.8600 0.4622 -0.2164
vn -0.0247 -0.2165 -0.9760
vn -0.0974 -0.0482 -0.9941
vn -0.0635 -0.2064 -0.9764
vn -0.3364 -0.1905 -0.9222
vn -0.2075 -0.1755 -0.9624
vn -0.2121 0.0013 -0.9773
vn -0.5378 0.2580 -0.8026
vn -0.1585 0.2080 -0.9652
vn -0.4050 0.3006 -0.8635
vn -0.4210 0.2447 -0.8734
vn -0.1487 0.2243 -0.9631
vn -0.3448 -0.1720 -0.9228
vn -0.5419 -0.0432 -0.8393
vn -0.2361 -0.0207 -0.9715
vn -0.3163 -0.1181 -0.9413
vn -0.3769 -0.1463 -0.9146
vn 0.2522 -0.1159 -0.9607
vn -0.5484 0.2119 -0.8089
vn -0.5603 0.1466 -0.8152
vn -0.4981 0.1820 -0.8478
vn -0.1580 0.1726 -0.9722
vn -0.1984 -0.0193 -0.9799
vn -0.0630 -0.1417 -0.9879
vn 0.0765 -0.1373 -0.9876
vn 0.0762 -0.0099 -0.9970
vn -0.1808 0.0459 -0.9824
vn -0.5243 0.0693 -0.8487
vn -0.4222 0.0843 -0.9026
vn -0.4387 -0.2199 -0.8713
vn -0.1336 -0.1724 -0.9759
vn -0.1001 -0.0553 -0.9934
vn -0.5569 -0.0134 -0.8305
vn -0.2630 -0.0797 -0.9615
vn -0.0479 0.2488 -0.9674
vn -0.0748 0.2381 -0.9684
vn -0.3647 0.4989 -0.7862
vn 0.2215 0.0624 0.9732
vn 0.4952 0.0089 0.8687
vn 0.3431 -0.1828 0.9213
vn 0.4692 0.0514 0.8816
vn 0.4945 -0.3090 0.8124
vn 0.2001 0.2039 0.9583
vn -0.0857 0.1158 0.9896
vn -0.0595 -0.0466 0.9971
vn 0.1544 0.0928 0.9836
vn -0.2703 0.0321 0.9623
vn 0.2362 0.1717 0.9564
vn -0.0553 0.2386 0.9696
vn -0.1650 0.3968 0.9030
vn 0.0293 0.2484 0.9682
vn 0.0671 0.3164 0.9463
vn 0.3497 0.3330 0.8757
vn 0.3979 0.3298 0.8561
vn 0.2070 0.5843 0.7847
vn 0.1455 0.5230 0.8399
vn 0.0378 0.7309 0.6815
vn 0.0874 0.5610 0.8232
vn -0.5516 0.5631 0.6154
vn -0.8286 0.5293 -0.1825
vn -0.8102 0.5474 -0.2098
vn -0.9410 0.1903 -0.2797
vn -0.4266 0.0870 0.9003
vn -0.3555 0.4635 0.8117
vn -0.6257 0.4032 0.6678
vn 0.5088 0.0030 0.8609
vn 0.0544 -0.2807 0.9583
vn 0.6738 -0.5624 0.4792
vn 0.7842 -0.2339 0.5748
vn 0.6315 -0.4392 0.6390
vn -0.1624 -0.3327 0.9290
vn -0.6806 -0.2942 0.6710
vn -0.8908 0.2918 0.3482
vn 0.5332 -0.6335 0.5606
vn 0.4508 -0.5901 0.6697
vn 0.4221 -0.0263 0.9062
vn 0.6692 -0.2891 0.6845
vn 0.6277 -0.0096 0.7784
vn 0.3109 -0.4094 0.8578
vn -0.5194 -0.2936 0.8025
vn 0.8583 0.4837 -0.1712
vn 0.9037 0.4282 0.0091
vn -0.0692 -0.5982 0.7984
vn -0.4090 -0.2717 0.8711
vn 0.1143 -0.5186 0.8473
vn -0.3401 -0.6410 0.6881
vn -0.1766 -0.5285 0.8304
vn -0.0616 -0.7169 0.6945
vn 0.2523 -0.7101 0.6574
vn 0.2468 -0.7848 0.5685
vn 0.8629 0.3504 -0.3642
vn 0.4971 0.8390 -0.2211
vn 0.5303 -0.2186 0.8191
vn 0.6137 -0.3042 0.7286
vn 0.6848 0.5879 -0.4305
vn 0.8808 0.4718 -0.0392
vn 0.6654 0.7420 -0.0812
vn 0.9968 -0.0095 0.0797
vn 0.9419 -0.2136 -0.2593
vn 0.8555 0.4907 -0.1652
vn 0.8892 0.3266 -0.3202
vn 0.6506 0.6458 -0.3997
vn 0.4678 0.6715 -0.5747
vn 0.6229 0.5542 -0.5521
vn 0.7848 0.6176 -0.0515
vn 0.9275 0.1627 0.3365
vn 0.8243 0.5657 -0.0227
vn 0.8445 0.4566 -0.2799
vn 0.7104 0.6939 -0.1172
vn 0.4796 0.8722 -0.0964
vn 0.6469 0.6859 -0.3332
vn 0.7176 0.3563 -0.5985
vn 0.6682 0.2664 -0.6947
vn 0.9072 0.3423 -0.2443
vn 0.8147 0.4805 -0.3247
vn 0.5231 0.2955 -0.7994
vn 0.7510 0.4107 -0.5170
vn 0.8004 0.2883 -0.5255
vn 0.7557 0.3762 -0.5360
vn 0.8015 0.4207 -0.4250
vn 0.0532 0.8808 -0.4704
vn 0.8166 0.3086 -0.4877
vn -0.4718 0.7288 0.4963
vn -0.2742 0.7190 0.6386
vn 0.0860 0.5713 0.8162
vn 0.2916 0.6491 0.7026
vn -0.0561 0.7828 0.6198
vn 0.3521 0.6392 0.6836
vn 0.1846 0.3886 0.9027
vn 0.4257 0.7010 0.5721
vn 0.0072 0.6666 0.7454
vn -0.4131 0.8994 0.1427
vn 0.2448 0.4271 0.8705
vn 0.0741 0.5771 0.8133
vn 0.3012 0.6570 0.6911
vn 0.0888 0.7176 0.6907
vn 0.0231 0.5730 0.8192
vn -0.6340 0.3949 0.6648
vn -0.7487 0.3472 0.5647
vn -0.6864 0.4477 0.5730
vn -0.6540 0.5246 0.5451
vn -0.3871 0.5495 0.7404
vn -0.6378 0.4369 0.6343
vn -0.6016 0.5649 0.5648
vn -0.7478 0.4736 0.4652
vn -0.9020 0.2961 0.3141
vn 0.1214 0.6442 0.7552
vn -0.9517 0.1201 -0.2825
vn -0.8433 0.5302 -0.0876
vn -0.7350 0.5643 -0.3759
vn -0.8726 0.3238 -0.3657
vn -0.8539 0.5036 0.1313
vn -0.7324 0.6268 0.2659
vn -0.7839 0.5454 0.2968
vn -0.8101 0.5207 0.2694
vn -0.5623 0.4098 0.7182
vn -0.1827 0.2916 0.9389
vn -0.7580 0.4894 0.4312
vn -0.4358 0.4719 0.7664
vn -0.7039 0.4082 0.5813
vn -0.9172 0.3587 0.1735
vn -0.8954 0.3069 0.3225
vn -0.8356 0.3173 0.4485
vn -0.7669 0.2040 0.6085
vn -0.7932 0.4022 0.4572
vn 0.3809 0.3059 0.8725
vn -0.1237 0.5816 0.8040
vn 0.0115 0.3005 0.9537
vn 0.1678 0.1837 0.9686
vn 0.2157 0.5267 0.8222
vn -0.0056 0.5033 0.8641
vn 0.4618 0.5277 0.7129
vn -0.2798 0.8141 0.5089
vn -0.0204 0.6817 0.7314
vn 0.2943 0.3119 0.9034
vn 0.0456 0.3294 0.9431
vn 0.1623 0.5027 0.8491
vn -0.0182 0.5183 0.8550
vn 0.4429 0.0991 -0.8911
vn 0.3675 0.3299 -0.8695
vn 0.4295 0.5203 -0.7381
vn 0.3271 0.5221 -0.7877
vn -0.2873 0.3826 -0.8781
vn 0.9243 0.2249 -0.3083
vn 0.8377 0.5016 -0.2162
vn 0.8573 0.3406 -0.3860
vn 0.8287 0.4546 -0.3266
vn 0.8990 0.2392 -0.3668
vn 0.8048 0.5050 -0.3118
vn -0.0388 -0.1309 -0.9906
vn -0.4599 -0.4634 -0.7574
vn -0.4512 -0.2118 -0.8669
vn 0.1472 0.0710 -0.9866
vn -0.0355 0.2079 -0.9775
vn -0.1873 0.2659 -0.9456
vn -0.3251 0.1438 -0.9347
vn -0.1746 0.0477 -0.9835
vn -0.1002 0.3091 -0.9457
vn 0.0305 0.0269 -0.9992
vn -0.4540 0.2041 -0.8673
vn -0.2380 0.1050 -0.9656
vn -0.1710 -0.0599 -0.9834
vn -0.1446 -0.0909 -0.9853
vn 0.0261 0.1392 -0.9899
vn -0.3489 -0.1588 -0.9236
vn 0.1191 -0.3017 -0.9459
vn 0.5820 0.6053 -0.5431
vn -0.1104 0.4482 -0.8871
vn -0.1082 0.3751 -0.9207
vn -0.1444 0.3348 -0.9312
vn -0.0180 0.2550 -0.9668
vn -0.4001 0.2532 -0.8808
vn 0.0628 0.2671 -0.9616
vn -0.0143 0.0347 -0.9993
vn 0.6906 0.1207 -0.7131
vn 0.4604 0.0226 -0.8874
vn -0.0014 0.0830 -0.9965
vn 0.0010 0.1218 -0.9926
vn -0.6051 0.0834 -0.7918
vn -0.2923 0.1750 -0.9402
vn 0.3119 -0.4603 -0.8312
vn -0.6148 0.0454 -0.7874
vn 0.3949 0.4145 -0.8199
vn 0.4805 0.4412 -0.7579
vn 0.0974 0.2720 0.9573
vn 0.0660 0.5238 0.8493
vn 0.2721 0.4480 0.8516
vn 0.2675 0.4343 0.8601
vn -0.2777 0.7477 0.6031
vn -0.1125 0.6551 0.7471
vn 0.0581 -0.9450 0.3220
vn 0.0690 -0.9552 0.2878
vn 0.0195 -0.9881 0.1527
vn 0.0421 -0.5232 0.8512
vn 0.4050 -0.3818 0.8308
vn 0.3619 0.4045 0.8399
vn 0.4085 0.4846 0.7735
vn 0.3391 0.2192 0.9148
vn 0.0657 -0.6876 0.7232
vn -0.1597 -0.7365 0.6573
vn 0.0209 -0.9665 0.2556
vn -0.0969 0.1547 0.9832
vn 0.0647 0.6232 0.7794
vn 0.0036 0.3960 0.9182
vn -0.0743 -0.9394 0.3347
vn 0.2605 0.0194 0.9653
vn 0.1756 0.2360 0.9557
vn 0.1465 0.1155 0.9824
vn 0.3489 -0.5668 0.7463
vn 0.2252 -0.4923 0.8408
vn 0.4596 -0.3685 0.8081
vn 0.2642 -0.3848 0.8844
vn 0.2011 -0.2051 0.9578
vn 0.2487 -0.7926 0.5567
vn 0.0544 0.5868 0.8079
vn 0.1569 0.5372 0.8287
vn 0.1302 0.2469 0.9603
vn 0.1244 -0.9715 0.2019
vn 0.1911 0.2602 0.9465
vn 0.1176 0.1209 0.9857
vn 0.6279 0.3346 0.7027
vn 0.2742 0.2165 0.9370
vn 0.2951 0.2567 0.9203
vn -0.1014 -0.9281 0.3583
vn 0.1449 -0.2952 0.9444
vn 0.1425 0.5001 0.8542
vn 0.2581 0.7207 0.6434
vn 0.3305 0.4638 0.8220
vn 0.4952 0.4443 0.7466
vn 0.2618 0.4165 0.8706
vn 0.2760 0.4082 0.8702
vn -0.1726 0.2358 0.9564
vn 0.1379 0.3826 0.9135
vn 0.1284 0.1694 0.9771
vn 0.2779 0.0565 0.9590
vn 0.3617 -0.0725 0.9295
vn -0.0419 -0.8855 0.4627
vn 0.2590 0.4122 0.8735
vn 0.1798 0.2704 0.9458
vn 0.3565 0.0307 0.9338
vn 0.2197 0.1073 0.9696
vn 0.3518 0.1641 0.9216
vn -0.6777 0.3633 0.6393
vn -0.8164 0.0635 0.5740
vn -0.7011 -0.5012 0.5073
vn -0.2482 -0.8953 0.3699
vn -0.4881 -0.6321 0.6018
vn -0.5845 -0.5779 0.5696
vn -0.7968 0.0829 0.5985
vn -0.8249 0.4608 0.3275
vn -0.7874 0.2993 0.5389
vn -0.9277 -0.0501 0.3699
vn 0.0066 -0.9498 0.3129
vn -0.0336 -0.9551 0.2944
vn -0.1000 -0.9595 0.2635
vn 0.1441 -0.9470 0.2869
vn -0.1162 -0.9378 0.3273
vn -0.7779 0.4792 0.4065
vn -0.3701 -0.5991 0.7100
vn -0.7742 -0.0098 0.6329
vn -0.5214 0.5239 0.6736
vn -0.4494 0.1512 0.8804
vn 0.0034 -0.3661 0.9306
vn -0.7038 0.3390 0.6243
vn -0.7117 0.5244 0.4674
vn -0.8927 0.2239 0.3910
vn -0.6691 0.4976 0.5521
vn -0.5728 0.3941 0.7188
vn -0.7592 0.3661 0.5381
vn -0.7770 0.3578 0.5180
vn -0.5960 0.6222 0.5076
vn -0.4479 0.5350 0.7164
vn -0.5664 0.4706 0.6766
vn -0.5544 0.3926 0.7339
vn -0.4590 0.5920 0.6624
vn -0.3946 0.2706 0.8781
vn -0.1717 0.6897 0.7035
vn -0.2185 0.4901 0.8439
vn -0.1690 0.4142 0.8944
vn -0.6416 0.5266 0.5577
vn -0.4416 0.6917 0.5714
vn -0.5858 0.7455 0.3180
vn -0.4386 0.5823 0.6846
vn -0.2318 0.8262 0.5135
vn -0.1672 0.6932 0.7011
vn -0.3764 0.7240 0.5780
vn 0.0604 0.1033 0.9928
vn 0.2744 0.0337 0.9610
vn 0.2618 0.2099 0.9420
vn -0.2864 0.7204 0.6316
vn 0.1124 -0.9211 0.3727
vn 0.0111 -0.8856 0.4643
vn 0.3420 0.2567 0.9040
vn 0.1459 0.4676 0.8718
vn -0.0040 0.5610 0.8278
vn 0.2769 0.3797 0.8827
vn 0.0174 0.5987 0.8008
vn 0.0409 0.6213 0.7825
vn 0.1587 -0.9271 0.3395
vn -0.2955 0.6788 0.6722
vn -0.2322 0.6792 0.6962
vn 0.2417 -0.8565 0.4561
vn 0.3650 -0.6586 0.6580
vn 0.2662 -0.8528 0.4492
vn 0.3135 0.2081 0.9265
vn 0.4009 0.1729 0.8997
vn 0.3346 0.6101 0.7182
vn -0.0093 0.7616 0.6479
vn 0.0720 0.6399 0.7651
vn 0.2994 -0.5330 0.7914
vn 0.2512 0.2280 0.9407
vn -0.4302 0.0310 -0.9022
vn -0.2986 -0.4052 -0.8641
vn -0.4043 -0.3018 -0.8634
vn -0.1790 -0.4811 -0.8582
vn -0.1984 -0.9072 -0.3710
vn -0.5067 0.0080 -0.8621
vn -0.2310 -0.1457 -0.9620
vn -0.3231 0.0462 -0.9452
vn -0.3807 -0.7425 -0.5512
vn -0.3132 -0.3089 -0.8980
vn -0.4887 -0.1759 -0.8545
vn -0.4590 -0.1484 -0.8759
vn 0.0767 0.5214 -0.8499
vn -0.0969 0.2227 -0.9701
vn -0.2413 0.0210 -0.9702
vn -0.3800 -0.9114 0.1578
vn -0.0088 -0.9819 -0.1892
vn 0.1071 -0.9168 0.3846
vn 0.2466 -0.8934 0.3755
vn 0.2536 -0.9189 0.3021
vn 0.2464 0.3308 -0.9109
vn -0.0657 0.1269 -0.9897
vn -0.3187 -0.9444 -0.0805
vn -0.3730 -0.9100 0.1809
vn -0.3962 -0.2564 -0.8816
vn -0.0932 -0.9956 -0.0005
vn 0.1466 -0.9770 -0.1546
vn -0.3640 0.0521 -0.9299
vn -0.5110 -0.1084 -0.8527
vn -0.4433 -0.0573 -0.8946
vn -0.2807 0.0233 -0.9595
vn -0.2488 -0.0407 -0.9677
vn -0.2270 -0.1653 -0.9598
vn -0.2632 -0.0029 -0.9648
vn -0.2972 -0.0577 -0.9531
vn -0.4588 0.0930 -0.8837
vn -0.4160 0.4796 -0.7726
vn -0.2009 -0.0518 -0.9782
vn -0.3525 -0.9221 0.1595
vn -0.3057 0.1411 -0.9416
vn -0.3935 0.3265 -0.8594
vn -0.3428 0.1149 -0.9323
vn -0.3737 0.1779 -0.9103
vn -0.4027 0.3032 -0.8637
vn 0.1883 -0.8185 0.5427
vn 0.0724 -0.8863 0.4575
vn 0.2338 -0.6668 0.7077
vn -0.0194 -0.7213 0.6923
vn 0.0068 -0.7304 0.6829
vn -0.3456 -0.1120 -0.9317
vn -0.2222 -0.2311 -0.9472
vn -0.0222 -0.6959 0.7178
vn 0.1897 -0.8791 0.4373
vn -0.3344 0.2050 -0.9199
vn -0.2085 0.3605 -0.9092
vn -0.2699 0.4217 -0.8656
vn -0.3024 0.3907 -0.8694
vn -0.0170 -0.7695 0.6384
vn -0.0746 -0.6531 0.7536
vn -0.1739 0.4573 -0.8721
vn -0.2308 0.2654 -0.9361
vn -0.2048 0.4877 -0.8486
vn -0.2162 0.3707 -0.9032
vn -0.3037 0.3163 -0.8987
vn -0.1773 0.1022 -0.9788
vn -0.1498 -0.0835 -0.9852
vn -0.2345 0.2418 -0.9416
vn -0.2947 -0.1080 -0.9495
vn -0.0077 -0.3224 -0.9466
vn -0.3899 -0.1174 -0.9133
vn -0.4490 -0.0324 -0.8929
vn -0.0961 -0.6552 0.7493
vn 0.2312 -0.8504 0.4726
vn -0.3387 0.0267 -0.9405
vn -0.2515 -0.0356 -0.9672
vn -0.1513 -0.1060 -0.9828
vn -0.2794 -0.2343 -0.9311
vn -0.3914 -0.1114 -0.9135
vn -0.2930 -0.2692 -0.9174
vn -0.1436 0.0807 -0.9863
vn 0.0940 -0.0140 -0.9955
vn -0.3930 -0.1011 -0.9140
vn -0.3862 0.1612 -0.9082
vn -0.2243 0.2754 -0.9348
vn -0.1968 0.2221 -0.9550
vn -0.4238 -0.0010 -0.9058
vn -0.3459 0.1882 -0.9192
vn 0.0799 -0.2108 -0.9743
vn 0.0976 -0.2172 -0.9712
vn 0.0100 -0.9064 0.4223
vn 0.2199 -0.7530 0.6202
vn -0.0081 -0.9384 0.3454
vn 0.0570 -0.8387 0.5416
vn 0.2108 -0.9110 0.3545
vn -0.3546 0.0671 -0.9326
vn -0.2546 0.0576 -0.9653
vn -0.6059 0.5139 -0.6073
vn -0.3095 0.2025 -0.9291
vn -0.0845 0.3811 -0.9207
vn 0.2336 -0.6525 0.7209
vn -0.1944 0.1987 -0.9606
vn -0.1402 0.2197 -0.9654
vn 0.1876 0.3298 -0.9252
vn -0.2944 -0.9189 0.2626
vn -0.2846 0.0687 -0.9562
vn -0.1869 0.1991 -0.9620
vn -0.4160 -0.0083 -0.9093
vn -0.0213 -0.9598 -0.2798
vn -0.3814 -0.5793 -0.7203
vn -0.1000 -0.9802 -0.1710
vn -0.0839 -0.9774 -0.1941
vn 0.0069 -0.8204 0.5718
vn -0.0518 -0.8648 0.4994
vn -0.0025 0.2787 -0.9604
vn -0.0741 0.1091 -0.9913
vn -0.1913 0.0713 -0.9789
vn -0.0854 -0.9773 -0.1937
vn -0.0079 -0.9829 -0.1839
vn -0.4591 -0.1627 -0.8734
vn 0.0180 -0.9874 -0.1572
vn 0.0367 -0.9735 -0.2258
vn 0.0518 -0.2089 -0.9766
vn -0.2150 -0.9004 0.3781
vn -0.0777 -0.9570 -0.2796
vn -0.0647 -0.9603 -0.2713
vn -0.1224 -0.9593 -0.2546
vn -0.4129 -0.9037 0.1133
vn 0.1536 -0.9597 -0.2353
vn -0.0123 -0.9675 -0.2524
vn 0.0874 -0.9742 -0.2079
vn -0.0928 -0.9524 -0.2904
vn 0.0780 -0.9738 -0.2138
vn -0.1479 -0.8939 -0.4232
vn 0.1349 -0.9412 -0.3098
vn -0.0758 -0.9206 -0.3832
vn -0.5539 0.1770 -0.8136
vn -0.5302 0.1787 -0.8288
vn -0.4577 -0.8471 0.2700
vn -0.4120 -0.8944 0.1739
vn -0.0912 -0.8323 -0.5468
vn -0.0314 -0.9662 -0.2559
vn -0.0456 -0.9636 -0.2635
vn 0.3182 -0.9141 -0.2513
vn -0.0676 -0.9649 -0.2537
vn -0.1360 -0.9597 -0.2461
vn 0.2146 -0.2725 -0.9379
vn -0.2736 0.0639 -0.9597
vn -0.0057 -0.8461 -0.5330
vn -0.0834 -0.0185 -0.9963
vn -0.4292 -0.0181 -0.9030
vn -0.4432 -0.0676 -0.8939
vn 0.2612 -0.1268 -0.9569
vn 0.0998 0.1878 -0.9771
vn -0.5746 0.0929 -0.8131
vn -0.4636 0.1114 -0.8790
vn -0.5411 0.2291 -0.8091
vn -0.6256 0.0455 -0.7788
vn -0.5697 0.0144 -0.8217
vn -0.3141 -0.9386 0.1426
vn -0.1732 -0.9714 -0.1625
vn -0.3869 0.3314 -0.8605
vn -0.4909 0.2571 -0.8324
vn -0.1153 -0.1121 -0.9870
vn -0.0575 0.3266 -0.9434
vn -0.1366 0.0058 -0.9906
vn -0.2301 0.1323 -0.9641
vn -0.5336 0.4472 -0.7178
vn -0.4483 0.4931 -0.7456
vn -0.2187 -0.7857 -0.5787
vn -0.4044 0.0796 -0.9111
vn -0.6029 0.3559 -0.7140
vn -0.0784 -0.8241 -0.5611
vn 0.2458 -0.2693 -0.9312
vn -0.4033 0.3298 -0.8536
vn -0.3448 0.2326 -0.9094
vn -0.4206 0.1561 -0.8937
vn -0.5918 0.1501 -0.7920
vn -0.1464 0.3078 -0.9401
vn -0.3820 0.2663 -0.8849
vn -0.3191 0.1613 -0.9339
vn -0.4950 0.3052 -0.8135
vn -0.4785 -0.1439 -0.8662
vn -0.5759 0.3254 -0.7499
vn -0.8249 0.1837 -0.5346
vn -0.5239 0.2300 -0.8201
vn -0.4939 0.1315 -0.8595
vn -0.0028 -0.7618 0.6478
vn -0.2580 -0.9286 0.2667
vn -0.2122 -0.8898 0.4040
vn -0.4659 -0.8512 0.2414
vn -0.4413 -0.8802 0.1746
vn -0.4331 -0.8597 0.2709
vn -0.2578 -0.8995 0.3527
vn -0.3828 -0.2507 -0.8891
vn -0.3840 -0.9067 0.1744
vn -0.5269 0.0529 -0.8483
vn -0.2466 0.5148 -0.8211
vn -0.1996 0.1596 -0.9668
vn -0.4616 -0.2981 -0.8355
vn -0.4555 -0.0153 -0.8901
vn -0.3904 -0.2052 -0.8975
vn -0.2177 -0.0433 -0.9751
vn -0.3179 0.2223 -0.9217
vn -0.1478 -0.2760 -0.9497
vn -0.4347 0.0341 -0.8999
vn -0.5691 -0.7806 -0.2583
vn -0.4367 -0.0769 -0.8963
vn -0.5197 -0.6087 -0.5995
vn -0.4892 -0.7574 -0.4325
vn -0.3260 -0.9311 0.1638
vn -0.5141 -0.5724 -0.6387
vn -0.2474 -0.9658 -0.0775
vn -0.2439 -0.1344 -0.9604
vn -0.4948 0.1048 -0.8627
vn -0.5194 0.0870 -0.8501
vn -0.5015 0.0321 -0.8646
vn -0.7063 0.1070 -0.6998
vn 0.0832 -0.2438 -0.9662
vn -0.1101 0.0272 -0.9935
vn -0.0442 -0.2622 -0.9640
vn -0.5487 -0.0585 -0.8340
vn -0.5354 0.1575 -0.8298
vn -0.3782 0.1401 -0.9151
vn -0.8470 0.0881 -0.5243
vn -0.3460 0.0920 -0.9337
vn -0.0927 0.1751 -0.9802
vn -0.1876 -0.1579 -0.9695
vn -0.4270 0.1137 -0.8971
vn -0.3467 0.1861 -0.9193
vn -0.0323 -0.0729 -0.9968
vn -0.3842 0.0398 -0.9224
vn -0.4127 -0.0474 -0.9097
vn -0.4225 0.0307 -0.9058
vn -0.3702 0.2549 -0.8933
vn -0.4353 -0.7726 -0.4621
vn -0.2802 -0.9463 0.1610
vn -0.2577 0.1001 -0.9610
vn -0.2639 0.1002 -0.9593
vn -0.2000 0.2698 -0.9419
vn -0.3973 -0.9146 0.0754
vn -0.3015 0.4253 -0.8534
vn -0.2745 0.1107 -0.9552
vn -0.4542 0.1307 -0.8813
vn -0.1120 0.1205 -0.9864
vn -0.5445 -0.0410 -0.8378
vn -0.4965 0.2300 -0.8370
vn -0.3618 0.1404 -0.9216
vn -0.3220 0.3314 -0.8869
vn -0.2169 -0.1069 -0.9703
vn -0.2447 0.0608 -0.9677
vn -0.4706 0.3199 -0.8223
vn -0.2166 0.0688 -0.9738
vn -0.4435 -0.2418 -0.8631
vn -0.3537 -0.2034 -0.9130
vn -0.3390 0.1049 -0.9349
vn -0.3002 -0.0871 -0.9499
vn -0.1525 0.3675 -0.9174
vn -0.9021 -0.0024 -0.4316
vn -0.1569 0.1513 -0.9760
vn -0.4463 -0.1233 -0.8863
vn -0.9130 0.3272 0.2438
vn -0.9247 0.3483 0.1535
vn -0.8784 0.4325 0.2033
vn -0.8895 -0.0038 -0.4570
vn -0.8659 0.0195 -0.4999
vn -0.8634 0.4022 0.3047
vn -0.9440 0.1734 0.2806
vn -0.4348 0.5187 -0.7362
vn -0.3282 0.5271 -0.7839
vn -0.2852 0.4617 -0.8399
vn -0.3124 0.1136 -0.9431
vn -0.2064 -0.2189 -0.9537
vn -0.2384 -0.1663 -0.9568
vn -0.6290 0.2988 -0.7177
vn -0.8557 0.0633 -0.5135
vn -0.3384 -0.3349 -0.8794
vn -0.9288 0.1324 -0.3460
vn -0.9427 0.3326 0.0260
vn -0.9678 0.2267 -0.1094
vn -0.8865 0.4035 -0.2265
vn -0.8648 0.3289 -0.3795
vn -0.8920 0.3535 -0.2818
vn -0.9411 0.2641 0.2111
vn -0.3313 0.3746 -0.8660
vn -0.9658 0.2538 -0.0523
vn -0.2183 -0.1915 -0.9569
vn -0.3215 -0.0681 -0.9445
vn -0.9915 -0.1198 0.0512
vn -0.9323 -0.3598 -0.0361
vn -0.9964 -0.0297 0.0798
vn -0.9689 0.1006 0.2263
vn -0.9542 -0.0884 -0.2858
vn -0.8041 0.3128 -0.5055
vn -0.6884 -0.6114 -0.3901
vn -0.8762 -0.4011 -0.2673
vn -0.5543 -0.2493 -0.7941
vn -0.4918 -0.8704 0.0251
vn -0.9278 -0.1907 -0.3206
vn -0.7545 -0.6562 0.0114
vn -0.1609 -0.9681 0.1921
vn -0.1666 -0.9630 0.2119
vn -0.1717 -0.9553 0.2407
vn -0.6447 -0.0551 -0.7624
vn -0.8338 -0.1133 -0.5403
vn -0.8596 -0.2560 -0.4422
vn -0.9341 -0.3511 -0.0645
vn -0.7514 0.0343 -0.6589
vn -0.9502 -0.0829 -0.3006
vn -0.8782 -0.2791 -0.3885
vn -0.9491 -0.1557 -0.2740
vn -0.8146 -0.5383 -0.2159
vn -0.7165 -0.6975 0.0011
vn -0.5069 -0.7654 0.3965
vn -0.1731 -0.9644 0.2000
vn -0.5169 -0.8490 0.1097
vn -0.9161 -0.4000 -0.0281
vn -0.7200 -0.6888 0.0841
vn -0.3683 -0.9281 0.0539
vn -0.6703 -0.7376 0.0813
vn -0.3374 -0.9288 0.1535
vn -0.3047 -0.9493 -0.0769
vn -0.1899 -0.9753 0.1128
vn -0.3456 -0.9123 0.2196
vn -0.2064 -0.9689 0.1366
vn -0.9193 0.2157 -0.3291
vn -0.7692 0.2219 -0.5992
vn -0.8733 0.2482 -0.4192
vn -0.3459 -0.9199 0.1848
vn -0.2998 -0.9494 0.0937
vn -0.3730 -0.9182 0.1331
vn -0.6192 0.2688 -0.7378
vn -0.5827 0.1443 -0.7998
vn -0.2431 -0.9527 0.1824
vn -0.3531 -0.8779 0.3234
vn -0.2972 -0.9141 0.2759
vn -0.3480 -0.8589 0.3758
vn -0.3222 -0.9272 0.1908
vn -0.4101 -0.9025 0.1318
vn -0.3049 -0.9363 0.1744
vn -0.3637 -0.9227 0.1279
vn -0.2718 -0.9567 0.1039
vn -0.3023 -0.9465 0.1132
vn -0.5889 0.2039 -0.7821
vn -0.6598 -0.1359 -0.7391
vn -0.7911 0.2569 -0.5552
vn -0.6210 0.1512 -0.7691
vn -0.6425 0.3722 -0.6698
vn -0.5577 0.0827 -0.8259
vn -0.0499 -0.0085 -0.9987
vn -0.4247 0.2518 -0.8696
vn -0.3808 -0.0811 -0.9211
vn -0.3839 0.3243 -0.8646
vn -0.3022 0.0972 -0.9483
vn -0.5494 0.5040 -0.6664
vn -0.5332 -0.1835 -0.8259
vn -0.1158 -0.1207 -0.9859
vn -0.6242 0.3430 -0.7020
vn -0.5492 0.1438 -0.8232
vn -0.4094 0.2536 -0.8764
vn -0.4649 -0.2811 -0.8396
vn -0.8503 0.4549 -0.2647
vn -0.3983 -0.0124 -0.9172
vn -0.3314 -0.1093 -0.9371
vn -0.7559 0.6306 0.1760
vn -0.6475 0.7434 -0.1676
vn -0.8115 0.5303 0.2453
vn -0.8722 0.4824 0.0811
vn -0.8355 0.4400 0.3291
vn -0.8231 0.4292 -0.3718
vn -0.1217 0.0571 -0.9909
vn -0.4652 0.1605 -0.8705
vn -0.1124 0.2690 -0.9565
vn -0.3838 0.2652 -0.8845
vn -0.2581 -0.0484 -0.9649
vn -0.1017 0.1632 -0.9813
vn 0.0427 0.1888 -0.9811
vn -0.5505 0.3661 -0.7503
vn -0.4116 0.1885 -0.8916
vn -0.2827 -0.0518 -0.9578
vn -0.3305 -0.1172 -0.9365
vn -0.3204 -0.0502 -0.9459
vn -0.2216 0.0989 -0.9701
vn -0.3552 0.0247 -0.9345
vn -0.5258 -0.1174 -0.8425
vn -0.5223 -0.0591 -0.8507
vn -0.2665 -0.2024 -0.9423
vn -0.8788 0.3432 -0.3316
vn -0.8981 0.4113 0.1557
vn -0.8554 0.5179 0.0082
vn -0.3902 0.2192 -0.8943
vn -0.4695 0.1784 -0.8647
vn -0.8049 0.5472 -0.2294
vn -0.8073 0.5183 0.2822
vn -0.8936 0.3526 -0.2778
vn -0.9036 0.4280 -0.0193
vn -0.5849 -0.0477 -0.8097
vn -0.3749 -0.2134 -0.9022
vn 0.0673 -0.4380 -0.8964
vn -0.6762 0.1361 -0.7240
vn -0.5680 0.3085 -0.7630
vn -0.5670 0.1431 -0.8112
vn -0.7898 0.4891 -0.3702
vn -0.8186 0.3199 -0.4770
vn -0.8094 0.4509 -0.3763
vn -0.5418 0.0162 -0.8404
vn -0.5986 0.0333 -0.8003
vn -0.4999 -0.0519 -0.8645
vn -0.6857 -0.0483 -0.7262
vn -0.9388 0.1158 -0.3245
vn -0.7883 0.6127 -0.0563
vn -0.8606 0.4922 -0.1305
vn -0.7587 0.4202 0.4978
vn -0.8287 0.5591 0.0270
vn -0.8584 0.5100 -0.0554
vn -0.8195 0.4819 0.3103
vn -0.7636 0.6307 -0.1384
vn -0.9761 0.2030 -0.0778
vn -0.8416 0.4637 0.2769
vn -0.8855 0.4456 0.1317
vn -0.8355 0.5414 0.0935
vn -0.9768 0.0920 0.1936
vn -0.9700 0.2324 0.0711
vn -0.9920 0.1255 0.0105
vn -0.9867 0.0796 0.1414
vn -0.8582 0.2738 -0.4343
vn -0.9478 0.1754 -0.2664
vn -0.8926 0.3118 -0.3258
vn -0.9193 0.2038 -0.3366
vn -0.9490 0.2207 -0.2250
vn -0.6510 0.2594 -0.7134
vn -0.9101 0.3788 -0.1682
vn -0.8769 0.4621 0.1323
vn -0.9795 0.2016 -0.0040
vn -0.9940 0.1034 -0.0359
vn -0.9660 0.2118 -0.1486
vn -0.9884 0.1492 -0.0298
vn -0.8584 0.5124 -0.0223
vn -0.9492 0.1573 0.2726
vn -0.8071 0.5666 -0.1661
vn 0.5401 -0.5879 0.6022
vn 0.6316 -0.6025 0.4878
vn 0.1021 -0.4950 0.8629
vn -0.2231 -0.2814 0.9333
vn -0.2102 -0.5392 0.8156
vn -0.1866 -0.6649 0.7232
vn -0.0342 -0.4839 0.8745
vn -0.2454 -0.7276 0.6407
vn 0.3888 0.6551 -0.6479
vn 0.6206 0.7834 0.0332
vn 0.9077 0.3881 -0.1597
vn 0.2385 -0.7656 0.5975
vn -0.1459 -0.6773 0.7211
vn -0.6540 -0.5904 0.4729
vn -0.3535 -0.3690 0.8596
vn -0.4854 -0.1889 0.8536
vn -0.1797 -0.1106 0.9775
vn 0.0725 0.0740 0.9946
vn 0.3889 -0.4653 0.7952
vn 0.4979 -0.6632 0.5588
vn 0.5795 -0.7975 0.1676
vn 0.4813 -0.8337 0.2707
vn 0.4335 -0.8660 0.2492
vn 0.2900 -0.8958 0.3368
vn 0.2869 -0.8964 0.3379
vn 0.4005 -0.8280 0.3925
vn -0.0723 -0.1858 0.9799
vn 0.1648 -0.8926 0.4197
vn 0.5733 -0.7835 0.2397
vn 0.2786 -0.9388 0.2024
vn 0.6178 -0.7301 0.2920
vn 0.0783 -0.9661 0.2460
vn 0.9616 0.1031 0.2542
vn 0.9485 -0.1271 0.2902
vn 0.9461 -0.3208 0.0449
vn 0.7565 0.6332 0.1638
vn 0.2427 -0.9577 -0.1546
vn 0.1035 -0.9850 0.1378
vn 0.9534 -0.1291 -0.2726
vn 0.4731 -0.8457 0.2468
vn 0.3158 -0.9471 -0.0573
vn 0.6939 0.5346 -0.4824
vn -0.1915 -0.0651 0.9793
vn 0.5926 -0.7724 0.2283
vn 0.4502 -0.6776 0.5815
vn 0.3144 -0.8631 0.3953
vn 0.6124 -0.7900 -0.0271
vn 0.5869 -0.7462 -0.3143
vn 0.4920 -0.8691 -0.0509
vn 0.6320 -0.5516 0.5444
vn 0.3302 -0.4308 0.8399
vn 0.6265 -0.2243 0.7465
vn 0.7158 -0.6966 -0.0487
vn 0.4241 -0.9055 -0.0150
vn 0.6565 -0.7520 -0.0593
vn 0.0547 -0.0932 0.9941
vn 0.2247 0.0012 0.9744
vn 0.5876 0.1658 0.7919
vn 0.6942 -0.3756 0.6140
vn 0.8407 0.0038 -0.5415
vn 0.9370 -0.1871 -0.2951
vn 0.4464 0.7991 -0.4027
vn 0.6809 -0.5419 0.4926
vn 0.9215 0.0313 0.3870
vn -0.1645 -0.4812 0.8611
vn 0.7505 -0.6504 -0.1170
vn 0.5944 -0.7940 0.1274
vn 0.6541 -0.7323 0.1895
vn 0.6325 -0.7699 0.0853
vn 0.4381 -0.8764 0.2001
vn 0.7366 -0.6759 -0.0227
vn 0.7438 -0.5704 0.3485
vn 0.0094 -0.3768 0.9262
vn 0.8919 -0.4415 0.0982
vn 0.7391 -0.6391 0.2128
vn 0.7202 -0.6367 0.2757
vn 0.0670 -0.7045 0.7065
vn 0.1592 -0.7945 0.5860
vn 0.4464 -0.6204 0.6448
vn 0.0917 -0.8124 0.5758
vn 0.0539 -0.7228 0.6889
vn 0.3580 -0.7402 0.5692
vn -0.0735 -0.1229 0.9897
vn -0.0985 -0.5005 0.8601
vn 0.3256 -0.7906 0.5185
vn 0.5603 -0.6073 0.5633
vn 0.3497 -0.8322 0.4303
vn 0.4046 -0.7481 0.5260
vn 0.1704 -0.6049 0.7778
vn -0.1066 -0.1121 0.9880
vn 0.5093 -0.6720 0.5376
vn 0.4530 -0.5918 0.6668
vn 0.3098 -0.7996 0.5144
vn 0.1311 -0.8082 0.5741
vn 0.0591 -0.9924 0.1081
vn -0.1050 -0.9765 0.1884
vn 0.4516 -0.5744 0.6827
vn 0.2932 -0.9560 -0.0125
vn 0.0081 -0.8834 0.4685
vn 0.1219 -0.9092 0.3982
vn -0.3363 -0.9413 0.0303
vn 0.1753 -0.9844 0.0176
vn -0.2619 -0.9625 0.0704
vn -0.0958 -0.9290 0.3575
vn -0.2058 -0.6723 0.7111
vn -0.2463 -0.8735 0.4199
vn -0.1196 -0.9528 0.2791
vn 0.8766 0.2065 0.4346
vn 0.2192 -0.9375 0.2704
vn 0.8954 0.2872 -0.3404
vn 0.3290 -0.2429 0.9125
vn 0.1021 -0.7614 0.6402
vn 0.2906 -0.7043 0.6477
vn 0.2248 -0.4417 0.8685
vn 0.3257 -0.5099 0.7962
vn 0.1055 -0.7619 0.6390
vn 0.9248 0.3219 -0.2029
vn 0.8482 -0.4202 0.3225
vn -0.0022 -0.3041 0.9526
vn 0.3316 -0.1497 0.9315
vn 0.2180 -0.0597 0.9741
vn -0.2555 -0.9654 0.0523
vn -0.1572 -0.7862 0.5976
vn 0.0163 -0.8365 0.5478
vn -0.0969 -0.9352 0.3406
vn -0.1330 -0.9530 0.2722
vn -0.3017 -0.6470 0.7003
vn 0.2164 -0.7985 0.5617
vn 0.1006 -0.9945 0.0298
vn 0.6098 -0.7473 0.2640
vn -0.1986 -0.1117 0.9737
vn 0.1842 -0.4138 0.8916
vn -0.1122 -0.0096 0.9936
vn 0.3765 -0.6688 0.6410
vn 0.1655 -0.7950 0.5836
vn 0.0549 -0.7733 0.6317
vn 0.4216 -0.5627 0.7111
vn -0.0351 0.0848 0.9958
vn 0.5887 -0.7868 -0.1855
vn 0.4275 -0.9037 -0.0228
vn 0.2553 -0.9044 0.3419
vn 0.7690 -0.6269 0.1250
vn 0.4833 -0.7578 0.4384
vn 0.9460 -0.3236 -0.0211
vn 0.5845 -0.6780 0.4458
vn 0.9885 -0.1283 0.0802
vn 0.8847 -0.4482 0.1284
vn 0.9973 -0.0728 0.0125
vn 0.9462 -0.2580 0.1952
vn 0.6465 -0.6799 0.3461
vn 0.5114 -0.8283 0.2289
vn 0.6148 -0.3941 0.6831
vn -0.1847 -0.3577 0.9154
vn 0.7724 0.2909 0.5646
vn 0.5106 -0.7952 -0.3269
vn 0.2851 -0.9513 -0.1168
vn 0.0242 -0.8868 -0.4615
vn 0.8291 -0.5415 -0.1391
vn 0.3258 -0.9169 -0.2307
vn 0.2794 -0.9199 -0.2752
vn 0.4438 -0.8930 -0.0750
vn 0.4541 0.7473 -0.4851
vn 0.3167 -0.9458 0.0717
vn 0.4921 -0.8679 -0.0672
vn 0.5593 0.8054 -0.1963
vn 0.8918 -0.3559 -0.2792
vn 0.5641 0.8210 -0.0887
vn 0.5877 0.7653 0.2624
vn 0.8874 -0.1877 0.4212
vn 0.8195 -0.5692 -0.0673
vn 0.7088 -0.6386 -0.2996
vn 0.7180 0.6622 -0.2141
vn 0.5223 -0.8406 -0.1437
vn 0.7196 -0.6769 -0.1549
vn 0.8030 -0.5060 -0.3150
vn 0.8245 -0.5362 -0.1809
vn 0.7381 -0.5748 -0.3534
vn 0.7547 -0.5579 -0.3453
vn 0.6423 -0.7089 0.2913
vn 0.0611 -0.9979 -0.0207
vn 0.3504 -0.9241 0.1526
vn 0.7596 -0.6486 -0.0472
vn 0.5864 -0.7927 0.1665
vn 0.5863 -0.7903 -0.1778
vn 0.7772 -0.6196 -0.1096
vn 0.8373 -0.5460 -0.0288
vn 0.5950 -0.7948 -0.1192
vn 0.7082 -0.6964 -0.1162
vn 0.4603 0.8541 -0.2422
vn 0.4440 0.7629 -0.4700
vn 0.5472 0.7566 -0.3579
vn 0.4820 -0.8697 -0.1058
vn 0.5667 0.7207 -0.3993
vn 0.5833 -0.7512 -0.3090
vn 0.4168 -0.9051 0.0845
vn 0.3744 -0.9257 0.0534
vn 0.3328 -0.9253 0.1818
vn 0.5214 -0.8019 -0.2917
vn 0.7885 0.4434 -0.4262
vn 0.4853 0.6807 -0.5488
vn 0.5537 -0.8146 -0.1727
vn 0.4741 -0.8784 -0.0605
vn 0.4277 -0.8611 0.2749
vn 0.5503 -0.7823 -0.2920
vn 0.3424 -0.9394 0.0184
vn 0.2546 -0.7143 -0.6519
vn 0.5345 -0.8431 -0.0592
vn 0.5450 -0.8132 -0.2044
vn 0.4851 -0.8494 -0.2076
vn 0.4837 -0.8499 -0.2090
vn 0.5240 -0.7479 0.4076
vn 0.3875 -0.9045 0.1780
vn 0.4823 -0.8711 0.0920
vn 0.6449 -0.7523 -0.1345
vn 0.1523 -0.8733 -0.4627
vn 0.7527 -0.5361 -0.3822
vn 0.5482 0.6626 -0.5104
vn 0.5895 0.7832 -0.1978
vn 0.1284 -0.9910 -0.0390
vn 0.4293 -0.8689 -0.2463
vn 0.6045 -0.7894 -0.1075
vn 0.7156 0.4824 -0.5053
vn 0.4612 0.8312 -0.3105
vn 0.7807 -0.3633 -0.5085
vn -0.0300 -0.9772 -0.2102
vn 0.2779 -0.8628 -0.4224
vn 0.5576 -0.5092 -0.6556
vn 0.0436 -0.9665 -0.2530
vn 0.4753 -0.3669 -0.7997
vn 0.6778 0.3720 -0.6342
vn 0.6852 0.4773 -0.5502
vn 0.5968 0.5031 -0.6251
vn 0.5392 0.7301 -0.4198
vn 0.4472 0.8269 -0.3410
vn 0.5603 0.6465 -0.5177
vn 0.5630 -0.7626 0.3185
vn 0.1477 -0.9804 0.1301
vn 0.5016 0.8232 -0.2659
vn 0.9835 0.1710 -0.0594
vn 0.6082 0.7423 -0.2811
vn 0.9586 0.0341 -0.2827
vn 0.4158 0.8920 -0.1773
vn 0.7141 -0.6706 -0.2009
vn 0.4493 -0.8357 -0.3158
vn 0.5138 -0.7997 -0.3105
vn 0.5814 -0.7074 0.4019
vn 0.6016 -0.7117 0.3626
vn 0.5754 -0.8168 -0.0425
vn 0.8855 0.3003 0.3547
vn 0.8268 -0.1051 0.5526
vn 0.2893 -0.9270 0.2389
vn 0.9964 -0.0831 -0.0142
vn 0.6575 -0.4564 0.5994
vn 0.3873 -0.9085 0.1568
vn 0.4654 -0.8234 -0.3246
vn 0.5408 0.8137 -0.2131
vn 0.3264 0.9408 -0.0909
vn 0.4268 0.8202 -0.3810
vn 0.5577 0.3918 -0.7318
vn 0.5729 0.6519 -0.4968
vn 0.2254 -0.9692 0.0992
vn -0.0220 -0.9997 -0.0109
vn 0.5883 -0.8053 -0.0734
vn 0.4421 -0.8303 -0.3392
vn 0.5113 -0.7886 -0.3416
vn 0.2939 -0.9326 -0.2095
vn 0.5474 -0.7816 -0.2991
vn 0.6165 0.3400 -0.7102
vn 0.7481 -0.1734 -0.6405
vn 0.8155 -0.5677 0.1129
vn 0.7067 -0.6148 -0.3501
vn 0.5335 -0.7736 -0.3419
vn 0.5834 0.7724 -0.2511
vn 0.4751 -0.8289 -0.2954
vn 0.2465 0.9121 -0.3275
vn 0.2585 -0.9127 -0.3165
vn 0.2248 -0.9306 -0.2889
vn 0.5355 -0.2772 -0.7977
vn 0.7037 -0.6377 -0.3134
vn 0.7563 -0.5935 -0.2753
vn 0.6154 -0.7626 -0.1995
vn 0.4286 -0.9029 0.0334
vn 0.7719 -0.6351 -0.0293
vn 0.4021 -0.9125 0.0745
vn 0.8222 -0.5579 -0.1129
vn 0.6143 -0.7723 0.1616
vn 0.6603 -0.7380 0.1390
vn 0.3349 -0.8984 0.2843
vn 0.5051 -0.8631 0.0001
vn 0.5242 -0.8051 0.2776
vn 0.8091 -0.4391 0.3907
vn 0.4128 -0.8049 0.4263
vn 0.8525 -0.1914 -0.4864
vn 0.4288 -0.8940 -0.1303
vn 0.4573 -0.8807 0.1232
vn 0.4715 -0.8761 -0.1003
vn 0.8944 -0.3838 -0.2297
vn 0.7767 -0.6103 -0.1558
vn 0.7654 -0.5798 -0.2791
vn 0.7533 -0.2158 -0.6213
vn 0.8307 -0.4698 -0.2987
vn 0.7892 -0.5870 -0.1806
vn 0.6601 -0.7035 -0.2633
vn 0.5802 -0.8036 -0.1326
vn 0.8571 -0.0917 -0.5069
vn 0.5600 -0.6173 -0.5526
vn 0.4523 0.4171 -0.7883
vn 0.9132 -0.3790 -0.1495
vn 0.8260 -0.5469 -0.1364
vn 0.1736 -0.9848 -0.0053
vn 0.4144 -0.7349 -0.5368
vn 0.6320 -0.6856 -0.3614
vn 0.3251 0.3869 -0.8629
vn 0.5399 0.2964 -0.7878
vn 0.1653 0.1174 -0.9792
vn 0.4938 -0.0780 -0.8660
vn 0.0382 0.2673 -0.9628
vn 0.0131 -0.2000 -0.9797
vn -0.0017 0.2392 -0.9710
vn -0.2093 0.3006 -0.9305
vn -0.1526 0.1335 -0.9792
vn 0.5569 -0.5996 -0.5748
vn -0.0460 -0.2848 -0.9575
vn 0.2897 -0.3759 -0.8802
vn 0.0505 0.0735 -0.9960
vn 0.0700 -0.1670 -0.9835
vn 0.4437 -0.2363 -0.8644
vn 0.4151 -0.8880 -0.1976
vn -0.5624 -0.0010 -0.8269
vn -0.3455 0.1315 -0.9291
vn -0.1359 0.3474 -0.9278
vn -0.4452 0.1034 -0.8894
vn -0.3735 0.1099 -0.9211
vn 0.3105 -0.1596 -0.9371
vn 0.4813 -0.7826 -0.3948
vn 0.2380 -0.9628 -0.1284
vn 0.3022 -0.4021 -0.8643
vn 0.5964 -0.4715 -0.6496
vn 0.5746 -0.6822 -0.4523
vn 0.5470 -0.8331 0.0822
vn 0.3159 -0.1986 -0.9278
vn 0.1343 -0.0336 -0.9904
vn 0.0350 0.1473 -0.9885
vn 0.3366 0.1922 -0.9218
vn 0.6538 -0.7175 -0.2403
vn 0.2656 -0.9640 0.0082
vn 0.2709 -0.8983 -0.3459
vn 0.4473 -0.8282 -0.3376
vn 0.5311 -0.6644 -0.5259
vn 0.4690 -0.8434 -0.2622
vn 0.6314 -0.7693 0.0979
vn 0.7637 -0.6366 0.1072
vn 0.6327 -0.7268 -0.2671
vn 0.2738 -0.6200 -0.7353
vn 0.8177 -0.4224 -0.3912
vn 0.1975 -0.2929 -0.9355
vn -0.0095 -0.4716 -0.8818
vn 0.3474 -0.2668 -0.8990
vn 0.1839 -0.3232 -0.9283
vn -0.3700 0.1683 -0.9137
vn -0.2346 0.0957 -0.9674
vn -0.3787 0.0325 -0.9249
vn 0.6514 -0.5267 -0.5461
vn 0.6141 -0.4934 -0.6159
vn 0.6380 -0.5117 -0.5754
vn 0.8768 -0.4371 -0.2007
vn 0.4877 -0.7268 -0.4837
vn 0.2978 -0.6643 -0.6856
vn 0.5040 -0.5201 -0.6895
vn 0.3484 -0.9167 -0.1958
vn 0.4929 -0.8044 -0.3316
vn 0.5620 -0.6099 -0.5587
vn 0.4082 -0.8771 -0.2529
vn 0.4125 -0.8710 -0.2669
vn 0.4788 -0.8627 0.1628
vn 0.3804 -0.9080 0.1754
vn 0.3049 -0.9512 0.0478
vn 0.0600 -0.8492 -0.5246
vn 0.3475 -0.6611 -0.6649
vn 0.8186 -0.5740 0.0205
vn -0.1161 0.2455 -0.9624
vn 0.4786 -0.8088 -0.3416
vn 0.5886 -0.7950 -0.1467
vn -0.1676 -0.9663 -0.1957
vn -0.0082 -0.7096 -0.7045
vn 0.0930 -0.9476 -0.3056
vn 0.2104 -0.9731 0.0937
vn 0.1281 -0.3986 -0.9081
vn 0.1450 -0.7237 -0.6747
vn 0.3838 -0.9154 0.1212
vn 0.3496 -0.6536 -0.6713
vn 0.2931 -0.4377 -0.8500
vn 0.1303 -0.5196 -0.8444
vn 0.4716 -0.7904 -0.3910
vn 0.2921 -0.8043 -0.5174
vn 0.2725 -0.9545 -0.1209
vn 0.2907 -0.9545 0.0659
vn 0.4899 -0.6889 -0.5342
vn 0.4239 -0.9012 0.0896
vn 0.2799 -0.8425 -0.4603
vn 0.3589 -0.7768 -0.5175
vn 0.4360 -0.8187 -0.3737
vn 0.4070 -0.9001 -0.1554
vn 0.0690 -0.8112 -0.5807
vn 0.2908 -0.8756 -0.3857
vn 0.2577 -0.8857 -0.3861
vn -0.0430 -0.8516 -0.5224
vn 0.1174 -0.9022 -0.4151
vn 0.3353 -0.8989 -0.2821
vn 0.0585 -0.5718 -0.8183
vn 0.3854 -0.6904 -0.6123
vn 0.2830 -0.8441 -0.4555
vn 0.2718 -0.8622 -0.4275
vn -0.1408 -0.7513 -0.6448
vn -0.1239 -0.8012 -0.5854
vn 0.4238 -0.8672 -0.2614
vn -0.0851 -0.9360 -0.3415
vn 0.4214 -0.8118 -0.4043
vn 0.3380 -0.7208 -0.6052
vn -0.0680 -0.7940 -0.6040
vn 0.1698 -0.7553 -0.6330
vn 0.3657 -0.7460 -0.5566
vn 0.3936 -0.8605 -0.3233
vn 0.3754 -0.9137 -0.1555
vn 0.2992 -0.9501 -0.0881
vn 0.6032 -0.7869 -0.1301
vn 0.7836 -0.6120 -0.1068
vn 0.4154 -0.8835 -0.2164
vn 0.6855 -0.7142 -0.1416
vn 0.3472 -0.9367 0.0448
vn -0.3423 0.0531 -0.9381
vn -0.2838 -0.1792 -0.9420
vn -0.4412 0.0705 -0.8946
vn -0.1772 0.0595 -0.9824
vn 0.1267 -0.0246 -0.9916
vn -0.1059 -0.0085 -0.9943
vn 0.3989 -0.9077 0.1300
vn 0.2538 -0.1416 -0.9568
vn -0.1278 -0.4363 -0.8907
vn 0.5608 -0.7948 -0.2318
vn 0.1189 0.2958 -0.9478
vn -0.1213 -0.0422 -0.9917
vn 0.4825 0.0683 -0.8732
vn 0.1994 -0.1544 -0.9677
vn 0.2120 -0.0067 -0.9772
vn -0.1657 -0.1728 -0.9709
vn 0.2412 0.0347 -0.9699
vn 0.2837 0.1294 -0.9501
vn 0.4351 0.0065 -0.9003
vn 0.1846 0.0767 -0.9798
vn 0.2147 0.1819 -0.9596
vn 0.4541 0.0473 -0.8897
vn -0.0387 0.0089 -0.9992
vn 0.3754 -0.7110 -0.5946
vn 0.3516 -0.0011 -0.9362
vn 0.2576 -0.0547 -0.9647
vn 0.0281 -0.1573 -0.9872
vn 0.2668 -0.1377 -0.9539
vn 0.3576 0.0335 -0.9333
vn 0.1348 0.3390 -0.9311
vn 0.6422 -0.5822 -0.4986
vn 0.1246 -0.0318 -0.9917
vn 0.1284 -0.1962 -0.9721
vn 0.2974 0.0927 -0.9502
vn 0.2023 0.4024 -0.8928
vn -0.2293 -0.5817 -0.7804
vn -0.6372 -0.3385 -0.6924
vn -0.0669 -0.1009 -0.9926
vn 0.3147 -0.1625 -0.9352
vn 0.0905 -0.4859 -0.8693
vn -0.6404 0.0070 -0.7680
vn -0.5884 0.1129 -0.8006
vn -0.9012 -0.2535 -0.3515
vn -0.1310 -0.1042 -0.9859
vn 0.1094 -0.0630 -0.9920
vn -0.0049 -0.2993 -0.9541
vn 0.0132 -0.3730 -0.9277
vn -0.0449 -0.3558 -0.9335
vn -0.1859 -0.4683 -0.8638
vn -0.0702 -0.3812 -0.9218
vn 0.1897 -0.3294 -0.9249
vn 0.7109 -0.0289 -0.7027
vn 0.6942 -0.1550 -0.7029
vn 0.6198 -0.2442 -0.7458
vn 0.6902 -0.5599 -0.4585
vn 0.8576 -0.2946 -0.4216
vn 0.3284 -0.7497 -0.5745
vn 0.3323 -0.4817 -0.8109
vn 0.2465 -0.1776 -0.9528
vn 0.2415 -0.6233 -0.7438
vn 0.1530 -0.4547 -0.8774
vn 0.2013 -0.2411 -0.9494
vn -0.1187 -0.2546 -0.9597
vn -0.0251 -0.2477 -0.9685
vn 0.2237 -0.4194 -0.8798
vn -0.2859 -0.5627 -0.7756
vn -0.0100 -0.3057 -0.9521
vn 0.1406 -0.7604 -0.6341
vn 0.2910 -0.0084 -0.9567
vn -0.2181 -0.6267 -0.7481
vn -0.1158 -0.3537 -0.9282
vn -0.6415 -0.6683 -0.3767
vn -0.1470 -0.9822 -0.1170
vn -0.2619 -0.9621 -0.0764
vn -0.0929 -0.4738 -0.8757
vn -0.0238 -0.8113 -0.5841
vn 0.3413 -0.6636 -0.6657
vn 0.2362 -0.7292 -0.6423
vn 0.0338 -0.8927 -0.4493
vn 0.2360 -0.4765 -0.8469
vn -0.3346 -0.6097 -0.7186
vn 0.5257 -0.6545 -0.5435
vn 0.1562 -0.7631 -0.6271
vn -0.1669 -0.7649 -0.6221
vn 0.4224 -0.7085 -0.5654
vn 0.2761 -0.5419 -0.7938
vn 0.1639 -0.6059 -0.7785
vn 0.3687 -0.2807 -0.8861
vn 0.2757 -0.7367 -0.6175
vn 0.0568 -0.8265 -0.5600
vn 0.0521 -0.6223 -0.7811
vn 0.2930 -0.5273 -0.7976
vn 0.3170 -0.6642 -0.6770
vn 0.0014 -0.9760 -0.2179
vn 0.4375 -0.6084 -0.6621
vn 0.2524 -0.2715 -0.9288
vn 0.2261 -0.8396 -0.4939
vn 0.1595 -0.3663 -0.9167
vn -0.1888 -0.8784 -0.4391
vn 0.1961 -0.6263 -0.7545
vn 0.2374 -0.9696 -0.0596
vn -0.3901 -0.1263 -0.9121
vn -0.7862 -0.2705 -0.5557
vn -0.1855 -0.1823 -0.9656
vn -0.1938 -0.1604 -0.9678
vn -0.6741 -0.1341 -0.7264
vn -0.3945 -0.0123 -0.9188
vn -0.2190 -0.0826 -0.9722
vn -0.4421 0.1372 -0.8864
vn -0.4883 -0.0212 -0.8724
vn -0.3714 0.2261 -0.9005
vn -0.3441 0.2345 -0.9092
vn -0.2323 0.0982 -0.9677
vn -0.4548 0.1626 -0.8756
vn -0.2669 0.0466 -0.9626
vn -0.2571 -0.1409 -0.9561
vn -0.2755 -0.2671 -0.9235
vn -0.1105 -0.4993 -0.8593
vn 0.0007 -0.1700 -0.9854
vn 0.1406 -0.1895 -0.9718
vn 0.1070 -0.4615 -0.8807
vn 0.0890 -0.4173 -0.9044
vn -0.0603 -0.3751 -0.9250
vn -0.2517 0.0919 -0.9634
vn -0.1313 0.1199 -0.9841
vn 0.1043 0.1982 -0.9746
vn 0.1437 0.1018 -0.9844
vn -0.1685 -0.3894 -0.9055
vn -0.5794 -0.1557 -0.8000
vn 0.0007 -0.1569 -0.9876
vn -0.1669 -0.0623 -0.9840
vn -0.0407 -0.0419 -0.9983
vn -0.1011 0.0330 -0.9943
vn -0.5032 -0.0203 -0.8639
vn -0.4678 -0.2178 -0.8566
vn -0.3595 0.0157 -0.9330
vn 0.1434 -0.8153 -0.5610
vn -0.0556 -0.9945 -0.0888
vn -0.0298 -0.5960 -0.8024
vn -0.2512 -0.2359 -0.9388
vn 0.0954 -0.4380 -0.8939
vn 0.0743 -0.5540 -0.8292
vn 0.2827 -0.6023 -0.7465
vn 0.9087 -0.3112 0.2781
vn 0.3320 -0.9431 0.0170
vn 0.0621 -0.9660 -0.2511
vn 0.4895 -0.7543 -0.4375
vn 0.2109 -0.9692 -0.1269
vn 0.7853 -0.6006 -0.1501
vn 0.8445 -0.5018 -0.1872
vn 0.6462 -0.6976 -0.3096
vn 0.5600 -0.8274 -0.0422
vn 0.5683 -0.6712 -0.4761
vn 0.5961 -0.6867 -0.4161
vn 0.8730 -0.4440 -0.2020
vn -0.6309 -0.4909 -0.6009
vn -0.0684 -0.4536 -0.8886
vn 0.7731 -0.5817 -0.2530
vn 0.0476 -0.6176 -0.7850
vn -0.5306 -0.4810 -0.6980
vn -0.0927 -0.2500 -0.9638
vn 0.2868 -0.9528 -0.0998
vn 0.8973 0.3322 -0.2907
vn 0.5725 0.7113 -0.4079
vn 0.6334 0.7677 -0.0974
vn 0.6083 0.7892 -0.0847
vn 0.8657 0.1767 -0.4683
vn 0.8339 -0.5043 -0.2243
vn 0.7171 -0.6503 -0.2506
vn 0.6483 0.7559 -0.0916
vn 0.5848 0.8111 0.0074
vn 0.3804 0.8987 -0.2183
vn 0.6989 -0.6576 -0.2812
vn 0.5725 -0.8163 -0.0761
vn 0.5545 -0.8219 -0.1308
vn 0.7295 0.6620 -0.1718
vn 0.5072 0.8151 -0.2798
vn 0.6797 0.7009 -0.2161
vn 0.3377 -0.6035 -0.7223
vn 0.2018 -0.7344 -0.6481
vn 0.6168 -0.7601 -0.2045
vn 0.7107 -0.6338 -0.3052
vn 0.3701 -0.9201 -0.1281
vn 0.3931 0.0524 -0.9180
vn 0.5697 -0.3878 -0.7246
vn 0.5066 0.7417 -0.4396
vn 0.4917 0.7344 -0.4678
vn 0.2111 0.6985 -0.6838
vn 0.6120 0.6722 -0.4166
vn 0.6657 0.6297 -0.4005
vn 0.4772 0.6740 -0.5640
vn 0.4993 0.4930 -0.7124
vn 0.0451 0.5903 -0.8059
vn 0.4667 -0.7562 -0.4587
vn 0.6415 -0.7307 -0.2336
vn 0.7524 -0.4062 -0.5185
vn 0.7617 -0.4937 -0.4196
vn 0.4248 0.3149 -0.8488
vn 0.5084 0.4069 -0.7589
vn 0.6382 -0.2871 -0.7143
vn 0.2424 0.7178 -0.6527
vn 0.4995 0.7463 -0.4398
vn 0.6978 -0.7158 -0.0258
vn 0.6564 -0.7539 -0.0275
vn 0.6176 -0.7856 0.0367
vn 0.5549 -0.8234 0.1186
vn 0.7722 -0.6349 -0.0245
vn 0.5396 -0.8372 0.0890
vn 0.4604 -0.8822 -0.0990
vn 0.5803 -0.6986 -0.4186
vn 0.5498 -0.5326 -0.6435
vn 0.6207 -0.7755 -0.1154
vn 0.3993 -0.9089 -0.1199
vn 0.5282 -0.8405 -0.1204
vn 0.5274 -0.5398 -0.6561
vn 0.5062 -0.8592 0.0745
vn -0.0720 0.7477 -0.6601
vn 0.3550 0.8563 -0.3752
vn 0.7030 -0.0406 -0.7100
vn 0.8664 -0.1864 -0.4633
vn 0.6246 0.7099 -0.3253
vn 0.5208 0.8435 -0.1311
vn 0.6242 0.6864 -0.3730
vn 0.8154 -0.4250 -0.3930
vn 0.5517 -0.8232 -0.1340
vn 0.4866 0.8588 -0.1602
vn 0.5925 0.6863 -0.4218
vn 0.6623 0.6611 -0.3527
vn 0.9151 0.3446 -0.2091
vn 0.5478 -0.7300 0.4087
vn 0.7047 -0.6864 0.1793
vn 0.7352 -0.6778 0.0104
vn 0.6494 0.6323 -0.4225
vn 0.6405 0.6308 -0.4381
vn 0.4522 0.6040 -0.6562
vn 0.3316 0.4706 -0.8177
vn 0.6626 -0.5402 -0.5188
vn 0.5950 -0.7844 -0.1753
vn 0.7658 -0.5877 -0.2611
vn 0.3142 -0.9055 -0.2851
vn 0.4238 -0.8586 -0.2884
vn 0.3599 -0.9301 -0.0732
vn 0.2633 -0.9471 -0.1835
vn 0.4191 -0.8844 -0.2054
vn 0.5298 -0.8348 -0.1499
vn 0.7539 -0.4736 -0.4554
vn 0.5905 -0.8030 0.0801
vn 0.5231 0.0245 -0.8519
vn 0.9780 0.0004 -0.2088
vn 0.9690 -0.2470 -0.0030
vn 0.9824 0.1840 0.0316
vn 0.5011 0.0430 -0.8643
vn -0.5158 0.1926 -0.8347
vn -0.3116 0.1275 -0.9416
vn -0.6122 -0.1692 -0.7724
vn 0.4066 0.0244 -0.9133
vn 0.9968 -0.0731 0.0322
vn 0.9939 0.0133 0.1099
vn 0.6553 -0.6575 -0.3717
vn -0.2035 -0.2359 -0.9502
vn -0.3715 0.3480 -0.8607
vn 0.3058 -0.0353 -0.9514
vn 0.4514 0.0603 -0.8903
vn 0.2514 0.0066 -0.9679
vn 0.1804 0.0322 -0.9831
vn 0.2341 -0.1427 -0.9617
vn -0.1113 0.2602 -0.9591
vn 0.2331 0.2662 -0.9353
vn 0.3349 -0.0419 -0.9413
vn -0.0405 -0.8270 -0.5607
vn -0.3842 -0.2197 -0.8967
vn -0.1058 -0.8501 -0.5158
vn -0.1911 -0.3017 -0.9341
vn -0.4800 0.2035 -0.8533
vn -0.5445 0.3035 -0.7819
vn -0.4323 0.1180 -0.8940
vn -0.3723 0.3020 -0.8776
vn -0.5536 0.1407 -0.8208
vn -0.4272 0.1199 -0.8962
vn -0.4115 0.6335 -0.6552
vn -0.2774 0.2579 -0.9255
vn 0.0033 -0.9628 -0.2700
vn 0.2735 -0.9584 -0.0818
vn -0.0163 -0.9587 -0.2839
vn -0.0154 -0.6752 -0.7375
vn -0.1594 -0.8564 -0.4912
vn -0.1640 -0.9461 -0.2792
vn -0.2064 -0.8675 -0.4525
vn 0.0038 -0.8536 -0.5210
vn 0.0159 -0.8841 -0.4669
vn 0.2144 -0.9730 0.0851
vn 0.2396 -0.9592 -0.1502
vn -0.2799 -0.9436 -0.1766
vn -0.3551 -0.8361 -0.4181
vn -0.1890 -0.9366 -0.2951
vn -0.3881 -0.8474 -0.3623
vn 0.0554 -0.9972 0.0512
vn -0.0967 -0.9935 0.0595
vn 0.0987 -0.9845 0.1452
vn 0.0143 -0.9941 -0.1079
vn -0.1271 -0.9911 -0.0390
vn 0.0756 -0.9834 0.1652
vn 0.3855 -0.9226 0.0168
vn -0.5517 0.4417 -0.7075
vn -0.4726 0.1557 -0.8674
vn -0.5314 -0.4021 -0.7456
vn -0.1893 -0.7088 -0.6796
vn -0.3365 -0.3407 -0.8779
vn -0.1176 -0.6241 -0.7725
vn -0.2193 -0.0833 -0.9721
vn -0.1351 -0.0332 -0.9903
vn -0.1399 0.4955 -0.8572
vn -0.1915 0.1445 -0.9708
vn -0.3736 -0.5364 -0.7567
vn -0.3580 -0.8033 -0.4760
vn -0.3670 -0.8929 -0.2610
vn -0.3970 -0.8624 -0.3140
vn -0.1330 0.3804 -0.9152
vn -0.1815 0.2928 -0.9388
vn -0.5310 0.5383 -0.6544
vn -0.1952 0.3606 -0.9121
vn -0.5677 0.5516 -0.6111
vn -0.4837 0.3947 -0.7811
vn -0.1097 0.2850 -0.9522
vn -0.1395 0.2693 -0.9529
vn -0.2766 0.3704 -0.8867
vn -0.3025 -0.6099 -0.7325
vn -0.5791 -0.1856 -0.7938
vn -0.4468 0.2595 -0.8562
vn -0.0429 -0.8232 -0.5661
vn -0.4311 -0.1008 -0.8966
vn -0.3802 0.5102 -0.7714
vn -0.0335 -0.8346 -0.5499
vn -0.2350 -0.8394 -0.4900
vn -0.5847 0.5209 -0.6219
vn -0.0883 0.4303 -0.8984
vn -0.1641 0.4972 -0.8520
vn -0.4528 0.3613 -0.8152
vn -0.5880 0.2255 -0.7768
vn -0.4108 0.2146 -0.8861
vn -0.2537 0.3888 -0.8857
vn -0.2079 0.5590 -0.8027
vn -0.4420 0.4237 -0.7907
vn -0.3327 0.5292 -0.7806
vn -0.5688 0.3662 -0.7365
vn 0.0011 -0.9250 -0.3799
vn -0.0691 -0.9502 -0.3039
vn 0.7977 0.3432 -0.4959
vn 0.2001 -0.0371 -0.9791
vn 0.1882 0.5353 -0.8234
vn -0.0696 -0.9811 -0.1807
vn -0.1085 -0.9723 -0.2069
vn 0.7376 -0.6616 -0.1353
vn 0.8769 -0.0767 -0.4746
vn -0.0798 -0.9611 -0.2645
vn -0.0431 -0.9397 -0.3392
vn 0.1436 0.2932 -0.9452
vn -0.0944 0.4390 -0.8935
vn 0.1787 -0.9025 -0.3918
vn 0.0070 -0.9634 -0.2678
vn -0.1216 0.5105 -0.8513
vn -0.1717 0.2722 -0.9468
vn -0.0964 0.6609 -0.7443
vn -0.0001 -0.9930 -0.1177
vn 0.8072 -0.4211 -0.4136
vn -0.2195 -0.9755 -0.0119
vn -0.2563 -0.9073 0.3333
vn -0.0815 -0.9876 0.1342
vn -0.0331 -0.9485 -0.3150
vn -0.2295 0.3008 -0.9257
vn 0.5786 0.3495 -0.7370
vn 0.8243 -0.0654 -0.5624
vn -0.2635 -0.9608 0.0861
vn -0.0092 -0.8774 -0.4797
vn -0.0871 -0.9659 -0.2438
vn 0.0730 -0.9670 -0.2440
vn 0.4856 0.1859 -0.8542
vn -0.0818 -0.9885 -0.1269
vn -0.1399 -0.9899 -0.0244
vn 0.3538 -0.2082 -0.9119
vn 0.5688 -0.1443 -0.8097
vn 0.2635 -0.9599 -0.0959
vn 0.1469 -0.9795 -0.1378
vn 0.2578 -0.9562 -0.1384
vn -0.0146 -0.9864 -0.1637
vn 0.1020 -0.9866 -0.1270
vn 0.2457 -0.9553 -0.1646
vn 0.3458 -0.9272 -0.1437
vn 0.4432 -0.8926 -0.0824
vn 0.7724 -0.6121 -0.1696
vn 0.0627 -0.9641 -0.2581
vn 0.0062 -0.9753 -0.2207
vn 0.0058 -1.0000 0.0048
vn 0.0141 -0.9565 -0.2912
vn 0.6038 0.3552 -0.7136
vn 0.9250 -0.2884 -0.2474
vn 0.7479 -0.6167 0.2455
vn 0.9835 -0.0934 0.1552
vn 0.2669 -0.8508 0.4527
vn 0.3200 -0.7512 0.5774
vn 0.2002 -0.9797 -0.0029
vn 0.0605 -0.9278 0.3680
vn -0.0416 -0.9888 0.1435
vn 0.2396 -0.9641 0.1148
vn -0.0260 -0.9773 0.2101
vn 0.0969 -0.9537 0.2847
vn -0.0410 -0.9482 0.3150
vn 0.6012 0.3107 -0.7362
vn 0.0583 -0.9970 0.0518
vn -0.0322 -0.9393 0.3416
vn 0.0553 -0.9748 -0.2160
vn 0.3308 0.2193 -0.9178
vn 0.0095 -0.9974 0.0714
vn -0.1447 0.6911 -0.7081
vn -0.2604 -0.9322 0.2513
vn -0.0749 -0.9954 0.0593
vn -0.0608 -0.9570 -0.2838
vn -0.0663 -0.9972 0.0345
vn -0.1997 0.7487 -0.6321
vn -0.4678 0.4553 -0.7576
vn -0.5340 0.4711 -0.7021
vn -0.2017 -0.9784 -0.0446
vn -0.3912 0.5650 -0.7265
vn -0.4707 0.3669 -0.8024
vn -0.3100 0.5664 -0.7636
vn -0.5084 0.2895 -0.8110
vn -0.3608 0.2535 -0.8975
vn -0.0925 0.8840 -0.4582
vn 0.6844 -0.6646 -0.2997
vn 0.3522 0.0252 -0.9356
vn 0.9274 -0.3486 0.1354
vn 0.7465 -0.6606 0.0795
vn 0.9596 -0.2806 -0.0209
vn -0.3894 0.5865 -0.7102
vn -0.2995 0.5442 -0.7837
vn 0.9915 -0.1260 -0.0331
vn -0.1302 0.2205 -0.9666
vn -0.1659 0.1346 -0.9769
vn -0.1510 0.1217 -0.9810
vn -0.2188 0.5487 -0.8069
vn 0.8638 -0.4771 -0.1620
vn 0.2114 -0.9445 -0.2516
vn -0.3602 0.3885 -0.8481
vn 0.4072 -0.5972 -0.6911
vn 0.9956 0.0567 0.0748
vn 0.0727 -0.9574 -0.2794
vn -0.1093 -0.8314 -0.5448
vn 0.0973 -0.8721 -0.4796
vn -0.4756 -0.8504 -0.2252
vn -0.0207 0.3064 -0.9517
vn -0.0256 -0.7290 -0.6841
vn 0.3150 -0.8095 -0.4954
vn 0.4385 -0.7989 -0.4116
vn -0.4094 -0.9037 0.1254
vn 0.4847 -0.5223 -0.7016
vn 0.2952 -0.8298 -0.4736
vn -0.4296 -0.8993 0.0818
vn -0.2623 -0.9640 0.0445
vn 0.7208 -0.6769 0.1489
vn -0.0431 -0.8912 -0.4516
vn 0.1332 -0.6165 -0.7760
vn 0.1484 -0.5262 -0.8373
vn 0.1662 -0.8449 -0.5085
vn 0.1255 -0.2903 -0.9487
vn -0.0652 -0.5767 -0.8144
vn 0.2330 0.1938 -0.9530
vn -0.1221 0.4875 -0.8645
vn 0.1207 -0.7263 -0.6767
vn 0.2415 0.1850 -0.9526
vn -0.3259 0.3654 -0.8719
vn -0.0562 0.3219 -0.9451
vn -0.3296 0.5688 -0.7536
vn 0.1445 0.2674 -0.9527
vn -0.2562 0.0807 -0.9633
vn -0.2196 0.4581 -0.8613
vn -0.1240 -0.0557 -0.9907
vn -0.3616 -0.2112 -0.9081
vn -0.4140 -0.1923 -0.8898
vn -0.5117 -0.0354 -0.8584
vn -0.2283 0.1179 -0.9664
vn -0.4687 0.2123 -0.8575
vn -0.4555 0.0380 -0.8894
vn -0.3361 0.1410 -0.9312
vn -0.4973 -0.0721 -0.8646
vn -0.3500 -0.2487 -0.9031
vn -0.3301 0.0672 -0.9415
vn -0.4900 0.1530 -0.8582
vn -0.2551 -0.2537 -0.9330
vn -0.3359 -0.2747 -0.9009
vn -0.1965 0.2272 -0.9538
vn -0.2021 -0.2729 -0.9406
vn -0.4359 0.0164 -0.8999
vn -0.4156 0.1360 -0.8993
vn -0.3773 0.2255 -0.8982
vn -0.2565 0.3752 -0.8907
vn -0.2806 -0.4142 -0.8658
vn 0.0132 -0.8605 -0.5093
vn -0.2411 0.1195 -0.9631
vn -0.0783 0.2341 -0.9691
vn -0.1056 0.3587 -0.9275
vn -0.2177 0.0121 -0.9759
vn -0.1964 -0.5839 -0.7877
vn -0.4549 0.2082 -0.8658
vn -0.4568 -0.0572 -0.8877
vn -0.2886 0.0469 -0.9563
vn -0.0838 -0.2045 -0.9753
vn -0.1975 0.2861 -0.9376
vn -0.2063 0.2315 -0.9507
vn -0.1525 0.0624 -0.9863
vn 0.0410 0.1226 -0.9916
vn -0.0118 0.1317 -0.9912
vn -0.1939 -0.0754 -0.9781
vn -0.1692 -0.0369 -0.9849
vn -0.2567 0.1547 -0.9540
vn -0.4228 0.2437 -0.8728
vn 0.1566 0.4230 -0.8925
vn -0.2078 0.1867 -0.9602
vn 0.0180 0.1313 -0.9912
vn -0.4423 0.2282 -0.8674
vn -0.2959 0.2229 -0.9289
vn -0.2358 0.0809 -0.9684
vn -0.0450 0.2802 -0.9589
vn -0.0325 0.0505 -0.9982
vn -0.0021 0.1395 -0.9902
vn -0.3260 0.1847 -0.9272
vn -0.4146 0.1675 -0.8945
vn -0.3633 -0.4031 -0.8399
vn -0.4101 -0.0007 -0.9120
vn -0.4532 0.0919 -0.8867
vn 0.1375 0.1435 -0.9800
vn -0.1202 0.0329 -0.9922
vn 0.2503 -0.0531 -0.9667
vn 0.0637 0.0586 -0.9962
vn 0.2824 -0.1840 -0.9415
vn 0.1644 -0.1672 -0.9721
vn -0.0474 -0.0980 -0.9941
vn 0.1618 -0.1134 -0.9803
vn -0.1021 0.1562 -0.9824
vn 0.0776 0.2872 -0.9547
vn -0.2554 0.1174 -0.9597
vn -0.2061 -0.2052 -0.9568
vn -0.0763 0.1358 -0.9878
vn -0.3313 0.2478 -0.9104
vn 0.1927 0.0418 -0.9804
vn -0.4338 0.2563 -0.8638
vn -0.4098 0.0257 -0.9118
vn -0.4765 0.2104 -0.8536
vn -0.5237 0.2667 -0.8090
vn -0.5160 0.2841 -0.8081
vn -0.3551 0.1578 -0.9214
vn -0.1352 0.1073 -0.9850
vn -0.3606 0.2376 -0.9020
vn -0.4907 -0.2246 -0.8419
vn -0.3610 0.2392 -0.9013
vn -0.6278 0.1346 -0.7666
vn -0.2220 -0.0975 -0.9702
vn -0.0833 0.0713 -0.9940
vn -0.6763 0.1371 -0.7238
vn -0.5027 -0.0533 -0.8628
vn -0.2099 0.2058 -0.9558
vn -0.6042 0.0679 -0.7939
vn -0.6182 0.2314 -0.7512
vn -0.4096 0.0467 -0.9111
vn -0.5615 -0.0731 -0.8242
vn -0.6316 0.1030 -0.7684
vn -0.5706 0.0128 -0.8212
vn -0.5297 0.4009 -0.7474
vn -0.5139 0.0571 -0.8560
vn -0.5481 -0.0032 -0.8364
vn -0.3080 0.1581 -0.9382
vn -0.2322 0.1225 -0.9649
vn -0.2999 0.0080 -0.9539
vn -0.4432 0.0896 -0.8919
vn -0.5012 0.1113 -0.8581
vn -0.4579 -0.0029 -0.8890
vn -0.4123 -0.0996 -0.9056
vn -0.5292 -0.0297 -0.8480
vn -0.2412 0.2662 -0.9332
vn -0.4529 -0.0917 -0.8868
vn -0.2325 0.2040 -0.9509
vn -0.4785 -0.0387 -0.8772
vn -0.6140 -0.0408 -0.7883
vn -0.4977 -0.0132 -0.8672
vn -0.5285 -0.1866 -0.8282
vn -0.3218 0.1415 -0.9362
vn -0.2068 0.0895 -0.9743
vn -0.1579 0.3711 -0.9151
vn -0.3667 0.2951 -0.8823
vn -0.1452 0.0615 -0.9875
vn -0.3912 0.1075 -0.9140
vn -0.1653 0.0362 -0.9856
vn -0.4014 0.2310 -0.8863
vn -0.3034 0.2738 -0.9127
vn -0.3156 0.2513 -0.9150
vn -0.3526 0.0464 -0.9346
vn -0.2623 0.1669 -0.9505
vn 0.0923 0.1726 -0.9807
vn -0.1799 0.0881 -0.9797
vn -0.0170 0.0456 -0.9988
vn 0.1445 0.1580 -0.9768
vn -0.4515 0.2545 -0.8552
vn -0.2323 0.0511 -0.9713
vn -0.3298 0.0063 -0.9440
vn -0.2912 0.0701 -0.9541
vn 0.1105 0.0404 -0.9931
vn -0.0814 0.0230 -0.9964
vn -0.4347 0.0583 -0.8987
vn -0.2655 0.2038 -0.9423
vn -0.2797 -0.3105 -0.9085
vn -0.0414 0.1119 -0.9929
vn 0.2879 0.2858 -0.9140
vn 0.2207 0.5170 -0.8270
vn -0.2034 0.1073 -0.9732
vn 0.3567 0.0726 -0.9314
vn -0.3874 0.1755 -0.9051
vn -0.0239 0.1497 -0.9884
vn -0.7091 0.4151 -0.5700
vn -0.5476 -0.1727 -0.8187
vn -0.1109 0.2898 -0.9507
vn -0.2893 0.3293 -0.8988
vn -0.1345 -0.3019 -0.9438
vn -0.2532 -0.2771 -0.9269
vn -0.4779 -0.3328 -0.8129
vn -0.2465 0.0819 -0.9657
vn -0.2900 -0.0511 -0.9557
vn -0.4508 -0.1811 -0.8741
vn -0.6076 -0.1381 -0.7821
vn -0.4502 -0.0456 -0.8918
vn -0.2851 -0.1617 -0.9448
vn -0.3842 -0.3033 -0.8720
vn -0.1120 -0.5167 -0.8488
vn -0.1900 -0.3610 -0.9130
vn -0.0675 -0.2227 -0.9725
vn -0.1645 -0.1243 -0.9785
vn -0.2301 -0.0910 -0.9689
vn 0.2142 0.4001 -0.8911
vn -0.1377 -0.0278 -0.9901
vn -0.1009 -0.2437 -0.9646
vn -0.0657 -0.2103 -0.9754
vn -0.3137 0.0548 -0.9480
vn -0.2200 0.0235 -0.9752
vn 0.3822 0.0501 -0.9227
vn -0.2401 0.4334 -0.8686
vn -0.1737 0.4314 -0.8853
vn -0.4880 -0.0972 -0.8674
vn -0.3602 -0.0972 -0.9278
vn -0.1611 0.4738 -0.8658
vn -0.4030 0.2137 -0.8899
vn -0.0783 0.5134 -0.8546
vn -0.2401 0.4398 -0.8654
vn -0.1395 -0.0143 -0.9901
vn 0.0221 0.2957 -0.9550
vn 0.4825 -0.7706 0.4164
vn 0.4523 -0.8564 0.2491
vn 0.5812 -0.6440 0.4974
vn -0.1932 -0.8127 0.5497
vn 0.6108 -0.5848 0.5338
vn -0.2755 0.4600 0.8441
vn -0.5846 0.0428 0.8102
vn -0.1467 0.5523 0.8206
vn -0.2654 0.2167 0.9395
vn -0.1173 0.3196 0.9403
vn -0.7120 -0.1815 0.6783
vn -0.8426 -0.1757 0.5090
vn -0.8793 0.1624 0.4478
vn -0.2472 0.4856 0.8385
vn -0.5393 0.1057 0.8355
vn 0.5483 -0.6800 0.4868
vn -0.9966 0.0625 0.0528
vn 0.6744 -0.6546 0.3416
vn 0.5797 -0.6889 0.4351
vn 0.5356 -0.7890 0.3009
vn -0.3590 0.8128 0.4587
vn -0.2751 0.6092 0.7438
vn -0.7516 0.3009 0.5869
vn 0.0716 0.5561 0.8280
vn 0.2077 0.5460 0.8116
vn 0.2180 0.5831 0.7826
vn 0.1581 0.4684 0.8692
vn 0.4405 -0.8170 0.3721
vn 0.4672 -0.8689 0.1635
vn 0.0719 0.5229 0.8494
vn 0.1937 0.6428 0.7412
vn 0.2522 0.6073 0.7534
vn 0.5661 -0.7919 0.2289
vn 0.6977 -0.3735 0.6113
vn 0.5906 -0.7483 0.3022
vn 0.5664 -0.7979 0.2062
vn 0.5492 -0.8069 0.2173
vn 0.0280 0.6033 0.7970
vn 0.6419 -0.7521 -0.1496
vn -0.4237 0.9056 -0.0205
vn 0.4680 -0.8127 0.3472
vn 0.5628 -0.7533 0.3404
vn 0.5805 -0.7522 0.3118
vn 0.6315 -0.7505 0.1948
vn 0.1743 0.5750 0.7994
vn 0.5997 -0.7492 0.2812
vn 0.6216 -0.7368 0.2658
vn 0.5947 -0.7272 0.3427
vn -0.1279 0.4729 0.8718
vn 0.2001 0.5622 0.8024
vn 0.1569 -0.7261 0.6694
vn 0.2194 -0.6569 0.7214
vn 0.5183 -0.7775 0.3563
vn 0.6018 -0.7965 0.0581
vn 0.5976 -0.6893 0.4096
vn 0.1221 0.4642 0.8772
vn 0.3589 -0.7053 0.6113
vn 0.6374 -0.6900 0.3429
vn 0.1834 -0.7256 0.6632
vn 0.0799 -0.6895 0.7198
vn 0.7257 -0.6298 0.2771
vn 0.5405 -0.7423 0.3961
vn 0.2060 -0.6956 0.6883
vn 0.1313 -0.6416 0.7557
vn 0.5327 -0.7596 0.3731
vn 0.1254 0.2185 0.9677
vn -0.3749 -0.6020 0.7050
vn 0.1846 0.3853 0.9042
vn 0.7039 -0.7006 -0.1166
vn 0.1028 -0.6685 0.7366
vn 0.1000 -0.4756 0.8740
vn 0.2533 -0.6946 0.6733
vn 0.5144 -0.8119 0.2760
vn 0.0313 -0.5898 0.8069
vn 0.1098 -0.6862 0.7191
vn 0.3185 -0.7968 0.5136
vn -0.0074 -0.8327 0.5537
vn 0.6234 -0.7179 0.3099
vn 0.5692 -0.7475 0.3423
vn -0.7633 -0.6152 0.1974
vn -0.5480 -0.8358 -0.0324
vn -0.1162 -0.3254 0.9384
vn 0.4685 -0.7869 0.4016
vn 0.1973 0.0824 0.9769
vn 0.0564 -0.2899 0.9554
vn 0.2397 0.1107 0.9645
vn 0.2385 -0.1928 0.9518
vn 0.5066 -0.3795 0.7741
vn 0.2984 0.2623 0.9177
vn 0.5810 0.3932 0.7126
vn 0.3107 0.6046 0.7334
vn 0.3199 0.6693 0.6706
vn 0.2863 0.6077 0.7408
vn 0.4433 0.5066 0.7395
vn 0.2370 0.5370 0.8096
vn 0.2516 0.3673 0.8954
vn -0.6032 -0.2588 0.7544
vn 0.5865 0.0350 0.8092
vn -0.0529 0.6630 0.7468
vn 0.2482 0.4734 0.8452
vn 0.4511 -0.8661 0.2154
vn 0.1380 0.7461 0.6513
vn -0.5441 -0.8087 0.2236
vn 0.1471 -0.0231 0.9889
vn 0.0307 0.5009 0.8650
vn 0.3300 0.4469 0.8315
vn 0.2382 0.6257 0.7428
vn 0.2078 0.3631 0.9083
vn 0.4789 0.1951 0.8559
vn 0.6799 -0.1252 0.7225
vn 0.2507 -0.0065 0.9680
vn 0.2828 0.2457 0.9272
vn 0.4101 0.2305 0.8824
vn 0.7442 0.2412 0.6229
vn 0.5716 -0.4180 0.7061
vn 0.4769 -0.4031 0.7810
vn 0.5067 -0.7792 0.3688
vn 0.3860 -0.8797 0.2776
vn 0.5382 -0.7519 0.3808
vn 0.6176 -0.7571 0.2132
vn 0.2090 -0.8034 0.5576
vn 0.4897 -0.7515 0.4421
vn 0.3951 -0.8210 0.4121
vn 0.5208 -0.6936 0.4977
vn 0.4828 -0.7677 0.4214
vn 0.4013 -0.8414 0.3621
vn 0.4765 -0.8353 0.2744
vn 0.4719 -0.7854 0.4006
vn 0.4700 -0.8313 0.2967
vn -0.4872 -0.8728 -0.0288
vn 0.1260 -0.6126 0.7802
vn -0.1225 -0.9025 0.4129
vn -0.2948 -0.8421 0.4517
vn 0.4673 -0.7976 0.3814
vn 0.1125 -0.8939 0.4338
vn 0.5238 -0.7760 0.3514
vn 0.2395 -0.3568 0.9030
vn 0.6705 -0.0438 0.7407
vn 0.7128 -0.6459 0.2736
vn 0.5967 -0.7203 0.3537
vn 0.6110 -0.7702 0.1830
vn 0.4454 -0.8408 0.3079
vn 0.3897 -0.7568 0.5247
vn 0.0657 -0.8625 0.5018
vn 0.4841 -0.7298 0.4828
vn 0.4866 -0.7282 0.4827
vn 0.5177 -0.7342 0.4392
vn 0.2175 -0.8876 0.4061
vn 0.0762 -0.7436 0.6643
vn -0.2352 -0.9430 0.2355
vn -0.0687 0.7240 0.6864
vn -0.0000 0.7135 0.7007
vn 0.0215 0.6332 0.7737
vn 0.2062 0.5318 0.8214
vn -0.0075 0.5236 0.8519
vn 0.1213 0.6232 0.7726
vn 0.0587 0.5809 0.8119
vn 0.2010 0.6671 0.7173
vn -0.0025 0.4724 0.8814
vn 0.1217 0.6643 0.7375
vn 0.1870 0.6575 0.7298
vn 0.0650 0.6565 0.7515
vn 0.0781 0.7505 0.6562
vn 0.1698 0.6646 0.7276
vn 0.0263 0.6659 0.7456
vn 0.1546 0.6291 0.7618
vn 0.1995 0.1713 0.9648
vn 0.0326 0.7291 0.6837
vn 0.0724 0.6639 0.7443
vn 0.3422 -0.6138 0.7115
vn 0.1198 0.6504 0.7501
vn -0.0126 -0.8551 0.5182
vn -0.0999 -0.8945 0.4359
vn -0.1396 -0.7606 0.6341
vn -0.0355 -0.7586 0.6506
vn 0.0376 -0.7006 0.7126
vn -0.0426 -0.9101 0.4122
vn 0.0850 -0.8233 0.5612
vn -0.1833 -0.7760 0.6035
vn 0.2453 -0.7642 0.5965
vn -0.0407 -0.9523 0.3024
vn -0.0529 -0.9477 0.3147
vn 0.0948 -0.9118 0.3994
vn -0.0561 0.7083 0.7037
vn 0.1961 0.6041 0.7724
vn -0.1212 -0.9715 0.2035
vn -0.1475 -0.7426 0.6533
vn 0.1399 0.6322 0.7621
vn 0.2510 -0.7546 0.6063
vn -0.1606 -0.7602 0.6295
vn -0.1424 -0.8014 0.5810
vn -0.0092 0.6377 0.7702
vn -0.3378 -0.6633 0.6678
vn 0.3443 -0.8711 0.3503
vn 0.5520 -0.8215 0.1430
vn 0.6667 -0.7010 0.2532
vn -0.1736 -0.7087 0.6838
vn 0.2636 -0.9087 0.3237
vn 0.0639 0.5801 0.8121
vn -0.2040 -0.7924 0.5749
vn 0.2104 0.7815 0.5874
vn 0.2061 0.6835 0.7002
vn 0.6275 -0.7189 0.2992
vn 0.0848 -0.8744 0.4778
vn 0.4183 0.5664 0.7101
vn 0.4714 0.7471 0.4687
vn 0.4207 0.6710 0.6105
vn 0.3444 0.6333 0.6931
vn 0.4466 0.7892 0.4215
vn -0.0179 0.4720 0.8814
vn 0.4893 -0.8267 0.2780
vn 0.5492 -0.7374 0.3932
vn 0.7006 -0.6783 0.2214
vn 0.5639 -0.7391 0.3684
vn 0.5493 -0.7775 0.3062
vn 0.0753 0.4559 0.8868
vn -0.1573 -0.8408 0.5180
vn -0.3851 -0.7826 0.4891
vn 0.7162 -0.6656 0.2099
vn -0.4079 -0.8271 0.3867
vn -0.0661 -0.8904 0.4503
vn -0.2408 -0.8164 0.5249
vn 0.4700 -0.7642 0.4416
vn -0.0045 -0.8031 0.5959
vn 0.6582 -0.7362 0.1574
vn 0.8281 -0.5308 -0.1802
vn 0.7001 -0.6970 -0.1553
vn 0.3429 -0.8267 0.4461
vn -0.0487 -0.9601 0.2753
vn 0.0735 0.5324 0.8433
vn 0.0853 0.6290 0.7728
vn -0.1342 -0.7230 0.6777
vn 0.2023 -0.8195 0.5362
vn 0.0005 -0.9284 0.3716
vn 0.1712 -0.8476 0.5022
vn 0.1586 -0.8337 0.5290
vn 0.0259 -0.9222 0.3859
vn 0.3084 -0.7720 0.5557
vn 0.2525 -0.6117 0.7497
vn 0.2112 -0.8577 0.4688
vn 0.1713 -0.5301 0.8304
vn 0.1118 -0.8253 0.5536
vn 0.0728 -0.8746 0.4794
vn 0.2963 -0.7943 0.5304
vn 0.2738 -0.8228 0.4980
vn 0.1760 -0.7771 0.6043
vn 0.1787 -0.7800 0.5997
vn 0.1475 -0.7681 0.6231
vn 0.0220 -0.6277 0.7782
vn 0.2623 -0.8333 0.4867
vn 0.3273 -0.7609 0.5602
vn 0.3643 0.5483 0.7528
vn 0.0300 -0.8388 0.5436
vn 0.0506 -0.8093 0.5852
vn -0.0464 -0.5807 0.8128
vn 0.0201 -0.5866 0.8096
vn 0.1017 -0.7113 0.6955
vn 0.1737 -0.7623 0.6235
vn 0.2133 -0.7203 0.6601
vn 0.2035 -0.7122 0.6719
vn 0.0446 -0.6949 0.7177
vn 0.1209 -0.6415 0.7575
vn 0.2217 -0.7323 0.6439
vn 0.1321 -0.9854 -0.1075
vn 0.1044 -0.9900 -0.0953
vn 0.0399 -0.9865 -0.1591
vn 0.0278 -0.9934 -0.1113
vn 0.0608 -0.8402 0.5389
vn 0.3742 -0.8571 0.3541
vn 0.2184 -0.8222 0.5257
vn 0.3258 -0.8834 0.3369
vn 0.6190 -0.7030 0.3502
vn 0.1417 -0.9889 -0.0452
vn 0.5616 -0.6954 0.4484
vn 0.4741 -0.8643 0.1680
vn 0.3520 -0.9348 -0.0464
vn 0.1317 -0.9910 -0.0243
vn 0.2026 -0.9739 0.1023
vn 0.2528 -0.9645 0.0764
vn 0.0683 -0.9787 -0.1936
vn 0.0375 -0.9836 -0.1763
vn 0.1564 -0.9687 0.1926
vn 0.0620 -0.9970 -0.0469
vn 0.3512 -0.9349 0.0523
vn 0.2673 -0.9629 0.0365
vn 0.3555 -0.8975 0.2612
vn 0.4536 -0.8489 0.2715
vn 0.0332 -0.9730 -0.2283
vn 0.1715 -0.9583 0.2286
vn 0.1538 -0.9738 0.1675
vn 0.0007 -0.8728 0.4880
vn 0.1511 -0.9503 0.2721
vn 0.2178 -0.8440 0.4901
vn 0.1427 -0.9877 -0.0643
vn -0.0320 -0.9973 -0.0655
vn -0.0674 -0.9976 0.0140
vn 0.1009 -0.7824 0.6145
vn 0.2771 -0.9421 0.1890
vn 0.3381 -0.8244 0.4540
vn 0.0667 -0.9973 -0.0292
vn 0.1206 -0.9844 -0.1282
vn 0.0763 -0.9906 0.1138
vn 0.3685 -0.8920 0.2618
vn 0.1782 -0.9466 -0.2687
vn 0.4236 -0.7640 0.4868
vn 0.4735 -0.8186 0.3250
vn 0.3904 -0.7936 0.4667
vn 0.4071 -0.7834 0.4697
vn -0.2543 -0.8937 0.3697
vn 0.4287 -0.7909 0.4367
vn 0.6415 -0.6446 0.4159
vn 0.4366 -0.7150 0.5460
vn -0.2077 -0.7014 0.6818
vn -0.1937 -0.7338 0.6511
vn -0.0662 -0.7492 0.6590
vn -0.3558 -0.7017 0.6172
vn 0.4602 -0.6699 0.5826
vn 0.4219 -0.8288 0.3675
vn 0.5653 -0.7815 0.2638
vn 0.3630 -0.8242 0.4346
vn 0.4033 -0.8074 0.4306
vn 0.7505 -0.2905 0.5936
vn 0.4310 -0.7121 0.5543
vn -0.0514 -0.6899 0.7221
vn 0.0880 -0.6096 0.7878
vn 0.4934 -0.7501 0.4404
vn 0.2699 -0.9444 0.1879
vn 0.2761 -0.8987 0.3408
vn 0.3211 -0.8037 0.5009
vn -0.3733 -0.8081 0.4556
vn 0.1777 -0.8192 0.5454
vn -0.3834 -0.6692 0.6366
vn 0.5508 -0.7700 0.3220
vn 0.2719 -0.9225 0.2740
vn 0.6341 -0.6938 0.3415
vn 0.4295 -0.7869 0.4430
vn 0.4883 -0.6407 0.5924
vn 0.5249 -0.7498 0.4029
vn 0.5761 -0.6674 0.4720
vn 0.6220 -0.6501 0.4365
vn 0.4887 -0.7986 0.3513
vn 0.3657 -0.8262 0.4284
vn 0.5403 -0.7020 0.4640
vn 0.6845 -0.6426 0.3444
vn 0.2791 -0.7605 0.5863
vn 0.4169 -0.7211 0.5533
vn 0.5149 -0.7320 0.4461
vn 0.4628 -0.8580 0.2227
vn 0.2574 -0.8262 0.5012
vn 0.0694 -0.8470 0.5271
vn -0.5101 -0.4412 0.7384
vn 0.0326 -0.7212 0.6919
vn 0.1408 -0.7755 0.6155
vn 0.1968 -0.7982 0.5693
vn 0.2092 -0.7994 0.5632
vn 0.1642 -0.8559 0.4903
vn 0.2299 -0.8998 0.3709
vn 0.7517 -0.6565 0.0632
vn -0.1908 -0.4838 0.8541
vn 0.1099 -0.7826 0.6127
vn 0.2242 -0.8206 0.5257
vn -0.0285 -0.4870 0.8729
vn 0.2909 -0.9019 0.3194
vn 0.3769 -0.8592 0.3461
vn 0.3045 -0.7099 0.6350
vn 0.3953 -0.8531 0.3404
vn 0.0038 -0.9631 0.2690
vn 0.0899 -0.7742 0.6265
vn 0.0142 -0.9032 0.4289
vn 0.4047 -0.6917 0.5982
vn 0.0054 -0.9546 0.2978
vn 0.4879 -0.6889 0.5361
vn 0.4394 -0.8325 0.3376
vn -0.1321 -0.4635 0.8762
vn -0.5276 -0.3531 0.7726
vn -0.0075 -0.4843 0.8749
vn -0.1860 -0.3554 0.9160
vn -0.4983 -0.4894 0.7156
vn -0.2413 -0.7740 0.5854
vn -0.0072 -0.3496 0.9369
vn 0.3917 -0.7809 0.4866
vn 0.5410 -0.6884 0.4832
vn 0.0579 -0.4950 0.8670
vn 0.0072 -0.4493 0.8934
vn -0.0659 -0.4442 0.8935
vn 0.3388 -0.8544 0.3938
vn 0.3675 -0.6242 0.6895
vn 0.4675 -0.8095 0.3552
vn 0.6445 -0.4512 0.6173
vn 0.0780 -0.6050 0.7924
vn 0.2936 -0.6732 0.6787
vn -0.0345 -0.4981 0.8664
vn 0.3912 -0.6954 0.6028
vn 0.0949 -0.6197 0.7791
vn 0.1509 -0.7603 0.6318
vn 0.3469 -0.8867 0.3056
vn 0.4958 -0.7030 0.5100
vn 0.2588 -0.9194 0.2963
vn 0.4822 -0.8122 0.3283
vn 0.5079 -0.8450 0.1676
vn 0.6219 -0.7096 0.3312
vn 0.4894 -0.8477 0.2049
vn -0.0214 -0.7657 0.6429
vn 0.2210 -0.9260 0.3060
vn 0.5077 -0.8335 0.2181
vn 0.4264 -0.8794 0.2117
vn 0.2951 -0.8888 0.3507
vn 0.3179 -0.9302 0.1837
vn 0.5531 -0.8111 0.1904
vn 0.2370 -0.8675 0.4373
vn 0.1562 -0.6206 0.7684
vn 0.4919 -0.8688 -0.0560
vn 0.5722 -0.7501 0.3317
vn 0.4342 -0.8852 0.1668
vn 0.4722 -0.8720 0.1290
vn -0.0508 -0.7946 0.6051
vn 0.4109 -0.8686 0.2768
vn 0.1066 -0.6811 0.7244
vn 0.4349 -0.7877 0.4364
vn 0.3543 -0.8586 0.3705
vn 0.1435 -0.9676 0.2078
vn 0.4184 -0.8770 0.2361
vn -0.0960 -0.4385 0.8936
vn 0.1579 -0.9762 0.1489
vn 0.1090 -0.9265 0.3601
vn 0.0788 -0.9807 0.1790
vn 0.1079 -0.9939 -0.0212
vn -0.0374 -0.9984 0.0416
vn -0.0132 -0.9704 0.2412
vn 0.1153 -0.9638 -0.2403
vn 0.5291 -0.8086 0.2574
vn 0.4081 -0.9124 0.0319
vn -0.1164 -0.9233 0.3661
vn -0.0847 -0.5151 0.8529
vn -0.1334 -0.6413 0.7556
vn 0.3575 -0.8494 0.3882
vn 0.0059 -0.8067 0.5910
vn 0.2437 -0.9106 0.3337
vn 0.4376 -0.7730 0.4594
vn 0.4747 -0.7390 0.4781
vn 0.4951 -0.8060 0.3244
vn 0.2210 -0.9003 0.3749
vn -0.0434 -0.5626 0.8256
vn -0.1761 -0.8418 0.5102
vn 0.1909 -0.7989 0.5704
vn -0.0825 -0.9004 0.4272
vn 0.4828 -0.8186 0.3111
vn 0.4397 -0.8063 0.3958
vn 0.4108 -0.8602 0.3023
vn 0.4612 -0.7316 0.5021
vn 0.8614 -0.4909 -0.1306
vn -0.8346 -0.1371 0.5336
vn -0.6364 -0.6801 0.3638
vn -0.6797 -0.3225 0.6588
vn 0.3616 -0.8802 0.3074
vn 0.9169 -0.3870 -0.0970
vn -0.3229 -0.6535 0.6846
vn 0.0680 -0.8478 0.5260
vn -0.2135 -0.8649 0.4542
vn 0.2481 -0.8071 0.5358
vn 0.2234 -0.7428 0.6311
vn -0.8957 -0.2485 0.3687
vn -0.6906 -0.4456 0.5696
vn -0.1025 -0.8386 0.5350
vn 0.0648 -0.7213 0.6896
vn 0.3354 -0.8975 0.2865
vn 0.2610 -0.9552 -0.1393
vn -0.4034 -0.8755 0.2662
vn 0.3389 -0.7836 0.5207
vn -0.0983 -0.9826 0.1579
vn 0.3600 -0.7508 0.5538
vn 0.5080 -0.7314 0.4549
vn 0.2639 -0.9459 0.1885
vn 0.2736 -0.7213 0.6363
vn 0.2319 -0.9563 0.1783
vn 0.1774 -0.9701 0.1654
vn 0.4533 -0.8396 0.2993
vn 0.3095 -0.7345 0.6040
vn 0.1928 -0.7872 0.5858
vn -0.6406 -0.4316 0.6351
vn -0.6210 -0.6796 0.3906
vn 0.5543 -0.7275 0.4044
vn 0.2881 -0.9290 0.2322
vn -0.1992 -0.9229 0.3294
vn 0.3978 -0.7527 0.5246
vn 0.2903 -0.8346 0.4682
vn 0.2497 -0.7380 0.6268
vn 0.1156 -0.5633 0.8182
vn 0.4798 -0.8221 0.3063
vn 0.5330 -0.7529 0.3860
vn 0.2423 -0.9256 0.2907
vn 0.3453 -0.7077 0.6164
vn 0.3853 -0.7223 0.5743
vn 0.3979 -0.7190 0.5699
vn 0.2964 -0.6234 0.7236
vn -0.7383 -0.5534 0.3856
vn -0.6629 -0.5875 0.4642
vn 0.5484 -0.7935 0.2639
vn 0.3533 -0.9113 0.2113
vn 0.4221 -0.8059 0.4152
vn 0.2764 -0.9156 0.2919
vn 0.1395 -0.9749 0.1737
vn 0.4449 -0.8837 0.1454
vn 0.0247 -0.9888 0.1471
vn -0.1473 -0.9885 -0.0347
vn -0.1150 -0.9416 0.3165
vn 0.1958 -0.9375 0.2877
vn -0.0586 -0.9444 -0.3235
vn -0.1819 -0.8249 -0.5352
vn 0.1654 -0.9842 -0.0638
vn -0.0220 -0.9353 -0.3532
vn 0.0997 -0.9213 -0.3759
vn 0.3166 -0.9261 -0.2051
vn 0.0274 -0.8113 -0.5839
vn -0.0598 -0.7938 -0.6052
vn -0.0230 -0.7488 -0.6624
vn 0.1304 -0.8446 -0.5193
vn 0.2106 -0.8648 -0.4558
vn 0.0829 -0.8125 -0.5770
vn 0.5274 -0.7888 0.3156
vn 0.3167 -0.9450 -0.0817
vn 0.3744 -0.5865 -0.7182
vn 0.4286 -0.8660 0.2575
vn 0.5074 -0.8255 -0.2471
vn 0.5289 -0.7167 -0.4545
vn 0.1564 -0.9080 -0.3888
vn 0.2644 -0.9558 -0.1288
vn 0.4773 -0.8248 0.3030
vn 0.3666 -0.8421 -0.3956
vn -0.1688 -0.6669 0.7258
vn 0.2771 -0.7640 -0.5827
vn 0.9006 -0.4101 -0.1443
vn -0.7749 -0.4088 0.4821
vn 0.4398 -0.8606 0.2567
vn -0.6742 -0.5223 0.5221
vn -0.6243 -0.5366 0.5677
vn 0.4382 -0.7243 0.5324
vn -0.6733 -0.3250 0.6640
vn 0.9354 -0.2785 0.2179
vn 0.9316 -0.3347 0.1418
vn 0.1207 -0.9896 -0.0785
vn 0.9537 -0.2829 -0.1022
vn -0.1621 -0.8983 0.4084
vn 0.2285 -0.7817 0.5802
vn 0.1500 -0.9570 0.2483
vn -0.2095 -0.8174 0.5367
vn -0.5922 -0.3748 0.7133
vn -0.6919 -0.3896 0.6078
vn -0.0986 -0.9951 0.0070
vn -0.4282 -0.9018 0.0583
vn -0.1614 -0.9099 0.3822
vn -0.3429 -0.9392 0.0161
vn -0.4362 -0.8998 -0.0106
vn -0.3119 -0.9020 0.2983
vn 0.3406 -0.8580 0.3844
vn 0.8124 -0.0944 0.5754
vn 0.7078 0.1898 0.6805
vn 0.4942 -0.1426 0.8576
vn 0.1027 -0.6571 0.7468
vn -0.1248 -0.4578 0.8803
vn 0.2295 -0.8470 0.4795
vn 0.3097 -0.1862 0.9324
vn 0.5251 -0.4837 0.7002
vn 0.6827 0.1379 0.7176
vn 0.7613 0.0306 0.6477
vn 0.4286 -0.5727 0.6988
vn 0.6092 -0.7251 0.3212
vn 0.4678 -0.8532 0.2308
vn 0.5120 -0.7664 0.3879
vn 0.5082 -0.7035 0.4968
vn 0.4574 -0.8035 0.3809
vn 0.4398 -0.8278 0.3483
vn 0.5099 0.0820 0.8563
vn 0.5040 0.0712 0.8608
vn 0.5791 -0.0002 0.8153
vn 0.4715 0.0960 0.8766
vn 0.1083 -0.2184 0.9698
vn 0.5728 -0.1126 0.8120
vn 0.5592 -0.3361 0.7578
vn 0.4460 -0.2810 0.8498
vn 0.6383 -0.0507 0.7681
vn 0.4774 -0.5400 0.6932
vn 0.4254 -0.8094 0.4050
vn 0.3317 -0.5799 0.7441
vn 0.4665 -0.7780 0.4207
vn 0.7117 -0.6548 -0.2544
vn 0.1723 -0.7382 0.6522
vn 0.8069 -0.4536 0.3784
vn 0.3631 -0.4984 0.7873
vn 0.8994 -0.2372 -0.3672
vn 0.6946 -0.6491 0.3100
vn 0.7016 -0.6519 0.2878
vn 0.7194 -0.6709 0.1800
vn 0.5756 -0.5763 0.5801
vn 0.3807 -0.7204 0.5798
vn 0.3038 -0.7348 0.6065
vn 0.7683 -0.6214 0.1537
vn 0.1186 -0.9404 0.3188
vn 0.4099 -0.4151 0.8122
vn 0.5439 -0.7698 0.3340
vn 0.8711 -0.4756 0.1226
vn 0.3647 -0.4203 0.8309
vn 0.0248 -0.9536 0.3002
vn 0.2900 -0.8770 0.3831
vn -0.0712 -0.7796 0.6223
vn 0.2613 -0.4913 0.8309
vn -0.1697 -0.6334 0.7550
vn 0.0785 -0.7676 0.6361
vn 0.4048 -0.6052 0.6854
vn -0.4451 -0.8785 -0.1736
vn -0.1342 -0.8323 0.5378
vn -0.2576 -0.8448 0.4689
vn -0.1138 -0.9703 0.2134
vn -0.2323 -0.8020 0.5503
vn 0.8071 -0.3372 -0.4846
vn -0.2529 -0.9524 0.1701
vn -0.3539 -0.8540 0.3814
vn -0.1001 -0.9803 0.1703
vn -0.0767 -0.6054 0.7922
vn 0.1354 -0.3834 0.9136
vn -0.0091 -0.6444 0.7647
vn -0.4567 -0.7498 0.4787
vn -0.1077 -0.5373 0.8365
vn -0.2514 -0.6266 0.7377
vn -0.3493 -0.9058 0.2399
vn -0.4363 -0.8988 0.0422
vn -0.4369 -0.7743 0.4578
vn -0.6213 -0.6543 0.4311
vn 0.2729 -0.1676 0.9473
vn 0.1506 -0.5797 0.8008
vn 0.0618 -0.7658 0.6401
vn 0.6511 -0.5107 0.5615
vn 0.2371 -0.8796 0.4124
vn 0.2816 -0.4726 0.8351
vn 0.6330 -0.6749 0.3793
vn 0.7263 -0.2836 0.6262
vn 0.5464 -0.7195 0.4288
vn -0.6002 -0.7086 0.3709
vn 0.4992 -0.6051 0.6202
vn -0.5504 -0.7366 0.3931
vn -0.5334 -0.7426 0.4050
vn -0.6957 -0.5446 0.4684
vn -0.6756 -0.4133 0.6105
vn 0.2860 -0.5536 0.7821
vn 0.3177 -0.5753 0.7537
vn -0.6703 -0.4347 0.6015
vn -0.7725 -0.3529 0.5279
vn -0.7822 -0.5664 0.2595
vn -0.3555 -0.8100 0.4664
vn 0.2143 -0.5879 0.7800
vn -0.7905 -0.4385 0.4276
vn 0.2597 -0.8296 0.4943
vn 0.4444 -0.7545 0.4830
vn 0.0089 -0.5654 0.8248
vn -0.0002 -0.7624 0.6471
vn 0.4804 -0.7063 0.5200
vn 0.0368 -0.6845 0.7280
vn 0.1946 -0.6765 0.7103
vn 0.1692 -0.8980 0.4062
vn 0.3774 -0.7968 0.4719
vn 0.3616 -0.5754 0.7336
vn 0.1621 -0.9629 0.2158
vn 0.2329 -0.8627 0.4489
vn -0.0610 -0.8952 0.4415
vn 0.3736 -0.7019 0.6064
vn -0.6745 -0.6966 0.2447
vn -0.7023 -0.6208 0.3484
vn -0.7441 -0.6022 0.2893
vn -0.6268 -0.6105 0.4841
vn -0.6725 -0.4637 0.5768
vn -0.7365 -0.6350 0.2333
vn -0.4379 -0.4935 0.7514
vn -0.6959 -0.6720 0.2533
vn 0.2851 -0.8583 0.4266
vn 0.4044 -0.7839 0.4711
vn -0.6799 -0.5350 0.5014
vn 0.0479 -0.6479 0.7602
vn -0.5678 -0.5876 0.5764
vn -0.5639 -0.5048 0.6536
vn 0.0121 -0.8890 0.4578
vn 0.3502 -0.7631 0.5431
vn 0.4791 -0.6859 0.5476
vn 0.3434 -0.7697 0.5381
vn 0.5659 -0.3674 0.7381
vn 0.2643 -0.8620 0.4324
vn -0.4845 -0.7844 0.3874
vn -0.6192 -0.7527 0.2236
vn -0.5968 -0.6765 0.4315
vn 0.3494 -0.7092 0.6124
vn 0.2916 -0.7056 0.6458
vn 0.3495 -0.7241 0.5946
vn 0.2662 -0.7707 0.5789
vn 0.1758 -0.5407 0.8226
vn 0.3231 -0.6606 0.6777
vn 0.3252 -0.7745 0.5425
vn 0.4075 -0.7785 0.4774
vn 0.3409 -0.6890 0.6396
vn 0.3244 -0.7682 0.5520
vn 0.2372 -0.8085 0.5385
vn 0.4405 -0.8132 0.3803
vn 0.4084 -0.7701 0.4901
vn -0.1392 -0.8377 0.5281
vn 0.0676 -0.6208 0.7810
vn -0.5964 -0.5882 0.5462
vn -0.4472 -0.5616 0.6961
vn 0.2456 -0.4831 0.8404
vn 0.3271 -0.8139 0.4803
vn -0.1249 -0.3925 0.9112
vn -0.4642 -0.5183 0.7182
vn 0.0110 -0.4495 0.8932
vn 0.1760 -0.7838 0.5955
vn -0.0329 -0.6732 0.7387
vn -0.0833 -0.6938 0.7153
vn -0.1206 -0.7320 0.6705
vn 0.4159 -0.6888 0.5938
vn 0.3173 -0.7360 0.5981
vn 0.4130 -0.7662 0.4922
vn -0.2684 -0.8907 0.3669
vn 0.0345 -0.5743 0.8179
vn 0.0207 -0.5384 0.8424
vn -0.0756 -0.6217 0.7796
vn -0.2056 -0.4077 0.8897
vn -0.5399 -0.6326 0.5552
vn -0.1200 -0.6652 0.7369
vn -0.0747 -0.8915 0.4468
vn -0.1625 -0.8673 0.4705
vn -0.1821 -0.9107 0.3707
vn -0.1865 -0.9413 0.2812
vn -0.4786 -0.4284 0.7664
vn -0.8236 -0.5006 0.2667
vn -0.7255 -0.4601 0.5118
vn -0.5824 -0.2824 0.7623
vn -0.7923 -0.2795 0.5423
vn -0.2510 -0.9065 0.3395
vn -0.2517 -0.8495 0.4636
vn 0.1327 -0.6648 0.7351
vn 0.1063 -0.6512 0.7514
vn -0.1742 -0.5425 0.8218
vn -0.1838 -0.7863 0.5899
vn 0.1302 -0.7627 0.6335
vn -0.2278 -0.6159 0.7542
vn -0.7643 -0.3736 0.5257
vn -0.8854 0.1102 0.4516
vn -0.8053 0.2553 0.5350
vn -0.9467 0.3002 0.1172
vn -0.8532 0.2314 0.4675
vn -0.1888 -0.8351 0.5167
vn -0.7735 -0.4432 0.4531
vn -0.0191 -0.7150 0.6989
vn -0.1055 -0.7356 0.6691
vn -0.7676 -0.4652 0.4409
vn -0.1474 -0.7044 0.6943
vn -0.3365 -0.4364 0.8345
vn -0.3269 -0.4448 0.8339
vn -0.5659 -0.8244 0.0124
vn -0.4077 -0.3545 0.8415
vn -0.1200 -0.6217 0.7740
vn -0.7456 -0.5961 0.2980
vn -0.9663 -0.2272 0.1213
vn -0.4807 0.0585 0.8749
vn -0.6458 0.2997 0.7022
vn -0.6141 0.0560 0.7872
vn -0.9131 -0.1450 0.3810
vn -0.7807 -0.5021 0.3720
vn -0.9253 0.2783 0.2575
vn -0.1316 -0.9776 0.1642
vn -0.4453 -0.8338 0.3264
vn -0.9505 -0.0714 0.3024
vn -0.7536 -0.5993 0.2701
vn -0.7470 -0.4706 0.4696
vn -0.5135 -0.8258 0.2331
vn -0.2823 -0.9406 0.1887
vn -0.4271 -0.8269 0.3658
vn -0.3981 -0.5655 0.7223
vn -0.3015 -0.9506 0.0738
vn -0.7133 -0.6017 0.3595
vn -0.4896 -0.7857 0.3781
vn -0.8295 -0.2299 0.5090
vn -0.7210 -0.5049 0.4746
vn -0.7785 -0.5927 0.2062
vn -0.8788 -0.3923 0.2718
vn -0.7110 -0.6800 0.1791
vn -0.1169 -0.4960 0.8604
vn 0.0393 -0.6629 0.7476
vn -0.2785 -0.9565 0.0871
vn -0.3605 -0.9223 0.1391
vn -0.3384 -0.9261 0.1669
vn -0.2465 -0.9674 0.0585
vn -0.1842 -0.9661 0.1812
vn -0.2155 -0.9276 0.3051
vn -0.1517 -0.9873 0.0475
vn -0.2948 -0.9372 0.1864
vn -0.1518 -0.8630 0.4818
vn -0.1807 -0.9670 0.1795
vn -0.5091 0.0106 0.8606
vn -0.6198 0.3220 0.7156
vn -0.3968 -0.8806 0.2590
vn -0.4305 -0.7633 0.4817
vn -0.0186 -0.9500 0.3117
vn -0.1957 -0.8650 0.4621
vn -0.2846 -0.8390 0.4637
vn -0.3676 -0.7125 0.5977
vn -0.0974 -0.9004 0.4241
vn -0.2156 -0.9538 0.2093
vn -0.3329 -0.7998 0.4995
vn -0.0146 -0.8790 0.4766
vn -0.0796 -0.4819 0.8726
vn -0.5849 0.3058 0.7512
vn -0.5919 0.5592 0.5805
vn -0.6375 0.7182 0.2789
vn -0.3276 -0.3448 0.8796
vn -0.4467 -0.2682 0.8536
vn -0.8879 0.2978 0.3506
vn -0.6107 -0.1074 0.7846
vn -0.9323 0.3166 0.1749
vn -0.9477 0.3117 0.0683
vn -0.9519 0.3028 -0.0464
vn -0.9851 0.0379 0.1676
vn -0.9812 0.1769 0.0775
vn -0.9234 0.3731 0.0903
vn -0.9706 0.2220 0.0931
vn -0.1581 -0.5471 0.8220
vn -0.1992 -0.4765 0.8563
vn -0.3793 -0.5714 0.7278
vn -0.9540 0.2865 0.0879
vn -0.4127 -0.4091 0.8138
vn -0.9066 0.3728 0.1978
vn -0.7332 0.6482 0.2056
vn -0.9459 0.2008 0.2550
vn -0.8767 -0.1017 0.4702
vn -0.8836 -0.1598 0.4402
vn -0.9372 0.1833 0.2968
vn -0.8011 0.4786 0.3594
vn -0.9101 -0.3571 0.2103
vn -0.9093 -0.0066 0.4161
vn -0.8953 0.2164 0.3893
vn -0.9238 0.3406 0.1746
vn -0.8580 0.2716 0.4360
vn -0.9142 0.3866 0.1213
vn -0.6647 0.7339 0.1401
vn -0.4793 0.6072 0.6337
vn -0.8128 0.4969 0.3041
vn -0.9371 0.2123 0.2770
vn -0.6805 0.6203 0.3901
vn -0.6383 0.0652 0.7671
vn -0.5388 0.5238 0.6597
vn -0.5647 0.3252 0.7585
vn -0.7361 0.4367 0.5171
vn -0.6129 0.4387 0.6572
vn -0.5280 0.4268 0.7342
vn -0.6281 0.6786 0.3808
vn -0.7528 0.5585 0.3483
vn -0.7208 0.6901 0.0653
vn -0.6057 0.6005 0.5220
vn -0.4677 0.6188 0.6311
vn -0.4138 0.7104 0.5693
vn -0.6751 0.2840 0.6809
vn -0.8347 0.4591 0.3040
vn -0.7225 0.6767 0.1418
vn -0.6792 0.4776 0.5573
vn -0.5232 0.4358 0.7323
vn -0.7263 0.5571 0.4026
vn -0.7833 0.4534 0.4252
vn -0.7625 0.5252 0.3778
vn -0.7501 0.4780 0.4569
vn -0.7311 0.5661 0.3808
vn -0.5773 0.5898 0.5646
vn -0.7787 0.5401 0.3194
vn -0.8300 0.3915 0.3973
vn -0.7104 0.6308 0.3121
vn -0.7928 0.3961 0.4632
vn -0.9579 0.2309 0.1705
vn -0.9578 0.2863 0.0252
vn -0.6234 0.6125 0.4861
vn -0.5095 0.5278 0.6796
vn -0.9588 0.2228 0.1763
vn -0.1317 0.6405 0.7566
vn -0.3393 0.5592 0.7564
vn -0.2890 0.5322 0.7958
vn -0.3292 0.5686 0.7539
vn -0.3972 0.4408 0.8049
vn -0.6750 0.6622 0.3254
vn -0.7431 0.5947 0.3068
vn -0.4049 0.2344 0.8838
vn -0.9239 0.2811 0.2595
vn -0.8098 0.4509 0.3755
vn -0.8203 0.4466 0.3573
vn -0.4860 0.4163 0.7684
vn -0.6965 0.4847 0.5291
vn -0.7522 0.3312 0.5697
vn -0.7003 0.4198 0.5773
vn -0.9263 0.2370 0.2930
vn -0.9770 0.2131 0.0026
vn -0.8796 0.2567 0.4006
vn -0.9656 0.2168 0.1437
vn -0.9497 0.2435 0.1971
vn -0.9035 0.1998 0.3792
vn -0.8286 0.2812 0.4841
vn -0.7653 0.4244 0.4840
vn -0.8820 0.3749 0.2854
vn -0.8788 0.3405 0.3344
vn -0.9249 0.3269 0.1938
vn -0.8295 0.5235 0.1945
vn -0.8704 0.3432 0.3531
vn -0.8370 0.4611 0.2946
vn -0.7819 0.4486 0.4328
vn -0.6594 0.5360 0.5272
vn -0.6303 0.3722 0.6813
vn -0.8101 0.3097 0.4979
vn -0.7833 0.5539 0.2823
vn -0.6608 0.6044 0.4449
vn -0.5478 0.3591 0.7556
vn -0.6346 0.5545 0.5383
vn -0.6288 0.5084 0.5883
vn -0.7217 0.4998 0.4789
vn -0.7251 0.4081 0.5547
vn -0.4951 0.4476 0.7447
vn -0.4219 0.4554 0.7840
vn -0.3829 0.5889 0.7117
vn -0.6275 0.4135 0.6598
vn -0.6715 0.3696 0.6422
vn -0.6944 0.3857 0.6074
vn -0.5246 0.3772 0.7633
vn -0.5934 0.5811 0.5570
vn -0.5418 0.6144 0.5736
vn -0.6545 0.6209 0.4314
vn -0.6970 0.4996 0.5144
vn -0.7366 0.5149 0.4385
vn -0.5489 0.6447 0.5320
vn -0.5599 0.6055 0.5655
vn -0.6409 0.3213 0.6971
vn -0.4936 0.5859 0.6427
vn -0.3564 0.8676 0.3468
vn -0.4148 0.5037 0.7578
vn -0.7603 0.4109 0.5031
vn -0.7336 0.6661 0.1345
vn -0.8506 0.3158 0.4204
vn -0.4839 0.7042 0.5196
vn -0.9080 0.3373 0.2486
vn -0.8650 0.3727 0.3360
vn -0.7538 0.4906 0.4370
vn -0.8703 0.4196 0.2578
vn -0.6803 0.4625 0.5686
vn -0.6329 0.4525 0.6282
vn -0.7315 0.4310 0.5284
vn -0.8446 0.3806 0.3766
vn -0.8274 0.4645 0.3157
vn -0.7015 0.6135 -0.3626
vn -0.9053 0.4064 0.1237
vn -0.6139 0.3655 0.6996
vn -0.8079 0.4426 0.3891
vn -0.7804 0.4689 0.4136
vn -0.7774 0.5095 0.3689
vn -0.7177 0.4969 0.4878
vn -0.6804 0.4371 0.5881
vn -0.7342 0.4485 0.5097
vn -0.7132 0.4952 0.4962
vn -0.7427 0.5363 0.4010
vn 0.4214 0.5605 0.7129
vn 0.1506 -0.9873 -0.0507
vn 0.2091 -0.9589 0.1917
vn 0.2133 -0.9460 0.2442
vn 0.0585 0.8068 0.5879
vn 0.3609 0.8278 0.4296
vn 0.4193 0.8707 0.2570
vn -0.0736 0.6237 0.7782
vn 0.2029 -0.8761 0.4373
vn 0.0840 -0.9198 0.3833
vn 0.1521 -0.9362 0.3168
vn 0.1399 -0.8386 0.5265
vn -0.0052 -0.8917 0.4525
vn -0.2826 -0.8926 0.3512
vn -0.2404 -0.9462 0.2167
vn -0.2045 -0.9452 0.2545
vn -0.5552 0.5575 0.6172
vn -0.2208 0.4443 0.8683
vn 0.2650 0.7915 0.5507
vn -0.1855 0.7411 0.6453
vn -0.4134 0.7671 0.4906
vn -0.0433 -0.9545 0.2950
vn 0.1912 -0.7863 0.5875
vn -0.0178 -0.8997 0.4361
vn -0.0684 -0.9370 0.3426
vn 0.3068 -0.7359 0.6037
vn 0.3564 -0.7078 0.6099
vn 0.0507 -0.8727 0.4856
vn 0.2988 -0.7327 0.6115
vn 0.1819 -0.7558 0.6290
vn 0.3842 -0.6428 0.6627
vn -0.3615 0.7266 0.5843
vn -0.2914 0.8001 0.5244
vn 0.2916 -0.5918 0.7515
vn -0.4863 0.4809 0.7296
vn -0.1611 0.7072 0.6884
vn -0.4263 0.5762 0.6973
vn 0.2232 -0.8503 0.4767
vn 0.3661 -0.6513 0.6647
vn -0.3210 0.7301 0.6032
vn -0.4892 0.5626 0.6664
vn -0.4412 0.5767 0.6876
vn -0.2704 0.7156 0.6440
vn -0.4848 0.5370 0.6904
vn -0.1636 0.7975 0.5807
vn 0.2502 -0.8998 0.3574
vn 0.4243 -0.8086 0.4075
vn 0.2848 -0.7415 0.6075
vn 0.3519 -0.7596 0.5469
vn 0.3108 -0.7660 0.5627
vn 0.3811 -0.6297 0.6769
vn 0.4290 -0.6753 0.5999
vn 0.3235 -0.7503 0.5766
vn 0.4093 -0.7000 0.5852
vn 0.3286 -0.7492 0.5751
vn 0.3422 -0.7176 0.6066
vn 0.3352 -0.6509 0.6811
vn 0.1668 -0.7149 0.6790
vn 0.2956 -0.6526 0.6976
vn 0.1182 -0.8417 0.5268
vn 0.4525 -0.5536 0.6991
vn 0.4166 -0.6855 0.5971
vn 0.3175 -0.7272 0.6086
vn 0.3381 -0.7461 0.5736
vn 0.3113 -0.7936 0.5227
vn 0.1857 -0.9062 0.3799
vn 0.0578 -0.9153 0.3986
vn -0.0428 -0.8987 0.4364
vn -0.0872 -0.8962 0.4349
vn 0.1358 -0.9185 0.3713
vn -0.0376 -0.9306 0.3640
vn 0.1619 -0.9853 0.0548
vn 0.0542 -0.9037 0.4247
vn -0.0622 -0.7941 0.6046
vn -0.0498 -0.8489 0.5262
vn -0.1688 -0.9814 -0.0918
vn -0.2912 -0.9518 -0.0964
vn 0.1484 -0.8629 0.4832
vn -0.0901 -0.7675 -0.6347
vn 0.3510 -0.9362 0.0192
vn 0.2516 -0.9305 -0.2662
vn -0.0537 -0.3704 0.9273
vn -0.3879 -0.0126 0.9216
vn 0.3666 -0.0914 0.9259
vn -0.0148 -0.0344 0.9993
vn 0.0955 -0.1037 0.9900
vn -0.2575 -0.6603 0.7055
vn 0.4535 -0.2215 0.8633
vn 0.3318 0.2031 0.9212
vn 0.1364 0.0961 0.9860
vn 0.4511 0.0515 0.8910
vn -0.2495 0.2958 0.9221
vn 0.0849 0.1369 0.9869
vn -0.0485 0.2572 0.9651
vn 0.0719 -0.6326 0.7711
vn -0.1826 -0.9682 0.1713
vn 0.1078 -0.5035 0.8572
vn -0.3397 -0.1370 0.9305
vn 0.1671 -0.5941 0.7868
vn 0.4477 0.1622 0.8794
vn -0.3281 -0.9150 -0.2348
vn -0.0794 -0.9905 0.1121
vn 0.6153 -0.2369 0.7519
vn 0.4778 0.0271 0.8781
vn 0.3794 -0.0302 0.9248
vn 0.3840 0.2635 0.8849
vn 0.1243 -0.2645 0.9563
vn 0.3857 -0.0877 0.9185
vn -0.1144 -0.9347 0.3367
vn 0.0298 -0.7350 0.6774
vn 0.4922 -0.5098 0.7056
vn 0.6550 -0.4512 0.6060
vn 0.1410 -0.5208 0.8420
vn 0.1363 0.3240 0.9362
vn 0.2859 -0.4880 0.8247
vt 0.045880 0.141235
vt 0.053663 0.141823
vt 0.048548 0.143738
vt 0.049646 0.136607
vt 0.059848 0.175341
vt 0.063086 0.171857
vt 0.065302 0.176157
vt 0.061706 0.167266
vt 0.058548 0.169470
vt 0.056013 0.166204
vt 0.055235 0.146001
vt 0.052269 0.146927
vt 0.066768 0.171478
vt 0.057508 0.138955
vt 0.642342 0.468838
vt 0.642432 0.475909
vt 0.635132 0.473114
vt 0.650802 0.477542
vt 0.649010 0.476181
vt 0.048196 0.148532
vt 0.645694 0.473290
vt 0.022902 0.111699
vt 0.015250 0.114349
vt 0.019560 0.105441
vt 0.016260 0.119038
vt 0.638709 0.478141
vt 0.019983 0.123447
vt 0.020117 0.129558
vt 0.014343 0.127404
vt 0.631477 0.475162
vt 0.058340 0.144373
vt 0.630245 0.480755
vt 0.023693 0.116901
vt 0.023621 0.124642
vt 0.054424 0.173244
vt 0.052982 0.151098
vt 0.058578 0.154082
vt 0.062591 0.152159
vt 0.627207 0.475265
vt 0.620754 0.473395
vt 0.626989 0.469592
vt 0.642825 0.463591
vt 0.636544 0.467685
vt 0.636138 0.462375
vt 0.633039 0.466711
vt 0.627924 0.464440
vt 0.059598 0.163629
vt 0.066808 0.163715
vt 0.622432 0.479645
vt 0.065040 0.160096
vt 0.058943 0.160637
vt 0.601036 0.493241
vt 0.595701 0.490838
vt 0.600162 0.484596
vt 0.028082 0.138513
vt 0.031314 0.141330
vt 0.025070 0.143622
vt 0.024459 0.133296
vt 0.020886 0.136107
vt 0.030431 0.132348
vt 0.034513 0.134684
vt 0.013567 0.136225
vt 0.622546 0.484911
vt 0.026873 0.129157
vt 0.015007 0.141780
vt 0.022394 0.138931
vt 0.015906 0.144993
vt 0.019930 0.147908
vt 0.026027 0.152169
vt 0.604388 0.497741
vt 0.609386 0.494087
vt 0.021988 0.154894
vt 0.027852 0.157313
vt 0.024502 0.160063
vt 0.015740 0.152590
vt 0.018360 0.158574
vt 0.606370 0.487353
vt 0.616174 0.491239
vt 0.033204 0.145731
vt 0.028714 0.146237
vt 0.030830 0.153320
vt 0.036236 0.149337
vt 0.610865 0.478180
vt 0.612337 0.473526
vt 0.059117 0.133723
vt 0.614204 0.483395
vt 0.064370 0.157259
vt 0.618423 0.488711
vt 0.056912 0.157061
vt 0.052900 0.162712
vt 0.050325 0.133041
vt 0.057684 0.131271
vt 0.051541 0.158872
vt 0.049184 0.154949
vt 0.051429 0.170118
vt 0.048611 0.173525
vt 0.046799 0.165887
vt 0.589417 0.495124
vt 0.587485 0.488710
vt 0.581837 0.500142
vt 0.581772 0.495930
vt 0.054988 0.179573
vt 0.044694 0.133440
vt 0.050200 0.177387
vt 0.052869 0.127944
vt 0.046625 0.124559
vt 0.054322 0.122833
vt 0.022516 0.162824
vt 0.019168 0.168215
vt 0.022050 0.172204
vt 0.026075 0.168573
vt 0.027231 0.175806
vt 0.030110 0.172356
vt 0.028726 0.164307
vt 0.033297 0.159767
vt 0.034939 0.163026
vt 0.034423 0.167781
vt 0.033259 0.171403
vt 0.039174 0.166571
vt 0.037254 0.173792
vt 0.594830 0.498662
vt 0.590965 0.501464
vt 0.023363 0.181867
vt 0.037715 0.160518
vt 0.030452 0.187923
vt 0.048846 0.120327
vt 0.024414 0.189203
vt 0.050515 0.165974
vt 0.035847 0.179842
vt 0.036470 0.184702
vt 0.046845 0.128656
vt 0.038976 0.178942
vt 0.043737 0.177669
vt 0.048655 0.180661
vt 0.043959 0.184659
vt 0.043611 0.149132
vt 0.046268 0.153334
vt 0.043319 0.171242
vt 0.049481 0.162215
vt 0.041543 0.161667
vt 0.044805 0.158611
vt 0.035664 0.140019
vt 0.037846 0.122447
vt 0.034481 0.125928
vt 0.030719 0.123143
vt 0.026304 0.102324
vt 0.030691 0.100758
vt 0.040260 0.145716
vt 0.023060 0.105286
vt 0.027998 0.116059
vt 0.031293 0.105963
vt 0.029443 0.111216
vt 0.035176 0.116421
vt 0.034588 0.101829
vt 0.035895 0.106112
vt 0.043359 0.105606
vt 0.038752 0.111724
vt 0.040521 0.101235
vt 0.047313 0.112864
vt 0.043543 0.120263
vt 0.042849 0.125270
vt 0.038136 0.126275
vt 0.042737 0.152880
vt 0.039959 0.155062
vt 0.042188 0.137790
vt 0.048423 0.108199
vt 0.048377 0.103072
vt 0.054487 0.114027
vt 0.051769 0.103130
vt 0.057054 0.108575
vt 0.040029 0.142198
vt 0.039911 0.131131
vt 0.039414 0.135801
vt 0.085575 0.246999
vt 0.089133 0.255625
vt 0.083807 0.257730
vt 0.080112 0.253537
vt 0.077389 0.258394
vt 0.078156 0.248506
vt 0.080984 0.244424
vt 0.071815 0.252042
vt 0.074818 0.244197
vt 0.069080 0.246063
vt 0.069752 0.256971
vt 0.064232 0.251677
vt 0.068788 0.262240
vt 0.061259 0.254147
vt 0.067521 0.227152
vt 0.063842 0.234638
vt 0.062898 0.231564
vt 0.582200 0.382382
vt 0.584353 0.383723
vt 0.574351 0.383081
vt 0.577841 0.373603
vt 0.576681 0.378268
vt 0.575135 0.375633
vt 0.570871 0.376379
vt 0.577430 0.387916
vt 0.062342 0.246051
vt 0.064211 0.241899
vt 0.580441 0.378864
vt 0.095251 0.300746
vt 0.090090 0.293837
vt 0.097767 0.292332
vt 0.073210 0.231675
vt 0.075939 0.229657
vt 0.096136 0.285619
vt 0.088703 0.287826
vt 0.057342 0.243575
vt 0.061912 0.238983
vt 0.575862 0.368278
vt 0.570011 0.367289
vt 0.566207 0.360981
vt 0.571753 0.364685
vt 0.563055 0.371822
vt 0.571546 0.367782
vt 0.557327 0.365906
vt 0.555266 0.372239
vt 0.552917 0.354958
vt 0.560887 0.355810
vt 0.558043 0.360090
vt 0.563244 0.354847
vt 0.550287 0.364605
vt 0.088787 0.301727
vt 0.566514 0.385628
vt 0.547046 0.358265
vt 0.544479 0.365116
vt 0.546017 0.373990
vt 0.539506 0.366681
vt 0.057022 0.239303
vt 0.531252 0.370045
vt 0.535470 0.379539
vt 0.087022 0.279410
vt 0.083424 0.287536
vt 0.093391 0.277338
vt 0.051915 0.233893
vt 0.085420 0.265890
vt 0.081526 0.276241
vt 0.060994 0.222756
vt 0.053225 0.228986
vt 0.055995 0.222490
vt 0.598343 0.404966
vt 0.600003 0.407576
vt 0.589659 0.409830
vt 0.589029 0.404609
vt 0.593359 0.393203
vt 0.596700 0.393663
vt 0.584839 0.397604
vt 0.600311 0.398674
vt 0.594977 0.402899
vt 0.072996 0.240156
vt 0.599851 0.409856
vt 0.593924 0.412339
vt 0.590147 0.418539
vt 0.580172 0.415428
vt 0.581868 0.407303
vt 0.587192 0.421592
vt 0.603836 0.415980
vt 0.603720 0.411939
vt 0.605474 0.415711
vt 0.597725 0.416867
vt 0.606046 0.420974
vt 0.598247 0.421991
vt 0.600911 0.427088
vt 0.593066 0.429382
vt 0.090079 0.265971
vt 0.093413 0.270408
vt 0.078741 0.270562
vt 0.080936 0.264270
vt 0.084985 0.297457
vt 0.571470 0.410582
vt 0.583581 0.424077
vt 0.573816 0.417702
vt 0.567455 0.413611
vt 0.588961 0.432330
vt 0.077753 0.294439
vt 0.073789 0.290730
vt 0.067170 0.289170
vt 0.075958 0.283504
vt 0.568001 0.430152
vt 0.576523 0.422802
vt 0.575587 0.433651
vt 0.583179 0.430367
vt 0.580022 0.435611
vt 0.587572 0.438908
vt 0.568901 0.421721
vt 0.563993 0.415303
vt 0.561670 0.426638
vt 0.559921 0.418714
vt 0.555667 0.420502
vt 0.563439 0.434592
vt 0.553577 0.431376
vt 0.553655 0.427143
vt 0.575673 0.440679
vt 0.585047 0.442271
vt 0.567863 0.438313
vt 0.056626 0.248777
vt 0.573437 0.446150
vt 0.567028 0.446398
vt 0.075344 0.218091
vt 0.068212 0.223601
vt 0.072014 0.279681
vt 0.559048 0.436318
vt 0.075983 0.223704
vt 0.074857 0.297631
vt 0.080498 0.229525
vt 0.587188 0.392128
vt 0.577542 0.401792
vt 0.577692 0.395830
vt 0.573767 0.391304
vt 0.583530 0.394577
vt 0.573261 0.397380
vt 0.568638 0.394653
vt 0.564480 0.382243
vt 0.563220 0.392000
vt 0.558209 0.379600
vt 0.568209 0.402001
vt 0.566179 0.407412
vt 0.561404 0.402381
vt 0.552949 0.378074
vt 0.558806 0.386862
vt 0.553478 0.391438
vt 0.550255 0.398764
vt 0.543146 0.397086
vt 0.558189 0.404674
vt 0.556296 0.395729
vt 0.551217 0.404642
vt 0.556467 0.409487
vt 0.560080 0.414594
vt 0.554993 0.417075
vt 0.551940 0.414080
vt 0.544816 0.420979
vt 0.551287 0.422634
vt 0.545725 0.409625
vt 0.542173 0.414930
vt 0.544551 0.401419
vt 0.550183 0.383647
vt 0.538956 0.408915
vt 0.538167 0.402936
vt 0.542990 0.387541
vt 0.542344 0.377310
vt 0.543904 0.382347
vt 0.538976 0.394126
vt 0.536409 0.389809
vt 0.530842 0.396080
vt 0.531826 0.402464
vt 0.529556 0.379192
vt 0.527986 0.386222
vt 0.525014 0.392186
vt 0.524461 0.381007
vt 0.521392 0.385975
vt 0.063700 0.285126
vt 0.072364 0.267434
vt 0.547510 0.429200
vt 0.559390 0.444741
vt 0.557232 0.453859
vt 0.556356 0.447406
vt 0.563431 0.456742
vt 0.551199 0.436200
vt 0.551289 0.444750
vt 0.554812 0.440192
vt 0.551485 0.452005
vt 0.553541 0.460650
vt 0.027527 0.235439
vt 0.024705 0.241122
vt 0.024824 0.231488
vt 0.028812 0.246768
vt 0.024666 0.249144
vt 0.547733 0.438360
vt 0.031524 0.254538
vt 0.026260 0.256535
vt 0.031383 0.260865
vt 0.035979 0.261133
vt 0.031553 0.242293
vt 0.033137 0.248890
vt 0.035033 0.234624
vt 0.085653 0.222230
vt 0.081317 0.304678
vt 0.076070 0.304794
vt 0.035004 0.227882
vt 0.081171 0.236657
vt 0.040567 0.234929
vt 0.039896 0.241121
vt 0.039026 0.249276
vt 0.043317 0.255192
vt 0.045772 0.251522
vt 0.040803 0.260174
vt 0.047805 0.237548
vt 0.048026 0.243351
vt 0.047114 0.229771
vt 0.051942 0.241917
vt 0.051966 0.253287
vt 0.057421 0.257410
vt 0.070863 0.309153
vt 0.066089 0.298298
vt 0.080926 0.220317
vt 0.544517 0.426201
vt 0.535843 0.413593
vt 0.530296 0.413770
vt 0.538228 0.420180
vt 0.529157 0.419712
vt 0.525775 0.410420
vt 0.539135 0.430024
vt 0.030430 0.268251
vt 0.034300 0.270753
vt 0.035270 0.281012
vt 0.043614 0.266403
vt 0.039201 0.274340
vt 0.043328 0.276306
vt 0.043090 0.271322
vt 0.042683 0.285594
vt 0.048237 0.283176
vt 0.523514 0.398789
vt 0.525668 0.404519
vt 0.034986 0.291438
vt 0.039890 0.293215
vt 0.035417 0.297382
vt 0.042183 0.302416
vt 0.035610 0.303452
vt 0.517642 0.391641
vt 0.038530 0.312196
vt 0.045335 0.308347
vt 0.045094 0.317592
vt 0.045427 0.291403
vt 0.050674 0.313723
vt 0.047339 0.295650
vt 0.051742 0.304639
vt 0.072090 0.274253
vt 0.048853 0.260943
vt 0.049842 0.268773
vt 0.049433 0.274357
vt 0.053062 0.269538
vt 0.054089 0.281374
vt 0.051230 0.291187
vt 0.057195 0.262942
vt 0.060656 0.267619
vt 0.060083 0.277217
vt 0.059314 0.271770
vt 0.058770 0.282167
vt 0.067938 0.275521
vt 0.066592 0.269652
vt 0.057197 0.295016
vt 0.055339 0.300980
vt 0.059791 0.303888
vt 0.057341 0.311445
vt 0.063972 0.311973
vt 0.066184 0.305060
vt 0.058300 0.288457
vt 0.085822 0.239132
vt 0.050550 0.184300
vt 0.069179 0.218595
vt 0.049081 0.189539
vt 0.054214 0.185434
vt 0.070948 0.213324
vt 0.074346 0.209900
vt 0.062422 0.181410
vt 0.070551 0.207263
vt 0.077176 0.205263
vt 0.077518 0.212848
vt 0.072007 0.202721
vt 0.620921 0.465137
vt 0.625508 0.456195
vt 0.621918 0.450548
vt 0.628025 0.450556
vt 0.633354 0.447169
vt 0.626576 0.444649
vt 0.618441 0.458341
vt 0.059448 0.185308
vt 0.615119 0.467434
vt 0.610704 0.462866
vt 0.613421 0.454204
vt 0.607469 0.454014
vt 0.064017 0.207530
vt 0.054458 0.189147
vt 0.630184 0.460609
vt 0.637927 0.459664
vt 0.067205 0.214066
vt 0.077875 0.202563
vt 0.058569 0.192653
vt 0.633470 0.456784
vt 0.063241 0.189422
vt 0.594870 0.484326
vt 0.592669 0.478200
vt 0.586448 0.482302
vt 0.589434 0.472560
vt 0.596681 0.472948
vt 0.594650 0.466839
vt 0.075547 0.198120
vt 0.068582 0.196001
vt 0.065129 0.200268
vt 0.062536 0.177947
vt 0.606580 0.471745
vt 0.603755 0.458211
vt 0.603098 0.477475
vt 0.062033 0.195643
vt 0.602674 0.465455
vt 0.063912 0.217047
vt 0.065177 0.187071
vt 0.579639 0.486991
vt 0.583242 0.490885
vt 0.040337 0.223498
vt 0.577110 0.481351
vt 0.581017 0.476783
vt 0.570937 0.481750
vt 0.574780 0.474741
vt 0.577628 0.493146
vt 0.574485 0.498788
vt 0.570747 0.492418
vt 0.569543 0.487009
vt 0.024291 0.201624
vt 0.018545 0.200749
vt 0.021358 0.195754
vt 0.043544 0.205995
vt 0.050841 0.207492
vt 0.046923 0.209931
vt 0.049550 0.219688
vt 0.054857 0.214352
vt 0.045583 0.217565
vt 0.029467 0.195165
vt 0.031637 0.202098
vt 0.060970 0.212911
vt 0.057356 0.210292
vt 0.060660 0.203321
vt 0.033544 0.197427
vt 0.036345 0.192427
vt 0.043594 0.189999
vt 0.039727 0.196745
vt 0.044810 0.199825
vt 0.050348 0.195446
vt 0.054306 0.201206
vt 0.057260 0.199292
vt 0.613076 0.422833
vt 0.605372 0.430251
vt 0.600560 0.436229
vt 0.039506 0.208998
vt 0.058656 0.217116
vt 0.038807 0.214667
vt 0.607774 0.420026
vt 0.048585 0.202874
vt 0.625297 0.439132
vt 0.628146 0.441913
vt 0.620146 0.441853
vt 0.614358 0.448142
vt 0.606224 0.442425
vt 0.613280 0.439891
vt 0.603166 0.445212
vt 0.610906 0.426949
vt 0.609462 0.433927
vt 0.068989 0.185628
vt 0.072400 0.190493
vt 0.619241 0.434072
vt 0.614241 0.431872
vt 0.616508 0.431872
vt 0.598639 0.438285
vt 0.591419 0.451258
vt 0.587060 0.452788
vt 0.587676 0.445781
vt 0.599921 0.453403
vt 0.597465 0.459864
vt 0.591886 0.461319
vt 0.587296 0.464661
vt 0.583230 0.463254
vt 0.582420 0.457917
vt 0.579356 0.468754
vt 0.613789 0.428458
vt 0.578211 0.462533
vt 0.582975 0.448756
vt 0.577377 0.451192
vt 0.576185 0.458611
vt 0.572402 0.452639
vt 0.593734 0.435548
vt 0.591895 0.437758
vt 0.055158 0.192327
vt 0.599158 0.445316
vt 0.594121 0.444752
vt 0.571729 0.465239
vt 0.572744 0.471487
vt 0.567087 0.471070
vt 0.567157 0.476944
vt 0.560201 0.472593
vt 0.569308 0.460485
vt 0.560205 0.464113
vt 0.555941 0.466709
vt 0.017247 0.210541
vt 0.023928 0.211135
vt 0.022067 0.217279
vt 0.029250 0.212665
vt 0.027810 0.206824
vt 0.022792 0.224877
vt 0.028353 0.221869
vt 0.032881 0.223876
vt 0.035012 0.208652
vt 0.067776 0.179322
vt 0.034527 0.216947
vt 0.169911 0.342252
vt 0.178653 0.347534
vt 0.169895 0.354269
vt 0.180542 0.365814
vt 0.171146 0.364540
vt 0.166492 0.351936
vt 0.163741 0.346248
vt 0.950153 0.407250
vt 0.944680 0.402190
vt 0.951640 0.396876
vt 0.174702 0.335821
vt 0.942814 0.409128
vt 0.944657 0.419078
vt 0.933762 0.414188
vt 0.169549 0.337072
vt 0.156331 0.345335
vt 0.159265 0.334161
vt 0.976136 0.416634
vt 0.976210 0.431585
vt 0.970674 0.425146
vt 0.180736 0.380203
vt 0.177366 0.373981
vt 0.129696 0.367307
vt 0.124031 0.371980
vt 0.120795 0.362709
vt 0.128391 0.356797
vt 0.966269 0.409862
vt 0.968066 0.403583
vt 0.970255 0.415008
vt 0.964263 0.417729
vt 0.958851 0.417189
vt 0.974669 0.406402
vt 0.180287 0.390085
vt 0.166183 0.387520
vt 0.964652 0.421976
vt 0.928017 0.404521
vt 0.972991 0.400566
vt 0.931773 0.401964
vt 0.937715 0.401109
vt 0.925595 0.411138
vt 0.934054 0.396477
vt 0.170162 0.396985
vt 0.961928 0.398448
vt 0.958658 0.405372
vt 0.956211 0.390380
vt 0.954840 0.413953
vt 0.134669 0.404950
vt 0.126004 0.402321
vt 0.135466 0.394972
vt 0.946671 0.393133
vt 0.136778 0.359369
vt 0.142720 0.369283
vt 0.133872 0.384180
vt 0.125207 0.379936
vt 0.136876 0.375673
vt 0.138112 0.380019
vt 0.133526 0.349084
vt 0.145780 0.376323
vt 0.147182 0.385102
vt 0.146118 0.365363
vt 0.151481 0.370658
vt 0.144758 0.353529
vt 0.141665 0.388346
vt 0.126878 0.389286
vt 0.124236 0.394613
vt 0.143699 0.396644
vt 0.924930 0.423608
vt 0.930675 0.430338
vt 0.925876 0.431336
vt 0.155311 0.390892
vt 0.157684 0.382269
vt 0.931827 0.434387
vt 0.155409 0.403044
vt 0.142288 0.406222
vt 0.152262 0.354208
vt 0.153791 0.374980
vt 0.163082 0.360762
vt 0.163861 0.367067
vt 0.155827 0.370915
vt 0.162210 0.378731
vt 0.166814 0.372750
vt 0.161972 0.396645
vt 0.154195 0.349832
vt 0.157607 0.354499
vt 0.937577 0.440626
vt 0.926449 0.438477
vt 0.937497 0.428201
vt 0.931339 0.446676
vt 0.950599 0.420430
vt 0.947316 0.432257
vt 0.936577 0.421130
vt 0.969003 0.432797
vt 0.179624 0.359653
vt 0.974076 0.437708
vt 0.930490 0.419661
vt 0.961881 0.432868
vt 0.945909 0.424167
vt 0.125592 0.346560
vt 0.121944 0.346859
vt 0.967493 0.442792
vt 0.136773 0.342481
vt 0.142540 0.334214
vt 0.150330 0.342288
vt 0.972267 0.449934
vt 0.949206 0.441149
vt 0.939876 0.446161
vt 0.943837 0.438527
vt 0.122190 0.353449
vt 0.966484 0.459579
vt 0.965079 0.450101
vt 0.960765 0.443787
vt 0.955879 0.427984
vt 0.954566 0.440338
vt 0.938407 0.449889
vt 0.928411 0.452724
vt 0.923793 0.435846
vt 0.919327 0.441416
vt 0.919724 0.448505
vt 0.959424 0.459576
vt 0.950969 0.457564
vt 0.953107 0.451692
vt 0.942702 0.457768
vt 0.936066 0.455898
vt 0.975911 0.462397
vt 0.978741 0.468726
vt 0.980408 0.473607
vt 0.970585 0.470199
vt 0.496981 0.266653
vt 0.500443 0.266688
vt 0.493976 0.272881
vt 0.935502 0.477560
vt 0.938805 0.483008
vt 0.932067 0.480666
vt 0.500910 0.271028
vt 0.173582 0.329424
vt 0.493901 0.261419
vt 0.972378 0.480884
vt 0.967815 0.478157
vt 0.486335 0.266495
vt 0.490297 0.268855
vt 0.964259 0.468940
vt 0.961110 0.476280
vt 0.507381 0.268677
vt 0.170121 0.325988
vt 0.472533 0.270750
vt 0.479448 0.277664
vt 0.468616 0.273365
vt 0.470775 0.278295
vt 0.502952 0.260651
vt 0.960969 0.481070
vt 0.965960 0.484165
vt 0.160198 0.327235
vt 0.163940 0.324062
vt 0.507998 0.257564
vt 0.501265 0.256032
vt 0.507843 0.259008
vt 0.981214 0.480420
vt 0.975226 0.489001
vt 0.968262 0.490221
vt 0.961620 0.487384
vt 0.958317 0.470175
vt 0.957225 0.465561
vt 0.487137 0.259154
vt 0.479575 0.271234
vt 0.474865 0.262756
vt 0.487370 0.275788
vt 0.481095 0.260096
vt 0.499430 0.253430
vt 0.495220 0.253699
vt 0.457960 0.294329
vt 0.465877 0.293604
vt 0.466019 0.300875
vt 0.493184 0.253494
vt 0.118340 0.301118
vt 0.115383 0.295284
vt 0.121207 0.293271
vt 0.453793 0.323621
vt 0.458243 0.317695
vt 0.460505 0.324097
vt 0.940339 0.474750
vt 0.934293 0.470701
vt 0.943373 0.469360
vt 0.451950 0.314612
vt 0.458937 0.312713
vt 0.459918 0.305823
vt 0.456448 0.302618
vt 0.453713 0.308274
vt 0.481310 0.253156
vt 0.952503 0.470714
vt 0.950726 0.478058
vt 0.488731 0.253989
vt 0.484393 0.248356
vt 0.929393 0.474068
vt 0.479305 0.247591
vt 0.465267 0.311593
vt 0.947650 0.466317
vt 0.946256 0.474836
vt 0.938870 0.465225
vt 0.476371 0.250182
vt 0.472942 0.255445
vt 0.951128 0.481464
vt 0.510630 0.255575
vt 0.512689 0.263730
vt 0.468679 0.261372
vt 0.954265 0.485147
vt 0.943287 0.486979
vt 0.949306 0.489413
vt 0.954407 0.488867
vt 0.466351 0.282647
vt 0.477107 0.284618
vt 0.962706 0.492970
vt 0.960422 0.496072
vt 0.954965 0.494702
vt 0.469707 0.289092
vt 0.914804 0.464146
vt 0.923551 0.468708
vt 0.913380 0.467999
vt 0.471947 0.296586
vt 0.477474 0.292413
vt 0.482931 0.287600
vt 0.484104 0.295269
vt 0.478071 0.297361
vt 0.474892 0.304100
vt 0.478787 0.303333
vt 0.967051 0.496103
vt 0.485636 0.300127
vt 0.489289 0.288146
vt 0.487924 0.295314
vt 0.940399 0.481413
vt 0.948571 0.491602
vt 0.512532 0.256281
vt 0.947106 0.494642
vt 0.941307 0.488920
vt 0.915389 0.468484
vt 0.493686 0.281470
vt 0.485683 0.281040
vt 0.114345 0.319622
vt 0.109461 0.316636
vt 0.114774 0.313659
vt 0.497199 0.276620
vt 0.935973 0.486017
vt 0.927359 0.463440
vt 0.914465 0.457088
vt 0.918533 0.456816
vt 0.982704 0.489826
vt 0.913936 0.460911
vt 0.155517 0.329527
vt 0.155197 0.323289
vt 0.106859 0.297873
vt 0.112995 0.305015
vt 0.930149 0.455406
vt 0.119766 0.308502
vt 0.151658 0.332646
vt 0.149783 0.325264
vt 0.122886 0.320387
vt 0.118644 0.323758
vt 0.109404 0.310306
vt 0.122265 0.325173
vt 0.125364 0.327769
vt 0.121012 0.314562
vt 0.124409 0.305465
vt 0.124033 0.299314
vt 0.465176 0.321488
vt 0.127758 0.313194
vt 0.128365 0.302487
vt 0.131018 0.308827
vt 0.144333 0.328887
vt 0.137631 0.328439
vt 0.128452 0.322261
vt 0.134471 0.315250
vt 0.136391 0.321613
vt 0.129641 0.336494
vt 0.120349 0.337359
vt 0.128817 0.331829
vt 0.111912 0.342422
vt 0.120819 0.331214
vt 0.110801 0.332741
vt 0.132403 0.326640
vt 0.135484 0.333531
vt 0.469381 0.307561
vt 0.463696 0.316114
vt 0.473524 0.317150
vt 0.472076 0.322361
vt 0.478547 0.308522
vt 0.479174 0.316146
vt 0.479620 0.322516
vt 0.489804 0.315183
vt 0.485160 0.318130
vt 0.483886 0.309523
vt 0.488689 0.305391
vt 0.492533 0.313198
vt 0.976117 0.493974
vt 0.144003 0.324636
vt 0.486239 0.325110
vt 0.147806 0.333524
vt 0.493466 0.320621
vt 0.497429 0.316388
vt 0.982063 0.495692
vt 0.114154 0.354301
vt 0.123768 0.401259
vt 0.122730 0.411982
vt 0.118141 0.412230
vt 0.117309 0.380513
vt 0.121281 0.391079
vt 0.131163 0.407254
vt 0.108675 0.348554
vt 0.110178 0.403148
vt 0.110541 0.324986
vt 0.106791 0.357678
vt 0.100069 0.351502
vt 0.104681 0.343011
vt 0.098329 0.339129
vt 0.097332 0.333345
vt 0.104980 0.352702
vt 0.095290 0.304421
vt 0.101487 0.298640
vt 0.097408 0.314640
vt 0.102151 0.308433
vt 0.103822 0.305266
vt 0.076550 0.356622
vt 0.069533 0.363808
vt 0.064636 0.352577
vt 0.079283 0.366904
vt 0.082943 0.361402
vt 0.088061 0.366951
vt 0.104181 0.322034
vt 0.074255 0.370123
vt 0.094936 0.362792
vt 0.089334 0.353902
vt 0.090521 0.314766
vt 0.097838 0.324923
vt 0.103728 0.361207
vt 0.076629 0.378970
vt 0.068304 0.374293
vt 0.111432 0.367209
vt 0.078228 0.389597
vt 0.068553 0.382429
vt 0.088024 0.386683
vt 0.090240 0.396415
vt 0.081205 0.401644
vt 0.087744 0.380454
vt 0.084815 0.372690
vt 0.098253 0.394428
vt 0.086126 0.407865
vt 0.093546 0.411025
vt 0.085121 0.414766
vt 0.112473 0.396985
vt 0.107285 0.397898
vt 0.109909 0.387087
vt 0.093009 0.349011
vt 0.090043 0.344641
vt 0.089764 0.337854
vt 0.088124 0.328007
vt 0.095305 0.401658
vt 0.085266 0.334188
vt 0.090306 0.359611
vt 0.085188 0.347137
vt 0.060900 0.317026
vt 0.055664 0.321607
vt 0.067182 0.323252
vt 0.057303 0.325134
vt 0.065514 0.332225
vt 0.107955 0.379013
vt 0.067643 0.340791
vt 0.059138 0.344044
vt 0.060314 0.338506
vt 0.069177 0.319265
vt 0.075618 0.338395
vt 0.075487 0.315151
vt 0.077659 0.322953
vt 0.073425 0.327113
vt 0.078089 0.345713
vt 0.077734 0.350995
vt 0.080014 0.340894
vt 0.078419 0.310233
vt 0.085344 0.309236
vt 0.085529 0.315085
vt 0.107811 0.366847
vt 0.104568 0.406639
vt 0.097760 0.373789
vt 0.098581 0.364755
vt 0.097165 0.383747
vt 0.101304 0.394182
vt 0.102742 0.386099
vt 0.103394 0.378434
vt 0.104615 0.413374
vt 0.109823 0.408656
vt 0.969387 0.332923
vt 0.972621 0.321725
vt 0.973339 0.331907
vt 0.966108 0.327324
vt 0.958244 0.328868
vt 0.958279 0.324583
vt 0.964396 0.322724
vt 0.956197 0.324095
vt 0.953159 0.328478
vt 0.957031 0.316149
vt 0.969088 0.312248
vt 0.962666 0.311214
vt 0.965476 0.307413
vt 0.973821 0.340256
vt 0.970385 0.343678
vt 0.982704 0.346242
vt 0.972690 0.349060
vt 0.963426 0.347519
vt 0.969304 0.357768
vt 0.970208 0.352472
vt 0.969428 0.364041
vt 0.980996 0.364534
vt 0.963475 0.355702
vt 0.963234 0.363601
vt 0.961343 0.308582
vt 0.970055 0.371195
vt 0.978292 0.369356
vt 0.964325 0.392092
vt 0.967052 0.385217
vt 0.135493 0.416155
vt 0.148937 0.412347
vt 0.964287 0.377654
vt 0.972012 0.376546
vt 0.955539 0.372555
vt 0.958361 0.364517
vt 0.973081 0.392489
vt 0.156834 0.414038
vt 0.159433 0.412365
vt 0.970800 0.385592
vt 0.167142 0.409215
vt 0.186508 0.463202
vt 0.185436 0.473123
vt 0.179180 0.470642
vt 0.181322 0.460316
vt 0.969782 0.319814
vt 0.955646 0.383151
vt 0.966624 0.317933
vt 0.179846 0.410121
vt 0.178894 0.403163
vt 0.962782 0.333025
vt 0.959262 0.339214
vt 0.961680 0.343603
vt 0.952132 0.331630
vt 0.951157 0.336688
vt 0.182835 0.480066
vt 0.173753 0.477294
vt 0.952641 0.338359
vt 0.149815 0.465842
vt 0.146033 0.471348
vt 0.142657 0.467631
vt 0.956660 0.346341
vt 0.946548 0.345837
vt 0.949342 0.349817
vt 0.953260 0.355770
vt 0.973340 0.314088
vt 0.961665 0.315460
vt 0.961144 0.313251
vt 0.017500 0.880180
vt 0.021910 0.883696
vt 0.016847 0.883865
vt 0.947647 0.351335
vt 0.949867 0.340956
vt 0.143593 0.434429
vt 0.136478 0.439863
vt 0.132995 0.427663
vt 0.169732 0.485033
vt 0.178745 0.486732
vt 0.167592 0.495810
vt 0.165194 0.488172
vt 0.173333 0.488886
vt 0.972090 0.306165
vt 0.140938 0.456614
vt 0.136135 0.448843
vt 0.145810 0.452369
vt 0.180254 0.492699
vt 0.146409 0.444456
vt 0.173749 0.498989
vt 0.178052 0.497502
vt 0.149752 0.458223
vt 0.950750 0.365862
vt 0.944566 0.359222
vt 0.944695 0.362972
vt 0.945218 0.355612
vt 0.941320 0.365950
vt 0.945885 0.369378
vt 0.951078 0.388240
vt 0.950746 0.380660
vt 0.945057 0.380115
vt 0.942294 0.369672
vt 0.940498 0.372635
vt 0.943009 0.386830
vt 0.940193 0.375931
vt 0.937618 0.379326
vt 0.150661 0.486466
vt 0.145022 0.488650
vt 0.142243 0.484580
vt 0.152498 0.470858
vt 0.148068 0.489617
vt 0.144977 0.493646
vt 0.154232 0.462053
vt 0.156970 0.470061
vt 0.158775 0.452724
vt 0.163602 0.462646
vt 0.148287 0.476437
vt 0.169888 0.469301
vt 0.164453 0.476300
vt 0.180976 0.395813
vt 0.171732 0.460034
vt 0.968808 0.395919
vt 0.139011 0.423191
vt 0.150642 0.422902
vt 0.150572 0.432424
vt 0.152707 0.430049
vt 0.161865 0.437699
vt 0.155222 0.441761
vt 0.155609 0.448876
vt 0.162928 0.423756
vt 0.175554 0.418223
vt 0.164008 0.454158
vt 0.170854 0.434056
vt 0.173417 0.427108
vt 0.173223 0.432310
vt 0.173279 0.440735
vt 0.169643 0.446905
vt 0.174415 0.451075
vt 0.982083 0.355922
vt 0.978929 0.334786
vt 0.934098 0.386742
vt 0.936857 0.388312
vt 0.149980 0.493248
vt 0.157765 0.484228
vt 0.155843 0.493796
vt 0.151840 0.496561
vt 0.160737 0.492162
vt 0.162986 0.493344
vt 0.166425 0.492230
vt 0.165316 0.498002
vt 0.141804 0.490520
vt 0.138239 0.481534
vt 0.134956 0.460322
vt 0.128151 0.452210
vt 0.137857 0.466350
vt 0.136899 0.470059
vt 0.132720 0.465743
vt 0.138207 0.487530
vt 0.132729 0.471738
vt 0.139467 0.488071
vt 0.135269 0.488478
vt 0.135364 0.486232
vt 0.130570 0.489981
vt 0.125633 0.488841
vt 0.130391 0.477875
vt 0.128604 0.485404
vt 0.125954 0.480729
vt 0.128476 0.471584
vt 0.126188 0.464362
vt 0.124459 0.485083
vt 0.117938 0.483019
vt 0.082436 0.423081
vt 0.087495 0.419771
vt 0.093694 0.420427
vt 0.091495 0.426993
vt 0.118086 0.477978
vt 0.098994 0.425977
vt 0.115830 0.485630
vt 0.100428 0.420164
vt 0.102100 0.416596
vt 0.123381 0.471614
vt 0.121190 0.458330
vt 0.127225 0.447120
vt 0.119900 0.469623
vt 0.127200 0.433615
vt 0.117136 0.465108
vt 0.112409 0.468076
vt 0.090542 0.446668
vt 0.087716 0.439304
vt 0.096275 0.443175
vt 0.092615 0.455498
vt 0.083030 0.452582
vt 0.103655 0.453059
vt 0.105667 0.439967
vt 0.128600 0.421452
vt 0.116460 0.440362
vt 0.123751 0.426378
vt 0.118482 0.446688
vt 0.118347 0.453563
vt 0.090128 0.465172
vt 0.088682 0.459501
vt 0.097518 0.460113
vt 0.092584 0.473534
vt 0.089028 0.469759
vt 0.095158 0.468599
vt 0.088497 0.475659
vt 0.096052 0.464087
vt 0.097085 0.472588
vt 0.095867 0.475434
vt 0.091981 0.478278
vt 0.100925 0.472020
vt 0.102451 0.466756
vt 0.106111 0.463906
vt 0.098002 0.477060
vt 0.111141 0.463985
vt 0.104747 0.461216
vt 0.098932 0.480446
vt 0.106784 0.473916
vt 0.104985 0.476706
vt 0.105216 0.480743
vt 0.108812 0.481524
vt 0.111310 0.480705
vt 0.117471 0.417528
vt 0.088384 0.433830
vt 0.084220 0.431215
vt 0.093602 0.433146
vt 0.110146 0.447176
vt 0.112483 0.456725
vt 0.100934 0.435881
vt 0.106094 0.429997
vt 0.106854 0.421789
vt 0.110896 0.421349
vt 0.115205 0.432665
vt 0.113849 0.426254
vt 0.109015 0.415263
vt 0.114670 0.414854
vt 0.112912 0.473977
vt 0.395794 0.271491
vt 0.400464 0.274299
vt 0.396374 0.275503
vt 0.391346 0.270590
vt 0.385183 0.268924
vt 0.386635 0.264587
vt 0.124702 0.173204
vt 0.134026 0.175935
vt 0.126754 0.180135
vt 0.130487 0.168867
vt 0.123237 0.168394
vt 0.414676 0.262339
vt 0.419275 0.259440
vt 0.425875 0.262944
vt 0.419677 0.239056
vt 0.429551 0.240459
vt 0.428247 0.244489
vt 0.141034 0.115609
vt 0.134588 0.125356
vt 0.136252 0.116925
vt 0.421550 0.245249
vt 0.431694 0.230868
vt 0.423925 0.231935
vt 0.422906 0.230081
vt 0.403090 0.267858
vt 0.405539 0.272155
vt 0.127738 0.120483
vt 0.408977 0.266101
vt 0.403934 0.260351
vt 0.407054 0.248575
vt 0.413778 0.252785
vt 0.407587 0.253127
vt 0.413518 0.269863
vt 0.397471 0.266052
vt 0.135388 0.113159
vt 0.411045 0.258085
vt 0.110135 0.143803
vt 0.118532 0.139916
vt 0.117733 0.147030
vt 0.122421 0.144291
vt 0.393705 0.261577
vt 0.389542 0.256110
vt 0.392213 0.249599
vt 0.399305 0.254013
vt 0.395254 0.257164
vt 0.116611 0.150992
vt 0.393033 0.243743
vt 0.398588 0.246165
vt 0.122820 0.124919
vt 0.128093 0.132304
vt 0.107778 0.147237
vt 0.111780 0.155776
vt 0.106566 0.155401
vt 0.396018 0.240681
vt 0.109860 0.160754
vt 0.422459 0.254486
vt 0.406880 0.237785
vt 0.404278 0.243300
vt 0.410813 0.240462
vt 0.142401 0.130061
vt 0.146731 0.123308
vt 0.146981 0.129095
vt 0.075410 0.180748
vt 0.076151 0.186044
vt 0.138036 0.131000
vt 0.079428 0.182977
vt 0.135191 0.134631
vt 0.130972 0.152425
vt 0.127085 0.157929
vt 0.123909 0.150245
vt 0.136819 0.172082
vt 0.135392 0.162746
vt 0.127108 0.163895
vt 0.141994 0.164391
vt 0.122902 0.138629
vt 0.123380 0.133769
vt 0.094441 0.170964
vt 0.093029 0.177143
vt 0.090997 0.169049
vt 0.141421 0.156998
vt 0.134663 0.155862
vt 0.077865 0.175687
vt 0.085565 0.183434
vt 0.144517 0.136038
vt 0.086632 0.179091
vt 0.120839 0.162484
vt 0.139147 0.141088
vt 0.139858 0.151142
vt 0.132317 0.146600
vt 0.088537 0.173572
vt 0.119924 0.155138
vt 0.148647 0.152494
vt 0.146181 0.158132
vt 0.152635 0.150809
vt 0.146863 0.146214
vt 0.153671 0.138210
vt 0.147494 0.141677
vt 0.408231 0.289880
vt 0.405431 0.282368
vt 0.415442 0.285416
vt 0.101726 0.163825
vt 0.105242 0.161566
vt 0.106005 0.165890
vt 0.152140 0.133468
vt 0.100573 0.167282
vt 0.098699 0.172154
vt 0.096640 0.168147
vt 0.115698 0.160832
vt 0.158714 0.146018
vt 0.399945 0.312892
vt 0.400822 0.308549
vt 0.406101 0.311779
vt 0.100192 0.157166
vt 0.112920 0.166229
vt 0.412675 0.273729
vt 0.407256 0.276449
vt 0.419018 0.267608
vt 0.412472 0.223799
vt 0.416713 0.228736
vt 0.411603 0.232594
vt 0.420799 0.272355
vt 0.413165 0.280564
vt 0.082391 0.188955
vt 0.077913 0.191667
vt 0.130349 0.138331
vt 0.108585 0.244095
vt 0.102200 0.236932
vt 0.110201 0.237233
vt 0.406449 0.230446
vt 0.399943 0.234143
vt 0.403978 0.226961
vt 0.079860 0.195759
vt 0.398194 0.222549
vt 0.406716 0.221114
vt 0.087009 0.196276
vt 0.082406 0.199895
vt 0.080902 0.207917
vt 0.087132 0.217083
vt 0.083582 0.212218
vt 0.086997 0.208478
vt 0.084781 0.204146
vt 0.161755 0.134401
vt 0.155175 0.128833
vt 0.154590 0.122593
vt 0.152647 0.119366
vt 0.158430 0.123134
vt 0.398787 0.217787
vt 0.402110 0.219561
vt 0.101322 0.241488
vt 0.093185 0.245598
vt 0.096199 0.237054
vt 0.156043 0.124013
vt 0.418371 0.234846
vt 0.087659 0.231740
vt 0.087477 0.226166
vt 0.090571 0.239891
vt 0.092835 0.227008
vt 0.163804 0.130162
vt 0.163129 0.124262
vt 0.096497 0.230192
vt 0.150583 0.117743
vt 0.410046 0.304260
vt 0.401467 0.303888
vt 0.144359 0.118841
vt 0.146368 0.117133
vt 0.389319 0.309297
vt 0.394109 0.312366
vt 0.384114 0.313078
vt 0.406718 0.301617
vt 0.098819 0.177003
vt 0.095866 0.183488
vt 0.092258 0.187305
vt 0.087423 0.191761
vt 0.094924 0.193959
vt 0.099714 0.183739
vt 0.096837 0.199498
vt 0.100215 0.190681
vt 0.104855 0.189709
vt 0.103162 0.194831
vt 0.107298 0.169670
vt 0.110476 0.171946
vt 0.103510 0.174302
vt 0.107421 0.178499
vt 0.116026 0.179086
vt 0.106302 0.182624
vt 0.108957 0.165376
vt 0.117812 0.171699
vt 0.121495 0.178680
vt 0.120617 0.184852
vt 0.122944 0.189406
vt 0.110141 0.185954
vt 0.109746 0.191659
vt 0.116880 0.189520
vt 0.105939 0.199854
vt 0.115366 0.194115
vt 0.110784 0.199090
vt 0.118873 0.200312
vt 0.379745 0.274790
vt 0.387860 0.276465
vt 0.391646 0.283050
vt 0.401026 0.292026
vt 0.404227 0.296189
vt 0.387769 0.290130
vt 0.393348 0.292358
vt 0.378469 0.284083
vt 0.386521 0.284094
vt 0.400004 0.280554
vt 0.402393 0.286694
vt 0.395794 0.286775
vt 0.385385 0.295510
vt 0.390964 0.298640
vt 0.385339 0.304400
vt 0.396666 0.298235
vt 0.395704 0.305399
vt 0.391695 0.305789
vt 0.403517 0.299329
vt 0.377446 0.295166
vt 0.380604 0.299525
vt 0.381169 0.287995
vt 0.088982 0.201539
vt 0.094707 0.201038
vt 0.093013 0.203672
vt 0.093476 0.209062
vt 0.090684 0.212077
vt 0.099155 0.206622
vt 0.104005 0.206051
vt 0.093519 0.219473
vt 0.098828 0.224698
vt 0.092721 0.216454
vt 0.097067 0.216658
vt 0.100278 0.230147
vt 0.105532 0.226906
vt 0.106585 0.231468
vt 0.098735 0.212342
vt 0.104687 0.221225
vt 0.104783 0.214991
vt 0.109267 0.219681
vt 0.113807 0.229234
vt 0.116367 0.235239
vt 0.107796 0.204815
vt 0.114152 0.207265
vt 0.110292 0.211805
vt 0.377855 0.308687
vt 0.376863 0.303143
vt 0.413732 0.297868
vt 0.110491 0.135170
vt 0.118664 0.132115
vt 0.111310 0.140675
vt 0.069268 0.164963
vt 0.068845 0.159292
vt 0.116077 0.127552
vt 0.130378 0.109301
vt 0.118134 0.115038
vt 0.133948 0.109558
vt 0.066442 0.167680
vt 0.120939 0.107811
vt 0.110892 0.113751
vt 0.119685 0.118910
vt 0.110534 0.130139
vt 0.116327 0.121608
vt 0.125329 0.108278
vt 0.120745 0.103828
vt 0.114233 0.105133
vt 0.124023 0.110199
vt 0.109028 0.120708
vt 0.076107 0.166764
vt 0.079618 0.169681
vt 0.071551 0.169378
vt 0.072174 0.164526
vt 0.073319 0.157460
vt 0.053936 0.102103
vt 0.097027 0.161451
vt 0.094128 0.158018
vt 0.097792 0.153598
vt 0.069720 0.155116
vt 0.072821 0.148385
vt 0.102973 0.152869
vt 0.057645 0.102355
vt 0.060565 0.101551
vt 0.062003 0.107730
vt 0.066819 0.105873
vt 0.060661 0.099579
vt 0.065519 0.098872
vt 0.062674 0.117603
vt 0.058531 0.120754
vt 0.065804 0.114315
vt 0.069461 0.120875
vt 0.064934 0.124385
vt 0.090252 0.155466
vt 0.091683 0.162559
vt 0.092517 0.151199
vt 0.085044 0.173880
vt 0.086450 0.169890
vt 0.071896 0.173635
vt 0.082413 0.171528
vt 0.071869 0.181080
vt 0.059494 0.125155
vt 0.069727 0.126981
vt 0.063894 0.129628
vt 0.065965 0.133083
vt 0.064638 0.137890
vt 0.070793 0.132761
vt 0.082849 0.166074
vt 0.087224 0.164878
vt 0.077189 0.163323
vt 0.066609 0.145384
vt 0.063423 0.146278
vt 0.069978 0.143553
vt 0.072226 0.137755
vt 0.067030 0.149373
vt 0.070640 0.149206
vt 0.087010 0.151671
vt 0.086266 0.158267
vt 0.081464 0.150941
vt 0.081414 0.163668
vt 0.068718 0.099669
vt 0.068570 0.096333
vt 0.073106 0.106078
vt 0.073138 0.094367
vt 0.077382 0.108609
vt 0.075292 0.116025
vt 0.079707 0.158680
vt 0.074840 0.092266
vt 0.079202 0.153275
vt 0.080448 0.111632
vt 0.080040 0.102423
vt 0.084363 0.121215
vt 0.074102 0.125145
vt 0.079782 0.099935
vt 0.083860 0.108471
vt 0.081783 0.123822
vt 0.084503 0.102053
vt 0.086440 0.113213
vt 0.092092 0.106303
vt 0.091877 0.107000
vt 0.088547 0.103391
vt 0.089921 0.119449
vt 0.091195 0.114757
vt 0.089882 0.127478
vt 0.084623 0.126961
vt 0.094027 0.123407
vt 0.096141 0.113145
vt 0.093129 0.102975
vt 0.099281 0.116158
vt 0.099913 0.106616
vt 0.103240 0.112424
vt 0.102838 0.119822
vt 0.104570 0.123372
vt 0.098181 0.121927
vt 0.100981 0.103045
vt 0.105174 0.102399
vt 0.106809 0.106111
vt 0.099232 0.126159
vt 0.109605 0.103853
vt 0.107466 0.129969
vt 0.077329 0.129020
vt 0.075554 0.135190
vt 0.074903 0.140401
vt 0.081471 0.138604
vt 0.080852 0.130785
vt 0.091537 0.134380
vt 0.087491 0.133894
vt 0.090259 0.138571
vt 0.076309 0.148296
vt 0.078957 0.144744
vt 0.082422 0.144311
vt 0.089586 0.144930
vt 0.092757 0.141309
vt 0.085445 0.147575
vt 0.093569 0.130727
vt 0.100546 0.129535
vt 0.097271 0.128542
vt 0.099244 0.134193
vt 0.099264 0.138179
vt 0.106919 0.138178
vt 0.103037 0.141996
vt 0.097420 0.144538
vt 0.097720 0.149618
vt 0.102959 0.147354
vt 0.456747 0.269305
vt 0.463420 0.266843
vt 0.457110 0.276026
vt 0.117215 0.259857
vt 0.110809 0.252827
vt 0.118405 0.254472
vt 0.440480 0.268074
vt 0.431614 0.266849
vt 0.432079 0.261473
vt 0.449237 0.275278
vt 0.447228 0.271241
vt 0.454341 0.264100
vt 0.449115 0.262894
vt 0.455521 0.259367
vt 0.441305 0.261305
vt 0.441341 0.273094
vt 0.437175 0.271610
vt 0.429686 0.270826
vt 0.462253 0.259362
vt 0.425093 0.269093
vt 0.421009 0.281335
vt 0.428134 0.278283
vt 0.428302 0.284772
vt 0.438850 0.279392
vt 0.433859 0.281539
vt 0.432131 0.290205
vt 0.439891 0.289716
vt 0.460008 0.279607
vt 0.406373 0.315578
vt 0.446706 0.283339
vt 0.117297 0.243045
vt 0.119968 0.247956
vt 0.453991 0.280931
vt 0.453580 0.287927
vt 0.459576 0.285158
vt 0.448200 0.292188
vt 0.099296 0.247448
vt 0.105130 0.249817
vt 0.098560 0.256675
vt 0.447801 0.257921
vt 0.432529 0.257133
vt 0.437096 0.254421
vt 0.454428 0.254054
vt 0.451090 0.247248
vt 0.460367 0.243872
vt 0.449033 0.251462
vt 0.429721 0.250617
vt 0.471174 0.249257
vt 0.464872 0.244754
vt 0.466813 0.244400
vt 0.095970 0.252371
vt 0.098281 0.263398
vt 0.094277 0.262988
vt 0.098365 0.268333
vt 0.104755 0.258449
vt 0.460177 0.242858
vt 0.466061 0.252561
vt 0.100925 0.274955
vt 0.469848 0.242756
vt 0.455157 0.240218
vt 0.459817 0.253977
vt 0.109718 0.259461
vt 0.099867 0.278705
vt 0.104074 0.286791
vt 0.104108 0.290901
vt 0.109007 0.279869
vt 0.110838 0.290898
vt 0.472223 0.247095
vt 0.434640 0.308208
vt 0.436156 0.305035
vt 0.445995 0.306709
vt 0.444981 0.314250
vt 0.449533 0.309137
vt 0.445703 0.318027
vt 0.438820 0.314986
vt 0.435816 0.320066
vt 0.433117 0.312719
vt 0.436582 0.243958
vt 0.433120 0.238550
vt 0.435914 0.250207
vt 0.443615 0.250429
vt 0.451475 0.238386
vt 0.446893 0.237251
vt 0.447738 0.234761
vt 0.438924 0.235722
vt 0.441356 0.236821
vt 0.427947 0.317373
vt 0.426509 0.312561
vt 0.435609 0.230969
vt 0.432970 0.233005
vt 0.450385 0.299426
vt 0.106663 0.265051
vt 0.109431 0.269808
vt 0.116318 0.263626
vt 0.416540 0.318355
vt 0.411266 0.316093
vt 0.416247 0.311446
vt 0.420903 0.319492
vt 0.122226 0.267827
vt 0.116786 0.267843
vt 0.113360 0.274308
vt 0.110866 0.285832
vt 0.116071 0.283574
vt 0.116141 0.273664
vt 0.442904 0.300731
vt 0.443783 0.295481
vt 0.116408 0.289609
vt 0.119054 0.275708
vt 0.442474 0.321240
vt 0.118811 0.271338
vt 0.119654 0.282148
vt 0.120283 0.286089
vt 0.446373 0.322714
vt 0.416952 0.292140
vt 0.420001 0.296075
vt 0.428829 0.298248
vt 0.424840 0.292118
vt 0.424046 0.299906
vt 0.435549 0.297650
vt 0.426738 0.304939
vt 0.421188 0.303549
vt 0.421902 0.310202
vt 0.083043 0.442067
vt 0.045145 0.451095
vt 0.042914 0.448134
vt 0.049089 0.452418
vt 0.050232 0.442503
vt 0.050054 0.457736
vt 0.043704 0.458034
vt 0.053123 0.446607
vt 0.077274 0.441508
vt 0.081057 0.434917
vt 0.043447 0.446165
vt 0.043805 0.439364
vt 0.559618 0.351947
vt 0.078588 0.429845
vt 0.073803 0.435652
vt 0.054066 0.454586
vt 0.523333 0.373798
vt 0.067441 0.441448
vt 0.071202 0.446309
vt 0.068917 0.427240
vt 0.066978 0.433578
vt 0.063488 0.434809
vt 0.518842 0.380306
vt 0.052714 0.329857
vt 0.046203 0.327264
vt 0.051161 0.322375
vt 0.050380 0.344998
vt 0.047059 0.335847
vt 0.514236 0.382831
vt 0.526432 0.367124
vt 0.058002 0.446826
vt 0.039571 0.321727
vt 0.054665 0.333914
vt 0.054040 0.350948
vt 0.083849 0.448980
vt 0.083238 0.445157
vt 0.083770 0.469304
vt 0.081287 0.464991
vt 0.085162 0.474070
vt 0.513952 0.376056
vt 0.078529 0.459815
vt 0.081319 0.471043
vt 0.076335 0.471126
vt 0.073967 0.467923
vt 0.074322 0.453008
vt 0.074766 0.461096
vt 0.069700 0.461076
vt 0.069250 0.468751
vt 0.527739 0.303788
vt 0.532570 0.304491
vt 0.527020 0.311865
vt 0.521793 0.305065
vt 0.532987 0.307747
vt 0.526705 0.302384
vt 0.519559 0.312042
vt 0.550827 0.330482
vt 0.550934 0.335197
vt 0.541366 0.338137
vt 0.554656 0.341621
vt 0.543894 0.347853
vt 0.538358 0.329533
vt 0.544874 0.328317
vt 0.550181 0.338492
vt 0.542007 0.325803
vt 0.535719 0.337349
vt 0.529566 0.343126
vt 0.535467 0.345879
vt 0.530209 0.332686
vt 0.553088 0.345115
vt 0.550483 0.350245
vt 0.559109 0.348730
vt 0.533616 0.352352
vt 0.540592 0.353681
vt 0.078431 0.446456
vt 0.530418 0.317424
vt 0.538544 0.319871
vt 0.535156 0.323302
vt 0.527983 0.326970
vt 0.541119 0.308788
vt 0.537822 0.316602
vt 0.539778 0.322998
vt 0.525568 0.318747
vt 0.522242 0.320512
vt 0.534091 0.311395
vt 0.514505 0.312279
vt 0.515762 0.306032
vt 0.523722 0.349843
vt 0.527849 0.350881
vt 0.521798 0.339600
vt 0.508201 0.306068
vt 0.510274 0.315773
vt 0.534815 0.361343
vt 0.518064 0.345171
vt 0.527367 0.357778
vt 0.513939 0.351744
vt 0.519728 0.358547
vt 0.510978 0.359755
vt 0.511423 0.342723
vt 0.031447 0.342965
vt 0.031031 0.348111
vt 0.026241 0.349233
vt 0.032805 0.354181
vt 0.027413 0.358038
vt 0.518145 0.366080
vt 0.513126 0.370007
vt 0.037130 0.346631
vt 0.036513 0.334091
vt 0.036779 0.339653
vt 0.043292 0.341793
vt 0.519403 0.333151
vt 0.041857 0.353806
vt 0.514200 0.322681
vt 0.512111 0.327937
vt 0.512614 0.333143
vt 0.513496 0.339395
vt 0.508331 0.334736
vt 0.034153 0.386948
vt 0.027824 0.383374
vt 0.031107 0.380342
vt 0.504937 0.326701
vt 0.036458 0.380009
vt 0.036298 0.369034
vt 0.040493 0.374981
vt 0.032721 0.373569
vt 0.029766 0.366090
vt 0.033573 0.360804
vt 0.039157 0.361637
vt 0.047576 0.362703
vt 0.045958 0.357053
vt 0.044540 0.380718
vt 0.049000 0.373801
vt 0.526700 0.298839
vt 0.060760 0.441715
vt 0.067232 0.450834
vt 0.068014 0.446772
vt 0.038122 0.328268
vt 0.062290 0.430697
vt 0.059430 0.432870
vt 0.059396 0.466148
vt 0.062679 0.462704
vt 0.224725 0.824778
vt 0.223831 0.818388
vt 0.228159 0.821571
vt 0.232589 0.828163
vt 0.228424 0.832957
vt 0.219298 0.827970
vt 0.226666 0.840403
vt 0.217338 0.832405
vt 0.226579 0.814034
vt 0.231577 0.819753
vt 0.216776 0.839493
vt 0.215782 0.834663
vt 0.037453 0.446321
vt 0.057034 0.441332
vt 0.055601 0.435876
vt 0.522140 0.297081
vt 0.513183 0.297418
vt 0.523600 0.291570
vt 0.230547 0.800052
vt 0.232784 0.798150
vt 0.234141 0.799203
vt 0.231323 0.794125
vt 0.241575 0.798215
vt 0.240304 0.804014
vt 0.504412 0.298206
vt 0.246997 0.803690
vt 0.235842 0.809983
vt 0.227782 0.807144
vt 0.226086 0.802506
vt 0.231815 0.804233
vt 0.229205 0.811426
vt 0.244115 0.806670
vt 0.240068 0.813948
vt 0.235942 0.822136
vt 0.038782 0.408769
vt 0.034324 0.412291
vt 0.032775 0.404013
vt 0.038730 0.427329
vt 0.037036 0.421090
vt 0.043674 0.424052
vt 0.045169 0.416477
vt 0.039501 0.433379
vt 0.045287 0.434331
vt 0.035270 0.398201
vt 0.031508 0.399976
vt 0.047318 0.430968
vt 0.029492 0.392317
vt 0.051977 0.432413
vt 0.041559 0.388475
vt 0.039746 0.396023
vt 0.041682 0.403536
vt 0.046746 0.407164
vt 0.047917 0.394886
vt 0.049613 0.386701
vt 0.054444 0.394244
vt 0.045857 0.398435
vt 0.049232 0.401043
vt 0.055371 0.407518
vt 0.059173 0.401382
vt 0.050432 0.423143
vt 0.049697 0.418477
vt 0.053029 0.426795
vt 0.056533 0.420886
vt 0.055051 0.430072
vt 0.052028 0.411732
vt 0.056692 0.414768
vt 0.061676 0.421649
vt 0.063002 0.410998
vt 0.049251 0.351663
vt 0.053355 0.360887
vt 0.055748 0.368821
vt 0.059720 0.376815
vt 0.059085 0.358784
vt 0.064935 0.360636
vt 0.063117 0.368587
vt 0.064272 0.451536
vt 0.062915 0.445513
vt 0.060539 0.391607
vt 0.056400 0.384763
vt 0.071122 0.396977
vt 0.068361 0.404120
vt 0.067391 0.417697
vt 0.072052 0.418443
vt 0.076162 0.423885
vt 0.074367 0.412745
vt 0.064006 0.458604
vt 0.058993 0.455564
vt 0.051477 0.462154
vt 0.054289 0.465910
vt 0.410188 0.200968
vt 0.401338 0.197826
vt 0.405574 0.195532
vt 0.408226 0.204498
vt 0.396467 0.200684
vt 0.395455 0.192497
vt 0.415566 0.153261
vt 0.408673 0.146502
vt 0.416530 0.145034
vt 0.407077 0.155483
vt 0.413466 0.158286
vt 0.407903 0.166054
vt 0.401548 0.162488
vt 0.407800 0.159556
vt 0.403064 0.151601
vt 0.392283 0.143040
vt 0.403280 0.139109
vt 0.457790 0.195296
vt 0.460439 0.202039
vt 0.454920 0.198550
vt 0.427497 0.152611
vt 0.463127 0.195738
vt 0.446040 0.190479
vt 0.452035 0.191541
vt 0.423172 0.160043
vt 0.462697 0.190711
vt 0.470362 0.195681
vt 0.455204 0.184828
vt 0.447373 0.181400
vt 0.448811 0.172475
vt 0.439180 0.198323
vt 0.446304 0.200144
vt 0.441052 0.188452
vt 0.412773 0.139497
vt 0.396866 0.159366
vt 0.392293 0.160785
vt 0.410387 0.188719
vt 0.406678 0.180152
vt 0.413496 0.188057
vt 0.423090 0.146494
vt 0.441725 0.176458
vt 0.434582 0.193916
vt 0.432273 0.197933
vt 0.428159 0.199847
vt 0.423454 0.202391
vt 0.416882 0.197744
vt 0.425978 0.191983
vt 0.388555 0.153176
vt 0.414337 0.201413
vt 0.431621 0.186577
vt 0.424927 0.183448
vt 0.427094 0.181332
vt 0.419699 0.140921
vt 0.419444 0.192443
vt 0.416938 0.184293
vt 0.423839 0.168466
vt 0.417244 0.175884
vt 0.417199 0.168179
vt 0.147648 0.054824
vt 0.143512 0.050206
vt 0.152026 0.048457
vt 0.158577 0.045777
vt 0.145595 0.045613
vt 0.160563 0.049418
vt 0.153943 0.052006
vt 0.154031 0.059006
vt 0.159866 0.059251
vt 0.161975 0.053926
vt 0.408952 0.130456
vt 0.400006 0.132992
vt 0.398918 0.120872
vt 0.405235 0.125985
vt 0.389583 0.124504
vt 0.393884 0.135763
vt 0.149335 0.059483
vt 0.170467 0.052861
vt 0.386582 0.137477
vt 0.165908 0.056003
vt 0.167442 0.062736
vt 0.169952 0.059260
vt 0.178967 0.054277
vt 0.394755 0.148953
vt 0.184226 0.059139
vt 0.177736 0.064372
vt 0.148518 0.063259
vt 0.156158 0.064406
vt 0.151304 0.076889
vt 0.157897 0.073846
vt 0.146916 0.073885
vt 0.154418 0.078547
vt 0.159195 0.079022
vt 0.164390 0.065969
vt 0.168782 0.070480
vt 0.164663 0.072685
vt 0.164096 0.078853
vt 0.172619 0.077601
vt 0.165983 0.077332
vt 0.174848 0.082232
vt 0.171120 0.085078
vt 0.178365 0.076786
vt 0.157388 0.082320
vt 0.160164 0.085631
vt 0.154551 0.089798
vt 0.149600 0.085862
vt 0.162590 0.090316
vt 0.168086 0.088312
vt 0.166207 0.097693
vt 0.387990 0.164920
vt 0.434156 0.176675
vt 0.426149 0.174632
vt 0.411090 0.179279
vt 0.160263 0.103045
vt 0.416544 0.135346
vt 0.414204 0.129223
vt 0.400753 0.177003
vt 0.403410 0.188936
vt 0.397515 0.187638
vt 0.394446 0.170991
vt 0.392588 0.182020
vt 0.174031 0.090393
vt 0.389542 0.178552
vt 0.436027 0.148842
vt 0.175641 0.095040
vt 0.173157 0.106112
vt 0.169990 0.099164
vt 0.162528 0.103891
vt 0.170560 0.114135
vt 0.441908 0.165723
vt 0.432512 0.163645
vt 0.440475 0.155472
vt 0.406557 0.171641
vt 0.410854 0.170871
vt 0.403174 0.164953
vt 0.387175 0.171073
vt 0.457438 0.203491
vt 0.463947 0.207980
vt 0.438125 0.170770
vt 0.468569 0.207145
vt 0.712257 0.392007
vt 0.706465 0.376798
vt 0.715547 0.388301
vt 0.501051 0.021202
vt 0.504884 0.024963
vt 0.493595 0.024323
vt 0.613432 0.417680
vt 0.719536 0.402633
vt 0.711493 0.397346
vt 0.725229 0.397868
vt 0.720639 0.393822
vt 0.620774 0.421195
vt 0.618919 0.416121
vt 0.633593 0.431801
vt 0.631373 0.434726
vt 0.631757 0.427434
vt 0.487392 0.018621
vt 0.493723 0.019545
vt 0.483784 0.025027
vt 0.493957 0.030521
vt 0.512976 0.026374
vt 0.484829 0.086148
vt 0.476097 0.081391
vt 0.483957 0.079745
vt 0.632033 0.442473
vt 0.633265 0.438065
vt 0.488957 0.031246
vt 0.478351 0.033375
vt 0.624878 0.432042
vt 0.491402 0.042222
vt 0.495489 0.040957
vt 0.701758 0.381729
vt 0.627133 0.424151
vt 0.620253 0.427340
vt 0.698213 0.400909
vt 0.695717 0.392695
vt 0.699769 0.392467
vt 0.706497 0.398445
vt 0.699389 0.387935
vt 0.688596 0.394828
vt 0.692615 0.399218
vt 0.713078 0.402972
vt 0.483280 0.042761
vt 0.711677 0.408119
vt 0.687566 0.400992
vt 0.706283 0.409269
vt 0.697321 0.406888
vt 0.701169 0.409783
vt 0.490688 0.087958
vt 0.489349 0.082569
vt 0.494279 0.091931
vt 0.498493 0.085798
vt 0.494286 0.077617
vt 0.639565 0.449273
vt 0.640550 0.453912
vt 0.503309 0.094040
vt 0.482396 0.074964
vt 0.695625 0.411903
vt 0.693367 0.418574
vt 0.691223 0.409165
vt 0.684679 0.404920
vt 0.508438 0.085033
vt 0.506479 0.090810
vt 0.695198 0.426425
vt 0.685194 0.422833
vt 0.689202 0.411653
vt 0.686170 0.416315
vt 0.683673 0.410648
vt 0.699247 0.414465
vt 0.639525 0.444300
vt 0.681552 0.417367
vt 0.672399 0.412767
vt 0.675415 0.415786
vt 0.675792 0.420914
vt 0.678322 0.424315
vt 0.500891 0.079382
vt 0.509509 0.080046
vt 0.681980 0.429519
vt 0.666684 0.414759
vt 0.671924 0.417202
vt 0.673214 0.428976
vt 0.668888 0.432223
vt 0.668540 0.425214
vt 0.662188 0.427166
vt 0.659973 0.421677
vt 0.676404 0.433572
vt 0.664564 0.435003
vt 0.658872 0.431298
vt 0.658940 0.435640
vt 0.671645 0.436088
vt 0.651011 0.435281
vt 0.649468 0.430361
vt 0.655100 0.434274
vt 0.504255 0.070161
vt 0.489959 0.074464
vt 0.470025 0.071957
vt 0.481130 0.065859
vt 0.475084 0.074367
vt 0.661838 0.442485
vt 0.656882 0.446239
vt 0.649782 0.436909
vt 0.644016 0.437689
vt 0.652229 0.442415
vt 0.488884 0.067673
vt 0.642035 0.433486
vt 0.651335 0.453687
vt 0.651466 0.447588
vt 0.476524 0.059816
vt 0.647265 0.444101
vt 0.647835 0.450300
vt 0.644108 0.449226
vt 0.512845 0.031996
vt 0.519810 0.027353
vt 0.519577 0.036925
vt 0.510523 0.044352
vt 0.498061 0.067261
vt 0.494046 0.065762
vt 0.638268 0.426212
vt 0.634676 0.421992
vt 0.639743 0.417318
vt 0.524746 0.037239
vt 0.520675 0.043997
vt 0.625628 0.418698
vt 0.529401 0.044829
vt 0.533116 0.039032
vt 0.648831 0.456784
vt 0.481316 0.061170
vt 0.528353 0.051549
vt 0.539362 0.046685
vt 0.534495 0.053968
vt 0.479836 0.056504
vt 0.501161 0.035709
vt 0.509636 0.037148
vt 0.505000 0.041772
vt 0.518089 0.051163
vt 0.514163 0.047889
vt 0.503663 0.049466
vt 0.497154 0.046112
vt 0.507599 0.052404
vt 0.631950 0.412443
vt 0.632815 0.415696
vt 0.476213 0.041228
vt 0.473457 0.037650
vt 0.510339 0.055483
vt 0.530999 0.059526
vt 0.520704 0.056739
vt 0.517344 0.068426
vt 0.522060 0.062952
vt 0.522608 0.066431
vt 0.644847 0.417741
vt 0.628171 0.421057
vt 0.514338 0.060729
vt 0.646899 0.424100
vt 0.695472 0.379548
vt 0.689871 0.384679
vt 0.655702 0.418928
vt 0.661307 0.417026
vt 0.641727 0.412337
vt 0.628674 0.408804
vt 0.637933 0.407595
vt 0.645246 0.404656
vt 0.647041 0.410933
vt 0.486418 0.051494
vt 0.494940 0.051548
vt 0.641676 0.429139
vt 0.644959 0.427079
vt 0.650710 0.410152
vt 0.654253 0.413224
vt 0.648971 0.415628
vt 0.647233 0.429171
vt 0.679954 0.399196
vt 0.677109 0.395229
vt 0.501914 0.053768
vt 0.640050 0.402084
vt 0.651680 0.405848
vt 0.497584 0.049877
vt 0.648317 0.421404
vt 0.669343 0.397613
vt 0.670759 0.390650
vt 0.662771 0.389529
vt 0.662049 0.396485
vt 0.658644 0.409546
vt 0.673893 0.403622
vt 0.663168 0.404268
vt 0.653191 0.401294
vt 0.659057 0.413784
vt 0.652697 0.398449
vt 0.658411 0.396597
vt 0.652912 0.393101
vt 0.644085 0.399532
vt 0.454227 0.060700
vt 0.462213 0.057899
vt 0.461747 0.062128
vt 0.483006 0.036911
vt 0.468727 0.056455
vt 0.475829 0.050649
vt 0.465500 0.066629
vt 0.619948 0.411503
vt 0.467097 0.041779
vt 0.668789 0.407506
vt 0.655867 0.406174
vt 0.633762 0.401939
vt 0.614759 0.407700
vt 0.617055 0.402493
vt 0.621990 0.401102
vt 0.627797 0.402860
vt 0.638315 0.398305
vt 0.626127 0.398762
vt 0.625754 0.393867
vt 0.733745 0.435341
vt 0.727353 0.436293
vt 0.729928 0.432145
vt 0.479807 0.014693
vt 0.470436 0.024698
vt 0.471106 0.010238
vt 0.468334 0.013610
vt 0.723010 0.407103
vt 0.726764 0.405865
vt 0.713032 0.447876
vt 0.720667 0.449395
vt 0.714408 0.453082
vt 0.726539 0.415172
vt 0.719039 0.459878
vt 0.692936 0.452693
vt 0.698134 0.446895
vt 0.696722 0.452883
vt 0.712597 0.459531
vt 0.707835 0.459978
vt 0.709613 0.451165
vt 0.022475 0.035865
vt 0.029620 0.036347
vt 0.020498 0.040389
vt 0.703126 0.458033
vt 0.705776 0.450066
vt 0.690211 0.448684
vt 0.719239 0.416509
vt 0.721536 0.421115
vt 0.702769 0.450621
vt 0.719462 0.412222
vt 0.712151 0.424823
vt 0.708734 0.418961
vt 0.713418 0.416556
vt 0.729409 0.425167
vt 0.456025 0.011418
vt 0.447010 0.005044
vt 0.460290 0.008365
vt 0.726203 0.431827
vt 0.724380 0.425973
vt 0.720197 0.427079
vt 0.463136 0.015174
vt 0.699074 0.430304
vt 0.700253 0.419448
vt 0.705696 0.430322
vt 0.719050 0.432126
vt 0.727059 0.439307
vt 0.723838 0.442339
vt 0.714013 0.435048
vt 0.715669 0.438876
vt 0.714324 0.430729
vt 0.717582 0.443413
vt 0.706151 0.434206
vt 0.709537 0.440502
vt 0.709047 0.428216
vt 0.705070 0.421798
vt 0.025475 0.029837
vt 0.695088 0.439748
vt 0.692916 0.442935
vt 0.704833 0.441369
vt 0.032035 0.032515
vt 0.709526 0.445213
vt 0.702152 0.416283
vt 0.054929 0.041951
vt 0.052131 0.045844
vt 0.051981 0.040349
vt 0.034025 0.022938
vt 0.038630 0.025993
vt 0.058679 0.036561
vt 0.060756 0.043607
vt 0.698234 0.436139
vt 0.699967 0.439994
vt 0.693374 0.433104
vt 0.687720 0.433547
vt 0.695513 0.457415
vt 0.686203 0.438821
vt 0.696961 0.461730
vt 0.037043 0.035262
vt 0.682702 0.446182
vt 0.043388 0.029640
vt 0.048031 0.042738
vt 0.047025 0.033739
vt 0.042427 0.038559
vt 0.038921 0.041079
vt 0.041587 0.045179
vt 0.054942 0.028690
vt 0.689734 0.427163
vt 0.050255 0.030955
vt 0.677248 0.437312
vt 0.683055 0.434438
vt 0.054411 0.019366
vt 0.060305 0.016264
vt 0.053572 0.023681
vt 0.059093 0.024364
vt 0.046426 0.024504
vt 0.041561 0.035661
vt 0.736770 0.440826
vt 0.737403 0.450955
vt 0.734035 0.446637
vt 0.440950 0.006183
vt 0.436066 0.009681
vt 0.044913 0.020471
vt 0.431256 0.007921
vt 0.741662 0.449916
vt 0.429906 0.016375
vt 0.440881 0.018085
vt 0.436709 0.022304
vt 0.729665 0.447078
vt 0.732479 0.453180
vt 0.039791 0.008881
vt 0.036246 0.011738
vt 0.031139 0.005671
vt 0.723918 0.457713
vt 0.030941 0.016907
vt 0.037750 0.017165
vt 0.026835 0.014112
vt 0.042496 0.017911
vt 0.027752 0.008722
vt 0.025751 0.024190
vt 0.419596 0.012101
vt 0.424573 0.013173
vt 0.422636 0.016530
vt 0.422714 0.009517
vt 0.424876 0.022870
vt 0.043784 0.010188
vt 0.418499 0.019779
vt 0.049556 0.015070
vt 0.051181 0.010515
vt 0.415048 0.017149
vt 0.419197 0.022556
vt 0.410491 0.023938
vt 0.059764 0.010414
vt 0.417348 0.026723
vt 0.412410 0.026546
vt 0.421931 0.034518
vt 0.460952 0.029989
vt 0.429808 0.028581
vt 0.036690 0.049822
vt 0.030296 0.046393
vt 0.032390 0.042034
vt 0.450723 0.052240
vt 0.446486 0.054095
vt 0.449989 0.045732
vt 0.023694 0.045149
vt 0.025914 0.048423
vt 0.018268 0.052238
vt 0.017420 0.044798
vt 0.445960 0.022757
vt 0.459112 0.023306
vt 0.454022 0.021277
vt 0.455144 0.025716
vt 0.449486 0.033374
vt 0.461374 0.039955
vt 0.441910 0.032342
vt 0.446559 0.038654
vt 0.433041 0.038538
vt 0.436087 0.044410
vt 0.026636 0.085525
vt 0.024531 0.081431
vt 0.034154 0.080303
vt 0.031287 0.077312
vt 0.028339 0.089377
vt 0.012670 0.090235
vt 0.689146 0.456314
vt 0.685586 0.460348
vt 0.684143 0.454085
vt 0.693637 0.458596
vt 0.013842 0.085332
vt 0.692219 0.460955
vt 0.019413 0.081557
vt 0.676787 0.442863
vt 0.030699 0.069308
vt 0.028635 0.076530
vt 0.025205 0.071594
vt 0.682237 0.450470
vt 0.057802 0.096578
vt 0.020037 0.075006
vt 0.014998 0.077497
vt 0.047625 0.095807
vt 0.040744 0.097063
vt 0.044970 0.091091
vt 0.052263 0.096762
vt 0.050276 0.089840
vt 0.055873 0.090651
vt 0.670875 0.440566
vt 0.678299 0.452050
vt 0.673110 0.446857
vt 0.671854 0.455611
vt 0.664422 0.452110
vt 0.666791 0.447606
vt 0.668489 0.449545
vt 0.677778 0.456506
vt 0.675772 0.460812
vt 0.661107 0.459730
vt 0.660590 0.451471
vt 0.667144 0.458652
vt 0.657708 0.453895
vt 0.010164 0.072989
vt 0.005869 0.081791
vt 0.009861 0.086404
vt 0.664318 0.463279
vt 0.658778 0.467497
vt 0.656777 0.473262
vt 0.662254 0.466957
vt 0.655450 0.463232
vt 0.059951 0.086937
vt 0.065984 0.085008
vt 0.063458 0.091117
vt 0.016709 0.068442
vt 0.019558 0.061049
vt 0.055729 0.084737
vt 0.049789 0.085819
vt 0.040953 0.088885
vt 0.042539 0.084279
vt 0.650766 0.473061
vt 0.647486 0.466344
vt 0.647348 0.461736
vt 0.022533 0.098872
vt 0.017417 0.097648
vt 0.012536 0.062889
vt 0.021089 0.056528
vt 0.028494 0.064930
vt 0.033887 0.096251
vt 0.015469 0.056430
vt 0.038376 0.086248
vt 0.033651 0.087780
vt 0.022219 0.093762
vt 0.028962 0.052611
vt 0.029407 0.060295
vt 0.031234 0.055126
vt 0.038793 0.054840
vt 0.059494 0.079665
vt 0.051097 0.079497
vt 0.047974 0.082096
vt 0.063930 0.077536
vt 0.058131 0.075363
vt 0.054353 0.082538
vt 0.053301 0.074085
vt 0.046270 0.050739
vt 0.059627 0.066325
vt 0.060397 0.069768
vt 0.056485 0.070444
vt 0.063516 0.051278
vt 0.056380 0.047729
vt 0.052651 0.054488
vt 0.059573 0.052283
vt 0.032692 0.063092
vt 0.036659 0.063011
vt 0.043159 0.058687
vt 0.040378 0.061565
vt 0.041555 0.065832
vt 0.032443 0.071232
vt 0.039793 0.074496
vt 0.046541 0.076551
vt 0.049118 0.057693
vt 0.048051 0.062574
vt 0.046620 0.065671
vt 0.054594 0.063542
vt 0.052496 0.068574
vt 0.061995 0.059187
vt 0.046933 0.070738
vt 0.952111 0.323027
vt 0.953587 0.319553
vt 0.006441 0.820938
vt 0.011856 0.825588
vt 0.008262 0.827220
vt 0.930649 0.357453
vt 0.932365 0.351127
vt 0.937264 0.353175
vt 0.936050 0.349870
vt 0.939493 0.361147
vt 0.139930 0.499098
vt 0.148554 0.500949
vt 0.142807 0.505909
vt 0.948519 0.323069
vt 0.946425 0.329744
vt 0.947717 0.334972
vt 0.942744 0.335736
vt 0.944150 0.340009
vt 0.930872 0.346124
vt 0.932400 0.342288
vt 0.940591 0.345472
vt 0.943215 0.349918
vt 0.073214 0.832283
vt 0.070193 0.827866
vt 0.076306 0.824803
vt 0.065667 0.817175
vt 0.071720 0.811081
vt 0.064940 0.821912
vt 0.937671 0.333731
vt 0.068564 0.836820
vt 0.063601 0.831741
vt 0.070374 0.839442
vt 0.063946 0.828239
vt 0.064539 0.837746
vt 0.147769 0.506077
vt 0.149354 0.512920
vt 0.144870 0.508197
vt 0.154652 0.499374
vt 0.070631 0.843766
vt 0.066580 0.841711
vt 0.139393 0.509468
vt 0.065640 0.847024
vt 0.071057 0.848102
vt 0.136951 0.505515
vt 0.935842 0.340845
vt 0.064148 0.851239
vt 0.060436 0.846990
vt 0.054642 0.858169
vt 0.059783 0.858264
vt 0.062123 0.858555
vt 0.069015 0.860203
vt 0.953824 0.314380
vt 0.946236 0.319455
vt 0.023792 0.874537
vt 0.015533 0.871156
vt 0.056890 0.868724
vt 0.053500 0.865172
vt 0.062094 0.867431
vt 0.016650 0.861846
vt 0.020547 0.859136
vt 0.022934 0.863547
vt 0.023244 0.867908
vt 0.026280 0.881485
vt 0.025967 0.886251
vt 0.028961 0.883266
vt 0.031733 0.883169
vt 0.166723 0.503516
vt 0.138041 0.494327
vt 0.028880 0.876433
vt 0.029391 0.870506
vt 0.944453 0.343832
vt 0.054362 0.871521
vt 0.062559 0.872696
vt 0.059354 0.876032
vt 0.053093 0.876507
vt 0.057316 0.880152
vt 0.059139 0.885688
vt 0.049541 0.883340
vt 0.939353 0.327457
vt 0.143091 0.513344
vt 0.048895 0.877217
vt 0.048803 0.886811
vt 0.054148 0.889106
vt 0.031766 0.878703
vt 0.056594 0.820097
vt 0.061989 0.815794
vt 0.055039 0.826997
vt 0.051019 0.820140
vt 0.055806 0.816119
vt 0.052247 0.825371
vt 0.012082 0.831006
vt 0.941032 0.323005
vt 0.016985 0.855352
vt 0.044557 0.820272
vt 0.047212 0.824584
vt 0.043962 0.832012
vt 0.057296 0.833140
vt 0.057016 0.840241
vt 0.038853 0.827159
vt 0.041843 0.817885
vt 0.048728 0.832664
vt 0.053356 0.840661
vt 0.054589 0.849110
vt 0.051297 0.848176
vt 0.051624 0.853117
vt 0.047919 0.847945
vt 0.050292 0.843533
vt 0.051246 0.859244
vt 0.045070 0.842015
vt 0.042570 0.839241
vt 0.042736 0.843342
vt 0.043296 0.857197
vt 0.045047 0.853099
vt 0.035090 0.841449
vt 0.033524 0.845203
vt 0.038846 0.851259
vt 0.040682 0.854127
vt 0.150931 0.505009
vt 0.037804 0.837137
vt 0.162487 0.503533
vt 0.038975 0.815195
vt 0.032647 0.818514
vt 0.032138 0.826480
vt 0.025158 0.826652
vt 0.021953 0.819120
vt 0.030297 0.830476
vt 0.161559 0.499871
vt 0.039474 0.882674
vt 0.160000 0.508924
vt 0.018302 0.824442
vt 0.011005 0.820324
vt 0.014857 0.817820
vt 0.035858 0.849519
vt 0.034042 0.852795
vt 0.034654 0.856422
vt 0.028402 0.835324
vt 0.030821 0.840826
vt 0.023536 0.837442
vt 0.029377 0.848152
vt 0.027902 0.843242
vt 0.027096 0.845475
vt 0.017480 0.835073
vt 0.022618 0.845085
vt 0.019398 0.842789
vt 0.012229 0.835190
vt 0.009871 0.838176
vt 0.012291 0.845122
vt 0.023775 0.848630
vt 0.031005 0.860177
vt 0.026276 0.854676
vt 0.023537 0.853768
vt 0.019376 0.851018
vt 0.013326 0.851924
vt 0.050214 0.867363
vt 0.044687 0.863397
vt 0.039834 0.859263
vt 0.041486 0.867230
vt 0.037395 0.861665
vt 0.042525 0.870929
vt 0.044463 0.879632
vt 0.043208 0.875547
vt 0.038393 0.877335
vt 0.036600 0.872779
vt 0.035251 0.869812
vt 0.035716 0.864595
vt 0.033580 0.859524
vt 0.029493 0.864418
vt 0.026640 0.859007
vt 0.027064 0.867393
vt 0.087132 0.865062
vt 0.088071 0.873589
vt 0.083696 0.878844
vt 0.084929 0.861571
vt 0.093730 0.871338
vt 0.080816 0.874830
vt 0.079340 0.864485
vt 0.138888 0.502014
vt 0.073694 0.873749
vt 0.074421 0.867057
vt 0.131076 0.498207
vt 0.137092 0.513394
vt 0.131797 0.505605
vt 0.128587 0.510029
vt 0.134823 0.514170
vt 0.071907 0.857392
vt 0.073645 0.854666
vt 0.126048 0.493931
vt 0.119095 0.846097
vt 0.113760 0.840245
vt 0.122430 0.836521
vt 0.115353 0.831988
vt 0.119395 0.827242
vt 0.124340 0.833759
vt 0.090186 0.887483
vt 0.091135 0.881366
vt 0.096087 0.888927
vt 0.115375 0.826374
vt 0.110684 0.821942
vt 0.104161 0.826215
vt 0.105794 0.830326
vt 0.110178 0.833778
vt 0.076568 0.857778
vt 0.103958 0.838674
vt 0.126237 0.503649
vt 0.121997 0.508881
vt 0.117985 0.500442
vt 0.076102 0.845809
vt 0.115057 0.491297
vt 0.078709 0.847308
vt 0.124810 0.851471
vt 0.118680 0.860017
vt 0.115871 0.854376
vt 0.082839 0.843368
vt 0.112086 0.509666
vt 0.110611 0.495544
vt 0.112719 0.846851
vt 0.109862 0.857090
vt 0.112950 0.863721
vt 0.113779 0.869815
vt 0.109711 0.868457
vt 0.111894 0.876514
vt 0.107964 0.844781
vt 0.106867 0.853982
vt 0.102282 0.847521
vt 0.100123 0.859495
vt 0.101631 0.875067
vt 0.100244 0.868990
vt 0.097894 0.865323
vt 0.123935 0.873213
vt 0.116981 0.876005
vt 0.119687 0.870309
vt 0.108822 0.497470
vt 0.104999 0.504400
vt 0.121103 0.878081
vt 0.086716 0.845892
vt 0.082016 0.858415
vt 0.109759 0.485885
vt 0.106652 0.489436
vt 0.101757 0.893437
vt 0.101656 0.887489
vt 0.110195 0.883038
vt 0.112994 0.887874
vt 0.117207 0.881450
vt 0.106942 0.891213
vt 0.089911 0.504697
vt 0.091115 0.511168
vt 0.086405 0.507209
vt 0.096696 0.508988
vt 0.094653 0.500212
vt 0.089081 0.498657
vt 0.092302 0.493565
vt 0.097367 0.502337
vt 0.095534 0.514347
vt 0.098856 0.873439
vt 0.099155 0.878778
vt 0.101373 0.497348
vt 0.103007 0.511777
vt 0.100871 0.507512
vt 0.105779 0.517883
vt 0.100127 0.519472
vt 0.109568 0.515468
vt 0.104338 0.493285
vt 0.087648 0.861388
vt 0.060270 0.890136
vt 0.086119 0.855664
vt 0.091742 0.854698
vt 0.063966 0.882858
vt 0.064871 0.878864
vt 0.068142 0.869451
vt 0.128132 0.512613
vt 0.063105 0.890155
vt 0.130823 0.519632
vt 0.070286 0.880737
vt 0.124028 0.517307
vt 0.070812 0.888371
vt 0.068599 0.876178
vt 0.092621 0.850867
vt 0.089831 0.481797
vt 0.090692 0.487430
vt 0.094604 0.486757
vt 0.094474 0.481027
vt 0.099806 0.486976
vt 0.069161 0.891338
vt 0.074127 0.887281
vt 0.074660 0.882336
vt 0.070166 0.865393
vt 0.089568 0.841648
vt 0.085109 0.837030
vt 0.095335 0.846832
vt 0.095945 0.840582
vt 0.117505 0.512845
vt 0.120416 0.517817
vt 0.124505 0.521968
vt 0.092177 0.836808
vt 0.093200 0.863112
vt 0.083551 0.488899
vt 0.097147 0.853667
vt 0.099070 0.493212
vt 0.074962 0.891778
vt 0.078567 0.888175
vt 0.082084 0.884849
vt 0.119064 0.524499
vt 0.114764 0.518887
vt 0.112674 0.523950
vt 0.099644 0.828748
vt 0.098846 0.817730
vt 0.104776 0.820077
vt 0.094843 0.822515
vt 0.088998 0.825984
vt 0.093461 0.820519
vt 0.088954 0.830388
vt 0.086809 0.821127
vt 0.084304 0.828308
vt 0.085855 0.818360
vt 0.090801 0.816389
vt 0.083100 0.826377
vt 0.082761 0.821855
vt 0.079246 0.819189
vt 0.111217 0.519110
vt 0.084647 0.888692
vt 0.081494 0.837287
vt 0.077100 0.834915
vt 0.099654 0.843925
vt 0.127272 0.815128
vt 0.131958 0.818422
vt 0.124114 0.818393
vt 0.130600 0.810619
vt 0.134108 0.811110
vt 0.132919 0.814952
vt 0.137245 0.816677
vt 0.141033 0.818089
vt 0.127872 0.811072
vt 0.128944 0.807051
vt 0.047429 0.462471
vt 0.135077 0.824155
vt 0.138765 0.823042
vt 0.125538 0.803234
vt 0.133683 0.805020
vt 0.142508 0.811676
vt 0.041591 0.460489
vt 0.043580 0.469196
vt 0.039661 0.465815
vt 0.038529 0.461842
vt 0.037256 0.452439
vt 0.034083 0.460134
vt 0.035179 0.467358
vt 0.208073 0.835145
vt 0.210871 0.842521
vt 0.205589 0.839497
vt 0.202199 0.844984
vt 0.140205 0.807823
vt 0.535072 0.287274
vt 0.534321 0.290138
vt 0.531216 0.287828
vt 0.536719 0.297048
vt 0.529999 0.293354
vt 0.141324 0.802846
vt 0.219218 0.809131
vt 0.218080 0.802237
vt 0.216698 0.805736
vt 0.223486 0.792774
vt 0.220023 0.797573
vt 0.219936 0.793310
vt 0.541877 0.291839
vt 0.591151 0.255209
vt 0.599616 0.255319
vt 0.595946 0.260984
vt 0.587936 0.256679
vt 0.145268 0.806942
vt 0.591655 0.252030
vt 0.585734 0.260981
vt 0.591720 0.264979
vt 0.213142 0.824546
vt 0.209069 0.828050
vt 0.145813 0.821642
vt 0.594328 0.249210
vt 0.598599 0.248099
vt 0.592744 0.245153
vt 0.597478 0.243144
vt 0.146640 0.815236
vt 0.145074 0.810814
vt 0.587889 0.253375
vt 0.586729 0.248585
vt 0.585756 0.245009
vt 0.582529 0.255053
vt 0.165533 0.761003
vt 0.164322 0.766802
vt 0.161779 0.764512
vt 0.166061 0.769898
vt 0.160286 0.767673
vt 0.220961 0.812665
vt 0.216252 0.817292
vt 0.215696 0.814601
vt 0.601139 0.239131
vt 0.598425 0.232115
vt 0.605848 0.236939
vt 0.129672 0.823136
vt 0.593219 0.225177
vt 0.595792 0.227028
vt 0.593205 0.230831
vt 0.598031 0.224355
vt 0.604258 0.230953
vt 0.595358 0.237275
vt 0.625361 0.129475
vt 0.630087 0.127010
vt 0.628653 0.137292
vt 0.623264 0.131810
vt 0.623647 0.140368
vt 0.592342 0.220157
vt 0.620756 0.135572
vt 0.586860 0.236926
vt 0.590854 0.233962
vt 0.144852 0.826738
vt 0.204713 0.820722
vt 0.585853 0.224297
vt 0.589153 0.220137
vt 0.156384 0.760760
vt 0.159786 0.759629
vt 0.152677 0.757157
vt 0.154746 0.754915
vt 0.164871 0.753895
vt 0.150492 0.762192
vt 0.162628 0.760366
vt 0.157054 0.764747
vt 0.150438 0.768045
vt 0.156790 0.769794
vt 0.160264 0.773574
vt 0.157103 0.774047
vt 0.152287 0.776099
vt 0.153826 0.780512
vt 0.147441 0.777999
vt 0.147001 0.773986
vt 0.587236 0.228726
vt 0.584997 0.234322
vt 0.148143 0.766430
vt 0.147802 0.759499
vt 0.147561 0.753943
vt 0.144521 0.761931
vt 0.137564 0.756125
vt 0.143048 0.753341
vt 0.139381 0.759961
vt 0.140371 0.771390
vt 0.137452 0.766501
vt 0.144000 0.769976
vt 0.138977 0.778467
vt 0.137528 0.775164
vt 0.148788 0.784143
vt 0.155563 0.783038
vt 0.140907 0.789279
vt 0.146911 0.786402
vt 0.145220 0.793639
vt 0.141438 0.784260
vt 0.138251 0.784298
vt 0.134729 0.787321
vt 0.135502 0.780019
vt 0.135321 0.790127
vt 0.140692 0.794604
vt 0.136675 0.793309
vt 0.137450 0.799721
vt 0.135034 0.795952
vt 0.130124 0.787400
vt 0.132221 0.793322
vt 0.130559 0.799235
vt 0.145974 0.834758
vt 0.133863 0.829427
vt 0.160911 0.844787
vt 0.159823 0.837842
vt 0.164150 0.839613
vt 0.185460 0.842251
vt 0.195691 0.845232
vt 0.187686 0.848961
vt 0.541584 0.304068
vt 0.542545 0.296864
vt 0.547934 0.300825
vt 0.139557 0.834746
vt 0.199609 0.835164
vt 0.199574 0.842427
vt 0.127121 0.794279
vt 0.035638 0.479810
vt 0.030408 0.474203
vt 0.031481 0.465788
vt 0.586025 0.267394
vt 0.580731 0.262834
vt 0.587993 0.270362
vt 0.582808 0.272393
vt 0.179172 0.849913
vt 0.576407 0.268538
vt 0.574215 0.277016
vt 0.580935 0.279851
vt 0.571073 0.270825
vt 0.569456 0.277851
vt 0.567417 0.285498
vt 0.561531 0.276061
vt 0.125952 0.822051
vt 0.195709 0.836155
vt 0.560921 0.285221
vt 0.557754 0.281806
vt 0.556232 0.289005
vt 0.561562 0.292133
vt 0.190667 0.838019
vt 0.124566 0.828705
vt 0.547308 0.284548
vt 0.549179 0.293474
vt 0.191516 0.831052
vt 0.187864 0.835970
vt 0.180780 0.793674
vt 0.184201 0.791090
vt 0.185574 0.797328
vt 0.182308 0.806158
vt 0.177632 0.799986
vt 0.186960 0.792120
vt 0.190160 0.792851
vt 0.185277 0.785317
vt 0.191449 0.800899
vt 0.178888 0.807620
vt 0.189891 0.808149
vt 0.181941 0.819582
vt 0.175732 0.815107
vt 0.182153 0.813622
vt 0.172520 0.821052
vt 0.179255 0.823241
vt 0.576531 0.260133
vt 0.569348 0.263456
vt 0.573337 0.254756
vt 0.578994 0.249870
vt 0.566699 0.259749
vt 0.169160 0.767089
vt 0.166633 0.765190
vt 0.174687 0.772329
vt 0.169964 0.772617
vt 0.165447 0.776761
vt 0.169921 0.776951
vt 0.173403 0.777412
vt 0.163018 0.779100
vt 0.161696 0.783982
vt 0.158628 0.787134
vt 0.169236 0.782275
vt 0.176543 0.783298
vt 0.164754 0.787514
vt 0.172246 0.784942
vt 0.561873 0.270408
vt 0.193558 0.775880
vt 0.193320 0.782775
vt 0.188118 0.781140
vt 0.180978 0.789364
vt 0.177749 0.793080
vt 0.169559 0.792937
vt 0.182469 0.773572
vt 0.185856 0.770588
vt 0.183004 0.779265
vt 0.168695 0.789836
vt 0.154189 0.786466
vt 0.153883 0.795039
vt 0.148869 0.793400
vt 0.155861 0.791397
vt 0.163550 0.793352
vt 0.167958 0.802142
vt 0.159433 0.802039
vt 0.165267 0.799544
vt 0.157408 0.798295
vt 0.159642 0.809120
vt 0.154465 0.807158
vt 0.160863 0.805170
vt 0.153194 0.801068
vt 0.149641 0.806935
vt 0.150616 0.801325
vt 0.150829 0.814043
vt 0.157303 0.813813
vt 0.171694 0.798837
vt 0.174050 0.804236
vt 0.175169 0.808791
vt 0.171803 0.810241
vt 0.184013 0.809036
vt 0.167434 0.812465
vt 0.164763 0.807406
vt 0.161965 0.816437
vt 0.196977 0.796794
vt 0.192875 0.786500
vt 0.198473 0.803035
vt 0.193795 0.803578
vt 0.202902 0.794513
vt 0.201968 0.798937
vt 0.200559 0.807092
vt 0.210155 0.795870
vt 0.208495 0.790882
vt 0.211465 0.799915
vt 0.206178 0.801988
vt 0.211667 0.807066
vt 0.206258 0.810744
vt 0.216380 0.793474
vt 0.214486 0.798205
vt 0.197434 0.814138
vt 0.195677 0.809062
vt 0.185983 0.814861
vt 0.194844 0.819657
vt 0.192449 0.825766
vt 0.189381 0.825348
vt 0.184062 0.825486
vt 0.185644 0.829644
vt 0.204875 0.814255
vt 0.201375 0.819655
vt 0.197384 0.825494
vt 0.202678 0.827902
vt 0.197802 0.783286
vt 0.199207 0.790639
vt 0.554519 0.276824
vt 0.204788 0.785245
vt 0.203031 0.779613
vt 0.551163 0.280663
vt 0.207764 0.780471
vt 0.211150 0.786459
vt 0.204803 0.789587
vt 0.212624 0.781907
vt 0.221179 0.789361
vt 0.216019 0.789155
vt 0.145591 0.799933
vt 0.142309 0.797596
vt 0.167223 0.824950
vt 0.173203 0.830376
vt 0.168864 0.832247
vt 0.171525 0.837805
vt 0.150722 0.819723
vt 0.123783 0.808333
vt 0.162635 0.825983
vt 0.165499 0.822011
vt 0.164818 0.829591
vt 0.158651 0.821929
vt 0.156788 0.832034
vt 0.162280 0.834103
vt 0.153317 0.835576
vt 0.154588 0.841891
vt 0.152284 0.830098
vt 0.149134 0.826427
vt 0.148837 0.832164
vt 0.176742 0.844269
vt 0.174957 0.842741
vt 0.130767 0.835234
vt 0.177626 0.830032
vt 0.175522 0.834042
vt 0.179473 0.835323
vt 0.166602 0.842610
vt 0.083231 0.501359
vt 0.085447 0.494488
vt 0.079688 0.491621
vt 0.083067 0.480608
vt 0.073467 0.498172
vt 0.077226 0.501220
vt 0.120602 0.886382
vt 0.120601 0.889763
vt 0.079383 0.479350
vt 0.081205 0.485758
vt 0.077419 0.483195
vt 0.127485 0.887487
vt 0.148029 0.841441
vt 0.125588 0.874734
vt 0.142479 0.839049
vt 0.080132 0.474800
vt 0.074489 0.494178
vt 0.075382 0.491503
vt 0.171106 0.849773
vt 0.169811 0.854553
vt 0.164962 0.848169
vt 0.167980 0.847005
vt 0.163509 0.855505
vt 0.038926 0.485483
vt 0.027983 0.481090
vt 0.169939 0.861941
vt 0.073704 0.483508
vt 0.070740 0.489681
vt 0.039817 0.477769
vt 0.071510 0.478565
vt 0.066445 0.494377
vt 0.041285 0.474040
vt 0.047493 0.470184
vt 0.045736 0.478614
vt 0.166973 0.858774
vt 0.157710 0.863240
vt 0.036533 0.489269
vt 0.043837 0.488972
vt 0.043816 0.493884
vt 0.161702 0.867443
vt 0.043872 0.484863
vt 0.050253 0.484880
vt 0.049071 0.489137
vt 0.051659 0.481404
vt 0.055873 0.484691
vt 0.153366 0.850004
vt 0.151005 0.844841
vt 0.142609 0.846393
vt 0.145068 0.849567
vt 0.150372 0.852546
vt 0.154574 0.855341
vt 0.144749 0.868753
vt 0.150411 0.875065
vt 0.153512 0.871577
vt 0.143204 0.852866
vt 0.143225 0.862825
vt 0.143950 0.874312
vt 0.155395 0.874719
vt 0.131748 0.872215
vt 0.052578 0.476570
vt 0.055965 0.480989
vt 0.052172 0.494743
vt 0.055659 0.491338
vt 0.055461 0.497512
vt 0.061905 0.495159
vt 0.060526 0.489700
vt 0.061985 0.485240
vt 0.060966 0.478193
vt 0.059584 0.501741
vt 0.066847 0.497391
vt 0.065635 0.504133
vt 0.064524 0.488051
vt 0.067935 0.483008
vt 0.069331 0.476087
vt 0.072128 0.470521
vt 0.139143 0.839276
vt 0.134854 0.837471
vt 0.135564 0.843698
vt 0.066215 0.471245
vt 0.060421 0.470668
vt 0.056461 0.474026
vt 0.051753 0.471577
vt 0.123177 0.863196
vt 0.127653 0.840710
vt 0.138859 0.846136
vt 0.138617 0.850008
vt 0.131866 0.848268
vt 0.127206 0.847075
vt 0.135157 0.852356
vt 0.129958 0.857331
vt 0.133130 0.863793
vt 0.136769 0.876403
vt 0.124942 0.864676
vt 0.128659 0.870947
vt 0.593077 0.272432
vt 0.612929 0.259955
vt 0.609768 0.253102
vt 0.617399 0.252667
vt 0.593203 0.279064
vt 0.613549 0.303617
vt 0.614949 0.310552
vt 0.610653 0.306851
vt 0.588200 0.278891
vt 0.618588 0.248702
vt 0.617359 0.242221
vt 0.624460 0.246583
vt 0.608924 0.299523
vt 0.606307 0.303361
vt 0.604832 0.296931
vt 0.605572 0.293518
vt 0.598974 0.279680
vt 0.591287 0.283776
vt 0.601166 0.275156
vt 0.599145 0.285598
vt 0.607201 0.283312
vt 0.606508 0.276531
vt 0.554039 0.039848
vt 0.563893 0.040252
vt 0.558285 0.047568
vt 0.556139 0.036773
vt 0.667724 0.346515
vt 0.671757 0.339772
vt 0.678969 0.343721
vt 0.664646 0.339590
vt 0.657641 0.353830
vt 0.653398 0.350178
vt 0.662889 0.348523
vt 0.663542 0.353073
vt 0.650828 0.357650
vt 0.669760 0.353220
vt 0.614010 0.069389
vt 0.611389 0.074075
vt 0.606869 0.068991
vt 0.566358 0.050013
vt 0.579592 0.060466
vt 0.583242 0.069828
vt 0.576812 0.065971
vt 0.571951 0.053468
vt 0.569320 0.061423
vt 0.601607 0.077962
vt 0.609573 0.080980
vt 0.600215 0.070305
vt 0.588153 0.060470
vt 0.591279 0.069497
vt 0.594749 0.065177
vt 0.589895 0.074592
vt 0.596894 0.075663
vt 0.592180 0.080781
vt 0.603149 0.086232
vt 0.598213 0.087958
vt 0.595223 0.083457
vt 0.604207 0.080970
vt 0.652390 0.320579
vt 0.650049 0.312203
vt 0.656791 0.319504
vt 0.612890 0.061660
vt 0.612668 0.057689
vt 0.618221 0.062363
vt 0.620474 0.058856
vt 0.625535 0.060547
vt 0.625669 0.053486
vt 0.611455 0.049447
vt 0.603309 0.052471
vt 0.607459 0.060405
vt 0.599994 0.054974
vt 0.601340 0.062558
vt 0.590291 0.046357
vt 0.600699 0.045042
vt 0.634056 0.293355
vt 0.644154 0.302787
vt 0.632491 0.299914
vt 0.641589 0.307213
vt 0.645462 0.315733
vt 0.634324 0.311093
vt 0.642010 0.317712
vt 0.634063 0.317718
vt 0.632542 0.307295
vt 0.626395 0.304672
vt 0.628906 0.312301
vt 0.667916 0.331423
vt 0.668613 0.337285
vt 0.662447 0.333713
vt 0.576426 0.049091
vt 0.573356 0.044264
vt 0.582136 0.043137
vt 0.660282 0.327094
vt 0.655631 0.330506
vt 0.582604 0.051576
vt 0.585899 0.054346
vt 0.645548 0.324059
vt 0.653486 0.334656
vt 0.650430 0.332773
vt 0.645112 0.330097
vt 0.639261 0.328800
vt 0.657203 0.344854
vt 0.648564 0.341519
vt 0.643114 0.347385
vt 0.636786 0.335658
vt 0.641168 0.343045
vt 0.633241 0.325397
vt 0.545789 0.046432
vt 0.551989 0.051021
vt 0.617860 0.260332
vt 0.600023 0.292582
vt 0.606258 0.288724
vt 0.611627 0.087597
vt 0.554477 0.053206
vt 0.623210 0.251434
vt 0.621794 0.259244
vt 0.540298 0.053113
vt 0.550668 0.057194
vt 0.609833 0.294213
vt 0.615258 0.287562
vt 0.638530 0.098147
vt 0.639364 0.092386
vt 0.643627 0.095069
vt 0.549131 0.061266
vt 0.615580 0.300333
vt 0.620467 0.294904
vt 0.619081 0.305941
vt 0.614249 0.084876
vt 0.605633 0.243399
vt 0.617301 0.087633
vt 0.617827 0.078884
vt 0.615351 0.079781
vt 0.560601 0.057355
vt 0.660900 0.360619
vt 0.617367 0.266518
vt 0.609920 0.261447
vt 0.621179 0.079683
vt 0.570301 0.068893
vt 0.564757 0.071733
vt 0.577101 0.074913
vt 0.609772 0.269385
vt 0.556654 0.068352
vt 0.559563 0.072094
vt 0.602931 0.270615
vt 0.603295 0.264966
vt 0.584082 0.074990
vt 0.587748 0.086476
vt 0.579747 0.078964
vt 0.591114 0.090078
vt 0.567993 0.079191
vt 0.577414 0.085630
vt 0.618298 0.123444
vt 0.619763 0.119188
vt 0.628558 0.119345
vt 0.579579 0.093734
vt 0.590578 0.098580
vt 0.581195 0.098573
vt 0.586436 0.091680
vt 0.611847 0.276567
vt 0.610198 0.234215
vt 0.609269 0.240883
vt 0.614703 0.233807
vt 0.615443 0.239719
vt 0.627042 0.114553
vt 0.623334 0.108493
vt 0.620817 0.233940
vt 0.601188 0.108676
vt 0.609080 0.107659
vt 0.608576 0.112554
vt 0.615680 0.115803
vt 0.625572 0.102469
vt 0.617861 0.107775
vt 0.628331 0.108039
vt 0.620064 0.103501
vt 0.616662 0.272973
vt 0.602036 0.100541
vt 0.609001 0.103939
vt 0.591444 0.102173
vt 0.618460 0.277906
vt 0.602916 0.096224
vt 0.620995 0.313618
vt 0.615778 0.101016
vt 0.609041 0.099323
vt 0.608383 0.091181
vt 0.603347 0.091214
vt 0.645004 0.353001
vt 0.632049 0.336924
vt 0.632398 0.345272
vt 0.615581 0.096873
vt 0.628265 0.322962
vt 0.623940 0.330774
vt 0.622782 0.323210
vt 0.614740 0.323054
vt 0.615526 0.316134
vt 0.620558 0.318983
vt 0.601558 0.249429
vt 0.624071 0.269051
vt 0.605907 0.250932
vt 0.602477 0.253165
vt 0.607733 0.248879
vt 0.653108 0.362225
vt 0.647502 0.360032
vt 0.610676 0.246434
vt 0.649839 0.366529
vt 0.641782 0.365161
vt 0.640567 0.360305
vt 0.642089 0.355996
vt 0.603704 0.257841
vt 0.637779 0.084595
vt 0.636519 0.351422
vt 0.626859 0.260167
vt 0.647062 0.084752
vt 0.613775 0.243618
vt 0.622293 0.074663
vt 0.627592 0.080033
vt 0.634002 0.082362
vt 0.627680 0.084904
vt 0.626872 0.295634
vt 0.629654 0.075748
vt 0.631425 0.088018
vt 0.635453 0.088392
vt 0.622629 0.087182
vt 0.634200 0.092640
vt 0.632187 0.095169
vt 0.622923 0.094757
vt 0.627748 0.093243
vt 0.633856 0.105925
vt 0.623444 0.238694
vt 0.620438 0.069380
vt 0.624298 0.067525
vt 0.629767 0.066883
vt 0.628406 0.069819
vt 0.636992 0.071217
vt 0.635949 0.076953
vt 0.634978 0.063994
vt 0.633900 0.058469
vt 0.645209 0.074630
vt 0.640786 0.081525
vt 0.638220 0.065087
vt 0.626663 0.279494
vt 0.628735 0.286653
vt 0.623754 0.292131
vt 0.623452 0.285828
vt 0.628364 0.291176
vt 0.617093 0.283241
vt 0.634996 0.355583
vt 0.661938 0.367628
vt 0.666551 0.358114
vt 0.605646 0.405381
vt 0.612597 0.403337
vt 0.609420 0.411596
vt 0.668074 0.364869
vt 0.672142 0.372308
vt 0.609036 0.402750
vt 0.667327 0.376682
vt 0.607530 0.400233
vt 0.606499 0.393062
vt 0.676230 0.366402
vt 0.678462 0.372100
vt 0.613402 0.395044
vt 0.620531 0.392689
vt 0.676078 0.359450
vt 0.613059 0.388572
vt 0.685561 0.370963
vt 0.684168 0.363451
vt 0.679067 0.350774
vt 0.675604 0.354224
vt 0.546096 0.035376
vt 0.542401 0.039028
vt 0.628009 0.383471
vt 0.638597 0.385651
vt 0.638575 0.390540
vt 0.633302 0.372214
vt 0.694144 0.356565
vt 0.692998 0.365538
vt 0.685598 0.350936
vt 0.623750 0.390384
vt 0.621840 0.381496
vt 0.689220 0.354887
vt 0.631602 0.388373
vt 0.643554 0.389868
vt 0.647103 0.385685
vt 0.642019 0.380505
vt 0.641684 0.373428
vt 0.636679 0.374386
vt 0.655022 0.388343
vt 0.651542 0.381390
vt 0.658126 0.383991
vt 0.678669 0.388451
vt 0.676560 0.383103
vt 0.648931 0.376525
vt 0.676014 0.378955
vt 0.663339 0.382396
vt 0.684632 0.382995
vt 0.680530 0.390357
vt 0.655341 0.374191
vt 0.655678 0.370620
vt 0.681639 0.375445
vt 0.698322 0.372361
vt 0.697045 0.363094
vt 0.703833 0.370296
vt 0.529364 0.029582
vt 0.536123 0.032024
vt 0.689453 0.379730
vt 0.541318 0.032696
vt 0.689541 0.369740
vt 0.549897 0.322323
vt 0.598807 0.306373
vt 0.589579 0.298226
vt 0.598712 0.298487
vt 0.594489 0.294058
vt 0.589293 0.294596
vt 0.586051 0.303525
vt 0.583759 0.296688
vt 0.548329 0.311158
vt 0.553842 0.316107
vt 0.586556 0.307979
vt 0.590975 0.305881
vt 0.594985 0.288526
vt 0.566925 0.347062
vt 0.584634 0.289469
vt 0.599405 0.313664
vt 0.604471 0.315674
vt 0.593750 0.319474
vt 0.623940 0.342080
vt 0.631110 0.347311
vt 0.561257 0.339253
vt 0.557692 0.325989
vt 0.621071 0.334579
vt 0.612509 0.314874
vt 0.614387 0.330248
vt 0.608381 0.323198
vt 0.597097 0.310514
vt 0.560901 0.320211
vt 0.612854 0.326427
vt 0.606909 0.330754
vt 0.588173 0.312711
vt 0.603064 0.322518
vt 0.612111 0.343956
vt 0.612147 0.337372
vt 0.599666 0.331066
vt 0.615577 0.348609
vt 0.606104 0.339102
vt 0.624064 0.349270
vt 0.602149 0.337997
vt 0.606253 0.346252
vt 0.588156 0.362839
vt 0.593252 0.362130
vt 0.594599 0.368384
vt 0.593234 0.332834
vt 0.597020 0.324068
vt 0.598560 0.356126
vt 0.601138 0.363905
vt 0.597236 0.338382
vt 0.587570 0.329683
vt 0.604687 0.355719
vt 0.584072 0.336452
vt 0.594986 0.344126
vt 0.602033 0.344661
vt 0.595208 0.350010
vt 0.611733 0.353967
vt 0.586036 0.344359
vt 0.572551 0.331421
vt 0.579356 0.330357
vt 0.574683 0.342936
vt 0.576302 0.338715
vt 0.589350 0.349923
vt 0.593303 0.358460
vt 0.584265 0.357085
vt 0.581687 0.350202
vt 0.574708 0.350441
vt 0.561537 0.330323
vt 0.566966 0.339024
vt 0.560557 0.297338
vt 0.555575 0.303298
vt 0.559453 0.309149
vt 0.637023 0.365493
vt 0.604916 0.307355
vt 0.618236 0.376301
vt 0.615548 0.385546
vt 0.625663 0.378632
vt 0.563615 0.305135
vt 0.623244 0.372323
vt 0.569560 0.326000
vt 0.573528 0.322945
vt 0.602645 0.386919
vt 0.564386 0.308538
vt 0.566345 0.295261
vt 0.567244 0.300874
vt 0.573148 0.293474
vt 0.634941 0.361133
vt 0.630332 0.353563
vt 0.627494 0.363473
vt 0.619372 0.350505
vt 0.616849 0.355019
vt 0.624165 0.360714
vt 0.620770 0.357137
vt 0.617774 0.369236
vt 0.619563 0.364586
vt 0.617724 0.362509
vt 0.614295 0.377851
vt 0.611942 0.369841
vt 0.610650 0.360716
vt 0.605767 0.370675
vt 0.605982 0.367616
vt 0.607727 0.376289
vt 0.602018 0.372783
vt 0.602131 0.381181
vt 0.599070 0.379369
vt 0.594863 0.379401
vt 0.591571 0.374080
vt 0.586733 0.371610
vt 0.570753 0.302045
vt 0.584447 0.376214
vt 0.590348 0.379291
vt 0.597006 0.383905
vt 0.579772 0.362889
vt 0.571774 0.358762
vt 0.578387 0.286483
vt 0.572314 0.312236
vt 0.578585 0.322242
vt 0.602044 0.394543
vt 0.598707 0.388886
vt 0.580421 0.311825
vt 0.587808 0.323101
vt 0.582652 0.317899
vt 0.575933 0.308714
vt 0.591847 0.385827
vt 0.579570 0.304140
vt 0.523772 0.212325
vt 0.532836 0.211085
vt 0.530240 0.220318
vt 0.536961 0.233630
vt 0.524687 0.224735
vt 0.909008 0.449515
vt 0.906080 0.448217
vt 0.910054 0.443782
vt 0.913814 0.452147
vt 0.912966 0.448313
vt 0.908656 0.458459
vt 0.905960 0.453333
vt 0.510274 0.249020
vt 0.512202 0.254324
vt 0.505933 0.251406
vt 0.904732 0.459972
vt 0.533482 0.217262
vt 0.911613 0.462612
vt 0.908779 0.464630
vt 0.529074 0.148105
vt 0.532369 0.151975
vt 0.525253 0.155945
vt 0.513740 0.244150
vt 0.507757 0.242607
vt 0.506394 0.235708
vt 0.508502 0.237545
vt 0.498265 0.235431
vt 0.481691 0.234545
vt 0.485322 0.232154
vt 0.491680 0.238979
vt 0.534063 0.160178
vt 0.528941 0.160813
vt 0.498347 0.242692
vt 0.495390 0.227485
vt 0.490059 0.230702
vt 0.519952 0.160143
vt 0.514858 0.221511
vt 0.516286 0.213994
vt 0.526777 0.175264
vt 0.522226 0.168171
vt 0.499304 0.228443
vt 0.512261 0.165101
vt 0.509711 0.240592
vt 0.520562 0.193961
vt 0.511685 0.195490
vt 0.518633 0.189030
vt 0.512826 0.173997
vt 0.502936 0.245069
vt 0.524111 0.179158
vt 0.517194 0.180439
vt 0.507462 0.177726
vt 0.502620 0.249992
vt 0.498323 0.248044
vt 0.502560 0.173737
vt 0.501532 0.168676
vt 0.506536 0.171448
vt 0.509232 0.165350
vt 0.507479 0.182668
vt 0.493561 0.245945
vt 0.500032 0.181858
vt 0.523785 0.200817
vt 0.495762 0.178214
vt 0.499806 0.173601
vt 0.518717 0.203726
vt 0.506286 0.187555
vt 0.498796 0.192747
vt 0.496122 0.187600
vt 0.504643 0.192770
vt 0.908512 0.441885
vt 0.903142 0.443906
vt 0.482139 0.241063
vt 0.516249 0.184698
vt 0.490797 0.194494
vt 0.492624 0.203863
vt 0.494049 0.196496
vt 0.525803 0.189485
vt 0.485011 0.196276
vt 0.484184 0.188352
vt 0.500051 0.200096
vt 0.496816 0.200894
vt 0.512550 0.209306
vt 0.516053 0.200341
vt 0.903330 0.449153
vt 0.897414 0.443991
vt 0.488209 0.202208
vt 0.510822 0.199785
vt 0.489428 0.206722
vt 0.484177 0.203443
vt 0.480880 0.210760
vt 0.478949 0.203537
vt 0.498979 0.207086
vt 0.490117 0.214289
vt 0.483699 0.216182
vt 0.478698 0.230644
vt 0.479354 0.223939
vt 0.486530 0.228295
vt 0.483479 0.220179
vt 0.491275 0.223161
vt 0.512468 0.238935
vt 0.901647 0.455870
vt 0.513807 0.231823
vt 0.504150 0.229686
vt 0.478041 0.216309
vt 0.531869 0.204676
vt 0.474455 0.225012
vt 0.898673 0.450001
vt 0.505986 0.222101
vt 0.470890 0.214595
vt 0.473837 0.232572
vt 0.471143 0.237087
vt 0.498369 0.223756
vt 0.509358 0.227045
vt 0.520830 0.226320
vt 0.501606 0.217409
vt 0.494456 0.217718
vt 0.495552 0.213003
vt 0.498441 0.211479
vt 0.511152 0.219141
vt 0.506609 0.212760
vt 0.508261 0.205571
vt 0.541549 0.158414
vt 0.538390 0.172019
vt 0.529123 0.182456
vt 0.542713 0.179786
vt 0.546672 0.171035
vt 0.541879 0.185660
vt 0.551126 0.185939
vt 0.552013 0.181021
vt 0.546095 0.197883
vt 0.548198 0.189870
vt 0.558883 0.194855
vt 0.536419 0.183989
vt 0.892100 0.445937
vt 0.526150 0.242613
vt 0.522501 0.235939
vt 0.533640 0.238905
vt 0.533028 0.235947
vt 0.562457 0.208473
vt 0.557414 0.202265
vt 0.564372 0.203182
vt 0.550927 0.204417
vt 0.518975 0.238456
vt 0.518850 0.232122
vt 0.519148 0.242918
vt 0.529296 0.196506
vt 0.536748 0.194200
vt 0.533768 0.190910
vt 0.534020 0.201475
vt 0.542651 0.202361
vt 0.555377 0.213408
vt 0.540374 0.207697
vt 0.546920 0.215953
vt 0.543712 0.218549
vt 0.539526 0.228503
vt 0.033210 0.714418
vt 0.030784 0.720091
vt 0.028893 0.714205
vt 0.041678 0.718448
vt 0.023081 0.722155
vt 0.018694 0.718467
vt 0.452876 0.230048
vt 0.444290 0.226054
vt 0.452671 0.226500
vt 0.454865 0.219640
vt 0.449567 0.221041
vt 0.466361 0.224849
vt 0.462071 0.230526
vt 0.460662 0.238289
vt 0.459733 0.224889
vt 0.463541 0.239151
vt 0.433438 0.223346
vt 0.447670 0.218098
vt 0.440737 0.218008
vt 0.432087 0.218547
vt 0.436330 0.213001
vt 0.424842 0.226292
vt 0.471939 0.204009
vt 0.461545 0.213631
vt 0.465113 0.221543
vt 0.478780 0.197779
vt 0.468323 0.219223
vt 0.482221 0.112946
vt 0.488458 0.113645
vt 0.492472 0.119644
vt 0.485778 0.122233
vt 0.478680 0.120388
vt 0.479462 0.130746
vt 0.477963 0.124626
vt 0.489640 0.131373
vt 0.478513 0.106484
vt 0.472931 0.132838
vt 0.482215 0.140082
vt 0.469163 0.128117
vt 0.458811 0.216990
vt 0.453331 0.212890
vt 0.475118 0.138431
vt 0.490878 0.124888
vt 0.442363 0.230758
vt 0.474065 0.189307
vt 0.496394 0.125161
vt 0.507438 0.126800
vt 0.441702 0.211526
vt 0.499942 0.113456
vt 0.512443 0.131926
vt 0.521124 0.132669
vt 0.513690 0.135479
vt 0.503846 0.115085
vt 0.513337 0.126908
vt 0.459177 0.208423
vt 0.502830 0.131456
vt 0.419959 0.221397
vt 0.425711 0.221807
vt 0.516077 0.139360
vt 0.506777 0.140838
vt 0.423605 0.208806
vt 0.427945 0.209481
vt 0.421758 0.215562
vt 0.427893 0.213249
vt 0.416616 0.217342
vt 0.466306 0.212326
vt 0.529533 0.138665
vt 0.523534 0.142734
vt 0.515567 0.147473
vt 0.524916 0.147857
vt 0.518815 0.153485
vt 0.448418 0.208281
vt 0.489795 0.137868
vt 0.503908 0.140590
vt 0.513109 0.144420
vt 0.493693 0.144057
vt 0.484626 0.146238
vt 0.492590 0.149329
vt 0.505338 0.152417
vt 0.496140 0.153217
vt 0.512470 0.155740
vt 0.511244 0.150735
vt 0.512485 0.161151
vt 0.501966 0.156457
vt 0.465682 0.136491
vt 0.444047 0.206441
vt 0.437446 0.205206
vt 0.489876 0.156235
vt 0.500043 0.161902
vt 0.459238 0.141690
vt 0.477449 0.150486
vt 0.463035 0.151612
vt 0.474134 0.144115
vt 0.468784 0.184142
vt 0.475483 0.184144
vt 0.458493 0.151697
vt 0.490852 0.186585
vt 0.450984 0.154590
vt 0.447972 0.147975
vt 0.454134 0.158881
vt 0.456811 0.169545
vt 0.468135 0.169014
vt 0.463471 0.164651
vt 0.482469 0.184208
vt 0.487952 0.178957
vt 0.450110 0.167436
vt 0.464522 0.177478
vt 0.417744 0.206045
vt 0.483232 0.150525
vt 0.483889 0.156457
vt 0.492246 0.163332
vt 0.487774 0.165289
vt 0.466491 0.157930
vt 0.472170 0.159927
vt 0.477456 0.170383
vt 0.478728 0.164366
vt 0.486489 0.172648
vt 0.494542 0.168636
vt 0.475611 0.176619
vt 0.522242 0.074279
vt 0.526545 0.068824
vt 0.530553 0.071342
vt 0.533477 0.074169
vt 0.513727 0.094240
vt 0.518223 0.098325
vt 0.514752 0.102689
vt 0.523020 0.094392
vt 0.523912 0.102458
vt 0.528458 0.078117
vt 0.532797 0.102659
vt 0.534020 0.095032
vt 0.514500 0.074492
vt 0.519582 0.076903
vt 0.524226 0.083632
vt 0.515264 0.080012
vt 0.538238 0.062810
vt 0.547423 0.067619
vt 0.518763 0.087631
vt 0.527886 0.087962
vt 0.536974 0.090855
vt 0.535654 0.085910
vt 0.543719 0.089601
vt 0.544623 0.096534
vt 0.538868 0.070127
vt 0.513709 0.085258
vt 0.542337 0.083135
vt 0.558923 0.090277
vt 0.563039 0.089826
vt 0.559706 0.095201
vt 0.534145 0.081618
vt 0.553907 0.072359
vt 0.560371 0.079304
vt 0.577087 0.101632
vt 0.569410 0.091841
vt 0.567212 0.098654
vt 0.540901 0.077623
vt 0.545521 0.078623
vt 0.555710 0.084866
vt 0.552892 0.087556
vt 0.551136 0.077689
vt 0.553375 0.098477
vt 0.547476 0.099512
vt 0.558341 0.183407
vt 0.557162 0.176567
vt 0.062093 0.720700
vt 0.056312 0.717388
vt 0.063437 0.711342
vt 0.539353 0.104028
vt 0.072911 0.713541
vt 0.565267 0.194446
vt 0.503666 0.099534
vt 0.494004 0.103810
vt 0.510075 0.105393
vt 0.501858 0.103899
vt 0.554574 0.168713
vt 0.559345 0.168130
vt 0.546478 0.162010
vt 0.572428 0.188720
vt 0.571947 0.182349
vt 0.567682 0.179317
vt 0.528140 0.103641
vt 0.563040 0.173488
vt 0.080644 0.718590
vt 0.075153 0.719134
vt 0.579287 0.183971
vt 0.574269 0.173041
vt 0.570633 0.169592
vt 0.574054 0.167441
vt 0.576228 0.177647
vt 0.086107 0.719699
vt 0.095016 0.714670
vt 0.095045 0.722632
vt 0.583106 0.180420
vt 0.583780 0.171007
vt 0.547348 0.107846
vt 0.566779 0.166912
vt 0.532193 0.107685
vt 0.565684 0.158377
vt 0.576346 0.153284
vt 0.554268 0.140238
vt 0.554828 0.151686
vt 0.546423 0.145147
vt 0.552532 0.156955
vt 0.539428 0.155045
vt 0.541683 0.150595
vt 0.535978 0.109355
vt 0.558130 0.107298
vt 0.567207 0.148698
vt 0.560760 0.151962
vt 0.551681 0.112289
vt 0.576493 0.162424
vt 0.562121 0.115332
vt 0.097489 0.723770
vt 0.100091 0.718047
vt 0.565686 0.106435
vt 0.572060 0.115078
vt 0.570214 0.122373
vt 0.559688 0.120732
vt 0.552892 0.125590
vt 0.548480 0.113431
vt 0.106488 0.721068
vt 0.584135 0.163041
vt 0.588600 0.168265
vt 0.563347 0.126390
vt 0.587149 0.157515
vt 0.547978 0.124799
vt 0.545024 0.121295
vt 0.580796 0.154995
vt 0.539733 0.120380
vt 0.583440 0.102978
vt 0.582942 0.110001
vt 0.574707 0.105724
vt 0.562456 0.100914
vt 0.574822 0.109315
vt 0.566703 0.140366
vt 0.558119 0.134286
vt 0.121783 0.726848
vt 0.111393 0.730391
vt 0.119858 0.722941
vt 0.593530 0.163678
vt 0.112095 0.723252
vt 0.118058 0.731200
vt 0.122349 0.731185
vt 0.592332 0.156898
vt 0.596875 0.158862
vt 0.571764 0.144323
vt 0.576669 0.148101
vt 0.585299 0.149522
vt 0.598211 0.151363
vt 0.126155 0.726017
vt 0.603340 0.146674
vt 0.596629 0.143528
vt 0.129687 0.729032
vt 0.578464 0.139019
vt 0.561939 0.134344
vt 0.578927 0.134089
vt 0.585942 0.134462
vt 0.567472 0.132835
vt 0.590825 0.136522
vt 0.576280 0.130152
vt 0.585843 0.127230
vt 0.581390 0.118437
vt 0.535560 0.136879
vt 0.539476 0.145409
vt 0.548778 0.133971
vt 0.533949 0.114366
vt 0.534182 0.122105
vt 0.522896 0.107599
vt 0.528861 0.132202
vt 0.509782 0.119458
vt 0.512266 0.115066
vt 0.528214 0.125674
vt 0.523777 0.128180
vt 0.616442 0.135519
vt 0.608941 0.140927
vt 0.607775 0.133846
vt 0.607731 0.145074
vt 0.613345 0.147389
vt 0.601724 0.136516
vt 0.519083 0.120137
vt 0.604006 0.132930
vt 0.514471 0.114313
vt 0.520236 0.117560
vt 0.490482 0.107483
vt 0.607339 0.127048
vt 0.600062 0.130317
vt 0.610676 0.129455
vt 0.543103 0.139447
vt 0.542518 0.134543
vt 0.535705 0.128868
vt 0.593308 0.131790
vt 0.592346 0.109781
vt 0.593685 0.116062
vt 0.609602 0.122982
vt 0.598984 0.117462
vt 0.605863 0.120322
vt 0.600749 0.124385
vt 0.605888 0.116056
vt 0.526056 0.115854
vt 0.618140 0.127661
vt 0.597126 0.122426
vt 0.586427 0.123622
vt 0.592483 0.124098
vt 0.100405 0.768089
vt 0.100009 0.762889
vt 0.105474 0.767213
vt 0.093379 0.793143
vt 0.099045 0.800438
vt 0.093495 0.800838
vt 0.103766 0.763048
vt 0.100971 0.756072
vt 0.097963 0.759842
vt 0.093302 0.760808
vt 0.103313 0.751689
vt 0.105887 0.802836
vt 0.095409 0.806071
vt 0.104488 0.797300
vt 0.097283 0.792654
vt 0.103197 0.810719
vt 0.092881 0.739369
vt 0.098740 0.743916
vt 0.090626 0.744388
vt 0.110852 0.801101
vt 0.109911 0.806776
vt 0.090072 0.749862
vt 0.096122 0.749360
vt 0.074372 0.750863
vt 0.074787 0.757143
vt 0.072914 0.754263
vt 0.098494 0.738935
vt 0.096312 0.733939
vt 0.080131 0.752150
vt 0.067972 0.752991
vt 0.622904 0.147046
vt 0.619539 0.144027
vt 0.103552 0.744267
vt 0.616749 0.144611
vt 0.107187 0.745915
vt 0.101161 0.784757
vt 0.096742 0.781446
vt 0.134666 0.742962
vt 0.127698 0.741453
vt 0.128709 0.734981
vt 0.068206 0.761733
vt 0.123129 0.741300
vt 0.127357 0.745562
vt 0.103516 0.789490
vt 0.076364 0.766619
vt 0.082052 0.758676
vt 0.070905 0.745250
vt 0.078265 0.744840
vt 0.100793 0.777008
vt 0.106539 0.782204
vt 0.122106 0.734851
vt 0.087783 0.779836
vt 0.080032 0.784745
vt 0.082634 0.776926
vt 0.090292 0.774446
vt 0.087856 0.784562
vt 0.104902 0.777359
vt 0.108611 0.763108
vt 0.085512 0.772529
vt 0.081000 0.766084
vt 0.088550 0.762956
vt 0.092435 0.768987
vt 0.083162 0.736061
vt 0.085572 0.742662
vt 0.111350 0.775456
vt 0.091607 0.785263
vt 0.088934 0.794491
vt 0.110786 0.769381
vt 0.594345 0.214926
vt 0.138859 0.749863
vt 0.131565 0.750502
vt 0.133554 0.754538
vt 0.125735 0.750778
vt 0.122550 0.757498
vt 0.120205 0.752693
vt 0.120610 0.747392
vt 0.123390 0.762098
vt 0.123972 0.767209
vt 0.118420 0.769501
vt 0.132774 0.775666
vt 0.131813 0.771578
vt 0.131012 0.758338
vt 0.126131 0.763552
vt 0.128504 0.775606
vt 0.125593 0.772675
vt 0.131510 0.782163
vt 0.125906 0.783085
vt 0.125943 0.777371
vt 0.114465 0.787890
vt 0.120935 0.783999
vt 0.124079 0.790458
vt 0.111397 0.793914
vt 0.119624 0.794389
vt 0.121045 0.790401
vt 0.124405 0.798493
vt 0.120241 0.776855
vt 0.116490 0.782527
vt 0.118321 0.799749
vt 0.084699 0.752002
vt 0.121751 0.801571
vt 0.115236 0.804770
vt 0.090985 0.737298
vt 0.111411 0.782826
vt 0.093354 0.730911
vt 0.097657 0.730637
vt 0.096512 0.770734
vt 0.103344 0.732445
vt 0.120070 0.807664
vt 0.121480 0.811583
vt 0.116180 0.765089
vt 0.113957 0.811037
vt 0.108407 0.758983
vt 0.089033 0.757789
vt 0.115173 0.744377
vt 0.115222 0.737514
vt 0.114082 0.734436
vt 0.110069 0.735048
vt 0.115151 0.760641
vt 0.114000 0.756443
vt 0.106894 0.755824
vt 0.113763 0.750424
vt 0.112899 0.753185
vt 0.107129 0.750987
vt 0.086393 0.810274
vt 0.919923 0.377719
vt 0.916943 0.374371
vt 0.921624 0.370289
vt 0.936733 0.374180
vt 0.934845 0.365235
vt 0.078708 0.815101
vt 0.929693 0.371557
vt 0.934062 0.380376
vt 0.925788 0.381079
vt 0.921205 0.381891
vt 0.067452 0.797948
vt 0.072658 0.792431
vt 0.077833 0.793258
vt 0.074326 0.798985
vt 0.079687 0.803434
vt 0.085277 0.799490
vt 0.087304 0.805438
vt 0.923846 0.386061
vt 0.929102 0.393112
vt 0.927602 0.398744
vt 0.919048 0.391178
vt 0.008087 0.815583
vt 0.926369 0.361033
vt 0.912702 0.380519
vt 0.913111 0.392126
vt 0.914456 0.386368
vt 0.010765 0.794352
vt 0.015064 0.800919
vt 0.008206 0.800875
vt 0.018876 0.795561
vt 0.075864 0.806633
vt 0.907426 0.389159
vt 0.069140 0.803664
vt 0.119095 0.819202
vt 0.012024 0.783882
vt 0.022054 0.786131
vt 0.013674 0.774863
vt 0.019814 0.780417
vt 0.109269 0.812194
vt 0.115414 0.817148
vt 0.112131 0.817598
vt 0.114852 0.821959
vt 0.034293 0.795804
vt 0.027618 0.788764
vt 0.033376 0.790585
vt 0.096266 0.814475
vt 0.066978 0.812111
vt 0.023867 0.782425
vt 0.018466 0.772087
vt 0.902298 0.396421
vt 0.901420 0.399992
vt 0.897096 0.398427
vt 0.021474 0.769089
vt 0.898044 0.408074
vt 0.894001 0.404098
vt 0.019833 0.765124
vt 0.021958 0.761143
vt 0.025773 0.769389
vt 0.029543 0.760454
vt 0.033658 0.764716
vt 0.027934 0.775889
vt 0.892148 0.426939
vt 0.884735 0.428571
vt 0.885689 0.419804
vt 0.888382 0.433234
vt 0.015464 0.738671
vt 0.012200 0.733575
vt 0.019905 0.731599
vt 0.104306 0.815659
vt 0.890887 0.406781
vt 0.894807 0.410462
vt 0.887828 0.413220
vt 0.892475 0.418137
vt 0.024112 0.749569
vt 0.019556 0.746709
vt 0.022438 0.744298
vt 0.021630 0.753635
vt 0.026734 0.744073
vt 0.026373 0.735069
vt 0.030409 0.752075
vt 0.032305 0.742632
vt 0.007114 0.720653
vt 0.013104 0.719877
vt 0.009684 0.726632
vt 0.019304 0.723979
vt 0.014681 0.726470
vt 0.029823 0.729593
vt 0.015150 0.810675
vt 0.022166 0.814677
vt 0.025829 0.810481
vt 0.005313 0.805964
vt 0.019405 0.803772
vt 0.023976 0.806427
vt 0.032655 0.807605
vt 0.029334 0.801417
vt 0.033528 0.799174
vt 0.027071 0.795221
vt 0.089221 0.727807
vt 0.040205 0.800129
vt 0.085614 0.729728
vt 0.085380 0.723612
vt 0.079604 0.735119
vt 0.078490 0.730051
vt 0.036206 0.811634
vt 0.039245 0.806815
vt 0.073613 0.724812
vt 0.073374 0.734273
vt 0.065627 0.728697
vt 0.069272 0.721804
vt 0.064453 0.804021
vt 0.073352 0.738838
vt 0.045738 0.805773
vt 0.051566 0.797464
vt 0.052358 0.808174
vt 0.048307 0.813793
vt 0.043573 0.798124
vt 0.054054 0.812013
vt 0.061037 0.802203
vt 0.074791 0.771486
vt 0.078023 0.781228
vt 0.061988 0.792534
vt 0.074099 0.775100
vt 0.072753 0.782943
vt 0.074705 0.786822
vt 0.049156 0.788868
vt 0.058140 0.725104
vt 0.066528 0.737807
vt 0.061075 0.734762
vt 0.045557 0.735049
vt 0.042630 0.730822
vt 0.049502 0.726594
vt 0.042147 0.739572
vt 0.053826 0.733067
vt 0.057893 0.800990
vt 0.056855 0.792552
vt 0.050782 0.719866
vt 0.041859 0.724286
vt 0.060435 0.811496
vt 0.035870 0.727439
vt 0.037674 0.734503
vt 0.026962 0.721493
vt 0.042964 0.773874
vt 0.034959 0.782642
vt 0.034758 0.772634
vt 0.027587 0.781795
vt 0.057089 0.753492
vt 0.062529 0.748742
vt 0.060366 0.741675
vt 0.053657 0.746526
vt 0.064257 0.757836
vt 0.068074 0.770023
vt 0.063958 0.769032
vt 0.056966 0.763806
vt 0.066887 0.786923
vt 0.067325 0.778811
vt 0.059126 0.769634
vt 0.062869 0.777092
vt 0.063317 0.784107
vt 0.055963 0.774190
vt 0.049642 0.769124
vt 0.054419 0.786597
vt 0.050279 0.782843
vt 0.053366 0.749296
vt 0.047147 0.752150
vt 0.048624 0.741930
vt 0.040288 0.742938
vt 0.043330 0.756672
vt 0.046835 0.762713
vt 0.041816 0.750058
vt 0.037734 0.744331
vt 0.037923 0.749798
vt 0.042235 0.766381
vt 0.039481 0.763477
vt 0.036340 0.754891
vt 0.034191 0.758891
vt 0.042008 0.782090
vt 0.044618 0.790786
vt 0.041675 0.790591
vt 0.393555 0.114321
vt 0.420446 0.092512
vt 0.414792 0.097301
vt 0.416445 0.086575
vt 0.407145 0.090688
vt 0.149399 0.039353
vt 0.140309 0.043739
vt 0.412220 0.084614
vt 0.410816 0.118568
vt 0.407937 0.110305
vt 0.404237 0.107932
vt 0.397841 0.106465
vt 0.103022 0.026569
vt 0.094348 0.022399
vt 0.099959 0.018462
vt 0.101079 0.030233
vt 0.097940 0.028241
vt 0.390664 0.101372
vt 0.398624 0.100625
vt 0.429655 0.089000
vt 0.426680 0.100718
vt 0.410166 0.101515
vt 0.427084 0.082246
vt 0.435284 0.087119
vt 0.422158 0.085080
vt 0.133724 0.043440
vt 0.135763 0.037931
vt 0.134665 0.049782
vt 0.140209 0.052367
vt 0.131050 0.052191
vt 0.125531 0.047391
vt 0.425854 0.077231
vt 0.128757 0.040400
vt 0.417897 0.079043
vt 0.393385 0.095949
vt 0.130988 0.033199
vt 0.125203 0.038439
vt 0.413620 0.106068
vt 0.406726 0.078107
vt 0.401927 0.085000
vt 0.410114 0.027692
vt 0.402533 0.079348
vt 0.411143 0.078055
vt 0.406177 0.027982
vt 0.063184 0.017762
vt 0.115985 0.040773
vt 0.108238 0.043465
vt 0.112834 0.035793
vt 0.069223 0.019137
vt 0.069672 0.014049
vt 0.065156 0.023113
vt 0.065968 0.012014
vt 0.415041 0.033399
vt 0.409665 0.033562
vt 0.403179 0.030569
vt 0.074495 0.021565
vt 0.076005 0.012155
vt 0.080513 0.014827
vt 0.406293 0.040327
vt 0.403483 0.036884
vt 0.410546 0.038099
vt 0.399769 0.040433
vt 0.409937 0.048118
vt 0.403089 0.045177
vt 0.418267 0.044927
vt 0.405885 0.051832
vt 0.401432 0.049703
vt 0.082206 0.020722
vt 0.088728 0.018403
vt 0.396349 0.048378
vt 0.094262 0.017901
vt 0.090026 0.021941
vt 0.396184 0.053872
vt 0.400565 0.059130
vt 0.402188 0.095897
vt 0.420832 0.104674
vt 0.428904 0.045690
vt 0.395640 0.059625
vt 0.437566 0.054374
vt 0.416583 0.054799
vt 0.429686 0.056794
vt 0.435853 0.068311
vt 0.422439 0.065159
vt 0.423644 0.059372
vt 0.440545 0.059887
vt 0.452997 0.061994
vt 0.447636 0.066497
vt 0.120265 0.040005
vt 0.117274 0.047932
vt 0.408554 0.058039
vt 0.415138 0.064881
vt 0.431747 0.073548
vt 0.419788 0.072716
vt 0.410450 0.068722
vt 0.401793 0.062656
vt 0.431974 0.077823
vt 0.448330 0.076997
vt 0.412181 0.072336
vt 0.441718 0.082303
vt 0.126320 0.031449
vt 0.105016 0.038629
vt 0.102850 0.042218
vt 0.108207 0.047095
vt 0.394036 0.090716
vt 0.118680 0.031335
vt 0.106720 0.029394
vt 0.062650 0.028262
vt 0.113395 0.032603
vt 0.067271 0.028890
vt 0.064682 0.038235
vt 0.069838 0.033029
vt 0.077906 0.025322
vt 0.075697 0.030528
vt 0.073762 0.036006
vt 0.064750 0.043885
vt 0.403720 0.069760
vt 0.396622 0.068778
vt 0.121070 0.018213
vt 0.112193 0.026592
vt 0.109086 0.020187
vt 0.070485 0.040870
vt 0.396061 0.063991
vt 0.082488 0.034547
vt 0.081520 0.037486
vt 0.076656 0.046745
vt 0.081550 0.025978
vt 0.084012 0.026947
vt 0.088278 0.033115
vt 0.090245 0.036199
vt 0.091446 0.026971
vt 0.094538 0.028879
vt 0.096362 0.033645
vt 0.092440 0.040010
vt 0.098119 0.036686
vt 0.086743 0.041014
vt 0.082908 0.040179
vt 0.097239 0.047619
vt 0.095513 0.042586
vt 0.085962 0.046498
vt 0.092925 0.048027
vt 0.101748 0.032598
vt 0.104172 0.018898
vt 0.131203 0.100695
vt 0.131166 0.093872
vt 0.136548 0.095296
vt 0.146942 0.081907
vt 0.142354 0.072092
vt 0.139326 0.075090
vt 0.140712 0.080427
vt 0.136089 0.076424
vt 0.138706 0.101102
vt 0.145064 0.087323
vt 0.145623 0.090935
vt 0.134545 0.092605
vt 0.113055 0.100784
vt 0.139950 0.089315
vt 0.127831 0.088717
vt 0.127574 0.100000
vt 0.120496 0.095170
vt 0.124610 0.092484
vt 0.134264 0.082329
vt 0.116036 0.093769
vt 0.111773 0.092363
vt 0.133011 0.087506
vt 0.103204 0.095079
vt 0.100377 0.098869
vt 0.103787 0.089963
vt 0.126570 0.084677
vt 0.068936 0.051956
vt 0.069655 0.047690
vt 0.098815 0.092826
vt 0.090606 0.099834
vt 0.075333 0.051603
vt 0.087907 0.092079
vt 0.092266 0.091384
vt 0.088882 0.096106
vt 0.084012 0.092315
vt 0.090070 0.085645
vt 0.131324 0.077740
vt 0.129911 0.074637
vt 0.084898 0.083222
vt 0.082076 0.053439
vt 0.137010 0.065904
vt 0.134056 0.056336
vt 0.145316 0.068270
vt 0.096088 0.053510
vt 0.087012 0.052417
vt 0.090238 0.054770
vt 0.068439 0.058225
vt 0.066870 0.065383
vt 0.067570 0.067869
vt 0.071710 0.061044
vt 0.077054 0.057644
vt 0.075922 0.062055
vt 0.069669 0.069809
vt 0.079570 0.065578
vt 0.075951 0.074523
vt 0.066757 0.074680
vt 0.073154 0.073446
vt 0.068466 0.081918
vt 0.071777 0.078369
vt 0.075963 0.082800
vt 0.082966 0.059177
vt 0.088296 0.060785
vt 0.084548 0.071308
vt 0.078181 0.079281
vt 0.073207 0.085573
vt 0.093145 0.064592
vt 0.081190 0.084214
vt 0.088130 0.065308
vt 0.091977 0.074569
vt 0.092326 0.069805
vt 0.095459 0.055299
vt 0.098001 0.058718
vt 0.100714 0.054509
vt 0.102878 0.059190
vt 0.102932 0.061706
vt 0.098393 0.066658
vt 0.103372 0.070620
vt 0.086000 0.079715
vt 0.094860 0.079541
vt 0.094427 0.085896
vt 0.100128 0.082121
vt 0.107311 0.079178
vt 0.110510 0.082755
vt 0.078515 0.094845
vt 0.080374 0.088685
vt 0.142692 0.060815
vt 0.103838 0.050461
vt 0.107237 0.050792
vt 0.105066 0.055059
vt 0.124386 0.079139
vt 0.109778 0.053768
vt 0.107143 0.061733
vt 0.114197 0.051999
vt 0.112560 0.058271
vt 0.068934 0.089811
vt 0.124905 0.067978
vt 0.129639 0.070682
vt 0.122246 0.057581
vt 0.121235 0.054401
vt 0.117973 0.063830
vt 0.125813 0.054076
vt 0.127011 0.060525
vt 0.130343 0.067084
vt 0.132462 0.062879
vt 0.108681 0.069871
vt 0.112165 0.066351
vt 0.112302 0.074129
vt 0.115832 0.073596
vt 0.122973 0.071834
vt 0.121999 0.063467
vt 0.116551 0.078706
vt 0.116782 0.088345
vt 0.120927 0.085693
vt 0.412067 0.210592
vt 0.454213 0.123901
vt 0.459906 0.128257
vt 0.457303 0.129485
vt 0.404087 0.212343
vt 0.407492 0.214882
vt 0.411173 0.218322
vt 0.402116 0.207267
vt 0.437460 0.118769
vt 0.437708 0.128087
vt 0.435243 0.122308
vt 0.425310 0.120098
vt 0.422546 0.115982
vt 0.445320 0.122403
vt 0.455909 0.069721
vt 0.462219 0.072564
vt 0.156600 0.110093
vt 0.158106 0.115166
vt 0.161185 0.114590
vt 0.165630 0.115848
vt 0.167393 0.123738
vt 0.462278 0.077307
vt 0.428846 0.113864
vt 0.452903 0.120543
vt 0.453550 0.080886
vt 0.397564 0.210372
vt 0.444052 0.113690
vt 0.437927 0.110424
vt 0.449585 0.127864
vt 0.447329 0.087741
vt 0.453230 0.113128
vt 0.442662 0.091946
vt 0.154344 0.105017
vt 0.153093 0.097471
vt 0.433960 0.095183
vt 0.150856 0.110961
vt 0.149778 0.102146
vt 0.146619 0.107913
vt 0.461150 0.118054
vt 0.443983 0.107367
vt 0.148370 0.095371
vt 0.145863 0.097797
vt 0.137390 0.106472
vt 0.140192 0.111130
vt 0.142833 0.107079
vt 0.144064 0.102242
vt 0.470112 0.079811
vt 0.462032 0.084987
vt 0.473838 0.090213
vt 0.467431 0.089550
vt 0.481128 0.091081
vt 0.477489 0.095882
vt 0.462198 0.094382
vt 0.456932 0.085994
vt 0.464416 0.098943
vt 0.473116 0.106953
vt 0.489208 0.098351
vt 0.480539 0.099323
vt 0.430493 0.106327
vt 0.437433 0.099906
vt 0.474201 0.116289
vt 0.454450 0.091150
vt 0.452203 0.101326
vt 0.450872 0.096589
vt 0.457854 0.106188
vt 0.468300 0.108385
vt 0.468285 0.113374
vt 0.453990 0.138556
vt 0.445357 0.133078
vt 0.425319 0.128473
vt 0.428563 0.137693
vt 0.439770 0.143921
vt 0.433584 0.141286
vt 0.437647 0.136690
vt 0.419551 0.111080
vt 0.424232 0.135276
vt 0.503368 0.062307
vt 0.498812 0.056916
vt 0.506897 0.075093
vt 0.507283 0.059697
vt 0.509955 0.069828
vt 0.511201 0.066333
vt 0.910810 0.427715
vt 0.914704 0.432763
vt 0.909149 0.430917
vt 0.912688 0.422816
vt 0.905608 0.428061
vt 0.902429 0.441212
vt 0.905307 0.432640
vt 0.910702 0.438901
vt 0.917007 0.424524
vt 0.917224 0.414108
vt 0.921237 0.432657
vt 0.919964 0.437338
vt 0.914167 0.435452
vt 0.900541 0.434770
vt 0.896845 0.428808
vt 0.901124 0.427235
vt 0.907810 0.422915
vt 0.903993 0.420227
vt 0.918374 0.399829
vt 0.891022 0.439744
vt 0.892337 0.435888
vt 0.898103 0.433791
vt 0.912357 0.398697
vt 0.918151 0.408723
vt 0.921458 0.406992
vt 0.913644 0.408890
vt 0.907835 0.406977
vt 0.910554 0.411044
vt 0.895773 0.422941
vt 0.898894 0.417986
vt 0.903388 0.404688
vt 0.908401 0.402048
vt 0.901334 0.408551
vt 0.913520 0.441634
vt 0.909531 0.417109
s 1
usemtl namaqualand_stones_01
f 1/1/1 2/2/2 3/3/3
f 2/2/2 1/1/1 4/4/4
f 5/5/5 6/6/6 7/7/7
f 8/8/8 9/9/9 10/10/10
f 3/3/3 11/11/11 12/12/12
f 13/13/13 7/7/7 6/6/6
f 14/14/14 2/2/2 4/4/4
f 1587/15/1587 15/16/15 16/17/16
f 1588/18/1588 15/16/15 1589/19/1589
f 12/12/12 17/20/17 3/3/3
f 15/16/15 1587/15/1587 1590/21/1590
f 18/22/18 15/23/15 1588/24/1588
f 1589/19/1589 15/16/15 1590/21/1590
f 19/25/19 15/23/15 18/22/18
f 19/26/19 16/17/16 15/16/15
f 20/27/20 21/28/21 22/29/22
f 23/30/23 16/17/16 19/26/19
f 2/2/2 14/14/14 24/31/24
f 23/30/23 19/26/19 22/32/22
f 20/27/20 25/33/25 26/34/26
f 26/34/26 21/28/21 20/27/20
f 5/5/5 27/35/27 9/9/9
f 6/6/6 5/5/5 9/9/9
f 9/9/9 8/8/8 6/6/6
f 19/25/19 20/27/20 22/29/22
f 10/10/10 9/9/9 27/35/27
f 11/11/11 28/36/28 12/12/12
f 3/3/3 2/2/2 11/11/11
f 24/31/24 11/11/11 2/2/2
f 17/20/17 12/12/12 28/36/28
f 11/11/11 29/37/29 28/36/28
f 30/38/30 11/11/11 24/31/24
f 31/39/31 32/40/32 33/41/33
f 1591/42/1591 34/43/34 1592/44/1592
f 16/17/16 34/43/34 1587/15/1587
f 1587/15/1587 34/43/34 1591/42/1591
f 35/45/35 16/17/16 33/41/33
f 33/41/33 16/17/16 23/30/23
f 36/46/36 35/45/35 33/41/33
f 35/45/35 34/43/34 16/17/16
f 23/30/23 31/39/31 33/41/33
f 8/8/8 37/47/37 38/48/38
f 31/39/31 22/32/22 39/49/39
f 40/50/40 37/47/37 41/51/41
f 22/32/22 31/39/31 23/30/23
f 42/52/42 43/53/43 44/54/44
f 10/10/10 37/47/37 8/8/8
f 37/47/37 40/50/40 38/48/38
f 35/45/35 1592/44/1592 34/43/34
f 45/55/45 46/56/46 47/57/47
f 21/28/21 48/58/48 49/59/49
f 50/60/50 51/61/51 45/55/45
f 21/28/21 52/62/52 22/29/22
f 22/32/22 52/63/52 39/49/39
f 21/28/21 49/59/49 52/62/52
f 21/28/21 26/34/26 53/64/53
f 53/64/53 48/58/48 21/28/21
f 54/65/54 49/59/49 55/66/55
f 55/66/55 45/55/45 47/57/47
f 48/58/48 55/66/55 49/59/49
f 52/62/52 49/59/49 54/65/54
f 56/67/56 55/66/55 57/68/57
f 54/65/54 55/66/55 56/67/56
f 50/60/50 45/55/45 48/58/48
f 57/68/57 47/57/47 58/69/58
f 59/70/59 42/52/42 60/71/60
f 48/58/48 53/64/53 50/60/50
f 61/72/61 57/68/57 58/69/58
f 62/73/62 63/74/63 61/72/61
f 57/68/57 61/72/61 60/75/60
f 63/74/63 59/76/59 61/72/61
f 58/69/58 62/73/62 61/72/61
f 60/75/60 61/72/61 59/76/59
f 60/71/60 64/77/64 56/78/56
f 65/79/65 66/80/66 46/56/46
f 55/66/55 48/58/48 45/55/45
f 46/56/46 66/80/66 47/57/47
f 57/68/57 60/75/60 56/67/56
f 66/80/66 65/79/65 67/81/67
f 68/82/68 67/81/67 65/79/65
f 66/80/66 67/81/67 58/69/58
f 47/57/47 57/68/57 55/66/55
f 69/83/69 70/84/70 32/40/32
f 14/14/14 4/4/4 71/85/71
f 39/49/39 52/63/52 72/86/72
f 66/80/66 58/69/58 47/57/47
f 41/51/41 29/37/29 73/87/73
f 37/47/37 10/10/10 41/51/41
f 69/83/69 32/40/32 39/49/39
f 31/39/31 39/49/39 32/40/32
f 58/69/58 67/81/67 62/73/62
f 54/88/54 72/86/72 52/63/52
f 41/51/41 73/87/73 40/50/40
f 74/89/74 41/51/41 75/90/75
f 30/38/30 73/87/73 29/37/29
f 54/88/54 64/77/64 72/86/72
f 72/86/72 69/83/69 39/49/39
f 64/77/64 69/83/69 72/86/72
f 76/91/76 77/92/77 4/4/4
f 41/51/41 10/10/10 75/90/75
f 64/77/64 42/52/42 44/54/44
f 54/88/54 56/78/56 64/77/64
f 75/90/75 78/93/78 74/89/74
f 29/37/29 74/89/74 28/36/28
f 78/93/78 28/36/28 74/89/74
f 29/37/29 41/51/41 74/89/74
f 79/94/79 28/36/28 78/93/78
f 42/52/42 64/77/64 60/71/60
f 80/95/80 81/96/81 82/97/82
f 43/53/43 83/98/83 84/99/84
f 85/100/85 86/101/86 83/98/83
f 28/36/28 79/94/79 17/20/17
f 87/102/87 27/35/27 5/5/5
f 88/103/88 76/91/76 4/4/4
f 27/35/27 89/104/89 81/96/81
f 90/105/90 91/106/91 92/107/92
f 87/102/87 89/104/89 27/35/27
f 93/108/93 94/109/94 59/76/59
f 63/74/63 93/108/93 59/76/59
f 95/110/95 96/111/96 97/112/97
f 98/113/98 97/112/97 96/111/96
f 95/110/95 63/74/63 96/111/96
f 99/114/99 96/111/96 63/74/63
f 99/114/99 63/74/63 62/73/62
f 95/110/95 93/108/93 63/74/63
f 99/114/99 62/73/62 100/115/100
f 99/114/99 100/115/100 101/116/101
f 99/114/99 101/116/101 102/117/102
f 99/114/99 102/117/102 96/111/96
f 102/117/102 103/118/103 98/113/98
f 100/115/100 62/73/62 67/81/67
f 101/116/101 104/119/104 102/117/102
f 98/113/98 96/111/96 102/117/102
f 104/119/104 105/120/105 103/118/103
f 43/53/43 42/52/42 94/121/94
f 42/52/42 59/70/59 94/121/94
f 104/119/104 103/118/103 102/117/102
f 94/109/94 93/108/93 95/110/95
f 83/98/83 95/122/95 85/100/85
f 97/112/97 85/123/85 95/110/95
f 95/122/95 83/98/83 94/121/94
f 104/119/104 101/116/101 106/124/106
f 83/98/83 43/53/43 94/121/94
f 107/125/107 85/123/85 97/112/97
f 108/126/108 92/107/92 91/106/91
f 103/118/103 97/112/97 98/113/98
f 107/125/107 109/127/109 85/123/85
f 80/95/80 110/128/110 10/10/10
f 107/125/107 97/112/97 111/129/111
f 111/129/111 112/130/112 107/125/107
f 113/131/113 90/105/90 76/91/76
f 27/35/27 80/95/80 10/10/10
f 80/95/80 27/35/27 81/96/81
f 114/132/114 111/129/111 105/120/105
f 103/118/103 111/129/111 97/112/97
f 111/129/111 103/118/103 105/120/105
f 115/133/115 81/96/81 89/104/89
f 116/134/116 115/133/115 89/104/89
f 112/130/112 111/129/111 114/132/114
f 113/131/113 91/106/91 90/105/90
f 115/133/115 117/135/117 114/132/114
f 118/136/118 17/20/17 119/137/119
f 117/135/117 115/133/115 116/134/116
f 82/97/82 81/96/81 120/138/120
f 115/133/115 120/138/120 81/96/81
f 114/132/114 105/120/105 115/133/115
f 110/128/110 80/95/80 82/97/82
f 115/133/115 105/120/105 120/138/120
f 114/132/114 117/135/117 112/130/112
f 110/128/110 82/97/82 121/139/121
f 120/138/120 105/120/105 104/119/104
f 121/139/121 75/90/75 110/128/110
f 122/140/122 120/138/120 104/119/104
f 123/141/123 79/94/79 78/93/78
f 10/10/10 110/128/110 75/90/75
f 124/142/124 65/79/65 46/56/46
f 78/93/78 75/90/75 121/139/121
f 123/141/123 121/139/121 82/97/82
f 78/93/78 121/139/121 123/141/123
f 119/137/119 79/94/79 123/141/123
f 125/143/125 126/144/126 127/145/127
f 1593/146/1593 1594/147/1594 18/22/18
f 1/1/1 17/20/17 128/148/128
f 1593/146/1593 18/22/18 1595/149/1595
f 18/22/18 1588/24/1588 1595/149/1595
f 19/25/19 18/22/18 25/33/25
f 129/150/129 25/33/25 18/22/18
f 1596/151/1596 130/152/130 1594/147/1594
f 1596/151/1596 131/153/131 130/152/130
f 130/152/130 129/150/129 18/22/18
f 20/27/20 19/25/19 25/33/25
f 1594/147/1594 130/152/130 18/22/18
f 53/64/53 26/34/26 127/145/127
f 127/145/127 26/34/26 25/33/25
f 25/33/25 129/150/129 127/145/127
f 127/145/127 129/150/129 131/153/131
f 118/136/118 128/148/128 17/20/17
f 1596/151/1596 1597/154/1597 132/155/132
f 1597/154/1597 1598/156/1598 132/155/132
f 1596/151/1596 132/155/132 133/157/133
f 132/155/132 1598/156/1598 133/157/133
f 1597/154/1597 1599/158/1599 1598/156/1598
f 134/159/134 133/157/133 1598/156/1598
f 125/143/125 135/160/135 136/161/136
f 136/161/136 135/160/135 91/106/91
f 129/150/129 130/152/130 131/153/131
f 125/143/125 137/162/137 126/144/126
f 133/157/133 131/153/131 1596/151/1596
f 131/153/131 135/160/135 125/143/125
f 17/20/17 79/94/79 119/137/119
f 131/153/131 133/157/133 135/160/135
f 138/163/138 119/137/119 123/141/123
f 1/1/1 3/3/3 17/20/17
f 82/97/82 120/138/120 122/140/122
f 131/153/131 125/143/125 127/145/127
f 138/163/138 118/136/118 119/137/119
f 138/163/138 128/148/128 118/136/118
f 122/140/122 123/141/123 82/97/82
f 122/140/122 106/124/106 139/164/139
f 4/4/4 1/1/1 140/165/140
f 139/164/139 123/141/123 122/140/122
f 106/124/106 122/140/122 104/119/104
f 141/166/141 134/159/134 1598/156/1598
f 106/124/106 101/116/101 100/115/100
f 1600/167/1600 141/166/141 1598/156/1598
f 141/166/141 142/168/142 134/159/134
f 1601/169/1601 141/166/141 1600/167/1600
f 134/159/134 135/160/135 133/157/133
f 143/170/143 142/168/142 141/166/141
f 92/107/92 108/126/108 142/168/142
f 91/106/91 135/160/135 108/126/108
f 1601/169/1601 143/170/143 141/166/141
f 144/171/144 124/142/124 140/165/140
f 144/171/144 140/165/140 1/1/1
f 134/159/134 108/126/108 135/160/135
f 106/124/106 100/115/100 139/164/139
f 139/164/139 67/81/67 68/82/68
f 142/168/142 108/126/108 134/159/134
f 100/115/100 67/81/67 139/164/139
f 139/164/139 138/163/138 123/141/123
f 1/1/1 128/148/128 144/171/144
f 138/163/138 68/82/68 128/148/128
f 139/164/139 68/82/68 138/163/138
f 127/145/127 126/144/126 50/60/50
f 11/11/11 30/38/30 29/37/29
f 51/61/51 50/60/50 126/144/126
f 51/61/51 126/144/126 145/172/145
f 51/61/51 46/56/46 45/55/45
f 146/173/146 140/165/140 124/142/124
f 51/61/51 146/173/146 124/142/124
f 124/142/124 46/56/46 51/61/51
f 53/64/53 127/145/127 50/60/50
f 136/161/136 145/172/145 137/162/137
f 126/144/126 137/162/137 145/172/145
f 113/131/113 136/161/136 91/106/91
f 145/172/145 146/173/146 51/61/51
f 88/103/88 146/173/146 145/172/145
f 136/161/136 137/162/137 125/143/125
f 113/131/113 145/172/145 136/161/136
f 113/131/113 88/103/88 145/172/145
f 140/165/140 88/103/88 4/4/4
f 146/173/146 88/103/88 140/165/140
f 124/142/124 144/171/144 65/79/65
f 88/103/88 113/131/113 76/91/76
f 65/79/65 144/171/144 128/148/128
f 68/82/68 65/79/65 128/148/128
f 147/174/147 148/175/148 149/176/149
f 150/177/150 149/176/149 151/178/151
f 152/179/152 153/180/153 147/174/147
f 150/177/150 152/179/152 147/174/147
f 147/174/147 149/176/149 150/177/150
f 152/179/152 150/177/150 154/181/154
f 151/178/151 154/181/154 150/177/150
f 155/182/155 154/181/154 156/183/156
f 154/181/154 151/178/151 157/184/157
f 155/182/155 152/179/152 154/181/154
f 156/183/156 154/181/154 158/185/158
f 157/184/157 159/186/159 160/187/160
f 158/185/158 154/181/154 157/184/157
f 161/188/161 162/189/162 163/190/163
f 1602/191/1602 1603/192/1603 164/193/164
f 1604/194/1604 1605/195/1605 165/196/165
f 1605/195/1605 166/197/166 165/196/165
f 164/193/164 166/197/166 1605/195/1605
f 164/193/164 1603/192/1603 167/198/167
f 168/199/168 169/200/169 156/183/156
f 164/193/164 1605/195/1605 1606/201/1606
f 157/184/157 160/187/160 158/185/158
f 1602/191/1602 164/193/164 1606/201/1606
f 170/202/170 171/203/171 172/204/172
f 173/205/173 161/188/161 174/206/174
f 175/207/175 171/203/171 176/208/176
f 162/189/162 161/188/161 173/205/173
f 168/199/168 156/183/156 158/185/158
f 168/199/168 177/209/177 178/210/178
f 175/207/175 172/204/172 171/203/171
f 166/197/166 1607/211/1607 1604/194/1604
f 166/197/166 1604/194/1604 165/196/165
f 1608/212/1608 1609/213/1609 1610/214/1610
f 1609/213/1609 1608/212/1608 179/215/179
f 1608/212/1608 1611/216/1611 179/215/179
f 180/217/180 179/215/179 181/218/181
f 178/210/178 162/189/162 169/200/169
f 1611/216/1611 1607/211/1607 166/197/166
f 182/219/182 183/220/183 184/221/184
f 182/219/182 184/221/184 180/217/180
f 184/221/184 183/220/183 1612/222/1612
f 1612/222/1612 1609/213/1609 184/221/184
f 185/223/185 180/217/180 181/218/181
f 186/224/186 171/203/171 170/202/170
f 180/217/180 184/221/184 1609/213/1609
f 179/215/179 1611/216/1611 166/197/166
f 182/219/182 180/217/180 185/223/185
f 187/225/187 166/197/166 164/193/164
f 180/217/180 1609/213/1609 179/215/179
f 185/223/185 188/226/188 182/219/182
f 181/218/181 191/227/191 185/223/185
f 192/228/192 193/229/193 191/227/191
f 162/189/162 178/210/178 194/230/194
f 195/231/195 193/229/193 196/232/196
f 194/230/194 178/210/178 177/209/177
f 197/233/197 176/208/176 198/234/198
f 199/235/199 175/207/175 176/208/176
f 199/235/199 176/208/176 197/233/197
f 194/230/194 200/236/200 162/189/162
f 201/237/201 197/233/197 202/238/202
f 200/236/200 163/190/163 162/189/162
f 203/239/203 161/188/161 163/190/163
f 204/240/204 163/190/163 200/236/200
f 191/227/191 181/218/181 192/228/192
f 205/241/205 203/239/203 163/190/163
f 163/190/163 204/240/204 205/241/205
f 1613/242/1613 1614/243/1614 206/244/206
f 162/189/162 156/183/156 169/200/169
f 207/245/207 1615/246/1615 1616/247/1616
f 1615/246/1615 207/245/207 208/248/208
f 207/245/207 1616/247/1616 1617/249/1617
f 207/245/207 1618/250/1618 1613/242/1613
f 209/251/209 156/183/156 162/189/162
f 1619/252/1619 210/253/210 1614/243/1614
f 207/245/207 1617/249/1617 1618/250/1618
f 210/253/210 206/244/206 1614/243/1614
f 207/245/207 1613/242/1613 206/244/206
f 211/254/211 212/255/212 206/244/206
f 206/244/206 210/253/210 211/254/211
f 162/189/162 173/205/173 209/251/209
f 213/256/213 207/245/207 206/244/206
f 211/254/211 214/257/214 212/255/212
f 215/258/215 1620/259/1620 1621/260/1621
f 215/258/215 216/261/216 1620/259/1620
f 1622/262/1622 217/263/217 1621/260/1621
f 1620/259/1620 210/253/210 1619/252/1619
f 217/263/217 215/258/215 1621/260/1621
f 218/264/218 217/263/217 1622/262/1622
f 216/261/216 210/253/210 1620/259/1620
f 211/254/211 216/261/216 217/263/217
f 219/265/219 217/263/217 218/264/218
f 211/254/211 217/263/217 219/265/219
f 210/253/210 216/261/216 211/254/211
f 201/237/201 220/266/220 221/267/221
f 213/256/213 206/244/206 212/255/212
f 201/237/201 221/267/221 197/233/197
f 220/266/220 201/237/201 148/175/148
f 222/268/222 201/237/201 202/238/202
f 149/176/149 201/237/201 223/269/223
f 148/175/148 201/237/201 149/176/149
f 221/267/221 199/235/199 197/233/197
f 217/263/217 216/261/216 215/258/215
f 186/224/186 224/270/224 171/203/171
f 213/256/213 212/255/212 225/271/225
f 214/257/214 226/272/226 212/255/212
f 225/271/225 227/273/227 228/274/228
f 219/265/219 229/275/229 226/272/226
f 219/265/219 226/272/226 214/257/214
f 224/270/224 230/276/230 198/234/198
f 211/254/211 219/265/219 214/257/214
f 231/277/231 232/278/232 233/279/233
f 234/280/234 235/281/235 236/282/236
f 235/281/235 237/283/237 236/282/236
f 226/272/226 237/283/237 235/281/235
f 236/282/236 237/283/237 238/284/238
f 229/275/229 237/283/237 226/272/226
f 238/284/238 237/283/237 239/285/239
f 240/286/240 227/273/227 235/281/235
f 227/273/227 240/286/240 228/274/228
f 241/287/241 242/288/242 190/289/190
f 240/286/240 234/280/234 242/288/242
f 242/288/242 243/290/243 190/289/190
f 244/291/244 245/292/245 242/288/242
f 242/288/242 246/293/246 243/290/243
f 235/281/235 212/255/212 226/272/226
f 236/282/236 238/284/238 247/294/247
f 245/292/245 246/293/246 242/288/242
f 248/295/248 247/294/247 238/284/238
f 249/296/249 234/280/234 236/282/236
f 168/199/168 250/297/250 177/209/177
f 249/296/249 236/282/236 247/294/247
f 247/294/247 251/298/251 252/299/252
f 176/208/176 171/203/171 198/234/198
f 168/199/168 158/185/158 160/187/160
f 249/296/249 247/294/247 252/299/252
f 253/300/253 161/188/161 254/301/254
f 240/286/240 242/288/242 241/287/241
f 234/280/234 240/286/240 235/281/235
f 244/291/244 242/288/242 234/280/234
f 235/281/235 227/273/227 212/255/212
f 198/234/198 171/203/171 224/270/224
f 255/302/255 202/238/202 233/279/233
f 256/303/256 244/291/244 249/296/249
f 257/304/257 161/188/161 253/300/253
f 230/276/230 224/270/224 258/305/258
f 257/304/257 259/306/259 174/206/174
f 225/271/225 212/255/212 227/273/227
f 198/234/198 230/276/230 231/277/231
f 198/234/198 202/238/202 197/233/197
f 249/296/249 244/291/244 234/280/234
f 208/248/208 260/307/260 1615/246/1615
f 168/199/168 160/187/160 250/297/250
f 208/248/208 207/245/207 213/256/213
f 208/248/208 213/256/213 261/308/261
f 261/308/261 262/309/262 208/248/208
f 167/198/167 262/309/262 263/310/263
f 1615/246/1615 260/307/260 167/198/167
f 262/309/262 167/198/167 264/311/264
f 167/198/167 1603/192/1603 1615/246/1615
f 262/309/262 264/311/264 208/248/208
f 264/311/264 167/198/167 260/307/260
f 265/312/265 263/310/263 262/309/262
f 256/303/256 245/292/245 244/291/244
f 198/234/198 233/279/233 202/238/202
f 265/312/265 266/313/266 263/310/263
f 164/193/164 167/198/167 187/225/187
f 263/310/263 187/225/187 167/198/167
f 266/313/266 187/225/187 263/310/263
f 260/307/260 208/248/208 264/311/264
f 265/312/265 262/309/262 261/308/261
f 267/314/267 179/215/179 166/197/166
f 266/313/266 268/315/268 187/225/187
f 179/215/179 269/316/269 181/218/181
f 267/314/267 269/316/269 179/215/179
f 225/271/225 261/308/261 213/256/213
f 270/317/270 265/312/265 261/308/261
f 270/317/270 261/308/261 225/271/225
f 270/317/270 271/318/271 272/319/272
f 198/234/198 231/277/231 233/279/233
f 273/320/273 181/218/181 269/316/269
f 267/314/267 274/321/274 269/316/269
f 267/314/267 166/197/166 187/225/187
f 225/271/225 271/318/271 270/317/270
f 274/321/274 267/314/267 187/225/187
f 225/271/225 228/274/228 271/318/271
f 266/313/266 270/317/270 268/315/268
f 274/321/274 187/225/187 268/315/268
f 272/319/272 268/315/268 270/317/270
f 268/315/268 276/322/276 274/321/274
f 277/323/277 278/324/278 276/322/276
f 241/287/241 279/325/279 228/274/228
f 280/326/280 272/319/272 279/325/279
f 280/326/280 268/315/268 272/319/272
f 241/287/241 228/274/228 240/286/240
f 281/327/281 277/323/277 279/325/279
f 277/323/277 280/326/280 279/325/279
f 241/287/241 282/328/282 279/325/279
f 279/325/279 271/318/271 228/274/228
f 276/322/276 280/326/280 277/323/277
f 276/322/276 268/315/268 280/326/280
f 265/312/265 270/317/270 266/313/266
f 275/329/275 241/287/241 190/289/190
f 190/289/190 189/330/189 275/329/275
f 283/331/283 275/329/275 189/330/189
f 284/332/284 283/331/283 285/333/285
f 283/331/283 243/290/243 285/333/285
f 285/333/285 243/290/243 246/293/246
f 241/287/241 275/329/275 282/328/282
f 282/328/282 275/329/275 283/331/283
f 283/331/283 284/332/284 286/334/286
f 279/325/279 272/319/272 271/318/271
f 283/331/283 281/327/281 282/328/282
f 281/327/281 279/325/279 282/328/282
f 286/334/286 281/327/281 283/331/283
f 283/331/283 189/330/189 243/290/243
f 284/332/284 287/335/287 286/334/286
f 286/334/286 288/336/288 281/327/281
f 243/290/243 189/330/189 190/289/190
f 289/337/289 274/321/274 276/322/276
f 290/338/290 288/336/288 286/334/286
f 290/338/290 291/339/291 288/336/288
f 273/320/273 269/316/269 289/337/289
f 278/324/278 288/336/288 291/339/291
f 274/321/274 289/337/289 269/316/269
f 288/336/288 278/324/278 277/323/277
f 289/337/289 276/322/276 292/340/292
f 293/341/293 289/337/289 294/342/294
f 292/340/292 276/322/276 278/324/278
f 292/340/292 294/342/294 289/337/289
f 273/320/273 289/337/289 192/228/192
f 293/341/293 193/229/193 192/228/192
f 192/228/192 181/218/181 273/320/273
f 293/341/293 192/228/192 289/337/289
f 196/232/196 193/229/193 293/341/293
f 288/336/288 277/323/277 281/327/281
f 196/232/196 293/341/293 294/342/294
f 292/340/292 295/343/295 296/344/296
f 295/343/295 292/340/292 278/324/278
f 290/338/290 286/334/286 287/335/287
f 295/343/295 297/345/297 296/344/296
f 278/324/278 297/345/297 295/343/295
f 298/346/298 278/324/278 291/339/291
f 298/346/298 297/345/297 278/324/278
f 299/347/299 196/232/196 300/348/300
f 296/344/296 196/232/196 292/340/292
f 300/348/300 196/232/196 296/344/296
f 299/347/299 195/231/195 196/232/196
f 196/232/196 294/342/294 292/340/292
f 300/348/300 297/345/297 301/349/301
f 300/348/300 302/350/302 299/347/299
f 302/350/302 300/348/300 303/351/303
f 297/345/297 300/348/300 296/344/296
f 304/352/304 255/302/255 232/278/232
f 232/278/232 255/302/255 233/279/233
f 161/188/161 257/304/257 174/206/174
f 168/199/168 178/210/178 169/200/169
f 223/269/223 305/353/305 151/178/151
f 300/348/300 301/349/301 303/351/303
f 245/292/245 306/354/306 246/293/246
f 306/354/306 285/333/285 246/293/246
f 254/301/254 161/188/161 203/239/203
f 252/299/252 307/355/307 249/296/249
f 256/303/256 249/296/249 307/355/307
f 308/356/308 309/357/309 307/355/307
f 310/358/310 308/356/308 307/355/307
f 311/359/311 306/354/306 245/292/245
f 312/360/312 313/361/313 307/355/307
f 314/362/314 308/356/308 315/363/315
f 312/360/312 308/356/308 314/362/314
f 316/364/316 314/365/314 315/366/315
f 312/360/312 307/355/307 309/357/309
f 308/356/308 312/360/312 309/357/309
f 317/367/317 312/368/312 314/365/314
f 256/303/256 313/361/313 311/359/311
f 318/369/318 311/359/311 313/361/313
f 312/360/312 318/369/318 313/361/313
f 306/354/306 311/359/311 318/369/318
f 313/361/313 256/303/256 307/355/307
f 312/368/312 319/370/319 318/371/318
f 317/367/317 319/370/319 312/368/312
f 320/372/320 319/370/319 321/373/321
f 311/359/311 245/292/245 256/303/256
f 320/372/320 318/371/318 319/370/319
f 316/364/316 322/374/322 314/365/314
f 322/374/322 317/367/317 314/365/314
f 322/374/322 323/375/323 317/367/317
f 324/376/324 322/374/322 316/364/316
f 209/251/209 155/182/155 156/183/156
f 317/367/317 323/375/323 319/370/319
f 257/304/257 325/377/325 259/306/259
f 258/305/258 326/378/326 327/379/327
f 258/305/258 224/270/224 326/378/326
f 324/376/324 316/364/316 328/380/328
f 329/381/329 209/251/209 173/205/173
f 329/381/329 173/205/173 174/206/174
f 330/382/330 331/383/331 324/376/324
f 332/384/332 333/385/333 321/373/321
f 323/375/323 331/383/331 332/384/332
f 322/374/322 331/383/331 323/375/323
f 333/385/333 332/384/332 334/386/334
f 333/385/333 335/387/335 321/373/321
f 332/384/332 319/370/319 323/375/323
f 336/388/336 331/383/331 330/382/330
f 332/384/332 337/389/337 334/386/334
f 331/383/331 337/389/337 332/384/332
f 336/388/336 337/389/337 331/383/331
f 200/236/200 336/388/336 338/390/338
f 338/390/338 336/388/336 330/382/330
f 321/373/321 319/370/319 332/384/332
f 331/383/331 322/374/322 324/376/324
f 339/391/339 337/389/337 336/388/336
f 340/392/340 333/385/333 334/386/334
f 339/391/339 340/392/340 337/389/337
f 339/391/339 250/297/250 340/392/340
f 337/389/337 340/392/340 334/386/334
f 250/297/250 341/393/341 340/392/340
f 177/209/177 250/297/250 339/391/339
f 151/178/151 149/176/149 223/269/223
f 342/394/342 343/395/343 258/305/258
f 258/305/258 327/379/327 342/394/342
f 344/396/344 325/377/325 257/304/257
f 258/305/258 231/277/231 230/276/230
f 258/305/258 343/395/343 231/277/231
f 343/395/343 232/278/232 231/277/231
f 209/251/209 329/381/329 155/182/155
f 200/236/200 339/391/339 336/388/336
f 339/391/339 200/236/200 194/230/194
f 177/209/177 339/391/339 194/230/194
f 345/397/345 285/333/285 306/354/306
f 345/397/345 284/332/284 285/333/285
f 287/335/287 346/398/346 290/338/290
f 347/399/347 290/338/290 346/398/346
f 347/399/347 346/398/346 348/400/348
f 347/399/347 298/346/298 290/338/290
f 349/401/349 347/399/347 348/400/348
f 350/402/350 347/399/347 349/401/349
f 287/335/287 284/332/284 348/400/348
f 351/403/351 306/354/306 318/369/318
f 306/354/306 351/403/351 345/397/345
f 345/397/345 348/400/348 284/332/284
f 348/400/348 345/397/345 351/403/351
f 351/403/351 349/401/349 348/400/348
f 320/372/320 351/404/351 318/371/318
f 351/404/351 352/405/352 349/406/349
f 320/372/320 352/405/352 351/404/351
f 204/240/204 200/236/200 338/390/338
f 348/400/348 346/398/346 287/335/287
f 321/373/321 352/405/352 320/372/320
f 353/407/353 354/408/354 352/405/352
f 354/408/354 349/406/349 352/405/352
f 355/409/355 349/406/349 354/408/354
f 356/410/356 355/409/355 354/408/354
f 357/411/357 349/406/349 355/409/355
f 355/409/355 358/412/358 357/411/357
f 359/413/359 301/349/301 297/345/297
f 350/402/350 360/414/360 298/346/298
f 350/415/350 349/406/349 357/411/357
f 360/414/360 359/413/359 297/345/297
f 352/405/352 321/373/321 353/407/353
f 360/414/360 297/345/297 298/346/298
f 361/416/361 360/417/360 350/415/350
f 290/338/290 298/346/298 291/339/291
f 360/417/360 362/418/362 359/419/359
f 303/351/303 301/349/301 363/420/363
f 153/180/153 155/182/155 329/381/329
f 359/413/359 363/420/363 301/349/301
f 363/421/363 364/422/364 365/423/365
f 350/415/350 357/411/357 361/416/361
f 359/419/359 362/418/362 363/421/363
f 361/416/361 357/411/357 366/424/366
f 363/421/363 362/418/362 364/422/364
f 356/410/356 354/408/354 353/407/353
f 362/418/362 361/416/361 366/424/366
f 360/417/360 361/416/361 362/418/362
f 365/423/365 364/422/364 367/425/367
f 298/346/298 347/399/347 350/402/350
f 368/426/368 362/418/362 366/424/366
f 259/306/259 329/381/329 174/206/174
f 364/422/364 362/418/362 369/427/369
f 202/238/202 255/302/255 370/428/370
f 367/425/367 364/422/364 369/427/369
f 369/427/369 362/418/362 368/426/368
f 335/387/335 353/407/353 321/373/321
f 371/429/371 353/407/353 335/387/335
f 372/430/372 353/407/353 371/429/371
f 353/407/353 372/430/372 373/431/373
f 374/432/374 372/430/372 371/429/371
f 358/412/358 366/424/366 357/411/357
f 375/433/375 373/431/373 374/432/374
f 376/434/376 358/412/358 375/433/375
f 373/431/373 358/412/358 355/409/355
f 373/431/373 355/409/355 356/410/356
f 333/385/333 340/392/340 371/429/371
f 340/392/340 377/435/377 371/429/371
f 371/429/371 377/435/377 374/432/374
f 377/435/377 378/436/378 374/432/374
f 358/412/358 373/431/373 375/433/375
f 250/297/250 160/187/160 341/393/341
f 335/387/335 333/385/333 371/429/371
f 375/433/375 374/432/374 379/437/379
f 372/430/372 374/432/374 373/431/373
f 380/438/380 379/437/379 374/432/374
f 340/392/340 341/393/341 377/435/377
f 375/433/375 379/437/379 381/439/381
f 379/437/379 380/438/380 382/440/382
f 378/436/378 383/441/383 380/438/380
f 374/432/374 378/436/378 380/438/380
f 366/424/366 358/412/358 376/434/376
f 368/426/368 366/424/366 376/434/376
f 376/434/376 369/427/369 368/426/368
f 369/427/369 384/442/384 385/443/385
f 376/434/376 384/442/384 369/427/369
f 356/410/356 353/407/353 373/431/373
f 202/238/202 370/428/370 222/268/222
f 223/269/223 201/237/201 222/268/222
f 386/444/386 385/443/385 343/395/343
f 369/427/369 385/443/385 387/445/387
f 304/352/304 381/439/381 379/437/379
f 386/444/386 387/445/387 385/443/385
f 387/445/387 367/425/367 369/427/369
f 343/395/343 384/442/384 232/278/232
f 388/446/388 386/444/386 389/447/389
f 390/448/390 232/278/232 384/442/384
f 232/278/232 390/448/390 304/352/304
f 386/444/386 343/395/343 389/447/389
f 391/449/391 153/180/153 329/381/329
f 147/174/147 153/180/153 391/449/391
f 343/395/343 385/443/385 384/442/384
f 343/395/343 342/394/342 389/447/389
f 376/434/376 390/448/390 384/442/384
f 381/439/381 390/448/390 375/433/375
f 390/448/390 376/434/376 375/433/375
f 222/268/222 305/353/305 223/269/223
f 151/178/151 305/353/305 159/186/159
f 370/428/370 305/353/305 222/268/222
f 157/184/157 151/178/151 159/186/159
f 382/440/382 305/353/305 370/428/370
f 383/441/383 305/353/305 382/440/382
f 159/186/159 305/353/305 383/441/383
f 159/186/159 383/441/383 378/436/378
f 255/302/255 304/352/304 382/440/382
f 381/439/381 304/352/304 390/448/390
f 382/440/382 370/428/370 255/302/255
f 159/186/159 378/436/378 377/435/377
f 379/437/379 382/440/382 304/352/304
f 383/441/383 382/440/382 380/438/380
f 152/179/152 155/182/155 153/180/153
f 160/187/160 377/435/377 341/393/341
f 159/186/159 377/435/377 160/187/160
f 392/450/392 117/135/117 116/134/116
f 257/304/257 253/300/253 344/396/344
f 253/300/253 254/301/254 393/451/393
f 394/452/394 392/450/392 395/453/395
f 87/102/87 392/450/392 89/104/89
f 392/450/392 116/134/116 89/104/89
f 253/300/253 396/454/396 397/455/397
f 87/102/87 398/456/398 395/453/395
f 397/455/397 399/457/399 400/458/400
f 253/300/253 397/455/397 401/459/401
f 400/458/400 399/457/399 402/460/402
f 33/41/33 403/461/403 36/46/36
f 404/462/404 405/463/405 1623/464/1623
f 1624/465/1624 404/462/404 1623/464/1623
f 87/102/87 395/453/395 392/450/392
f 405/463/405 1625/466/1625 1623/464/1623
f 405/463/405 404/462/404 406/467/406
f 407/468/407 395/453/395 398/456/398
f 403/461/403 33/41/33 32/40/32
f 406/467/406 408/469/408 409/470/409
f 410/471/410 409/470/409 411/472/411
f 403/461/403 406/467/406 404/462/404
f 403/461/403 404/462/404 36/46/36
f 412/473/412 399/457/399 396/454/396
f 410/471/410 405/463/405 406/467/406
f 395/453/395 407/468/407 413/474/413
f 1592/44/1592 414/475/414 1626/476/1626
f 1592/44/1592 35/45/35 414/475/414
f 393/451/393 396/454/396 253/300/253
f 415/477/415 396/454/396 393/451/393
f 35/45/35 36/46/36 414/475/414
f 416/478/416 400/458/400 402/460/402
f 396/454/396 399/457/399 397/455/397
f 407/468/407 417/479/417 413/474/413
f 1627/480/1627 404/462/404 1624/465/1624
f 417/479/417 407/468/407 418/481/418
f 1626/476/1626 414/475/414 1627/480/1627
f 408/469/408 406/467/406 403/461/403
f 36/46/36 404/462/404 414/475/414
f 409/470/409 410/471/410 406/467/406
f 419/482/419 44/54/44 43/53/43
f 414/475/414 404/462/404 1627/480/1627
f 44/54/44 419/482/419 420/483/420
f 421/484/421 422/485/422 420/483/420
f 419/482/419 421/484/421 420/483/420
f 420/483/420 422/485/422 423/486/423
f 423/486/423 422/485/422 424/487/424
f 425/488/425 402/460/402 426/489/426
f 399/457/399 412/473/412 427/490/427
f 426/489/426 402/460/402 427/490/427
f 70/84/70 408/469/408 32/40/32
f 402/460/402 399/457/399 427/490/427
f 5/5/5 428/491/428 398/456/398
f 69/83/69 429/492/429 70/84/70
f 430/493/430 411/472/411 409/470/409
f 431/494/431 429/492/429 69/83/69
f 427/490/427 432/495/432 426/489/426
f 408/469/408 403/461/403 32/40/32
f 408/469/408 429/492/429 409/470/409
f 408/469/408 70/84/70 429/492/429
f 433/496/433 430/493/430 409/470/409
f 431/494/431 423/486/423 429/492/429
f 409/470/409 429/492/429 433/496/433
f 69/83/69 64/77/64 431/494/431
f 64/77/64 44/54/44 431/494/431
f 393/451/393 254/301/254 434/497/434
f 398/456/398 428/491/428 7/7/7
f 44/54/44 420/483/420 431/494/431
f 420/483/420 423/486/423 431/494/431
f 429/492/429 423/486/423 433/496/433
f 419/482/419 84/99/84 421/484/421
f 407/468/407 398/456/398 435/498/435
f 419/482/419 43/53/43 84/99/84
f 86/101/86 436/499/436 437/500/437
f 423/486/423 424/487/424 433/496/433
f 205/241/205 204/240/204 338/390/338
f 84/99/84 83/98/83 437/500/437
f 437/500/437 83/98/83 86/101/86
f 438/501/438 338/390/338 330/382/330
f 436/499/436 439/502/439 421/484/421
f 436/499/436 421/484/421 84/99/84
f 439/502/439 440/503/440 421/484/421
f 437/500/437 436/499/436 84/99/84
f 422/485/422 421/484/421 440/503/440
f 434/497/434 254/301/254 203/239/203
f 441/504/441 442/505/442 439/502/439
f 443/506/443 436/499/436 86/101/86
f 109/507/109 443/506/443 86/101/86
f 109/507/109 86/101/86 85/100/85
f 436/499/436 443/506/443 444/508/444
f 439/502/439 436/499/436 445/509/445
f 446/510/446 445/511/445 444/512/444
f 441/504/441 439/502/439 445/509/445
f 109/507/109 444/508/444 443/506/443
f 436/499/436 444/508/444 445/509/445
f 447/513/447 448/514/448 449/515/449
f 450/516/450 205/241/205 338/390/338
f 451/517/451 449/515/449 448/514/448
f 412/473/412 396/454/396 415/477/415
f 451/517/451 450/516/450 452/518/452
f 444/512/444 453/519/453 446/510/446
f 453/519/453 454/520/454 446/510/446
f 455/521/455 456/522/456 412/473/412
f 415/477/415 455/521/455 412/473/412
f 434/497/434 415/477/415 393/451/393
f 455/521/455 415/477/415 434/497/434
f 449/515/449 451/517/451 452/518/452
f 427/490/427 412/473/412 457/523/457
f 453/519/453 444/512/444 109/127/109
f 107/125/107 453/519/453 109/127/109
f 453/519/453 458/524/458 454/520/454
f 107/125/107 458/524/458 453/519/453
f 112/130/112 459/525/459 107/125/107
f 107/125/107 459/525/459 458/524/458
f 458/524/458 459/525/459 454/520/454
f 456/522/456 457/523/457 412/473/412
f 427/490/427 457/523/457 432/495/432
f 117/135/117 460/526/460 112/130/112
f 460/526/460 459/525/459 112/130/112
f 459/525/459 460/526/460 461/527/461
f 459/525/459 461/527/461 454/520/454
f 462/528/462 447/513/447 461/527/461
f 461/527/461 460/526/460 463/529/463
f 450/516/450 338/390/338 438/501/438
f 463/529/463 462/528/462 461/527/461
f 457/523/457 464/530/464 465/531/465
f 1628/532/1628 466/533/466 218/264/218
f 465/531/465 432/495/432 457/523/457
f 467/534/467 218/264/218 466/533/466
f 456/522/456 455/521/455 451/517/451
f 457/523/457 456/522/456 464/530/464
f 452/518/452 468/535/468 449/515/449
f 469/536/469 451/517/451 455/521/455
f 470/537/470 468/535/468 452/518/452
f 1628/532/1628 218/264/218 1629/538/1629
f 450/516/450 451/517/451 205/241/205
f 451/517/451 469/536/469 205/241/205
f 1622/262/1622 1629/538/1629 218/264/218
f 452/518/452 438/501/438 470/537/470
f 452/518/452 450/516/450 438/501/438
f 203/239/203 205/241/205 469/536/469
f 455/521/455 434/497/434 469/536/469
f 469/536/469 434/497/434 203/239/203
f 467/534/467 219/265/219 218/264/218
f 456/522/456 451/517/451 448/514/448
f 464/530/464 456/522/456 448/514/448
f 448/514/448 471/539/471 464/530/464
f 432/495/432 418/481/418 426/489/426
f 448/514/448 447/513/447 471/539/471
f 447/513/447 449/515/449 468/535/468
f 471/539/471 447/513/447 462/528/462
f 432/495/432 417/479/417 418/481/418
f 1630/540/1630 1631/541/1631 472/542/472
f 1631/541/1631 473/543/473 472/542/472
f 1631/541/1631 405/463/405 473/543/473
f 410/471/410 473/543/473 405/463/405
f 474/544/474 1632/545/1632 473/543/473
f 473/543/473 475/546/475 474/544/474
f 473/543/473 411/472/411 475/546/475
f 472/542/472 1632/545/1632 1630/540/1630
f 1633/547/1633 476/548/476 466/533/466
f 435/498/435 477/549/477 478/550/478
f 1628/532/1628 1633/547/1633 466/533/466
f 1630/540/1630 1632/545/1632 1634/551/1634
f 1632/545/1632 1635/552/1635 1636/553/1636
f 1632/545/1632 474/544/474 467/534/467
f 1635/552/1635 1632/545/1632 476/548/476
f 479/554/479 219/265/219 467/534/467
f 480/555/480 481/556/481 482/557/482
f 474/544/474 475/546/475 479/554/479
f 473/543/473 1632/545/1632 472/542/472
f 474/544/474 479/554/479 467/534/467
f 483/558/483 484/559/484 485/560/485
f 248/295/248 239/285/239 482/557/482
f 467/534/467 476/548/476 1632/545/1632
f 486/561/486 487/562/487 488/563/488
f 422/485/422 486/561/486 424/487/424
f 485/560/485 486/561/486 481/556/481
f 410/471/410 411/472/411 473/543/473
f 485/560/485 424/487/424 486/561/486
f 485/560/485 484/559/484 424/487/424
f 485/560/485 481/556/481 480/555/480
f 486/561/486 488/563/488 481/556/481
f 486/561/486 489/564/489 487/562/487
f 489/564/489 486/561/486 422/485/422
f 1633/547/1633 1637/565/1637 476/548/476
f 422/485/422 440/503/440 489/564/489
f 1635/552/1635 476/548/476 1637/565/1637
f 490/566/490 487/562/487 489/564/489
f 487/562/487 490/566/490 488/563/488
f 488/563/488 491/567/491 481/556/481
f 492/568/492 488/563/488 493/569/493
f 491/567/491 488/563/488 492/568/492
f 467/534/467 466/533/466 476/548/476
f 492/568/492 251/298/251 491/567/491
f 248/295/248 491/567/491 247/294/247
f 248/295/248 481/556/481 491/567/491
f 482/557/482 481/556/481 248/295/248
f 488/563/488 490/566/490 493/569/493
f 494/570/494 492/568/492 493/569/493
f 426/489/426 418/481/418 478/550/478
f 495/571/495 229/275/229 219/265/219
f 394/452/394 395/453/395 413/474/413
f 494/570/494 251/298/251 492/568/492
f 496/572/496 229/275/229 495/571/495
f 496/572/496 239/285/239 229/275/229
f 239/285/239 248/295/248 238/284/238
f 464/530/464 463/529/463 465/531/465
f 465/531/465 417/479/417 432/495/432
f 239/285/239 237/283/237 229/275/229
f 497/573/497 413/474/413 417/479/417
f 247/294/247 491/567/491 251/298/251
f 494/570/494 252/299/252 251/298/251
f 465/531/465 463/529/463 417/479/417
f 417/479/417 463/529/463 497/573/497
f 411/472/411 430/493/430 483/558/483
f 484/559/484 430/493/430 433/496/433
f 484/559/484 483/558/483 430/493/430
f 411/472/411 483/558/483 475/546/475
f 498/574/498 479/554/479 475/546/475
f 499/575/499 479/554/479 498/574/498
f 498/574/498 483/558/483 499/575/499
f 480/555/480 483/558/483 485/560/485
f 413/474/413 463/529/463 394/452/394
f 499/575/499 483/558/483 480/555/480
f 483/558/483 498/574/498 475/546/475
f 496/572/496 499/575/499 239/285/239
f 497/573/497 463/529/463 413/474/413
f 479/554/479 495/571/495 219/265/219
f 496/572/496 495/571/495 479/554/479
f 480/555/480 482/557/482 499/575/499
f 500/576/500 490/566/490 489/564/489
f 433/496/433 424/487/424 484/559/484
f 500/576/500 489/564/489 501/577/501
f 482/557/482 239/285/239 499/575/499
f 489/564/489 440/503/440 442/505/442
f 499/575/499 496/572/496 479/554/479
f 442/505/442 440/503/440 439/502/439
f 442/505/442 502/578/502 501/577/501
f 503/579/503 502/578/502 442/505/442
f 442/505/442 441/504/441 503/579/503
f 502/578/502 500/576/500 501/577/501
f 503/579/503 504/580/504 502/578/502
f 493/569/493 490/566/490 500/576/500
f 505/581/505 494/570/494 493/569/493
f 493/569/493 500/576/500 505/581/505
f 500/576/500 506/582/506 310/358/310
f 500/576/500 310/358/310 505/581/505
f 442/505/442 501/577/501 489/564/489
f 506/582/506 507/583/507 315/363/315
f 504/580/504 506/582/506 502/578/502
f 310/358/310 506/582/506 308/356/308
f 503/579/503 441/504/441 445/509/445
f 503/584/503 508/585/508 504/586/504
f 494/570/494 505/581/505 310/358/310
f 509/587/509 504/586/504 508/585/508
f 510/588/510 446/510/446 454/520/454
f 510/588/510 508/585/508 446/510/446
f 508/585/508 503/584/503 445/511/445
f 504/580/504 507/583/507 506/582/506
f 252/299/252 494/570/494 310/358/310
f 507/589/507 504/586/504 511/590/511
f 502/578/502 506/582/506 500/576/500
f 507/589/507 511/590/511 315/366/315
f 504/586/504 509/587/509 511/590/511
f 328/380/328 316/364/316 315/366/315
f 445/511/445 446/510/446 508/585/508
f 328/380/328 315/366/315 512/591/512
f 511/590/511 512/591/512 315/366/315
f 117/135/117 392/450/392 394/452/394
f 307/355/307 252/299/252 310/358/310
f 394/452/394 463/529/463 460/526/460
f 463/529/463 471/539/471 462/528/462
f 454/520/454 461/527/461 468/535/468
f 471/539/471 463/529/463 464/530/464
f 324/376/324 328/380/328 330/382/330
f 447/513/447 468/535/468 461/527/461
f 315/363/315 308/356/308 506/582/506
f 513/592/513 468/535/468 470/537/470
f 394/452/394 460/526/460 117/135/117
f 509/587/509 508/585/508 510/588/510
f 398/456/398 514/593/514 477/549/477
f 509/587/509 510/588/510 513/592/513
f 513/592/513 510/588/510 454/520/454
f 515/594/515 509/587/509 513/592/513
f 511/590/511 515/594/515 512/591/512
f 513/592/513 470/537/470 515/594/515
f 511/590/511 509/587/509 515/594/515
f 418/481/418 407/468/407 435/498/435
f 515/594/515 438/501/438 512/591/512
f 512/591/512 438/501/438 328/380/328
f 438/501/438 515/594/515 470/537/470
f 468/535/468 513/592/513 454/520/454
f 5/5/5 7/7/7 428/491/428
f 398/456/398 87/102/87 5/5/5
f 435/498/435 478/550/478 418/481/418
f 330/382/330 328/380/328 438/501/438
f 398/456/398 477/549/477 435/498/435
f 514/593/514 398/456/398 7/7/7
f 405/463/405 1631/541/1631 1625/466/1625
f 516/595/516 517/596/517 518/597/518
f 519/598/519 520/599/520 518/597/518
f 521/600/521 516/595/516 518/597/518
f 516/595/516 521/600/521 522/601/522
f 523/602/523 524/603/524 525/604/525
f 526/605/526 517/596/517 516/595/516
f 527/606/527 528/607/528 1638/608/1638
f 516/595/516 529/609/529 526/605/526
f 522/601/522 530/610/530 529/609/529
f 522/601/522 529/609/529 516/595/516
f 529/609/529 530/610/530 531/611/531
f 532/612/532 519/613/519 533/614/533
f 519/598/519 532/615/532 534/616/534
f 535/617/535 536/618/536 537/619/537
f 538/620/538 535/617/535 537/619/537
f 539/621/539 540/622/540 541/623/541
f 539/621/539 542/624/542 543/625/543
f 541/623/541 544/626/544 532/612/532
f 540/622/540 544/626/544 541/623/541
f 544/627/544 545/628/545 532/615/532
f 541/623/541 532/612/532 533/614/533
f 542/624/542 539/621/539 541/623/541
f 541/623/541 533/614/533 546/629/546
f 541/623/541 546/629/546 542/624/542
f 527/606/527 1638/608/1638 1639/630/1639
f 547/631/547 544/626/544 540/622/540
f 1640/632/1640 548/633/548 1639/630/1639
f 1638/608/1638 1641/634/1641 1639/630/1639
f 527/606/527 524/603/524 523/602/523
f 1640/632/1640 1642/635/1642 548/633/548
f 549/636/549 545/628/545 544/627/544
f 550/637/550 551/638/551 552/639/552
f 523/602/523 553/640/553 527/606/527
f 554/641/554 555/642/555 556/643/556
f 557/644/557 548/633/548 1642/635/1642
f 532/615/532 545/628/545 534/616/534
f 524/603/524 548/633/548 557/644/557
f 535/617/535 558/645/558 559/646/559
f 560/647/560 561/648/561 562/649/562
f 559/646/559 562/649/562 535/617/535
f 562/649/562 563/650/563 560/647/560
f 562/649/562 536/618/536 535/617/535
f 564/651/564 558/645/558 538/620/538
f 565/652/565 566/653/566 563/650/563
f 535/617/535 538/620/538 558/645/558
f 558/645/558 567/654/567 559/646/559
f 563/650/563 562/649/562 559/646/559
f 565/652/565 563/650/563 559/646/559
f 568/655/568 559/646/559 567/654/567
f 558/645/558 569/656/569 567/654/567
f 568/655/568 565/652/565 559/646/559
f 1639/630/1639 548/633/548 527/606/527
f 524/603/524 527/606/527 548/633/548
f 562/649/562 561/648/561 536/618/536
f 566/653/566 570/657/570 563/650/563
f 525/604/525 524/603/524 557/644/557
f 550/637/550 540/622/540 551/638/551
f 551/638/551 525/604/525 552/639/552
f 571/658/571 570/657/570 556/643/556
f 572/659/572 571/658/571 556/643/556
f 560/647/560 570/657/570 571/658/571
f 554/641/554 556/643/556 573/660/573
f 563/650/563 570/657/570 560/647/560
f 556/643/556 570/657/570 573/660/573
f 1643/661/1643 574/662/574 1644/663/1644
f 570/657/570 566/653/566 573/660/573
f 575/664/575 566/653/566 576/665/576
f 577/666/577 1644/663/1644 574/662/574
f 578/667/578 579/668/579 573/660/573
f 575/664/575 573/660/573 566/653/566
f 575/664/575 578/667/578 573/660/573
f 567/654/567 569/656/569 580/669/580
f 580/669/580 568/655/568 567/654/567
f 579/668/579 554/641/554 573/660/573
f 568/655/568 581/670/581 565/652/565
f 566/653/566 581/670/581 576/665/576
f 582/671/582 568/655/568 580/669/580
f 566/653/566 565/652/565 581/670/581
f 568/655/568 582/671/582 583/672/583
f 584/673/584 585/674/585 581/670/581
f 568/655/568 583/672/583 584/673/584
f 581/670/581 568/655/568 584/673/584
f 586/675/586 583/672/583 520/599/520
f 539/621/539 543/625/543 551/638/551
f 575/664/575 545/628/545 587/676/587
f 586/675/586 584/673/584 583/672/583
f 580/669/580 588/677/588 589/678/589
f 545/628/545 575/664/575 576/665/576
f 585/674/585 584/673/584 586/675/586
f 575/664/575 587/676/587 578/667/578
f 540/622/540 539/621/539 551/638/551
f 590/679/590 1645/680/1645 577/666/577
f 591/681/591 577/666/577 574/662/574
f 590/679/590 592/682/592 1645/680/1645
f 520/599/520 583/672/583 582/671/582
f 553/640/553 543/625/543 593/683/593
f 545/628/545 576/665/576 585/674/585
f 543/625/543 553/640/553 551/638/551
f 576/665/576 581/670/581 585/674/585
f 534/616/534 585/674/585 586/675/586
f 534/616/534 545/628/545 585/674/585
f 1644/663/1644 577/666/577 1645/680/1645
f 590/679/590 591/681/591 594/684/594
f 527/606/527 593/683/593 528/607/528
f 593/683/593 527/606/527 553/640/553
f 1638/608/1638 528/607/528 595/685/595
f 549/636/549 587/676/587 545/628/545
f 551/638/551 553/640/553 523/602/523
f 591/681/591 595/685/595 528/607/528
f 591/681/591 574/662/574 595/685/595
f 525/604/525 551/638/551 523/602/523
f 533/614/533 519/613/519 596/686/596
f 597/687/597 518/597/518 517/596/517
f 519/613/519 597/688/597 596/686/596
f 1646/689/1646 595/685/595 574/662/574
f 533/614/533 596/686/596 598/690/598
f 533/614/533 598/690/598 546/629/546
f 594/684/594 591/681/591 599/691/599
f 600/692/600 564/651/564 601/693/601
f 538/620/538 601/693/601 564/651/564
f 596/686/596 597/688/597 602/694/602
f 603/695/603 604/696/604 605/697/605
f 603/695/603 569/656/569 564/651/564
f 597/688/597 517/698/517 602/694/602
f 606/699/606 607/700/607 608/701/608
f 538/620/538 609/702/609 601/693/601
f 603/695/603 605/697/605 569/656/569
f 610/703/610 611/704/611 517/698/517
f 1646/689/1646 574/662/574 1643/661/1643
f 517/698/517 611/704/611 602/694/602
f 602/694/602 598/690/598 596/686/596
f 519/598/519 534/616/534 520/599/520
f 602/694/602 612/705/612 598/690/598
f 612/705/612 602/694/602 611/704/611
f 530/610/530 588/677/588 605/697/605
f 530/610/530 605/697/605 531/611/531
f 518/597/518 597/687/597 519/598/519
f 580/669/580 569/656/569 605/697/605
f 580/669/580 605/697/605 588/677/588
f 569/656/569 558/645/558 564/651/564
f 546/629/546 613/706/613 543/625/543
f 582/671/582 580/669/580 589/678/589
f 521/600/521 582/671/582 522/601/522
f 520/599/520 582/671/582 521/600/521
f 598/690/598 614/707/614 613/706/613
f 534/616/534 586/675/586 520/599/520
f 598/690/598 613/706/613 546/629/546
f 589/678/589 588/677/588 530/610/530
f 528/607/528 599/691/599 591/681/591
f 607/700/607 615/708/615 616/709/616
f 616/709/616 592/682/592 607/700/607
f 589/678/589 522/601/522 582/671/582
f 518/597/518 520/599/520 521/600/521
f 589/678/589 530/610/530 522/601/522
f 546/629/546 543/625/543 542/624/542
f 1647/710/1647 1645/680/1645 592/682/592
f 1648/711/1648 1647/710/1647 592/682/592
f 616/709/616 1649/712/1649 592/682/592
f 592/682/592 1649/712/1649 1648/711/1648
f 613/706/613 614/707/614 594/684/594
f 543/625/543 613/706/613 593/683/593
f 593/683/593 613/706/613 594/684/594
f 614/707/614 598/690/598 612/705/612
f 1638/608/1638 595/685/595 1646/689/1646
f 528/607/528 593/683/593 599/691/599
f 594/684/594 599/691/599 593/683/593
f 617/713/617 618/714/618 619/715/619
f 615/708/615 606/699/606 619/715/619
f 620/716/620 621/717/621 615/708/615
f 607/700/607 606/699/606 615/708/615
f 594/684/594 614/707/614 606/699/606
f 614/707/614 619/715/619 606/699/606
f 607/700/607 592/682/592 590/679/590
f 591/681/591 590/679/590 577/666/577
f 612/705/612 619/715/619 614/707/614
f 612/705/612 611/704/611 619/715/619
f 617/713/617 619/715/619 611/704/611
f 590/679/590 608/701/608 607/700/607
f 517/698/517 526/718/526 610/703/610
f 594/684/594 606/699/606 608/701/608
f 611/704/611 610/703/610 617/713/617
f 608/701/608 590/679/590 594/684/594
f 560/647/560 571/658/571 561/648/561
f 622/719/622 623/720/623 624/721/624
f 625/722/625 626/723/626 627/724/627
f 628/725/628 629/726/629 630/727/630
f 627/724/627 626/723/626 630/728/630
f 526/605/526 529/609/529 622/729/622
f 625/722/625 631/730/631 626/723/626
f 624/721/624 623/720/623 632/731/632
f 632/731/632 633/732/633 624/721/624
f 634/733/634 631/730/631 635/734/635
f 622/719/622 624/721/624 526/718/526
f 624/721/624 636/735/636 526/718/526
f 624/721/624 633/732/633 637/736/637
f 630/728/630 626/723/626 638/737/638
f 529/609/529 623/738/623 622/729/622
f 624/721/624 637/736/637 636/735/636
f 639/739/639 640/740/640 641/741/641
f 640/740/640 642/742/642 641/741/641
f 626/723/626 631/730/631 643/743/643
f 644/744/644 633/732/633 645/745/645
f 631/730/631 625/722/625 627/724/627
f 627/724/627 635/734/635 631/730/631
f 531/611/531 646/746/646 623/738/623
f 646/746/646 647/747/647 623/738/623
f 623/738/623 529/609/529 531/611/531
f 1650/748/1650 643/743/643 1651/749/1651
f 643/743/643 631/730/631 1651/749/1651
f 1650/748/1650 648/750/648 643/743/643
f 647/751/647 632/731/632 623/720/623
f 647/751/647 649/752/649 632/731/632
f 632/731/632 645/745/645 633/732/633
f 650/753/650 651/754/651 645/745/645
f 632/731/632 649/752/649 645/745/645
f 649/752/649 650/753/650 645/745/645
f 636/735/636 652/755/652 653/756/653
f 631/730/631 634/733/634 654/757/654
f 655/758/655 656/759/656 634/733/634
f 657/760/657 634/733/634 635/734/635
f 634/733/634 656/759/656 658/761/658
f 1652/762/1652 1651/749/1651 631/730/631
f 1652/762/1652 631/730/631 1653/763/1653
f 659/764/659 660/765/660 661/766/661
f 631/730/631 1654/767/1654 1653/763/1653
f 617/713/617 610/703/610 653/756/653
f 610/703/610 636/735/636 653/756/653
f 526/718/526 636/735/636 610/703/610
f 662/768/662 663/769/663 664/770/664
f 653/756/653 618/714/618 617/713/617
f 615/708/615 619/715/619 620/716/620
f 634/733/634 658/761/658 654/757/654
f 664/771/664 665/772/665 666/773/666
f 652/755/652 636/735/636 637/736/637
f 667/774/667 668/775/668 669/776/669
f 637/736/637 633/732/633 644/744/644
f 670/777/670 671/778/671 665/772/665
f 661/766/661 672/779/672 673/780/673
f 670/777/670 674/781/674 671/778/671
f 658/761/658 675/782/675 654/757/654
f 652/755/652 676/783/676 653/756/653
f 637/736/637 676/783/676 652/755/652
f 637/736/637 644/744/644 677/784/677
f 677/784/677 676/783/676 637/736/637
f 1655/785/1655 1654/767/1654 654/757/654
f 1656/786/1656 1655/785/1655 654/757/654
f 628/725/628 630/727/630 638/787/638
f 654/757/654 1657/788/1657 1656/786/1656
f 671/778/671 672/779/672 678/789/678
f 679/790/679 676/783/676 680/791/680
f 620/716/620 619/715/619 618/714/618
f 679/790/679 620/716/620 618/714/618
f 653/756/653 679/790/679 618/714/618
f 675/782/675 1657/788/1657 654/757/654
f 669/776/669 680/791/680 667/774/667
f 653/756/653 676/783/676 679/790/679
f 680/791/680 669/776/669 679/790/679
f 679/790/679 681/792/681 620/716/620
f 679/790/679 669/776/669 681/792/681
f 1657/788/1657 675/782/675 1658/793/1658
f 682/794/682 675/782/675 656/759/656
f 677/784/677 644/744/644 683/795/683
f 668/775/668 681/792/681 669/776/669
f 668/775/668 667/774/667 628/725/628
f 1650/748/1650 1659/796/1659 684/797/684
f 639/739/639 685/798/685 656/759/656
f 658/761/658 656/759/656 675/782/675
f 644/744/644 686/799/686 683/795/683
f 682/794/682 1658/793/1658 675/782/675
f 648/750/648 684/797/684 643/743/643
f 687/800/687 686/799/686 688/801/688
f 644/744/644 651/754/651 686/799/686
f 645/745/645 651/754/651 644/744/644
f 686/799/686 651/754/651 689/802/689
f 690/803/690 642/742/642 691/804/691
f 692/805/692 689/802/689 651/754/651
f 692/805/692 693/806/693 694/807/694
f 651/754/651 650/753/650 692/805/692
f 690/803/690 691/804/691 695/808/695
f 1660/809/1660 684/810/684 1661/811/1661
f 694/807/694 689/802/689 692/805/692
f 696/812/696 660/765/660 695/808/695
f 640/740/640 691/804/691 642/742/642
f 689/802/689 688/801/688 686/799/686
f 648/750/648 1650/748/1650 684/797/684
f 697/813/697 691/804/691 698/814/698
f 695/808/695 691/804/691 697/813/697
f 699/815/699 700/816/700 697/813/697
f 661/766/661 660/765/660 696/812/696
f 697/813/697 700/816/700 696/812/696
f 700/816/700 701/817/701 696/812/696
f 701/817/701 700/816/700 702/818/702
f 696/812/696 695/808/695 697/813/697
f 702/818/702 700/816/700 699/815/699
f 699/815/699 697/813/697 698/814/698
f 703/819/703 693/806/693 692/805/692
f 702/818/702 699/815/699 693/820/693
f 704/821/704 694/822/694 699/815/699
f 699/815/699 698/814/698 704/821/704
f 688/801/688 689/802/689 694/807/694
f 705/823/705 687/800/687 629/726/629
f 706/824/706 688/801/688 694/807/694
f 680/791/680 676/783/676 677/784/677
f 661/766/661 696/812/696 701/817/701
f 684/797/684 1659/796/1659 1662/825/1662
f 694/807/694 704/826/704 706/824/706
f 680/791/680 677/784/677 667/774/667
f 694/822/694 693/820/693 699/815/699
f 687/800/687 705/823/705 683/795/683
f 677/784/677 705/823/705 667/774/667
f 687/800/687 707/827/707 629/726/629
f 638/737/638 643/743/643 684/797/684
f 1662/828/1662 1661/811/1661 684/810/684
f 683/795/683 705/823/705 677/784/677
f 687/800/687 683/795/683 686/799/686
f 705/823/705 628/725/628 667/774/667
f 705/823/705 629/726/629 628/725/628
f 654/757/654 1654/767/1654 631/730/631
f 657/760/657 707/829/707 704/821/704
f 687/800/687 706/824/706 704/826/704
f 708/830/708 657/760/657 704/821/704
f 704/826/704 707/827/707 687/800/687
f 709/831/709 710/832/710 711/833/711
f 627/724/627 630/728/630 712/834/712
f 712/835/712 630/727/630 629/726/629
f 629/726/629 707/827/707 712/835/712
f 707/829/707 657/760/657 712/834/712
f 688/801/688 706/824/706 687/800/687
f 713/836/713 1663/837/1663 1664/838/1664
f 647/751/647 714/839/714 649/752/649
f 657/760/657 635/734/635 627/724/627
f 712/834/712 657/760/657 627/724/627
f 684/810/684 1660/809/1660 713/836/713
f 704/821/704 698/814/698 708/830/708
f 638/787/638 668/775/668 628/725/628
f 1663/837/1663 713/836/713 1665/840/1665
f 691/804/691 640/740/640 698/814/698
f 708/830/708 698/814/698 640/740/640
f 646/746/646 715/841/715 714/842/714
f 708/830/708 640/740/640 657/760/657
f 657/760/657 655/758/655 634/733/634
f 643/743/643 638/737/638 626/723/626
f 640/740/640 639/739/639 655/758/655
f 716/843/716 663/769/663 717/844/717
f 655/758/655 657/760/657 640/740/640
f 718/845/718 713/836/713 616/709/616
f 715/841/715 646/746/646 531/611/531
f 719/846/719 711/833/711 717/844/717
f 717/844/717 663/769/663 662/768/662
f 715/841/715 720/847/720 721/848/721
f 639/739/639 656/759/656 655/758/655
f 722/849/722 723/850/723 709/831/709
f 711/833/711 724/851/724 717/844/717
f 719/846/719 717/844/717 662/768/662
f 725/852/725 722/849/722 726/853/726
f 722/849/722 709/831/709 727/854/727
f 727/854/727 719/846/719 728/855/728
f 728/855/728 719/846/719 662/768/662
f 728/855/728 662/768/662 666/856/666
f 725/852/725 723/850/723 722/849/722
f 665/772/665 729/857/729 666/773/666
f 727/854/727 728/855/728 730/858/730
f 711/833/711 727/854/727 709/831/709
f 666/856/666 729/859/729 728/855/728
f 731/860/731 728/855/728 729/859/729
f 727/854/727 730/858/730 722/849/722
f 732/861/732 604/696/604 733/862/733
f 722/849/722 734/863/734 726/853/726
f 734/863/734 735/864/735 736/865/736
f 735/864/735 734/863/734 730/858/730
f 730/858/730 734/863/734 722/849/722
f 737/866/737 738/867/738 739/868/739
f 731/860/731 735/864/735 730/858/730
f 601/693/601 740/869/740 738/867/738
f 741/870/741 742/871/742 723/850/723
f 738/867/738 741/870/741 739/868/739
f 739/868/739 741/870/741 726/853/726
f 713/836/713 668/775/668 638/787/638
f 738/867/738 737/866/737 601/693/601
f 741/870/741 725/852/725 726/853/726
f 737/866/737 600/692/600 601/693/601
f 666/856/666 662/768/662 664/770/664
f 719/846/719 727/854/727 711/833/711
f 1664/838/1664 1649/712/1649 616/709/616
f 737/866/737 739/868/739 743/872/743
f 604/696/604 603/695/603 744/873/744
f 725/852/725 741/870/741 723/850/723
f 743/872/743 733/862/733 737/866/737
f 744/873/744 737/866/737 733/862/733
f 603/695/603 737/866/737 744/873/744
f 734/863/734 743/872/743 739/868/739
f 726/853/726 734/863/734 739/868/739
f 603/695/603 564/651/564 737/866/737
f 728/855/728 731/860/731 730/858/730
f 743/872/743 736/865/736 733/862/733
f 734/863/734 736/865/736 743/872/743
f 684/810/684 713/836/713 638/787/638
f 681/792/681 668/775/668 713/836/713
f 714/842/714 647/747/647 646/746/646
f 713/836/713 1660/809/1660 1665/840/1665
f 701/817/701 745/874/745 661/766/661
f 600/692/600 737/866/737 564/651/564
f 713/836/713 1664/838/1664 616/709/616
f 531/611/531 720/847/720 715/841/715
f 745/874/745 672/779/672 661/766/661
f 746/875/746 729/857/729 665/772/665
f 665/772/665 671/778/671 746/875/746
f 747/876/747 731/877/731 746/875/746
f 745/874/745 678/789/678 672/779/672
f 746/875/746 671/778/671 678/789/678
f 746/875/746 731/877/731 729/857/729
f 678/789/678 747/876/747 746/875/746
f 713/836/713 621/717/621 681/792/681
f 745/874/745 747/876/747 678/789/678
f 745/874/745 748/878/748 747/876/747
f 747/876/747 748/878/748 749/879/749
f 735/880/735 731/877/731 747/876/747
f 735/880/735 747/876/747 749/879/749
f 750/881/750 735/880/735 751/882/751
f 735/880/735 749/879/749 751/882/751
f 752/883/752 703/884/703 753/885/753
f 748/878/748 701/817/701 702/818/702
f 752/883/752 748/878/748 702/818/702
f 750/881/750 752/883/752 753/885/753
f 751/882/751 749/879/749 752/883/752
f 750/881/750 751/882/751 752/883/752
f 650/753/650 703/819/703 692/805/692
f 703/884/703 702/818/702 693/820/693
f 702/818/702 703/884/703 752/883/752
f 749/879/749 748/878/748 752/883/752
f 650/753/650 649/752/649 703/819/703
f 748/878/748 745/874/745 701/817/701
f 753/886/753 703/819/703 649/752/649
f 754/887/754 732/861/732 733/862/733
f 736/888/736 735/880/735 750/881/750
f 755/889/755 604/696/604 732/861/732
f 681/792/681 621/717/621 620/716/620
f 750/881/750 754/890/754 736/888/736
f 733/862/733 736/865/736 754/887/754
f 604/696/604 755/889/755 605/697/605
f 720/847/720 605/697/605 755/889/755
f 750/881/750 753/885/753 754/890/754
f 733/862/733 604/696/604 744/873/744
f 616/709/616 615/708/615 718/845/718
f 621/717/621 713/836/713 718/845/718
f 531/611/531 605/697/605 720/847/720
f 721/848/721 755/889/755 732/861/732
f 615/708/615 621/717/621 718/845/718
f 754/890/754 753/885/753 721/891/721
f 721/848/721 720/847/720 755/889/755
f 732/861/732 754/887/754 721/848/721
f 649/752/649 714/839/714 721/892/721
f 649/752/649 721/892/721 753/886/753
f 714/842/714 715/841/715 721/848/721
f 741/870/741 738/867/738 742/871/742
f 756/893/756 601/693/601 609/702/609
f 757/894/757 758/895/758 759/896/759
f 760/897/760 571/658/571 761/898/761
f 537/619/537 756/893/756 609/702/609
f 762/899/762 758/895/758 555/642/555
f 756/893/756 763/900/763 740/869/740
f 757/894/757 555/642/555 758/895/758
f 601/693/601 756/893/756 740/869/740
f 759/896/759 764/901/764 757/894/757
f 387/445/387 386/444/386 388/446/388
f 723/850/723 742/871/742 765/902/765
f 342/394/342 388/446/388 389/447/389
f 561/648/561 760/897/760 536/618/536
f 738/867/738 740/869/740 742/871/742
f 756/893/756 766/903/766 763/900/763
f 763/900/763 767/904/767 768/905/768
f 742/871/742 769/906/769 770/907/770
f 771/908/771 763/900/763 766/903/766
f 740/869/740 768/905/768 742/871/742
f 742/871/742 770/907/770 765/902/765
f 742/871/742 768/905/768 769/906/769
f 768/905/768 740/869/740 763/900/763
f 772/909/772 170/202/170 773/910/773
f 710/832/710 774/911/774 775/912/775
f 716/843/716 717/844/717 776/913/776
f 777/914/777 778/915/778 779/916/779
f 778/915/778 777/914/777 780/917/780
f 775/912/775 776/913/776 724/851/724
f 780/917/780 777/914/777 781/918/781
f 782/919/782 780/917/780 781/918/781
f 716/843/716 776/913/776 773/910/773
f 783/920/783 774/911/774 710/832/710
f 775/912/775 774/911/774 772/909/772
f 710/832/710 775/912/775 724/851/724
f 784/921/784 778/915/778 780/917/780
f 776/913/776 775/912/775 772/909/772
f 767/904/767 785/922/785 786/923/786
f 773/910/773 776/913/776 772/909/772
f 571/658/571 760/897/760 561/648/561
f 709/831/709 783/920/783 710/832/710
f 765/902/765 783/920/783 709/831/709
f 774/911/774 787/924/787 772/909/772
f 724/851/724 711/833/711 710/832/710
f 723/850/723 765/902/765 709/831/709
f 724/851/724 776/913/776 717/844/717
f 788/925/788 783/920/783 770/907/770
f 770/907/770 783/920/783 765/902/765
f 789/926/789 771/908/771 766/903/766
f 771/908/771 789/926/789 767/904/767
f 783/920/783 788/925/788 774/911/774
f 767/904/767 789/926/789 785/922/785
f 790/927/790 791/928/791 784/921/784
f 536/618/536 792/929/792 537/619/537
f 784/921/784 780/917/780 790/927/790
f 790/927/790 793/930/793 794/931/794
f 793/930/793 795/932/795 796/933/796
f 797/934/797 793/930/793 796/933/796
f 798/935/798 790/927/790 799/936/799
f 799/936/799 790/927/790 780/917/780
f 782/919/782 799/936/799 780/917/780
f 790/927/790 798/935/798 793/930/793
f 538/620/538 537/619/537 609/702/609
f 796/933/796 795/932/795 800/937/800
f 798/935/798 795/932/795 793/930/793
f 788/925/788 787/924/787 774/911/774
f 771/908/771 767/904/767 763/900/763
f 801/938/801 802/939/802 803/940/803
f 804/941/804 805/942/805 806/943/806
f 767/904/767 786/923/786 807/944/807
f 760/897/760 761/898/761 806/943/806
f 808/945/808 769/906/769 807/944/807
f 767/904/767 769/906/769 768/905/768
f 809/946/809 770/907/770 769/906/769
f 809/946/809 810/947/810 770/907/770
f 801/938/801 797/934/797 796/933/796
f 796/933/796 811/948/811 801/938/801
f 769/906/769 767/904/767 807/944/807
f 809/946/809 812/949/812 810/947/810
f 802/939/802 801/938/801 811/948/811
f 769/906/769 808/945/808 809/946/809
f 786/923/786 785/922/785 813/950/813
f 785/922/785 781/918/781 813/950/813
f 814/951/814 807/944/807 786/923/786
f 813/950/813 781/918/781 786/923/786
f 815/952/815 816/953/816 387/445/387
f 817/954/817 818/955/818 815/952/815
f 815/952/815 387/445/387 388/446/388
f 817/954/817 819/956/819 818/955/818
f 792/929/792 536/618/536 760/897/760
f 820/957/820 760/897/760 806/943/806
f 821/958/821 822/959/822 823/960/823
f 342/394/342 824/961/824 388/446/388
f 821/958/821 819/956/819 825/962/825
f 826/963/826 824/961/824 342/394/342
f 824/961/824 815/952/815 388/446/388
f 821/958/821 823/960/823 819/956/819
f 827/964/827 817/954/817 824/961/824
f 827/964/827 828/965/828 817/954/817
f 817/954/817 815/952/815 824/961/824
f 825/962/825 819/956/819 828/965/828
f 828/965/828 819/956/819 817/954/817
f 825/962/825 828/965/828 812/949/812
f 779/916/779 822/959/822 821/958/821
f 829/966/829 830/967/830 821/958/821
f 830/967/830 779/916/779 821/958/821
f 821/958/821 825/962/825 829/966/829
f 824/961/824 826/963/826 827/964/827
f 777/914/777 779/916/779 830/967/830
f 786/923/786 829/966/829 814/951/814
f 786/923/786 830/967/830 829/966/829
f 777/914/777 830/967/830 781/918/781
f 786/923/786 781/918/781 830/967/830
f 788/925/788 810/947/810 787/924/787
f 831/968/831 808/945/808 814/951/814
f 809/946/809 808/945/808 831/968/831
f 807/944/807 814/951/814 808/945/808
f 812/949/812 809/946/809 831/968/831
f 831/968/831 814/951/814 829/966/829
f 342/394/342 327/379/327 832/969/832
f 326/378/326 832/969/832 327/379/327
f 787/924/787 833/970/833 772/909/772
f 224/270/224 186/224/186 326/378/326
f 831/968/831 829/966/829 825/962/825
f 770/907/770 810/947/810 788/925/788
f 186/224/186 772/909/772 833/970/833
f 186/224/186 833/970/833 326/378/326
f 186/224/186 170/202/170 772/909/772
f 810/947/810 834/971/834 787/924/787
f 537/619/537 792/929/792 756/893/756
f 787/924/787 834/971/834 833/970/833
f 789/926/789 766/903/766 792/929/792
f 760/897/760 820/957/820 792/929/792
f 827/964/827 812/949/812 828/965/828
f 812/949/812 827/964/827 810/947/810
f 810/947/810 827/964/827 826/963/826
f 804/941/804 764/901/764 805/942/805
f 831/968/831 825/962/825 812/949/812
f 834/971/834 832/969/832 833/970/833
f 810/947/810 826/963/826 834/971/834
f 326/378/326 833/970/833 832/969/832
f 826/963/826 342/394/342 832/969/832
f 826/963/826 832/969/832 834/971/834
f 789/926/789 792/929/792 835/972/835
f 785/922/785 782/919/782 781/918/781
f 836/973/836 805/942/805 764/901/764
f 798/935/798 799/936/799 837/974/837
f 766/903/766 756/893/756 792/929/792
f 837/974/837 782/919/782 785/922/785
f 837/974/837 785/922/785 838/975/838
f 572/659/572 556/643/556 757/894/757
f 839/976/839 798/935/798 837/974/837
f 799/936/799 782/919/782 837/974/837
f 800/937/800 795/932/795 839/976/839
f 800/937/800 839/976/839 840/977/840
f 839/976/839 841/978/841 840/977/840
f 795/932/795 798/935/798 839/976/839
f 839/976/839 837/974/837 842/979/842
f 842/979/842 841/978/841 839/976/839
f 842/979/842 837/974/837 835/972/835
f 835/972/835 837/974/837 838/975/838
f 842/979/842 835/972/835 792/929/792
f 842/979/842 792/929/792 820/957/820
f 789/926/789 835/972/835 838/975/838
f 838/975/838 785/922/785 789/926/789
f 806/943/806 842/979/842 820/957/820
f 842/979/842 806/943/806 841/978/841
f 843/980/843 802/939/802 836/973/836
f 556/643/556 555/642/555 757/894/757
f 805/942/805 840/977/840 806/943/806
f 572/659/572 757/894/757 761/898/761
f 571/658/571 572/659/572 761/898/761
f 759/896/759 844/981/844 764/901/764
f 761/898/761 804/941/804 806/943/806
f 757/894/757 804/941/804 761/898/761
f 840/977/840 841/978/841 806/943/806
f 555/642/555 554/641/554 762/899/762
f 811/948/811 796/933/796 800/937/800
f 764/901/764 804/941/804 757/894/757
f 811/948/811 836/973/836 802/939/802
f 844/981/844 836/973/836 764/901/764
f 800/937/800 840/977/840 805/942/805
f 811/948/811 800/937/800 836/973/836
f 805/942/805 836/973/836 800/937/800
f 845/982/845 846/983/846 847/984/847
f 846/983/846 845/982/845 848/985/848
f 849/986/849 850/987/850 848/985/848
f 848/985/848 850/987/850 851/988/851
f 850/987/850 849/986/849 1666/989/1666
f 849/986/849 1667/990/1667 1666/989/1666
f 851/988/851 1666/989/1666 1668/991/1668
f 851/988/851 850/987/850 1666/989/1666
f 852/992/852 1669/993/1669 853/994/853
f 845/982/845 847/984/847 854/995/854
f 854/995/854 855/996/855 845/982/845
f 854/995/854 856/997/856 855/996/855
f 855/996/855 857/998/857 858/999/858
f 855/996/855 856/997/856 857/998/857
f 859/1000/859 860/1001/860 861/1002/861
f 862/1003/862 861/1002/861 860/1001/860
f 858/999/858 860/1001/860 863/1004/863
f 860/1001/860 859/1000/859 863/1004/863
f 860/1001/860 858/999/858 857/998/857
f 863/1004/863 861/1002/861 864/1005/864
f 1669/993/1669 1670/1006/1670 853/994/853
f 865/1007/865 861/1002/861 866/1008/866
f 862/1003/862 866/1008/866 861/1002/861
f 867/1009/867 552/639/552 868/1010/868
f 869/1011/869 579/668/579 870/1012/870
f 579/668/579 762/899/762 554/641/554
f 870/1012/870 579/668/579 578/667/578
f 869/1011/869 762/899/762 579/668/579
f 863/1004/863 859/1000/859 861/1002/861
f 871/1013/871 865/1007/865 872/1014/872
f 861/1002/861 865/1007/865 864/1005/864
f 864/1005/864 871/1013/871 873/1015/873
f 864/1005/864 873/1015/873 874/1016/874
f 865/1007/865 871/1013/871 864/1005/864
f 868/1010/868 875/1017/875 867/1009/867
f 876/1018/876 870/1012/870 578/667/578
f 877/1019/877 876/1018/876 578/667/578
f 878/1020/878 875/1017/875 868/1010/868
f 578/667/578 879/1021/879 877/1019/877
f 871/1013/871 872/1014/872 878/1020/878
f 847/1022/847 846/1023/846 880/1024/880
f 587/676/587 879/1021/879 578/667/578
f 847/1022/847 880/1024/880 881/1025/881
f 871/1013/871 878/1020/878 868/1010/868
f 882/1026/882 846/983/846 848/985/848
f 883/1027/883 868/1010/868 552/639/552
f 549/636/549 879/1021/879 587/676/587
f 883/1027/883 871/1013/871 868/1010/868
f 848/985/848 884/1028/884 882/1026/882
f 878/1029/878 549/636/549 875/1030/875
f 878/1029/878 879/1021/879 549/636/549
f 873/1015/873 871/1013/871 883/1027/883
f 885/1031/885 848/985/848 845/982/845
f 885/1031/885 845/982/845 886/1032/886
f 855/996/855 887/1033/887 886/1032/886
f 1671/1034/1671 1667/990/1667 886/1032/886
f 845/982/845 855/996/855 886/1032/886
f 1667/990/1667 885/1031/885 886/1032/886
f 1672/1035/1672 1671/1034/1671 886/1032/886
f 885/1031/885 1667/990/1667 849/986/849
f 846/1023/846 888/1036/888 889/1037/889
f 880/1024/880 846/1023/846 889/1037/889
f 886/1032/886 1673/1038/1673 1672/1035/1672
f 885/1031/885 849/986/849 848/985/848
f 890/1039/890 891/1040/891 892/1041/892
f 851/988/851 1668/991/1668 884/1028/884
f 855/996/855 858/999/858 887/1033/887
f 887/1033/887 893/1042/893 886/1032/886
f 887/1033/887 858/999/858 893/1042/893
f 858/999/858 863/1004/863 893/1042/893
f 1674/1043/1674 893/1042/893 1675/1044/1675
f 893/1042/893 863/1004/863 894/1045/894
f 894/1045/894 1675/1044/1675 893/1042/893
f 882/1026/882 884/1028/884 852/992/852
f 888/1046/888 882/1026/882 852/992/852
f 1676/1047/1676 884/1028/884 1668/991/1668
f 1677/1048/1677 884/1028/884 1676/1047/1676
f 1670/1049/1670 1678/1050/1678 853/1051/853
f 1675/1044/1675 894/1045/894 1679/1052/1679
f 884/1028/884 1677/1048/1677 1669/993/1669
f 886/1032/886 893/1042/893 1680/1053/1680
f 886/1032/886 1680/1053/1680 1673/1038/1673
f 884/1028/884 848/985/848 851/988/851
f 895/1054/895 896/1055/896 897/1056/897
f 1674/1043/1674 1680/1053/1680 893/1042/893
f 898/1057/898 888/1036/888 899/1058/899
f 1681/1059/1681 900/1060/900 901/1061/901
f 888/1046/888 852/992/852 899/1062/899
f 902/1063/902 903/1064/903 904/1065/904
f 899/1058/899 853/1066/853 901/1061/901
f 905/1067/905 903/1064/903 896/1055/896
f 853/1066/853 1682/1068/1682 901/1061/901
f 898/1057/898 889/1037/889 888/1036/888
f 853/1066/853 1678/1069/1678 1682/1068/1682
f 864/1005/864 874/1016/874 863/1004/863
f 892/1041/892 902/1063/902 906/1070/906
f 874/1016/874 894/1045/894 863/1004/863
f 1682/1068/1682 1681/1059/1681 901/1061/901
f 907/1071/907 874/1016/874 873/1015/873
f 899/1058/899 901/1061/901 898/1057/898
f 894/1045/894 874/1016/874 907/1071/907
f 1683/1072/1683 894/1045/894 1684/1073/1684
f 1679/1052/1679 894/1045/894 1685/1074/1685
f 1685/1074/1685 894/1045/894 1683/1072/1683
f 1686/1075/1686 1684/1073/1684 908/1076/908
f 907/1071/907 908/1076/908 1684/1073/1684
f 894/1045/894 907/1071/907 1684/1073/1684
f 883/1027/883 909/1077/909 910/1078/910
f 909/1077/909 911/1079/911 910/1078/910
f 1687/1080/1687 908/1076/908 1688/1081/1688
f 883/1027/883 910/1078/910 873/1015/873
f 909/1077/909 912/1082/912 911/1079/911
f 1689/1083/1689 911/1079/911 912/1082/912
f 908/1076/908 1687/1080/1687 1686/1075/1686
f 908/1076/908 911/1079/911 1688/1081/1688
f 910/1078/910 911/1079/911 908/1076/908
f 911/1079/911 1689/1083/1689 1688/1081/1688
f 873/1015/873 908/1076/908 907/1071/907
f 910/1078/910 908/1076/908 873/1015/873
f 899/1062/899 852/992/852 853/994/853
f 1690/1084/1690 1689/1083/1689 912/1082/912
f 913/1085/913 1691/1086/1691 914/1087/914
f 906/1070/906 890/1039/890 892/1041/892
f 890/1039/890 915/1088/915 891/1040/891
f 916/1089/916 1692/1090/1692 1691/1086/1691
f 906/1070/906 917/1091/917 890/1039/890
f 913/1085/913 916/1089/916 1691/1086/1691
f 915/1088/915 890/1039/890 918/1092/918
f 919/1093/919 920/1094/920 917/1091/917
f 921/1095/921 913/1085/913 914/1087/914
f 917/1091/917 918/1092/918 890/1039/890
f 918/1092/918 917/1091/917 920/1094/920
f 922/1096/922 918/1092/918 920/1094/920
f 889/1037/889 898/1057/898 923/1097/923
f 923/1097/923 922/1096/922 880/1024/880
f 923/1097/923 880/1024/880 889/1037/889
f 549/636/549 544/627/544 547/1098/547
f 888/1046/888 846/983/846 882/1026/882
f 924/1099/924 922/1096/922 920/1094/920
f 880/1024/880 922/1096/922 924/1099/924
f 875/1017/875 547/631/547 925/1100/925
f 925/1100/925 547/631/547 540/622/540
f 926/1101/926 870/1012/870 927/1102/927
f 880/1024/880 924/1099/924 881/1025/881
f 896/1055/896 895/1054/895 905/1067/905
f 928/1103/928 905/1067/905 895/1054/895
f 926/1101/926 927/1102/927 928/1103/928
f 869/1011/869 870/1012/870 926/1101/926
f 895/1054/895 897/1056/897 926/1101/926
f 895/1054/895 926/1101/926 928/1103/928
f 929/1104/929 928/1103/928 927/1102/927
f 930/1105/930 931/1106/931 928/1103/928
f 876/1018/876 927/1102/927 870/1012/870
f 906/1070/906 904/1065/904 919/1093/919
f 905/1067/905 932/1107/932 904/1065/904
f 928/1103/928 931/1106/931 905/1067/905
f 905/1067/905 904/1065/904 903/1064/903
f 919/1093/919 904/1065/904 932/1107/932
f 931/1106/931 932/1107/932 905/1067/905
f 904/1065/904 906/1070/906 902/1063/902
f 927/1102/927 933/1108/933 929/1104/929
f 930/1105/930 928/1103/928 929/1104/929
f 906/1070/906 919/1093/919 917/1091/917
f 919/1093/919 932/1107/932 931/1106/931
f 933/1108/933 927/1102/927 876/1018/876
f 933/1108/933 876/1018/876 877/1019/877
f 872/1109/872 933/1108/933 879/1021/879
f 933/1108/933 877/1019/877 879/1021/879
f 934/1110/934 920/1094/920 919/1093/919
f 935/1111/935 929/1104/929 933/1108/933
f 930/1105/930 929/1104/929 935/1111/935
f 866/1112/866 933/1108/933 872/1109/872
f 935/1111/935 933/1108/933 866/1112/866
f 879/1021/879 878/1029/878 872/1109/872
f 862/1113/862 936/1114/936 935/1111/935
f 935/1111/935 866/1112/866 862/1113/862
f 872/1014/872 865/1007/865 866/1008/866
f 937/1115/937 919/1093/919 930/1105/930
f 919/1093/919 931/1106/931 930/1105/930
f 934/1110/934 919/1093/919 937/1115/937
f 937/1115/937 930/1105/930 935/1111/935
f 856/1116/856 934/1110/934 937/1115/937
f 924/1099/924 920/1094/920 934/1110/934
f 856/1116/856 924/1099/924 934/1110/934
f 936/1114/936 937/1115/937 935/1111/935
f 856/1116/856 937/1115/937 936/1114/936
f 936/1117/936 860/1001/860 857/998/857
f 862/1003/862 860/1001/860 936/1117/936
f 881/1025/881 924/1099/924 856/1116/856
f 881/1118/881 856/997/856 854/995/854
f 856/997/856 936/1117/936 857/998/857
f 881/1118/881 854/995/854 847/984/847
f 540/622/540 550/637/550 925/1100/925
f 1669/993/1669 852/992/852 884/1028/884
f 547/1098/547 875/1030/875 549/636/549
f 1690/1084/1690 912/1082/912 1693/1119/1693
f 1693/1119/1693 912/1082/912 1694/1120/1694
f 557/644/557 1642/635/1642 1694/1120/1694
f 557/644/557 1694/1120/1694 912/1082/912
f 550/637/550 867/1009/867 925/1100/925
f 867/1009/867 875/1017/875 925/1100/925
f 867/1009/867 550/637/550 552/639/552
f 1695/1121/1695 916/1089/916 913/1085/913
f 1695/1121/1695 1692/1090/1692 916/1089/916
f 921/1095/921 938/1122/938 913/1085/913
f 891/1040/891 915/1088/915 921/1095/921
f 938/1122/938 1696/1123/1696 913/1085/913
f 918/1092/918 921/1095/921 915/1088/915
f 923/1097/923 938/1122/938 918/1092/918
f 921/1095/921 918/1092/918 938/1122/938
f 1697/1124/1697 1695/1121/1695 913/1085/913
f 1697/1124/1697 913/1085/913 1696/1123/1696
f 1696/1123/1696 938/1122/938 900/1060/900
f 525/604/525 909/1077/909 552/639/552
f 1696/1123/1696 900/1060/900 1698/1125/1698
f 900/1060/900 938/1122/938 898/1057/898
f 898/1057/898 938/1122/938 923/1097/923
f 1699/1126/1699 1698/1125/1698 1700/1127/1700
f 918/1092/918 922/1096/922 923/1097/923
f 1700/1127/1700 1701/1128/1701 1699/1126/1699
f 552/639/552 909/1077/909 883/1027/883
f 1681/1059/1681 1700/1127/1700 900/1060/900
f 898/1057/898 901/1061/901 900/1060/900
f 1700/1127/1700 1698/1125/1698 900/1060/900
f 909/1077/909 525/604/525 557/644/557
f 909/1077/909 557/644/557 912/1082/912
f 1691/1086/1691 1702/1129/1702 914/1087/914
f 921/1095/921 914/1087/914 939/1130/939
f 940/1131/940 941/1132/941 903/1064/903
f 942/1133/942 943/1134/943 944/1135/944
f 939/1130/939 914/1087/914 1703/1136/1703
f 943/1134/943 945/1137/945 944/1135/944
f 945/1137/945 921/1095/921 939/1130/939
f 1702/1129/1702 1704/1138/1704 914/1087/914
f 1704/1138/1704 1703/1136/1703 914/1087/914
f 939/1130/939 1703/1136/1703 1705/1139/1705
f 939/1130/939 1706/1140/1706 1707/1141/1707
f 1707/1141/1707 1708/1142/1708 939/1130/939
f 939/1130/939 1705/1139/1705 1706/1140/1706
f 945/1137/945 939/1130/939 946/1143/946
f 1709/1144/1709 1710/1145/1710 939/1130/939
f 1708/1142/1708 1709/1144/1709 939/1130/939
f 939/1130/939 1710/1145/1710 946/1143/946
f 945/1137/945 947/1146/947 944/1135/944
f 940/1131/940 944/1135/944 948/1147/948
f 1710/1145/1710 1711/1148/1711 949/1149/949
f 950/1150/950 803/940/803 951/1151/951
f 946/1143/946 1710/1145/1710 947/1146/947
f 946/1143/946 947/1146/947 945/1137/945
f 952/1152/952 953/1153/953 951/1151/951
f 953/1153/953 950/1150/950 951/1151/951
f 949/1149/949 954/1154/954 1710/1145/1710
f 953/1153/953 952/1152/952 955/1155/955
f 1711/1148/1711 1712/1156/1712 949/1149/949
f 803/940/803 802/939/802 952/1152/952
f 952/1152/952 951/1151/951 803/940/803
f 955/1155/955 952/1152/952 956/1157/956
f 956/1157/956 802/939/802 957/1158/957
f 802/939/802 843/980/843 957/1158/957
f 1710/1145/1710 954/1154/954 958/1159/958
f 956/1157/956 952/1152/952 802/939/802
f 1712/1156/1712 954/1154/954 949/1149/949
f 948/1147/948 941/1132/941 940/1131/940
f 948/1147/948 959/1160/959 941/1132/941
f 941/1132/941 960/1161/960 903/1064/903
f 958/1159/958 961/1162/961 948/1147/948
f 896/1055/896 962/1163/962 897/1056/897
f 903/1064/903 960/1161/960 896/1055/896
f 948/1147/948 961/1162/961 963/1164/963
f 964/1165/964 963/1164/963 961/1162/961
f 948/1147/948 947/1146/947 958/1159/958
f 963/1164/963 959/1160/959 948/1147/948
f 1710/1145/1710 958/1159/958 947/1146/947
f 965/1166/965 966/1167/966 967/1168/967
f 968/1169/968 969/1170/969 965/1166/965
f 970/1171/970 965/1166/965 967/1168/967
f 970/1171/970 967/1168/967 971/1172/971
f 972/1173/972 926/1101/926 897/1056/897
f 926/1101/926 972/1173/972 869/1011/869
f 954/1154/954 961/1162/961 958/1159/958
f 960/1161/960 962/1163/962 896/1055/896
f 968/1169/968 965/1166/965 970/1171/970
f 962/1163/962 973/1174/973 974/1175/974
f 960/1161/960 975/1176/975 973/1174/973
f 959/1160/959 976/1177/976 941/1132/941
f 977/1178/977 978/1179/978 979/1180/979
f 1713/1181/1713 1714/1182/1714 980/1183/980
f 960/1161/960 973/1174/973 962/1163/962
f 960/1161/960 941/1132/941 976/1177/976
f 980/1183/980 1714/1182/1714 977/1178/977
f 1715/1184/1715 1714/1182/1714 1713/1181/1713
f 980/1183/980 977/1178/977 981/1185/981
f 979/1180/979 981/1185/981 977/1178/977
f 968/1169/968 979/1180/979 978/1179/978
f 968/1169/968 970/1171/970 979/1180/979
f 982/1186/982 1716/1187/1716 980/1183/980
f 1716/1187/1716 1717/1188/1717 1713/1181/1713
f 980/1183/980 1716/1187/1716 1713/1181/1713
f 983/1189/983 980/1183/980 984/1190/984
f 980/1183/980 983/1189/983 982/1186/982
f 979/1180/979 984/1190/984 981/1185/981
f 980/1183/980 981/1185/981 984/1190/984
f 979/1180/979 985/1191/985 984/1190/984
f 1718/1192/1718 1716/1187/1716 983/1189/983
f 986/1193/986 985/1191/985 987/1194/987
f 970/1171/970 987/1194/987 979/1180/979
f 1716/1187/1716 982/1186/982 983/1189/983
f 983/1189/983 1719/1195/1719 1718/1192/1718
f 983/1189/983 988/1196/988 989/1197/989
f 983/1189/983 1720/1198/1720 1719/1195/1719
f 987/1194/987 985/1191/985 979/1180/979
f 988/1196/988 984/1190/984 964/1165/964
f 1720/1198/1720 983/1189/983 989/1197/989
f 964/1165/964 984/1190/984 985/1191/985
f 1721/1199/1721 1720/1198/1720 1722/1200/1722
f 1722/1200/1722 1720/1198/1720 988/1196/988
f 989/1197/989 988/1196/988 1720/1198/1720
f 974/1175/974 972/1173/972 897/1056/897
f 897/1056/897 962/1163/962 974/1175/974
f 974/1175/974 990/1201/990 972/1173/972
f 984/1190/984 988/1196/988 983/1189/983
f 975/1176/975 960/1161/960 976/1177/976
f 991/1202/991 992/1203/992 953/1153/953
f 993/1204/993 991/1202/991 953/1153/953
f 976/1177/976 994/1205/994 975/1176/975
f 959/1160/959 995/1206/995 976/1177/976
f 993/1204/993 967/1168/967 991/1202/991
f 991/1202/991 966/1167/966 992/1203/992
f 966/1167/966 991/1202/991 967/1168/967
f 996/1207/996 967/1168/967 993/1204/993
f 953/1153/953 996/1207/996 993/1204/993
f 955/1155/955 996/1207/996 953/1153/953
f 997/1208/997 996/1207/996 955/1155/955
f 997/1208/997 998/1209/998 999/1210/999
f 973/1174/973 971/1172/971 1000/1211/1000
f 1001/1212/1001 974/1175/974 1000/1211/1000
f 990/1201/990 974/1175/974 1001/1212/1001
f 1000/1211/1000 974/1175/974 973/1174/973
f 1001/1212/1001 999/1210/999 990/1201/990
f 957/1158/957 843/980/843 1002/1213/1002
f 998/1209/998 957/1158/957 1002/1213/1002
f 843/980/843 836/973/836 844/981/844
f 998/1209/998 956/1157/956 957/1158/957
f 964/1165/964 986/1193/986 963/1164/963
f 967/1168/967 996/1207/996 971/1172/971
f 1003/1214/1003 1002/1213/1002 844/981/844
f 1002/1213/1002 999/1210/999 998/1209/998
f 1002/1213/1002 843/980/843 844/981/844
f 990/1201/990 999/1210/999 1003/1214/1003
f 759/896/759 990/1201/990 1003/1214/1003
f 759/896/759 1003/1214/1003 844/981/844
f 954/1154/954 1004/1215/1004 961/1162/961
f 1001/1212/1001 997/1208/997 999/1210/999
f 997/1208/997 1001/1212/1001 1000/1211/1000
f 971/1172/971 996/1207/996 997/1208/997
f 961/1162/961 1004/1215/1004 964/1165/964
f 759/896/759 758/895/758 990/1201/990
f 972/1173/972 990/1201/990 758/895/758
f 971/1172/971 997/1208/997 1000/1211/1000
f 1003/1214/1003 999/1210/999 1002/1213/1002
f 758/895/758 869/1011/869 972/1173/972
f 762/899/762 869/1011/869 758/895/758
f 955/1155/955 956/1157/956 998/1209/998
f 955/1155/955 998/1209/998 997/1208/997
f 943/1134/943 892/1041/892 891/1040/891
f 1712/1156/1712 1722/1200/1722 954/1154/954
f 1004/1215/1004 1722/1200/1722 988/1196/988
f 954/1154/954 1722/1200/1722 1004/1215/1004
f 892/1041/892 943/1134/943 942/1133/942
f 892/1041/892 942/1133/942 940/1131/940
f 940/1131/940 902/1063/902 892/1041/892
f 970/1171/970 971/1172/971 994/1205/994
f 947/1146/947 948/1147/948 944/1135/944
f 943/1134/943 921/1095/921 945/1137/945
f 994/1205/994 971/1172/971 973/1174/973
f 973/1174/973 975/1176/975 994/1205/994
f 891/1040/891 921/1095/921 943/1134/943
f 995/1206/995 987/1194/987 970/1171/970
f 970/1171/970 994/1205/994 995/1206/995
f 940/1131/940 942/1133/942 944/1135/944
f 902/1063/902 940/1131/940 903/1064/903
f 994/1205/994 976/1177/976 995/1206/995
f 995/1206/995 959/1160/959 963/1164/963
f 963/1164/963 986/1193/986 995/1206/995
f 964/1165/964 1004/1215/1004 988/1196/988
f 986/1193/986 987/1194/987 995/1206/995
f 985/1191/985 986/1193/986 964/1165/964
f 1711/1148/1711 1708/1142/1708 1712/1156/1712
f 1005/1216/1005 1006/1217/1006 1007/1218/1007
f 1007/1218/1007 1008/1219/1008 1005/1216/1005
f 1008/1219/1008 1009/1220/1009 1010/1221/1010
f 1011/1222/1011 1009/1223/1009 1012/1224/1012
f 1013/1225/1013 1009/1223/1009 1011/1222/1011
f 1011/1222/1011 1014/1226/1014 1013/1225/1013
f 1015/1227/1015 1016/1228/1016 1017/1229/1017
f 1018/1230/1018 1019/1231/1019 1020/1232/1020
f 1723/1233/1723 1021/1234/1021 1724/1235/1724
f 1018/1230/1018 1020/1232/1020 1022/1236/1022
f 1725/1237/1725 1023/1238/1023 1726/1239/1726
f 1024/1240/1024 1025/1241/1025 1006/1217/1006
f 1019/1231/1019 1023/1238/1023 1725/1237/1725
f 1021/1234/1021 1026/1242/1026 1724/1235/1724
f 1027/1243/1027 1025/1241/1025 1024/1240/1024
f 1006/1217/1006 1005/1216/1005 1024/1240/1024
f 1024/1240/1024 1028/1244/1028 1027/1243/1027
f 1029/1245/1029 1030/1246/1030 1031/1247/1031
f 1015/1227/1015 1032/1248/1032 1027/1243/1027
f 1028/1244/1028 1024/1240/1024 1033/1249/1033
f 1727/1250/1727 1724/1235/1724 1026/1242/1026
f 1024/1240/1024 1005/1216/1005 1033/1249/1033
f 1034/1251/1034 1015/1227/1015 1028/1244/1028
f 1015/1227/1015 1027/1243/1027 1028/1244/1028
f 1035/1252/1035 1036/1253/1036 1037/1254/1037
f 1038/1255/1038 1037/1254/1037 1036/1253/1036
f 1005/1216/1005 1008/1219/1008 1033/1249/1033
f 1039/1256/1039 1033/1249/1033 1008/1219/1008
f 1040/1257/1040 1041/1258/1041 1042/1259/1042
f 1039/1256/1039 1008/1219/1008 1010/1221/1010
f 1043/1260/1043 1028/1244/1028 1039/1256/1039
f 1033/1249/1033 1039/1256/1039 1028/1244/1028
f 1028/1244/1028 1043/1260/1043 1042/1259/1042
f 1044/1261/1044 1035/1252/1035 1037/1254/1037
f 1045/1262/1045 1046/1263/1046 1041/1258/1041
f 1047/1264/1047 1026/1242/1026 1048/1265/1048
f 1031/1247/1031 1034/1251/1034 1028/1244/1028
f 1049/1266/1049 1050/1267/1050 1051/1268/1051
f 1040/1257/1040 1043/1260/1043 1039/1256/1039
f 1048/1265/1048 1026/1242/1026 1021/1234/1021
f 1045/1262/1045 1052/1269/1052 1046/1263/1046
f 1050/1267/1050 1053/1270/1053 1051/1268/1051
f 1043/1260/1043 1040/1257/1040 1042/1259/1042
f 1054/1271/1054 1030/1246/1030 1022/1236/1022
f 1016/1228/1016 1015/1227/1015 1030/1246/1030
f 1052/1269/1052 1055/1272/1055 1056/1273/1056
f 1046/1263/1046 1052/1269/1052 1056/1273/1056
f 1016/1228/1016 1030/1246/1030 1054/1271/1054
f 1030/1246/1030 1034/1251/1034 1031/1247/1031
f 1030/1246/1030 1015/1227/1015 1034/1251/1034
f 1029/1245/1029 1042/1259/1042 1046/1263/1046
f 1031/1247/1031 1028/1244/1028 1042/1259/1042
f 1029/1245/1029 1056/1273/1056 1057/1274/1057
f 1057/1274/1057 1030/1246/1030 1029/1245/1029
f 1058/1275/1058 1059/1276/1059 1060/1277/1060
f 477/549/477 1061/1278/1061 1062/1279/1062
f 1063/1280/1063 1021/1234/1021 1058/1275/1058
f 1041/1258/1041 1046/1263/1046 1042/1259/1042
f 1062/1279/1062 478/550/478 477/549/477
f 1031/1247/1031 1042/1259/1042 1029/1245/1029
f 1062/1279/1062 1061/1278/1061 1064/1281/1064
f 1056/1273/1056 1029/1245/1029 1046/1263/1046
f 1065/1282/1065 1048/1265/1048 1021/1234/1021
f 1066/1283/1066 1067/1284/1067 1068/1285/1068
f 1009/1223/1009 1013/1225/1013 1010/1286/1010
f 1010/1221/1010 1040/1257/1040 1039/1256/1039
f 1013/1225/1013 1069/1287/1069 1010/1286/1010
f 1723/1233/1723 1059/1276/1059 1021/1234/1021
f 1065/1282/1065 1021/1234/1021 1063/1280/1063
f 1059/1276/1059 1058/1275/1058 1021/1234/1021
f 1013/1225/1013 1014/1226/1014 1070/1288/1070
f 1069/1287/1069 1040/1289/1040 1010/1286/1010
f 1071/1290/1071 1036/1253/1036 1072/1291/1072
f 1073/1292/1073 1074/1293/1074 1075/1294/1075
f 1069/1287/1069 1076/1295/1076 1040/1289/1040
f 1069/1287/1069 1013/1225/1013 1070/1288/1070
f 1077/1296/1077 1067/1284/1067 1066/1283/1066
f 1078/1297/1078 1079/1298/1079 1064/1281/1064
f 1070/1288/1070 1067/1284/1067 1069/1287/1069
f 1077/1296/1077 1069/1287/1069 1067/1284/1067
f 1060/1277/1060 1080/1299/1080 1058/1275/1058
f 1081/1300/1081 1079/1298/1079 1078/1297/1078
f 1069/1287/1069 1077/1296/1077 1076/1295/1076
f 1014/1226/1014 1082/1301/1082 1070/1288/1070
f 1083/1302/1083 1084/1303/1084 1085/1304/1085
f 1082/1301/1082 1067/1284/1067 1070/1288/1070
f 1086/1305/1086 1075/1294/1075 1074/1293/1074
f 1084/1303/1084 1076/1295/1076 1077/1296/1077
f 1067/1284/1067 1087/1306/1087 1068/1285/1068
f 1084/1303/1084 1045/1307/1045 1076/1295/1076
f 1041/1308/1041 1076/1295/1076 1045/1307/1045
f 1052/1309/1052 1088/1310/1088 1089/1311/1089
f 1090/1312/1090 1089/1311/1089 1088/1310/1088
f 1091/1313/1091 1092/1314/1092 1093/1315/1093
f 1094/1316/1094 1095/1317/1095 1096/1318/1096
f 1080/1299/1080 1097/1319/1097 1089/1311/1089
f 1051/1268/1051 1053/1270/1053 1095/1317/1095
f 1090/1312/1090 1080/1299/1080 1089/1311/1089
f 1098/1320/1098 1099/1321/1099 1100/1322/1100
f 1050/1267/1050 1087/1306/1087 1101/1323/1101
f 1089/1311/1089 1102/1324/1102 1052/1309/1052
f 1103/1325/1103 1104/1326/1104 1105/1327/1105
f 1044/1261/1044 1037/1254/1037 1068/1285/1068
f 1044/1261/1044 1068/1285/1068 1087/1306/1087
f 1051/1268/1051 1095/1317/1095 1106/1328/1106
f 1082/1301/1082 1087/1306/1087 1067/1284/1067
f 1088/1310/1088 1052/1309/1052 1045/1307/1045
f 1101/1323/1101 1053/1270/1053 1050/1267/1050
f 1101/1323/1101 1087/1306/1087 1082/1301/1082
f 1044/1261/1044 1087/1306/1087 1050/1267/1050
f 1082/1301/1082 1107/1329/1107 1101/1323/1101
f 1025/1241/1025 1027/1243/1027 1032/1248/1032
f 1108/1330/1108 1025/1241/1025 1032/1248/1032
f 1006/1217/1006 1025/1241/1025 1109/1331/1109
f 1083/1302/1083 1058/1275/1058 1080/1299/1080
f 1110/1332/1110 1032/1248/1032 1015/1227/1015
f 1025/1241/1025 1108/1330/1108 1109/1331/1109
f 1728/1333/1728 1729/1334/1729 1111/1335/1111
f 1088/1310/1088 1045/1307/1045 1084/1303/1084
f 1080/1299/1080 1090/1312/1090 1083/1302/1083
f 1112/1336/1112 1108/1330/1108 1032/1248/1032
f 1113/1337/1113 1109/1331/1109 1108/1330/1108
f 1088/1310/1088 1083/1302/1083 1090/1312/1090
f 1062/1279/1062 1064/1281/1064 1114/1338/1114
f 1115/1339/1115 1062/1279/1062 1114/1338/1114
f 1084/1303/1084 1083/1302/1083 1088/1310/1088
f 478/550/478 1062/1279/1062 1115/1339/1115
f 1071/1290/1071 1072/1291/1072 1116/1340/1116
f 1041/1308/1041 1040/1289/1040 1076/1295/1076
f 1116/1340/1116 1083/1302/1083 1085/1304/1085
f 1117/1341/1117 1118/1342/1118 1119/1343/1119
f 1066/1283/1066 1084/1303/1084 1077/1296/1077
f 1065/1282/1065 1083/1302/1083 1116/1340/1116
f 1120/1344/1120 1102/1345/1102 1121/1346/1121
f 1037/1254/1037 1038/1255/1038 1068/1285/1068
f 1036/1253/1036 1071/1290/1071 1038/1255/1038
f 1055/1272/1055 1052/1269/1052 1102/1345/1102
f 1085/1304/1085 1066/1283/1066 1068/1285/1068
f 1038/1255/1038 1085/1304/1085 1068/1285/1068
f 1084/1303/1084 1066/1283/1066 1085/1304/1085
f 1038/1255/1038 1116/1340/1116 1085/1304/1085
f 1116/1340/1116 1048/1265/1048 1065/1282/1065
f 1048/1265/1048 1116/1340/1116 1072/1291/1072
f 1116/1340/1116 1038/1255/1038 1071/1290/1071
f 1728/1333/1728 1111/1335/1111 1120/1344/1120
f 1065/1282/1065 1063/1280/1063 1083/1302/1083
f 425/488/425 1115/1339/1115 1122/1347/1122
f 1121/1346/1121 1123/1348/1123 1730/1349/1730
f 1115/1339/1115 426/489/426 478/550/478
f 1115/1339/1115 425/488/425 426/489/426
f 1047/1264/1047 1048/1265/1048 1072/1291/1072
f 1122/1347/1122 1115/1339/1115 1114/1338/1114
f 1122/1347/1122 1124/1350/1124 1125/1351/1125
f 416/478/416 402/460/402 425/488/425
f 425/488/425 1122/1347/1122 1125/1351/1125
f 397/455/397 1126/1352/1126 401/459/401
f 400/458/400 416/478/416 1126/1352/1126
f 1126/1352/1126 397/455/397 400/458/400
f 1127/1353/1127 253/300/253 401/459/401
f 1128/1354/1128 1127/1353/1127 401/459/401
f 1128/1354/1128 401/459/401 1126/1352/1126
f 1129/1355/1129 1128/1354/1128 1126/1352/1126
f 1130/1356/1130 1126/1352/1126 416/478/416
f 1728/1333/1728 1121/1346/1121 1730/1349/1730
f 1121/1346/1121 1728/1333/1728 1120/1344/1120
f 1055/1272/1055 1057/1274/1057 1056/1273/1056
f 425/488/425 1125/1351/1125 416/478/416
f 1130/1356/1130 416/478/416 1125/1351/1125
f 1123/1357/1123 1097/1319/1097 1131/1358/1131
f 1060/1277/1060 1731/1359/1731 1131/1358/1131
f 1097/1319/1097 1123/1357/1123 1089/1311/1089
f 1102/1345/1102 1120/1344/1120 1111/1335/1111
f 1058/1275/1058 1083/1302/1083 1063/1280/1063
f 1030/1246/1030 1057/1274/1057 1022/1236/1022
f 1102/1345/1102 1123/1348/1123 1121/1346/1121
f 1732/1360/1732 1733/1361/1733 1731/1359/1731
f 1734/1362/1734 1735/1363/1735 1123/1348/1123
f 1102/1324/1102 1089/1311/1089 1123/1357/1123
f 1132/1364/1132 1133/1365/1133 1134/1366/1134
f 1736/1367/1736 1131/1358/1131 1731/1359/1731
f 1018/1230/1018 1023/1238/1023 1019/1231/1019
f 1135/1368/1135 1023/1238/1023 1018/1230/1018
f 1060/1277/1060 1131/1358/1131 1097/1319/1097
f 1730/1349/1730 1123/1348/1123 1735/1363/1735
f 1055/1272/1055 1102/1345/1102 1111/1335/1111
f 329/381/329 1136/1369/1136 391/449/391
f 1060/1277/1060 1059/1276/1059 1731/1359/1731
f 1097/1319/1097 1080/1299/1080 1060/1277/1060
f 325/377/325 1137/1370/1137 259/306/259
f 1127/1353/1127 344/396/344 253/300/253
f 1729/1334/1729 1726/1239/1726 1135/1368/1135
f 1137/1370/1137 1136/1369/1136 259/306/259
f 147/174/147 391/449/391 1138/1371/1138
f 325/377/325 344/396/344 1127/1353/1127
f 329/381/329 259/306/259 1136/1369/1136
f 1136/1369/1136 1137/1370/1137 1139/1372/1139
f 1734/1373/1734 1131/1358/1131 1737/1374/1737
f 1131/1358/1131 1734/1373/1734 1123/1357/1123
f 1136/1369/1136 1138/1371/1138 391/449/391
f 1134/1366/1134 1133/1365/1133 1138/1371/1138
f 1139/1372/1139 1140/1375/1140 1136/1369/1136
f 1131/1358/1131 1733/1361/1733 1737/1374/1737
f 1736/1367/1736 1733/1361/1733 1131/1358/1131
f 1738/1376/1738 1732/1360/1732 1731/1359/1731
f 1059/1276/1059 1738/1376/1738 1731/1359/1731
f 1141/1377/1141 1104/1326/1104 1142/1378/1142
f 1738/1376/1738 1059/1276/1059 1739/1379/1739
f 1739/1379/1739 1740/1380/1740 1738/1376/1738
f 1143/1381/1143 1144/1382/1144 1145/1383/1145
f 1136/1369/1136 1134/1366/1134 1138/1371/1138
f 1135/1368/1135 1057/1274/1057 1111/1335/1111
f 1133/1365/1133 147/174/147 1138/1371/1138
f 1135/1368/1135 1726/1239/1726 1023/1238/1023
f 1141/1377/1141 1142/1378/1142 1146/1384/1146
f 1739/1379/1739 1059/1276/1059 1723/1233/1723
f 1147/1385/1147 1074/1293/1074 1099/1321/1099
f 1099/1321/1099 1074/1293/1074 1073/1292/1073
f 1135/1368/1135 1018/1230/1018 1057/1274/1057
f 1148/1386/1148 1079/1298/1079 1081/1300/1081
f 1079/1298/1079 1114/1338/1114 1064/1281/1064
f 1079/1298/1079 1148/1386/1148 1149/1387/1149
f 1150/1388/1150 1124/1350/1124 1114/1338/1114
f 1073/1292/1073 1100/1322/1100 1099/1321/1099
f 1151/1389/1151 1124/1350/1124 1150/1388/1150
f 1074/1293/1074 1148/1386/1148 1081/1300/1081
f 1086/1305/1086 1074/1293/1074 1081/1300/1081
f 1150/1388/1150 1149/1387/1149 1151/1389/1151
f 1150/1388/1150 1114/1338/1114 1079/1298/1079
f 1148/1386/1148 1074/1293/1074 1147/1385/1147
f 1152/1390/1152 1148/1386/1148 1147/1385/1147
f 1153/1391/1153 1151/1389/1151 1152/1390/1152
f 1151/1389/1151 1149/1387/1149 1148/1386/1148
f 1151/1389/1151 1148/1386/1148 1152/1390/1152
f 1154/1392/1154 1153/1391/1153 1152/1390/1152
f 1155/1393/1155 1154/1392/1154 1152/1390/1152
f 1153/1391/1153 1154/1392/1154 1156/1394/1156
f 1157/1395/1157 1107/1329/1107 1158/1396/1158
f 1098/1320/1098 1157/1395/1157 1159/1397/1159
f 1159/1397/1159 1160/1398/1160 1152/1390/1152
f 1099/1321/1099 1159/1397/1159 1147/1385/1147
f 1096/1318/1096 1157/1395/1157 1098/1320/1098
f 1159/1397/1159 1157/1395/1157 1160/1398/1160
f 1099/1321/1099 1098/1320/1098 1159/1397/1159
f 1158/1396/1158 1160/1398/1160 1157/1395/1157
f 1094/1316/1094 1096/1318/1096 1098/1320/1098
f 1161/1399/1161 1162/1400/1162 1160/1398/1160
f 1107/1329/1107 1053/1270/1053 1101/1323/1101
f 1157/1395/1157 1163/1401/1163 1107/1329/1107
f 1053/1270/1053 1107/1329/1107 1163/1401/1163
f 1079/1298/1079 1149/1387/1149 1150/1388/1150
f 1096/1318/1096 1163/1401/1163 1157/1395/1157
f 1107/1329/1107 1164/1402/1164 1158/1396/1158
f 1164/1402/1164 1107/1329/1107 1082/1301/1082
f 1095/1317/1095 1053/1270/1053 1163/1401/1163
f 1163/1401/1163 1096/1318/1096 1095/1317/1095
f 1014/1226/1014 1164/1402/1164 1082/1301/1082
f 1164/1402/1164 1014/1226/1014 1011/1222/1011
f 1156/1394/1156 1154/1392/1154 1155/1393/1155
f 1161/1399/1161 1158/1396/1158 1164/1402/1164
f 1011/1222/1011 1161/1399/1161 1164/1402/1164
f 1165/1403/1165 1161/1399/1161 1011/1222/1011
f 1165/1403/1165 1011/1222/1011 1012/1224/1012
f 1165/1403/1165 1166/1404/1166 1161/1399/1161
f 1161/1399/1161 1160/1398/1160 1158/1396/1158
f 1012/1224/1012 1166/1404/1166 1165/1403/1165
f 1167/1405/1167 1166/1404/1166 1012/1224/1012
f 1147/1385/1147 1159/1397/1159 1152/1390/1152
f 1152/1390/1152 1160/1398/1160 1162/1400/1162
f 1155/1393/1155 1152/1390/1152 1162/1400/1162
f 1155/1393/1155 1162/1400/1162 1168/1406/1168
f 1168/1406/1168 1169/1407/1169 1155/1393/1155
f 1169/1407/1169 1168/1406/1168 1170/1408/1170
f 1171/1409/1171 1156/1394/1156 1169/1407/1169
f 1155/1393/1155 1169/1407/1169 1156/1394/1156
f 1169/1407/1169 1170/1408/1170 1172/1410/1172
f 1170/1408/1170 1168/1406/1168 1161/1399/1161
f 1173/1411/1173 1171/1409/1171 1169/1407/1169
f 1166/1404/1166 1167/1405/1167 1170/1408/1170
f 1161/1399/1161 1168/1406/1168 1162/1400/1162
f 1170/1408/1170 1161/1399/1161 1166/1404/1166
f 1172/1410/1172 1170/1408/1170 1167/1405/1167
f 1172/1410/1172 1174/1412/1174 1173/1411/1173
f 1173/1411/1173 1169/1407/1169 1172/1410/1172
f 1012/1413/1012 1009/1220/1009 1175/1414/1175
f 1176/1415/1176 1175/1414/1175 1007/1218/1007
f 1008/1219/1008 1007/1218/1007 1175/1414/1175
f 1177/1416/1177 1091/1313/1091 1178/1417/1178
f 1179/1418/1179 1176/1415/1176 1180/1419/1180
f 1167/1420/1167 1012/1413/1012 1175/1414/1175
f 1179/1418/1179 1181/1421/1181 1176/1415/1176
f 1175/1414/1175 1181/1421/1181 1167/1420/1167
f 1181/1421/1181 1175/1414/1175 1176/1415/1176
f 1182/1422/1182 1092/1314/1092 1183/1423/1183
f 1006/1217/1006 1182/1422/1182 1007/1218/1007
f 1006/1217/1006 1092/1314/1092 1182/1422/1182
f 1113/1337/1113 1092/1314/1092 1109/1331/1109
f 1008/1219/1008 1175/1414/1175 1009/1220/1009
f 1182/1422/1182 1184/1424/1184 1176/1415/1176
f 1184/1424/1184 1182/1422/1182 1183/1423/1183
f 1006/1217/1006 1109/1331/1109 1092/1314/1092
f 1176/1415/1176 1184/1424/1184 1180/1419/1180
f 1183/1423/1183 1091/1313/1091 1177/1416/1177
f 1185/1425/1185 1180/1419/1180 1186/1426/1186
f 1185/1425/1185 1186/1426/1186 1187/1427/1187
f 1186/1426/1186 1180/1419/1180 1188/1428/1188
f 1182/1422/1182 1176/1415/1176 1007/1218/1007
f 1188/1428/1188 1180/1419/1180 1177/1416/1177
f 1178/1417/1178 1188/1428/1188 1177/1416/1177
f 1189/1429/1189 1190/1430/1190 1186/1426/1186
f 1191/1431/1191 1188/1428/1188 1178/1417/1178
f 1191/1431/1191 1146/1384/1146 1142/1378/1142
f 1188/1428/1188 1191/1431/1191 1142/1378/1142
f 1186/1426/1186 1190/1430/1190 1187/1427/1187
f 1174/1432/1174 1185/1425/1185 1192/1433/1192
f 1185/1425/1185 1187/1427/1187 1192/1433/1192
f 1142/1378/1142 1189/1429/1189 1188/1428/1188
f 1188/1428/1188 1189/1429/1189 1186/1426/1186
f 1185/1425/1185 1193/1434/1193 1179/1418/1179
f 1181/1421/1181 1193/1434/1193 1167/1420/1167
f 1174/1412/1174 1172/1410/1172 1167/1405/1167
f 1193/1434/1193 1174/1432/1174 1167/1420/1167
f 1181/1421/1181 1179/1418/1179 1193/1434/1193
f 1104/1326/1104 1189/1429/1189 1142/1378/1142
f 1091/1313/1091 1183/1423/1183 1092/1314/1092
f 1185/1425/1185 1179/1418/1179 1180/1419/1180
f 1174/1432/1174 1193/1434/1193 1185/1425/1185
f 1177/1416/1177 1184/1424/1184 1183/1423/1183
f 1180/1419/1180 1184/1424/1184 1177/1416/1177
f 1124/1350/1124 1122/1347/1122 1114/1338/1114
f 1194/1435/1194 1130/1356/1130 1125/1351/1125
f 1151/1389/1151 1194/1435/1194 1124/1350/1124
f 1194/1435/1194 1151/1389/1151 1195/1436/1195
f 1129/1355/1129 1126/1352/1126 1130/1356/1130
f 1194/1435/1194 1125/1351/1125 1124/1350/1124
f 1129/1355/1129 1127/1353/1127 1128/1354/1128
f 1196/1437/1196 1129/1355/1129 1130/1356/1130
f 1196/1437/1196 1130/1356/1130 1194/1435/1194
f 1196/1437/1196 1197/1438/1197 1129/1355/1129
f 1197/1438/1197 1198/1439/1198 1129/1355/1129
f 1153/1391/1153 1195/1436/1195 1151/1389/1151
f 1194/1435/1194 1195/1436/1195 1196/1437/1196
f 1196/1437/1196 1195/1436/1195 1199/1440/1199
f 1171/1409/1171 1200/1441/1200 1153/1391/1153
f 1199/1440/1199 1197/1438/1197 1196/1437/1196
f 1199/1440/1199 1195/1436/1195 1153/1391/1153
f 1139/1372/1139 1201/1442/1201 1202/1443/1202
f 1201/1442/1201 1127/1353/1127 1203/1444/1203
f 1127/1353/1127 1198/1439/1198 1203/1444/1203
f 1201/1442/1201 1204/1445/1204 1202/1443/1202
f 1127/1353/1127 1129/1355/1129 1198/1439/1198
f 325/377/325 1201/1442/1201 1137/1370/1137
f 1201/1442/1201 1139/1372/1139 1137/1370/1137
f 1204/1445/1204 1203/1444/1203 1197/1438/1197
f 1197/1438/1197 1203/1444/1203 1198/1439/1198
f 1203/1444/1203 1204/1445/1204 1201/1442/1201
f 1153/1391/1153 1200/1441/1200 1199/1440/1199
f 1134/1366/1134 1140/1375/1140 1205/1446/1205
f 1205/1446/1205 1140/1375/1140 1202/1443/1202
f 1139/1372/1139 1202/1443/1202 1140/1375/1140
f 1206/1447/1206 1207/1448/1207 1118/1342/1118
f 1119/1343/1119 1118/1342/1118 1207/1448/1207
f 1208/1449/1208 1197/1438/1197 1199/1440/1199
f 1199/1440/1199 1200/1441/1200 1208/1449/1208
f 1205/1446/1205 1206/1447/1206 1118/1342/1118
f 1204/1445/1204 1197/1438/1197 1208/1449/1208
f 1205/1446/1205 1132/1364/1132 1134/1366/1134
f 1134/1366/1134 1136/1369/1136 1140/1375/1140
f 1204/1445/1204 1209/1450/1209 1202/1443/1202
f 1210/1451/1210 1208/1449/1208 1200/1441/1200
f 1208/1449/1208 1210/1451/1210 1204/1445/1204
f 1210/1451/1210 1209/1450/1209 1204/1445/1204
f 1205/1446/1205 1118/1342/1118 1132/1364/1132
f 1209/1450/1209 1210/1451/1210 1145/1452/1145
f 1145/1452/1145 1144/1453/1144 1209/1450/1209
f 1144/1453/1144 1119/1343/1119 1207/1448/1207
f 1127/1353/1127 1201/1442/1201 325/377/325
f 1119/1343/1119 1144/1453/1144 1103/1454/1103
f 1209/1450/1209 1206/1447/1206 1205/1446/1205
f 1209/1450/1209 1205/1446/1205 1202/1443/1202
f 1209/1450/1209 1144/1453/1144 1206/1447/1206
f 1211/1455/1211 1171/1409/1171 1173/1411/1173
f 1212/1456/1212 1211/1455/1211 1173/1411/1173
f 1200/1441/1200 1171/1409/1171 1211/1455/1211
f 1153/1391/1153 1156/1394/1156 1171/1409/1171
f 1200/1441/1200 1213/1457/1213 1210/1451/1210
f 1211/1455/1211 1213/1457/1213 1200/1441/1200
f 1213/1458/1213 1187/1427/1187 1145/1383/1145
f 1213/1457/1213 1211/1455/1211 1212/1456/1212
f 1174/1412/1174 1212/1456/1212 1173/1411/1173
f 1213/1457/1213 1145/1452/1145 1210/1451/1210
f 1212/1459/1212 1187/1427/1187 1213/1458/1213
f 1192/1433/1192 1187/1427/1187 1212/1459/1212
f 1187/1427/1187 1143/1381/1143 1145/1383/1145
f 1189/1429/1189 1144/1382/1144 1190/1430/1190
f 1144/1382/1144 1143/1381/1143 1190/1430/1190
f 1189/1429/1189 1104/1326/1104 1103/1325/1103
f 1144/1382/1144 1189/1429/1189 1103/1325/1103
f 1187/1427/1187 1190/1430/1190 1143/1381/1143
f 1212/1459/1212 1174/1432/1174 1192/1433/1192
f 1057/1274/1057 1018/1230/1018 1022/1236/1022
f 1111/1335/1111 1057/1274/1057 1055/1272/1055
f 1206/1447/1206 1144/1453/1144 1207/1448/1207
f 1091/1313/1091 1214/1460/1214 1178/1417/1178
f 1111/1335/1111 1729/1334/1729 1135/1368/1135
f 1036/1253/1036 1215/1461/1215 1216/1462/1216
f 1216/1462/1216 1047/1264/1047 1072/1291/1072
f 1217/1463/1217 1215/1461/1215 1036/1253/1036
f 1218/1464/1218 38/48/38 1219/1465/1219
f 1216/1462/1216 1072/1291/1072 1036/1253/1036
f 1215/1461/1215 1220/1466/1220 1216/1462/1216
f 1741/1467/1741 1026/1242/1026 1221/1468/1221
f 1026/1242/1026 1741/1467/1741 1742/1469/1742
f 6/6/6 8/8/8 1222/1470/1222
f 1742/1469/1742 1727/1250/1727 1026/1242/1026
f 1743/1471/1743 1221/1468/1221 1223/1472/1223
f 1224/1473/1224 1026/1242/1026 1047/1264/1047
f 1220/1466/1220 1047/1264/1047 1216/1462/1216
f 1220/1466/1220 1225/1474/1225 1226/1475/1226
f 1220/1466/1220 1226/1475/1226 1047/1264/1047
f 1744/1476/1744 1221/1468/1221 1743/1471/1743
f 1226/1475/1226 1224/1473/1224 1047/1264/1047
f 1745/1477/1745 1223/1472/1223 1746/1478/1746
f 1221/1468/1221 1224/1473/1224 1226/1475/1226
f 1224/1473/1224 1221/1468/1221 1026/1242/1026
f 1741/1467/1741 1221/1468/1221 1747/1479/1747
f 1744/1476/1744 1747/1479/1747 1221/1468/1221
f 1223/1472/1223 1221/1468/1221 1227/1480/1227
f 1228/1481/1228 1229/1482/1229 1230/1483/1230
f 1227/1480/1227 1221/1468/1221 1226/1475/1226
f 1223/1472/1223 1745/1477/1745 1743/1471/1743
f 1231/1484/1231 1228/1481/1228 1230/1483/1230
f 1218/1464/1218 1231/1484/1231 1230/1483/1230
f 6/6/6 1222/1470/1222 13/13/13
f 1219/1465/1219 38/48/38 40/50/40
f 1231/1484/1231 1219/1465/1219 1232/1485/1232
f 1219/1465/1219 1231/1484/1231 1218/1464/1218
f 38/48/38 1218/1464/1218 1222/1470/1222
f 1748/1486/1748 143/170/143 1601/169/1601
f 1233/1487/1233 1094/1316/1094 1098/1320/1098
f 1075/1294/1075 1100/1322/1100 1073/1292/1073
f 1233/1487/1233 1098/1320/1098 1100/1322/1100
f 1233/1487/1233 1234/1488/1234 1235/1489/1235
f 1233/1487/1233 1235/1489/1235 1106/1328/1106
f 1219/1465/1219 1236/1490/1236 1232/1485/1232
f 1094/1316/1094 1233/1487/1233 1106/1328/1106
f 1094/1316/1094 1106/1328/1106 1095/1317/1095
f 1232/1485/1232 1236/1490/1236 1237/1491/1237
f 1106/1328/1106 1235/1489/1235 1238/1492/1238
f 143/170/143 1748/1486/1748 1749/1493/1749
f 1750/1494/1750 1239/1495/1239 1749/1493/1749
f 143/170/143 1749/1493/1749 1239/1495/1239
f 1240/1496/1240 1751/1497/1751 1752/1498/1752
f 1240/1496/1240 1239/1495/1239 1751/1497/1751
f 1239/1495/1239 1750/1494/1750 1751/1497/1751
f 142/168/142 1241/1499/1241 1242/1500/1242
f 1243/1501/1243 142/168/142 143/170/143
f 1243/1501/1243 1241/1499/1241 142/168/142
f 1240/1496/1240 1243/1501/1243 1239/1495/1239
f 92/107/92 142/168/142 1242/1500/1242
f 1243/1501/1243 143/170/143 1239/1495/1239
f 1244/1502/1244 1245/1503/1245 1241/1499/1241
f 1241/1499/1241 1245/1503/1245 1242/1500/1242
f 1243/1501/1243 1244/1502/1244 1241/1499/1241
f 1246/1504/1246 1235/1489/1235 1234/1488/1234
f 1246/1504/1246 1234/1488/1234 1247/1505/1247
f 1234/1488/1234 1233/1487/1233 1247/1505/1247
f 1235/1489/1235 1246/1504/1246 1248/1506/1248
f 73/87/73 30/38/30 1236/1490/1236
f 1219/1465/1219 40/50/40 73/87/73
f 73/87/73 1236/1490/1236 1219/1465/1219
f 1249/1507/1249 1250/1508/1250 1086/1305/1086
f 1230/1483/1230 1251/1509/1251 13/13/13
f 1222/1470/1222 8/8/8 38/48/38
f 1222/1470/1222 1218/1464/1218 13/13/13
f 1252/1510/1252 1250/1508/1250 1249/1507/1249
f 13/13/13 1218/1464/1218 1230/1483/1230
f 90/105/90 77/92/77 76/91/76
f 92/107/92 77/92/77 90/105/90
f 514/593/514 1251/1509/1251 1253/1511/1253
f 1078/1297/1078 1249/1507/1249 1081/1300/1081
f 4/4/4 77/92/77 71/85/71
f 92/107/92 1254/1512/1254 77/92/77
f 1242/1500/1242 1254/1512/1254 92/107/92
f 1078/1297/1078 1251/1509/1251 1230/1483/1230
f 1242/1500/1242 1245/1503/1245 1254/1512/1254
f 1244/1502/1244 1255/1513/1255 1245/1503/1245
f 1254/1512/1254 1245/1503/1245 1256/1514/1256
f 1078/1297/1078 1252/1510/1252 1249/1507/1249
f 1256/1514/1256 1245/1503/1245 1255/1513/1255
f 77/92/77 1254/1512/1254 1256/1514/1256
f 1257/1515/1257 1258/1516/1258 71/85/71
f 1256/1514/1256 1259/1517/1259 1257/1515/1257
f 1256/1514/1256 1257/1515/1257 71/85/71
f 1249/1507/1249 1086/1305/1086 1081/1300/1081
f 1256/1514/1256 71/85/71 77/92/77
f 1229/1482/1229 1260/1518/1260 1252/1510/1252
f 1252/1510/1252 1260/1518/1260 1250/1508/1250
f 1078/1297/1078 1230/1483/1230 1229/1482/1229
f 1078/1297/1078 1229/1482/1229 1252/1510/1252
f 1260/1518/1260 1261/1519/1261 1250/1508/1250
f 1262/1520/1262 1228/1481/1228 1231/1484/1231
f 1061/1278/1061 477/549/477 1253/1511/1253
f 1075/1294/1075 1250/1508/1250 1261/1519/1261
f 477/549/477 514/593/514 1253/1511/1253
f 14/14/14 71/85/71 1258/1516/1258
f 14/14/14 1258/1516/1258 24/31/24
f 1100/1322/1100 1075/1294/1075 1247/1505/1247
f 1263/1521/1263 1264/1522/1264 1258/1516/1258
f 24/31/24 1258/1516/1258 1264/1522/1264
f 1265/1523/1265 1258/1516/1258 1266/1524/1266
f 1258/1516/1258 1265/1523/1265 1263/1521/1263
f 30/38/30 24/31/24 1264/1522/1264
f 1267/1525/1267 30/38/30 1264/1522/1264
f 1259/1517/1259 1256/1514/1256 1255/1513/1255
f 1263/1521/1263 1267/1525/1267 1264/1522/1264
f 1267/1525/1267 1265/1523/1265 1268/1526/1268
f 1237/1491/1237 1268/1526/1268 1265/1523/1265
f 30/38/30 1267/1525/1267 1236/1490/1236
f 1237/1491/1237 1236/1490/1236 1268/1526/1268
f 1236/1490/1236 1267/1525/1267 1268/1526/1268
f 1075/1294/1075 1261/1519/1261 1247/1505/1247
f 1253/1511/1253 1251/1509/1251 1061/1278/1061
f 1075/1294/1075 1086/1305/1086 1250/1508/1250
f 1269/1527/1269 1248/1506/1248 1246/1504/1246
f 1270/1528/1270 1271/1529/1271 1269/1527/1269
f 1061/1278/1061 1251/1509/1251 1078/1297/1078
f 1267/1525/1267 1263/1521/1263 1265/1523/1265
f 1247/1505/1247 1233/1487/1233 1100/1322/1100
f 1247/1505/1247 1270/1528/1270 1246/1504/1246
f 1064/1281/1064 1061/1278/1061 1078/1297/1078
f 1261/1519/1261 1270/1528/1270 1247/1505/1247
f 1260/1518/1260 1272/1530/1272 1270/1528/1270
f 1240/1496/1240 1752/1498/1752 1273/1531/1273
f 1753/1532/1753 1273/1531/1273 1752/1498/1752
f 1270/1528/1270 1269/1527/1269 1246/1504/1246
f 1270/1528/1270 1261/1519/1261 1260/1518/1260
f 1274/1533/1274 1753/1532/1753 1754/1534/1754
f 1273/1531/1273 1274/1533/1274 1240/1496/1240
f 1273/1531/1273 1753/1532/1753 1274/1533/1274
f 1274/1533/1274 1275/1535/1275 1276/1536/1276
f 1270/1528/1270 1272/1530/1272 1277/1537/1277
f 1274/1533/1274 1754/1534/1754 1755/1538/1755
f 1274/1533/1274 1243/1501/1243 1240/1496/1240
f 7/7/7 1251/1509/1251 514/593/514
f 1271/1529/1271 1270/1528/1270 1278/1539/1278
f 1243/1501/1243 1276/1536/1276 1244/1502/1244
f 1275/1535/1275 1279/1540/1279 1276/1536/1276
f 1280/1541/1280 1275/1535/1275 1274/1533/1274
f 1276/1536/1276 1281/1542/1281 1282/1543/1282
f 1280/1541/1280 1274/1533/1274 1756/1544/1756
f 1274/1533/1274 1755/1538/1755 1756/1544/1756
f 1275/1535/1275 1283/1545/1283 1279/1540/1279
f 1281/1542/1281 1284/1546/1284 1282/1543/1282
f 1277/1537/1277 1262/1520/1262 1232/1485/1232
f 1756/1544/1756 1757/1547/1757 1280/1541/1280
f 1279/1540/1279 1283/1545/1283 1285/1548/1285
f 1274/1533/1274 1276/1536/1276 1243/1501/1243
f 1280/1541/1280 1757/1547/1757 1283/1545/1283
f 1283/1545/1283 1275/1535/1275 1280/1541/1280
f 7/7/7 13/13/13 1251/1509/1251
f 1283/1545/1283 1758/1549/1758 1286/1550/1286
f 1283/1545/1283 1286/1550/1286 1285/1548/1285
f 1285/1548/1285 1281/1542/1281 1276/1536/1276
f 1758/1549/1758 1283/1545/1283 1759/1551/1759
f 1276/1536/1276 1279/1540/1279 1285/1548/1285
f 1759/1551/1759 1283/1545/1283 1757/1547/1757
f 1281/1542/1281 1285/1548/1285 1287/1552/1287
f 1286/1550/1286 1288/1553/1288 1285/1548/1285
f 1289/1554/1289 1290/1555/1290 1281/1542/1281
f 1288/1553/1288 1287/1552/1287 1285/1548/1285
f 1287/1552/1287 1291/1556/1291 1281/1542/1281
f 1289/1554/1289 1281/1542/1281 1291/1556/1291
f 1244/1502/1244 1276/1536/1276 1282/1543/1282
f 1229/1482/1229 1228/1481/1228 1262/1520/1262
f 1277/1537/1277 1278/1539/1278 1270/1528/1270
f 1262/1520/1262 1272/1530/1272 1260/1518/1260
f 1229/1482/1229 1262/1520/1262 1260/1518/1260
f 1232/1485/1232 1278/1539/1278 1277/1537/1277
f 1272/1530/1272 1262/1520/1262 1277/1537/1277
f 1758/1549/1758 1292/1557/1292 1286/1550/1286
f 1758/1549/1758 1760/1558/1760 1292/1557/1292
f 1287/1552/1287 1288/1553/1288 1293/1559/1293
f 1286/1550/1286 1292/1557/1292 1288/1553/1288
f 1760/1558/1760 1761/1560/1761 1292/1557/1292
f 1288/1553/1288 1292/1557/1292 1293/1559/1293
f 1294/1561/1294 1292/1557/1292 1761/1560/1761
f 1293/1559/1293 1292/1557/1292 1294/1561/1294
f 1232/1485/1232 1262/1520/1262 1231/1484/1231
f 1295/1562/1295 1296/1563/1296 1297/1564/1297
f 1295/1562/1295 1297/1564/1297 1293/1559/1293
f 1762/1565/1762 1294/1561/1294 1761/1560/1761
f 1762/1565/1762 1763/1566/1763 1764/1567/1764
f 1297/1564/1297 1296/1563/1296 1298/1568/1298
f 1764/1567/1764 1294/1561/1294 1762/1565/1762
f 1294/1561/1294 1764/1567/1764 1223/1472/1223
f 1746/1478/1746 1223/1472/1223 1765/1569/1765
f 1765/1569/1765 1223/1472/1223 1764/1567/1764
f 1223/1472/1223 1293/1559/1293 1294/1561/1294
f 1295/1562/1295 1293/1559/1293 1223/1472/1223
f 1297/1564/1297 1291/1556/1291 1287/1552/1287
f 1299/1570/1299 1226/1475/1226 1225/1474/1225
f 1293/1559/1293 1297/1564/1297 1287/1552/1287
f 1282/1543/1282 1300/1571/1300 1259/1517/1259
f 1295/1562/1295 1227/1480/1227 1296/1563/1296
f 1295/1562/1295 1223/1472/1223 1227/1480/1227
f 1226/1475/1226 1299/1570/1299 1227/1480/1227
f 1282/1543/1282 1259/1517/1259 1255/1513/1255
f 1300/1571/1300 1301/1572/1301 1259/1517/1259
f 1282/1543/1282 1284/1546/1284 1290/1555/1290
f 1290/1555/1290 1300/1571/1300 1282/1543/1282
f 1258/1516/1258 1257/1515/1257 1259/1517/1259
f 1259/1517/1259 1266/1524/1266 1258/1516/1258
f 1266/1524/1266 1259/1517/1259 1301/1572/1301
f 1266/1524/1266 1302/1573/1302 1265/1523/1265
f 1302/1573/1302 1301/1572/1301 1303/1574/1303
f 1304/1575/1304 1303/1574/1303 1301/1572/1301
f 1302/1573/1302 1266/1524/1266 1301/1572/1301
f 1284/1546/1284 1281/1542/1281 1290/1555/1290
f 1282/1543/1282 1255/1513/1255 1244/1502/1244
f 1305/1576/1305 1306/1577/1306 1289/1554/1289
f 1289/1554/1289 1306/1577/1306 1290/1555/1290
f 1303/1574/1303 1304/1575/1304 1290/1555/1290
f 1306/1577/1306 1303/1574/1303 1290/1555/1290
f 1306/1577/1306 1305/1576/1305 1307/1578/1307
f 1308/1579/1308 1237/1491/1237 1309/1580/1309
f 1302/1573/1302 1237/1491/1237 1265/1523/1265
f 1302/1573/1302 1309/1580/1309 1237/1491/1237
f 1308/1579/1308 1309/1580/1309 1271/1529/1271
f 1309/1580/1309 1303/1574/1303 1310/1581/1310
f 1271/1529/1271 1278/1539/1278 1308/1579/1308
f 1306/1577/1306 1307/1578/1307 1311/1582/1311
f 1290/1555/1290 1304/1575/1304 1300/1571/1300
f 1303/1574/1303 1309/1580/1309 1302/1573/1302
f 1303/1574/1303 1311/1582/1311 1310/1581/1310
f 1301/1572/1301 1300/1571/1300 1304/1575/1304
f 1312/1583/1312 1311/1582/1311 1307/1578/1307
f 1232/1485/1232 1237/1491/1237 1278/1539/1278
f 1271/1529/1271 1309/1580/1309 1310/1581/1310
f 1271/1529/1271 1310/1581/1310 1313/1584/1313
f 1269/1527/1269 1271/1529/1271 1313/1584/1313
f 1308/1579/1308 1278/1539/1278 1237/1491/1237
f 1313/1584/1313 1310/1581/1310 1248/1506/1248
f 1311/1582/1311 1248/1506/1248 1310/1581/1310
f 1314/1585/1314 1289/1554/1289 1291/1556/1291
f 1315/1586/1315 1316/1587/1316 1298/1568/1298
f 1317/1588/1317 1316/1587/1316 1315/1586/1315
f 1317/1588/1317 1314/1585/1314 1316/1587/1316
f 1315/1586/1315 1298/1568/1298 1299/1570/1299
f 1317/1588/1317 1307/1578/1307 1305/1576/1305
f 1307/1578/1307 1318/1589/1318 1312/1583/1312
f 1311/1582/1311 1303/1574/1303 1306/1577/1306
f 1317/1588/1317 1318/1589/1318 1307/1578/1307
f 1316/1587/1316 1291/1556/1291 1298/1568/1298
f 1313/1584/1313 1248/1506/1248 1269/1527/1269
f 1316/1587/1316 1314/1585/1314 1291/1556/1291
f 1296/1563/1296 1299/1570/1299 1298/1568/1298
f 1296/1563/1296 1227/1480/1227 1299/1570/1299
f 1318/1589/1318 1319/1590/1319 1320/1591/1320
f 1317/1588/1317 1299/1570/1299 1319/1590/1319
f 1317/1588/1317 1315/1586/1315 1299/1570/1299
f 1289/1554/1289 1314/1585/1314 1305/1576/1305
f 1225/1474/1225 1215/1461/1215 1299/1570/1299
f 1291/1556/1291 1297/1564/1297 1298/1568/1298
f 1314/1585/1314 1317/1588/1317 1305/1576/1305
f 1318/1589/1318 1317/1588/1317 1319/1590/1319
f 1215/1461/1215 1319/1590/1319 1299/1570/1299
f 1220/1466/1220 1215/1461/1215 1225/1474/1225
f 1035/1252/1035 1217/1463/1217 1036/1253/1036
f 1319/1590/1319 1217/1463/1217 1035/1252/1035
f 1311/1582/1311 1312/1583/1312 1321/1592/1321
f 1312/1583/1312 1318/1589/1318 1321/1592/1321
f 1322/1593/1322 1311/1582/1311 1321/1592/1321
f 1311/1582/1311 1322/1593/1322 1248/1506/1248
f 1235/1489/1235 1248/1506/1248 1322/1593/1322
f 1321/1592/1321 1323/1594/1323 1322/1593/1322
f 1322/1593/1322 1238/1492/1238 1235/1489/1235
f 1319/1590/1319 1215/1461/1215 1217/1463/1217
f 1051/1268/1051 1106/1328/1106 1238/1492/1238
f 1321/1592/1321 1318/1589/1318 1320/1591/1320
f 1323/1594/1323 1321/1592/1321 1320/1591/1320
f 1049/1266/1049 1238/1492/1238 1323/1594/1323
f 1049/1266/1049 1323/1594/1323 1320/1591/1320
f 1320/1591/1320 1035/1252/1035 1049/1266/1049
f 1035/1252/1035 1320/1591/1320 1319/1590/1319
f 1044/1261/1044 1049/1266/1049 1035/1252/1035
f 1044/1261/1044 1050/1267/1050 1049/1266/1049
f 1049/1266/1049 1051/1268/1051 1238/1492/1238
f 1238/1492/1238 1322/1593/1322 1323/1594/1323
f 1324/1595/1324 1325/1596/1325 1326/1597/1326
f 1327/1598/1327 1328/1599/1328 1329/1600/1329
f 1325/1596/1325 685/798/685 639/739/639
f 641/741/641 1325/1596/1325 639/739/639
f 1330/1601/1330 1331/1602/1331 1332/1603/1332
f 1324/1595/1324 1333/1604/1333 1334/1605/1334
f 1333/1604/1333 1324/1595/1324 1326/1597/1326
f 1324/1595/1324 1334/1605/1334 1335/1606/1335
f 1335/1606/1335 1336/1607/1336 1337/1608/1337
f 1336/1607/1336 1335/1606/1335 1334/1605/1334
f 1338/1609/1338 1330/1601/1330 1332/1603/1332
f 1336/1607/1336 1334/1605/1334 1330/1601/1330
f 1324/1595/1324 1335/1606/1335 1325/1596/1325
f 1330/1601/1330 1339/1610/1339 1340/1611/1340
f 1341/1612/1341 1331/1602/1331 1340/1611/1340
f 1110/1332/1110 1112/1336/1112 1032/1248/1032
f 1342/1613/1342 685/798/685 1325/1596/1325
f 1110/1332/1110 1343/1614/1343 1112/1336/1112
f 1341/1612/1341 1017/1229/1017 1331/1602/1331
f 1344/1615/1344 1345/1616/1345 1346/1617/1346
f 1108/1330/1108 1344/1615/1344 1113/1337/1113
f 1108/1330/1108 1112/1336/1112 1344/1615/1344
f 1112/1336/1112 1343/1614/1343 1341/1612/1341
f 1345/1616/1345 1340/1611/1340 1347/1618/1347
f 1339/1610/1339 1347/1618/1347 1340/1611/1340
f 1346/1617/1346 1345/1616/1345 1348/1619/1348
f 1344/1615/1344 1112/1336/1112 1345/1616/1345
f 1345/1616/1345 1112/1336/1112 1341/1612/1341
f 1340/1611/1340 1345/1616/1345 1341/1612/1341
f 1346/1617/1346 1348/1619/1348 1349/1620/1349
f 1348/1619/1348 1345/1616/1345 1347/1618/1347
f 1349/1620/1349 1348/1619/1348 1350/1621/1350
f 641/741/641 1351/1622/1351 1326/1597/1326
f 690/803/690 1351/1622/1351 641/741/641
f 1326/1597/1326 1325/1596/1325 641/741/641
f 1352/1623/1352 1103/1325/1103 1105/1327/1105
f 1348/1619/1348 1347/1618/1347 1350/1621/1350
f 1347/1618/1347 1339/1610/1339 1353/1624/1353
f 1353/1624/1353 1339/1610/1339 1333/1604/1333
f 1117/1341/1117 1352/1625/1352 1354/1626/1354
f 642/742/642 690/803/690 641/741/641
f 1353/1624/1353 1355/1627/1355 1356/1628/1356
f 1353/1624/1353 1326/1597/1326 1355/1627/1355
f 1351/1622/1351 1355/1627/1355 1326/1597/1326
f 1333/1604/1333 1339/1610/1339 1334/1605/1334
f 1355/1627/1355 1357/1629/1357 1356/1628/1356
f 1350/1621/1350 1347/1618/1347 1353/1624/1353
f 1358/1630/1358 1350/1621/1350 1353/1624/1353
f 1358/1630/1358 1356/1628/1356 659/764/659
f 1359/1631/1359 1360/1632/1360 1361/1633/1361
f 1353/1624/1353 1333/1604/1333 1326/1597/1326
f 1353/1624/1353 1356/1628/1356 1358/1630/1358
f 1357/1629/1357 690/803/690 695/808/695
f 695/808/695 660/765/660 1357/1629/1357
f 690/803/690 1357/1629/1357 1351/1622/1351
f 1355/1627/1355 1351/1622/1351 1357/1629/1357
f 1356/1628/1356 1357/1629/1357 659/764/659
f 1331/1602/1331 1330/1601/1330 1340/1611/1340
f 1336/1607/1336 1338/1609/1338 1362/1634/1362
f 660/765/660 659/764/659 1357/1629/1357
f 1336/1607/1336 1330/1601/1330 1338/1609/1338
f 1330/1601/1330 1334/1605/1334 1339/1610/1339
f 1354/1626/1354 1329/1600/1329 1328/1599/1328
f 1363/1635/1363 1364/1636/1364 1338/1609/1338
f 1362/1634/1362 1338/1609/1338 1364/1636/1364
f 1341/1612/1341 1343/1614/1343 1017/1229/1017
f 1365/1637/1365 1366/1638/1366 1367/1639/1367
f 1332/1603/1332 1363/1635/1363 1338/1609/1338
f 1017/1229/1017 1332/1603/1332 1331/1602/1331
f 1332/1603/1332 1017/1229/1017 1054/1271/1054
f 1054/1271/1054 1017/1229/1017 1016/1228/1016
f 1343/1614/1343 1110/1332/1110 1017/1229/1017
f 1365/1637/1365 1368/1640/1368 1366/1638/1366
f 1054/1271/1054 1363/1635/1363 1332/1603/1332
f 1117/1341/1117 1119/1343/1119 1352/1625/1352
f 1364/1636/1364 1363/1635/1363 1369/1641/1369
f 1054/1271/1054 1369/1641/1369 1363/1635/1363
f 1766/1642/1766 1767/1643/1767 1768/1644/1768
f 1369/1641/1369 1054/1271/1054 1022/1236/1022
f 1117/1341/1117 1328/1599/1328 1360/1632/1360
f 148/175/148 1133/1365/1133 1370/1645/1370
f 148/175/148 1370/1645/1370 1361/1633/1361
f 148/175/148 147/174/147 1133/1365/1133
f 1361/1633/1361 1371/1646/1371 1372/1647/1372
f 1372/1647/1372 1373/1648/1373 221/267/221
f 1372/1647/1372 148/175/148 1361/1633/1361
f 1374/1649/1374 1371/1646/1371 1361/1633/1361
f 1372/1647/1372 1371/1646/1371 1373/1648/1373
f 1372/1647/1372 220/266/220 148/175/148
f 1119/1343/1119 1103/1454/1103 1352/1625/1352
f 1769/1650/1769 1767/1643/1767 1367/1639/1367
f 1767/1643/1767 1766/1642/1766 1375/1651/1375
f 1354/1626/1354 1328/1599/1328 1117/1341/1117
f 1373/1648/1373 1376/1652/1376 221/267/221
f 1768/1644/1768 1770/1653/1770 1766/1642/1766
f 1367/1639/1367 1771/1654/1771 1769/1650/1769
f 1367/1639/1367 1366/1638/1366 1771/1654/1771
f 1374/1649/1374 1360/1632/1360 1328/1599/1328
f 1375/1651/1375 1377/1655/1377 1367/1639/1367
f 1367/1639/1367 1767/1643/1767 1375/1651/1375
f 220/266/220 1372/1647/1372 221/267/221
f 172/204/172 773/910/773 170/202/170
f 1328/1599/1328 1378/1656/1378 1374/1649/1374
f 1379/1657/1379 1380/1658/1380 175/207/175
f 1375/1651/1375 685/798/685 1342/1613/1342
f 1379/1657/1379 175/207/175 199/235/199
f 682/794/682 1766/1642/1766 1658/793/1658
f 1381/1659/1381 172/204/172 175/207/175
f 1381/1659/1381 175/207/175 1380/1658/1380
f 773/910/773 172/204/172 1381/1659/1381
f 1379/1657/1379 1376/1652/1376 1382/1660/1382
f 1376/1652/1376 1379/1657/1379 199/235/199
f 773/910/773 1381/1659/1381 716/843/716
f 1325/1596/1325 1335/1606/1335 1342/1613/1342
f 1381/1659/1381 1380/1658/1380 1383/1661/1383
f 1117/1341/1117 1360/1632/1360 1132/1364/1132
f 1117/1341/1117 1132/1364/1132 1118/1342/1118
f 1360/1632/1360 1359/1631/1359 1132/1364/1132
f 1375/1651/1375 1342/1613/1342 1377/1655/1377
f 1337/1608/1337 1365/1637/1365 1342/1613/1342
f 656/759/656 685/798/685 682/794/682
f 1375/1651/1375 682/794/682 685/798/685
f 1132/1364/1132 1359/1631/1359 1133/1365/1133
f 671/778/671 674/781/674 672/779/672
f 1658/793/1658 1766/1642/1766 1772/1662/1772
f 1376/1652/1376 199/235/199 221/267/221
f 1382/1660/1382 1380/1658/1380 1379/1657/1379
f 1375/1651/1375 1766/1642/1766 682/794/682
f 1336/1607/1336 1362/1634/1362 1337/1608/1337
f 1342/1613/1342 1365/1637/1365 1377/1655/1377
f 1359/1631/1359 1370/1645/1370 1133/1365/1133
f 1384/1663/1384 1385/1664/1385 1386/1665/1386
f 1387/1666/1387 1388/1667/1388 670/777/670
f 1337/1608/1337 1362/1634/1362 1365/1637/1365
f 1377/1655/1377 1365/1637/1365 1367/1639/1367
f 1365/1637/1365 1362/1634/1362 1368/1640/1368
f 1335/1606/1335 1337/1608/1337 1342/1613/1342
f 1387/1666/1387 670/777/670 1389/1668/1389
f 1387/1666/1387 1386/1665/1386 1388/1667/1388
f 1390/1669/1390 1391/1670/1391 1392/1671/1392
f 1393/1672/1393 1019/1231/1019 1394/1673/1394
f 1387/1666/1387 1390/1669/1390 1384/1663/1384
f 1395/1674/1395 1396/1675/1396 1364/1636/1364
f 1773/1676/1773 1771/1654/1771 1366/1638/1366
f 1393/1672/1393 1396/1675/1396 1395/1674/1395
f 1366/1638/1366 1397/1677/1397 1773/1676/1773
f 1368/1640/1368 1396/1675/1396 1397/1677/1397
f 1773/1676/1773 1397/1677/1397 1774/1678/1774
f 1775/1679/1775 1776/1680/1776 1393/1672/1393
f 1368/1640/1368 1397/1677/1397 1366/1638/1366
f 1387/1666/1387 1384/1663/1384 1386/1665/1386
f 1397/1677/1397 1393/1672/1393 1776/1680/1776
f 1774/1678/1774 1397/1677/1397 1776/1680/1776
f 1393/1672/1393 1397/1677/1397 1396/1675/1396
f 1020/1232/1020 1019/1231/1019 1393/1672/1393
f 1369/1641/1369 1020/1232/1020 1393/1672/1393
f 1398/1681/1398 1399/1682/1399 1392/1671/1392
f 1368/1640/1368 1362/1634/1362 1396/1675/1396
f 1777/1683/1777 1394/1673/1394 1778/1684/1778
f 659/764/659 1400/1685/1400 1358/1630/1358
f 1369/1641/1369 1393/1672/1393 1395/1674/1395
f 1778/1684/1778 1394/1673/1394 1019/1231/1019
f 1393/1672/1393 1777/1683/1777 1775/1679/1775
f 1778/1684/1778 1019/1231/1019 1725/1237/1725
f 1393/1672/1393 1394/1673/1394 1777/1683/1777
f 1364/1636/1364 1369/1641/1369 1395/1674/1395
f 1362/1634/1362 1364/1636/1364 1396/1675/1396
f 1359/1631/1359 1361/1633/1361 1370/1645/1370
f 1374/1649/1374 1361/1633/1361 1360/1632/1360
f 1374/1649/1374 1373/1648/1373 1371/1646/1371
f 1022/1236/1022 1020/1232/1020 1369/1641/1369
f 1401/1686/1401 1373/1648/1373 1374/1649/1374
f 1374/1649/1374 1378/1656/1378 1401/1686/1401
f 1402/1687/1402 1376/1652/1376 1401/1686/1401
f 1373/1648/1373 1401/1686/1401 1376/1652/1376
f 1327/1598/1327 1403/1688/1403 1378/1656/1378
f 1329/1689/1329 1354/1690/1354 1404/1691/1404
f 1329/1689/1329 1404/1691/1404 1327/1692/1327
f 1389/1668/1389 1390/1669/1390 1387/1666/1387
f 1403/1688/1403 1327/1598/1327 1398/1693/1398
f 1327/1598/1327 1378/1656/1378 1328/1599/1328
f 1401/1686/1401 1378/1656/1378 1402/1687/1402
f 1403/1688/1403 1405/1694/1405 1402/1687/1402
f 1405/1694/1405 1403/1688/1403 1398/1693/1398
f 1406/1695/1406 1382/1660/1382 1376/1652/1376
f 1390/1669/1390 1392/1671/1392 1384/1663/1384
f 1406/1695/1406 1376/1652/1376 1402/1687/1402
f 1407/1696/1407 1380/1658/1380 1382/1660/1382
f 1406/1695/1406 1408/1697/1408 1382/1660/1382
f 1382/1660/1382 1408/1697/1408 1407/1696/1407
f 1383/1661/1383 716/843/716 1381/1659/1381
f 1409/1698/1409 1406/1695/1406 1402/1687/1402
f 1400/1685/1400 1410/1699/1410 1411/1700/1411
f 1383/1661/1383 1380/1658/1380 1407/1696/1407
f 1392/1671/1392 1399/1682/1399 1384/1663/1384
f 716/843/716 1383/1661/1383 663/769/663
f 1403/1688/1403 1402/1687/1402 1378/1656/1378
f 1411/1700/1411 1358/1630/1358 1400/1685/1400
f 1407/1696/1407 1408/1697/1408 1412/1701/1412
f 1391/1702/1391 1406/1695/1406 1409/1698/1409
f 663/769/663 1383/1661/1383 1412/1701/1412
f 1412/1701/1412 1383/1661/1383 1407/1696/1407
f 1391/1702/1391 1408/1697/1408 1406/1695/1406
f 1405/1694/1405 1409/1698/1409 1402/1687/1402
f 1413/1703/1413 1391/1670/1391 1390/1669/1390
f 1409/1698/1409 1405/1694/1405 1414/1704/1414
f 1413/1705/1413 1408/1697/1408 1391/1702/1391
f 1391/1670/1391 1398/1681/1398 1392/1671/1392
f 1414/1704/1414 1391/1702/1391 1409/1698/1409
f 1391/1702/1391 1414/1704/1414 1398/1693/1398
f 1415/1706/1415 1408/1697/1408 1413/1705/1413
f 1412/1701/1412 664/770/664 663/769/663
f 1414/1704/1414 1405/1694/1405 1398/1693/1398
f 1413/1703/1413 1389/1668/1389 1415/1707/1415
f 1214/1460/1214 1091/1313/1091 1416/1708/1416
f 1415/1706/1415 664/770/664 1412/1701/1412
f 1417/1709/1417 1214/1460/1214 1416/1708/1416
f 1389/1668/1389 664/771/664 1415/1707/1415
f 664/771/664 670/777/670 665/772/665
f 664/771/664 1389/1668/1389 670/777/670
f 1400/1685/1400 674/781/674 1386/1665/1386
f 1418/1710/1418 1417/1709/1417 1419/1711/1419
f 1420/1712/1420 1417/1709/1417 1418/1710/1418
f 1349/1620/1349 1421/1713/1421 1418/1710/1418
f 1422/1714/1422 1420/1712/1420 1418/1710/1418
f 1415/1706/1415 1412/1701/1412 1408/1697/1408
f 1422/1714/1422 1418/1710/1418 1385/1664/1385
f 1417/1709/1417 1420/1712/1420 1423/1715/1423
f 1389/1668/1389 1413/1703/1413 1390/1669/1390
f 1113/1337/1113 1344/1615/1344 1093/1315/1093
f 1418/1710/1418 1419/1711/1419 1349/1620/1349
f 1093/1315/1093 1344/1615/1344 1416/1708/1416
f 1411/1700/1411 1350/1621/1350 1358/1630/1358
f 1344/1615/1344 1419/1711/1419 1416/1708/1416
f 1416/1708/1416 1419/1711/1419 1417/1709/1417
f 1093/1315/1093 1092/1314/1092 1113/1337/1113
f 1091/1313/1091 1093/1315/1093 1416/1708/1416
f 1350/1621/1350 1421/1713/1421 1349/1620/1349
f 1419/1711/1419 1344/1615/1344 1346/1617/1346
f 1214/1460/1214 1146/1384/1146 1178/1417/1178
f 1146/1384/1146 1191/1431/1191 1178/1417/1178
f 1214/1460/1214 1141/1377/1141 1146/1384/1146
f 1141/1377/1141 1404/1691/1404 1105/1327/1105
f 1141/1377/1141 1214/1460/1214 1423/1715/1423
f 1104/1326/1104 1141/1377/1141 1105/1327/1105
f 1354/1690/1354 1352/1623/1352 1105/1327/1105
f 1419/1711/1419 1346/1617/1346 1349/1620/1349
f 1354/1690/1354 1105/1327/1105 1404/1691/1404
f 1423/1715/1423 1420/1712/1420 1422/1714/1422
f 1399/1682/1399 1422/1714/1422 1384/1663/1384
f 1404/1691/1404 1141/1377/1141 1423/1715/1423
f 1422/1714/1422 1424/1716/1424 1423/1715/1423
f 1398/1681/1398 1327/1692/1327 1399/1682/1399
f 1214/1460/1214 1417/1709/1417 1423/1715/1423
f 1327/1692/1327 1404/1691/1404 1399/1682/1399
f 1399/1682/1399 1424/1716/1424 1422/1714/1422
f 1424/1716/1424 1399/1682/1399 1404/1691/1404
f 1385/1664/1385 1384/1663/1384 1422/1714/1422
f 1424/1716/1424 1404/1691/1404 1423/1715/1423
f 1418/1710/1418 1421/1713/1421 1385/1664/1385
f 1410/1699/1410 1400/1685/1400 1386/1665/1386
f 1385/1664/1385 1421/1713/1421 1410/1699/1410
f 1410/1699/1410 1421/1713/1421 1411/1700/1411
f 673/780/673 672/779/672 674/781/674
f 1385/1664/1385 1410/1699/1410 1386/1665/1386
f 1400/1685/1400 673/780/673 674/781/674
f 673/780/673 659/764/659 661/766/661
f 1411/1700/1411 1421/1713/1421 1350/1621/1350
f 1400/1685/1400 659/764/659 673/780/673
f 674/781/674 670/777/670 1388/1667/1388
f 1388/1667/1388 1386/1665/1386 674/781/674
f 1110/1332/1110 1015/1227/1015 1017/1229/1017
f 965/1166/965 1425/1717/1425 966/1167/966
f 992/1203/992 950/1150/950 953/1153/953
f 1779/1718/1779 1780/1719/1780 1426/1720/1426
f 1427/1721/1427 1426/1720/1426 1780/1719/1780
f 1426/1720/1426 1781/1722/1781 1782/1723/1782
f 1427/1721/1427 1428/1724/1428 1426/1720/1426
f 1425/1717/1425 1429/1725/1429 1430/1726/1430
f 966/1167/966 1425/1717/1425 1430/1726/1430
f 1427/1721/1427 1431/1727/1431 1432/1728/1432
f 992/1203/992 966/1167/966 1430/1726/1430
f 1783/1729/1783 1612/222/1612 182/219/182
f 1433/1730/1433 950/1150/950 992/1203/992
f 1427/1721/1427 1780/1719/1780 1431/1727/1431
f 1430/1726/1430 1433/1730/1433 992/1203/992
f 183/220/183 182/219/182 1612/222/1612
f 1426/1720/1426 1782/1723/1782 1779/1718/1779
f 1429/1725/1429 1434/1731/1434 1430/1726/1430
f 1435/1732/1435 1781/1722/1781 1426/1720/1426
f 1435/1732/1435 1426/1720/1426 1428/1724/1428
f 1430/1726/1430 1434/1731/1434 1433/1730/1433
f 299/347/299 302/350/302 1436/1733/1436
f 1429/1725/1429 1437/1734/1437 1434/1731/1434
f 1436/1733/1436 195/231/195 299/347/299
f 1429/1725/1429 1438/1735/1438 1437/1734/1437
f 1439/1736/1439 1433/1730/1433 1434/1731/1434
f 1440/1737/1440 1437/1734/1437 1441/1738/1441
f 1434/1731/1434 1437/1734/1437 1440/1737/1440
f 1440/1737/1440 1439/1736/1439 1434/1731/1434
f 1442/1739/1442 302/350/302 303/351/303
f 1443/1740/1443 1444/1741/1444 1445/1742/1445
f 1446/1743/1446 1447/1744/1447 822/959/822
f 1448/1745/1448 303/351/303 363/420/363
f 1436/1733/1436 1449/1746/1449 195/231/195
f 1435/1732/1435 1428/1724/1428 1450/1747/1450
f 365/423/365 1448/1748/1448 363/421/363
f 818/955/818 816/953/816 815/952/815
f 1448/1745/1448 1442/1739/1442 303/351/303
f 1451/1749/1451 819/956/819 823/960/823
f 1443/1740/1443 818/955/818 819/956/819
f 819/956/819 1451/1749/1451 1443/1740/1443
f 1452/1750/1452 822/959/822 779/916/779
f 969/1170/969 1453/1751/1453 965/1166/965
f 823/960/823 822/959/822 1451/1749/1451
f 965/1166/965 1453/1751/1453 1454/1752/1454
f 978/1179/978 969/1170/969 968/1169/968
f 1443/1740/1443 1451/1749/1451 1447/1744/1447
f 1454/1752/1454 1425/1717/1425 965/1166/965
f 977/1178/977 1784/1753/1784 1455/1754/1455
f 1784/1753/1784 977/1178/977 1785/1755/1785
f 977/1178/977 1455/1754/1455 978/1179/978
f 1442/1739/1442 1448/1745/1448 1456/1756/1456
f 1785/1755/1785 977/1178/977 1714/1182/1714
f 1444/1741/1444 1443/1740/1443 1447/1744/1447
f 978/1179/978 1455/1754/1455 1457/1757/1457
f 978/1179/978 1457/1757/1457 969/1170/969
f 1784/1753/1784 1786/1758/1786 1455/1754/1455
f 1451/1749/1451 822/959/822 1447/1744/1447
f 1786/1758/1786 1787/1759/1787 1455/1754/1455
f 1455/1754/1455 1787/1759/1787 1788/1760/1788
f 1458/1761/1458 1457/1757/1457 1459/1762/1459
f 1455/1754/1455 1788/1760/1788 1457/1757/1457
f 1788/1760/1788 1459/1762/1459 1457/1757/1457
f 1459/1762/1459 1788/1760/1788 1460/1763/1460
f 1460/1763/1460 1788/1760/1788 1789/1764/1789
f 1790/1765/1790 1791/1766/1791 1461/1767/1461
f 1462/1768/1462 1790/1765/1790 1461/1767/1461
f 818/955/818 1445/1742/1445 816/953/816
f 1461/1767/1461 1791/1766/1791 1792/1769/1792
f 1793/1770/1793 1790/1765/1790 1462/1768/1462
f 1462/1768/1462 1461/1767/1461 1463/1771/1463
f 816/953/816 1445/1742/1445 367/425/367
f 816/953/816 367/425/367 387/445/387
f 1443/1740/1443 1445/1742/1445 818/955/818
f 1425/1717/1425 1454/1752/1454 1429/1725/1429
f 1794/1772/1794 1795/1773/1795 1464/1774/1464
f 1796/1775/1796 1465/1776/1465 1464/1774/1464
f 1466/1777/1466 1797/1778/1797 1464/1774/1464
f 1796/1775/1796 1464/1774/1464 1798/1779/1798
f 1466/1777/1466 1799/1780/1799 1797/1778/1797
f 1464/1774/1464 1795/1773/1795 1798/1779/1798
f 1464/1774/1464 1467/1781/1467 1466/1777/1466
f 1468/1782/1468 1467/1781/1467 1469/1783/1469
f 1469/1783/1469 1467/1781/1467 1464/1774/1464
f 1466/1777/1466 1467/1781/1467 1470/1784/1470
f 1797/1778/1797 1794/1772/1794 1464/1774/1464
f 1471/1785/1471 182/219/182 1472/1786/1472
f 188/226/188 1465/1776/1465 1472/1786/1472
f 1800/1787/1800 1471/1785/1471 1796/1775/1796
f 1465/1776/1465 1471/1785/1471 1472/1786/1472
f 1800/1787/1800 1783/1729/1783 182/219/182
f 1471/1785/1471 1800/1787/1800 182/219/182
f 1796/1775/1796 1471/1785/1471 1465/1776/1465
f 182/219/182 188/226/188 1472/1786/1472
f 1473/1788/1473 1469/1783/1469 1474/1789/1474
f 1469/1783/1469 1465/1776/1465 1474/1789/1474
f 969/1170/969 1475/1790/1475 1453/1751/1453
f 1469/1783/1469 1464/1774/1464 1465/1776/1465
f 1475/1790/1475 1454/1752/1454 1453/1751/1453
f 1465/1776/1465 188/226/188 1474/1789/1474
f 1458/1761/1458 1459/1762/1459 1460/1763/1460
f 1475/1790/1475 969/1170/969 1458/1761/1458
f 1457/1757/1457 1458/1761/1458 969/1170/969
f 1476/1791/1476 1801/1792/1801 1477/1793/1477
f 1475/1790/1475 1429/1725/1429 1454/1752/1454
f 1477/1793/1477 1466/1777/1466 1478/1794/1478
f 1466/1777/1466 1470/1784/1470 1478/1794/1478
f 1477/1793/1477 1478/1794/1478 1476/1791/1476
f 1802/1795/1802 1803/1796/1803 1476/1791/1476
f 1477/1793/1477 1804/1797/1804 1466/1777/1466
f 1478/1794/1478 1479/1798/1479 1476/1791/1476
f 1477/1793/1477 1801/1792/1801 1804/1797/1804
f 1801/1792/1801 1476/1791/1476 1803/1796/1803
f 1478/1794/1478 1480/1799/1480 1479/1798/1479
f 1792/1769/1792 1805/1800/1805 1461/1767/1461
f 1805/1800/1805 1476/1791/1476 1461/1767/1461
f 1463/1771/1463 1461/1767/1461 1480/1799/1480
f 1461/1767/1461 1479/1798/1479 1480/1799/1480
f 1461/1767/1461 1476/1791/1476 1479/1798/1479
f 365/423/365 1445/1742/1445 1444/1741/1444
f 1802/1795/1802 1476/1791/1476 1805/1800/1805
f 1462/1768/1462 1481/1801/1481 1482/1802/1482
f 1481/1801/1481 1463/1771/1463 1480/1799/1480
f 1462/1768/1462 1463/1771/1463 1481/1801/1481
f 367/425/367 1445/1742/1445 365/423/365
f 1483/1803/1483 1468/1782/1468 1484/1804/1484
f 1466/1777/1466 1804/1797/1804 1799/1780/1799
f 1468/1782/1468 1470/1784/1470 1467/1781/1467
f 1468/1782/1468 1485/1805/1485 1470/1784/1470
f 1468/1782/1468 1483/1803/1483 1485/1805/1485
f 1469/1783/1469 1473/1788/1473 1468/1782/1468
f 1486/1806/1486 1481/1801/1481 1487/1807/1487
f 1468/1782/1468 1473/1788/1473 1484/1804/1484
f 191/227/191 1488/1808/1488 1474/1789/1474
f 1485/1805/1485 1483/1803/1483 1489/1809/1489
f 188/226/188 185/223/185 191/227/191
f 193/229/193 1488/1808/1488 191/227/191
f 1490/1810/1490 1473/1788/1473 1488/1808/1488
f 1488/1808/1488 1473/1788/1473 1474/1789/1474
f 1474/1789/1474 188/226/188 191/227/191
f 1488/1808/1488 193/229/193 195/231/195
f 1491/1811/1491 1483/1803/1483 1492/1812/1492
f 1492/1812/1492 1483/1803/1483 1490/1810/1490
f 195/231/195 1449/1746/1449 1490/1810/1490
f 1491/1811/1491 1492/1812/1492 1493/1813/1493
f 1490/1810/1490 1484/1804/1484 1473/1788/1473
f 1489/1809/1489 1483/1803/1483 1491/1811/1491
f 1494/1814/1494 1489/1809/1489 1491/1811/1491
f 1484/1804/1484 1490/1810/1490 1483/1803/1483
f 1493/1815/1493 1495/1816/1495 1491/1817/1491
f 1495/1816/1495 1496/1818/1496 1491/1817/1491
f 1496/1818/1496 1494/1819/1494 1491/1817/1491
f 1449/1746/1449 1497/1820/1497 1492/1812/1492
f 1436/1733/1436 1497/1820/1497 1449/1746/1449
f 1449/1746/1449 1492/1812/1492 1490/1810/1490
f 195/231/195 1490/1810/1490 1488/1808/1488
f 1498/1821/1498 1497/1820/1497 1436/1733/1436
f 1456/1756/1456 1498/1821/1498 1436/1733/1436
f 1442/1739/1442 1436/1733/1436 302/350/302
f 1442/1739/1442 1456/1756/1456 1436/1733/1436
f 1499/1822/1499 1496/1818/1496 1495/1816/1495
f 1493/1815/1493 1498/1823/1498 1500/1824/1500
f 1493/1813/1493 1492/1812/1492 1497/1820/1497
f 1493/1813/1493 1497/1820/1497 1498/1821/1498
f 1501/1825/1501 1500/1824/1500 1498/1823/1498
f 1493/1815/1493 1499/1822/1499 1495/1816/1495
f 1478/1794/1478 1502/1826/1502 1480/1799/1480
f 1478/1794/1478 1470/1784/1470 1502/1826/1502
f 1493/1815/1493 1500/1824/1500 1499/1822/1499
f 1501/1825/1501 1503/1827/1503 1499/1822/1499
f 1502/1826/1502 1470/1784/1470 1485/1805/1485
f 1480/1799/1480 1502/1826/1502 1504/1828/1504
f 1505/1829/1505 1504/1828/1504 1502/1826/1502
f 1506/1830/1506 1505/1829/1505 1502/1826/1502
f 1485/1805/1485 1507/1831/1507 1502/1826/1502
f 1485/1805/1485 1489/1809/1489 1507/1831/1507
f 1506/1830/1506 1502/1826/1502 1507/1831/1507
f 1494/1814/1494 1507/1831/1507 1489/1809/1489
f 1506/1830/1506 1508/1832/1508 1505/1829/1505
f 1508/1832/1508 1506/1830/1506 1507/1831/1507
f 1481/1801/1481 1504/1828/1504 1487/1807/1487
f 1480/1799/1480 1504/1828/1504 1481/1801/1481
f 1509/1833/1509 1487/1834/1487 1510/1835/1510
f 1511/1836/1511 1504/1828/1504 1505/1829/1505
f 1508/1832/1508 1511/1836/1511 1505/1829/1505
f 1499/1822/1499 1500/1824/1500 1501/1825/1501
f 1511/1836/1511 1487/1807/1487 1504/1828/1504
f 1510/1835/1510 1512/1837/1512 1509/1833/1509
f 1512/1837/1512 1513/1838/1513 1514/1839/1514
f 1511/1840/1511 1510/1835/1510 1487/1834/1487
f 1512/1837/1512 1510/1835/1510 1511/1840/1511
f 1513/1838/1513 1508/1841/1508 1515/1842/1515
f 1508/1841/1508 1494/1819/1494 1515/1842/1515
f 1508/1832/1508 1507/1831/1507 1494/1814/1494
f 1515/1842/1515 1494/1819/1494 1496/1818/1496
f 1512/1837/1512 1511/1840/1511 1513/1838/1513
f 1515/1842/1515 1516/1843/1516 1513/1838/1513
f 1516/1843/1516 1515/1842/1515 1496/1818/1496
f 1503/1827/1503 1516/1843/1516 1496/1818/1496
f 1517/1844/1517 1516/1843/1516 1503/1827/1503
f 1518/1845/1518 1517/1844/1517 1503/1827/1503
f 1503/1827/1503 1496/1818/1496 1499/1822/1499
f 1519/1846/1519 1512/1837/1512 1514/1839/1514
f 1513/1838/1513 1511/1840/1511 1508/1841/1508
f 1517/1844/1517 1520/1847/1520 1513/1838/1513
f 1516/1843/1516 1517/1844/1517 1513/1838/1513
f 1446/1743/1446 1501/1825/1501 1447/1744/1447
f 1462/1768/1462 1806/1848/1806 1793/1770/1793
f 1521/1849/1521 1441/1738/1441 1437/1734/1437
f 1475/1790/1475 1438/1735/1438 1429/1725/1429
f 1458/1761/1458 1438/1735/1438 1475/1790/1475
f 1460/1763/1460 1522/1850/1522 1458/1761/1458
f 1458/1761/1458 1522/1850/1522 1523/1851/1523
f 1447/1744/1447 1456/1852/1456 1444/1741/1444
f 1458/1761/1458 1523/1851/1523 1438/1735/1438
f 1524/1853/1524 1440/1737/1440 1525/1854/1525
f 1523/1851/1523 1437/1734/1437 1438/1735/1438
f 1514/1839/1514 1513/1838/1513 1520/1847/1520
f 1460/1763/1460 1807/1855/1807 1526/1856/1526
f 1808/1857/1808 1809/1858/1809 1527/1859/1527
f 1808/1857/1808 1528/1860/1528 1529/1861/1529
f 1810/1862/1810 1432/1863/1432 1811/1864/1811
f 1529/1861/1529 1432/1863/1432 1810/1862/1810
f 1809/1858/1809 1812/1865/1812 1530/1866/1530
f 1808/1857/1808 1529/1861/1529 1810/1862/1810
f 1432/1863/1432 1813/1867/1813 1814/1868/1814
f 1813/1869/1813 1431/1727/1431 1780/1719/1780
f 1811/1864/1811 1432/1863/1432 1814/1868/1814
f 1431/1727/1431 1813/1869/1813 1432/1728/1432
f 365/423/365 1444/1741/1444 1448/1748/1448
f 1525/1854/1525 1440/1737/1440 1441/1738/1441
f 1456/1852/1456 1448/1748/1448 1444/1741/1444
f 1498/1823/1498 1456/1852/1456 1447/1744/1447
f 1521/1849/1521 1531/1870/1531 1532/1871/1532
f 1441/1738/1441 1521/1849/1521 1532/1871/1532
f 1532/1871/1532 1525/1854/1525 1441/1738/1441
f 1789/1764/1789 1807/1855/1807 1460/1763/1460
f 1815/1872/1815 1462/1768/1462 1482/1802/1482
f 1427/1721/1427 1532/1871/1532 1531/1870/1531
f 1533/1873/1533 1816/1874/1816 1815/1872/1815
f 1817/1875/1817 1818/1876/1818 1534/1877/1534
f 1816/1878/1816 1533/1879/1533 1818/1876/1818
f 1535/1880/1535 1534/1877/1534 1533/1879/1533
f 1486/1806/1486 1533/1873/1533 1482/1802/1482
f 1533/1879/1533 1534/1877/1534 1818/1876/1818
f 1815/1872/1815 1806/1848/1806 1462/1768/1462
f 1815/1872/1815 1482/1802/1482 1533/1873/1533
f 1486/1806/1486 1536/1881/1536 1533/1873/1533
f 1535/1880/1535 1533/1879/1533 1536/1882/1536
f 1537/1883/1537 1819/1884/1819 1820/1885/1820
f 1537/1883/1537 1820/1885/1820 1821/1886/1821
f 1537/1883/1537 1822/1887/1822 1819/1884/1819
f 1537/1883/1537 1530/1866/1530 1812/1865/1812
f 1538/1888/1538 1539/1889/1539 1537/1883/1537
f 1540/1890/1540 1537/1883/1537 1539/1889/1539
f 1537/1883/1537 1812/1865/1812 1822/1887/1822
f 1482/1802/1482 1481/1801/1481 1486/1806/1486
f 1541/1891/1541 1539/1892/1539 1538/1893/1538
f 1537/1883/1537 1540/1890/1540 1530/1866/1530
f 1538/1888/1538 1535/1880/1535 1536/1882/1536
f 1537/1883/1537 1535/1880/1535 1538/1888/1538
f 1534/1877/1534 1535/1880/1535 1817/1875/1817
f 1809/1858/1809 1530/1866/1530 1527/1859/1527
f 1540/1890/1540 1527/1859/1527 1530/1866/1530
f 1817/1875/1817 1535/1880/1535 1537/1883/1537
f 1537/1883/1537 1821/1886/1821 1817/1875/1817
f 1808/1857/1808 1527/1859/1527 1528/1860/1528
f 1528/1860/1528 1527/1859/1527 1540/1890/1540
f 1528/1894/1528 1540/1895/1540 1542/1896/1542
f 1543/1897/1543 1539/1892/1539 1541/1891/1541
f 1529/1898/1529 1544/1899/1544 1432/1728/1432
f 1543/1897/1543 1540/1895/1540 1539/1892/1539
f 1545/1900/1545 1538/1893/1538 1536/1901/1536
f 1427/1721/1427 1432/1728/1432 1544/1899/1544
f 1543/1897/1543 1542/1896/1542 1540/1895/1540
f 1546/1902/1546 1544/1899/1544 1542/1896/1542
f 1542/1896/1542 1544/1899/1544 1529/1898/1529
f 1509/1833/1509 1486/1903/1486 1487/1834/1487
f 1544/1899/1544 1546/1902/1546 1547/1904/1547
f 1547/1904/1547 1427/1721/1427 1544/1899/1544
f 1528/1894/1528 1542/1896/1542 1529/1898/1529
f 1545/1900/1545 1536/1901/1536 1486/1903/1486
f 1545/1900/1545 1486/1903/1486 1509/1833/1509
f 1509/1833/1509 1548/1905/1548 1545/1900/1545
f 1509/1833/1509 1512/1837/1512 1548/1905/1548
f 1548/1905/1548 1549/1906/1549 1545/1900/1545
f 1550/1907/1550 1538/1893/1538 1545/1900/1545
f 1541/1891/1541 1538/1893/1538 1550/1907/1550
f 1549/1906/1549 1550/1907/1550 1545/1900/1545
f 1550/1907/1550 1551/1908/1551 1541/1891/1541
f 1512/1837/1512 1519/1846/1519 1548/1905/1548
f 1548/1905/1548 1552/1909/1552 1549/1906/1549
f 1548/1905/1548 1519/1846/1519 1553/1910/1553
f 1553/1910/1553 1552/1909/1552 1548/1905/1548
f 1554/1911/1554 1552/1909/1552 1553/1910/1553
f 1550/1907/1550 1549/1906/1549 1555/1912/1555
f 1551/1908/1551 1550/1907/1550 1556/1913/1556
f 1550/1907/1550 1555/1912/1555 1556/1913/1556
f 1549/1906/1549 1552/1909/1552 1555/1912/1555
f 1556/1913/1556 1555/1912/1555 1552/1909/1552
f 1554/1911/1554 1556/1913/1556 1552/1909/1552
f 1557/1914/1557 1556/1913/1556 1554/1911/1554
f 1554/1911/1554 1558/1915/1558 1557/1914/1557
f 1546/1902/1546 1542/1896/1542 1559/1916/1559
f 1543/1897/1543 1541/1891/1541 1551/1908/1551
f 1520/1847/1520 1519/1846/1519 1514/1839/1514
f 1542/1896/1542 1560/1917/1560 1559/1916/1559
f 1557/1914/1557 1551/1908/1551 1556/1913/1556
f 1560/1917/1560 1542/1896/1542 1543/1897/1543
f 1546/1902/1546 1559/1916/1559 1561/1918/1561
f 1562/1919/1562 1559/1916/1559 1560/1917/1560
f 1546/1902/1546 1561/1918/1561 1547/1904/1547
f 1563/1920/1563 1547/1904/1547 1561/1918/1561
f 1561/1918/1561 1559/1916/1559 1562/1919/1562
f 1532/1871/1532 1547/1904/1547 1525/1854/1525
f 1563/1920/1563 1525/1854/1525 1547/1904/1547
f 1560/1917/1560 1551/1908/1551 1564/1921/1564
f 1560/1917/1560 1543/1897/1543 1551/1908/1551
f 1557/1914/1557 1564/1921/1564 1551/1908/1551
f 1562/1919/1562 1560/1917/1560 1564/1921/1564
f 1565/1922/1565 1562/1919/1562 1564/1921/1564
f 1557/1914/1557 1565/1922/1565 1564/1921/1564
f 1562/1919/1562 1565/1922/1565 1566/1923/1566
f 1566/1923/1566 1565/1922/1565 1567/1924/1567
f 1567/1924/1567 1565/1922/1565 1557/1914/1557
f 1524/1853/1524 1525/1854/1525 1563/1920/1563
f 1562/1919/1562 1563/1920/1563 1561/1918/1561
f 1566/1923/1566 1524/1853/1524 1563/1920/1563
f 1563/1920/1563 1562/1919/1562 1566/1923/1566
f 1439/1736/1439 1524/1853/1524 1566/1923/1566
f 1447/1744/1447 1501/1825/1501 1498/1823/1498
f 1446/1743/1446 1568/1925/1568 1501/1825/1501
f 1568/1925/1568 1518/1845/1518 1503/1827/1503
f 1569/1926/1569 1518/1845/1518 1568/1925/1568
f 1452/1750/1452 1568/1925/1568 1446/1743/1446
f 1569/1926/1569 1570/1927/1570 1517/1844/1517
f 1501/1825/1501 1568/1925/1568 1503/1827/1503
f 1570/1927/1570 1571/1928/1571 1520/1847/1520
f 1570/1927/1570 1520/1847/1520 1517/1844/1517
f 1452/1750/1452 1446/1743/1446 822/959/822
f 1572/1929/1572 1570/1927/1570 1569/1926/1569
f 1569/1926/1569 1517/1844/1517 1518/1845/1518
f 1569/1926/1569 1568/1925/1568 1452/1750/1452
f 1573/1930/1573 1572/1929/1572 779/916/779
f 1572/1929/1572 1569/1926/1569 1452/1750/1452
f 1572/1929/1572 1452/1750/1452 779/916/779
f 1571/1928/1571 1570/1927/1570 1574/1931/1574
f 1570/1927/1570 1573/1930/1573 1574/1931/1574
f 1570/1927/1570 1572/1929/1572 1573/1930/1573
f 1532/1871/1532 1427/1721/1427 1547/1904/1547
f 1573/1930/1573 778/915/778 1574/1931/1574
f 1574/1931/1574 778/915/778 791/928/791
f 1531/1870/1531 1428/1724/1428 1427/1721/1427
f 784/921/784 791/928/791 778/915/778
f 1573/1930/1573 779/916/779 778/915/778
f 1521/1849/1521 1450/1747/1450 1531/1870/1531
f 1460/1763/1460 1575/1932/1575 1522/1850/1522
f 1522/1850/1522 1576/1933/1576 1523/1851/1523
f 1522/1850/1522 1575/1932/1575 1576/1933/1576
f 1450/1747/1450 1428/1724/1428 1531/1870/1531
f 1450/1747/1450 1576/1933/1576 1575/1932/1575
f 1554/1911/1554 1577/1934/1577 1558/1915/1558
f 1519/1846/1519 1520/1847/1520 1578/1935/1578
f 1579/1936/1579 1580/1937/1580 1558/1915/1558
f 1554/1911/1554 1553/1910/1553 1578/1935/1578
f 1577/1934/1577 1554/1911/1554 1578/1935/1578
f 1577/1934/1577 1578/1935/1578 794/931/794
f 1578/1935/1578 1553/1910/1553 1519/1846/1519
f 794/931/794 1578/1935/1578 1571/1928/1571
f 790/927/790 794/931/794 791/928/791
f 794/931/794 1571/1928/1571 791/928/791
f 1571/1928/1571 1574/1931/1574 791/928/791
f 1578/1935/1578 1520/1847/1520 1571/1928/1571
f 1577/1934/1577 794/931/794 1579/1936/1579
f 1577/1934/1577 1579/1936/1579 1558/1915/1558
f 1557/1914/1557 1558/1915/1558 1567/1924/1567
f 1579/1936/1579 794/931/794 793/930/793
f 1580/1937/1580 1581/1938/1581 1567/1924/1567
f 1567/1924/1567 1558/1915/1558 1580/1937/1580
f 1582/1939/1582 1581/1938/1581 1580/1937/1580
f 1566/1923/1566 1567/1924/1567 1581/1938/1581
f 1439/1736/1439 1440/1737/1440 1524/1853/1524
f 1581/1938/1581 1439/1736/1439 1566/1923/1566
f 1581/1938/1581 1582/1939/1582 1583/1940/1583
f 1439/1736/1439 1581/1938/1581 1583/1940/1583
f 1582/1939/1582 1580/1937/1580 1584/1941/1584
f 1433/1730/1433 1439/1736/1439 1583/1940/1583
f 797/934/797 1584/1941/1584 1579/1936/1579
f 1582/1939/1582 1584/1941/1584 803/940/803
f 1584/1941/1584 801/938/801 803/940/803
f 1584/1941/1584 1580/1937/1580 1579/1936/1579
f 1585/1942/1585 1575/1932/1575 1460/1763/1460
f 950/1150/950 1583/1940/1583 1582/1939/1582
f 1586/1943/1586 1781/1722/1781 1435/1732/1435
f 1586/1943/1586 1823/1944/1823 1781/1722/1781
f 1460/1763/1460 1526/1856/1526 1585/1942/1585
f 1586/1943/1586 1435/1732/1435 1450/1747/1450
f 1586/1943/1586 1807/1855/1807 1824/1945/1824
f 950/1150/950 1582/1939/1582 803/940/803
f 793/930/793 797/934/797 1579/1936/1579
f 1823/1944/1823 1586/1943/1586 1824/1945/1824
f 1526/1856/1526 1807/1855/1807 1585/1942/1585
f 950/1150/950 1433/1730/1433 1583/1940/1583
f 1585/1942/1585 1807/1855/1807 1586/1943/1586
f 1575/1932/1575 1585/1942/1585 1586/1943/1586
f 1575/1932/1575 1586/1943/1586 1450/1747/1450
f 797/934/797 801/938/801 1584/1941/1584
f 1576/1933/1576 1437/1734/1437 1523/1851/1523
f 1437/1734/1437 1576/1933/1576 1521/1849/1521
f 1576/1933/1576 1450/1747/1450 1521/1849/1521
f 1825/1946/1825 1826/1947/1826 1827/1948/1827
f 1828/1949/1828 1829/1950/1829 1826/1947/1826
f 1829/1950/1829 1830/1951/1830 1826/1947/1826
f 1831/1952/1831 1832/1953/1832 1833/1954/1833
f 1834/1955/1834 1831/1952/1831 1835/1956/1835
f 1831/1952/1831 1834/1955/1834 1832/1953/1832
f 1836/1957/1836 1837/1958/1837 1838/1959/1838
f 1839/1960/1839 1832/1953/1832 1834/1955/1834
f 1839/1960/1839 1840/1961/1840 1841/1962/1841
f 1842/1963/1842 1843/1964/1843 1844/1965/1844
f 1831/1952/1831 1845/1966/1845 1835/1956/1835
f 1846/1967/1846 1843/1964/1843 1842/1963/1842
f 1847/1968/1847 1848/1969/1848 1844/1965/1844
f 1841/1962/1841 1832/1953/1832 1839/1960/1839
f 1835/1956/1835 1845/1966/1845 1849/1970/1849
f 1848/1969/1848 1842/1963/1842 1844/1965/1844
f 1842/1963/1842 1850/1971/1850 1846/1967/1846
f 1846/1967/1846 1850/1971/1850 1851/1972/1851
f 1848/1969/1848 1850/1971/1850 1842/1963/1842
f 1850/1971/1850 1848/1969/1848 1852/1973/1852
f 1852/1973/1852 1853/1974/1853 1854/1975/1854
f 1855/1976/1855 1847/1968/1847 1856/1977/1856
f 1855/1976/1855 1857/1978/1857 1847/1968/1847
f 1844/1965/1844 1856/1977/1856 1847/1968/1847
f 1847/1968/1847 1852/1973/1852 1848/1969/1848
f 1858/1979/1858 1833/1954/1833 1832/1953/1832
f 1852/1973/1852 1847/1968/1847 1853/1974/1853
f 1853/1974/1853 1847/1968/1847 1857/1978/1857
f 1832/1953/1832 1841/1962/1841 1858/1979/1858
f 1859/1980/1859 1837/1958/1837 1860/1981/1860
f 1861/1982/1861 1862/1983/1862 1863/1984/1863
f 1864/1985/1864 1831/1952/1831 1833/1954/1833
f 1865/1986/1865 1854/1975/1854 1853/1974/1853
f 1831/1952/1831 1864/1985/1864 1845/1966/1845
f 1866/1987/1866 1867/1988/1867 1868/1989/1868
f 1869/1990/1869 1870/1991/1870 1871/1992/1871
f 1859/1980/1859 1860/1981/1860 1872/1993/1872
f 1855/1976/1855 1867/1988/1867 1866/1987/1866
f 1868/1989/1868 1869/1990/1869 1871/1992/1871
f 1868/1989/1868 1871/1992/1871 1866/1987/1866
f 1870/1991/1870 1869/1990/1869 1873/1994/1873
f 1874/1995/1874 1875/1996/1875 1876/1997/1876
f 1866/1987/1866 1871/1992/1871 1874/1995/1874
f 1825/1946/1825 1870/1991/1870 1873/1994/1873
f 1857/1978/1857 1855/1976/1855 1866/1987/1866
f 1833/1954/1833 1877/1998/1877 1864/1985/1864
f 1827/1948/1827 1863/1984/1863 1878/1999/1878
f 1827/1948/1827 1870/1991/1870 1825/1946/1825
f 1870/1991/1870 1827/1948/1827 1878/1999/1878
f 1863/1984/1863 1879/2000/1879 1878/1999/1878
f 1870/1991/1870 1878/1999/1878 1871/1992/1871
f 1858/1979/1858 1877/1998/1877 1833/1954/1833
f 1866/1987/1866 1874/1995/1874 1857/1978/1857
f 1880/2001/1880 1881/2002/1881 1882/2003/1882
f 1883/2004/1883 1884/2005/1884 1885/2006/1885
f 1886/2007/1886 1885/2006/1885 1887/2008/1887
f 1888/2009/1888 1885/2006/1885 1886/2007/1886
f 1883/2004/1883 1885/2006/1885 1889/2010/1889
f 1890/2011/1890 1888/2009/1888 1891/2012/1891
f 1888/2009/1888 1892/2013/1892 1891/2012/1891
f 1890/2011/1890 1889/2010/1889 1888/2009/1888
f 1890/2011/1890 1883/2004/1883 1889/2010/1889
f 1893/2014/1893 1841/1962/1841 1894/2015/1894
f 1894/2015/1894 1895/2016/1895 1896/2017/1896
f 1886/2018/1886 1895/2016/1895 1894/2015/1894
f 1893/2014/1893 1894/2015/1894 1896/2017/1896
f 1888/2009/1888 1889/2010/1889 1885/2006/1885
f 1886/2018/1886 1894/2015/1894 1897/2019/1897
f 1890/2011/1890 1898/2020/1898 1883/2004/1883
f 1888/2009/1888 1886/2007/1886 1899/2021/1899
f 1886/2018/1886 1897/2019/1897 1899/2022/1899
f 1899/2021/1899 1900/2023/1900 1888/2009/1888
f 1899/2022/1899 1897/2019/1897 1840/1961/1840
f 1900/2023/1900 1891/2012/1891 1892/2013/1892
f 1891/2012/1891 1900/2023/1900 1901/2024/1901
f 1900/2023/1900 1899/2021/1899 1902/2025/1902
f 1902/2025/1902 1901/2024/1901 1900/2023/1900
f 1840/2026/1840 1902/2025/1902 1899/2021/1899
f 1888/2009/1888 1900/2023/1900 1892/2013/1892
f 1894/2015/1894 1841/1962/1841 1897/2019/1897
f 1840/1961/1840 1897/2019/1897 1841/1962/1841
f 1840/1961/1840 1839/1960/1839 1903/2027/1903
f 1840/2026/1840 1903/2028/1903 1902/2025/1902
f 1901/2024/1901 1902/2025/1902 1872/2029/1872
f 1872/1993/1872 1903/2027/1903 1859/1980/1859
f 1904/2030/1904 1898/2020/1898 1905/2031/1905
f 1905/2031/1905 1898/2020/1898 1890/2011/1890
f 1872/2029/1872 1902/2025/1902 1903/2028/1903
f 1891/2012/1891 1905/2031/1905 1890/2011/1890
f 1904/2030/1904 1905/2031/1905 1906/2032/1906
f 1905/2031/1905 1891/2012/1891 1907/2033/1907
f 1906/2032/1906 1908/2034/1908 1904/2030/1904
f 1909/2035/1909 1906/2032/1906 1907/2033/1907
f 1907/2033/1907 1910/2036/1910 1909/2035/1909
f 1907/2033/1907 1906/2032/1906 1905/2031/1905
f 1891/2012/1891 1911/2037/1911 1907/2033/1907
f 1911/2037/1911 1912/2038/1912 1913/2039/1913
f 1910/2036/1910 1907/2033/1907 1914/2040/1914
f 1901/2024/1901 1911/2037/1911 1891/2012/1891
f 1915/2041/1915 1912/2038/1912 1872/2029/1872
f 1912/2038/1912 1901/2024/1901 1872/2029/1872
f 1907/2033/1907 1911/2037/1911 1913/2039/1913
f 1914/2040/1914 1907/2033/1907 1913/2039/1913
f 1916/2042/1916 1914/2040/1914 1913/2039/1913
f 1912/2038/1912 1915/2041/1915 1913/2039/1913
f 1901/2024/1901 1912/2038/1912 1911/2037/1911
f 1916/2042/1916 1917/2043/1917 1918/2044/1918
f 1913/2039/1913 1915/2041/1915 1916/2042/1916
f 1916/2042/1916 1915/2041/1915 1917/2043/1917
f 1917/2043/1917 1915/2041/1915 1919/2045/1919
f 1920/2046/1920 1910/2036/1910 1914/2040/1914
f 1921/2047/1921 1922/2048/1922 1920/2046/1920
f 1921/2047/1921 1920/2046/1920 1914/2040/1914
f 1920/2046/1920 1923/2049/1923 1909/2035/1909
f 1924/2050/1924 1925/2051/1925 1926/2052/1926
f 1924/2050/1924 1922/2048/1922 1921/2047/1921
f 1918/2044/1918 1925/2051/1925 1914/2040/1914
f 1910/2036/1910 1920/2046/1920 1909/2035/1909
f 1921/2047/1921 1914/2040/1914 1925/2051/1925
f 1860/1981/1860 1919/2053/1919 1872/1993/1872
f 1915/2041/1915 1872/2029/1872 1919/2045/1919
f 1921/2047/1921 1925/2051/1925 1924/2050/1924
f 1871/1992/1871 1875/1996/1875 1874/1995/1874
f 1857/1978/1857 1874/1995/1874 1865/1986/1865
f 1874/1995/1874 1876/1997/1876 1927/2054/1927
f 1875/1996/1875 1878/1999/1878 1879/2000/1879
f 1881/2002/1881 1875/1996/1875 1879/2000/1879
f 1874/1995/1874 1927/2054/1927 1865/1986/1865
f 1878/1999/1878 1875/1996/1875 1871/1992/1871
f 1928/2055/1928 1927/2054/1927 1876/1997/1876
f 1863/1984/1863 1929/2056/1929 1879/2000/1879
f 1875/1996/1875 1881/2002/1881 1928/2055/1928
f 1924/2050/1924 1930/2057/1930 1922/2048/1922
f 1881/2002/1881 1880/2001/1880 1928/2055/1928
f 1931/2058/1931 1858/1979/1858 1932/2059/1932
f 1858/1979/1858 1931/2058/1931 1877/1998/1877
f 1933/2060/1933 1934/2061/1934 1935/2062/1935
f 1914/2040/1914 1916/2042/1916 1918/2044/1918
f 1928/2055/1928 1876/1997/1876 1875/1996/1875
f 1893/2014/1893 1858/1979/1858 1841/1962/1841
f 1933/2060/1933 1935/2062/1935 1936/2063/1936
f 1937/2064/1937 1936/2063/1936 1935/2062/1935
f 1934/2061/1934 1933/2060/1933 1862/1983/1862
f 1918/2044/1918 1938/2065/1938 1925/2051/1925
f 1938/2066/1938 1936/2063/1936 1937/2064/1937
f 1926/2052/1926 1925/2051/1925 1938/2065/1938
f 1917/2043/1917 1938/2065/1938 1918/2044/1918
f 1827/1948/1827 1826/1947/1826 1830/1951/1830
f 1932/2059/1932 1858/1979/1858 1893/2014/1893
f 1861/1982/1861 1827/1948/1827 1934/2061/1934
f 1882/2003/1882 1835/1956/1835 1849/1970/1849
f 1827/1948/1827 1861/1982/1861 1863/1984/1863
f 1830/1951/1830 1934/2061/1934 1827/1948/1827
f 1838/1959/1838 1835/1956/1835 1836/1957/1836
f 1934/2061/1934 1830/1951/1830 1935/2062/1935
f 1849/1970/1849 1845/1966/1845 1939/2067/1939
f 1862/1983/1862 1861/1982/1861 1934/2061/1934
f 1863/1984/1863 1862/1983/1862 1929/2056/1929
f 1937/2068/1937 1830/2069/1830 1940/2070/1940
f 1938/2065/1938 1940/2070/1940 1926/2052/1926
f 1935/2062/1935 1830/1951/1830 1937/2064/1937
f 1940/2070/1940 1938/2065/1938 1937/2068/1937
f 1926/2052/1926 1940/2070/1940 1941/2071/1941
f 1829/2072/1829 1941/2071/1941 1830/2069/1830
f 1941/2071/1941 1940/2070/1940 1830/2069/1830
f 1942/2073/1942 1943/2074/1943 1944/2075/1944
f 1924/2050/1924 1941/2071/1941 1930/2057/1930
f 1941/2071/1941 1924/2050/1924 1926/2052/1926
f 1929/2056/1929 1862/1983/1862 1945/2076/1945
f 1945/2076/1945 1946/2077/1946 1929/2056/1929
f 1933/2060/1933 1945/2076/1945 1862/1983/1862
f 1945/2076/1945 1947/2078/1947 1836/1957/1836
f 1881/2002/1881 1879/2000/1879 1929/2056/1929
f 1936/2063/1936 1938/2066/1938 1917/2079/1917
f 1881/2002/1881 1946/2077/1946 1882/2003/1882
f 1844/1965/1844 1843/1964/1843 1948/2080/1948
f 1939/2067/1939 1943/2074/1943 1849/1970/1849
f 1882/2003/1882 1836/1957/1836 1835/1956/1835
f 1946/2077/1946 1836/1957/1836 1882/2003/1882
f 1946/2077/1946 1945/2076/1945 1836/1957/1836
f 1929/2056/1929 1946/2077/1946 1881/2002/1881
f 1838/1959/1838 1837/1958/1837 1859/1980/1859
f 1933/2060/1933 1936/2063/1936 1947/2078/1947
f 1834/1955/1834 1838/1959/1838 1859/1980/1859
f 1943/2074/1943 1928/2055/1928 1880/2001/1880
f 1919/2053/1919 1936/2063/1936 1917/2079/1917
f 1860/1981/1860 1837/1958/1837 1936/2063/1936
f 1945/2076/1945 1933/2060/1933 1947/2078/1947
f 1942/2073/1942 1854/1975/1854 1865/1986/1865
f 1837/1958/1837 1836/1957/1836 1947/2078/1947
f 1947/2078/1947 1936/2063/1936 1837/1958/1837
f 1903/2027/1903 1839/1960/1839 1859/1980/1859
f 1936/2063/1936 1919/2053/1919 1860/1981/1860
f 1835/1956/1835 1838/1959/1838 1834/1955/1834
f 1948/2080/1948 1843/1964/1843 1949/2081/1949
f 1839/1960/1839 1834/1955/1834 1859/1980/1859
f 1942/2073/1942 1950/2082/1950 1943/2074/1943
f 1865/1986/1865 1950/2082/1950 1942/2073/1942
f 1943/2074/1943 1950/2082/1950 1928/2055/1928
f 1943/2074/1943 1880/2001/1880 1849/1970/1849
f 1849/1970/1849 1880/2001/1880 1882/2003/1882
f 1950/2082/1950 1865/1986/1865 1927/2054/1927
f 1950/2082/1950 1927/2054/1927 1928/2055/1928
f 1951/2083/1951 1843/1964/1843 1846/1967/1846
f 1865/1986/1865 1853/1974/1853 1857/1978/1857
f 1943/2074/1943 1939/2067/1939 1944/2075/1944
f 1952/2084/1952 1953/2085/1953 1954/2086/1954
f 1954/2087/1954 1955/2088/1955 1956/2089/1956
f 1957/2090/1957 1628/532/1628 1629/538/1629
f 1958/2091/1958 1959/2092/1959 1960/2093/1960
f 1960/2093/1960 1959/2092/1959 1961/2094/1961
f 1957/2090/1957 1962/2095/1962 1628/532/1628
f 1957/2090/1957 1963/2096/1963 1962/2095/1962
f 1964/2097/1964 1965/2098/1965 1966/2099/1966
f 1956/2089/1956 1960/2100/1960 1961/2101/1961
f 1967/2102/1967 1960/2100/1960 1956/2089/1956
f 1956/2089/1956 1955/2088/1955 1968/2103/1968
f 1952/2084/1952 1954/2086/1954 1961/2094/1961
f 1955/2088/1955 1954/2087/1954 1953/2104/1953
f 1954/2087/1954 1956/2089/1956 1961/2101/1961
f 1959/2092/1959 1952/2084/1952 1961/2094/1961
f 1969/2105/1969 1970/2106/1970 1971/2107/1971
f 1972/2108/1972 1625/466/1625 1973/2109/1973
f 1967/2102/1967 1974/2110/1974 1975/2111/1975
f 1956/2089/1956 1968/2103/1968 1967/2102/1967
f 1965/2098/1965 1976/2112/1976 1966/2099/1966
f 1967/2102/1967 1968/2103/1968 1974/2110/1974
f 1977/2113/1977 1974/2110/1974 1968/2103/1968
f 1968/2103/1968 1978/2114/1978 1977/2113/1977
f 1952/2084/1952 1979/2115/1979 1953/2085/1953
f 1630/540/1630 1634/551/1634 1976/2112/1976
f 1980/2116/1980 1966/2099/1966 1981/2117/1981
f 1982/2118/1982 1983/2119/1983 1984/2120/1984
f 1985/2121/1985 1986/2122/1986 1959/2092/1959
f 1983/2119/1983 1982/2118/1982 1987/2123/1987
f 1988/2124/1988 1987/2123/1987 1982/2118/1982
f 1981/2117/1981 1628/532/1628 1962/2095/1962
f 1958/2091/1958 1989/2125/1989 1959/2092/1959
f 1990/2126/1990 1974/2110/1974 1977/2113/1977
f 1959/2092/1959 1986/2122/1986 1952/2084/1952
f 1962/2095/1962 1980/2116/1980 1981/2117/1981
f 1991/2127/1991 1985/2121/1985 1989/2125/1989
f 1987/2123/1987 1988/2124/1988 1992/2128/1992
f 1986/2122/1986 1979/2115/1979 1952/2084/1952
f 1986/2122/1986 1985/2121/1985 1984/2120/1984
f 1959/2092/1959 1989/2125/1989 1985/2121/1985
f 1982/2118/1982 1991/2127/1991 1993/2129/1993
f 1984/2120/1984 1985/2121/1985 1982/2118/1982
f 1982/2118/1982 1985/2121/1985 1991/2127/1991
f 1994/2130/1994 1993/2129/1993 1995/2131/1995
f 1994/2130/1994 1982/2118/1982 1993/2129/1993
f 1996/2132/1996 1969/2105/1969 1997/2133/1997
f 1998/2134/1998 1996/2132/1996 1999/2135/1999
f 1997/2133/1997 2000/2136/2000 1999/2135/1999
f 1627/480/1627 2001/2137/2001 2002/2138/2002
f 1997/2133/1997 1999/2135/1999 1996/2132/1996
f 2003/2139/2003 1998/2134/1998 1999/2135/1999
f 1997/2133/1997 1971/2107/1971 2004/2140/2004
f 1634/551/1634 1636/553/1636 1981/2117/1981
f 2005/2141/2005 2006/2142/2006 2007/2143/2007
f 2005/2141/2005 1994/2130/1994 1995/2131/1995
f 1988/2124/1988 1982/2118/1982 1992/2128/1992
f 2005/2141/2005 2007/2143/2007 1994/2130/1994
f 2007/2143/2007 1992/2128/1992 1982/2118/1982
f 1994/2130/1994 2007/2143/2007 1982/2118/1982
f 2008/2144/2008 1992/2128/1992 2007/2143/2007
f 2009/2145/2009 2010/2146/2010 1999/2135/1999
f 1966/2099/1966 1976/2112/1976 1981/2117/1981
f 2011/2147/2011 2012/2148/2012 2006/2142/2006
f 2013/2149/2013 2006/2142/2006 2014/2150/2014
f 2008/2144/2008 2007/2143/2007 2013/2149/2013
f 2012/2148/2012 2014/2150/2014 2006/2142/2006
f 2013/2149/2013 2007/2143/2007 2006/2142/2006
f 2008/2144/2008 2013/2149/2013 2015/2151/2015
f 2016/2152/2016 2005/2141/2005 1995/2131/1995
f 2015/2151/2015 2013/2149/2013 2014/2150/2014
f 2001/2137/2001 1624/465/1624 2017/2153/2017
f 2018/2154/2018 2019/2155/2019 2015/2151/2015
f 2020/2156/2020 2019/2155/2019 2018/2154/2018
f 2021/2157/2021 2020/2156/2020 2018/2154/2018
f 2021/2157/2021 2018/2154/2018 2022/2158/2022
f 1999/2135/1999 2000/2136/2000 2023/2159/2023
f 2009/2145/2009 1999/2135/1999 2024/2160/2024
f 1637/565/1637 1636/553/1636 1635/552/1635
f 1637/565/1637 1628/532/1628 1636/553/1636
f 2014/2150/2014 2018/2154/2018 2015/2151/2015
f 2022/2158/2022 2018/2154/2018 2012/2148/2012
f 2022/2158/2022 2012/2148/2012 2025/2161/2025
f 2021/2157/2021 2026/2162/2026 2027/2163/2027
f 2014/2150/2014 2012/2148/2012 2018/2154/2018
f 2027/2163/2027 2020/2156/2020 2021/2157/2021
f 2021/2157/2021 2028/2164/2028 2026/2162/2026
f 2027/2163/2027 2019/2155/2019 2020/2156/2020
f 2028/2164/2028 2029/2165/2029 2030/2166/2030
f 2029/2165/2029 2031/2167/2031 2030/2166/2030
f 2026/2162/2026 2030/2166/2030 2032/2168/2032
f 1999/2135/1999 2023/2159/2023 2024/2160/2024
f 2021/2157/2021 2022/2158/2022 2028/2164/2028
f 2029/2165/2029 2028/2164/2028 2033/2169/2033
f 2030/2166/2030 2031/2167/2031 2032/2168/2032
f 2026/2162/2026 2028/2164/2028 2030/2166/2030
f 2028/2164/2028 2025/2161/2025 2033/2169/2033
f 1981/2117/1981 1976/2112/1976 1634/551/1634
f 1969/2105/1969 1971/2107/1971 1997/2133/1997
f 2022/2158/2022 2025/2161/2025 2028/2164/2028
f 1628/532/1628 1981/2117/1981 1636/553/1636
f 2031/2167/2031 2029/2165/2029 2034/2170/2034
f 2034/2170/2034 2035/2171/2035 2031/2167/2031
f 2035/2171/2035 2034/2170/2034 2036/2172/2036
f 2035/2171/2035 2032/2168/2032 2031/2167/2031
f 2029/2165/2029 2037/2173/2037 2034/2170/2034
f 2038/2174/2038 2039/2175/2039 2040/2176/2040
f 2040/2176/2040 2039/2175/2039 2035/2171/2035
f 2004/2140/2004 1971/2107/1971 1970/2106/1970
f 1625/466/1625 1631/541/1631 1973/2109/1973
f 2041/2177/2041 2023/2159/2023 2000/2136/2000
f 2042/2178/2042 1997/2133/1997 2004/2140/2004
f 2043/2179/2043 2044/2180/2044 2045/2181/2045
f 1965/2098/1965 1630/540/1630 1976/2112/1976
f 1637/565/1637 1633/547/1633 1628/532/1628
f 2046/2182/2046 2034/2170/2034 2037/2173/2037
f 1973/2109/1973 1631/541/1631 1965/2098/1965
f 2047/2183/2047 2036/2172/2036 2046/2182/2046
f 2034/2170/2034 2046/2182/2046 2036/2172/2036
f 2047/2183/2047 2048/2184/2048 2038/2174/2038
f 2048/2184/2048 2049/2185/2049 2038/2174/2038
f 2038/2174/2038 2040/2176/2040 2036/2172/2036
f 2048/2184/2048 2047/2183/2047 2050/2186/2050
f 2036/2172/2036 2047/2183/2047 2038/2174/2038
f 1630/540/1630 1965/2098/1965 1631/541/1631
f 2051/2187/2051 2042/2178/2042 2004/2140/2004
f 2038/2174/2038 2049/2185/2049 2052/2188/2052
f 2040/2176/2040 2035/2171/2035 2036/2172/2036
f 2047/2183/2047 2053/2189/2053 2054/2190/2054
f 2004/2140/2004 2045/2181/2045 2044/2180/2044
f 2044/2180/2044 2043/2179/2043 2055/2191/2055
f 2049/2185/2049 2056/2192/2056 2017/2153/2017
f 2054/2190/2054 2050/2186/2050 2047/2183/2047
f 2054/2190/2054 2057/2193/2057 2050/2186/2050
f 2049/2185/2049 2050/2186/2050 2056/2192/2056
f 2057/2193/2057 2056/2192/2056 2050/2186/2050
f 2049/2185/2049 2048/2184/2048 2050/2186/2050
f 2017/2153/2017 1973/2109/1973 2049/2185/2049
f 2056/2192/2056 2057/2193/2057 2058/2194/2058
f 2058/2194/2058 2001/2137/2001 2056/2192/2056
f 2001/2137/2001 2017/2153/2017 2056/2192/2056
f 1624/465/1624 2001/2137/2001 1627/480/1627
f 2059/2195/2059 1953/2104/1953 2060/2196/2060
f 1953/2104/1953 2059/2195/2059 1955/2088/1955
f 1626/476/1626 1627/480/1627 2002/2138/2002
f 2001/2137/2001 2058/2194/2058 2002/2138/2002
f 2059/2195/2059 2061/2197/2061 2062/2198/2062
f 1972/2108/1972 1973/2109/1973 1624/465/1624
f 2061/2197/2061 2059/2195/2059 2060/2196/2060
f 2063/2199/2063 2042/2178/2042 2051/2187/2051
f 2042/2178/2042 2000/2136/2000 1997/2133/1997
f 1973/2109/1973 2017/2153/2017 1624/465/1624
f 2000/2136/2000 2042/2178/2042 2063/2199/2063
f 2004/2140/2004 2044/2180/2044 2051/2187/2051
f 2063/2199/2063 2051/2187/2051 2064/2200/2064
f 2065/2201/2065 2066/2202/2066 2067/2203/2067
f 1632/545/1632 1636/553/1636 1634/551/1634
f 2061/2197/2061 2068/2204/2068 2069/2205/2069
f 2044/2180/2044 2064/2200/2064 2051/2187/2051
f 1962/2095/1962 2070/2206/2070 1980/2116/1980
f 2071/2207/2071 2069/2205/2069 2068/2204/2068
f 2071/2207/2071 2068/2204/2068 2072/2208/2072
f 2073/2209/2073 2002/2138/2002 2057/2193/2057
f 2074/2210/2074 2064/2200/2064 2044/2180/2044
f 2074/2210/2074 2044/2180/2044 2055/2191/2055
f 2075/2211/2075 2076/2212/2076 2077/2213/2077
f 2055/2191/2055 2078/2214/2078 2074/2210/2074
f 1968/2103/1968 1955/2088/1955 2079/2215/2079
f 1955/2088/1955 2059/2195/2059 2080/2216/2080
f 2080/2216/2080 2079/2215/2079 1955/2088/1955
f 2080/2216/2080 2081/2217/2081 2079/2215/2079
f 2062/2198/2062 2080/2216/2080 2059/2195/2059
f 2069/2205/2069 2082/2218/2082 2083/2219/2083
f 2081/2217/2081 2084/2220/2084 2079/2215/2079
f 2084/2220/2084 1978/2114/1978 2079/2215/2079
f 2084/2220/2084 2085/2221/2085 1978/2114/1978
f 1978/2114/1978 1968/2103/1968 2079/2215/2079
f 2062/2198/2062 2061/2197/2061 2069/2205/2069
f 2086/2222/2086 2083/2219/2083 2082/2218/2082
f 2062/2198/2062 2069/2205/2069 2083/2219/2083
f 2084/2220/2084 2062/2198/2062 2086/2222/2086
f 2062/2198/2062 2083/2219/2083 2086/2222/2086
f 2062/2198/2062 2081/2217/2081 2080/2216/2080
f 2069/2205/2069 2071/2207/2071 2075/2211/2075
f 2069/2205/2069 2075/2211/2075 2082/2218/2082
f 2087/2223/2087 2067/2203/2067 2088/2224/2088
f 2089/2225/2089 2090/2226/2090 1975/2111/1975
f 2002/2138/2002 2058/2194/2058 2057/2193/2057
f 2081/2217/2081 2062/2198/2062 2084/2220/2084
f 2086/2222/2086 2082/2218/2082 2091/2227/2091
f 2092/2228/2092 2075/2211/2075 2077/2213/2077
f 1623/464/1623 1625/466/1625 1624/465/1624
f 2075/2211/2075 2093/2229/2093 2082/2218/2082
f 2094/2230/2094 2095/2231/2095 2096/2232/2096
f 2093/2229/2093 2075/2211/2075 2092/2228/2092
f 2093/2229/2093 2091/2227/2091 2082/2218/2082
f 2093/2229/2093 2092/2228/2092 2095/2231/2095
f 1624/465/1624 1625/466/1625 1972/2108/1972
f 2067/2203/2067 2097/2233/2097 2065/2201/2065
f 2066/2202/2066 1980/2116/1980 2098/2234/2098
f 2098/2234/2098 2088/2224/2088 2066/2202/2066
f 1966/2099/1966 1980/2116/1980 2066/2202/2066
f 2098/2234/2098 2070/2206/2070 2088/2224/2088
f 2070/2206/2070 1963/2096/1963 2087/2223/2087
f 1973/2109/1973 2052/2188/2052 2049/2185/2049
f 2099/2235/2099 2091/2227/2091 2093/2229/2093
f 1962/2095/1962 1963/2096/1963 2070/2206/2070
f 2067/2203/2067 2066/2202/2066 2088/2224/2088
f 1980/2116/1980 2070/2206/2070 2098/2234/2098
f 2097/2233/2097 2100/2236/2100 2065/2201/2065
f 2101/2237/2101 1979/2115/1979 1986/2122/1986
f 2070/2206/2070 2087/2223/2087 2088/2224/2088
f 1986/2122/1986 1983/2119/1983 2101/2237/2101
f 1984/2120/1984 1983/2119/1983 1986/2122/1986
f 1983/2119/1983 2102/2238/2102 2101/2237/2101
f 2103/2239/2103 2104/2240/2104 2032/2168/2032
f 2087/2223/2087 2105/2241/2105 2067/2203/2067
f 2087/2223/2087 2106/2242/2106 2107/2243/2107
f 1964/2097/1964 1966/2099/1966 2066/2202/2066
f 2105/2241/2105 2087/2223/2087 2107/2243/2107
f 2108/2244/2108 2109/2245/2109 2105/2241/2105
f 2110/2246/2110 2111/2247/2111 2074/2210/2074
f 2074/2210/2074 2078/2214/2078 2110/2246/2110
f 2066/2202/2066 2065/2201/2065 1964/2097/1964
f 2112/2248/2112 2065/2201/2065 2113/2249/2113
f 1965/2098/1965 1964/2097/1964 1973/2109/1973
f 2052/2188/2052 1964/2097/1964 2112/2248/2112
f 2109/2245/2109 2114/2250/2114 2115/2251/2115
f 2112/2248/2112 1964/2097/1964 2065/2201/2065
f 2052/2188/2052 1973/2109/1973 1964/2097/1964
f 2116/2252/2116 2115/2251/2115 2103/2239/2103
f 2108/2244/2108 2105/2241/2105 2107/2243/2107
f 2052/2188/2052 2039/2175/2039 2038/2174/2038
f 2052/2188/2052 2117/2253/2117 2039/2175/2039
f 1992/2128/1992 2118/2254/2118 1987/2123/1987
f 2117/2253/2117 2052/2188/2052 2112/2248/2112
f 2100/2236/2100 2113/2249/2113 2065/2201/2065
f 2112/2248/2112 2113/2249/2113 2117/2253/2117
f 2119/2255/2119 1987/2123/1987 2118/2254/2118
f 2086/2222/2086 2120/2256/2120 2084/2220/2084
f 2117/2253/2117 2113/2249/2113 2100/2236/2100
f 2109/2245/2109 2116/2252/2116 2105/2241/2105
f 2067/2203/2067 2105/2241/2105 2116/2252/2116
f 2108/2244/2108 2107/2243/2107 2121/2257/2121
f 2097/2233/2097 2067/2203/2067 2116/2252/2116
f 2114/2250/2114 2108/2244/2108 2122/2258/2122
f 2085/2221/2085 2123/2259/2123 2111/2247/2111
f 2115/2251/2115 2116/2252/2116 2109/2245/2109
f 2085/2221/2085 2084/2220/2084 2123/2259/2123
f 1990/2126/1990 1977/2113/1977 2110/2246/2110
f 2100/2236/2100 2097/2233/2097 2124/2260/2124
f 2118/2254/2118 2125/2261/2125 2119/2255/2119
f 2119/2255/2119 2125/2261/2125 2126/2262/2126
f 1977/2113/1977 1978/2114/1978 2085/2221/2085
f 2103/2239/2103 2124/2260/2124 2097/2233/2097
f 2114/2250/2114 2109/2245/2109 2108/2244/2108
f 2035/2171/2035 2039/2175/2039 2117/2253/2117
f 2126/2262/2126 2125/2261/2125 2127/2263/2127
f 2125/2261/2125 2128/2264/2128 2127/2263/2127
f 2032/2168/2032 2117/2253/2117 2100/2236/2100
f 2035/2171/2035 2117/2253/2117 2032/2168/2032
f 2129/2265/2129 2115/2251/2115 2114/2250/2114
f 2130/2266/2130 2128/2264/2128 2125/2261/2125
f 2032/2168/2032 2100/2236/2100 2124/2260/2124
f 2115/2251/2115 2104/2240/2104 2103/2239/2103
f 2116/2252/2116 2103/2239/2103 2097/2233/2097
f 2131/2267/2131 2132/2268/2132 2128/2264/2128
f 2133/2269/2133 2104/2240/2104 2115/2251/2115
f 2134/2270/2134 2135/2271/2135 2132/2268/2132
f 2136/2272/2136 2135/2271/2135 2134/2270/2134
f 2132/2268/2132 2108/2244/2108 2137/2273/2137
f 2137/2273/2137 2134/2270/2134 2132/2268/2132
f 2103/2239/2103 2032/2168/2032 2124/2260/2124
f 2138/2274/2138 2139/2275/2139 2140/2276/2140
f 1974/2110/1974 2141/2277/2141 1975/2111/1975
f 2142/2278/2142 2143/2279/2143 2055/2191/2055
f 2128/2264/2128 2132/2268/2132 2135/2271/2135
f 2143/2279/2143 2139/2275/2139 2090/2226/2090
f 2139/2275/2139 2144/2280/2144 2140/2276/2140
f 2106/2242/2106 2087/2223/2087 2145/2281/2145
f 2139/2275/2139 2142/2278/2142 2144/2280/2144
f 2055/2191/2055 2043/2179/2043 2144/2280/2144
f 2055/2191/2055 2144/2280/2144 2142/2278/2142
f 2090/2226/2090 2139/2275/2139 2146/2282/2146
f 2143/2279/2143 2142/2278/2142 2139/2275/2139
f 2055/2191/2055 2143/2279/2143 2078/2214/2078
f 1975/2111/1975 2141/2277/2141 2089/2225/2089
f 2078/2214/2078 2143/2279/2143 2089/2225/2089
f 2015/2151/2015 2130/2266/2130 2008/2144/2008
f 2089/2225/2089 1990/2126/1990 2078/2214/2078
f 2008/2144/2008 2130/2266/2130 2118/2254/2118
f 2118/2254/2118 2130/2266/2130 2125/2261/2125
f 1992/2128/1992 2008/2144/2008 2118/2254/2118
f 2130/2266/2130 2019/2155/2019 2147/2283/2147
f 2015/2151/2015 2019/2155/2019 2130/2266/2130
f 2131/2267/2131 2128/2264/2128 2130/2266/2130
f 2130/2266/2130 2147/2283/2147 2131/2267/2131
f 2147/2283/2147 2026/2162/2026 2131/2267/2131
f 2026/2162/2026 2147/2283/2147 2019/2155/2019
f 2026/2162/2026 2104/2240/2104 2129/2265/2129
f 2026/2162/2026 2019/2155/2019 2027/2163/2027
f 2115/2251/2115 2129/2265/2129 2133/2269/2133
f 2129/2265/2129 2148/2284/2148 2131/2267/2131
f 2133/2269/2133 2129/2265/2129 2104/2240/2104
f 2026/2162/2026 2032/2168/2032 2104/2240/2104
f 2132/2268/2132 2131/2267/2131 2148/2284/2148
f 2122/2258/2122 2132/2268/2132 2148/2284/2148
f 2108/2244/2108 2132/2268/2132 2122/2258/2122
f 2121/2257/2121 2137/2273/2137 2108/2244/2108
f 2114/2250/2114 2122/2258/2122 2148/2284/2148
f 2107/2243/2107 2149/2285/2149 2121/2257/2121
f 2148/2284/2148 2129/2265/2129 2114/2250/2114
f 1974/2110/1974 1990/2126/1990 2141/2277/2141
f 1963/2096/1963 2145/2281/2145 2087/2223/2087
f 2150/2286/2150 2151/2287/2151 2145/2281/2145
f 2089/2225/2089 2141/2277/2141 1990/2126/1990
f 2145/2281/2145 2152/2288/2152 2106/2242/2106
f 2149/2285/2149 2107/2243/2107 2153/2289/2153
f 1990/2126/1990 2110/2246/2110 2078/2214/2078
f 2154/2290/2154 2149/2285/2149 2155/2291/2155
f 2143/2279/2143 2090/2226/2090 2089/2225/2089
f 2131/2267/2131 2026/2162/2026 2129/2265/2129
f 2153/2289/2153 2155/2291/2155 2149/2285/2149
f 2153/2289/2153 2106/2242/2106 2152/2288/2152
f 2106/2242/2106 2153/2289/2153 2107/2243/2107
f 2154/2290/2154 2155/2291/2155 2156/2292/2156
f 2157/2293/2157 2158/2294/2158 2159/2295/2159
f 2160/2296/2160 2161/2297/2161 2162/2298/2162
f 2163/2299/2163 2162/2298/2162 2161/2297/2161
f 2164/2300/2164 1960/2093/1960 2160/2301/2160
f 2165/2302/2165 2166/2303/2166 2167/2304/2167
f 2160/2301/2160 2162/2305/2162 2164/2300/2164
f 1960/2093/1960 2164/2300/2164 1958/2091/1958
f 2167/2304/2167 2166/2303/2166 2168/2306/2168
f 2169/2307/2169 2170/2308/2170 2171/2309/2171
f 2167/2304/2167 2168/2306/2168 2172/2310/2172
f 2167/2304/2167 2173/2311/2173 2174/2312/2174
f 2161/2297/2161 1960/2100/1960 1967/2102/1967
f 2161/2297/2161 2160/2296/2160 1960/2100/1960
f 2167/2304/2167 2172/2310/2172 2173/2311/2173
f 2172/2313/2172 2175/2314/2175 2173/2315/2173
f 2176/2316/2176 2177/2317/2177 2174/2312/2174
f 2170/2308/2170 2169/2307/2169 2178/2318/2178
f 2179/2319/2179 2162/2305/2162 2180/2320/2180
f 2181/2321/2181 2171/2309/2171 2170/2308/2170
f 2173/2311/2173 2176/2316/2176 2174/2312/2174
f 2162/2305/2162 2182/2322/2182 2164/2300/2164
f 2171/2309/2171 2181/2321/2181 2176/2316/2176
f 2182/2322/2182 2162/2305/2162 2179/2319/2179
f 2183/2323/2183 2184/2324/2184 2185/2325/2185
f 2182/2322/2182 2179/2319/2179 2185/2325/2185
f 2159/2295/2159 2186/2326/2186 2157/2293/2157
f 2187/2327/2187 2157/2328/2157 2186/2329/2186
f 2186/2326/2186 2188/2330/2188 2189/2331/2189
f 2188/2330/2188 2186/2326/2186 2159/2295/2159
f 2190/2332/2190 2180/2320/2180 2189/2331/2189
f 2188/2330/2188 2190/2332/2190 2189/2331/2189
f 2188/2330/2188 2159/2295/2159 2158/2294/2158
f 2186/2326/2186 2189/2331/2189 2162/2305/2162
f 2189/2331/2189 2180/2320/2180 2162/2305/2162
f 2186/2329/2186 2162/2298/2162 2163/2299/2163
f 2186/2329/2186 2163/2299/2163 2191/2333/2191
f 2191/2333/2191 2163/2299/2163 2161/2297/2161
f 2180/2320/2180 2190/2332/2190 2185/2325/2185
f 2180/2320/2180 2185/2325/2185 2179/2319/2179
f 2192/2334/2192 2193/2335/2193 2194/2336/2194
f 2195/2337/2195 2158/2294/2158 2196/2338/2196
f 2195/2337/2195 2188/2330/2188 2158/2294/2158
f 2197/2339/2197 2195/2337/2195 2196/2338/2196
f 2198/2340/2198 2195/2337/2195 2197/2339/2197
f 2198/2340/2198 2197/2339/2197 2199/2341/2199
f 2188/2330/2188 2195/2337/2195 2190/2332/2190
f 2198/2340/2198 2200/2342/2200 2195/2337/2195
f 2199/2341/2199 2201/2343/2201 2165/2302/2165
f 2197/2339/2197 2201/2343/2201 2199/2341/2199
f 2198/2340/2198 2199/2341/2199 2202/2344/2202
f 2203/2345/2203 2199/2341/2199 2165/2302/2165
f 2199/2341/2199 2203/2345/2203 2202/2344/2202
f 2183/2323/2183 2185/2325/2185 2190/2332/2190
f 2200/2342/2200 2190/2332/2190 2195/2337/2195
f 2183/2323/2183 2190/2332/2190 2200/2342/2200
f 2200/2342/2200 2204/2346/2204 2183/2323/2183
f 2194/2336/2194 2200/2342/2200 2198/2340/2198
f 2194/2336/2194 2205/2347/2205 2204/2346/2204
f 2200/2342/2200 2194/2336/2194 2204/2346/2204
f 2182/2322/2182 1991/2127/1991 1989/2125/1989
f 2204/2346/2204 2205/2347/2205 2183/2323/2183
f 1989/2125/1989 1958/2091/1958 2182/2322/2182
f 2202/2344/2202 2194/2336/2194 2198/2340/2198
f 2205/2347/2205 2184/2324/2184 2183/2323/2183
f 1958/2091/1958 2164/2300/2164 2182/2322/2182
f 2185/2325/2185 1991/2127/1991 2182/2322/2182
f 2175/2314/2175 2172/2313/2172 2168/2348/2168
f 2184/2324/2184 1991/2127/1991 2185/2325/2185
f 2170/2308/2170 2177/2317/2177 2181/2321/2181
f 2206/2349/2206 2170/2308/2170 2207/2350/2207
f 2177/2317/2177 2170/2308/2170 2208/2351/2208
f 2175/2314/2175 2168/2348/2168 2209/2352/2209
f 2181/2321/2181 2177/2317/2177 2176/2316/2176
f 2177/2317/2177 2208/2351/2208 2210/2353/2210
f 1993/2129/1993 1991/2127/1991 2211/2354/2211
f 2184/2324/2184 2211/2354/2211 1991/2127/1991
f 2205/2347/2205 2193/2335/2193 2211/2354/2211
f 2165/2302/2165 2167/2304/2167 2174/2312/2174
f 2016/2152/2016 1995/2131/1995 1993/2129/1993
f 2211/2354/2211 2184/2324/2184 2205/2347/2205
f 2205/2347/2205 2194/2336/2194 2193/2335/2193
f 2016/2152/2016 1993/2129/1993 2211/2354/2211
f 2016/2152/2016 2193/2335/2193 2006/2142/2006
f 2211/2354/2211 2193/2335/2193 2016/2152/2016
f 2212/2355/2212 2213/2356/2213 2214/2357/2214
f 2215/2358/2215 2216/2359/2216 2209/2352/2209
f 2217/2360/2217 2218/2361/2218 2212/2355/2212
f 2165/2302/2165 2210/2353/2210 2203/2345/2203
f 2208/2351/2208 2203/2345/2203 2210/2353/2210
f 2210/2353/2210 2165/2302/2165 2174/2312/2174
f 2192/2334/2192 2194/2336/2194 2219/2362/2219
f 2194/2336/2194 2202/2344/2202 2219/2362/2219
f 2220/2363/2220 2219/2362/2219 2208/2351/2208
f 2219/2362/2219 2202/2344/2202 2208/2351/2208
f 2203/2345/2203 2208/2351/2208 2202/2344/2202
f 2208/2351/2208 2170/2308/2170 2220/2363/2220
f 2192/2334/2192 2221/2364/2221 2011/2147/2011
f 2219/2362/2219 2221/2364/2221 2192/2334/2192
f 2177/2317/2177 2210/2353/2210 2174/2312/2174
f 2220/2363/2220 2170/2308/2170 2206/2349/2206
f 2221/2364/2221 2219/2362/2219 2206/2349/2206
f 2219/2362/2219 2220/2363/2220 2206/2349/2206
f 2222/2365/2222 2206/2349/2206 2207/2350/2207
f 2223/2366/2223 2169/2307/2169 2171/2309/2171
f 2224/2367/2224 2222/2365/2222 2207/2350/2207
f 2223/2366/2223 2176/2316/2176 2225/2368/2225
f 2222/2365/2222 2221/2364/2221 2206/2349/2206
f 2171/2309/2171 2176/2316/2176 2223/2366/2223
f 2214/2357/2214 2217/2360/2217 2212/2355/2212
f 2207/2350/2207 2170/2308/2170 2178/2318/2178
f 2226/2369/2226 2209/2352/2209 2216/2359/2216
f 2178/2318/2178 2227/2370/2227 2224/2367/2224
f 2224/2367/2224 2207/2350/2207 2178/2318/2178
f 2226/2369/2226 2216/2359/2216 2228/2371/2228
f 2213/2356/2213 2229/2372/2229 2214/2357/2214
f 2011/2147/2011 2006/2142/2006 2193/2335/2193
f 2230/2373/2230 2214/2357/2214 2231/2374/2231
f 2011/2147/2011 2193/2335/2193 2192/2334/2192
f 2231/2374/2231 2214/2357/2214 2229/2372/2229
f 2232/2375/2232 2229/2372/2229 2233/2376/2233
f 2232/2375/2232 2231/2374/2231 2229/2372/2229
f 2214/2357/2214 2234/2377/2234 2217/2360/2217
f 2011/2147/2011 2221/2364/2221 2235/2378/2235
f 2221/2364/2221 2222/2365/2222 2235/2378/2235
f 2012/2148/2012 2011/2147/2011 2235/2378/2235
f 2235/2378/2235 2222/2365/2222 2025/2161/2025
f 2025/2161/2025 2012/2148/2012 2235/2378/2235
f 2214/2357/2214 2230/2373/2230 2236/2379/2236
f 2214/2357/2214 2236/2379/2236 2234/2377/2234
f 2224/2367/2224 2237/2380/2237 2238/2381/2238
f 2239/2382/2239 2240/2383/2240 2241/2384/2241
f 2222/2365/2222 2238/2381/2238 2025/2161/2025
f 2241/2384/2241 2242/2385/2242 2234/2377/2234
f 2238/2381/2238 2222/2365/2222 2224/2367/2224
f 2209/2352/2209 2168/2348/2168 2215/2358/2215
f 2243/2386/2243 2234/2377/2234 2236/2379/2236
f 2231/2374/2231 2244/2387/2244 2230/2373/2230
f 2228/2371/2228 2236/2379/2236 2230/2373/2230
f 2243/2386/2243 2241/2384/2241 2234/2377/2234
f 2238/2381/2238 2033/2169/2033 2025/2161/2025
f 2244/2387/2244 2228/2371/2228 2230/2373/2230
f 2236/2379/2236 2228/2371/2228 2243/2386/2243
f 2226/2369/2226 2228/2371/2228 2244/2387/2244
f 2243/2386/2243 2228/2371/2228 2216/2359/2216
f 2245/2388/2245 2246/2389/2246 2247/2390/2247
f 2245/2391/2245 2157/2328/2157 2248/2392/2248
f 2196/2338/2196 2158/2294/2158 2157/2293/2157
f 2157/2293/2157 2245/2388/2245 2196/2338/2196
f 2243/2386/2243 2216/2359/2216 2249/2393/2249
f 2245/2391/2245 2248/2392/2248 2250/2394/2250
f 2250/2395/2250 2246/2389/2246 2245/2388/2245
f 2251/2396/2251 2250/2394/2250 2248/2392/2248
f 2252/2397/2252 2253/2398/2253 2251/2396/2251
f 2248/2392/2248 2252/2397/2252 2251/2396/2251
f 2254/2399/2254 2196/2338/2196 2245/2388/2245
f 2166/2303/2166 2197/2339/2197 2254/2399/2254
f 2196/2338/2196 2254/2399/2254 2197/2339/2197
f 2254/2399/2254 2247/2390/2247 2255/2400/2255
f 2256/2401/2256 2257/2402/2257 2250/2403/2250
f 2165/2302/2165 2201/2343/2201 2166/2303/2166
f 2258/2404/2258 2166/2303/2166 2254/2399/2254
f 2255/2400/2255 2258/2404/2258 2254/2399/2254
f 2168/2306/2168 2166/2303/2166 2258/2404/2258
f 2245/2388/2245 2247/2390/2247 2254/2399/2254
f 2215/2358/2215 2259/2405/2259 2260/2406/2260
f 2260/2406/2260 2255/2407/2255 2257/2402/2257
f 2260/2406/2260 2259/2405/2259 2255/2407/2255
f 2216/2359/2216 2260/2406/2260 2261/2408/2261
f 2197/2339/2197 2166/2303/2166 2201/2343/2201
f 2260/2406/2260 2216/2359/2216 2215/2358/2215
f 2255/2400/2255 2247/2390/2247 2246/2389/2246
f 2257/2402/2257 2246/2409/2246 2250/2403/2250
f 2257/2402/2257 2255/2407/2255 2246/2409/2246
f 2255/2407/2255 2259/2405/2259 2258/2410/2258
f 2258/2410/2258 2259/2405/2259 2215/2358/2215
f 2262/2411/2262 2263/2412/2263 2264/2413/2264
f 2256/2414/2256 2250/2394/2250 2263/2412/2263
f 2251/2396/2251 2263/2412/2263 2250/2394/2250
f 2251/2396/2251 2253/2398/2253 2265/2415/2265
f 2265/2415/2265 2264/2413/2264 2263/2412/2263
f 2262/2416/2262 2260/2406/2260 2256/2401/2256
f 2256/2401/2256 2260/2406/2260 2257/2402/2257
f 2263/2412/2263 2251/2396/2251 2265/2415/2265
f 2264/2413/2264 2266/2417/2266 2262/2411/2262
f 2267/2418/2267 2262/2416/2262 2268/2419/2268
f 2261/2408/2261 2262/2416/2262 2267/2418/2267
f 2249/2393/2249 2261/2408/2261 2267/2418/2267
f 2267/2418/2267 2243/2386/2243 2249/2393/2249
f 2262/2411/2262 2256/2414/2256 2263/2412/2263
f 2268/2420/2268 2269/2421/2269 2270/2422/2270
f 2269/2421/2269 2268/2420/2268 2266/2417/2266
f 2240/2383/2240 2268/2419/2268 2270/2423/2270
f 2261/2408/2261 2260/2406/2260 2262/2416/2262
f 2268/2420/2268 2262/2411/2262 2266/2417/2266
f 2243/2386/2243 2267/2418/2267 2241/2384/2241
f 2241/2384/2241 2267/2418/2267 2239/2382/2239
f 2239/2382/2239 2267/2418/2267 2268/2419/2268
f 2266/2417/2266 2264/2413/2264 2265/2415/2265
f 2265/2415/2265 2269/2421/2269 2266/2417/2266
f 2269/2421/2269 2271/2424/2271 2272/2425/2272
f 2268/2419/2268 2240/2383/2240 2239/2382/2239
f 2271/2424/2271 2269/2421/2269 2273/2426/2273
f 2161/2297/2161 1975/2111/1975 2090/2226/2090
f 1967/2102/1967 1975/2111/1975 2161/2297/2161
f 2249/2393/2249 2216/2359/2216 2261/2408/2261
f 2274/2427/2274 2090/2226/2090 2146/2282/2146
f 2274/2427/2274 2161/2297/2161 2090/2226/2090
f 2275/2428/2275 2269/2421/2269 2265/2415/2265
f 2276/2429/2276 2277/2430/2277 2278/2431/2278
f 2276/2429/2276 2278/2431/2278 2233/2376/2233
f 2278/2431/2278 2232/2375/2232 2233/2376/2233
f 2275/2428/2275 2273/2426/2273 2269/2421/2269
f 2279/2432/2279 2138/2274/2138 2280/2433/2280
f 2281/2434/2281 2138/2274/2138 2279/2432/2279
f 2232/2375/2232 2278/2431/2278 2175/2314/2175
f 2244/2387/2244 2231/2374/2231 2226/2369/2226
f 2232/2375/2232 2226/2369/2226 2231/2374/2231
f 2282/2435/2282 2277/2430/2277 2283/2436/2283
f 2278/2431/2278 2277/2430/2277 2175/2314/2175
f 2175/2314/2175 2282/2435/2282 2173/2315/2173
f 2277/2430/2277 2282/2435/2282 2175/2314/2175
f 2146/2282/2146 2139/2275/2139 2281/2434/2281
f 2282/2435/2282 2225/2437/2225 2176/2438/2176
f 2138/2274/2138 2281/2434/2281 2139/2275/2139
f 2175/2314/2175 2226/2369/2226 2232/2375/2232
f 2282/2435/2282 2176/2438/2176 2173/2315/2173
f 2187/2327/2187 2284/2439/2284 2252/2397/2252
f 2248/2392/2248 2157/2328/2157 2252/2397/2252
f 2187/2327/2187 2252/2397/2252 2157/2328/2157
f 2226/2369/2226 2175/2314/2175 2209/2352/2209
f 2186/2329/2186 2285/2440/2285 2187/2327/2187
f 2161/2297/2161 2285/2440/2285 2191/2333/2191
f 2168/2348/2168 2258/2410/2258 2215/2358/2215
f 2285/2440/2285 2161/2297/2161 2274/2427/2274
f 2187/2327/2187 2286/2441/2286 2284/2439/2284
f 2191/2333/2191 2285/2440/2285 2186/2329/2186
f 2253/2398/2253 2252/2397/2252 2284/2439/2284
f 2285/2440/2285 2274/2427/2274 2286/2441/2286
f 2287/2442/2287 2286/2441/2286 2274/2427/2274
f 2287/2442/2287 2284/2439/2284 2286/2441/2286
f 2286/2441/2286 2187/2327/2187 2285/2440/2285
f 2288/2443/2288 2287/2442/2287 2274/2427/2274
f 2289/2444/2289 2274/2427/2274 2146/2282/2146
f 2290/2445/2290 2253/2398/2253 2284/2439/2284
f 2275/2428/2275 2253/2398/2253 2290/2445/2290
f 2290/2445/2290 2284/2439/2284 2288/2443/2288
f 2288/2443/2288 2274/2427/2274 2289/2444/2289
f 2291/2446/2291 2288/2443/2288 2289/2444/2289
f 2275/2428/2275 2265/2415/2265 2253/2398/2253
f 2291/2446/2291 2290/2445/2290 2288/2443/2288
f 2275/2428/2275 2292/2447/2292 2273/2426/2273
f 2289/2444/2289 2281/2434/2281 2291/2446/2291
f 2290/2445/2290 2292/2447/2292 2275/2428/2275
f 2292/2447/2292 2290/2445/2290 2291/2446/2291
f 2293/2448/2293 2292/2447/2292 2291/2446/2291
f 2291/2446/2291 2281/2434/2281 2293/2448/2293
f 2288/2443/2288 2284/2439/2284 2287/2442/2287
f 2281/2434/2281 2289/2444/2289 2146/2282/2146
f 2006/2142/2006 2005/2141/2005 2016/2152/2016
f 2294/2449/2294 2295/2450/2295 2296/2451/2296
f 2295/2450/2295 2297/2452/2297 2296/2451/2296
f 2298/2453/2298 2299/2454/2299 2294/2449/2294
f 2300/2455/2300 2301/2456/2301 2302/2457/2302
f 2169/2307/2169 2303/2458/2303 2300/2455/2300
f 2302/2457/2302 2169/2307/2169 2300/2455/2300
f 2303/2458/2303 2169/2307/2169 2223/2366/2223
f 2178/2318/2178 2169/2307/2169 2302/2457/2302
f 2299/2454/2299 2304/2459/2304 2294/2449/2294
f 2300/2455/2300 2303/2458/2303 2305/2460/2305
f 2295/2450/2295 2294/2449/2294 2306/2461/2306
f 2294/2449/2294 2304/2459/2304 2306/2461/2306
f 2224/2367/2224 2227/2370/2227 2307/2462/2307
f 2308/2463/2308 2309/2464/2309 2310/2465/2310
f 2311/2466/2311 2178/2318/2178 2302/2457/2302
f 2227/2370/2227 2178/2318/2178 2311/2466/2311
f 2309/2464/2309 2297/2452/2297 2295/2450/2295
f 1751/1497/1751 2312/2467/2312 1752/1498/1752
f 2313/2468/2313 2295/2450/2295 2314/2469/2314
f 1751/1497/1751 1750/1494/1750 1749/1493/1749
f 2295/2450/2295 2306/2461/2306 2314/2469/2314
f 2315/2470/2315 2316/2471/2316 2317/2472/2317
f 1749/1493/1749 1748/1486/1748 2312/2467/2312
f 2318/2473/2318 2319/2474/2319 2320/2475/2320
f 2321/2476/2321 2237/2380/2237 2307/2462/2307
f 2033/2169/2033 2238/2381/2238 2237/2380/2237
f 2237/2380/2237 2224/2367/2224 2307/2462/2307
f 2318/2473/2318 2312/2467/2312 1601/169/1601
f 2237/2380/2237 2321/2476/2321 2037/2173/2037
f 2310/2465/2310 2309/2464/2309 2313/2468/2313
f 1751/1497/1751 1749/1493/1749 2312/2467/2312
f 1601/169/1601 2312/2467/2312 1748/1486/1748
f 2237/2380/2237 2037/2173/2037 2033/2169/2033
f 2037/2173/2037 2029/2165/2029 2033/2169/2033
f 2227/2370/2227 2311/2466/2311 2322/2477/2322
f 2323/2478/2323 2307/2462/2307 2322/2477/2322
f 2322/2477/2322 2307/2462/2307 2227/2370/2227
f 2322/2477/2322 2324/2479/2324 2323/2478/2323
f 2325/2480/2325 2326/2481/2326 2327/2482/2327
f 2311/2466/2311 2302/2457/2302 2322/2477/2322
f 2328/2483/2328 2302/2457/2302 2301/2456/2301
f 2322/2477/2322 2302/2457/2302 2328/2483/2328
f 2329/2484/2329 2324/2479/2324 2328/2483/2328
f 2324/2479/2324 2325/2480/2325 2327/2482/2327
f 2328/2483/2328 2324/2479/2324 2322/2477/2322
f 2301/2456/2301 2329/2484/2329 2328/2483/2328
f 2330/2485/2330 2331/2486/2331 2332/2487/2332
f 2329/2484/2329 2332/2487/2332 2324/2479/2324
f 2304/2459/2304 2314/2469/2314 2306/2461/2306
f 2331/2486/2331 2330/2485/2330 2333/2488/2333
f 2323/2478/2323 2324/2479/2324 2327/2482/2327
f 2329/2489/2329 2314/2469/2314 2332/2490/2332
f 2332/2490/2332 2314/2469/2314 2304/2459/2304
f 2334/2491/2334 2332/2490/2332 2304/2459/2304
f 2324/2479/2324 2332/2487/2332 2325/2480/2325
f 2332/2487/2332 2334/2492/2334 2330/2485/2330
f 2335/2493/2335 2330/2485/2330 2334/2492/2334
f 2336/2494/2336 2335/2493/2335 2299/2495/2299
f 2330/2485/2330 2335/2493/2335 2337/2496/2337
f 2331/2486/2331 2325/2480/2325 2332/2487/2332
f 2334/2492/2334 2299/2495/2299 2335/2493/2335
f 2313/2468/2313 2309/2464/2309 2295/2450/2295
f 2312/2467/2312 2318/2473/2318 2320/2475/2320
f 2338/2497/2338 2339/2498/2339 2340/2499/2340
f 2341/2500/2341 2342/2501/2342 2310/2465/2310
f 2338/2497/2338 2340/2499/2340 2312/2467/2312
f 2338/2497/2338 2312/2467/2312 2320/2475/2320
f 2307/2462/2307 2323/2478/2323 2321/2476/2321
f 2326/2481/2326 2323/2478/2323 2327/2482/2327
f 2300/2455/2300 2305/2460/2305 2301/2456/2301
f 2326/2481/2326 2046/2182/2046 2321/2476/2321
f 2320/2475/2320 2343/2502/2343 2338/2497/2338
f 2046/2182/2046 2037/2173/2037 2321/2476/2321
f 2046/2182/2046 2326/2481/2326 2325/2480/2325
f 2331/2486/2331 2046/2182/2046 2325/2480/2325
f 2326/2481/2326 2321/2476/2321 2323/2478/2323
f 2047/2183/2047 2046/2182/2046 2331/2486/2331
f 2053/2189/2053 2047/2183/2047 2333/2488/2333
f 2314/2469/2314 2329/2489/2329 2313/2468/2313
f 2319/2474/2319 2343/2502/2343 2320/2475/2320
f 2330/2485/2330 2337/2496/2337 2073/2209/2073
f 2053/2189/2053 2333/2488/2333 2073/2209/2073
f 2053/2189/2053 2057/2193/2057 2054/2190/2054
f 2315/2470/2315 2318/2473/2318 1600/167/1600
f 1601/169/1601 1600/167/1600 2318/2473/2318
f 2053/2189/2053 2073/2209/2073 2057/2193/2057
f 2333/2488/2333 2047/2183/2047 2331/2486/2331
f 1598/156/1598 1599/158/1599 2316/2471/2316
f 2334/2491/2334 2304/2459/2304 2299/2454/2299
f 1598/156/1598 2315/2470/2315 1600/167/1600
f 2316/2471/2316 2315/2470/2315 1598/156/1598
f 2344/2503/2344 2345/2504/2345 2346/2505/2346
f 2343/2502/2343 2319/2474/2319 2344/2503/2344
f 2337/2496/2337 2335/2493/2335 2347/2506/2347
f 2337/2496/2337 2348/2507/2348 2349/2508/2349
f 2315/2470/2315 2319/2474/2319 2318/2473/2318
f 2347/2506/2347 2335/2493/2335 2336/2494/2336
f 2347/2506/2347 2348/2507/2348 2337/2496/2337
f 2330/2485/2330 2073/2209/2073 2333/2488/2333
f 1589/19/1589 1590/21/1590 2347/2506/2347
f 1588/18/1588 2347/2506/2347 2336/2494/2336
f 1595/149/1595 1588/24/1588 2350/2509/2350
f 2350/2509/2350 1588/24/1588 2336/2510/2336
f 2347/2506/2347 1588/18/1588 1589/19/1589
f 2310/2465/2310 2313/2468/2313 2329/2489/2329
f 2310/2465/2310 2329/2489/2329 2341/2500/2341
f 2344/2503/2344 2319/2474/2319 2317/2472/2317
f 2317/2472/2317 2319/2474/2319 2315/2470/2315
f 1590/21/1590 1587/15/1587 2348/2507/2348
f 2317/2472/2317 2345/2504/2345 2344/2503/2344
f 2073/2209/2073 2349/2508/2349 1626/476/1626
f 1590/21/1590 2348/2507/2348 2347/2506/2347
f 2348/2507/2348 1591/42/1591 2349/2508/2349
f 1626/476/1626 2002/2138/2002 2073/2209/2073
f 2337/2496/2337 2349/2508/2349 2073/2209/2073
f 1587/15/1587 1591/42/1591 2348/2507/2348
f 2349/2508/2349 1591/42/1591 1626/476/1626
f 2301/2511/2301 2342/2501/2342 2341/2500/2341
f 1592/44/1592 1626/476/1626 1591/42/1591
f 2351/2512/2351 2352/2513/2352 2342/2501/2342
f 2316/2471/2316 1599/158/1599 2353/2514/2353
f 2305/2515/2305 2342/2501/2342 2301/2511/2301
f 2351/2512/2351 2342/2501/2342 2225/2437/2225
f 1597/154/1597 1594/147/1594 2353/2514/2353
f 2345/2504/2345 2317/2472/2317 2316/2471/2316
f 1599/158/1599 1597/154/1597 2353/2514/2353
f 2345/2504/2345 2316/2471/2316 2353/2514/2353
f 2345/2504/2345 2353/2514/2353 2354/2516/2354
f 2355/2517/2355 2354/2516/2354 2353/2514/2353
f 2356/2518/2356 2350/2509/2350 2336/2510/2336
f 1597/154/1597 1596/151/1596 1594/147/1594
f 2299/2454/2299 2356/2518/2356 2336/2510/2336
f 2355/2517/2355 2353/2514/2353 2298/2453/2298
f 2355/2517/2355 2298/2453/2298 2296/2451/2296
f 1593/146/1593 2350/2509/2350 1594/147/1594
f 1595/149/1595 2350/2509/2350 1593/146/1593
f 2298/2453/2298 1594/147/1594 2350/2509/2350
f 2356/2518/2356 2298/2453/2298 2350/2509/2350
f 2282/2435/2282 2283/2436/2283 2225/2437/2225
f 2342/2501/2342 2305/2515/2305 2225/2437/2225
f 2353/2514/2353 1594/147/1594 2298/2453/2298
f 2223/2366/2223 2225/2368/2225 2303/2458/2303
f 2225/2437/2225 2357/2519/2357 2351/2512/2351
f 2283/2436/2283 2357/2519/2357 2225/2437/2225
f 2277/2430/2277 2357/2519/2357 2283/2436/2283
f 2356/2518/2356 2299/2454/2299 2298/2453/2298
f 2358/2520/2358 2351/2512/2351 2357/2519/2357
f 2225/2368/2225 2305/2460/2305 2303/2458/2303
f 2276/2429/2276 2359/2521/2359 2357/2519/2357
f 2276/2429/2276 2357/2519/2357 2277/2430/2277
f 2360/2522/2360 2359/2521/2359 2276/2429/2276
f 2233/2376/2233 2360/2522/2360 2276/2429/2276
f 2361/2523/2361 2339/2498/2339 2338/2497/2338
f 2294/2449/2294 2296/2451/2296 2298/2453/2298
f 2341/2500/2341 2329/2489/2329 2301/2511/2301
f 2362/2524/2362 2344/2503/2344 2363/2525/2363
f 2364/2526/2364 2361/2523/2361 2365/2527/2365
f 2361/2523/2361 2338/2497/2338 2343/2502/2343
f 2366/2528/2366 2343/2502/2343 2344/2503/2344
f 2362/2524/2362 2367/2529/2367 2366/2528/2366
f 2361/2523/2361 2343/2502/2343 2365/2527/2365
f 2366/2528/2366 2367/2529/2367 2343/2502/2343
f 2229/2372/2229 2368/2530/2368 2233/2376/2233
f 2368/2530/2368 2360/2522/2360 2233/2376/2233
f 2367/2529/2367 2365/2527/2365 2343/2502/2343
f 2368/2530/2368 2229/2372/2229 2213/2356/2213
f 2369/2531/2369 2370/2532/2370 2371/2533/2371
f 2372/2534/2372 2212/2355/2212 2218/2361/2218
f 2367/2529/2367 2370/2532/2370 2365/2527/2365
f 2366/2528/2366 2344/2503/2344 2362/2524/2362
f 2212/2355/2212 2373/2535/2373 2213/2356/2213
f 2213/2356/2213 2373/2535/2373 2368/2530/2368
f 2373/2535/2373 2374/2536/2374 2368/2530/2368
f 2373/2535/2373 2375/2537/2375 2374/2536/2374
f 2373/2535/2373 2212/2355/2212 2372/2534/2372
f 2358/2520/2358 2352/2513/2352 2351/2512/2351
f 2352/2513/2352 2358/2520/2358 2376/2538/2376
f 2352/2513/2352 2310/2465/2310 2342/2501/2342
f 2352/2513/2352 2308/2463/2308 2310/2465/2310
f 2376/2538/2376 2308/2463/2308 2352/2513/2352
f 2359/2521/2359 2360/2522/2360 2376/2538/2376
f 2360/2522/2360 2377/2539/2377 2376/2538/2376
f 2359/2521/2359 2358/2520/2358 2357/2519/2357
f 2378/2540/2378 2379/2541/2379 2360/2522/2360
f 2379/2541/2379 2377/2539/2377 2360/2522/2360
f 2308/2463/2308 2376/2538/2376 2377/2539/2377
f 2379/2541/2379 2380/2542/2380 2377/2539/2377
f 2358/2520/2358 2359/2521/2359 2376/2538/2376
f 2381/2543/2381 2308/2463/2308 2377/2539/2377
f 2308/2463/2308 2381/2543/2381 2309/2464/2309
f 2382/2544/2382 2381/2543/2381 2377/2539/2377
f 2381/2543/2381 2297/2452/2297 2309/2464/2309
f 2382/2544/2382 2296/2451/2296 2297/2452/2297
f 2382/2544/2382 2297/2452/2297 2381/2543/2381
f 2382/2544/2382 2377/2539/2377 2380/2542/2380
f 2296/2451/2296 2382/2544/2382 2346/2505/2346
f 2354/2516/2354 2346/2505/2346 2345/2504/2345
f 2296/2451/2296 2346/2505/2346 2354/2516/2354
f 2368/2530/2368 2378/2540/2378 2360/2522/2360
f 2383/2545/2383 2346/2505/2346 2382/2544/2382
f 2384/2546/2384 2378/2540/2378 2368/2530/2368
f 2385/2547/2385 2378/2540/2378 2384/2546/2384
f 2386/2548/2386 2380/2542/2380 2379/2541/2379
f 2374/2536/2374 2384/2546/2384 2368/2530/2368
f 2387/2549/2387 2384/2546/2384 2374/2536/2374
f 2378/2540/2378 2385/2547/2385 2379/2541/2379
f 2386/2548/2386 2379/2541/2379 2385/2547/2385
f 2355/2517/2355 2296/2451/2296 2354/2516/2354
f 2385/2547/2385 2388/2550/2388 2386/2548/2386
f 2372/2534/2372 2389/2551/2389 2375/2537/2375
f 2374/2536/2374 2375/2537/2375 2389/2551/2389
f 2390/2552/2390 2380/2542/2380 2386/2548/2386
f 2387/2549/2387 2385/2547/2385 2384/2546/2384
f 2369/2531/2369 2388/2550/2388 2387/2549/2387
f 2388/2550/2388 2369/2531/2369 2371/2533/2371
f 2369/2531/2369 2387/2549/2387 2389/2551/2389
f 2388/2550/2388 2385/2547/2385 2387/2549/2387
f 2380/2542/2380 2390/2552/2390 2382/2544/2382
f 2383/2545/2383 2382/2544/2382 2390/2552/2390
f 2387/2549/2387 2374/2536/2374 2389/2551/2389
f 2388/2550/2388 2390/2552/2390 2386/2548/2386
f 2383/2545/2383 2390/2552/2390 2388/2550/2388
f 2388/2550/2388 2367/2529/2367 2383/2545/2383
f 2367/2529/2367 2362/2524/2362 2383/2545/2383
f 2383/2545/2383 2362/2524/2362 2363/2525/2363
f 2363/2525/2363 2344/2503/2344 2346/2505/2346
f 2346/2505/2346 2383/2545/2383 2363/2525/2363
f 2370/2532/2370 2367/2529/2367 2371/2533/2371
f 2388/2550/2388 2371/2533/2371 2367/2529/2367
f 2391/2553/2391 1666/989/1666 1667/990/1667
f 1666/989/1666 2391/2553/2391 2392/2554/2392
f 2393/2555/2393 2394/2556/2394 2395/2557/2395
f 2393/2558/2393 2395/2559/2395 2396/2560/2396
f 2397/2561/2397 2396/2560/2396 2395/2559/2395
f 2398/2562/2398 2393/2558/2393 2396/2560/2396
f 2399/2563/2399 2400/2564/2400 2401/2565/2401
f 2402/2566/2402 2391/2553/2391 2403/2567/2403
f 1672/1035/1672 2403/2567/2403 1671/1034/1671
f 1667/990/1667 2403/2567/2403 2391/2553/2391
f 2404/2568/2404 2405/2569/2405 2403/2567/2403
f 1667/990/1667 1671/1034/1671 2403/2567/2403
f 2403/2567/2403 1672/1035/1672 2404/2568/2404
f 1673/1038/1673 1680/1053/1680 1672/1035/1672
f 2405/2569/2405 1680/1053/1680 2406/2570/2406
f 2404/2568/2404 1672/1035/1672 1680/1053/1680
f 2404/2568/2404 1680/1053/1680 2405/2569/2405
f 2397/2561/2397 2407/2571/2407 2408/2572/2408
f 2409/2573/2409 2397/2561/2397 2408/2572/2408
f 2407/2571/2407 2397/2561/2397 2395/2559/2395
f 1679/1052/1679 2410/2574/2410 1674/1043/1674
f 2396/2560/2396 2397/2561/2397 1685/1074/1685
f 2411/2575/2411 2412/2576/2412 2413/2577/2413
f 1679/1052/1679 1674/1043/1674 1675/1044/1675
f 2410/2574/2410 1685/1074/1685 2397/2561/2397
f 2410/2574/2410 1679/1052/1679 1685/1074/1685
f 2414/2578/2414 2415/2579/2415 2412/2576/2412
f 2415/2579/2415 2413/2577/2413 2412/2576/2412
f 2416/2580/2416 2414/2578/2414 2412/2576/2412
f 2405/2569/2405 2406/2570/2406 2417/2581/2417
f 2398/2562/2398 2396/2560/2396 1685/1074/1685
f 1685/1074/1685 1683/1072/1683 2398/2562/2398
f 2399/2563/2399 1692/1090/1692 2400/2564/2400
f 2411/2575/2411 2418/2582/2418 2419/2583/2419
f 2420/2584/2420 2418/2582/2418 2411/2575/2411
f 2421/2585/2421 2416/2580/2416 2412/2576/2412
f 2422/2586/2422 2419/2583/2419 2418/2582/2418
f 2421/2585/2421 2412/2576/2412 2419/2583/2419
f 1702/1129/1702 1692/1090/1692 2399/2563/2399
f 2423/2587/2423 2401/2565/2401 2400/2564/2400
f 1676/1047/1676 1668/991/1668 1677/1048/1677
f 2412/2576/2412 2411/2575/2411 2419/2583/2419
f 2424/2588/2424 2425/2589/2425 2423/2587/2423
f 2425/2589/2425 2401/2565/2401 2423/2587/2423
f 2400/2564/2400 1697/1124/1697 2426/2590/2426
f 1670/1006/1670 1669/993/1669 1677/1048/1677
f 2420/2584/2420 2427/2591/2427 2428/2592/2428
f 2422/2586/2422 2418/2582/2418 2420/2584/2420
f 1692/1090/1692 1702/1129/1702 1691/1086/1691
f 2401/2565/2401 2425/2589/2425 2429/2593/2429
f 2430/2594/2430 2428/2592/2428 2431/2595/2431
f 2429/2593/2429 2432/2596/2432 2401/2565/2401
f 2431/2595/2431 2428/2592/2428 2427/2591/2427
f 2433/2597/2433 2409/2573/2409 2408/2572/2408
f 2428/2592/2428 2422/2586/2422 2420/2584/2420
f 2431/2595/2431 2434/2598/2434 2430/2594/2430
f 2434/2598/2434 2435/2599/2435 2430/2594/2430
f 2436/2600/2436 2434/2598/2434 2437/2601/2437
f 2438/2602/2438 2434/2598/2434 2439/2603/2439
f 2438/2602/2438 2437/2601/2437 2434/2598/2434
f 2428/2592/2428 2430/2594/2430 2435/2599/2435
f 2392/2554/2392 2440/2604/2440 1668/991/1668
f 2392/2554/2392 1668/991/1668 1666/989/1666
f 1677/1048/1677 2440/2604/2440 1670/1006/1670
f 2402/2566/2402 2441/2605/2441 2392/2554/2392
f 1677/1048/1677 1668/991/1668 2440/2604/2440
f 2442/2606/2442 1670/1049/1670 2440/2607/2440
f 2392/2554/2392 2391/2553/2391 2402/2566/2402
f 2443/2608/2443 2444/2609/2444 2445/2610/2445
f 2445/2610/2445 2444/2609/2444 2438/2602/2438
f 2441/2605/2441 2440/2604/2440 2392/2554/2392
f 2441/2611/2441 2446/2612/2446 2447/2613/2447
f 2444/2609/2444 2437/2601/2437 2438/2602/2438
f 2447/2613/2447 2448/2614/2448 2440/2607/2440
f 2442/2606/2442 2440/2607/2440 2448/2614/2448
f 2439/2603/2439 2445/2610/2445 2438/2602/2438
f 2440/2607/2440 2441/2611/2441 2447/2613/2447
f 2449/2615/2449 1678/1050/1678 2442/2606/2442
f 1678/1050/1678 2449/2615/2449 1682/2616/1682
f 2450/2617/2450 1682/2616/1682 2449/2615/2449
f 2442/2606/2442 1678/1050/1678 1670/1049/1670
f 1682/2616/1682 2450/2617/2450 2451/2618/2451
f 1681/1059/1681 1682/1068/1682 2451/2619/2451
f 1702/1129/1702 2399/2563/2399 2452/2620/2452
f 2442/2606/2442 2453/2621/2453 2449/2615/2449
f 2454/2622/2454 2453/2621/2453 2442/2606/2442
f 2455/2623/2455 2409/2573/2409 2433/2597/2433
f 2417/2581/2417 2406/2570/2406 2433/2597/2433
f 1674/1043/1674 2410/2574/2410 2409/2573/2409
f 2456/2624/2456 2457/2625/2457 2458/2626/2458
f 2443/2608/2443 2457/2625/2457 2456/2624/2456
f 2457/2625/2457 2443/2608/2443 2445/2610/2445
f 2459/2627/2459 2456/2624/2456 2458/2626/2458
f 2460/2628/2460 2459/2627/2459 2458/2626/2458
f 2460/2628/2460 2461/2629/2461 2462/2630/2462
f 1680/1053/1680 2455/2623/2455 2406/2570/2406
f 2463/2631/2463 2403/2567/2403 2417/2581/2417
f 2409/2573/2409 2455/2623/2455 1674/1043/1674
f 2429/2593/2429 2425/2589/2425 2464/2632/2464
f 2403/2567/2403 2405/2569/2405 2417/2581/2417
f 2462/2630/2462 2459/2627/2459 2460/2628/2460
f 2462/2630/2462 2465/2633/2465 2459/2627/2459
f 2424/2634/2424 2462/2630/2462 2464/2635/2464
f 2464/2632/2464 2425/2589/2425 2424/2588/2424
f 2453/2621/2453 2466/2636/2466 2449/2615/2449
f 2450/2617/2450 2449/2615/2449 2466/2636/2466
f 2406/2570/2406 2455/2623/2455 2433/2597/2433
f 2421/2585/2421 2467/2637/2467 2416/2580/2416
f 2414/2578/2414 2416/2580/2416 2468/2638/2468
f 2442/2606/2442 2448/2614/2448 2454/2622/2454
f 1674/1043/1674 2455/2623/2455 1680/1053/1680
f 2467/2637/2467 2421/2585/2421 2469/2639/2469
f 2467/2637/2467 2468/2638/2468 2416/2580/2416
f 2467/2637/2467 2470/2640/2470 2468/2638/2468
f 2471/2641/2471 2468/2638/2468 2470/2640/2470
f 2467/2637/2467 2469/2639/2469 2472/2642/2472
f 2407/2643/2407 2395/2557/2395 2394/2556/2394
f 2402/2566/2402 2463/2631/2463 2473/2644/2473
f 2441/2605/2441 2402/2566/2402 2473/2644/2473
f 2446/2612/2446 2441/2611/2441 2473/2645/2473
f 2419/2583/2419 2469/2639/2469 2421/2585/2421
f 2409/2573/2409 2410/2574/2410 2397/2561/2397
f 2470/2640/2470 2467/2637/2467 2472/2642/2472
f 2402/2566/2402 2403/2567/2403 2463/2631/2463
f 2474/2646/2474 2470/2640/2470 2475/2647/2475
f 2475/2647/2475 2476/2648/2476 2474/2646/2474
f 2475/2647/2475 2470/2640/2470 2472/2642/2472
f 2477/2649/2477 2419/2583/2419 2422/2586/2422
f 2422/2586/2422 2478/2650/2478 2477/2649/2477
f 2428/2592/2428 2478/2650/2478 2422/2586/2422
f 2478/2650/2478 2428/2592/2428 2435/2599/2435
f 2469/2639/2469 2419/2583/2419 2477/2649/2477
f 2479/2651/2479 2480/2652/2480 2474/2646/2474
f 2481/2653/2481 2477/2649/2477 2482/2654/2482
f 2483/2655/2483 2478/2650/2478 2435/2599/2435
f 2434/2598/2434 2483/2655/2483 2435/2599/2435
f 2484/2656/2484 2482/2654/2482 2478/2650/2478
f 2478/2650/2478 2483/2655/2483 2484/2656/2484
f 2434/2598/2434 2436/2600/2436 2483/2655/2483
f 2485/2657/2485 2484/2656/2484 2483/2655/2483
f 2486/2658/2486 2487/2659/2487 2484/2656/2484
f 2482/2654/2482 2477/2649/2477 2478/2650/2478
f 2488/2660/2488 2485/2657/2485 2436/2600/2436
f 2477/2649/2477 2472/2642/2472 2469/2639/2469
f 2487/2659/2487 2482/2654/2482 2484/2656/2484
f 2481/2653/2481 2475/2647/2475 2472/2642/2472
f 2481/2653/2481 2472/2642/2472 2477/2649/2477
f 2436/2600/2436 2485/2657/2485 2483/2655/2483
f 2482/2654/2482 2489/2661/2489 2481/2653/2481
f 2481/2653/2481 2476/2648/2476 2475/2647/2475
f 2481/2653/2481 2489/2661/2489 2490/2662/2490
f 2474/2646/2474 2476/2648/2476 2479/2651/2479
f 2489/2661/2489 2482/2654/2482 2487/2659/2487
f 2481/2653/2481 2490/2662/2490 2476/2648/2476
f 2490/2662/2490 2489/2661/2489 2491/2663/2491
f 2491/2663/2491 2489/2661/2489 2486/2658/2486
f 2485/2657/2485 2492/2664/2492 2493/2665/2493
f 2486/2658/2486 2489/2661/2489 2487/2659/2487
f 2486/2658/2486 2485/2657/2485 2493/2665/2493
f 2485/2657/2485 2486/2658/2486 2484/2656/2484
f 2494/2666/2494 2491/2663/2491 2495/2667/2495
f 2491/2663/2491 2496/2668/2496 2495/2667/2495
f 2486/2658/2486 2493/2665/2493 2497/2669/2497
f 2491/2663/2491 2497/2669/2497 2496/2668/2496
f 2492/2664/2492 2497/2669/2497 2493/2665/2493
f 2491/2663/2491 2486/2658/2486 2497/2669/2497
f 2498/2670/2498 2400/2564/2400 2426/2590/2426
f 2492/2664/2492 2485/2657/2485 2488/2660/2488
f 2400/2564/2400 2498/2670/2498 2423/2587/2423
f 2479/2651/2479 2476/2648/2476 2499/2671/2499
f 1701/1128/1701 2451/2619/2451 2500/2672/2500
f 2499/2671/2499 2476/2648/2476 2490/2662/2490
f 2479/2651/2479 2501/2673/2501 2480/2652/2480
f 1700/1127/1700 1681/1059/1681 1701/1128/1701
f 2502/2674/2502 2479/2651/2479 2503/2675/2503
f 2479/2651/2479 2502/2674/2502 2501/2673/2501
f 2424/2588/2424 2423/2587/2423 2498/2670/2498
f 2504/2676/2504 2502/2674/2502 2503/2675/2503
f 2502/2674/2502 2504/2676/2504 2505/2677/2505
f 1681/1059/1681 2451/2619/2451 1701/1128/1701
f 2503/2675/2503 2506/2678/2506 2504/2676/2504
f 1696/1123/1696 1698/1125/1698 1699/1126/1699
f 1701/1128/1701 2507/2679/2507 1699/1126/1699
f 2507/2679/2507 1696/1123/1696 1699/1126/1699
f 2508/2680/2508 2451/2618/2451 2466/2636/2466
f 2508/2681/2508 2500/2672/2500 2451/2619/2451
f 2424/2588/2424 2498/2670/2498 2508/2681/2508
f 2450/2617/2450 2466/2636/2466 2451/2618/2451
f 2509/2682/2509 2510/2683/2510 2511/2684/2511
f 2507/2679/2507 2498/2670/2498 2426/2590/2426
f 2508/2681/2508 2498/2670/2498 2507/2679/2507
f 2394/2556/2394 2510/2683/2510 2509/2682/2509
f 2509/2682/2509 2505/2677/2505 2504/2676/2504
f 2394/2556/2394 2509/2682/2509 2407/2643/2407
f 1701/1128/1701 2500/2672/2500 2507/2679/2507
f 2512/2685/2512 2495/2667/2495 2496/2668/2496
f 2512/2685/2512 2496/2668/2496 2513/2686/2513
f 2512/2685/2512 2513/2686/2513 2495/2667/2495
f 2513/2686/2513 2496/2668/2496 2514/2687/2514
f 2499/2671/2499 2506/2678/2506 2479/2651/2479
f 2514/2687/2514 2496/2668/2496 2497/2669/2497
f 2515/2688/2515 2506/2678/2506 2499/2671/2499
f 2499/2671/2499 2494/2666/2494 2516/2689/2516
f 2515/2688/2515 2499/2671/2499 2516/2689/2516
f 2506/2678/2506 2503/2675/2503 2479/2651/2479
f 2515/2688/2515 2517/2690/2517 2506/2678/2506
f 2494/2666/2494 2518/2691/2518 2516/2689/2516
f 2519/2692/2519 2518/2691/2518 2520/2693/2520
f 2495/2667/2495 2513/2686/2513 2518/2691/2518
f 2519/2692/2519 2516/2689/2516 2518/2691/2518
f 2518/2691/2518 2494/2666/2494 2495/2667/2495
f 2490/2662/2490 2494/2666/2494 2499/2671/2499
f 2518/2691/2518 2513/2686/2513 2514/2687/2514
f 2509/2682/2509 2506/2678/2506 2517/2690/2517
f 2516/2689/2516 2517/2690/2517 2515/2688/2515
f 2504/2676/2504 2506/2678/2506 2509/2682/2509
f 2517/2690/2517 2521/2694/2521 2509/2682/2509
f 2490/2662/2490 2491/2663/2491 2494/2666/2494
f 2517/2690/2517 2516/2689/2516 2519/2692/2519
f 2522/2695/2522 2523/2696/2523 2517/2690/2517
f 2522/2695/2522 2517/2690/2517 2519/2692/2519
f 2407/2643/2407 2509/2682/2509 2521/2694/2521
f 2522/2695/2522 2519/2692/2519 2520/2693/2520
f 2407/2643/2407 2521/2694/2521 2408/2697/2408
f 2521/2694/2521 2523/2696/2523 2408/2697/2408
f 2523/2696/2523 2521/2694/2521 2517/2690/2517
f 2433/2698/2433 2408/2697/2408 2523/2696/2523
f 2417/2699/2417 2433/2698/2433 2523/2696/2523
f 2524/2700/2524 2520/2693/2520 2518/2691/2518
f 2514/2687/2514 2525/2701/2525 2526/2702/2526
f 2527/2703/2527 2524/2700/2524 2518/2691/2518
f 2526/2702/2526 2527/2703/2527 2518/2691/2518
f 2528/2704/2528 2463/2705/2463 2522/2695/2522
f 2523/2696/2523 2522/2695/2522 2417/2699/2417
f 2522/2695/2522 2463/2705/2463 2417/2699/2417
f 2527/2703/2527 2528/2704/2528 2524/2700/2524
f 2526/2702/2526 2518/2691/2518 2514/2687/2514
f 2522/2695/2522 2520/2693/2520 2524/2700/2524
f 2527/2703/2527 2446/2612/2446 2528/2704/2528
f 2446/2612/2446 2527/2703/2527 2526/2702/2526
f 2473/2645/2473 2463/2705/2463 2528/2704/2528
f 2524/2700/2524 2528/2704/2528 2522/2695/2522
f 2446/2612/2446 2473/2645/2473 2528/2704/2528
f 2529/2706/2529 2443/2608/2443 2456/2624/2456
f 2443/2608/2443 2529/2706/2529 2444/2609/2444
f 2444/2609/2444 2436/2600/2436 2437/2601/2437
f 2488/2660/2488 2436/2600/2436 2444/2609/2444
f 2529/2706/2529 2530/2707/2530 2488/2660/2488
f 2530/2707/2530 2492/2664/2492 2488/2660/2488
f 2531/2708/2531 2492/2664/2492 2530/2707/2530
f 2532/2709/2532 2533/2710/2533 2530/2707/2530
f 2533/2710/2533 2531/2708/2531 2530/2707/2530
f 2529/2706/2529 2488/2660/2488 2444/2609/2444
f 2456/2624/2456 2465/2633/2465 2529/2706/2529
f 2534/2711/2534 2529/2706/2529 2465/2633/2465
f 2456/2624/2456 2459/2627/2459 2465/2633/2465
f 2535/2712/2535 2536/2713/2536 2465/2633/2465
f 2465/2633/2465 2536/2713/2536 2534/2711/2534
f 2508/2680/2508 2535/2712/2535 2462/2630/2462
f 2462/2630/2462 2535/2712/2535 2465/2633/2465
f 2534/2711/2534 2532/2709/2532 2529/2706/2529
f 2530/2707/2530 2529/2706/2529 2532/2709/2532
f 2508/2680/2508 2462/2630/2462 2424/2634/2424
f 2537/2714/2537 2538/2715/2538 2534/2711/2534
f 2534/2711/2534 2538/2715/2538 2539/2716/2539
f 2532/2709/2532 2534/2711/2534 2539/2716/2539
f 2536/2713/2536 2537/2714/2537 2534/2711/2534
f 2537/2714/2537 2536/2713/2536 2535/2712/2535
f 2508/2680/2508 2466/2636/2466 2537/2714/2537
f 2508/2680/2508 2537/2714/2537 2535/2712/2535
f 2538/2715/2538 2537/2714/2537 2466/2636/2466
f 2540/2717/2540 2533/2710/2533 2532/2709/2532
f 2533/2710/2533 2497/2669/2497 2531/2708/2531
f 2514/2687/2514 2497/2669/2497 2533/2710/2533
f 2492/2664/2492 2531/2708/2531 2497/2669/2497
f 2539/2716/2539 2540/2717/2540 2532/2709/2532
f 2514/2687/2514 2533/2710/2533 2541/2718/2541
f 2541/2718/2541 2533/2710/2533 2540/2717/2540
f 2525/2701/2525 2541/2718/2541 2540/2717/2540
f 2542/2719/2542 2525/2701/2525 2540/2717/2540
f 2540/2717/2540 2539/2716/2539 2542/2719/2542
f 2453/2621/2453 2538/2715/2538 2466/2636/2466
f 2539/2716/2539 2538/2715/2538 2453/2621/2453
f 2454/2622/2454 2539/2716/2539 2453/2621/2453
f 2539/2716/2539 2454/2622/2454 2542/2719/2542
f 2525/2701/2525 2514/2687/2514 2541/2718/2541
f 2526/2702/2526 2525/2701/2525 2543/2720/2543
f 2543/2720/2543 2525/2701/2525 2542/2719/2542
f 2543/2720/2543 2542/2719/2542 2447/2613/2447
f 2543/2720/2543 2446/2612/2446 2526/2702/2526
f 2542/2719/2542 2454/2622/2454 2544/2721/2544
f 2447/2613/2447 2446/2612/2446 2543/2720/2543
f 2542/2719/2542 2544/2721/2544 2447/2613/2447
f 2447/2613/2447 2544/2721/2544 2448/2614/2448
f 2500/2672/2500 2508/2681/2508 2507/2679/2507
f 1696/1123/1696 2507/2679/2507 2426/2590/2426
f 2454/2622/2454 2448/2614/2448 2544/2721/2544
f 1697/1124/1697 1696/1123/1696 2426/2590/2426
f 1692/1090/1692 1695/1121/1695 2400/2564/2400
f 2400/2564/2400 1695/1121/1695 1697/1124/1697
f 2545/2722/2545 2546/2723/2546 2547/2724/2547
f 2547/2724/2547 2548/2725/2548 2545/2722/2545
f 2549/2726/2549 2546/2723/2546 2545/2722/2545
f 2548/2725/2548 2547/2724/2547 2550/2727/2550
f 2550/2727/2550 2551/2728/2551 2548/2725/2548
f 2401/2565/2401 2552/2729/2552 2399/2563/2399
f 2432/2596/2432 2552/2729/2552 2401/2565/2401
f 2553/2730/2553 2551/2728/2551 2550/2727/2550
f 2554/2731/2554 2551/2728/2551 2553/2730/2553
f 2452/2620/2452 1704/1138/1704 1702/1129/1702
f 2452/2620/2452 2399/2563/2399 2552/2729/2552
f 2555/2732/2555 2552/2729/2552 2432/2596/2432
f 2552/2729/2552 2555/2732/2555 2452/2620/2452
f 2452/2620/2452 2555/2732/2555 1707/1141/1707
f 2556/2733/2556 2557/2734/2557 2429/2593/2429
f 2429/2593/2429 2557/2734/2557 2432/2596/2432
f 2557/2734/2557 2555/2732/2555 2432/2596/2432
f 2558/2735/2558 2557/2734/2557 2559/2736/2559
f 1705/1139/1705 1704/1138/1704 2452/2620/2452
f 1707/1141/1707 1705/1139/1705 2452/2620/2452
f 1704/1138/1704 1705/1139/1705 1703/1136/1703
f 1706/1140/1706 1705/1139/1705 1707/1141/1707
f 2560/2737/2560 2434/2598/2434 2561/2738/2561
f 2434/2598/2434 2560/2737/2560 2439/2603/2439
f 2562/2739/2562 1708/1142/1708 1707/1141/1707
f 2431/2595/2431 2561/2738/2561 2434/2598/2434
f 2563/2740/2563 2564/2741/2564 2565/2742/2565
f 2566/2743/2566 2567/2744/2567 2568/2745/2568
f 2564/2741/2564 2566/2743/2566 2565/2742/2565
f 2568/2745/2568 2565/2742/2565 2566/2743/2566
f 2569/2746/2569 2570/2747/2570 2571/2748/2571
f 2562/2739/2562 1707/1141/1707 2555/2732/2555
f 2566/2743/2566 2572/2749/2572 2567/2744/2567
f 1708/1142/1708 1711/1148/1711 1709/1144/1709
f 2573/2750/2573 2572/2749/2572 2574/2751/2574
f 2566/2743/2566 2575/2752/2575 2572/2749/2572
f 2572/2749/2572 2575/2752/2575 2574/2751/2574
f 2575/2752/2575 2566/2743/2566 2576/2753/2576
f 2564/2741/2564 2576/2753/2576 2566/2743/2566
f 2439/2603/2439 2560/2737/2560 2577/2754/2577
f 2561/2738/2561 2577/2754/2577 2560/2737/2560
f 2578/2755/2578 2575/2752/2575 2576/2753/2576
f 2558/2735/2558 2579/2756/2579 2557/2734/2557
f 2579/2756/2579 2558/2735/2558 2580/2757/2580
f 2580/2757/2580 2581/2758/2581 2579/2756/2579
f 2557/2734/2557 2579/2756/2579 2555/2732/2555
f 2562/2739/2562 2555/2732/2555 2579/2756/2579
f 1708/1142/1708 2562/2739/2562 1712/1156/1712
f 2431/2595/2431 2427/2591/2427 2582/2759/2582
f 2562/2739/2562 2579/2756/2579 2581/2758/2581
f 2583/2760/2583 2562/2739/2562 2581/2758/2581
f 2583/2760/2583 1712/1156/1712 2562/2739/2562
f 2431/2595/2431 2582/2759/2582 2561/2738/2561
f 2582/2759/2582 2584/2761/2584 2577/2754/2577
f 2585/2762/2585 2586/2763/2586 2587/2764/2587
f 2585/2762/2585 2587/2764/2587 2563/2740/2563
f 2584/2761/2584 2582/2759/2582 2588/2765/2588
f 2561/2738/2561 2582/2759/2582 2577/2754/2577
f 2589/2766/2589 2590/2767/2590 2581/2758/2581
f 2563/2740/2563 2591/2768/2591 2564/2741/2564
f 2591/2768/2591 2563/2740/2563 2592/2769/2592
f 2593/2770/2593 2592/2769/2592 2587/2764/2587
f 2593/2770/2593 2587/2764/2587 2586/2763/2586
f 2594/2771/2594 2595/2772/2595 2593/2770/2593
f 2563/2740/2563 2587/2764/2587 2592/2769/2592
f 2596/2773/2596 2595/2772/2595 2594/2771/2594
f 2564/2741/2564 2591/2768/2591 2597/2774/2597
f 2597/2774/2597 2578/2755/2578 2564/2741/2564
f 2593/2770/2593 2595/2772/2595 2592/2769/2592
f 2598/2775/2598 2597/2774/2597 2591/2768/2591
f 2598/2775/2598 2591/2768/2591 2592/2769/2592
f 2578/2755/2578 2576/2753/2576 2564/2741/2564
f 2598/2775/2598 2599/2776/2599 2597/2774/2597
f 2597/2774/2597 2599/2776/2599 2578/2755/2578
f 2599/2776/2599 2598/2775/2598 2600/2777/2600
f 2595/2772/2595 2601/2778/2601 2592/2769/2592
f 2592/2769/2592 2601/2778/2601 2602/2779/2602
f 2598/2775/2598 2592/2769/2592 2600/2777/2600
f 2602/2779/2602 2600/2777/2600 2592/2769/2592
f 2603/2780/2603 2600/2777/2600 2602/2779/2602
f 2604/2781/2604 2605/2782/2605 2606/2783/2606
f 2607/2784/2607 2589/2766/2589 2608/2785/2608
f 2609/2786/2609 2605/2782/2605 2604/2781/2604
f 2605/2782/2605 2594/2771/2594 2606/2783/2606
f 2596/2773/2596 2594/2771/2594 2605/2782/2605
f 2584/2761/2584 2588/2765/2588 2610/2787/2610
f 2584/2761/2584 2611/2788/2611 2577/2754/2577
f 1712/1156/1712 2583/2760/2583 2612/2789/2612
f 2581/2758/2581 2590/2767/2590 2583/2760/2583
f 2590/2767/2590 2612/2789/2612 2583/2760/2583
f 2427/2591/2427 2420/2584/2420 2582/2759/2582
f 2590/2767/2590 2613/2790/2613 2612/2789/2612
f 2614/2791/2614 2571/2748/2571 2615/2792/2615
f 2611/2788/2611 2548/2725/2548 2551/2728/2551
f 2596/2773/2596 2605/2782/2605 2616/2793/2616
f 2617/2794/2617 2616/2793/2616 2618/2795/2618
f 2616/2793/2616 2605/2782/2605 2618/2795/2618
f 2617/2794/2617 2619/2796/2619 2616/2793/2616
f 2620/2797/2620 2619/2798/2619 2617/2799/2617
f 2621/2800/2621 2619/2798/2619 2620/2797/2620
f 2622/2801/2622 2620/2797/2620 2623/2802/2623
f 2623/2802/2623 2624/2803/2624 2622/2801/2622
f 2622/2801/2622 2621/2800/2621 2620/2797/2620
f 2621/2800/2621 2622/2801/2622 2625/2804/2625
f 2616/2793/2616 2619/2796/2619 2614/2791/2614
f 2625/2804/2625 2622/2801/2622 2624/2803/2624
f 2614/2791/2614 2615/2792/2615 2616/2793/2616
f 2619/2798/2619 2621/2800/2621 2614/2805/2614
f 2626/2806/2626 2602/2779/2602 2601/2778/2601
f 2601/2778/2601 2595/2772/2595 2596/2773/2596
f 2627/2807/2627 2601/2778/2601 2616/2793/2616
f 2627/2807/2627 2616/2793/2616 2615/2792/2615
f 2571/2748/2571 2627/2807/2627 2615/2792/2615
f 2601/2778/2601 2596/2773/2596 2616/2793/2616
f 2627/2807/2627 2626/2806/2626 2601/2778/2601
f 2602/2779/2602 2626/2806/2626 2549/2726/2549
f 2626/2806/2626 2627/2807/2627 2549/2726/2549
f 2570/2747/2570 2627/2807/2627 2571/2748/2571
f 2551/2728/2551 2577/2754/2577 2611/2788/2611
f 2570/2747/2570 2549/2726/2549 2627/2807/2627
f 2608/2785/2608 2628/2808/2628 2607/2784/2607
f 2608/2785/2608 2625/2804/2625 2628/2808/2628
f 2621/2800/2621 2629/2809/2629 2614/2805/2614
f 2630/2810/2630 2629/2809/2629 2621/2800/2621
f 2569/2811/2569 2571/2812/2571 2629/2809/2629
f 2629/2809/2629 2571/2812/2571 2614/2805/2614
f 2631/2813/2631 2569/2811/2569 2629/2809/2629
f 2629/2809/2629 2589/2766/2589 2631/2813/2631
f 2621/2800/2621 2625/2804/2625 2630/2810/2630
f 2625/2804/2625 2608/2785/2608 2630/2810/2630
f 2629/2809/2629 2608/2785/2608 2589/2766/2589
f 2629/2809/2629 2630/2810/2630 2608/2785/2608
f 2613/2790/2613 2590/2767/2590 2607/2784/2607
f 2589/2766/2589 2607/2784/2607 2590/2767/2590
f 2607/2784/2607 2632/2814/2632 2613/2790/2613
f 2633/2815/2633 2545/2722/2545 2548/2725/2548
f 1721/1199/1721 1722/1200/1722 2612/2789/2612
f 1712/1156/1712 2612/2789/2612 1722/1200/1722
f 1721/1199/1721 2612/2789/2612 1720/1198/1720
f 2611/2788/2611 2633/2815/2633 2548/2725/2548
f 2464/2635/2464 2462/2630/2462 2556/2816/2556
f 2461/2629/2461 2556/2816/2556 2462/2630/2462
f 2464/2632/2464 2556/2733/2556 2429/2593/2429
f 2633/2815/2633 2634/2817/2634 2635/2818/2635
f 2611/2788/2611 2584/2761/2584 2610/2787/2610
f 2458/2626/2458 2636/2819/2636 2460/2628/2460
f 2458/2626/2458 2457/2625/2457 2637/2820/2637
f 2445/2610/2445 2638/2821/2638 2457/2625/2457
f 2556/2733/2556 2559/2736/2559 2557/2734/2557
f 2634/2817/2634 2611/2788/2611 2610/2787/2610
f 2559/2736/2559 2639/2822/2639 2558/2735/2558
f 2556/2816/2556 2461/2629/2461 2636/2819/2636
f 2556/2816/2556 2636/2819/2636 2559/2823/2559
f 2461/2629/2461 2460/2628/2460 2636/2819/2636
f 2640/2824/2640 2639/2822/2639 2559/2736/2559
f 2637/2820/2637 2641/2825/2641 2636/2819/2636
f 2637/2820/2637 2636/2819/2636 2458/2626/2458
f 2639/2822/2639 2640/2824/2640 2642/2826/2642
f 2611/2788/2611 2634/2817/2634 2633/2815/2633
f 2636/2819/2636 2643/2827/2643 2559/2823/2559
f 2644/2828/2644 2637/2820/2637 2457/2625/2457
f 2553/2730/2553 2641/2825/2641 2644/2828/2644
f 2641/2825/2641 2637/2820/2637 2644/2828/2644
f 2634/2817/2634 2645/2829/2645 2635/2818/2635
f 2646/2830/2646 1715/1184/1715 1717/1188/1717
f 2634/2817/2634 2610/2787/2610 2645/2829/2645
f 2647/2831/2647 2646/2830/2646 2648/2832/2648
f 1719/1195/1719 2648/2832/2648 2649/2833/2649
f 2648/2832/2648 2646/2830/2646 2649/2833/2649
f 1715/1184/1715 1713/1181/1713 1717/1188/1717
f 1716/1187/1716 2649/2833/2649 1717/1188/1717
f 2646/2830/2646 1717/1188/1717 2649/2833/2649
f 1716/1187/1716 1718/1192/1718 2649/2833/2649
f 1719/1195/1719 2649/2833/2649 1718/1192/1718
f 1719/1195/1719 1720/1198/1720 2650/2834/2650
f 2648/2832/2648 1719/1195/1719 2650/2834/2650
f 1720/1198/1720 2612/2789/2612 2650/2834/2650
f 2559/2823/2559 2643/2827/2643 2640/2835/2640
f 2651/2836/2651 2643/2827/2643 2636/2819/2636
f 2641/2825/2641 2651/2836/2651 2636/2819/2636
f 2644/2828/2644 2638/2821/2638 2553/2730/2553
f 2652/2837/2652 2651/2836/2651 2641/2825/2641
f 2457/2625/2457 2638/2821/2638 2644/2828/2644
f 2653/2838/2653 2445/2610/2445 2439/2603/2439
f 2654/2839/2654 2610/2787/2610 2655/2840/2655
f 2588/2765/2588 2655/2840/2655 2610/2787/2610
f 2645/2829/2645 2610/2787/2610 2656/2841/2656
f 2638/2821/2638 2445/2610/2445 2653/2838/2653
f 2653/2838/2653 2554/2731/2554 2638/2821/2638
f 2553/2730/2553 2638/2821/2638 2554/2731/2554
f 2653/2838/2653 2577/2754/2577 2554/2731/2554
f 2551/2728/2551 2554/2731/2554 2577/2754/2577
f 2439/2603/2439 2577/2754/2577 2653/2838/2653
f 2656/2841/2656 2610/2787/2610 2654/2839/2654
f 2657/2842/2657 2656/2841/2656 2654/2839/2654
f 2639/2822/2639 2642/2826/2642 2658/2843/2658
f 2642/2826/2642 2659/2844/2659 2658/2843/2658
f 2660/2845/2660 2659/2844/2659 2642/2826/2642
f 2558/2735/2558 2639/2822/2639 2658/2843/2658
f 2654/2839/2654 2661/2846/2661 2657/2842/2657
f 2558/2735/2558 2658/2843/2658 2580/2757/2580
f 2545/2722/2545 2662/2847/2662 2549/2726/2549
f 2647/2831/2647 2624/2803/2624 2663/2848/2663
f 2545/2722/2545 2633/2815/2633 2662/2847/2662
f 2633/2815/2633 2635/2818/2635 2664/2849/2664
f 2624/2803/2624 2647/2831/2647 2648/2832/2648
f 2628/2808/2628 2665/2850/2665 2632/2814/2632
f 2665/2850/2665 2650/2834/2650 2632/2814/2632
f 2648/2832/2648 2665/2850/2665 2624/2803/2624
f 2650/2834/2650 2665/2850/2665 2648/2832/2648
f 2628/2808/2628 2624/2803/2624 2665/2850/2665
f 2625/2804/2625 2624/2803/2624 2628/2808/2628
f 2658/2843/2658 2589/2766/2589 2581/2758/2581
f 2628/2808/2628 2632/2814/2632 2607/2784/2607
f 2664/2849/2664 2662/2847/2662 2633/2815/2633
f 2612/2789/2612 2613/2790/2613 2650/2834/2650
f 2642/2826/2642 2640/2824/2640 2660/2845/2660
f 2580/2757/2580 2658/2843/2658 2581/2758/2581
f 2643/2827/2643 2651/2836/2651 2660/2851/2660
f 2640/2835/2640 2643/2827/2643 2660/2851/2660
f 2651/2836/2651 2666/2852/2666 2660/2851/2660
f 2666/2852/2666 2651/2836/2651 2652/2837/2652
f 2652/2837/2652 2553/2730/2553 2667/2853/2667
f 2659/2844/2659 2660/2845/2660 2666/2854/2666
f 2668/2855/2668 2659/2844/2659 2667/2856/2667
f 2659/2844/2659 2666/2854/2666 2667/2856/2667
f 2667/2853/2667 2666/2852/2666 2652/2837/2652
f 2613/2790/2613 2632/2814/2632 2650/2834/2650
f 2652/2837/2652 2641/2825/2641 2553/2730/2553
f 2553/2730/2553 2550/2727/2550 2667/2853/2667
f 2550/2727/2550 2547/2724/2547 2667/2853/2667
f 2668/2855/2668 2658/2843/2658 2659/2844/2659
f 2669/2857/2669 2574/2751/2574 2575/2752/2575
f 2658/2843/2658 2668/2855/2668 2589/2766/2589
f 2670/2858/2670 2574/2751/2574 2669/2857/2669
f 2668/2855/2668 2631/2813/2631 2589/2766/2589
f 2549/2726/2549 2662/2847/2662 2603/2780/2603
f 2671/2859/2671 2574/2751/2574 2670/2858/2670
f 2669/2857/2669 2672/2860/2672 2670/2858/2670
f 2672/2860/2672 2669/2857/2669 2673/2861/2673
f 2672/2860/2672 2674/2862/2674 2670/2858/2670
f 2673/2861/2673 2669/2857/2669 2675/2863/2675
f 2662/2847/2662 2600/2777/2600 2603/2780/2603
f 2673/2861/2673 2674/2862/2674 2672/2860/2672
f 2676/2864/2676 2674/2862/2674 2673/2861/2673
f 2657/2842/2657 2669/2857/2669 2575/2752/2575
f 2675/2863/2675 2669/2857/2669 2661/2846/2661
f 2578/2755/2578 2657/2842/2657 2575/2752/2575
f 2661/2846/2661 2669/2857/2669 2657/2842/2657
f 2673/2861/2673 2675/2863/2675 2677/2865/2677
f 2675/2863/2675 2661/2846/2661 2655/2840/2655
f 2661/2846/2661 2654/2839/2654 2655/2840/2655
f 2667/2853/2667 2547/2724/2547 2570/2747/2570
f 2678/2866/2678 2679/2867/2679 2676/2864/2676
f 2676/2864/2676 2673/2861/2673 2680/2868/2680
f 2680/2868/2680 2681/2869/2681 2676/2864/2676
f 2680/2868/2680 2673/2861/2673 2677/2865/2677
f 2549/2726/2549 2603/2780/2603 2602/2779/2602
f 2681/2869/2681 2680/2868/2680 2682/2870/2682
f 2662/2847/2662 2664/2849/2664 2600/2777/2600
f 2682/2870/2682 2678/2866/2678 2676/2864/2676
f 2681/2869/2681 2682/2870/2682 2676/2864/2676
f 2680/2868/2680 2677/2865/2677 2413/2577/2413
f 2413/2577/2413 2682/2870/2682 2680/2868/2680
f 2668/2855/2668 2667/2856/2667 2683/2871/2683
f 2570/2747/2570 2683/2872/2683 2667/2853/2667
f 2683/2871/2683 2631/2813/2631 2668/2855/2668
f 2569/2811/2569 2631/2813/2631 2683/2871/2683
f 2635/2818/2635 2645/2829/2645 2664/2849/2664
f 2675/2863/2675 2655/2840/2655 2677/2865/2677
f 2655/2840/2655 2684/2873/2684 2677/2865/2677
f 2582/2759/2582 2684/2873/2684 2588/2765/2588
f 2685/2874/2685 2677/2865/2677 2684/2873/2684
f 2684/2873/2684 2582/2759/2582 2420/2584/2420
f 2655/2840/2655 2588/2765/2588 2684/2873/2684
f 2411/2575/2411 2413/2577/2413 2677/2865/2677
f 2677/2865/2677 2685/2874/2685 2411/2575/2411
f 2685/2874/2685 2684/2873/2684 2420/2584/2420
f 2683/2872/2683 2570/2747/2570 2569/2746/2569
f 2420/2584/2420 2411/2575/2411 2685/2874/2685
f 2546/2723/2546 2570/2747/2570 2547/2724/2547
f 2599/2776/2599 2686/2875/2686 2578/2755/2578
f 2546/2723/2546 2549/2726/2549 2570/2747/2570
f 2686/2875/2686 2657/2842/2657 2578/2755/2578
f 2656/2841/2656 2657/2842/2657 2686/2875/2686
f 2664/2849/2664 2599/2776/2599 2600/2777/2600
f 2686/2875/2686 2599/2776/2599 2656/2841/2656
f 2645/2829/2645 2599/2776/2599 2664/2849/2664
f 2656/2841/2656 2599/2776/2599 2645/2829/2645
f 2593/2770/2593 2586/2763/2586 2594/2771/2594
f 1710/1145/1710 1709/1144/1709 1711/1148/1711
f 2687/2876/2687 2688/2877/2688 2689/2878/2689
f 2690/2879/2690 2691/2880/2691 2692/2881/2692
f 2687/2876/2687 2690/2879/2690 2692/2881/2692
f 2693/2882/2693 2688/2877/2688 2692/2881/2692
f 2694/2883/2694 2688/2877/2688 2693/2882/2693
f 2690/2879/2690 2695/2884/2695 2696/2885/2696
f 2697/2886/2697 1781/1722/1781 1823/1944/1823
f 2698/2887/2698 2688/2877/2688 2699/2888/2699
f 2691/2880/2691 2693/2882/2693 2692/2881/2692
f 2697/2886/2697 1782/1723/1782 1781/1722/1781
f 2700/2889/2700 2701/2890/2701 2696/2885/2696
f 2702/2891/2702 2694/2883/2694 2693/2882/2693
f 1782/1723/1782 2697/2886/2697 2703/2892/2703
f 2703/2892/2703 2704/2893/2704 2705/2894/2705
f 2703/2892/2703 2705/2894/2705 2706/2895/2706
f 2701/2890/2701 2691/2880/2691 2690/2879/2690
f 1779/1718/1779 1782/1723/1782 1780/1719/1780
f 1782/1723/1782 2703/2892/2703 2707/2896/2707
f 1780/1719/1780 2707/2896/2707 1813/1869/1813
f 1782/1723/1782 2707/2896/2707 1780/1719/1780
f 2708/2897/2708 2703/2892/2703 2706/2895/2706
f 2703/2892/2703 2708/2897/2708 2707/2896/2707
f 2709/2898/2709 2706/2895/2706 2705/2894/2705
f 2709/2898/2709 2708/2897/2708 2706/2895/2706
f 2710/2899/2710 2707/2900/2707 2711/2901/2711
f 2707/2900/2707 2708/2902/2708 2711/2901/2711
f 2701/2890/2701 2690/2879/2690 2696/2885/2696
f 2712/2903/2712 2691/2880/2691 2701/2890/2701
f 2713/2904/2713 2714/2905/2714 2715/2906/2715
f 2714/2905/2714 2716/2907/2716 2717/2908/2717
f 2712/2903/2712 2701/2890/2701 2718/2909/2718
f 1821/1886/1821 1820/1885/1820 1817/1875/1817
f 1822/1887/1822 2719/2910/2719 1819/1884/1819
f 1819/1884/1819 2720/2911/2720 1820/1885/1820
f 1819/1884/1819 2722/2912/2722 2720/2911/2720
f 1818/1876/1818 2715/2913/2715 1816/1878/1816
f 2722/2912/2722 1819/1884/1819 2719/2910/2719
f 1820/1885/1820 2721/2914/2721 1817/1875/1817
f 1820/1885/1820 2720/2911/2720 2721/2914/2721
f 2717/2908/2717 1806/1848/1806 1815/1872/1815
f 2717/2908/2717 1816/1874/1816 2715/2906/2715
f 1817/1875/1817 2715/2913/2715 1818/1876/1818
f 2721/2914/2721 2715/2913/2715 1817/1875/1817
f 2721/2914/2721 2723/2915/2723 2715/2913/2715
f 1816/1874/1816 2717/2908/2717 1815/1872/1815
f 2714/2905/2714 2717/2908/2717 2715/2906/2715
f 2724/2916/2724 2716/2907/2716 2714/2905/2714
f 2725/2917/2725 2726/2918/2726 2727/2919/2727
f 2728/2920/2728 2725/2917/2725 2727/2919/2727
f 2729/2921/2729 2702/2891/2702 2712/2903/2712
f 2730/2922/2730 2726/2918/2726 2725/2917/2725
f 2731/2923/2731 2727/2919/2727 2732/2924/2732
f 2728/2920/2728 2727/2919/2727 2731/2923/2731
f 2733/2925/2733 2710/2899/2710 2734/2926/2734
f 2735/2927/2735 2699/2888/2699 2694/2883/2694
f 2693/2882/2693 2712/2903/2712 2702/2891/2702
f 2736/2928/2736 2737/2929/2737 2726/2918/2726
f 2738/2930/2738 2737/2929/2737 2736/2928/2736
f 2691/2880/2691 2712/2903/2712 2693/2882/2693
f 2739/2931/2739 2737/2929/2737 2738/2930/2738
f 2736/2928/2736 2726/2918/2726 2730/2922/2730
f 2740/2932/2740 2702/2891/2702 2741/2933/2741
f 2735/2927/2735 2694/2883/2694 2740/2932/2740
f 2730/2922/2730 2725/2917/2725 2742/2934/2742
f 2736/2928/2736 2730/2922/2730 2738/2930/2738
f 2743/2935/2743 2738/2930/2738 2730/2922/2730
f 2725/2917/2725 2728/2920/2728 2742/2934/2742
f 2743/2935/2743 2744/2936/2744 2738/2930/2738
f 2742/2934/2742 2743/2935/2743 2730/2922/2730
f 2728/2920/2728 2745/2937/2745 2742/2934/2742
f 2744/2938/2744 2746/2939/2746 2747/2940/2747
f 2748/2941/2748 2749/2942/2749 2746/2939/2746
f 2750/2943/2750 2751/2944/2751 2752/2945/2752
f 1810/1862/1810 1811/1864/1811 2733/2925/2733
f 1814/1868/1814 1813/1867/1813 2710/2899/2710
f 2707/2900/2707 2710/2899/2710 1813/1867/1813
f 2694/2883/2694 2702/2891/2702 2740/2932/2740
f 2753/2946/2753 2754/2947/2754 2755/2948/2755
f 2710/2899/2710 1811/1864/1811 1814/1868/1814
f 2733/2925/2733 1811/1864/1811 2710/2899/2710
f 2733/2925/2733 1808/1857/1808 1810/1862/1810
f 2688/2877/2688 2756/2949/2756 2689/2878/2689
f 2757/2950/2757 2758/2951/2758 2759/2952/2759
f 2754/2947/2754 2760/2953/2760 2761/2954/2761
f 2762/2955/2762 2759/2952/2759 2758/2951/2758
f 2758/2951/2758 2754/2947/2754 2762/2955/2762
f 2763/2956/2763 2761/2957/2761 2760/2958/2760
f 2763/2956/2763 2760/2958/2760 2764/2959/2764
f 2754/2947/2754 2761/2954/2761 2755/2948/2755
f 2760/2958/2760 2765/2960/2765 2764/2959/2764
f 2758/2951/2758 2760/2953/2760 2754/2947/2754
f 2760/2953/2760 2757/2950/2757 2766/2961/2766
f 2767/2962/2767 2764/2959/2764 2765/2960/2765
f 2760/2953/2760 2758/2951/2758 2757/2950/2757
f 2739/2931/2739 2762/2955/2762 2753/2946/2753
f 2762/2955/2762 2739/2931/2739 2738/2930/2738
f 1808/1857/1808 2751/2944/2751 1809/1858/1809
f 2754/2947/2754 2753/2946/2753 2762/2955/2762
f 2768/2963/2768 2762/2955/2762 2738/2930/2738
f 2769/2964/2769 2762/2955/2762 2768/2963/2768
f 1808/1857/1808 2733/2925/2733 2751/2944/2751
f 1809/1858/1809 2750/2943/2750 1812/1865/1812
f 2751/2944/2751 2750/2943/2750 1809/1858/1809
f 2699/2888/2699 2735/2927/2735 2770/2965/2770
f 2688/2877/2688 2687/2876/2687 2692/2881/2692
f 2733/2925/2733 2771/2966/2771 2751/2944/2751
f 2762/2955/2762 2769/2964/2769 2759/2952/2759
f 1822/1887/1822 1812/1865/1812 2750/2943/2750
f 2752/2945/2752 2722/2912/2722 2719/2910/2719
f 1822/1887/1822 2750/2943/2750 2719/2910/2719
f 2750/2943/2750 2752/2945/2752 2719/2910/2719
f 2757/2950/2757 2772/2967/2772 2773/2968/2773
f 2773/2968/2773 2766/2961/2766 2757/2950/2757
f 2747/2940/2747 2774/2969/2774 2775/2970/2775
f 2776/2971/2776 2768/2972/2768 2774/2969/2774
f 2768/2972/2768 2775/2970/2775 2774/2969/2774
f 2768/2972/2768 2738/2973/2738 2775/2970/2775
f 2777/2974/2777 2776/2971/2776 2774/2969/2774
f 2778/2975/2778 2738/2973/2738 2744/2938/2744
f 2779/2976/2779 2780/2977/2780 2774/2969/2774
f 2749/2942/2749 2779/2976/2779 2747/2940/2747
f 2775/2970/2775 2738/2973/2738 2778/2975/2778
f 2747/2940/2747 2778/2975/2778 2744/2938/2744
f 2749/2942/2749 2747/2940/2747 2746/2939/2746
f 2747/2940/2747 2775/2970/2775 2778/2975/2778
f 2781/2978/2781 2780/2977/2780 2779/2976/2779
f 2749/2942/2749 2781/2978/2781 2779/2976/2779
f 2747/2940/2747 2779/2976/2779 2774/2969/2774
f 2781/2978/2781 2749/2942/2749 2782/2979/2782
f 2782/2979/2782 2783/2980/2783 2781/2978/2781
f 2784/2981/2784 2783/2980/2783 2785/2982/2785
f 2784/2981/2784 2785/2982/2785 2786/2983/2786
f 2784/2981/2784 2780/2977/2780 2781/2978/2781
f 2780/2977/2780 2777/2974/2777 2774/2969/2774
f 2787/2984/2787 2784/2981/2784 2786/2983/2786
f 2783/2980/2783 2784/2981/2784 2781/2978/2781
f 2787/2984/2787 2780/2977/2780 2784/2981/2784
f 2788/2985/2788 2759/2952/2759 2769/2964/2769
f 2776/2986/2776 2769/2964/2769 2768/2963/2768
f 2777/2974/2777 2789/2987/2789 2790/2988/2790
f 2776/2986/2776 2788/2985/2788 2769/2964/2769
f 2788/2985/2788 2757/2950/2757 2759/2952/2759
f 2776/2971/2776 2790/2988/2790 2788/2989/2788
f 2777/2974/2777 2780/2977/2780 2789/2987/2789
f 2791/2990/2791 2790/2988/2790 2789/2987/2789
f 2772/2967/2772 2757/2950/2757 2788/2985/2788
f 2777/2974/2777 2790/2988/2790 2776/2971/2776
f 2788/2989/2788 2792/2991/2792 2772/2992/2772
f 2791/2990/2791 2793/2993/2793 2788/2989/2788
f 2794/2994/2794 2795/2995/2795 2796/2996/2796
f 2791/2990/2791 2788/2989/2788 2790/2988/2790
f 2796/2996/2796 2795/2995/2795 2791/2990/2791
f 2795/2995/2795 2793/2993/2793 2791/2990/2791
f 2797/2997/2797 2796/2996/2796 2787/2984/2787
f 2789/2987/2789 2787/2984/2787 2796/2996/2796
f 2787/2984/2787 2789/2987/2789 2780/2977/2780
f 2786/2983/2786 2797/2997/2797 2787/2984/2787
f 2797/2997/2797 2794/2994/2794 2796/2996/2796
f 2797/2997/2797 2798/2998/2798 2794/2994/2794
f 2799/2999/2799 2786/2983/2786 2785/2982/2785
f 2785/2982/2785 2800/3000/2800 2799/2999/2799
f 2796/2996/2796 2791/2990/2791 2789/2987/2789
f 2801/3001/2801 2802/3002/2802 2803/3003/2803
f 2786/2983/2786 2799/2999/2799 2802/3002/2802
f 2804/3004/2804 2786/2983/2786 2802/3002/2802
f 2797/2997/2797 2786/2983/2786 2804/3004/2804
f 2797/2997/2797 2804/3004/2804 2805/3005/2805
f 2805/3005/2805 2804/3004/2804 2801/3001/2801
f 2805/3005/2805 2801/3001/2801 2806/3006/2806
f 2801/3001/2801 2804/3004/2804 2802/3002/2802
f 2807/3007/2807 2798/2998/2798 2797/2997/2797
f 2805/3005/2805 2807/3007/2807 2797/2997/2797
f 2806/3006/2806 2801/3001/2801 2808/3008/2808
f 2807/3007/2807 2805/3005/2805 2806/3006/2806
f 2809/3009/2809 2808/3008/2808 2801/3001/2801
f 2808/3008/2808 2809/3009/2809 2810/3010/2810
f 2809/3009/2809 2811/3011/2811 2812/3012/2812
f 2813/3013/2813 2807/3007/2807 2806/3006/2806
f 2812/3012/2812 2810/3010/2810 2809/3009/2809
f 2806/3006/2806 2808/3008/2808 2813/3013/2813
f 2814/3014/2814 2808/3008/2808 2812/3012/2812
f 2812/3012/2812 2808/3008/2808 2810/3010/2810
f 2814/3014/2814 2812/3012/2812 2815/3015/2815
f 1806/1848/1806 2717/2908/2717 1793/1770/1793
f 2792/2991/2792 2788/2989/2788 2793/2993/2793
f 2816/3016/2816 2699/2888/2699 2770/2965/2770
f 2816/3016/2816 2817/3017/2817 2699/2888/2699
f 2815/3015/2815 2812/3012/2812 2701/2890/2701
f 2698/2887/2698 2699/2888/2699 2817/3017/2817
f 1793/1770/1793 2716/2907/2716 1791/1766/1791
f 2818/3018/2818 2819/3019/2819 2820/3020/2820
f 2821/3021/2821 2822/3022/2822 2823/3023/2823
f 2824/3024/2824 2716/2907/2716 2825/3025/2825
f 2824/3024/2824 1792/1769/1792 2716/2907/2716
f 1793/1770/1793 2717/2908/2717 2716/2907/2716
f 1792/1769/1792 1791/1766/1791 2716/2907/2716
f 2826/3026/2826 2824/3024/2824 2825/3025/2825
f 2817/3017/2817 2816/3016/2816 2827/3027/2827
f 2828/3028/2828 2711/2901/2711 2829/3029/2829
f 2814/3014/2814 2813/3013/2813 2808/3008/2808
f 2699/2888/2699 2688/2877/2688 2694/2883/2694
f 2756/2949/2756 2698/2887/2698 2817/3017/2817
f 2814/3014/2814 2815/3015/2815 2830/3030/2830
f 1793/1770/1793 1791/1766/1791 1790/1765/1790
f 2709/2898/2709 2831/3031/2831 2823/3032/2823
f 2709/2898/2709 2823/3032/2823 2822/3033/2822
f 2832/3034/2832 2731/2923/2731 2732/2924/2732
f 2832/3034/2832 2833/3035/2833 2731/2923/2731
f 2732/2924/2732 2834/3036/2834 2832/3034/2832
f 2834/3036/2834 2835/3037/2835 2832/3034/2832
f 2821/3021/2821 2823/3023/2823 2836/3038/2836
f 2833/3035/2833 2832/3034/2832 2837/3039/2837
f 2837/3039/2837 2832/3034/2832 2835/3037/2835
f 2837/3039/2837 2835/3037/2835 2838/3040/2838
f 2688/2877/2688 2698/2887/2698 2756/2949/2756
f 2838/3040/2838 2835/3037/2835 2839/3041/2839
f 2838/3040/2838 2840/3042/2840 2837/3039/2837
f 2840/3042/2840 2838/3040/2838 2841/3043/2841
f 2841/3043/2841 2838/3040/2838 2842/3044/2842
f 2843/3045/2843 2840/3042/2840 2841/3043/2841
f 2844/3046/2844 2689/2878/2689 2756/2949/2756
f 2829/3029/2829 2822/3022/2822 2845/3047/2845
f 2841/3043/2841 2842/3044/2842 2843/3045/2843
f 2842/3044/2842 2846/3048/2846 2843/3045/2843
f 2843/3045/2843 2846/3048/2846 2847/3049/2847
f 2708/2902/2708 2822/3022/2822 2829/3029/2829
f 2828/3028/2828 2829/3029/2829 2845/3047/2845
f 2848/3050/2848 2842/3044/2842 2849/3051/2849
f 2842/3044/2842 2848/3050/2848 2846/3048/2846
f 2829/3029/2829 2711/2901/2711 2708/2902/2708
f 2847/3049/2847 2846/3048/2846 2848/3050/2848
f 2822/3033/2822 2708/2897/2708 2709/2898/2709
f 2822/3022/2822 2850/3052/2850 2845/3047/2845
f 2844/3046/2844 2756/2949/2756 2851/3053/2851
f 2848/3050/2848 2852/3054/2852 2847/3049/2847
f 2821/3021/2821 2850/3052/2850 2822/3022/2822
f 2852/3054/2852 2848/3050/2848 2853/3055/2853
f 2853/3055/2853 2848/3050/2848 2849/3051/2849
f 2845/3047/2845 2850/3052/2850 2854/3056/2854
f 2855/3057/2855 2850/3052/2850 2821/3021/2821
f 2853/3055/2853 2826/3026/2826 2825/3025/2825
f 2716/2907/2716 2724/2916/2724 2825/3025/2825
f 2856/3058/2856 2857/3059/2857 2858/3060/2858
f 2853/3055/2853 2825/3025/2825 2724/2916/2724
f 2859/3061/2859 2860/3062/2860 2858/3060/2858
f 2857/3059/2857 2861/3063/2861 2858/3060/2858
f 2861/3063/2861 2862/3064/2862 2858/3060/2858
f 2862/3064/2862 2861/3063/2861 2863/3065/2863
f 2864/3066/2864 2858/3060/2858 2862/3064/2862
f 2856/3058/2856 2858/3060/2858 2860/3062/2860
f 2859/3061/2859 2865/3067/2865 2860/3062/2860
f 2859/3061/2859 2858/3060/2858 2866/3068/2866
f 2867/3069/2867 2868/3070/2868 2869/3071/2869
f 2870/3072/2870 2868/3070/2868 2867/3069/2867
f 2870/3072/2870 2867/3069/2867 2871/3073/2871
f 2833/3035/2833 2745/2937/2745 2731/2923/2731
f 2728/2920/2728 2731/2923/2731 2745/2937/2745
f 2833/3035/2833 2837/3039/2837 2872/3074/2872
f 2873/3075/2873 2874/3076/2874 2872/3074/2872
f 2743/2935/2743 2742/2934/2742 2745/2937/2745
f 2874/3076/2874 2745/2937/2745 2872/3074/2872
f 2743/2935/2743 2745/2937/2745 2875/3077/2875
f 2876/3078/2876 2874/3076/2874 2873/3075/2873
f 2875/3077/2875 2744/2936/2744 2743/2935/2743
f 2875/3079/2875 2877/3080/2877 2744/2938/2744
f 2875/3079/2875 2746/2939/2746 2877/3080/2877
f 2874/3076/2874 2875/3077/2875 2745/2937/2745
f 2749/2942/2749 2748/2941/2748 2782/2979/2782
f 2748/2941/2748 2746/2939/2746 2875/3079/2875
f 2875/3079/2875 2874/3081/2874 2878/3082/2878
f 2748/2941/2748 2875/3079/2875 2878/3082/2878
f 2879/3083/2879 2748/2941/2748 2878/3082/2878
f 2880/3084/2880 2874/3081/2874 2881/3085/2881
f 2878/3082/2878 2874/3081/2874 2880/3084/2880
f 2746/2939/2746 2744/2938/2744 2877/3080/2877
f 2872/3074/2872 2745/2937/2745 2833/3035/2833
f 2882/3086/2882 2782/2979/2782 2879/3083/2879
f 2800/3000/2800 2783/2980/2783 2882/3086/2882
f 2783/2980/2783 2782/2979/2782 2882/3086/2882
f 2883/3087/2883 2800/3000/2800 2882/3086/2882
f 2883/3087/2883 2884/3088/2884 2800/3000/2800
f 2885/3089/2885 2881/3085/2881 2886/3090/2886
f 2878/3082/2878 2880/3084/2880 2879/3083/2879
f 2881/3085/2881 2885/3089/2885 2880/3084/2880
f 2879/3083/2879 2880/3084/2880 2882/3086/2882
f 2885/3089/2885 2882/3086/2882 2880/3084/2880
f 2882/3086/2882 2885/3089/2885 2883/3087/2883
f 2887/3091/2887 2883/3087/2883 2885/3089/2885
f 2782/2979/2782 2748/2941/2748 2879/3083/2879
f 2888/3092/2888 2887/3091/2887 2885/3089/2885
f 2837/3039/2837 2873/3075/2873 2872/3074/2872
f 2884/3088/2884 2883/3087/2883 2887/3091/2887
f 2840/3042/2840 2843/3045/2843 2889/3093/2889
f 2873/3075/2873 2837/3039/2837 2840/3042/2840
f 2889/3093/2889 2873/3075/2873 2840/3042/2840
f 2889/3094/2889 2890/3095/2890 2891/3096/2891
f 2856/3058/2856 2892/3097/2892 2857/3059/2857
f 2892/3097/2892 2856/3058/2856 2893/3098/2893
f 2893/3098/2893 2856/3058/2856 2860/3062/2860
f 2891/3096/2891 2863/3065/2863 2886/3090/2886
f 2857/3059/2857 2863/3065/2863 2861/3063/2861
f 2892/3097/2892 2863/3065/2863 2857/3059/2857
f 2892/3097/2892 2893/3098/2893 2894/3099/2894
f 2863/3065/2863 2892/3097/2892 2886/3090/2886
f 2888/3092/2888 2892/3097/2892 2894/3099/2894
f 2876/3100/2876 2873/3101/2873 2895/3102/2895
f 2895/3102/2895 2886/3090/2886 2874/3081/2874
f 2886/3090/2886 2881/3085/2881 2874/3081/2874
f 2888/3092/2888 2886/3090/2886 2892/3097/2892
f 2895/3102/2895 2873/3101/2873 2891/3096/2891
f 2874/3081/2874 2876/3100/2876 2895/3102/2895
f 2888/3092/2888 2885/3089/2885 2886/3090/2886
f 2891/3096/2891 2873/3101/2873 2889/3094/2889
f 2888/3092/2888 2894/3099/2894 2896/3103/2896
f 2897/3104/2897 2800/3000/2800 2884/3088/2884
f 2898/3105/2898 2899/3106/2899 2900/3107/2900
f 2896/3103/2896 2887/3091/2887 2888/3092/2888
f 2900/3107/2900 2897/3104/2897 2884/3088/2884
f 2895/3102/2895 2891/3096/2891 2886/3090/2886
f 2901/3108/2901 2884/3088/2884 2887/3091/2887
f 2902/3109/2902 2903/3110/2903 2904/3111/2904
f 2884/3088/2884 2901/3108/2901 2900/3107/2900
f 2898/3105/2898 2901/3108/2901 2904/3111/2904
f 2901/3108/2901 2887/3091/2887 2896/3103/2896
f 2901/3108/2901 2898/3105/2898 2900/3107/2900
f 2898/3105/2898 2904/3111/2904 2905/3112/2905
f 2906/3113/2906 2907/3114/2907 2908/3115/2908
f 2903/3110/2903 2908/3115/2908 2907/3114/2907
f 2909/3116/2909 2905/3112/2905 2903/3110/2903
f 2910/3117/2910 2911/3118/2911 2907/3114/2907
f 2909/3116/2909 2898/3105/2898 2905/3112/2905
f 2910/3117/2910 2907/3114/2907 2912/3119/2912
f 2905/3112/2905 2904/3111/2904 2903/3110/2903
f 2911/3118/2911 2909/3116/2909 2907/3114/2907
f 2913/3120/2913 2912/3119/2912 2907/3114/2907
f 2907/3114/2907 2906/3113/2906 2913/3120/2913
f 2893/3098/2893 2860/3062/2860 2914/3121/2914
f 2860/3062/2860 2915/3122/2915 2914/3121/2914
f 2914/3121/2914 2915/3122/2915 2902/3109/2902
f 2916/3123/2916 2915/3122/2915 2865/3067/2865
f 2914/3121/2914 2894/3099/2894 2893/3098/2893
f 2915/3122/2915 2917/3124/2917 2902/3109/2902
f 2915/3122/2915 2860/3062/2860 2865/3067/2865
f 2904/3111/2904 2914/3121/2914 2902/3109/2902
f 2910/3117/2910 2740/2932/2740 2741/2933/2741
f 2918/3125/2918 2865/3067/2865 2859/3061/2859
f 2907/3114/2907 2909/3116/2909 2903/3110/2903
f 2916/3123/2916 2865/3067/2865 2868/3070/2868
f 2869/3071/2869 2865/3067/2865 2918/3125/2918
f 2870/3072/2870 2919/3126/2919 2917/3124/2917
f 2917/3124/2917 2919/3126/2919 2920/3127/2920
f 2921/3128/2921 2920/3127/2920 2919/3126/2919
f 2917/3124/2917 2916/3123/2916 2870/3072/2870
f 2916/3123/2916 2868/3070/2868 2870/3072/2870
f 2920/3127/2920 2902/3109/2902 2917/3124/2917
f 2894/3099/2894 2914/3121/2914 2904/3111/2904
f 2869/3071/2869 2868/3070/2868 2865/3067/2865
f 2896/3103/2896 2894/3099/2894 2901/3108/2901
f 2908/3115/2908 2903/3110/2903 2902/3109/2902
f 2921/3128/2921 2906/3113/2906 2920/3127/2920
f 2901/3108/2901 2894/3099/2894 2904/3111/2904
f 2908/3115/2908 2902/3109/2902 2920/3127/2920
f 2906/3113/2906 2908/3115/2908 2920/3127/2920
f 2921/3128/2921 2913/3120/2913 2906/3113/2906
f 2864/3066/2864 2862/3064/2862 2922/3129/2922
f 2923/3130/2923 2922/3129/2922 2862/3064/2862
f 2924/3131/2924 2925/3132/2925 2864/3066/2864
f 2922/3129/2922 2926/3133/2926 2927/3134/2927
f 2924/3131/2924 2922/3129/2922 2927/3134/2927
f 2924/3131/2924 2864/3066/2864 2922/3129/2922
f 2915/3122/2915 2916/3123/2916 2917/3124/2917
f 2924/3131/2924 2927/3134/2927 2928/3135/2928
f 2928/3135/2928 2925/3132/2925 2924/3131/2924
f 2929/3136/2929 2927/3134/2927 2930/3137/2930
f 2930/3137/2930 2927/3134/2927 2926/3133/2926
f 2929/3136/2929 2931/3138/2931 2932/3139/2932
f 2932/3139/2932 2928/3135/2928 2927/3134/2927
f 2932/3139/2932 2927/3134/2927 2929/3136/2929
f 2934/3140/2934 2928/3135/2928 2932/3139/2932
f 2934/3140/2934 2935/3141/2935 2928/3135/2928
f 2955/3142/2955 2723/2915/2723 2933/3143/2933
f 2934/3140/2934 2932/3139/2932 2722/2912/2722
f 2866/3068/2866 2918/3125/2918 2859/3061/2859
f 2932/3139/2932 2931/3138/2931 2722/2912/2722
f 2858/3060/2858 2864/3066/2864 2866/3068/2866
f 2866/3068/2866 2864/3066/2864 2925/3132/2925
f 2752/2945/2752 2934/3140/2934 2722/2912/2722
f 2936/3144/2936 2866/3068/2866 2937/3145/2937
f 2918/3125/2918 2866/3068/2866 2938/3146/2938
f 2925/3132/2925 2928/3135/2928 2937/3145/2937
f 2866/3068/2866 2925/3132/2925 2937/3145/2937
f 2938/3146/2938 2866/3068/2866 2936/3144/2936
f 2869/3071/2869 2938/3146/2938 2867/3069/2867
f 2939/3147/2939 2940/3148/2940 2941/3149/2941
f 2942/3150/2942 2871/3073/2871 2867/3069/2867
f 2869/3071/2869 2918/3125/2918 2938/3146/2938
f 2941/3149/2941 2867/3069/2867 2938/3146/2938
f 2939/3147/2939 2938/3146/2938 2936/3144/2936
f 2941/3149/2941 2943/3151/2943 2942/3150/2942
f 2928/3135/2928 2944/3152/2944 2936/3144/2936
f 2942/3150/2942 2867/3069/2867 2941/3149/2941
f 2936/3144/2936 2937/3145/2937 2928/3135/2928
f 2941/3149/2941 2854/3056/2854 2943/3151/2943
f 2940/3148/2940 2854/3056/2854 2941/3149/2941
f 2935/3141/2935 2944/3152/2944 2928/3135/2928
f 2945/3153/2945 2939/3147/2939 2944/3152/2944
f 2771/2966/2771 2945/3153/2945 2944/3152/2944
f 2936/3144/2936 2944/3152/2944 2939/3147/2939
f 2944/3152/2944 2935/3141/2935 2752/2945/2752
f 2938/3146/2938 2939/3147/2939 2941/3149/2941
f 2771/2966/2771 2944/3152/2944 2752/2945/2752
f 2935/3141/2935 2934/3140/2934 2752/2945/2752
f 2771/2966/2771 2752/2945/2752 2751/2944/2751
f 2945/3153/2945 2946/3154/2946 2939/3147/2939
f 2946/3154/2946 2945/3153/2945 2947/3155/2947
f 2946/3154/2946 2940/3148/2940 2939/3147/2939
f 2828/3028/2828 2946/3154/2946 2947/3155/2947
f 2940/3148/2940 2946/3154/2946 2828/3028/2828
f 2710/2899/2710 2947/3155/2947 2734/2926/2734
f 2945/3153/2945 2771/2966/2771 2947/3155/2947
f 2947/3155/2947 2733/2925/2733 2734/2926/2734
f 2733/2925/2733 2947/3155/2947 2771/2966/2771
f 2923/3130/2923 2948/3156/2948 2949/3157/2949
f 2828/3028/2828 2947/3155/2947 2711/2901/2711
f 2711/2901/2711 2947/3155/2947 2710/2899/2710
f 2889/3093/2889 2843/3045/2843 2950/3158/2950
f 2889/3094/2889 2951/3159/2951 2948/3156/2948
f 2889/3094/2889 2950/3160/2950 2951/3159/2951
f 2923/3130/2923 2862/3064/2862 2863/3065/2863
f 2952/3161/2952 2950/3158/2950 2847/3049/2847
f 2952/3162/2952 2953/3163/2953 2951/3159/2951
f 2950/3158/2950 2843/3045/2843 2847/3049/2847
f 2954/3164/2954 2949/3157/2949 2948/3156/2948
f 2950/3160/2950 2952/3162/2952 2951/3159/2951
f 2889/3094/2889 2948/3156/2948 2890/3095/2890
f 2951/3159/2951 2953/3163/2953 2954/3164/2954
f 2863/3065/2863 2891/3096/2891 2923/3130/2923
f 2890/3095/2890 2948/3156/2948 2923/3130/2923
f 2951/3159/2951 2954/3164/2954 2948/3156/2948
f 2847/3049/2847 2852/3054/2852 2952/3161/2952
f 2952/3162/2952 2852/3165/2852 2953/3163/2953
f 2930/3137/2930 2926/3133/2926 2954/3164/2954
f 2949/3157/2949 2954/3164/2954 2926/3133/2926
f 2891/3096/2891 2890/3095/2890 2923/3130/2923
f 2926/3133/2926 2922/3129/2922 2949/3157/2949
f 2949/3157/2949 2922/3129/2922 2923/3130/2923
f 2954/3164/2954 2953/3163/2953 2930/3137/2930
f 2955/3142/2955 2929/3136/2929 2930/3137/2930
f 2854/3056/2854 2940/3148/2940 2828/3028/2828
f 2723/2915/2723 2721/2914/2721 2933/3143/2933
f 2724/2916/2724 2713/2904/2713 2852/3054/2852
f 2852/3054/2852 2853/3055/2853 2724/2916/2724
f 2715/2913/2715 2723/2915/2723 2713/3166/2713
f 2956/3167/2956 2955/3142/2955 2953/3163/2953
f 2955/3142/2955 2930/3137/2930 2953/3163/2953
f 2955/3142/2955 2713/3166/2713 2723/2915/2723
f 2714/2905/2714 2713/2904/2713 2724/2916/2724
f 2852/3165/2852 2956/3167/2956 2953/3163/2953
f 2933/3143/2933 2721/2914/2721 2720/2911/2720
f 2713/3166/2713 2955/3142/2955 2956/3167/2956
f 2955/3142/2955 2933/3143/2933 2929/3136/2929
f 2722/2912/2722 2931/3138/2931 2933/3143/2933
f 2933/3143/2933 2931/3138/2931 2929/3136/2929
f 2722/2912/2722 2933/3143/2933 2720/2911/2720
f 2800/3000/2800 2785/2982/2785 2783/2980/2783
f 2900/3107/2900 2802/3002/2802 2897/3104/2897
f 2799/2999/2799 2800/3000/2800 2802/3002/2802
f 2900/3107/2900 2803/3003/2803 2802/3002/2802
f 2852/3165/2852 2713/3166/2713 2956/3167/2956
f 2899/3106/2899 2803/3003/2803 2900/3107/2900
f 2803/3003/2803 2899/3106/2899 2957/3168/2957
f 2899/3106/2899 2911/3118/2911 2957/3168/2957
f 2802/3002/2802 2800/3000/2800 2897/3104/2897
f 2729/2921/2729 2712/2903/2712 2957/3168/2957
f 2957/3168/2957 2911/3118/2911 2729/2921/2729
f 2803/3003/2803 2957/3168/2957 2958/3169/2958
f 2811/3011/2811 2958/3169/2958 2957/3168/2957
f 2718/2909/2718 2811/3011/2811 2957/3168/2957
f 2958/3169/2958 2809/3009/2809 2803/3003/2803
f 2712/2903/2712 2718/2909/2718 2957/3168/2957
f 2729/2921/2729 2911/3118/2911 2910/3117/2910
f 2911/3118/2911 2898/3105/2898 2909/3116/2909
f 2741/2933/2741 2729/2921/2729 2910/3117/2910
f 2809/3009/2809 2801/3001/2801 2803/3003/2803
f 2729/2921/2729 2741/2933/2741 2702/2891/2702
f 2809/3009/2809 2958/3169/2958 2811/3011/2811
f 2911/3118/2911 2899/3106/2899 2898/3105/2898
f 2812/3012/2812 2811/3011/2811 2701/2890/2701
f 2701/2890/2701 2811/3011/2811 2718/2909/2718
f 2690/2879/2690 2687/2876/2687 2695/2884/2695
f 2828/3028/2828 2845/3047/2845 2854/3056/2854
f 2854/3056/2854 2850/3052/2850 2855/3057/2855
f 2959/3170/2959 2960/3171/2960 2961/3172/2961
f 2820/3020/2820 2961/3172/2961 2962/3173/2962
f 2740/2932/2740 2910/3117/2910 2912/3119/2912
f 2735/2927/2735 2740/2932/2740 2963/3174/2963
f 2964/3175/2964 2696/2885/2696 2695/2884/2695
f 2965/3176/2965 2921/3128/2921 2966/3177/2966
f 2740/2932/2740 2912/3119/2912 2963/3174/2963
f 2966/3177/2966 2921/3128/2921 2919/3126/2919
f 2959/3170/2959 2966/3177/2966 2870/3072/2870
f 2966/3177/2966 2959/3170/2959 2965/3176/2965
f 2919/3126/2919 2870/3072/2870 2966/3177/2966
f 2961/3172/2961 2967/3178/2967 2959/3170/2959
f 2965/3176/2965 2959/3170/2959 2967/3178/2967
f 2815/3015/2815 2701/2890/2701 2700/2889/2700
f 2968/3179/2968 2921/3128/2921 2965/3176/2965
f 2969/3180/2969 2965/3176/2965 2967/3178/2967
f 2960/3171/2960 2959/3170/2959 2870/3072/2870
f 2970/3181/2970 2967/3178/2967 2961/3172/2961
f 2969/3180/2969 2967/3178/2967 2970/3181/2970
f 2961/3172/2961 2820/3020/2820 2970/3181/2970
f 2820/3020/2820 2819/3019/2819 2970/3181/2970
f 2969/3180/2969 2970/3181/2970 2819/3019/2819
f 2969/3180/2969 2819/3019/2819 2971/3182/2971
f 2972/3183/2972 2971/3182/2971 2819/3019/2819
f 2818/3018/2818 2972/3183/2972 2819/3019/2819
f 2817/3017/2817 2568/2745/2568 2851/3053/2851
f 2968/3179/2968 2913/3120/2913 2921/3128/2921
f 2973/3184/2973 2913/3120/2913 2968/3179/2968
f 2973/3184/2973 2963/3174/2963 2913/3120/2913
f 2912/3119/2912 2913/3120/2913 2963/3174/2963
f 2974/3185/2974 2963/3174/2963 2973/3184/2973
f 2965/3176/2965 2973/3184/2973 2968/3179/2968
f 2735/2927/2735 2974/3185/2974 2770/2965/2770
f 2975/3186/2975 2770/2965/2770 2974/3185/2974
f 2973/3184/2973 2965/3176/2965 2969/3180/2969
f 2973/3184/2973 2969/3180/2969 2971/3182/2971
f 2975/3186/2975 2974/3185/2974 2973/3184/2973
f 2973/3184/2973 2971/3182/2971 2975/3186/2975
f 2836/3038/2836 2976/3187/2976 2821/3021/2821
f 2975/3186/2975 2816/3016/2816 2770/2965/2770
f 2977/3188/2977 2821/3021/2821 2976/3187/2976
f 2817/3017/2817 2827/3027/2827 2978/3189/2978
f 2870/3072/2870 2979/3190/2979 2960/3171/2960
f 2979/3190/2979 2870/3072/2870 2871/3073/2871
f 2817/3017/2817 2851/3053/2851 2756/2949/2756
f 2980/3191/2980 2981/3192/2981 2962/3173/2962
f 2977/3188/2977 2962/3173/2962 2981/3192/2981
f 2981/3192/2981 2871/3073/2871 2942/3150/2942
f 2735/2927/2735 2963/3174/2963 2974/3185/2974
f 2981/3192/2981 2979/3190/2979 2871/3073/2871
f 2981/3192/2981 2942/3150/2942 2943/3151/2943
f 2855/3057/2855 2981/3192/2981 2943/3151/2943
f 2961/3172/2961 2960/3171/2960 2980/3191/2980
f 2979/3190/2979 2980/3191/2980 2960/3171/2960
f 2981/3192/2981 2980/3191/2980 2979/3190/2979
f 2943/3151/2943 2854/3056/2854 2855/3057/2855
f 2855/3057/2855 2821/3021/2821 2981/3192/2981
f 2981/3192/2981 2821/3021/2821 2977/3188/2977
f 2982/3193/2982 2820/3020/2820 2962/3173/2962
f 2961/3172/2961 2980/3191/2980 2962/3173/2962
f 2977/3188/2977 2982/3193/2982 2962/3173/2962
f 2975/3186/2975 2971/3182/2971 2816/3016/2816
f 2618/2795/2618 2605/2782/2605 2609/2786/2609
f 2620/2797/2620 2983/3194/2983 2623/2802/2623
f 2984/3195/2984 2623/2802/2623 2983/3194/2983
f 2983/3194/2983 2985/3196/2985 2984/3195/2984
f 1715/1184/1715 2646/2830/2646 1785/1755/1785
f 2647/2831/2647 2986/3197/2986 2646/2830/2646
f 2987/3198/2987 2983/3194/2983 2988/3199/2988
f 2985/3196/2985 2983/3194/2983 2987/3198/2987
f 2617/2794/2617 2989/3200/2989 2983/3201/2983
f 2618/2795/2618 2609/2786/2609 2989/3200/2989
f 2990/3202/2990 2991/3203/2991 2992/3204/2992
f 2989/3200/2989 2988/3205/2988 2983/3201/2983
f 2646/2830/2646 2986/3197/2986 1785/1755/1785
f 2663/2848/2663 2986/3197/2986 2647/2831/2647
f 2663/2848/2663 2991/3203/2991 2986/3197/2986
f 2985/3196/2985 2992/3204/2992 2663/2848/2663
f 2993/3206/2993 2816/3016/2816 2971/3182/2971
f 2989/3200/2989 2994/3207/2994 2988/3205/2988
f 2663/2848/2663 2992/3204/2992 2991/3203/2991
f 2989/3200/2989 2609/2786/2609 2994/3207/2994
f 2993/3206/2993 2995/3208/2995 2816/3016/2816
f 2986/3197/2986 2991/3203/2991 2990/3202/2990
f 2996/3209/2996 2986/3197/2986 2990/3202/2990
f 1715/1184/1715 1785/1755/1785 1714/1182/1714
f 2985/3196/2985 2997/3210/2997 2998/3211/2998
f 2999/3212/2999 3000/3213/3000 3001/3214/3001
f 2836/3038/2836 3000/3213/3000 2999/3212/2999
f 2987/3198/2987 2997/3210/2997 2985/3196/2985
f 2836/3038/2836 2999/3212/2999 2976/3187/2976
f 2999/3212/2999 3002/3215/3002 2982/3193/2982
f 2999/3212/2999 2977/3188/2977 2976/3187/2976
f 2999/3212/2999 2982/3193/2982 2977/3188/2977
f 2999/3212/2999 3001/3214/3001 3002/3215/3002
f 3000/3213/3000 3003/3216/3003 3001/3214/3001
f 1784/1753/1784 1785/1755/1785 1786/1758/1786
f 2996/3209/2996 1787/1759/1787 1786/1758/1786
f 2831/3031/2831 3004/3217/3004 2836/3218/2836
f 3000/3213/3000 2836/3038/2836 3005/3219/3005
f 3001/3214/3001 2982/3193/2982 3002/3215/3002
f 2986/3197/2986 2996/3209/2996 1785/1755/1785
f 2996/3209/2996 1786/1758/1786 1785/1755/1785
f 2992/3204/2992 2998/3211/2998 3006/3220/3006
f 2985/3196/2985 2998/3211/2998 2992/3204/2992
f 2992/3204/2992 3006/3220/3006 2990/3202/2990
f 3007/3221/3007 3006/3220/3006 2998/3211/2998
f 2836/3218/2836 2823/3032/2823 2831/3031/2831
f 2831/3031/2831 2709/2898/2709 3008/3222/3008
f 2990/3202/2990 3006/3220/3006 3009/3223/3009
f 3010/3224/3010 2997/3210/2997 2987/3198/2987
f 2705/2894/2705 3008/3222/3008 2709/2898/2709
f 2704/2893/2704 3011/3225/3011 2705/2894/2705
f 3012/3226/3012 3013/3227/3013 3011/3225/3011
f 3013/3227/3013 3008/3222/3008 3011/3225/3011
f 3012/3226/3012 3011/3225/3011 2704/2893/2704
f 3000/3213/3000 3005/3219/3005 3014/3228/3014
f 3011/3225/3011 3008/3222/3008 2705/2894/2705
f 3015/3229/3015 3014/3228/3014 3005/3219/3005
f 3015/3229/3015 3003/3216/3003 3014/3228/3014
f 3005/3230/3005 3016/3231/3016 3017/3232/3017
f 3005/3219/3005 3017/3233/3017 3015/3229/3015
f 3016/3231/3016 3005/3230/3005 3004/3217/3004
f 2831/3031/2831 3008/3222/3008 3004/3217/3004
f 3016/3231/3016 3004/3217/3004 3018/3234/3018
f 3004/3217/3004 3008/3222/3008 3018/3234/3018
f 3019/3235/3019 3016/3231/3016 3018/3234/3018
f 3004/3217/3004 3005/3230/3005 2836/3218/2836
f 3020/3236/3020 3017/3232/3017 3016/3231/3016
f 3018/3234/3018 3008/3222/3008 3013/3227/3013
f 3014/3228/3014 3003/3216/3003 3000/3213/3000
f 3021/3237/3021 3013/3227/3013 3012/3226/3012
f 3022/3238/3022 3020/3236/3020 3019/3235/3019
f 2820/3020/2820 2982/3193/2982 2818/3018/2818
f 2818/3018/2818 2982/3193/2982 3001/3214/3001
f 2818/3018/2818 3003/3216/3003 3023/3239/3023
f 2972/3183/2972 2818/3018/2818 3024/3240/3024
f 2818/3018/2818 3023/3239/3023 3024/3240/3024
f 3003/3216/3003 2818/3018/2818 3001/3214/3001
f 2972/3183/2972 3024/3240/3024 2971/3182/2971
f 3024/3240/3024 3025/3241/3025 2993/3206/2993
f 3023/3239/3023 3026/3242/3026 3024/3240/3024
f 3023/3239/3023 3027/3243/3027 3026/3242/3026
f 2995/3208/2995 2993/3206/2993 3025/3241/3025
f 3019/3235/3019 3013/3227/3013 3021/3237/3021
f 3026/3242/3026 3025/3241/3025 3024/3240/3024
f 3013/3227/3013 3019/3235/3019 3018/3234/3018
f 3016/3231/3016 3019/3235/3019 3020/3236/3020
f 3003/3216/3003 3028/3244/3028 3023/3239/3023
f 3023/3239/3023 3028/3244/3028 3027/3243/3027
f 3028/3244/3028 3003/3216/3003 3015/3229/3015
f 2971/3182/2971 3024/3240/3024 2993/3206/2993
f 3029/3245/3029 3028/3244/3028 3015/3229/3015
f 3029/3245/3029 3015/3229/3015 3030/3246/3030
f 3015/3229/3015 3031/3247/3031 3030/3246/3030
f 3027/3243/3027 3032/3248/3032 3026/3242/3026
f 3033/3249/3033 3027/3243/3027 3028/3244/3028
f 3029/3245/3029 3033/3249/3033 3028/3244/3028
f 3027/3243/3027 3033/3249/3033 3032/3248/3032
f 3030/3246/3030 3034/3250/3034 3029/3245/3029
f 3015/3229/3015 3017/3233/3017 3035/3251/3035
f 3029/3245/3029 3034/3250/3034 3036/3252/3036
f 3037/3253/3037 3021/3237/3021 3012/3226/3012
f 3031/3247/3031 3015/3229/3015 3035/3251/3035
f 3019/3235/3019 3021/3237/3021 3022/3238/3022
f 3022/3238/3022 3021/3237/3021 3038/3254/3038
f 3020/3236/3020 3035/3255/3035 3017/3232/3017
f 3039/3256/3039 3035/3255/3035 3020/3236/3020
f 3035/3255/3035 3039/3256/3039 3030/3257/3030
f 3035/3251/3035 3030/3246/3030 3031/3247/3031
f 3040/3258/3040 3030/3257/3030 3039/3256/3039
f 3041/3259/3041 3040/3258/3040 3039/3256/3039
f 3039/3256/3039 3020/3236/3020 3022/3238/3022
f 3041/3259/3041 3039/3256/3039 3022/3238/3022
f 3022/3238/3022 3042/3260/3042 3041/3259/3041
f 3038/3254/3038 3043/3261/3043 3022/3238/3022
f 3042/3260/3042 3022/3238/3022 3043/3261/3043
f 3040/3258/3040 3034/3262/3034 3030/3257/3030
f 3040/3258/3040 3041/3259/3041 3010/3224/3010
f 3040/3258/3040 3010/3224/3010 3044/3263/3044
f 3040/3258/3040 3044/3263/3044 3034/3262/3034
f 3044/3263/3044 3045/3264/3045 3034/3262/3034
f 3046/3265/3046 3041/3259/3041 3042/3260/3042
f 3046/3265/3046 3042/3260/3042 3047/3266/3047
f 3047/3266/3047 3007/3221/3007 3046/3265/3046
f 3046/3265/3046 3010/3224/3010 3041/3259/3041
f 3046/3265/3046 3007/3221/3007 3010/3224/3010
f 3047/3266/3047 3048/3267/3048 3009/3223/3009
f 3006/3220/3006 3047/3266/3047 3009/3223/3009
f 1787/1759/1787 3049/3268/3049 1788/1760/1788
f 1787/1759/1787 2996/3209/2996 3009/3223/3009
f 2987/3198/2987 3044/3263/3044 3010/3224/3010
f 3049/3268/3049 3048/3267/3048 1789/1764/1789
f 3048/3267/3048 3049/3268/3049 1787/1759/1787
f 1788/1760/1788 3049/3268/3049 1789/1764/1789
f 3009/3223/3009 3048/3267/3048 1787/1759/1787
f 2996/3209/2996 2990/3202/2990 3009/3223/3009
f 2995/3208/2995 2827/3027/2827 2816/3016/2816
f 2827/3027/2827 2995/3208/2995 3050/3269/3050
f 2987/3198/2987 2988/3199/2988 3045/3264/3045
f 3051/3270/3051 2827/3027/2827 3050/3269/3050
f 3052/3271/3052 3051/3270/3051 3050/3269/3050
f 2663/2848/2663 2624/2803/2624 2984/3195/2984
f 3044/3263/3044 2987/3198/2987 3045/3264/3045
f 2624/2803/2624 2623/2802/2623 2984/3195/2984
f 1789/1764/1789 3048/3267/3048 3053/3272/3053
f 3054/3273/3054 1807/1855/1807 1789/1764/1789
f 2620/2797/2620 2617/2799/2617 2983/3194/2983
f 2989/3200/2989 2617/2794/2617 2618/2795/2618
f 2978/3189/2978 2827/3027/2827 3051/3270/3051
f 2703/2892/2703 2697/2886/2697 2704/2893/2704
f 3012/3226/3012 2704/2893/2704 2697/2886/2697
f 2978/3189/2978 2568/2745/2568 2817/3017/2817
f 3053/3272/3053 3054/3273/3054 1789/1764/1789
f 3053/3272/3053 3048/3267/3048 3043/3261/3043
f 3053/3272/3053 3043/3261/3043 3054/3273/3054
f 3048/3267/3048 3047/3266/3047 3043/3261/3043
f 3043/3261/3043 3047/3266/3047 3042/3260/3042
f 3054/3273/3054 3055/3274/3055 1807/1855/1807
f 3055/3274/3055 1824/1945/1824 1807/1855/1807
f 3038/3254/3038 3055/3274/3055 3043/3261/3043
f 3021/3237/3021 3055/3274/3055 3038/3254/3038
f 3055/3274/3055 3054/3273/3054 3043/3261/3043
f 3055/3274/3055 3056/3275/3056 1824/1945/1824
f 3037/3253/3037 3055/3274/3055 3021/3237/3021
f 3012/3226/3012 3056/3275/3056 3037/3253/3037
f 3055/3274/3055 3037/3253/3037 3056/3275/3056
f 1823/1944/1823 3012/3226/3012 2697/2886/2697
f 2606/2783/2606 2594/2771/2594 3057/3276/3057
f 3012/3226/3012 1824/1945/1824 3056/3275/3056
f 2978/3189/2978 3058/3277/3058 2568/2745/2568
f 3058/3277/3058 2565/2742/2565 2568/2745/2568
f 1824/1945/1824 3012/3226/3012 1823/1944/1823
f 2995/3208/2995 3059/3278/3059 3050/3269/3050
f 3052/3271/3052 3050/3269/3050 3059/3278/3059
f 2995/3208/2995 3025/3241/3025 3059/3278/3059
f 3059/3278/3059 3025/3241/3025 3060/3279/3060
f 3051/3270/3051 3052/3271/3052 3058/3277/3058
f 2978/3189/2978 3051/3270/3051 3058/3277/3058
f 3061/3280/3061 3052/3271/3052 3059/3278/3059
f 3062/3281/3062 3052/3271/3052 3061/3280/3061
f 3052/3271/3052 3062/3281/3062 3058/3277/3058
f 3026/3242/3026 3032/3248/3032 3060/3279/3060
f 3060/3279/3060 3025/3241/3025 3026/3242/3026
f 3060/3279/3060 3063/3282/3063 3059/3278/3059
f 3062/3281/3062 2563/2740/2563 3058/3277/3058
f 3032/3248/3032 3063/3282/3063 3060/3279/3060
f 3064/3283/3064 3061/3280/3061 3063/3282/3063
f 3032/3248/3032 3065/3284/3065 3063/3282/3063
f 3032/3248/3032 3033/3249/3033 3065/3284/3065
f 3029/3245/3029 3065/3284/3065 3033/3249/3033
f 3061/3280/3061 3059/3278/3059 3063/3282/3063
f 3065/3284/3065 3064/3283/3064 3063/3282/3063
f 3045/3285/3045 3036/3252/3036 3034/3250/3034
f 3036/3252/3036 3065/3284/3065 3029/3245/3029
f 3064/3283/3064 3062/3281/3062 3061/3280/3061
f 2585/2762/2585 3062/3281/3062 3064/3283/3064
f 3065/3284/3065 3066/3286/3066 3064/3283/3064
f 3065/3284/3065 3067/3287/3067 3066/3286/3066
f 3064/3283/3064 3066/3286/3066 3057/3276/3057
f 3057/3276/3057 2585/2762/2585 3064/3283/3064
f 3067/3287/3067 3065/3284/3065 3036/3252/3036
f 2604/2781/2604 3066/3286/3066 3067/3287/3067
f 2594/2771/2594 2586/2763/2586 3057/3276/3057
f 3057/3276/3057 2586/2763/2586 2585/2762/2585
f 2606/2783/2606 3057/3276/3057 3066/3286/3066
f 3066/3286/3066 2604/2781/2604 2606/2783/2606
f 2988/3205/2988 3036/3252/3036 3045/3285/3045
f 2988/3205/2988 2994/3207/2994 3036/3252/3036
f 2998/3211/2998 2997/3210/2997 3007/3221/3007
f 3007/3221/3007 2997/3210/2997 3010/3224/3010
f 2604/2781/2604 3067/3287/3067 2994/3207/2994
f 2994/3207/2994 3067/3287/3067 3036/3252/3036
f 2663/2848/2663 2984/3195/2984 2985/3196/2985
f 2563/2740/2563 2565/2742/2565 3058/3277/3058
f 3047/3266/3047 3006/3220/3006 3007/3221/3007
f 3062/3281/3062 2585/2762/2585 2563/2740/2563
f 2994/3207/2994 2609/2786/2609 2604/2781/2604
f 3068/3288/3068 2835/3037/2835 2834/3036/2834
f 3069/3289/3069 3070/3290/3070 3071/3291/3071
f 2835/3037/2835 3068/3288/3068 3072/3292/3072
f 2732/2924/2732 3068/3288/3068 2834/3036/2834
f 3073/3293/3073 3074/3294/3074 3075/3295/3075
f 3072/3292/3072 3076/3296/3076 2835/3037/2835
f 3077/3297/3077 3078/3298/3078 3079/3299/3079
f 3080/3300/3080 3075/3295/3075 3081/3301/3081
f 3080/3300/3080 3082/3302/3082 3083/3303/3083
f 3072/3292/3072 3084/3304/3084 3085/3305/3085
f 3068/3288/3068 2732/2924/2732 3086/3306/3086
f 3076/3296/3076 3072/3292/3072 3085/3305/3085
f 3085/3305/3085 3084/3304/3084 3087/3307/3087
f 3068/3288/3068 3084/3304/3084 3072/3292/3072
f 3068/3288/3068 3086/3306/3086 3084/3304/3084
f 3087/3307/3087 3084/3304/3084 3088/3308/3088
f 3084/3304/3084 3089/3309/3089 3088/3308/3088
f 3090/3310/3090 3091/3311/3091 3092/3312/3092
f 3090/3310/3090 3093/3313/3093 3091/3311/3091
f 3084/3304/3084 3086/3306/3086 3089/3309/3089
f 3094/3314/3094 3091/3315/3091 3093/3316/3093
f 3095/3317/3095 3091/3315/3091 3094/3314/3094
f 3096/3318/3096 3097/3319/3097 3098/3320/3098
f 3099/3321/3099 3096/3318/3096 3098/3320/3098
f 3097/3319/3097 3096/3318/3096 3100/3322/3100
f 3098/3320/3098 3094/3314/3094 3101/3323/3101
f 3102/3324/3102 3103/3325/3103 3104/3326/3104
f 3091/3311/3091 3105/3327/3105 3092/3312/3092
f 3106/3328/3106 3107/3329/3107 3108/3330/3108
f 3105/3327/3105 3109/3331/3109 3110/3332/3110
f 3111/3333/3111 3104/3326/3104 3103/3325/3103
f 3112/3334/3112 3111/3333/3111 3103/3325/3103
f 3104/3326/3104 3111/3333/3111 3113/3335/3113
f 3107/3329/3107 3114/3336/3114 3115/3337/3115
f 3116/3338/3116 3115/3337/3115 3114/3336/3114
f 3116/3338/3116 3113/3335/3113 3115/3337/3115
f 3106/3328/3106 3114/3336/3114 3107/3329/3107
f 3117/3339/3117 3107/3329/3107 3115/3337/3115
f 3115/3337/3115 3118/3340/3118 3117/3339/3117
f 3118/3340/3118 3115/3337/3115 3113/3335/3113
f 3113/3335/3113 3111/3333/3111 3118/3340/3118
f 3111/3333/3111 3119/3341/3119 3118/3340/3118
f 3120/3342/3120 3121/3343/3121 3122/3344/3122
f 3123/3345/3123 3122/3344/3122 3111/3333/3111
f 3111/3333/3111 3122/3344/3122 3119/3341/3119
f 3124/3346/3124 3125/3347/3125 3126/3348/3126
f 3122/3344/3122 3123/3345/3123 3120/3342/3120
f 3127/3349/3127 3128/3350/3128 3129/3351/3129
f 3123/3345/3123 3111/3333/3111 3112/3334/3112
f 3129/3351/3129 3130/3352/3130 3131/3353/3131
f 3128/3350/3128 3130/3352/3130 3129/3351/3129
f 3132/3354/3132 3130/3352/3130 3133/3355/3133
f 3134/3356/3134 3128/3350/3128 3135/3357/3135
f 3133/3355/3133 3130/3352/3130 3128/3350/3128
f 3136/3358/3136 3135/3357/3135 3137/3359/3137
f 3118/3340/3118 3119/3341/3119 3117/3339/3117
f 3134/3356/3134 3136/3358/3136 3126/3360/3126
f 3134/3356/3134 3125/3361/3125 3133/3355/3133
f 3136/3358/3136 3134/3356/3134 3135/3357/3135
f 3134/3356/3134 3133/3355/3133 3128/3350/3128
f 3125/3361/3125 3134/3356/3134 3126/3360/3126
f 3127/3349/3127 3104/3326/3104 3135/3357/3135
f 3104/3326/3104 3127/3349/3127 3102/3324/3102
f 3104/3326/3104 3137/3359/3137 3135/3357/3135
f 3132/3362/3132 3133/3363/3133 3138/3364/3138
f 3127/3349/3127 3135/3357/3135 3128/3350/3128
f 3125/3347/3125 3139/3365/3139 3133/3363/3133
f 3125/3347/3125 3124/3346/3124 3140/3366/3140
f 3139/3365/3139 3125/3347/3125 3140/3366/3140
f 3141/3367/3141 3139/3365/3139 3140/3366/3140
f 3124/3346/3124 3142/3368/3142 3140/3366/3140
f 3143/3369/3143 3141/3367/3141 3142/3368/3142
f 3144/3370/3144 3139/3365/3139 3141/3367/3141
f 3141/3367/3141 3140/3366/3140 3142/3368/3142
f 3144/3370/3144 3138/3364/3138 3139/3365/3139
f 3113/3335/3113 3137/3359/3137 3104/3326/3104
f 3129/3351/3129 3102/3324/3102 3127/3349/3127
f 3133/3363/3133 3139/3365/3139 3138/3364/3138
f 3138/3364/3138 3144/3370/3144 3145/3371/3145
f 3146/3372/3146 3145/3371/3145 3144/3370/3144
f 3141/3367/3141 3146/3372/3146 3144/3370/3144
f 3143/3369/3143 3146/3372/3146 3141/3367/3141
f 3147/3373/3147 3148/3374/3148 3149/3375/3149
f 3150/3376/3150 3147/3377/3147 3151/3378/3151
f 3149/3375/3149 3151/3379/3151 3147/3373/3147
f 3152/3380/3152 3151/3379/3151 3149/3375/3149
f 3150/3376/3150 3151/3378/3151 3153/3381/3153
f 3151/3379/3151 3152/3380/3152 3124/3346/3124
f 3151/3378/3151 3126/3360/3126 3153/3381/3153
f 3126/3348/3126 3151/3379/3151 3124/3346/3124
f 3126/3360/3126 3154/3382/3154 3153/3381/3153
f 3091/3315/3091 3148/3374/3148 3147/3373/3147
f 3150/3376/3150 3109/3331/3109 3147/3377/3147
f 3091/3311/3091 3147/3377/3147 3109/3331/3109
f 3105/3327/3105 3091/3311/3091 3109/3331/3109
f 3148/3374/3148 3091/3315/3091 3095/3317/3095
f 3095/3317/3095 3149/3375/3149 3148/3374/3148
f 3153/3381/3153 3154/3382/3154 3114/3336/3114
f 3106/3328/3106 3150/3376/3150 3153/3381/3153
f 3106/3328/3106 3153/3381/3153 3114/3336/3114
f 3110/3332/3110 3109/3331/3109 3106/3328/3106
f 3106/3328/3106 3108/3330/3108 3110/3332/3110
f 3124/3346/3124 3152/3380/3152 3155/3383/3155
f 3124/3346/3124 3155/3383/3155 3142/3368/3142
f 3152/3380/3152 3156/3384/3156 3157/3385/3157
f 3149/3375/3149 3095/3317/3095 3152/3380/3152
f 3106/3328/3106 3109/3331/3109 3150/3376/3150
f 3158/3386/3158 3155/3383/3155 3157/3385/3157
f 3155/3383/3155 3158/3386/3158 3159/3387/3159
f 3160/3388/3160 3156/3384/3156 3095/3317/3095
f 3157/3385/3157 3155/3383/3155 3152/3380/3152
f 3094/3314/3094 3098/3320/3098 3095/3317/3095
f 3098/3320/3098 3160/3388/3160 3095/3317/3095
f 3095/3317/3095 3156/3384/3156 3152/3380/3152
f 3156/3384/3156 3161/3389/3161 3157/3385/3157
f 3160/3388/3160 3161/3389/3161 3156/3384/3156
f 3097/3319/3097 3162/3390/3162 3161/3389/3161
f 3160/3388/3160 3097/3319/3097 3161/3389/3161
f 3158/3386/3158 3163/3391/3163 3159/3387/3159
f 3154/3382/3154 3126/3360/3126 3136/3358/3136
f 3163/3391/3163 3157/3385/3157 3161/3389/3161
f 3157/3385/3157 3163/3391/3163 3158/3386/3158
f 3161/3389/3161 3162/3390/3162 3164/3392/3164
f 3116/3338/3116 3154/3382/3154 3136/3358/3136
f 3137/3359/3137 3116/3338/3116 3136/3358/3136
f 3114/3336/3114 3154/3382/3154 3116/3338/3116
f 3113/3335/3113 3116/3338/3116 3137/3359/3137
f 3160/3388/3160 3098/3320/3098 3097/3319/3097
f 3165/3393/3165 3142/3368/3142 3159/3387/3159
f 3155/3383/3155 3159/3387/3159 3142/3368/3142
f 3142/3368/3142 3165/3393/3165 3143/3369/3143
f 3159/3387/3159 3163/3391/3163 3165/3393/3165
f 3166/3394/3166 3090/3310/3090 3167/3395/3167
f 3071/3291/3071 3168/3396/3168 3069/3289/3069
f 3083/3303/3083 3169/3397/3169 3170/3398/3170
f 3087/3307/3087 3170/3398/3170 3169/3397/3169
f 3120/3342/3120 3112/3334/3112 3171/3399/3171
f 3172/3400/3172 3167/3395/3167 3092/3312/3092
f 3079/3299/3079 3173/3401/3173 3077/3297/3077
f 3077/3297/3077 3174/3402/3174 3071/3291/3071
f 3175/3403/3175 3167/3395/3167 3176/3404/3176
f 3170/3398/3170 3177/3405/3177 3083/3303/3083
f 3177/3405/3177 3088/3308/3088 3178/3406/3178
f 3077/3297/3077 3173/3401/3173 3174/3402/3174
f 3079/3407/3079 3179/3408/3179 3173/3409/3173
f 3087/3307/3087 3088/3308/3088 3170/3398/3170
f 3175/3403/3175 3176/3404/3176 3180/3410/3180
f 3088/3308/3088 3177/3405/3177 3170/3398/3170
f 3177/3405/3177 3080/3300/3080 3083/3303/3083
f 3073/3293/3073 3075/3295/3075 3080/3300/3080
f 3080/3300/3080 3081/3301/3081 3082/3302/3082
f 3092/3312/3092 3167/3395/3167 3090/3310/3090
f 3181/3411/3181 3182/3412/3182 3145/3371/3145
f 3073/3293/3073 3183/3413/3183 3074/3294/3074
f 3073/3293/3073 3181/3411/3181 3183/3413/3183
f 3177/3405/3177 3073/3293/3073 3080/3300/3080
f 3171/3399/3171 3112/3334/3112 3184/3414/3184
f 3183/3413/3183 3181/3411/3181 3145/3371/3145
f 3073/3293/3073 3177/3405/3177 3181/3411/3181
f 3177/3405/3177 3182/3412/3182 3181/3411/3181
f 3185/3415/3185 2739/2931/2739 2753/2946/2753
f 3123/3345/3123 3112/3334/3112 3120/3342/3120
f 3186/3416/3186 3171/3399/3171 3184/3414/3184
f 3187/3417/3187 3188/3418/3188 3103/3325/3103
f 3092/3312/3092 3105/3327/3105 3189/3419/3189
f 3100/3322/3100 3096/3318/3096 3190/3420/3190
f 3189/3419/3189 3172/3400/3172 3092/3312/3092
f 3189/3419/3189 3105/3327/3105 3110/3332/3110
f 3069/3289/3069 3191/3421/3191 3192/3422/3192
f 3187/3417/3187 3193/3423/3193 3188/3418/3188
f 3108/3330/3108 3194/3424/3194 3110/3332/3110
f 3194/3424/3194 3195/3425/3195 3110/3332/3110
f 3193/3423/3193 3186/3416/3186 3188/3418/3188
f 3108/3330/3108 3196/3426/3196 3194/3424/3194
f 3172/3400/3172 3176/3404/3176 3167/3395/3167
f 3176/3404/3176 3189/3419/3189 3180/3410/3180
f 3197/3427/3197 3192/3422/3192 3191/3421/3191
f 3186/3416/3186 3184/3414/3184 3188/3418/3188
f 3198/3428/3198 3189/3419/3189 3110/3332/3110
f 3180/3410/3180 3189/3419/3189 3198/3428/3198
f 3184/3414/3184 3112/3334/3112 3188/3418/3188
f 3195/3425/3195 3198/3428/3198 3110/3332/3110
f 3195/3425/3195 3194/3424/3194 3196/3426/3196
f 3198/3428/3198 3195/3425/3195 3199/3429/3199
f 3188/3418/3188 3112/3334/3112 3103/3325/3103
f 3172/3400/3172 3189/3419/3189 3176/3404/3176
f 3200/3430/3200 3201/3431/3201 3197/3427/3197
f 3196/3426/3196 3108/3330/3108 3107/3329/3107
f 3107/3329/3107 3202/3432/3202 3196/3426/3196
f 3086/3306/3086 3200/3430/3200 3089/3309/3089
f 3202/3432/3202 3203/3433/3203 3204/3434/3204
f 3119/3341/3119 3202/3432/3202 3117/3339/3117
f 3122/3344/3122 3203/3433/3203 3119/3341/3119
f 3203/3433/3203 3202/3432/3202 3119/3341/3119
f 3122/3344/3122 3121/3343/3121 3205/3435/3205
f 3203/3433/3203 3122/3344/3122 3205/3435/3205
f 3206/3436/3206 3196/3426/3196 3207/3437/3207
f 3208/3438/3208 3209/3439/3209 3210/3440/3210
f 2732/2924/2732 3200/3430/3200 3086/3306/3086
f 3210/3440/3210 2763/2956/2763 3208/3438/3208
f 3202/3432/3202 3204/3434/3204 3196/3426/3196
f 3204/3434/3204 3207/3437/3207 3196/3426/3196
f 3117/3339/3117 3202/3432/3202 3107/3329/3107
f 3207/3437/3207 3204/3434/3204 3203/3433/3203
f 3211/3441/3211 3207/3437/3207 3203/3433/3203
f 3212/3442/3212 3213/3443/3213 3214/3444/3214
f 3214/3444/3214 3211/3441/3211 3203/3433/3203
f 3214/3444/3214 3203/3433/3203 3205/3435/3205
f 3214/3444/3214 3205/3435/3205 3212/3442/3212
f 2761/2957/2761 2763/2956/2763 3210/3440/3210
f 3200/3430/3200 3197/3427/3197 3089/3309/3089
f 3197/3427/3197 3215/3445/3215 3089/3309/3089
f 2753/2946/2753 2755/2948/2755 3185/3415/3185
f 3210/3446/3210 2755/2948/2755 2761/2954/2761
f 2755/2948/2755 3216/3447/3216 3185/3415/3185
f 3210/3446/3210 3216/3447/3216 2755/2948/2755
f 3217/3448/3217 3218/3449/3218 3210/3446/3210
f 3209/3439/3209 3217/3450/3217 3210/3440/3210
f 3217/3450/3217 3209/3439/3209 3219/3451/3219
f 3210/3446/3210 3218/3449/3218 3216/3447/3216
f 3201/3431/3201 3192/3422/3192 3197/3427/3197
f 3218/3449/3218 3217/3448/3217 3220/3452/3220
f 3221/3453/3221 3222/3454/3222 3223/3455/3223
f 3219/3451/3219 3209/3439/3209 3224/3456/3224
f 3225/3457/3225 3219/3451/3219 3226/3458/3226
f 3224/3456/3224 3226/3458/3226 3219/3451/3219
f 3220/3459/3220 3217/3450/3217 3219/3451/3219
f 3224/3456/3224 3223/3455/3223 3222/3454/3222
f 3219/3451/3219 3225/3457/3225 3220/3459/3220
f 3226/3458/3226 3227/3460/3227 3225/3457/3225
f 3224/3456/3224 3222/3454/3222 3226/3458/3226
f 3197/3427/3197 3191/3421/3191 3228/3461/3228
f 3221/3453/3221 3229/3462/3229 3222/3454/3222
f 3230/3463/3230 3222/3454/3222 3229/3462/3229
f 3231/3464/3231 3229/3462/3229 3221/3453/3221
f 3212/3442/3212 3229/3462/3229 3231/3464/3231
f 3197/3427/3197 3228/3461/3228 3215/3445/3215
f 3228/3461/3228 3232/3465/3232 3215/3445/3215
f 3229/3462/3229 3212/3442/3212 3233/3466/3233
f 3212/3442/3212 3121/3343/3121 3233/3466/3233
f 3145/3371/3145 3146/3372/3146 3183/3413/3183
f 3234/3467/3234 3183/3413/3183 3146/3372/3146
f 3222/3454/3222 3230/3463/3230 3226/3458/3226
f 3235/3468/3235 3230/3463/3230 3236/3469/3236
f 3235/3468/3235 3226/3458/3226 3230/3463/3230
f 3100/3322/3100 3162/3390/3162 3097/3319/3097
f 3237/3470/3237 3233/3466/3233 3238/3471/3238
f 3164/3392/3164 3163/3391/3163 3161/3389/3161
f 3162/3390/3162 3100/3322/3100 3239/3472/3239
f 3163/3391/3163 3164/3392/3164 3240/3473/3240
f 3230/3463/3230 3229/3462/3229 3236/3469/3236
f 3235/3468/3235 3227/3460/3227 3226/3458/3226
f 3164/3392/3164 3241/3474/3241 3240/3473/3240
f 3235/3468/3235 3236/3469/3236 3242/3475/3242
f 3242/3475/3242 3236/3469/3236 3237/3470/3237
f 3143/3369/3143 3243/3476/3243 3146/3372/3146
f 3240/3473/3240 3165/3393/3165 3163/3391/3163
f 3165/3393/3165 3240/3473/3240 3243/3476/3243
f 3243/3476/3243 3240/3473/3240 3244/3477/3244
f 3245/3478/3245 3146/3372/3146 3243/3476/3243
f 3246/3479/3246 3247/3480/3247 3248/3481/3248
f 3234/3467/3234 3074/3294/3074 3183/3413/3183
f 3247/3480/3247 3234/3467/3234 3248/3481/3248
f 3245/3478/3245 3234/3467/3234 3146/3372/3146
f 3234/3467/3234 3245/3478/3245 3248/3481/3248
f 3168/3396/3168 3071/3291/3071 3174/3402/3174
f 3069/3289/3069 3168/3396/3168 3191/3421/3191
f 3165/3393/3165 3243/3476/3243 3143/3369/3143
f 3249/3482/3249 2726/2918/2726 2737/2929/2737
f 3236/3469/3236 3229/3462/3229 3233/3466/3233
f 3121/3343/3121 3212/3442/3212 3205/3435/3205
f 3250/3483/3250 3228/3461/3228 3191/3421/3191
f 3236/3469/3236 3233/3466/3233 3237/3470/3237
f 3233/3466/3233 3121/3343/3121 3238/3471/3238
f 3238/3471/3238 3121/3343/3121 3120/3342/3120
f 3074/3294/3074 3234/3467/3234 3247/3480/3247
f 3249/3482/3249 3251/3484/3251 3252/3485/3252
f 3251/3484/3251 3249/3482/3249 3253/3486/3253
f 3174/3402/3174 3191/3421/3191 3168/3396/3168
f 3191/3421/3191 3174/3402/3174 3250/3483/3250
f 2739/2931/2739 3185/3415/3185 2737/2929/2737
f 3245/3478/3245 3243/3476/3243 3244/3477/3244
f 3185/3415/3185 3249/3482/3249 2737/2929/2737
f 3254/3487/3254 3255/3488/3255 3100/3322/3100
f 2726/2918/2726 3249/3482/3249 3252/3485/3252
f 3185/3415/3185 3253/3486/3253 3249/3482/3249
f 3253/3486/3253 3185/3415/3185 3256/3489/3256
f 3257/3490/3257 3258/3491/3258 3255/3488/3255
f 3259/3492/3259 3260/3493/3260 3255/3488/3255
f 3257/3490/3257 3255/3488/3255 3254/3487/3254
f 2727/2919/2727 3201/3431/3201 2732/2924/2732
f 3252/3485/3252 3261/3494/3261 2726/2918/2726
f 3179/3408/3179 3262/3495/3262 3173/3409/3173
f 2726/2918/2726 3261/3494/3261 2727/2919/2727
f 3261/3494/3261 3192/3422/3192 3201/3431/3201
f 2727/2919/2727 3261/3494/3261 3201/3431/3201
f 3251/3484/3251 3261/3494/3261 3252/3485/3252
f 3260/3493/3260 3239/3472/3239 3255/3488/3255
f 2732/2924/2732 3201/3431/3201 3200/3430/3200
f 3162/3390/3162 3263/3496/3263 3241/3474/3241
f 3174/3402/3174 3264/3497/3264 3250/3483/3250
f 3260/3493/3260 3263/3496/3263 3239/3472/3239
f 3264/3498/3264 3173/3409/3173 3262/3495/3262
f 3174/3402/3174 3173/3401/3173 3264/3497/3264
f 3070/3290/3070 3251/3484/3251 3253/3486/3253
f 3265/3499/3265 3078/3298/3078 3077/3297/3077
f 3192/3422/3192 3261/3494/3261 3070/3290/3070
f 3192/3422/3192 3070/3290/3070 3069/3289/3069
f 3164/3392/3164 3162/3390/3162 3241/3474/3241
f 3071/3291/3071 3070/3290/3070 3077/3297/3077
f 3261/3494/3261 3251/3484/3251 3070/3290/3070
f 3256/3489/3256 3265/3499/3265 3070/3290/3070
f 3239/3472/3239 3263/3496/3263 3162/3390/3162
f 3256/3489/3256 3185/3415/3185 3216/3447/3216
f 3239/3472/3239 3100/3322/3100 3255/3488/3255
f 3256/3489/3256 3070/3290/3070 3253/3486/3253
f 3218/3449/3218 3078/3298/3078 3265/3499/3265
f 3077/3297/3077 3070/3290/3070 3265/3499/3265
f 3265/3499/3265 3216/3447/3216 3218/3449/3218
f 3216/3447/3216 3265/3499/3265 3256/3489/3256
f 3193/3423/3193 3266/3500/3266 3267/3501/3267
f 3266/3500/3266 3193/3423/3193 3187/3417/3187
f 3267/3501/3267 3268/3502/3268 3269/3503/3269
f 3138/3364/3138 3270/3504/3270 3132/3362/3132
f 3267/3501/3267 3266/3500/3266 3271/3505/3271
f 3267/3501/3267 3271/3505/3271 3268/3502/3268
f 3268/3502/3268 3272/3506/3272 3269/3503/3269
f 3262/3495/3262 3273/3507/3273 3268/3502/3268
f 3272/3506/3272 3268/3502/3268 3273/3507/3273
f 3269/3503/3269 3274/3508/3274 3267/3501/3267
f 3186/3416/3186 3193/3423/3193 3274/3508/3274
f 3274/3508/3274 3193/3423/3193 3267/3501/3267
f 3262/3495/3262 3179/3408/3179 3273/3507/3273
f 3273/3507/3273 3275/3509/3275 3272/3506/3272
f 3275/3509/3275 3276/3510/3276 3272/3506/3272
f 3186/3416/3186 3274/3508/3274 3277/3511/3277
f 3269/3503/3269 3272/3506/3272 3278/3512/3278
f 3278/3512/3278 3274/3508/3274 3269/3503/3269
f 3272/3506/3272 3276/3510/3276 3278/3512/3278
f 3277/3511/3277 3274/3508/3274 3278/3512/3278
f 3120/3342/3120 3171/3399/3171 3237/3470/3237
f 3120/3342/3120 3237/3470/3237 3238/3471/3238
f 3277/3511/3277 3242/3475/3242 3186/3416/3186
f 3186/3416/3186 3242/3475/3242 3171/3399/3171
f 3278/3512/3278 3225/3457/3225 3277/3511/3277
f 3237/3470/3237 3171/3399/3171 3242/3475/3242
f 3227/3460/3227 3277/3511/3277 3225/3457/3225
f 3277/3511/3277 3227/3460/3227 3242/3475/3242
f 3235/3468/3235 3242/3475/3242 3227/3460/3227
f 3276/3510/3276 3275/3509/3275 3079/3407/3079
f 3275/3509/3275 3179/3408/3179 3079/3407/3079
f 3273/3507/3273 3179/3408/3179 3275/3509/3275
f 3279/3513/3279 3278/3512/3278 3276/3510/3276
f 3225/3457/3225 3278/3512/3278 3279/3513/3279
f 3276/3510/3276 3079/3407/3079 3279/3513/3279
f 3279/3514/3279 3079/3299/3079 3078/3298/3078
f 3279/3513/3279 3220/3459/3220 3225/3457/3225
f 3218/3449/3218 3220/3452/3220 3279/3514/3279
f 3218/3449/3218 3279/3514/3279 3078/3298/3078
f 3280/3515/3280 3129/3351/3129 3281/3516/3281
f 3129/3351/3129 3131/3353/3131 3281/3516/3281
f 3281/3516/3281 3131/3353/3131 3282/3517/3282
f 3283/3518/3283 3281/3516/3281 3282/3517/3282
f 3271/3505/3271 3282/3517/3282 3284/3519/3284
f 3284/3519/3284 3285/3520/3285 3271/3505/3271
f 3284/3519/3284 3282/3517/3282 3286/3521/3286
f 3282/3517/3282 3271/3505/3271 3283/3518/3283
f 3287/3522/3287 3286/3521/3286 3131/3353/3131
f 3250/3523/3250 3288/3524/3288 3284/3519/3284
f 3131/3353/3131 3286/3521/3286 3282/3517/3282
f 3284/3519/3284 3288/3524/3288 3285/3520/3285
f 3132/3354/3132 3131/3353/3131 3130/3352/3130
f 3250/3523/3250 3284/3519/3284 3289/3525/3289
f 3289/3525/3289 3284/3519/3284 3286/3521/3286
f 3129/3351/3129 3280/3515/3280 3102/3324/3102
f 3232/3465/3232 3250/3483/3250 3289/3526/3289
f 3271/3505/3271 3281/3516/3281 3283/3518/3283
f 3281/3516/3281 3266/3500/3266 3280/3515/3280
f 3271/3505/3271 3266/3500/3266 3281/3516/3281
f 3266/3500/3266 3187/3417/3187 3103/3325/3103
f 3102/3324/3102 3280/3515/3280 3266/3500/3266
f 3102/3324/3102 3266/3500/3266 3103/3325/3103
f 3268/3502/3268 3271/3505/3271 3285/3520/3285
f 3288/3524/3288 3268/3502/3268 3285/3520/3285
f 3288/3524/3288 3262/3495/3262 3268/3502/3268
f 3287/3522/3287 3131/3353/3131 3132/3354/3132
f 3287/3527/3287 3290/3528/3290 3291/3529/3291
f 3289/3526/3289 3287/3527/3287 3291/3529/3291
f 3287/3527/3287 3132/3362/3132 3292/3530/3292
f 3286/3521/3286 3287/3522/3287 3289/3525/3289
f 3232/3465/3232 3291/3529/3291 3293/3531/3293
f 3291/3529/3291 3232/3465/3232 3289/3526/3289
f 3291/3529/3291 3290/3528/3290 3293/3531/3293
f 3228/3461/3228 3250/3483/3250 3232/3465/3232
f 3132/3362/3132 3270/3504/3270 3292/3530/3292
f 3292/3530/3292 3290/3528/3290 3287/3527/3287
f 3145/3371/3145 3270/3504/3270 3138/3364/3138
f 3290/3528/3290 3292/3530/3292 3270/3504/3270
f 3270/3504/3270 3145/3371/3145 3182/3412/3182
f 3182/3412/3182 3177/3405/3177 3178/3406/3178
f 3178/3406/3178 3293/3531/3293 3290/3528/3290
f 3290/3528/3290 3182/3412/3182 3178/3406/3178
f 3182/3412/3182 3290/3528/3290 3270/3504/3270
f 3088/3308/3088 3293/3531/3293 3178/3406/3178
f 3088/3308/3088 3089/3309/3089 3215/3445/3215
f 3215/3445/3215 3293/3531/3293 3088/3308/3088
f 3288/3524/3288 3264/3498/3264 3262/3495/3262
f 3288/3524/3288 3250/3523/3250 3264/3498/3264
f 3215/3445/3215 3232/3465/3232 3293/3531/3293
f 3260/3493/3260 3294/3532/3294 3263/3496/3263
f 3190/3420/3190 3295/3533/3295 3254/3487/3254
f 3296/3534/3296 3099/3321/3099 3101/3323/3101
f 3297/3535/3297 3298/3536/3298 3299/3537/3299
f 3098/3320/3098 3101/3323/3101 3099/3321/3099
f 1622/262/1622 1621/260/1621 1629/538/1629
f 1614/243/1614 1620/259/1620 1619/252/1619
f 1621/260/1621 3299/3537/3299 1957/2090/1957
f 1957/2090/1957 1629/538/1629 1621/260/1621
f 1620/259/1620 3297/3535/3297 3299/3537/3299
f 3295/3533/3295 3300/3538/3300 3301/3539/3301
f 1621/260/1621 1620/259/1620 3299/3537/3299
f 3298/3536/3298 3297/3535/3297 3302/3540/3302
f 3301/3539/3301 3303/3541/3303 3295/3533/3295
f 3298/3536/3298 2150/2286/2150 3299/3537/3299
f 1963/2096/1963 1957/2090/1957 2150/2286/2150
f 1957/2090/1957 3299/3537/3299 2150/2286/2150
f 3297/3535/3297 1613/242/1613 1617/249/1617
f 1614/243/1614 1613/242/1613 3297/3535/3297
f 3304/3542/3304 3297/3535/3297 1617/249/1617
f 3302/3540/3302 3297/3535/3297 3304/3542/3304
f 1617/249/1617 3305/3543/3305 3304/3542/3304
f 1614/243/1614 3297/3535/3297 1620/259/1620
f 3300/3538/3300 3295/3533/3295 3190/3420/3190
f 3301/3539/3301 3300/3538/3300 3306/3544/3306
f 3301/3539/3301 3306/3544/3306 3307/3545/3307
f 2152/2288/2152 3308/3546/3308 3309/3547/3309
f 2145/2281/2145 2151/2287/2151 2152/2288/2152
f 3101/3323/3101 3310/3548/3310 3296/3534/3296
f 3309/3547/3309 3308/3546/3308 3311/3549/3311
f 3296/3534/3296 3310/3548/3310 3306/3544/3306
f 3306/3544/3306 3300/3538/3300 3296/3534/3296
f 2151/2287/2151 2150/2286/2150 3298/3536/3298
f 3312/3550/3312 3306/3544/3306 3313/3551/3313
f 3314/3552/3314 3315/3553/3315 3101/3323/3101
f 2153/2289/2153 2152/2288/2152 2155/2291/2155
f 2155/2291/2155 3309/3547/3309 2156/2292/2156
f 3308/3546/3308 2152/2288/2152 2151/2287/2151
f 3308/3546/3308 2151/2287/2151 3298/3536/3298
f 3316/3554/3316 3090/3310/3090 3317/3555/3317
f 3310/3548/3310 3315/3553/3315 3314/3552/3314
f 3308/3546/3308 3304/3542/3304 3305/3543/3305
f 2155/2291/2155 2152/2288/2152 3309/3547/3309
f 3298/3536/3298 3304/3542/3304 3308/3546/3308
f 3315/3553/3315 3310/3548/3310 3101/3323/3101
f 3306/3544/3306 3312/3550/3312 3307/3545/3307
f 3318/3556/3318 3319/3557/3319 3320/3558/3320
f 3298/3536/3298 3302/3540/3302 3304/3542/3304
f 3318/3556/3318 3321/3559/3321 3319/3557/3319
f 3322/3560/3322 3323/3561/3323 3313/3551/3313
f 3316/3562/3316 3313/3551/3313 3314/3552/3314
f 3324/3563/3324 3309/3547/3309 3325/3564/3325
f 3326/3565/3326 3313/3551/3313 3316/3562/3316
f 2156/2292/2156 3309/3547/3309 3324/3563/3324
f 3324/3563/3324 3318/3556/3318 3327/3566/3327
f 2154/2290/2154 2156/2292/2156 3327/3566/3327
f 3310/3548/3310 3313/3551/3313 3306/3544/3306
f 2137/2273/2137 2121/2257/2121 2154/2290/2154
f 3326/3565/3326 3322/3560/3322 3313/3551/3313
f 3314/3552/3314 3313/3551/3313 3310/3548/3310
f 2154/2290/2154 3328/3567/3328 2137/2273/2137
f 3324/3563/3324 3327/3566/3327 2156/2292/2156
f 2149/2285/2149 2154/2290/2154 2121/2257/2121
f 3320/3558/3320 3328/3567/3328 2154/2290/2154
f 3320/3558/3320 2154/2290/2154 3327/3566/3327
f 3320/3558/3320 3327/3566/3327 3318/3556/3318
f 3329/3568/3329 3330/3569/3330 3331/3570/3331
f 3331/3570/3331 3319/3557/3319 3332/3571/3332
f 3332/3571/3332 3319/3557/3319 3321/3559/3321
f 3331/3570/3331 3330/3569/3330 3319/3557/3319
f 3330/3569/3330 3329/3568/3329 3319/3557/3319
f 3329/3568/3329 3328/3567/3328 3319/3557/3319
f 3328/3567/3328 3320/3558/3320 3319/3557/3319
f 3333/3572/3333 2136/2272/2136 3328/3567/3328
f 3334/3573/3334 3335/3574/3335 3329/3568/3329
f 3333/3572/3333 3328/3567/3328 3329/3568/3329
f 3336/3575/3336 2126/2262/2126 3337/3576/3337
f 3338/3577/3338 3329/3568/3329 3331/3570/3331
f 3257/3490/3257 3338/3577/3338 3331/3570/3331
f 3316/3554/3316 3093/3313/3093 3090/3310/3090
f 2126/2262/2126 3303/3541/3303 3337/3576/3337
f 3093/3316/3093 3314/3552/3314 3094/3314/3094
f 3339/3578/3339 3337/3576/3337 3303/3541/3303
f 3339/3578/3339 3301/3539/3301 3307/3545/3307
f 3338/3577/3338 3334/3573/3334 3329/3568/3329
f 3335/3574/3335 3334/3573/3334 3340/3579/3340
f 3101/3323/3101 3094/3314/3094 3314/3552/3314
f 3341/3580/3341 3342/3581/3342 3337/3576/3337
f 3257/3490/3257 3343/3582/3343 3338/3577/3338
f 3344/3583/3344 3343/3582/3343 3257/3490/3257
f 3303/3541/3303 3343/3582/3343 3344/3583/3344
f 3337/3576/3337 3342/3581/3342 3336/3575/3336
f 3307/3545/3307 3345/3584/3345 3339/3578/3339
f 3344/3583/3344 3254/3487/3254 3295/3533/3295
f 3344/3583/3344 3257/3490/3257 3254/3487/3254
f 2135/2271/2135 2136/2272/2136 2127/2263/2127
f 3254/3487/3254 3100/3322/3100 3190/3420/3190
f 3314/3552/3314 3093/3316/3093 3316/3562/3316
f 3338/3577/3338 3343/3582/3343 3334/3573/3334
f 3334/3573/3334 3343/3582/3343 3340/3579/3340
f 3346/3585/3346 3347/3586/3347 2060/3587/2060
f 3346/3585/3346 3323/3561/3323 3347/3586/3347
f 2068/2204/2068 2060/2196/2060 3347/3588/3347
f 3322/3589/3322 2068/2204/2068 3347/3588/3347
f 3322/3560/3322 3347/3586/3347 3323/3561/3323
f 1987/2123/1987 2102/2238/2102 1983/2119/1983
f 3341/3580/3341 3337/3576/3337 3339/3578/3339
f 3341/3580/3341 3339/3578/3339 3345/3584/3345
f 3345/3584/3345 3348/3590/3348 3341/3580/3341
f 3303/3541/3303 3344/3583/3344 3295/3533/3295
f 3303/3541/3303 3340/3579/3340 3343/3582/3343
f 3348/3590/3348 3345/3584/3345 3312/3550/3312
f 3346/3585/3346 2060/3587/2060 1953/2085/1953
f 1953/2085/1953 1979/2115/1979 3346/3585/3346
f 2068/2204/2068 3322/3589/3322 2072/2208/2072
f 3341/3580/3341 1987/2123/1987 3342/3581/3342
f 2061/2197/2061 2060/2196/2060 2068/2204/2068
f 2102/2238/2102 1987/2123/1987 3341/3580/3341
f 1987/2123/1987 2119/2255/2119 3342/3581/3342
f 3326/3591/3326 3317/3555/3317 3322/3589/3322
f 3326/3591/3326 3316/3554/3316 3317/3555/3317
f 2072/2208/2072 3322/3589/3322 3317/3555/3317
f 2076/2212/2076 3317/3555/3317 3166/3394/3166
f 3317/3555/3317 2076/2212/2076 2072/2208/2072
f 2134/2270/2134 2137/2273/2137 2136/2272/2136
f 3317/3555/3317 3090/3310/3090 3166/3394/3166
f 3328/3567/3328 2136/2272/2136 2137/2273/2137
f 2071/2207/2071 2072/2208/2072 2076/2212/2076
f 3336/3575/3336 3342/3581/3342 2119/2255/2119
f 2102/2238/2102 3341/3580/3341 3348/3590/3348
f 2071/2207/2071 2076/2212/2076 2075/2211/2075
f 2076/2212/2076 3166/3394/3166 3175/3403/3175
f 3166/3394/3166 3167/3395/3167 3175/3403/3175
f 3303/3541/3303 3301/3539/3301 3339/3578/3339
f 3348/3590/3348 3349/3592/3349 2101/2237/2101
f 2127/2263/2127 2128/2264/2128 2135/2271/2135
f 3349/3592/3349 3312/3550/3312 3313/3551/3313
f 3312/3550/3312 3349/3592/3349 3348/3590/3348
f 3335/3574/3335 3333/3572/3333 3329/3568/3329
f 2127/2263/2127 2136/2272/2136 3333/3572/3333
f 2101/2237/2101 3349/3592/3349 3346/3585/3346
f 2127/2263/2127 3333/3572/3333 3335/3574/3335
f 2127/2263/2127 3335/3574/3335 3340/3579/3340
f 2126/2262/2126 2127/2263/2127 3340/3579/3340
f 2126/2262/2126 3340/3579/3340 3303/3541/3303
f 2119/2255/2119 2126/2262/2126 3336/3575/3336
f 3349/3592/3349 3323/3561/3323 3346/3585/3346
f 3296/3534/3296 3190/3420/3190 3096/3318/3096
f 3323/3561/3323 3349/3592/3349 3313/3551/3313
f 3190/3420/3190 3296/3534/3296 3300/3538/3300
f 2102/2238/2102 3348/3590/3348 2101/2237/2101
f 3346/3585/3346 1979/2115/1979 2101/2237/2101
f 3345/3584/3345 3307/3545/3307 3312/3550/3312
f 3296/3534/3296 3096/3318/3096 3099/3321/3099
f 1963/2096/1963 2150/2286/2150 2145/2281/2145
f 3350/3593/3350 1797/1778/1797 1799/1780/1799
f 3351/3594/3351 3352/3595/3352 3353/3596/3353
f 3354/3597/3354 3169/3397/3169 3353/3596/3353
f 1802/1795/1802 1805/1800/1805 1792/1769/1792
f 2824/3024/2824 1802/1795/1802 1792/1769/1792
f 3355/3598/3355 3356/3599/3356 3357/3600/3357
f 2824/3024/2824 2826/3026/2826 3358/3601/3358
f 3350/3593/3350 1804/1797/1804 1801/1792/1801
f 3358/3601/3358 1801/1792/1801 1803/1796/1803
f 1802/1795/1802 2824/3024/2824 3358/3601/3358
f 1804/1797/1804 3350/3593/3350 1799/1780/1799
f 3358/3601/3358 3350/3593/3350 1801/1792/1801
f 3358/3601/3358 3359/3602/3359 3350/3593/3350
f 1802/1795/1802 3358/3601/3358 1803/1796/1803
f 3350/3593/3350 3359/3602/3359 1794/1772/1794
f 3355/3598/3355 3352/3595/3352 3356/3599/3356
f 3360/3603/3360 3356/3599/3356 3361/3604/3361
f 3356/3599/3356 3352/3595/3352 3361/3604/3361
f 3087/3307/3087 3169/3397/3169 3362/3605/3362
f 1800/1787/1800 3363/3606/3363 1612/222/1612
f 3364/3607/3364 3085/3305/3085 3355/3598/3355
f 3365/3608/3365 3366/3609/3366 3367/3610/3367
f 3241/3474/3241 3368/3611/3368 3240/3473/3240
f 3241/3474/3241 3369/3612/3369 3368/3611/3368
f 1798/1779/1798 1795/1773/1795 1796/1775/1796
f 3350/3593/3350 1794/1772/1794 1797/1778/1797
f 1800/1787/1800 1796/1775/1796 3370/3613/3370
f 1794/1772/1794 3359/3602/3359 3371/3614/3371
f 1800/1787/1800 3370/3613/3370 3363/3606/3363
f 3245/3478/3245 3372/3615/3372 3246/3479/3246
f 3355/3598/3355 3354/3597/3354 3352/3595/3352
f 3354/3597/3354 3353/3596/3353 3352/3595/3352
f 3371/3614/3371 1795/1773/1795 1794/1772/1794
f 3352/3595/3352 3351/3594/3351 3361/3604/3361
f 3246/3479/3246 3373/3616/3373 3247/3480/3247
f 3246/3479/3246 3248/3481/3248 3245/3478/3245
f 3373/3616/3373 3075/3295/3075 3074/3294/3074
f 3244/3477/3244 3240/3473/3240 3372/3615/3372
f 3245/3478/3245 3244/3477/3244 3372/3615/3372
f 3372/3615/3372 3374/3617/3374 3246/3479/3246
f 3375/3618/3375 3373/3616/3373 3246/3479/3246
f 3376/3619/3376 3365/3608/3365 3367/3610/3367
f 3366/3609/3366 3373/3616/3373 3375/3618/3375
f 3372/3615/3372 3240/3473/3240 3368/3611/3368
f 3359/3602/3359 3377/3620/3377 3371/3614/3371
f 3378/3621/3378 3375/3618/3375 3246/3479/3246
f 3378/3621/3378 3374/3617/3374 3375/3618/3375
f 3375/3618/3375 3374/3617/3374 3379/3622/3379
f 3360/3603/3360 3361/3604/3361 3380/3623/3380
f 3379/3622/3379 3381/3624/3381 3375/3618/3375
f 3382/3625/3382 3383/3626/3383 3372/3615/3372
f 3368/3611/3368 3382/3625/3382 3372/3615/3372
f 3379/3622/3379 3384/3627/3384 3381/3624/3381
f 3374/3617/3374 3383/3626/3383 3379/3622/3379
f 3368/3611/3368 3385/3628/3385 3382/3625/3382
f 3386/3629/3386 3383/3626/3383 3382/3625/3382
f 3387/3630/3387 3385/3628/3385 3368/3611/3368
f 3379/3622/3379 3388/3631/3388 3384/3627/3384
f 3385/3628/3385 3389/3632/3389 3382/3625/3382
f 3381/3624/3381 3366/3609/3366 3375/3618/3375
f 3378/3621/3378 3246/3479/3246 3374/3617/3374
f 3390/3633/3390 3391/3634/3391 3392/3635/3392
f 3386/3629/3386 3379/3622/3379 3383/3626/3383
f 3381/3624/3381 3393/3636/3393 3394/3637/3394
f 3392/3635/3392 3391/3634/3391 3395/3638/3395
f 3395/3638/3395 3396/3639/3396 3392/3635/3392
f 3384/3627/3384 3397/3640/3397 3393/3636/3393
f 3384/3627/3384 3388/3631/3388 3397/3640/3397
f 3383/3626/3383 3374/3617/3374 3372/3615/3372
f 3393/3636/3393 3398/3641/3398 3394/3637/3394
f 3395/3638/3395 3399/3642/3399 3396/3639/3396
f 3384/3627/3384 3393/3636/3393 3381/3624/3381
f 3400/3643/3400 3393/3636/3393 3401/3644/3401
f 3398/3641/3398 3393/3636/3393 3400/3643/3400
f 3402/3645/3402 3388/3631/3388 3386/3629/3386
f 3393/3636/3393 3397/3640/3397 3401/3644/3401
f 3379/3622/3379 3386/3629/3386 3388/3631/3388
f 3389/3632/3389 3402/3645/3402 3386/3629/3386
f 3388/3631/3388 3402/3645/3402 3397/3640/3397
f 3402/3645/3402 3389/3632/3389 3403/3646/3403
f 3389/3632/3389 3404/3647/3404 3399/3642/3399
f 3404/3647/3404 3389/3632/3389 3385/3628/3385
f 3399/3642/3399 3403/3646/3403 3389/3632/3389
f 3399/3642/3399 3395/3638/3395 3403/3646/3403
f 3400/3643/3400 3401/3644/3401 3405/3648/3405
f 3401/3644/3401 3402/3645/3402 3403/3646/3403
f 3402/3645/3402 3401/3644/3401 3397/3640/3397
f 3406/3649/3406 3407/3650/3407 3400/3643/3400
f 3408/3651/3408 3409/3652/3409 3400/3643/3400
f 3400/3643/3400 3409/3652/3409 3406/3649/3406
f 3401/3644/3401 3410/3653/3410 3405/3648/3405
f 3389/3632/3389 3386/3629/3386 3382/3625/3382
f 3395/3638/3395 3391/3634/3391 3411/3654/3411
f 3410/3653/3410 3401/3644/3401 3403/3646/3403
f 3395/3638/3395 3411/3654/3411 3412/3655/3412
f 3403/3646/3403 3412/3655/3412 3410/3653/3410
f 3403/3646/3403 3395/3638/3395 3412/3655/3412
f 3413/3656/3413 3410/3653/3410 3412/3655/3412
f 3390/3633/3390 3412/3655/3412 3411/3654/3411
f 3405/3648/3405 3410/3653/3410 3413/3656/3413
f 3411/3654/3411 3391/3634/3391 3390/3633/3390
f 3400/3643/3400 3413/3656/3413 3408/3651/3408
f 3400/3643/3400 3405/3648/3405 3413/3656/3413
f 3408/3651/3408 3413/3656/3413 3414/3657/3414
f 1796/1775/1796 1795/1773/1795 3370/3613/3370
f 1795/1773/1795 3371/3614/3371 3415/3658/3415
f 1795/1773/1795 3415/3658/3415 3370/3613/3370
f 3370/3613/3370 3415/3658/3415 3416/3659/3416
f 3370/3613/3370 3416/3659/3416 3363/3606/3363
f 3380/3623/3380 3361/3604/3361 3376/3619/3376
f 3414/3657/3414 3413/3656/3413 3412/3655/3412
f 3363/3606/3363 3416/3659/3416 3408/3651/3408
f 3258/3491/3258 3257/3490/3257 3331/3570/3331
f 3417/3660/3417 2826/3026/2826 2853/3055/2853
f 3376/3619/3376 3367/3610/3367 3380/3623/3380
f 3259/3492/3259 3255/3488/3255 3258/3491/3258
f 3419/3661/3419 3420/3662/3420 3359/3602/3359
f 3351/3594/3351 3376/3619/3376 3361/3604/3361
f 3331/3570/3331 3332/3571/3332 3258/3491/3258
f 3258/3491/3258 3321/3559/3321 3418/3663/3418
f 2853/3055/2853 2849/3051/2849 3417/3660/3417
f 3332/3571/3332 3321/3559/3321 3258/3491/3258
f 3366/3609/3366 3394/3637/3394 3367/3610/3367
f 3376/3619/3376 3351/3594/3351 3421/3664/3421
f 3422/3665/3422 3325/3564/3325 3423/3666/3423
f 3359/3602/3359 2826/3026/2826 3419/3661/3419
f 3424/3667/3424 3321/3559/3321 3318/3556/3318
f 3419/3661/3419 3425/3668/3425 3420/3662/3420
f 3321/3559/3321 3424/3667/3424 3426/3669/3426
f 3424/3667/3424 3325/3564/3325 3422/3665/3422
f 2826/3026/2826 3359/3602/3359 3358/3601/3358
f 3325/3564/3325 3424/3667/3424 3324/3563/3324
f 3318/3556/3318 3324/3563/3324 3424/3667/3424
f 3311/3549/3311 3308/3546/3308 3305/3543/3305
f 3427/3670/3427 3377/3620/3377 3428/3671/3428
f 3429/3672/3429 3311/3549/3311 3305/3543/3305
f 3417/3660/3417 3425/3668/3425 3419/3661/3419
f 2826/3026/2826 3417/3660/3417 3419/3661/3419
f 3355/3598/3355 3085/3305/3085 3362/3605/3362
f 3425/3668/3425 3430/3673/3430 3420/3662/3420
f 3376/3619/3376 3366/3609/3366 3365/3608/3365
f 3362/3605/3362 3085/3305/3085 3087/3307/3087
f 3366/3609/3366 3376/3619/3376 3421/3664/3421
f 3309/3547/3309 3311/3549/3311 3325/3564/3325
f 3362/3605/3362 3354/3597/3354 3355/3598/3355
f 3311/3549/3311 3423/3666/3423 3325/3564/3325
f 3354/3597/3354 3362/3605/3362 3169/3397/3169
f 3431/3674/3431 3417/3660/3417 2849/3051/2849
f 3432/3675/3432 3417/3660/3417 3431/3674/3431
f 2849/3051/2849 2842/3044/2842 3431/3674/3431
f 3083/3303/3083 3082/3302/3082 3169/3397/3169
f 3431/3674/3431 2842/3044/2842 3434/3676/3434
f 2839/3041/2839 3085/3305/3085 3364/3607/3364
f 3259/3492/3259 3433/3677/3433 3294/3532/3294
f 3169/3397/3169 3082/3302/3082 3353/3596/3353
f 3263/3496/3263 3294/3532/3294 3435/3678/3435
f 3294/3532/3294 3260/3493/3260 3259/3492/3259
f 3369/3612/3369 3263/3496/3263 3435/3678/3435
f 3263/3496/3263 3369/3612/3369 3241/3474/3241
f 3294/3532/3294 3433/3677/3433 3436/3679/3436
f 3259/3492/3259 3418/3663/3418 3433/3677/3433
f 3369/3612/3369 3435/3678/3435 3387/3630/3387
f 3418/3663/3418 3321/3559/3321 3436/3679/3436
f 3321/3559/3321 3426/3669/3426 3436/3679/3436
f 3418/3663/3418 3259/3492/3259 3258/3491/3258
f 3385/3628/3385 3387/3630/3387 3437/3680/3437
f 3437/3680/3437 3438/3681/3438 3385/3628/3385
f 3294/3532/3294 3439/3682/3439 3435/3678/3435
f 3369/3612/3369 3387/3630/3387 3368/3611/3368
f 3418/3663/3418 3436/3679/3436 3433/3677/3433
f 3439/3682/3439 3294/3532/3294 3436/3679/3436
f 3438/3681/3438 3437/3680/3437 3440/3683/3440
f 3435/3678/3435 3437/3680/3437 3387/3630/3387
f 3439/3682/3439 3440/3683/3440 3437/3680/3437
f 3437/3680/3437 3435/3678/3435 3439/3682/3439
f 3426/3669/3426 3424/3667/3424 3422/3665/3422
f 3426/3669/3426 3441/3684/3441 3442/3685/3442
f 3442/3685/3442 3441/3684/3441 3443/3686/3443
f 3422/3665/3422 3441/3684/3441 3426/3669/3426
f 3423/3666/3423 3444/3687/3444 3422/3665/3422
f 3422/3665/3422 3444/3687/3444 3445/3688/3445
f 3441/3684/3441 3445/3688/3445 3443/3686/3443
f 3426/3669/3426 3442/3685/3442 3436/3679/3436
f 3438/3681/3438 3404/3647/3404 3385/3628/3385
f 3445/3688/3445 3441/3684/3441 3422/3665/3422
f 3443/3686/3443 3446/3689/3446 3438/3681/3438
f 3436/3679/3436 3442/3685/3442 3439/3682/3439
f 3446/3689/3446 3399/3642/3399 3404/3647/3404
f 3440/3683/3440 3443/3686/3443 3438/3681/3438
f 3440/3683/3440 3442/3685/3442 3443/3686/3443
f 3440/3683/3440 3439/3682/3439 3442/3685/3442
f 3445/3688/3445 3447/3690/3447 3448/3691/3448
f 3399/3642/3399 3446/3689/3446 3396/3639/3396
f 3404/3647/3404 3438/3681/3438 3446/3689/3446
f 3445/3688/3445 3446/3689/3446 3443/3686/3443
f 3445/3688/3445 3449/3692/3449 3447/3690/3447
f 3444/3687/3444 3449/3692/3449 3445/3688/3445
f 3449/3692/3449 3450/3693/3450 3447/3690/3447
f 3311/3549/3311 3449/3692/3449 3423/3666/3423
f 3448/3691/3448 3446/3689/3446 3445/3688/3445
f 3444/3687/3444 3423/3666/3423 3449/3692/3449
f 3450/3693/3450 3449/3692/3449 3451/3694/3451
f 3429/3672/3429 3451/3694/3451 3449/3692/3449
f 3429/3672/3429 3452/3695/3452 3451/3694/3451
f 3451/3694/3451 3452/3695/3452 3450/3693/3450
f 3449/3692/3449 3311/3549/3311 3429/3672/3429
f 3448/3691/3448 3396/3639/3396 3446/3689/3446
f 3447/3690/3447 3450/3693/3450 3448/3691/3448
f 3448/3691/3448 3450/3693/3450 3396/3639/3396
f 3452/3695/3452 3453/3696/3453 3392/3635/3392
f 3453/3696/3453 3454/3697/3454 3392/3635/3392
f 3454/3697/3454 3390/3633/3390 3392/3635/3392
f 3454/3697/3454 3455/3698/3455 3390/3633/3390
f 2842/3044/2842 2838/3040/2838 3434/3676/3434
f 3417/3660/3417 3432/3675/3432 3425/3668/3425
f 3432/3675/3432 3456/3699/3456 3430/3673/3430
f 3425/3668/3425 3432/3675/3432 3430/3673/3430
f 1604/194/1604 3457/3700/3457 1606/201/1606
f 3458/3701/3458 1603/192/1603 3457/3700/3457
f 3455/3698/3455 3457/3700/3457 1604/194/1604
f 1606/201/1606 3457/3700/3457 1603/192/1603
f 3429/3672/3429 3459/3702/3459 3452/3695/3452
f 3359/3602/3359 3420/3662/3420 3377/3620/3377
f 3459/3702/3459 3453/3696/3453 3452/3695/3452
f 1605/195/1605 1604/194/1604 1606/201/1606
f 3420/3662/3420 3430/3673/3430 3377/3620/3377
f 3396/3639/3396 3450/3693/3450 3392/3635/3392
f 3392/3635/3392 3450/3693/3450 3452/3695/3452
f 3076/3296/3076 3085/3305/3085 2839/3041/2839
f 1607/211/1607 3455/3698/3455 1604/194/1604
f 3377/3620/3377 3427/3670/3427 3415/3658/3415
f 3412/3655/3412 3460/3703/3460 3414/3657/3414
f 3460/3703/3460 3461/3704/3461 3414/3657/3414
f 1610/214/1610 3461/3704/3461 3460/3703/3460
f 1607/211/1607 1611/216/1611 1610/214/1610
f 3390/3633/3390 3460/3703/3460 3412/3655/3412
f 1610/214/1610 1611/216/1611 1608/212/1608
f 3363/3606/3363 3408/3651/3408 3414/3657/3414
f 1607/211/1607 3460/3703/3460 3455/3698/3455
f 3461/3704/3461 3363/3606/3363 3414/3657/3414
f 1612/222/1612 3461/3704/3461 1609/213/1609
f 3460/3703/3460 1607/211/1607 1610/214/1610
f 3363/3606/3363 3461/3704/3461 1612/222/1612
f 3390/3633/3390 3455/3698/3455 3460/3703/3460
f 3371/3614/3371 3377/3620/3377 3415/3658/3415
f 1783/1729/1783 1800/1787/1800 1612/222/1612
f 3364/3607/3364 3462/3705/3462 2839/3041/2839
f 3463/3706/3463 3464/3707/3464 3428/3671/3428
f 3428/3671/3428 3377/3620/3377 3430/3673/3430
f 3416/3659/3416 3406/3649/3406 3409/3652/3409
f 3409/3652/3409 3408/3651/3408 3416/3659/3416
f 3430/3673/3430 3463/3706/3463 3428/3671/3428
f 3357/3600/3357 3364/3607/3364 3355/3598/3355
f 3357/3600/3357 3356/3599/3356 3434/3676/3434
f 3415/3658/3415 3406/3649/3406 3416/3659/3416
f 3427/3670/3427 3428/3671/3428 3406/3649/3406
f 3461/3704/3461 1610/214/1610 1609/213/1609
f 3429/3672/3429 3465/3708/3465 3466/3709/3466
f 3406/3649/3406 3415/3658/3415 3427/3670/3427
f 3351/3594/3351 3081/3301/3081 3421/3664/3421
f 3351/3594/3351 3353/3596/3353 3081/3301/3081
f 3431/3674/3431 3456/3699/3456 3432/3675/3432
f 3465/3708/3465 1616/247/1616 3466/3709/3466
f 3429/3672/3429 3305/3543/3305 3465/3708/3465
f 3305/3543/3305 1617/249/1617 3465/3708/3465
f 3428/3671/3428 3407/3650/3407 3406/3649/3406
f 3428/3671/3428 3464/3707/3464 3407/3650/3407
f 3463/3706/3463 3467/3710/3467 3464/3707/3464
f 3462/3705/3462 3364/3607/3364 3357/3600/3357
f 3468/3711/3468 3469/3712/3469 3367/3610/3367
f 1617/249/1617 1616/247/1616 3465/3708/3465
f 1613/242/1613 1618/250/1618 1617/249/1617
f 3467/3710/3467 3469/3712/3469 3464/3707/3464
f 3470/3713/3470 3467/3710/3467 3463/3706/3463
f 3407/3650/3407 3398/3641/3398 3400/3643/3400
f 3075/3295/3075 3421/3664/3421 3081/3301/3081
f 3469/3712/3469 3468/3711/3468 3398/3641/3398
f 3367/3610/3367 3394/3637/3394 3468/3711/3468
f 3398/3641/3398 3407/3650/3407 3464/3707/3464
f 3434/3676/3434 3456/3699/3456 3431/3674/3431
f 3466/3709/3466 3459/3702/3459 3429/3672/3429
f 3464/3707/3464 3469/3712/3469 3398/3641/3398
f 3398/3641/3398 3468/3711/3468 3394/3637/3394
f 3459/3702/3459 3466/3709/3466 1615/246/1615
f 1615/246/1615 3466/3709/3466 1616/247/1616
f 3471/3714/3471 3453/3696/3453 3459/3702/3459
f 3458/3701/3458 3453/3696/3453 3471/3714/3471
f 3457/3700/3457 3454/3697/3454 3458/3701/3458
f 3458/3701/3458 3471/3714/3471 1603/192/1603
f 3453/3696/3453 3458/3701/3458 3454/3697/3454
f 3457/3700/3457 3455/3698/3455 3454/3697/3454
f 1602/191/1602 1606/201/1606 1603/192/1603
f 3471/3714/3471 3459/3702/3459 1615/246/1615
f 3434/3676/3434 2838/3040/2838 3462/3705/3462
f 3434/3676/3434 3472/3715/3472 3456/3699/3456
f 3430/3673/3430 3456/3699/3456 3470/3713/3470
f 3430/3673/3430 3470/3713/3470 3463/3706/3463
f 3472/3715/3472 3434/3676/3434 3356/3599/3356
f 3470/3713/3470 3472/3715/3472 3467/3710/3467
f 3456/3699/3456 3472/3715/3472 3470/3713/3470
f 3472/3715/3472 3360/3603/3360 3467/3710/3467
f 3467/3710/3467 3360/3603/3360 3380/3623/3380
f 3360/3603/3360 3472/3715/3472 3356/3599/3356
f 3469/3712/3469 3467/3710/3467 3380/3623/3380
f 3380/3623/3380 3367/3610/3367 3469/3712/3469
f 1615/246/1615 1603/192/1603 3471/3714/3471
f 3076/3296/3076 2839/3041/2839 2835/3037/2835
f 3075/3295/3075 3373/3616/3373 3421/3664/3421
f 3353/3596/3353 3082/3302/3082 3081/3301/3081
f 3434/3676/3434 3462/3705/3462 3357/3600/3357
f 3421/3664/3421 3373/3616/3373 3366/3609/3366
f 3462/3705/3462 2838/3040/2838 2839/3041/2839
f 3366/3609/3366 3381/3624/3381 3394/3637/3394
f 3074/3294/3074 3247/3480/3247 3373/3616/3373
f 3473/3716/3473 3474/3717/3474 3475/3718/3475
f 3475/3718/3475 3476/3719/3476 3477/3720/3477
f 1649/712/1649 1664/838/1664 1663/837/1663
f 3478/3721/3478 3479/3722/3479 3480/3723/3480
f 1649/712/1649 1663/837/1663 3481/3724/3481
f 3482/3725/3482 1649/712/1649 3481/3724/3481
f 1663/837/1663 1665/840/1665 3483/3726/3483
f 3482/3725/3482 3481/3724/3481 3478/3721/3478
f 3478/3721/3478 3484/3727/3484 3479/3722/3479
f 3481/3724/3481 1663/837/1663 3483/3726/3483
f 3478/3721/3478 3483/3726/3483 3484/3727/3484
f 3481/3724/3481 3483/3726/3483 3478/3721/3478
f 3485/3728/3485 1661/3729/1661 3486/3730/3486
f 3487/3731/3487 3484/3727/3484 3483/3726/3483
f 3475/3718/3475 3474/3717/3474 3488/3732/3488
f 1660/809/1660 3489/3733/3489 1665/840/1665
f 1665/840/1665 3489/3733/3489 3483/3726/3483
f 1660/809/1660 1661/811/1661 3485/3734/3485
f 1662/825/1662 1659/796/1659 1661/3729/1661
f 3489/3733/3489 1660/809/1660 3485/3734/3485
f 3485/3734/3485 3487/3731/3487 3483/3726/3483
f 1659/796/1659 1650/748/1650 1651/749/1651
f 3490/3735/3490 3491/3736/3491 3492/3737/3492
f 3487/3738/3487 3485/3728/3485 3493/3739/3493
f 3486/3730/3486 1661/3729/1661 1659/796/1659
f 1655/785/1655 1656/786/1656 1654/767/1654
f 1659/796/1659 1651/749/1651 3486/3730/3486
f 3494/3740/3494 3495/3741/3495 3493/3739/3493
f 3496/3742/3496 3494/3740/3494 3493/3739/3493
f 3497/3743/3497 3498/3744/3498 3499/3745/3499
f 3492/3737/3492 3500/3746/3500 3501/3747/3501
f 3493/3739/3493 3502/3748/3502 3496/3742/3496
f 3503/3749/3503 3496/3742/3496 3504/3750/3504
f 3504/3750/3504 3499/3745/3499 3498/3744/3498
f 3496/3742/3496 3499/3745/3499 3504/3750/3504
f 3501/3747/3501 3505/3751/3505 3492/3737/3492
f 3506/3752/3506 3507/3753/3507 3473/3716/3473
f 3508/3754/3508 3509/3755/3509 3501/3747/3501
f 3501/3747/3501 3509/3755/3509 3505/3751/3505
f 3496/3742/3496 3503/3749/3503 3510/3756/3510
f 3511/3757/3511 3505/3751/3505 3509/3755/3509
f 3500/3746/3500 3492/3737/3492 3491/3736/3491
f 3493/3739/3493 3485/3728/3485 3486/3730/3486
f 3487/3738/3487 3493/3739/3493 3512/3758/3512
f 3513/3759/3513 3514/3760/3514 3515/3761/3515
f 3489/3733/3489 3485/3734/3485 3483/3726/3483
f 3516/3762/3516 3511/3757/3511 3509/3755/3509
f 3517/3763/3517 3493/3739/3493 3486/3730/3486
f 3516/3762/3516 3518/3764/3518 3519/3765/3519
f 3520/3766/3520 3516/3762/3516 3519/3765/3519
f 3495/3741/3495 3512/3758/3512 3493/3739/3493
f 3517/3763/3517 3521/3767/3521 3522/3768/3522
f 3522/3768/3522 3502/3748/3502 3517/3763/3517
f 3521/3767/3521 3517/3763/3517 3486/3730/3486
f 3523/3769/3523 3524/3770/3524 3525/3771/3525
f 1652/762/1652 3522/3768/3522 3521/3767/3521
f 3516/3762/3516 3525/3771/3525 3526/3772/3526
f 3511/3757/3511 3516/3762/3516 3526/3772/3526
f 3520/3766/3520 3519/3765/3519 3527/3773/3527
f 3525/3771/3525 3516/3762/3516 3520/3766/3520
f 3509/3755/3509 3508/3754/3508 3516/3762/3516
f 3502/3748/3502 3522/3768/3522 3528/3774/3528
f 3517/3763/3517 3502/3748/3502 3493/3739/3493
f 3523/3769/3523 3525/3771/3525 3520/3766/3520
f 3528/3774/3528 3499/3745/3499 3502/3748/3502
f 1654/767/1654 3528/3774/3528 3522/3768/3522
f 1654/767/1654 1656/786/1656 3528/3774/3528
f 3520/3766/3520 3529/3775/3529 3523/3769/3523
f 3520/3766/3520 3527/3773/3527 3529/3775/3529
f 3507/3753/3507 3530/3776/3530 3473/3716/3473
f 3529/3775/3529 3531/3777/3531 3532/3778/3532
f 3507/3753/3507 3533/3779/3533 3530/3776/3530
f 3496/3742/3496 3502/3748/3502 3499/3745/3499
f 3534/3780/3534 3529/3775/3529 3527/3773/3527
f 3535/3781/3535 3536/3782/3536 3529/3775/3529
f 3534/3780/3534 3535/3781/3535 3529/3775/3529
f 3537/3783/3537 3535/3781/3535 3534/3780/3534
f 3538/3784/3538 3479/3722/3479 3539/3785/3539
f 3540/3786/3540 3499/3745/3499 1656/786/1656
f 1652/762/1652 3486/3730/3486 1651/749/1651
f 3499/3745/3499 3540/3786/3540 3497/3743/3497
f 1656/786/1656 3499/3745/3499 3528/3774/3528
f 3541/3787/3541 3514/3760/3514 3534/3780/3534
f 3535/3781/3535 3542/3788/3542 3536/3782/3536
f 3543/3789/3543 3542/3788/3542 3544/3790/3544
f 3515/3761/3515 3545/3791/3545 3513/3759/3513
f 3544/3790/3544 3542/3788/3542 3535/3781/3535
f 3542/3788/3542 3546/3792/3546 3547/3793/3547
f 3535/3781/3535 3548/3794/3548 3544/3790/3544
f 3543/3789/3543 3544/3790/3544 3549/3795/3549
f 3548/3794/3548 3549/3795/3549 3544/3790/3544
f 3550/3796/3550 3551/3797/3551 3533/3779/3533
f 3527/3773/3527 3541/3787/3541 3534/3780/3534
f 3486/3730/3486 1652/762/1652 3521/3767/3521
f 1652/762/1652 1653/763/1653 3522/3768/3522
f 1654/767/1654 3522/3768/3522 1653/763/1653
f 3538/3784/3538 3480/3723/3480 3479/3722/3479
f 3539/3785/3539 3552/3798/3552 3553/3799/3553
f 3529/3775/3529 3536/3782/3536 3531/3777/3531
f 3536/3782/3536 3542/3788/3542 3547/3793/3547
f 3554/3800/3554 3546/3792/3546 3542/3788/3542
f 3543/3789/3543 3554/3800/3554 3542/3788/3542
f 3555/3801/3555 3548/3794/3548 3514/3760/3514
f 3554/3800/3554 3556/3802/3556 3557/3803/3557
f 3554/3800/3554 3557/3803/3557 3546/3792/3546
f 3557/3803/3557 3558/3804/3558 3559/3805/3559
f 3557/3803/3557 3556/3802/3556 3558/3804/3558
f 3533/3779/3533 3507/3753/3507 3550/3796/3550
f 3554/3800/3554 3543/3789/3543 3556/3802/3556
f 3560/3806/3560 3549/3795/3549 3548/3794/3548
f 3561/3807/3561 3562/3808/3562 3556/3802/3556
f 3563/3809/3563 3564/3810/3564 3565/3811/3565
f 3566/3812/3566 3567/3813/3567 3565/3811/3565
f 3568/3814/3568 3512/3758/3512 3495/3741/3495
f 3552/3798/3552 3484/3727/3484 3569/3815/3569
f 3570/3816/3570 3494/3740/3494 3571/3817/3571
f 3562/3808/3562 3566/3812/3566 3572/3818/3572
f 3562/3808/3562 3572/3818/3572 3558/3804/3558
f 3573/3819/3573 3474/3717/3474 3473/3716/3473
f 3572/3818/3572 3566/3812/3566 3564/3810/3564
f 3566/3812/3566 3562/3808/3562 3561/3807/3561
f 3564/3810/3564 3563/3809/3563 3574/3820/3574
f 3552/3798/3552 3479/3722/3479 3484/3727/3484
f 3539/3785/3539 3479/3722/3479 3552/3798/3552
f 3510/3756/3510 3571/3817/3571 3494/3740/3494
f 3553/3799/3553 3552/3798/3552 3575/3821/3575
f 3570/3816/3570 3568/3814/3568 3495/3741/3495
f 3575/3821/3575 3552/3798/3552 3569/3815/3569
f 3570/3816/3570 3495/3741/3495 3494/3740/3494
f 3564/3810/3564 3566/3812/3566 3565/3811/3565
f 3576/3822/3576 3571/3817/3571 3510/3756/3510
f 3558/3804/3558 3556/3802/3556 3562/3808/3562
f 3564/3810/3564 3577/3823/3577 3572/3818/3572
f 3578/3824/3578 3563/3809/3563 3497/3743/3497
f 1770/1653/1770 1772/1662/1772 1766/1642/1766
f 1657/788/1657 1772/1662/1772 1770/1653/1770
f 3579/3825/3579 3578/3824/3578 1770/1653/1770
f 1772/1662/1772 1657/788/1657 1658/793/1658
f 3578/3824/3578 3497/3743/3497 1770/1653/1770
f 1770/1653/1770 3497/3743/3497 3540/3786/3540
f 3503/3749/3503 3567/3813/3567 3580/3826/3580
f 3576/3822/3576 3581/3827/3581 3571/3817/3571
f 3540/3786/3540 1657/788/1657 1770/1653/1770
f 3563/3809/3563 3498/3744/3498 3497/3743/3497
f 3494/3740/3494 3496/3742/3496 3510/3756/3510
f 3580/3826/3580 3576/3822/3576 3510/3756/3510
f 3571/3817/3571 3581/3827/3581 3570/3816/3570
f 3565/3811/3565 3504/3750/3504 3498/3744/3498
f 3473/3716/3473 3530/3776/3530 3573/3819/3573
f 3506/3752/3506 3582/3828/3582 3581/3827/3581
f 3565/3811/3565 3503/3749/3503 3504/3750/3504
f 3582/3828/3582 3570/3816/3570 3581/3827/3581
f 1656/786/1656 1657/788/1657 3540/3786/3540
f 3565/3811/3565 3567/3813/3567 3503/3749/3503
f 3565/3811/3565 3498/3744/3498 3563/3809/3563
f 3583/3829/3583 3576/3822/3576 3580/3826/3580
f 3566/3812/3566 3580/3826/3580 3567/3813/3567
f 3584/3830/3584 3580/3826/3580 3566/3812/3566
f 3510/3756/3510 3503/3749/3503 3580/3826/3580
f 3584/3830/3584 3566/3812/3566 3561/3807/3561
f 3556/3802/3556 3585/3831/3585 3561/3807/3561
f 3560/3806/3560 3585/3831/3585 3556/3802/3556
f 3561/3807/3561 3585/3831/3585 3584/3830/3584
f 3560/3806/3560 3586/3832/3586 3585/3831/3585
f 3556/3802/3556 3543/3789/3543 3560/3806/3560
f 3587/3833/3587 3581/3827/3581 3576/3822/3576
f 3549/3795/3549 3560/3806/3560 3543/3789/3543
f 3587/3833/3587 3588/3834/3588 3550/3796/3550
f 3589/3835/3589 3548/3794/3548 3555/3801/3555
f 3587/3833/3587 3583/3829/3583 3588/3834/3588
f 3587/3833/3587 3576/3822/3576 3583/3829/3583
f 3587/3833/3587 3507/3753/3507 3506/3752/3506
f 3506/3752/3506 3581/3827/3581 3587/3833/3587
f 3500/3746/3500 3590/3836/3590 3591/3837/3591
f 3537/3783/3537 3514/3760/3514 3548/3794/3548
f 3551/3797/3551 3550/3796/3550 3555/3801/3555
f 3587/3833/3587 3550/3796/3550 3507/3753/3507
f 3537/3783/3537 3548/3794/3548 3535/3781/3535
f 3592/3838/3592 3508/3754/3508 3591/3837/3591
f 3593/3839/3593 3591/3837/3591 3594/3840/3594
f 3580/3826/3580 3584/3830/3584 3583/3829/3583
f 3595/3841/3595 3593/3839/3593 3594/3840/3594
f 3500/3746/3500 3508/3754/3508 3501/3747/3501
f 3583/3829/3583 3584/3830/3584 3585/3831/3585
f 3589/3835/3589 3550/3796/3550 3588/3834/3588
f 3596/3842/3596 3595/3841/3595 3597/3843/3597
f 3598/3844/3598 3595/3841/3595 3599/3845/3599
f 3583/3829/3583 3586/3832/3586 3588/3834/3588
f 3583/3829/3583 3585/3831/3585 3586/3832/3586
f 3599/3845/3599 3595/3841/3595 3596/3842/3596
f 3560/3806/3560 3548/3794/3548 3589/3835/3589
f 3600/3846/3600 3599/3845/3599 3596/3842/3596
f 3560/3806/3560 3588/3834/3588 3586/3832/3586
f 3588/3834/3588 3560/3806/3560 3589/3835/3589
f 3593/3839/3593 3601/3847/3601 3591/3837/3591
f 3602/3848/3602 3553/3799/3553 3575/3821/3575
f 3550/3796/3550 3589/3835/3589 3555/3801/3555
f 3592/3838/3592 3591/3837/3591 3601/3847/3601
f 3555/3801/3555 3514/3760/3514 3551/3797/3551
f 3601/3847/3601 3593/3839/3593 3595/3841/3595
f 3514/3760/3514 3537/3783/3537 3534/3780/3534
f 3575/3849/3575 3603/3850/3603 3602/3851/3602
f 3602/3851/3602 3604/3852/3604 3476/3719/3476
f 3605/3853/3605 3606/3854/3606 3607/3855/3607
f 3608/3856/3608 3598/3844/3598 3606/3854/3606
f 3569/3815/3569 3484/3727/3484 3487/3731/3487
f 3599/3845/3599 3600/3846/3600 3606/3854/3606
f 3599/3845/3599 3606/3854/3606 3598/3844/3598
f 3600/3846/3600 3607/3855/3607 3606/3854/3606
f 3594/3840/3594 3597/3843/3597 3595/3841/3595
f 3500/3746/3500 3591/3837/3591 3508/3754/3508
f 3512/3758/3512 3568/3814/3568 3487/3738/3487
f 3609/3857/3609 3610/3858/3610 3603/3850/3603
f 3609/3857/3609 3570/3816/3570 3610/3858/3610
f 3569/3859/3569 3487/3738/3487 3609/3857/3609
f 3609/3857/3609 3575/3849/3575 3569/3859/3569
f 3609/3857/3609 3568/3814/3568 3570/3816/3570
f 3530/3776/3530 3513/3759/3513 3611/3860/3611
f 3592/3838/3592 3518/3764/3518 3508/3754/3508
f 3518/3764/3518 3516/3762/3516 3508/3754/3508
f 3575/3849/3575 3609/3857/3609 3603/3850/3603
f 3612/3861/3612 3613/3862/3613 3595/3841/3595
f 3602/3851/3602 3603/3850/3603 3604/3852/3604
f 3612/3861/3612 3595/3841/3595 3598/3844/3598
f 3595/3841/3595 3613/3862/3613 3601/3847/3601
f 3592/3838/3592 3601/3847/3601 3545/3791/3545
f 3487/3738/3487 3568/3814/3568 3609/3857/3609
f 3604/3852/3604 3477/3720/3477 3476/3719/3476
f 3515/3761/3515 3519/3765/3519 3545/3791/3545
f 3592/3838/3592 3519/3765/3519 3518/3764/3518
f 3601/3847/3601 3613/3862/3613 3545/3791/3545
f 3611/3860/3611 3513/3759/3513 3545/3791/3545
f 3611/3860/3611 3613/3862/3613 3612/3861/3612
f 3519/3765/3519 3592/3838/3592 3545/3791/3545
f 3611/3860/3611 3612/3861/3612 3614/3863/3614
f 3615/3864/3615 3614/3863/3614 3612/3861/3612
f 3611/3860/3611 3545/3791/3545 3613/3862/3613
f 3582/3828/3582 3610/3858/3610 3570/3816/3570
f 3614/3863/3614 3530/3776/3530 3611/3860/3611
f 3606/3854/3606 3605/3853/3605 3616/3865/3616
f 3530/3776/3530 3533/3779/3533 3551/3797/3551
f 3541/3787/3541 3527/3773/3527 3519/3765/3519
f 3573/3819/3573 3530/3776/3530 3614/3863/3614
f 3615/3864/3615 3573/3819/3573 3614/3863/3614
f 3573/3819/3573 3615/3864/3615 3617/3866/3617
f 3615/3864/3615 3612/3861/3612 3598/3844/3598
f 3608/3856/3608 3618/3867/3618 3615/3864/3615
f 3615/3864/3615 3618/3867/3618 3617/3866/3617
f 3616/3865/3616 3618/3867/3618 3608/3856/3608
f 3604/3852/3604 3603/3850/3603 3582/3828/3582
f 3606/3854/3606 3616/3865/3616 3608/3856/3608
f 3477/3720/3477 3604/3852/3604 3582/3828/3582
f 3551/3797/3551 3513/3759/3513 3530/3776/3530
f 3610/3858/3610 3582/3828/3582 3603/3850/3603
f 3615/3864/3615 3598/3844/3598 3608/3856/3608
f 3618/3867/3618 3619/3868/3619 3617/3866/3617
f 3619/3868/3619 3474/3717/3474 3617/3866/3617
f 3619/3868/3619 3620/3869/3620 3475/3718/3475
f 3488/3732/3488 3619/3868/3619 3475/3718/3475
f 3551/3797/3551 3514/3760/3514 3513/3759/3513
f 3617/3866/3617 3474/3717/3474 3573/3819/3573
f 3476/3719/3476 3475/3718/3475 3620/3869/3620
f 3618/3870/3618 3621/3871/3621 3619/3872/3619
f 3618/3870/3618 3616/3873/3616 3621/3871/3621
f 3622/3874/3622 3620/3875/3620 3619/3872/3619
f 3473/3716/3473 3477/3720/3477 3506/3752/3506
f 3619/3868/3619 3488/3732/3488 3474/3717/3474
f 3506/3752/3506 3477/3720/3477 3582/3828/3582
f 3473/3716/3473 3475/3718/3475 3477/3720/3477
f 3541/3787/3541 3519/3765/3519 3515/3761/3515
f 3514/3760/3514 3541/3787/3541 3515/3761/3515
f 3623/3876/3623 3624/3877/3624 3625/3878/3625
f 3626/3879/3626 3625/3878/3625 3627/3880/3627
f 3563/3809/3563 3578/3824/3578 3628/3881/3628
f 3579/3825/3579 3629/3882/3629 3578/3824/3578
f 3630/3883/3630 3623/3876/3623 3629/3882/3629
f 3629/3882/3629 3631/3884/3631 3628/3881/3628
f 3629/3882/3629 3625/3878/3625 3631/3884/3631
f 3632/3885/3632 3629/3882/3629 3579/3825/3579
f 3628/3881/3628 3578/3824/3578 3629/3882/3629
f 3626/3879/3626 3631/3884/3631 3625/3878/3625
f 3629/3882/3629 3623/3876/3623 3625/3878/3625
f 1777/1683/1777 1725/1237/1725 3633/3886/3633
f 3625/3878/3625 3624/3877/3624 3627/3880/3627
f 3627/3880/3627 3624/3877/3624 3634/3887/3634
f 3635/3888/3635 3636/3889/3636 3637/3890/3637
f 3633/3886/3633 3624/3877/3624 1777/1683/1777
f 3638/3891/3638 3633/3886/3633 1725/1237/1725
f 3635/3888/3635 3633/3886/3633 3636/3889/3636
f 3635/3888/3635 3634/3887/3634 3624/3877/3624
f 3624/3877/3624 3633/3886/3633 3635/3888/3635
f 3639/3892/3639 3559/3805/3559 3558/3804/3558
f 1769/1650/1769 1771/1654/1771 3630/3883/3630
f 3631/3884/3631 3640/3893/3640 3641/3894/3641
f 1951/2083/1951 1846/1967/1846 1851/1972/1851
f 3559/3805/3559 3642/3895/3642 3557/3803/3557
f 3546/3792/3546 3557/3803/3557 3642/3895/3642
f 3628/3881/3628 3631/3884/3631 3641/3894/3641
f 3574/3820/3574 3641/3894/3641 3643/3896/3643
f 1951/2083/1951 1949/2081/1949 1843/1964/1843
f 1770/1653/1770 3632/3885/3632 3579/3825/3579
f 3644/3897/3644 3645/3898/3645 3646/3899/3646
f 3630/3883/3630 3629/3882/3629 3632/3885/3632
f 1769/1650/1769 1770/1653/1770 1768/1644/1768
f 3644/3897/3644 3647/3900/3647 3648/3901/3648
f 3647/3900/3647 3649/3902/3649 3650/3903/3650
f 3650/3903/3650 3648/3901/3648 3647/3900/3647
f 3649/3902/3649 3647/3900/3647 3651/3904/3651
f 3645/3898/3645 3644/3897/3644 3652/3905/3652
f 3630/3883/3630 1771/1654/1771 1774/1678/1774
f 3559/3805/3559 3639/3892/3639 1851/1972/1851
f 3630/3883/3630 3632/3885/3632 1769/1650/1769
f 1767/1643/1767 1769/1650/1769 1768/1644/1768
f 1951/2083/1951 1851/1972/1851 3639/3892/3639
f 3653/3906/3653 3649/3902/3649 3654/3907/3654
f 3630/3883/3630 1774/1678/1774 3623/3876/3623
f 1769/1650/1769 3632/3885/3632 1770/1653/1770
f 1851/1972/1851 3642/3895/3642 3559/3805/3559
f 3655/3908/3655 3650/3903/3650 3653/3906/3653
f 3656/3909/3656 3626/3879/3626 3657/3910/3657
f 3658/3911/3658 3653/3906/3653 3654/3907/3654
f 1774/1678/1774 1771/1654/1771 1773/1676/1773
f 3647/3900/3647 3646/3899/3646 3659/3912/3659
f 1776/1680/1776 1775/1679/1775 1774/1678/1774
f 3660/3913/3660 1774/1678/1774 1775/1679/1775
f 3653/3906/3653 3650/3903/3650 3649/3902/3649
f 3642/3895/3642 1851/1972/1851 3661/3914/3661
f 3547/3793/3547 3546/3792/3546 3661/3914/3661
f 1774/1678/1774 3660/3913/3660 3624/3877/3624
f 1774/1678/1774 3624/3877/3624 3623/3876/3623
f 3642/3895/3642 3661/3914/3661 3546/3792/3546
f 3656/3909/3656 3657/3910/3657 3640/3893/3640
f 3660/3913/3660 1777/1683/1777 3624/3877/3624
f 3644/3897/3644 3646/3899/3646 3647/3900/3647
f 3662/3915/3662 3646/3899/3646 3663/3916/3663
f 3664/3917/3664 3657/3910/3657 3634/3887/3634
f 3646/3899/3646 3645/3898/3645 3665/3918/3665
f 3666/3919/3666 3667/3920/3667 3668/3921/3668
f 3669/3922/3669 3670/3923/3670 3663/3916/3663
f 1949/2081/1949 3671/3924/3671 1948/2080/1948
f 3663/3916/3663 3672/3925/3672 3662/3915/3662
f 3672/3925/3672 3663/3916/3663 3666/3919/3666
f 1778/1684/1778 1725/1237/1725 1777/1683/1777
f 3673/3926/3673 3674/3927/3674 3638/3891/3638
f 3660/3913/3660 1775/1679/1775 1777/1683/1777
f 3626/3879/3626 3634/3887/3634 3657/3910/3657
f 3668/3921/3668 3675/3928/3675 3676/3929/3676
f 3670/3923/3670 3666/3919/3666 3663/3916/3663
f 3669/3922/3669 3646/3899/3646 3665/3918/3665
f 3677/3930/3677 3678/3931/3678 3679/3932/3679
f 3638/3891/3638 3674/3927/3674 3633/3886/3633
f 3636/3889/3636 3674/3927/3674 3680/3933/3680
f 3674/3927/3674 3679/3932/3679 3680/3933/3680
f 3681/3934/3681 3679/3932/3679 3673/3926/3673
f 3671/3924/3671 3682/3935/3682 3657/3910/3657
f 3675/3928/3675 3683/3936/3683 3684/3937/3684
f 3646/3899/3646 3669/3922/3669 3663/3916/3663
f 3668/3921/3668 3667/3920/3667 3675/3928/3675
f 3671/3924/3671 1949/2081/1949 3682/3935/3682
f 3681/3934/3681 3673/3926/3673 1728/1333/1728
f 3646/3899/3646 3662/3915/3662 3659/3912/3659
f 3675/3928/3675 3684/3937/3684 3685/3938/3685
f 3684/3937/3684 3686/3939/3686 3685/3938/3685
f 3687/3940/3687 3685/3938/3685 3686/3939/3686
f 3688/3941/3688 1948/2080/1948 3657/3910/3657
f 3651/3904/3651 3659/3912/3659 3662/3915/3662
f 3490/3735/3490 3492/3737/3492 3686/3939/3686
f 3659/3912/3659 3651/3904/3651 3647/3900/3647
f 3492/3737/3492 3687/3940/3687 3686/3939/3686
f 3689/3942/3689 3651/3904/3651 3672/3925/3672
f 3651/3904/3651 3662/3915/3662 3672/3925/3672
f 3672/3925/3672 3690/3943/3690 3689/3942/3689
f 3651/3904/3651 3689/3942/3689 3649/3902/3649
f 3672/3925/3672 3666/3919/3666 3690/3943/3690
f 3668/3921/3668 3676/3929/3676 3666/3919/3666
f 3675/3928/3675 3691/3944/3691 3676/3929/3676
f 3676/3929/3676 3690/3943/3690 3666/3919/3666
f 3654/3907/3654 3649/3902/3649 3689/3942/3689
f 3654/3907/3654 3689/3942/3689 3692/3945/3692
f 3690/3943/3690 3692/3945/3692 3689/3942/3689
f 3692/3945/3692 3693/3946/3693 3654/3907/3654
f 3676/3929/3676 3694/3947/3694 3690/3943/3690
f 3692/3945/3692 3690/3943/3690 3694/3947/3694
f 3685/3938/3685 3691/3944/3691 3675/3928/3675
f 3694/3947/3694 3693/3946/3693 3692/3945/3692
f 3694/3947/3694 3676/3929/3676 3695/3948/3695
f 3695/3948/3695 3696/3949/3696 3694/3947/3694
f 3697/3950/3697 3685/3938/3685 3687/3940/3687
f 3695/3948/3695 3676/3929/3676 3691/3944/3691
f 3691/3944/3691 3698/3951/3698 3695/3948/3695
f 3687/3940/3687 3699/3952/3699 3697/3950/3697
f 3697/3950/3697 3691/3944/3691 3685/3938/3685
f 3698/3951/3698 3691/3944/3691 3697/3950/3697
f 3687/3940/3687 3492/3737/3492 3699/3952/3699
f 3700/3953/3700 3695/3948/3695 3697/3950/3697
f 3653/3906/3653 3701/3954/3701 3655/3908/3655
f 3700/3953/3700 3696/3949/3696 3695/3948/3695
f 3682/3935/3682 3640/3893/3640 3657/3910/3657
f 3664/3917/3664 3702/3955/3702 3688/3941/3688
f 1729/1334/1729 3673/3926/3673 3638/3891/3638
f 1948/2080/1948 3671/3924/3671 3657/3910/3657
f 3636/3889/3636 3680/3933/3680 3637/3890/3637
f 3698/3951/3698 3697/3950/3697 3695/3948/3695
f 3678/3931/3678 3680/3933/3680 3679/3932/3679
f 3492/3737/3492 3505/3751/3505 3699/3952/3699
f 3637/3890/3637 3664/3917/3664 3635/3888/3635
f 3636/3889/3636 3633/3886/3633 3674/3927/3674
f 3679/3932/3679 3674/3927/3674 3673/3926/3673
f 3699/3952/3699 3526/3772/3526 3697/3950/3697
f 3703/3956/3703 3664/3917/3664 3637/3890/3637
f 3657/3910/3657 3664/3917/3664 3688/3941/3688
f 3638/3891/3638 1725/1237/1725 1726/1239/1726
f 3702/3955/3702 3664/3917/3664 3703/3956/3703
f 1856/1977/1856 3702/3955/3702 3703/3956/3703
f 1948/2080/1948 3688/3941/3688 3702/3955/3702
f 1729/1334/1729 3638/3891/3638 1726/1239/1726
f 3696/3949/3696 3704/3957/3704 3694/3947/3694
f 3641/3894/3641 3574/3820/3574 3628/3881/3628
f 1855/1976/1855 1856/1977/1856 3703/3956/3703
f 1948/2080/1948 3702/3955/3702 1856/1977/1856
f 3705/3958/3705 3697/3950/3697 3526/3772/3526
f 3627/3880/3627 3634/3887/3634 3626/3879/3626
f 3697/3950/3697 3705/3958/3705 3700/3953/3700
f 3653/3906/3653 3658/3911/3658 3701/3954/3701
f 3640/3893/3640 3631/3884/3631 3656/3909/3656
f 3526/3772/3526 3699/3952/3699 3511/3757/3511
f 3658/3911/3658 3706/3959/3706 3701/3954/3701
f 3707/3960/3707 3708/3961/3708 3709/3962/3709
f 3626/3879/3626 3656/3909/3656 3631/3884/3631
f 3635/3888/3635 3664/3917/3664 3634/3887/3634
f 1948/2080/1948 1856/1977/1856 1844/1965/1844
f 3706/3959/3706 3658/3911/3658 3709/3962/3709
f 1850/1971/1850 3661/3914/3661 1851/1972/1851
f 3706/3959/3706 3709/3962/3709 3708/3961/3708
f 3699/3952/3699 3505/3751/3505 3511/3757/3511
f 3574/3820/3574 3563/3809/3563 3628/3881/3628
f 3547/3793/3547 3710/3963/3710 3711/3964/3711
f 3712/3965/3712 3706/3959/3706 3708/3961/3708
f 3547/3793/3547 3661/3914/3661 3710/3963/3710
f 3713/3966/3713 3536/3782/3536 3547/3793/3547
f 3564/3810/3564 3574/3820/3574 3643/3896/3643
f 3712/3965/3712 3714/3967/3714 3715/3968/3715
f 3716/3969/3716 3712/3965/3712 3708/3961/3708
f 3706/3959/3706 3712/3965/3712 3715/3968/3715
f 3531/3777/3531 3536/3782/3536 3713/3966/3713
f 3717/3970/3717 3718/3971/3718 1852/1973/1852
f 3714/3967/3714 3712/3965/3712 3716/3969/3716
f 3719/3972/3719 3716/3969/3716 3708/3961/3708
f 3720/3973/3720 3713/3966/3713 3547/3793/3547
f 3682/3935/3682 3643/3896/3643 3641/3894/3641
f 3641/3894/3641 3640/3893/3640 3682/3935/3682
f 1944/2075/1944 3714/3967/3714 1942/2073/1942
f 3721/3974/3721 3713/3966/3713 3720/3973/3720
f 1942/2073/1942 3714/3967/3714 3722/3975/3722
f 3714/3967/3714 3716/3969/3716 3722/3975/3722
f 1942/2073/1942 3722/3975/3722 1854/1975/1854
f 3716/3969/3716 3717/3970/3717 3722/3975/3722
f 3703/3956/3703 3678/3931/3678 3677/3930/3677
f 1855/1976/1855 3703/3956/3703 1867/1988/1867
f 3677/3930/3677 1867/1988/1867 3703/3956/3703
f 3723/3976/3723 3710/3963/3710 1850/1971/1850
f 3680/3933/3680 3678/3931/3678 3637/3890/3637
f 1867/1988/1867 3677/3930/3677 1868/1989/1868
f 3678/3931/3678 3703/3956/3703 3637/3890/3637
f 3677/3930/3677 3724/3977/3724 1869/1990/1869
f 3677/3930/3677 1869/1990/1869 1868/1989/1868
f 3654/3907/3654 3693/3946/3693 3709/3962/3709
f 3658/3911/3658 3654/3907/3654 3709/3962/3709
f 3725/3978/3725 3694/3947/3694 3704/3957/3704
f 3693/3946/3693 3725/3978/3725 3707/3960/3707
f 3707/3960/3707 3725/3978/3725 3726/3979/3726
f 3693/3946/3693 3694/3947/3694 3725/3978/3725
f 3700/3953/3700 3727/3980/3727 3696/3949/3696
f 3726/3979/3726 3704/3957/3704 3727/3980/3727
f 3728/3981/3728 3726/3979/3726 3727/3980/3727
f 3704/3957/3704 3726/3979/3726 3725/3978/3725
f 3729/3982/3729 3708/3961/3708 3707/3960/3707
f 3693/3946/3693 3707/3960/3707 3709/3962/3709
f 3729/3982/3729 3707/3960/3707 3730/3983/3730
f 3730/3983/3730 3707/3960/3707 3726/3979/3726
f 3720/3973/3720 3547/3793/3547 3711/3964/3711
f 3731/3984/3731 3730/3983/3730 3732/3985/3732
f 3731/3984/3731 3732/3985/3732 3728/3981/3728
f 3733/3986/3733 3721/3974/3721 3731/3984/3731
f 3728/3981/3728 3733/3986/3733 3731/3984/3731
f 3727/3980/3727 3700/3953/3700 3705/3958/3705
f 3705/3958/3705 3526/3772/3526 3524/3770/3524
f 3524/3770/3524 3532/3778/3532 3705/3958/3705
f 3704/3957/3704 3696/3949/3696 3727/3980/3727
f 3734/3987/3734 3705/3958/3705 3532/3778/3532
f 3532/3778/3532 3524/3770/3524 3523/3769/3523
f 3727/3980/3727 3705/3958/3705 3734/3987/3734
f 3526/3772/3526 3525/3771/3525 3524/3770/3524
f 3558/3804/3558 1951/2083/1951 3639/3892/3639
f 3734/3987/3734 3728/3981/3728 3727/3980/3727
f 3643/3896/3643 3577/3823/3577 3564/3810/3564
f 3718/3971/3718 3731/3984/3731 3735/3988/3735
f 3732/3985/3732 3730/3983/3730 3726/3979/3726
f 3661/3914/3661 1850/1971/1850 3710/3963/3710
f 3728/3981/3728 3732/3985/3732 3726/3979/3726
f 3734/3987/3734 3531/3777/3531 3733/3986/3733
f 3733/3986/3733 3728/3981/3728 3734/3987/3734
f 3529/3775/3529 3532/3778/3532 3523/3769/3523
f 3734/3987/3734 3532/3778/3532 3531/3777/3531
f 3558/3804/3558 3572/3818/3572 1951/2083/1951
f 3733/3986/3733 3531/3777/3531 3721/3974/3721
f 3577/3823/3577 1951/2083/1951 3572/3818/3572
f 3531/3777/3531 3713/3966/3713 3721/3974/3721
f 1951/2083/1951 3682/3935/3682 1949/2081/1949
f 3730/3983/3730 3719/3972/3719 3729/3982/3729
f 1951/2083/1951 3577/3823/3577 3682/3935/3682
f 3708/3961/3708 3729/3982/3729 3719/3972/3719
f 3730/3983/3730 3718/3971/3718 3719/3972/3719
f 3730/3983/3730 3731/3984/3731 3718/3971/3718
f 3577/3823/3577 3643/3896/3643 3682/3935/3682
f 3719/3972/3719 3717/3970/3717 3716/3969/3716
f 3717/3970/3717 1852/1973/1852 1854/1975/1854
f 3731/3984/3731 3721/3974/3721 3735/3988/3735
f 3735/3988/3735 3720/3973/3720 3711/3964/3711
f 3711/3964/3711 3710/3963/3710 3735/3988/3735
f 3720/3973/3720 3735/3988/3735 3721/3974/3721
f 3723/3976/3723 3735/3988/3735 3710/3963/3710
f 1852/1973/1852 3718/3971/3718 3723/3976/3723
f 1854/1975/1854 3722/3975/3722 3717/3970/3717
f 3717/3970/3717 3719/3972/3719 3718/3971/3718
f 3723/3976/3723 3718/3971/3718 3735/3988/3735
f 3723/3976/3723 1850/1971/1850 1852/1973/1852
f 3736/3989/3736 2094/2230/2094 2096/2232/2096
f 3737/3990/3737 3736/3989/3736 2096/2232/2096
f 3737/3990/3737 3738/3991/3738 3736/3989/3736
f 3738/3991/3738 3739/3992/3739 3736/3989/3736
f 3740/3993/3740 3741/3994/3741 3742/3995/3742
f 3743/3996/3743 3744/3997/3744 3741/3994/3741
f 3736/3989/3736 3739/3992/3739 3745/3998/3745
f 3743/3996/3743 3741/3994/3741 3740/3993/3740
f 3746/3999/3746 3744/3997/3744 3743/3996/3743
f 3747/4000/3747 3746/3999/3746 3743/3996/3743
f 2094/2230/2094 3736/3989/3736 3748/4001/3748
f 3749/4002/3749 3748/4001/3748 3736/3989/3736
f 3745/3998/3745 3750/4003/3750 3749/4002/3749
f 3749/4002/3749 3751/4004/3751 3748/4001/3748
f 3752/4005/3752 3180/3410/3180 3753/4006/3753
f 2077/2213/2077 2076/2212/2076 3175/3403/3175
f 3754/4007/3754 3751/4004/3751 3749/4002/3749
f 3755/4008/3755 3743/3996/3743 3754/4007/3754
f 3755/4008/3755 3747/4000/3747 3743/3996/3743
f 3756/4009/3756 3747/4000/3747 3755/4008/3755
f 2092/2228/2092 2077/2213/2077 3752/4005/3752
f 3175/3403/3175 3752/4005/3752 2077/2213/2077
f 3749/4002/3749 3750/4003/3750 3754/4007/3754
f 3752/4005/3752 3175/3403/3175 3180/3410/3180
f 3750/4003/3750 3757/4010/3757 3754/4007/3754
f 3756/4009/3756 3758/4011/3758 3759/4012/3759
f 3755/4008/3755 3754/4007/3754 3757/4010/3757
f 2092/2228/2092 3752/4005/3752 3737/3990/3737
f 3749/4002/3749 3736/3989/3736 3745/3998/3745
f 3738/3991/3738 3737/3990/3737 3752/4005/3752
f 2096/2232/2096 2095/2231/2095 2092/2228/2092
f 3752/4005/3752 3760/4013/3760 3738/3991/3738
f 3737/3990/3737 2096/2232/2096 2092/2228/2092
f 3747/4000/3747 3756/4009/3756 3759/4012/3759
f 3754/4007/3754 3761/4014/3761 3751/4004/3751
f 3758/4011/3758 3756/4009/3756 3762/4015/3762
f 3753/4006/3753 3760/4013/3760 3752/4005/3752
f 3756/4009/3756 3757/4010/3757 3762/4015/3762
f 2024/2160/2024 3751/4004/3751 3761/4014/3761
f 3757/4010/3757 3756/4009/3756 3755/4008/3755
f 3763/4016/3763 3764/4017/3764 3765/4018/3765
f 3757/4010/3757 3745/3998/3745 3766/4019/3766
f 3198/3428/3198 3199/3429/3199 3767/4020/3767
f 3750/4003/3750 3745/3998/3745 3757/4010/3757
f 3180/3410/3180 3198/3428/3198 3753/4006/3753
f 3199/3429/3199 3195/3425/3195 3768/4021/3768
f 3196/3426/3196 3206/3436/3206 3195/3425/3195
f 3213/3443/3213 3769/4022/3769 3770/4023/3770
f 3770/4023/3770 3769/4022/3769 3771/4024/3771
f 3206/3436/3206 3768/4021/3768 3195/3425/3195
f 3739/3992/3739 3766/4019/3766 3745/3998/3745
f 2010/2146/2010 2009/2145/2009 3740/3993/3740
f 3213/3443/3213 3770/4023/3770 3211/3441/3211
f 3772/4025/3772 3739/3992/3739 3760/4013/3760
f 3754/4007/3754 3743/3996/3743 3740/3993/3740
f 3770/4023/3770 3207/3437/3207 3211/3441/3211
f 3770/4023/3770 3206/3436/3206 3207/3437/3207
f 2009/2145/2009 3761/4014/3761 3740/3993/3740
f 3764/4017/3764 3206/3436/3206 3770/4023/3770
f 3773/4026/3773 3774/4027/3774 3758/4011/3758
f 2009/2145/2009 2024/2160/2024 3761/4014/3761
f 3754/4007/3754 3740/3993/3740 3761/4014/3761
f 3762/4015/3762 3773/4026/3773 3758/4011/3758
f 3753/4006/3753 3198/3428/3198 3767/4020/3767
f 3774/4027/3774 3763/4016/3763 3775/4028/3775
f 3776/4029/3776 3773/4026/3773 3767/4020/3767
f 3753/4006/3753 3772/4025/3772 3760/4013/3760
f 3773/4026/3773 3753/4006/3753 3767/4020/3767
f 3753/4006/3753 3773/4026/3773 3772/4025/3772
f 3768/4021/3768 3776/4029/3776 3767/4020/3767
f 3206/3436/3206 3764/4017/3764 3768/4021/3768
f 3768/4021/3768 3767/4020/3767 3199/3429/3199
f 3775/4028/3775 3758/4011/3758 3774/4027/3774
f 3764/4017/3764 3774/4027/3774 3768/4021/3768
f 3763/4016/3763 3774/4027/3774 3764/4017/3764
f 3768/4021/3768 3774/4027/3774 3776/4029/3776
f 3760/4013/3760 3739/3992/3739 3738/3991/3738
f 3772/4025/3772 3766/4019/3766 3739/3992/3739
f 3772/4025/3772 3773/4026/3773 3762/4015/3762
f 3762/4015/3762 3757/4010/3757 3766/4019/3766
f 3772/4025/3772 3762/4015/3762 3766/4019/3766
f 3774/4027/3774 3773/4026/3773 3776/4029/3776
f 3777/4030/3777 3778/4031/3778 3759/4012/3759
f 3759/4012/3759 3758/4011/3758 3775/4028/3775
f 3779/4032/3779 3597/3843/3597 3780/4033/3780
f 3779/4032/3779 3600/3846/3600 3596/3842/3596
f 1999/2135/1999 2010/2146/2010 2003/2139/2003
f 3781/4034/3781 3607/4035/3607 3782/4036/3782
f 3783/4037/3783 3759/4012/3759 3778/4031/3778
f 3782/4036/3782 3784/4038/3784 3781/4034/3781
f 3607/3855/3607 3600/3846/3600 3782/4039/3782
f 3600/3846/3600 3779/4032/3779 3782/4039/3782
f 3783/4037/3783 3747/4000/3747 3759/4012/3759
f 3785/4040/3785 3786/4041/3786 1998/2134/1998
f 3779/4032/3779 3596/3842/3596 3597/3843/3597
f 1998/2134/1998 2003/2139/2003 3785/4040/3785
f 2010/2146/2010 3785/4040/3785 2003/2139/2003
f 3742/3995/3742 3787/4042/3787 3785/4040/3785
f 3740/3993/3740 3785/4040/3785 2010/2146/2010
f 3597/3843/3597 3594/3840/3594 3780/4033/3780
f 3788/4043/3788 3785/4040/3785 3787/4042/3787
f 3785/4040/3785 3740/3993/3740 3742/3995/3742
f 3780/4033/3780 3789/4044/3789 3790/4045/3790
f 3594/3840/3594 3789/4044/3789 3780/4033/3780
f 3594/3840/3594 3591/3837/3591 3590/3836/3590
f 3791/4046/3791 3789/4044/3789 3594/3840/3594
f 3590/3836/3590 3791/4046/3791 3594/3840/3594
f 3784/4047/3784 3782/4039/3782 3779/4032/3779
f 3783/4037/3783 3746/3999/3746 3747/4000/3747
f 3792/4048/3792 3779/4032/3779 3793/4049/3793
f 3746/3999/3746 3794/4050/3794 3744/3997/3744
f 3780/4033/3780 3793/4049/3793 3779/4032/3779
f 3790/4045/3790 3795/4051/3795 3780/4033/3780
f 3784/4038/3784 3796/4052/3796 3797/4053/3797
f 3792/4048/3792 3796/4054/3796 3784/4047/3784
f 3792/4048/3792 3784/4047/3784 3779/4032/3779
f 3798/4055/3798 3799/4056/3799 3800/4057/3800
f 3801/4058/3801 3792/4048/3792 3793/4049/3793
f 3795/4051/3795 3798/4055/3798 3793/4049/3793
f 3792/4048/3792 3801/4058/3801 3796/4054/3796
f 3798/4055/3798 3795/4051/3795 3799/4056/3799
f 3802/4059/3802 3803/4060/3803 3804/4061/3804
f 3802/4062/3802 3796/4054/3796 3801/4058/3801
f 3793/4049/3793 3798/4055/3798 3801/4058/3801
f 3803/4063/3803 3802/4062/3802 3801/4058/3801
f 3805/4064/3805 3778/4031/3778 3777/4030/3777
f 3799/4056/3799 3806/4065/3806 3800/4057/3800
f 3798/4055/3798 3803/4063/3803 3801/4058/3801
f 3746/3999/3746 3783/4037/3783 3807/4066/3807
f 3800/4057/3800 3803/4063/3803 3798/4055/3798
f 3808/4067/3808 3809/4068/3809 3800/4057/3800
f 3778/4031/3778 3805/4064/3805 3783/4037/3783
f 3791/4046/3791 3790/4045/3790 3789/4044/3789
f 3806/4065/3806 3799/4056/3799 3795/4051/3795
f 3793/4049/3793 3780/4033/3780 3795/4051/3795
f 3810/4069/3810 3811/4070/3811 3812/4071/3812
f 3813/4072/3813 3590/3836/3590 3814/4073/3814
f 3813/4072/3813 3790/4045/3790 3791/4046/3791
f 3806/4065/3806 3790/4045/3790 3813/4072/3813
f 3795/4051/3795 3790/4045/3790 3806/4065/3806
f 3791/4046/3791 3590/3836/3590 3813/4072/3813
f 3813/4072/3813 3814/4073/3814 3815/4074/3815
f 3816/4075/3816 3807/4066/3807 3783/4037/3783
f 3800/4057/3800 3813/4072/3813 3808/4067/3808
f 3777/4030/3777 3817/4076/3817 3805/4064/3805
f 3818/4077/3818 3808/4067/3808 3819/4078/3819
f 3813/4072/3813 3811/4070/3811 3808/4067/3808
f 3805/4064/3805 3817/4076/3817 3820/4079/3820
f 3213/3443/3213 3211/3441/3211 3214/3444/3214
f 3800/4057/3800 3809/4068/3809 3821/4080/3821
f 3231/3464/3231 3213/3443/3213 3212/3442/3212
f 3808/4067/3808 3811/4070/3811 3819/4078/3819
f 3744/3997/3744 3742/3995/3742 3741/3994/3741
f 3820/4079/3820 3817/4076/3817 3822/4081/3822
f 3823/4082/3823 3804/4061/3804 3824/4083/3824
f 3822/4081/3822 3825/4084/3825 3826/4085/3826
f 3826/4085/3826 3827/4086/3827 3822/4081/3822
f 3828/4087/3828 3820/4079/3820 3822/4081/3822
f 3805/4064/3805 3816/4075/3816 3783/4037/3783
f 3800/4057/3800 3806/4065/3806 3813/4072/3813
f 3828/4087/3828 3829/4088/3829 3820/4079/3820
f 3805/4064/3805 3820/4079/3820 3830/4089/3830
f 3823/4082/3823 3824/4083/3824 3831/4090/3831
f 3827/4086/3827 3828/4087/3828 3822/4081/3822
f 3803/4060/3803 3824/4083/3824 3804/4061/3804
f 3832/4091/3832 3824/4092/3824 3803/4063/3803
f 3830/4089/3830 3816/4075/3816 3805/4064/3805
f 3832/4091/3832 3803/4063/3803 3821/4080/3821
f 3828/4087/3828 3827/4086/3827 3833/4093/3833
f 3800/4057/3800 3821/4080/3821 3803/4063/3803
f 3824/4092/3824 3832/4091/3832 3834/4094/3834
f 3829/4088/3829 3835/4095/3835 3820/4079/3820
f 3775/4028/3775 3777/4030/3777 3759/4012/3759
f 3820/4079/3820 3835/4095/3835 3836/4096/3836
f 3836/4096/3836 3816/4075/3816 3830/4089/3830
f 3763/4016/3763 3777/4030/3777 3775/4028/3775
f 3825/4084/3825 3822/4081/3822 3817/4076/3817
f 3836/4096/3836 3830/4089/3830 3820/4079/3820
f 3832/4091/3832 3821/4080/3821 3837/4097/3837
f 3836/4096/3836 3838/4098/3838 3816/4075/3816
f 3213/3443/3213 3231/3464/3231 3839/4099/3839
f 3213/3443/3213 3839/4099/3839 3769/4022/3769
f 3839/4099/3839 3840/4100/3840 3769/4022/3769
f 3769/4022/3769 3840/4100/3840 3841/4101/3841
f 3842/4102/3842 3764/4017/3764 3771/4024/3771
f 3842/4102/3842 3777/4030/3777 3765/4018/3765
f 3764/4017/3764 3842/4102/3842 3765/4018/3765
f 3842/4102/3842 3771/4024/3771 3841/4101/3841
f 3769/4022/3769 3841/4101/3841 3771/4024/3771
f 3763/4016/3763 3765/4018/3765 3777/4030/3777
f 3837/4097/3837 3821/4080/3821 3809/4068/3809
f 3825/4084/3825 3841/4101/3841 3843/4103/3843
f 3843/4103/3843 3841/4101/3841 3840/4100/3840
f 3825/4084/3825 3817/4076/3817 3842/4102/3842
f 3771/4024/3771 3764/4017/3764 3770/4023/3770
f 3842/4102/3842 3841/4101/3841 3825/4084/3825
f 3817/4076/3817 3777/4030/3777 3842/4102/3842
f 3826/4085/3826 3825/4084/3825 3843/4103/3843
f 3813/4072/3813 3812/4071/3812 3811/4070/3811
f 3812/4071/3812 3813/4072/3813 3815/4074/3815
f 3811/4070/3811 3844/4104/3844 3819/4078/3819
f 3818/4077/3818 3819/4078/3819 3844/4104/3844
f 3844/4104/3844 3811/4070/3811 3810/4069/3810
f 3845/4105/3845 3844/4104/3844 3810/4069/3810
f 3846/4106/3846 3847/4107/3847 3848/4108/3848
f 3831/4109/3831 3824/4092/3824 3834/4094/3834
f 3848/4108/3848 3847/4107/3847 3849/4110/3849
f 3850/4111/3850 3846/4106/3846 3851/4112/3851
f 3831/4109/3831 3834/4094/3834 3852/4113/3852
f 3849/4114/3849 3831/4109/3831 3852/4113/3852
f 3818/4077/3818 3853/4115/3853 3854/4116/3854
f 3834/4094/3834 3855/4117/3855 3852/4113/3852
f 3849/4114/3849 3852/4113/3852 3848/4118/3848
f 3837/4097/3837 3855/4117/3855 3834/4094/3834
f 3834/4094/3834 3832/4091/3832 3837/4097/3837
f 3846/4106/3846 3848/4108/3848 3856/4119/3856
f 3856/4120/3856 3848/4118/3848 3857/4121/3857
f 3855/4117/3855 3857/4121/3857 3852/4113/3852
f 3848/4118/3848 3852/4113/3852 3857/4121/3857
f 3858/4122/3858 3851/4112/3851 3856/4119/3856
f 3851/4112/3851 3846/4106/3846 3856/4119/3856
f 3818/4077/3818 3809/4068/3809 3808/4067/3808
f 3809/4068/3809 3818/4077/3818 3854/4116/3854
f 3837/4097/3837 3809/4068/3809 3854/4116/3854
f 3818/4077/3818 3844/4104/3844 3853/4115/3853
f 3829/4088/3829 3828/4087/3828 3833/4093/3833
f 3859/4123/3859 3854/4116/3854 3853/4115/3853
f 3844/4104/3844 3845/4105/3845 3860/4124/3860
f 3861/4125/3861 3862/4126/3862 3859/4123/3859
f 3854/4116/3854 3859/4123/3859 3837/4097/3837
f 3853/4115/3853 3844/4104/3844 3859/4123/3859
f 3855/4117/3855 3837/4097/3837 3859/4123/3859
f 3844/4104/3844 3860/4124/3860 3863/4127/3863
f 3860/4124/3860 3833/4093/3833 3863/4127/3863
f 3862/4126/3862 3864/4128/3864 3859/4123/3859
f 3862/4126/3862 3861/4125/3861 3865/4129/3865
f 3864/4128/3864 3855/4117/3855 3859/4123/3859
f 3855/4117/3855 3864/4128/3864 3857/4121/3857
f 3865/4129/3865 3861/4125/3861 3859/4123/3859
f 3859/4123/3859 3844/4104/3844 3865/4129/3865
f 3862/4126/3862 3865/4129/3865 3866/4130/3866
f 3865/4129/3865 3844/4104/3844 3863/4127/3863
f 3863/4127/3863 3833/4093/3833 3865/4129/3865
f 3865/4129/3865 3833/4093/3833 3827/4086/3827
f 3867/4131/3867 3827/4086/3827 3826/4085/3826
f 3867/4131/3867 3866/4130/3866 3827/4086/3827
f 3865/4129/3865 3827/4086/3827 3866/4130/3866
f 3868/4132/3868 3490/3735/3490 3683/3936/3683
f 3868/4132/3868 3869/4133/3869 3490/3735/3490
f 3870/4134/3870 3829/4088/3829 3845/4105/3845
f 3590/3836/3590 3500/3746/3500 3814/4073/3814
f 3814/4073/3814 3500/3746/3500 3491/3736/3491
f 3871/4135/3871 3816/4075/3816 3872/4136/3872
f 3744/3997/3744 3794/4050/3794 3873/4137/3873
f 3794/4050/3794 3746/3999/3746 3807/4066/3807
f 3491/3736/3491 3490/3735/3490 3869/4133/3869
f 3675/3928/3675 3667/3920/3667 3683/3936/3683
f 3815/4074/3815 3814/4073/3814 3491/3736/3491
f 3869/4133/3869 3815/4074/3815 3491/3736/3491
f 3868/4132/3868 3683/3936/3683 3874/4138/3874
f 3670/3923/3670 3875/4139/3875 3876/4140/3876
f 3683/3936/3683 3490/3735/3490 3686/3939/3686
f 3667/3920/3667 3877/4141/3877 3874/4138/3874
f 3683/3936/3683 3686/3939/3686 3684/3937/3684
f 3683/3936/3683 3667/3920/3667 3874/4138/3874
f 3878/4142/3878 3877/4141/3877 3667/3920/3667
f 3879/4143/3879 3880/4144/3880 3881/4145/3881
f 3875/4139/3875 3670/3923/3670 3669/3922/3669
f 3858/4146/3858 3880/4144/3880 3882/4147/3882
f 3857/4121/3857 3864/4128/3864 3883/4148/3883
f 3882/4147/3882 3880/4144/3880 3879/4143/3879
f 3856/4120/3856 3857/4121/3857 3883/4148/3883
f 3666/3919/3666 3670/3923/3670 3667/3920/3667
f 3670/3923/3670 3878/4142/3878 3667/3920/3667
f 3884/4149/3884 3670/3923/3670 3876/4140/3876
f 3670/3923/3670 3884/4149/3884 3878/4142/3878
f 3883/4148/3883 3885/4150/3885 3880/4144/3880
f 3884/4149/3884 3876/4140/3876 3886/4151/3886
f 3878/4142/3878 3884/4149/3884 3887/4152/3887
f 3856/4120/3856 3883/4148/3883 3858/4146/3858
f 3884/4149/3884 3886/4151/3886 3887/4152/3887
f 3665/3918/3665 3788/4043/3788 3669/3922/3669
f 3645/3898/3645 3888/4153/3888 3665/3918/3665
f 3876/4140/3876 3875/4139/3875 3669/3922/3669
f 3787/4042/3787 3669/3922/3669 3788/4043/3788
f 3876/4140/3876 3669/3922/3669 3787/4042/3787
f 3889/4154/3889 3885/4150/3885 3890/4155/3890
f 3891/4156/3891 3879/4143/3879 3881/4145/3881
f 3880/4144/3880 3858/4146/3858 3883/4148/3883
f 3888/4153/3888 3788/4043/3788 3665/3918/3665
f 3788/4043/3788 3888/4153/3888 3786/4041/3786
f 3785/4040/3785 3788/4043/3788 3786/4041/3786
f 3881/4145/3881 3880/4144/3880 3885/4150/3885
f 3869/4133/3869 3812/4071/3812 3815/4074/3815
f 3892/4157/3892 3812/4071/3812 3869/4133/3869
f 3868/4132/3868 3892/4157/3892 3869/4133/3869
f 3892/4157/3892 3893/4158/3893 3870/4134/3870
f 3893/4158/3893 3868/4132/3868 3894/4159/3894
f 3868/4132/3868 3874/4138/3874 3894/4159/3894
f 3893/4158/3893 3836/4096/3836 3835/4095/3835
f 3892/4157/3892 3868/4132/3868 3893/4158/3893
f 3893/4158/3893 3835/4095/3835 3870/4134/3870
f 3883/4148/3883 3864/4128/3864 3895/4160/3895
f 3885/4150/3885 3883/4148/3883 3890/4155/3890
f 3836/4096/3836 3893/4158/3893 3894/4159/3894
f 3810/4069/3810 3870/4134/3870 3845/4105/3845
f 3892/4157/3892 3810/4069/3810 3812/4071/3812
f 3810/4069/3810 3892/4157/3892 3870/4134/3870
f 3221/3453/3221 3896/4161/3896 3231/3464/3231
f 3881/4145/3881 3885/4150/3885 3889/4154/3889
f 3897/4162/3897 3840/4100/3840 3896/4161/3896
f 3896/4161/3896 3840/4100/3840 3839/4099/3839
f 3898/4163/3898 3224/3456/3224 3209/3439/3209
f 3897/4162/3897 3896/4161/3896 3899/4164/3899
f 3221/3453/3221 3899/4164/3899 3896/4161/3896
f 3208/3438/3208 3889/4154/3889 3898/4163/3898
f 3899/4164/3899 3221/3453/3221 3223/3455/3223
f 3224/3456/3224 3900/4165/3900 3223/3455/3223
f 3889/4154/3889 3890/4155/3890 3901/4166/3901
f 3231/3464/3231 3896/4161/3896 3839/4099/3839
f 3870/4134/3870 3835/4095/3835 3829/4088/3829
f 3223/3455/3223 3900/4165/3900 3902/4167/3902
f 3877/4141/3877 3872/4136/3872 3894/4159/3894
f 3894/4159/3894 3874/4138/3874 3877/4141/3877
f 3877/4141/3877 3871/4135/3871 3872/4136/3872
f 3894/4159/3894 3872/4136/3872 3838/4098/3838
f 3873/4137/3873 3807/4066/3807 3903/4168/3903
f 3894/4159/3894 3838/4098/3838 3836/4096/3836
f 3224/3456/3224 3898/4163/3898 3900/4165/3900
f 3872/4136/3872 3816/4075/3816 3838/4098/3838
f 3208/3438/3208 2763/2956/2763 3904/4169/3904
f 3887/4152/3887 3903/4168/3903 3877/4141/3877
f 2764/2959/2764 3904/4169/3904 2763/2956/2763
f 3742/3995/3742 3886/4151/3886 3787/4042/3787
f 3877/4141/3877 3903/4168/3903 3871/4135/3871
f 3829/4088/3829 3833/4093/3833 3845/4105/3845
f 3877/4141/3877 3878/4142/3878 3887/4152/3887
f 3871/4135/3871 3807/4066/3807 3816/4075/3816
f 3873/4137/3873 3887/4152/3887 3886/4151/3886
f 3876/4140/3876 3787/4042/3787 3886/4151/3886
f 3845/4105/3845 3833/4093/3833 3860/4124/3860
f 3897/4162/3897 3899/4164/3899 3905/4170/3905
f 3223/3455/3223 3902/4167/3902 3899/4164/3899
f 3901/4166/3901 3899/4164/3899 3900/4165/3900
f 3901/4166/3901 3900/4165/3900 3889/4154/3889
f 3867/4131/3867 3826/4085/3826 3843/4103/3843
f 3873/4137/3873 3903/4168/3903 3887/4152/3887
f 3867/4131/3867 3843/4103/3843 3840/4100/3840
f 3905/4170/3905 3899/4164/3899 3901/4166/3901
f 3899/4164/3899 3902/4167/3902 3900/4165/3900
f 3906/4171/3906 3867/4131/3867 3897/4162/3897
f 3807/4066/3807 3871/4135/3871 3903/4168/3903
f 3867/4131/3867 3840/4100/3840 3897/4162/3897
f 3867/4131/3867 3906/4171/3906 3866/4130/3866
f 3873/4137/3873 3886/4151/3886 3744/3997/3744
f 3905/4170/3905 3907/4172/3907 3897/4162/3897
f 3742/3995/3742 3744/3997/3744 3886/4151/3886
f 3890/4155/3890 3905/4170/3905 3901/4166/3901
f 3890/4155/3890 3883/4148/3883 3895/4160/3895
f 3906/4171/3906 3897/4162/3897 3907/4172/3907
f 3895/4160/3895 3866/4130/3866 3907/4172/3907
f 3895/4160/3895 3907/4172/3907 3890/4155/3890
f 3889/4154/3889 3208/3438/3208 3891/4156/3891
f 3866/4130/3866 3906/4171/3906 3907/4172/3907
f 3864/4128/3864 3866/4130/3866 3895/4160/3895
f 3907/4172/3907 3905/4170/3905 3890/4155/3890
f 3862/4126/3862 3866/4130/3866 3864/4128/3864
f 3904/4169/3904 3891/4156/3891 3208/3438/3208
f 3879/4143/3879 3891/4156/3891 3904/4169/3904
f 3889/4154/3889 3900/4165/3900 3898/4163/3898
f 3889/4154/3889 3891/4156/3891 3881/4145/3881
f 2764/2959/2764 3879/4143/3879 3904/4169/3904
f 2767/2962/2767 3879/4143/3879 2764/2959/2764
f 3209/3439/3209 3208/3438/3208 3898/4163/3898
f 3807/4066/3807 3873/4137/3873 3794/4050/3794
f 3908/4173/3908 3909/4174/3909 3910/4175/3910
f 3911/4176/3911 3912/4177/3912 3913/4178/3913
f 3914/4179/3914 3910/4175/3910 3909/4174/3909
f 3915/4180/3915 3916/4181/3916 3917/4182/3917
f 3915/4180/3915 3917/4182/3917 3918/4183/3918
f 3909/4174/3909 3916/4181/3916 3915/4180/3915
f 3912/4177/3912 3919/4184/3919 3920/4185/3920
f 3921/4186/3921 3912/4177/3912 3922/4187/3922
f 3919/4184/3919 3923/4188/3923 3920/4185/3920
f 3912/4177/3912 3921/4186/3921 3919/4184/3919
f 3924/4189/3924 3925/4190/3925 3926/4191/3926
f 3927/4192/3927 3928/4193/3928 3919/4184/3919
f 3928/4193/3928 3923/4188/3923 3919/4184/3919
f 3927/4192/3927 3919/4184/3919 3921/4186/3921
f 3918/4183/3918 3929/4194/3929 3930/4195/3930
f 3931/4196/3931 3932/4197/3932 3933/4198/3933
f 3934/4199/3934 3924/4189/3924 3935/4200/3935
f 3932/4197/3932 3931/4196/3931 3936/4201/3936
f 3933/4198/3933 3937/4202/3937 3931/4196/3931
f 2760/2958/2760 3938/4203/3938 2765/2960/2765
f 3939/4204/3939 3879/4143/3879 2767/2962/2767
f 2765/2960/2765 3938/4203/3938 3939/4204/3939
f 2765/2960/2765 3939/4204/3939 2767/2962/2767
f 3925/4190/3925 3934/4199/3934 3940/4205/3940
f 3940/4205/3940 3918/4183/3918 3930/4195/3930
f 3940/4205/3940 3930/4195/3930 3925/4190/3925
f 3879/4143/3879 3939/4204/3939 3941/4206/3941
f 3940/4205/3940 3942/4207/3942 3918/4183/3918
f 3911/4176/3911 3943/4208/3943 3922/4187/3922
f 3938/4203/3938 3941/4206/3941 3939/4204/3939
f 3879/4143/3879 3941/4206/3941 3882/4147/3882
f 3944/4209/3944 3943/4208/3943 3911/4176/3911
f 3938/4210/3938 3945/4211/3945 3882/4212/3882
f 3882/4147/3882 3941/4206/3941 3938/4203/3938
f 3933/4198/3933 3932/4197/3932 3946/4213/3946
f 3947/4214/3947 3945/4211/3945 3948/4215/3948
f 3949/4216/3949 3922/4187/3922 3943/4208/3943
f 3950/4217/3950 3932/4197/3932 3951/4218/3951
f 3936/4201/3936 3951/4218/3951 3932/4197/3932
f 3952/4219/3952 3953/4220/3953 3931/4196/3931
f 3943/4208/3943 3944/4209/3944 3954/4221/3954
f 3931/4196/3931 3953/4220/3953 3936/4201/3936
f 3943/4208/3943 3954/4221/3954 3955/4222/3955
f 3945/4211/3945 3956/4223/3956 3882/4212/3882
f 3957/4224/3957 3958/4225/3958 3959/4226/3959
f 3957/4224/3957 3959/4226/3959 3960/4227/3960
f 3958/4225/3958 3957/4224/3957 3961/4228/3961
f 3962/4229/3962 3955/4222/3955 3954/4221/3954
f 3910/4175/3910 3914/4179/3914 3963/4230/3963
f 3964/4231/3964 3965/4232/3965 3966/4233/3966
f 3960/4227/3960 3959/4226/3959 3964/4231/3964
f 3964/4231/3964 3967/4234/3967 3960/4227/3960
f 3908/4173/3908 3962/4229/3962 3954/4221/3954
f 3953/4220/3953 3968/4235/3968 3969/4236/3969
f 3908/4173/3908 3970/4237/3970 3962/4229/3962
f 3971/4238/3971 3961/4228/3961 3957/4224/3957
f 3911/4176/3911 3972/4239/3972 3961/4228/3961
f 3970/4237/3970 3910/4175/3910 3973/4240/3973
f 3911/4176/3911 3961/4228/3961 3971/4238/3971
f 3910/4175/3910 3963/4230/3963 3973/4240/3973
f 3908/4173/3908 3910/4175/3910 3970/4237/3970
f 3938/4241/3938 2760/2953/2760 2766/2961/2766
f 3971/4238/3971 3957/4224/3957 3944/4209/3944
f 3911/4176/3911 3971/4238/3971 3944/4209/3944
f 2773/2968/2773 3938/4241/3938 2766/2961/2766
f 2773/4242/2773 3974/4243/3974 3938/4210/3938
f 2773/4242/2773 2792/2991/2792 3975/4244/3975
f 3974/4243/3974 3948/4215/3948 3938/4210/3938
f 3938/4210/3938 3948/4215/3948 3945/4211/3945
f 3976/4245/3976 3948/4215/3948 3974/4243/3974
f 2792/2991/2792 2773/4242/2773 2772/2992/2772
f 3977/4246/3977 3976/4245/3976 3974/4243/3974
f 3977/4246/3977 3978/4247/3978 3976/4245/3976
f 3979/4248/3979 3947/4214/3947 3948/4215/3948
f 3975/4244/3975 3974/4243/3974 2773/4242/2773
f 3949/4216/3949 3943/4208/3943 3955/4222/3955
f 3980/4249/3980 3981/4250/3981 3982/4251/3982
f 2792/2991/2792 2793/2993/2793 2795/2995/2795
f 3983/4252/3983 3984/4253/3984 2794/2994/2794
f 3975/4244/3975 3985/4254/3985 3974/4243/3974
f 3985/4254/3985 3975/4244/3975 2792/2991/2792
f 3984/4253/3984 2795/2995/2795 2794/2994/2794
f 3985/4254/3985 2792/2991/2792 2795/2995/2795
f 3984/4253/3984 3985/4254/3985 2795/2995/2795
f 3985/4254/3985 3977/4246/3977 3974/4243/3974
f 3978/4247/3978 3979/4248/3979 3976/4245/3976
f 3986/4255/3986 3985/4254/3985 3984/4253/3984
f 3981/4250/3981 3987/4256/3987 3988/4257/3988
f 3979/4248/3979 3948/4215/3948 3976/4245/3976
f 3986/4255/3986 3984/4253/3984 3987/4256/3987
f 3981/4250/3981 3980/4249/3980 3986/4255/3986
f 3988/4257/3988 3982/4251/3982 3981/4250/3981
f 3985/4254/3985 3986/4255/3986 3980/4249/3980
f 3983/4252/3983 2794/2994/2794 2798/2998/2798
f 3989/4258/3989 3987/4256/3987 3983/4252/3983
f 3983/4252/3983 2798/2998/2798 2807/3007/2807
f 3987/4256/3987 3984/4253/3984 3983/4252/3983
f 3990/4259/3990 3991/4260/3991 3987/4256/3987
f 3990/4259/3990 3989/4258/3989 2813/3013/2813
f 3987/4256/3987 3989/4258/3989 3990/4259/3990
f 3980/4249/3980 3977/4246/3977 3985/4254/3985
f 3949/4216/3949 3955/4222/3955 3992/4261/3992
f 3987/4256/3987 3981/4250/3981 3986/4255/3986
f 3993/4262/3993 3990/4259/3990 3994/4263/3994
f 3921/4186/3921 3949/4216/3949 3995/4264/3995
f 2813/3013/2813 2814/3014/2814 2830/3030/2830
f 2813/3013/2813 2830/3030/2830 3994/4263/3994
f 3987/4256/3987 3991/4260/3991 3988/4257/3988
f 3992/4261/3992 3995/4264/3995 3949/4216/3949
f 2813/3013/2813 3994/4263/3994 3990/4259/3990
f 3994/4263/3994 3996/4265/3996 3997/4266/3997
f 3994/4263/3994 2830/3030/2830 3996/4265/3996
f 3998/4267/3998 3996/4265/3996 2830/3030/2830
f 3989/4258/3989 3983/4252/3983 2807/3007/2807
f 3988/4257/3988 3991/4260/3991 3999/4268/3999
f 3999/4268/3999 3982/4251/3982 3988/4257/3988
f 3993/4262/3993 3991/4260/3991 3990/4259/3990
f 3991/4260/3991 3993/4262/3993 3999/4268/3999
f 2813/3013/2813 3989/4258/3989 2807/3007/2807
f 4000/4269/4000 3999/4268/3999 3993/4262/3993
f 3992/4261/3992 4000/4269/4000 3993/4262/3993
f 3992/4261/3992 3993/4262/3993 3997/4266/3997
f 3996/4265/3996 3992/4261/3992 3997/4266/3997
f 3997/4266/3997 3993/4262/3993 3994/4263/3994
f 3996/4265/3996 3995/4264/3995 3992/4261/3992
f 3996/4265/3996 4001/4270/4001 3995/4264/3995
f 3951/4218/3951 3965/4232/3965 3950/4217/3950
f 3951/4218/3951 3936/4201/3936 4002/4271/4002
f 3969/4236/3969 3924/4189/3924 3926/4191/3926
f 3953/4220/3953 3969/4236/3969 4002/4271/4002
f 4002/4271/4002 3936/4201/3936 3953/4220/3953
f 3922/4187/3922 3912/4177/3912 3911/4176/3911
f 2830/3030/2830 2815/3015/2815 3998/4267/3998
f 4003/4272/4003 3998/4267/3998 2700/2889/2700
f 2700/2889/2700 3998/4267/3998 2815/3015/2815
f 4001/4270/4001 3998/4267/3998 4003/4272/4003
f 4003/4272/4003 4004/4273/4004 4001/4270/4001
f 3996/4265/3996 3998/4267/3998 4001/4270/4001
f 4001/4270/4001 3927/4192/3927 3995/4264/3995
f 4004/4273/4004 3927/4192/3927 4001/4270/4001
f 3924/4189/3924 3969/4236/3969 4005/4274/4005
f 4005/4274/4005 3969/4236/3969 3968/4235/3968
f 3924/4189/3924 4005/4274/4005 3935/4200/3935
f 3955/4222/3955 3962/4229/3962 4006/4275/4006
f 3949/4216/3949 3921/4186/3921 3922/4187/3922
f 3921/4186/3921 3995/4264/3995 3927/4192/3927
f 3992/4261/3992 3955/4222/3955 4006/4275/4006
f 4006/4275/4006 4000/4269/4000 3992/4261/3992
f 4006/4275/4006 3962/4229/3962 3970/4237/3970
f 4005/4274/4005 4007/4276/4007 3935/4200/3935
f 3935/4200/3935 4007/4276/4007 4008/4277/4008
f 4009/4278/4009 3944/4209/3944 3957/4224/3957
f 4010/4279/4010 3823/4082/3823 3831/4090/3831
f 4007/4276/4007 3823/4082/3823 4008/4277/4008
f 2964/3175/2964 2700/2889/2700 2696/2885/2696
f 4010/4279/4010 3935/4200/3935 4008/4277/4008
f 4003/4272/4003 2964/3175/2964 4011/4280/4011
f 4012/4281/4012 2964/3175/2964 2695/2884/2695
f 2700/2889/2700 2964/3175/2964 4003/4272/4003
f 4012/4281/4012 4011/4280/4011 2964/3175/2964
f 3823/4082/3823 4010/4279/4010 4008/4277/4008
f 3970/4237/3970 3973/4240/3973 4013/4282/4013
f 3970/4237/3970 4000/4269/4000 4006/4275/4006
f 3966/4233/3966 3967/4234/3967 3964/4231/3964
f 4009/4278/4009 3957/4224/3957 3960/4227/3960
f 4009/4278/4009 3960/4227/3960 3967/4234/3967
f 4004/4273/4004 4003/4272/4003 4011/4280/4011
f 3954/4221/3954 3944/4209/3944 4009/4278/4009
f 4004/4273/4004 4011/4280/4011 4014/4283/4014
f 3928/4193/3928 4004/4273/4004 4014/4283/4014
f 3970/4237/3970 3999/4268/3999 4000/4269/4000
f 4015/4284/4015 3963/4230/3963 3914/4179/3914
f 4004/4273/4004 3928/4193/3928 3927/4192/3927
f 4009/4278/4009 3908/4173/3908 3954/4221/3954
f 3965/4232/3965 3951/4218/3951 4016/4285/4016
f 3917/4182/3917 3909/4174/3909 3967/4234/3967
f 4016/4285/4016 3951/4218/3951 4002/4271/4002
f 3967/4234/3967 3966/4233/3966 3917/4182/3917
f 3965/4232/3965 4016/4285/4016 3966/4233/3966
f 3929/4194/3929 4002/4271/4002 3969/4236/3969
f 4016/4285/4016 3929/4194/3929 3917/4182/3917
f 4016/4285/4016 4002/4271/4002 3929/4194/3929
f 3999/4268/3999 3970/4237/3970 3982/4251/3982
f 3882/4212/3882 3851/4112/3851 3858/4122/3858
f 3956/4223/3956 3851/4112/3851 3882/4212/3882
f 3934/4199/3934 3925/4190/3925 3924/4189/3924
f 3850/4111/3850 3851/4112/3851 3956/4223/3956
f 3929/4194/3929 3969/4236/3969 3926/4191/3926
f 3917/4182/3917 3966/4233/3966 4016/4285/4016
f 3956/4223/3956 3945/4211/3945 3947/4214/3947
f 3930/4195/3930 3929/4194/3929 3926/4191/3926
f 3925/4190/3925 3930/4195/3930 3926/4191/3926
f 3917/4182/3917 3916/4181/3916 3909/4174/3909
f 4013/4282/4013 3982/4251/3982 3970/4237/3970
f 3979/4248/3979 4017/4286/4017 4018/4287/4018
f 3979/4248/3979 4018/4287/4018 3947/4214/3947
f 4018/4287/4018 4019/4288/4019 3850/4111/3850
f 3850/4111/3850 4019/4288/4019 3847/4107/3847
f 3849/4110/3849 3847/4107/3847 3831/4090/3831
f 3847/4107/3847 3846/4106/3846 3850/4111/3850
f 4020/4289/4020 4018/4287/4018 3940/4205/3940
f 4018/4287/4018 4020/4289/4020 4019/4288/4019
f 3909/4174/3909 4009/4278/4009 3967/4234/3967
f 4020/4289/4020 4010/4279/4010 3847/4107/3847
f 3847/4107/3847 4010/4279/4010 3831/4090/3831
f 3918/4183/3918 3917/4182/3917 3929/4194/3929
f 3956/4223/3956 3947/4214/3947 4018/4287/4018
f 3935/4200/3935 4010/4279/4010 3934/4199/3934
f 4021/4290/4021 3980/4249/3980 4013/4282/4013
f 4021/4290/4021 4022/4291/4022 3977/4246/3977
f 3980/4249/3980 3982/4251/3982 4013/4282/4013
f 4018/4287/4018 3850/4111/3850 3956/4223/3956
f 3973/4240/3973 4021/4290/4021 4013/4282/4013
f 4009/4278/4009 3909/4174/3909 3908/4173/3908
f 4015/4284/4015 4022/4291/4022 4021/4290/4021
f 3977/4246/3977 3980/4249/3980 4021/4290/4021
f 4015/4284/4015 4023/4292/4023 4022/4291/4022
f 3963/4230/3963 4015/4284/4015 4021/4290/4021
f 4021/4290/4021 3973/4240/3973 3963/4230/3963
f 4020/4289/4020 3847/4107/3847 4019/4288/4019
f 3978/4247/3978 3977/4246/3977 4022/4291/4022
f 3979/4248/3979 3978/4247/3978 4024/4293/4024
f 4024/4293/4024 4017/4286/4017 3979/4248/3979
f 4025/4294/4025 4024/4293/4024 3978/4247/3978
f 4022/4291/4022 4025/4294/4025 3978/4247/3978
f 3942/4207/3942 4018/4287/4018 4017/4286/4017
f 4025/4294/4025 4026/4295/4026 4024/4293/4024
f 3942/4207/3942 3940/4205/3940 4018/4287/4018
f 4024/4293/4024 3942/4207/3942 4017/4286/4017
f 4023/4292/4023 4025/4294/4025 4022/4291/4022
f 4025/4294/4025 4023/4292/4023 4026/4295/4026
f 3942/4207/3942 4024/4293/4024 4026/4295/4026
f 3940/4205/3940 4010/4279/4010 4020/4289/4020
f 3918/4183/3918 4026/4295/4026 4023/4292/4023
f 3942/4207/3942 4026/4295/4026 3918/4183/3918
f 4010/4279/4010 3940/4205/3940 3934/4199/3934
f 3909/4174/3909 3915/4180/3915 3918/4183/3918
f 3914/4179/3914 3909/4174/3909 4023/4292/4023
f 3909/4174/3909 3918/4183/3918 4023/4292/4023
f 4015/4284/4015 3914/4179/3914 4023/4292/4023
f 2678/2866/2678 2682/2870/2682 4027/4296/4027
f 4028/4297/4028 4029/4298/4029 4030/4299/4030
f 1688/1081/1688 1689/1083/1689 4031/4300/4031
f 2398/2562/2398 1686/1075/1686 4032/4301/4032
f 4027/4296/4027 2682/2870/2682 4033/4302/4033
f 1689/1083/1689 1690/1084/1690 4031/4300/4031
f 2398/2562/2398 1683/1072/1683 1684/1073/1684
f 1684/1073/1684 1686/1075/1686 2398/2562/2398
f 4031/4300/4031 4032/4301/4032 1688/1081/1688
f 4032/4301/4032 1686/1075/1686 1688/1081/1688
f 1686/1075/1686 1687/1080/1687 1688/1081/1688
f 4034/4303/4034 4031/4300/4031 4035/4304/4035
f 1690/1084/1690 1693/1119/1693 4035/4304/4035
f 4028/4297/4028 4034/4303/4034 4036/4305/4036
f 1690/1084/1690 4035/4304/4035 4031/4300/4031
f 4036/4305/4036 4034/4303/4034 4035/4304/4035
f 4036/4305/4036 4037/4306/4037 4028/4297/4028
f 4038/4307/4038 4039/4308/4039 4040/4309/4040
f 2679/2867/2679 2678/2866/2678 4027/4296/4027
f 4041/4310/4041 4038/4307/4038 4040/4309/4040
f 4042/4311/4042 4040/4309/4040 4043/4312/4043
f 3913/4178/3913 3920/4185/3920 4044/4313/4044
f 1693/1119/1693 1694/1120/1694 1642/635/1642
f 4044/4313/4044 4042/4311/4042 4043/4312/4043
f 4042/4311/4042 4044/4313/4044 4027/4296/4027
f 4035/4304/4035 1693/1119/1693 4045/4314/4045
f 4035/4304/4035 4045/4314/4045 4036/4305/4036
f 4046/4315/4046 4045/4314/4045 1693/1119/1693
f 1693/1119/1693 1642/635/1642 4046/4315/4046
f 4045/4314/4045 4046/4315/4046 4047/4316/4047
f 4047/4316/4047 4048/4317/4048 4045/4314/4045
f 4045/4314/4045 4048/4317/4048 4037/4306/4037
f 4037/4306/4037 4036/4305/4036 4045/4314/4045
f 2510/2683/2510 2394/2556/2394 2393/2555/2393
f 2393/2555/2393 4049/4318/4049 2510/2683/2510
f 4032/4301/4032 2393/2558/2393 2398/2562/2398
f 4049/4319/4049 2393/2558/2393 4032/4301/4032
f 4031/4300/4031 4034/4303/4034 4032/4301/4032
f 4034/4303/4034 4030/4299/4030 4049/4319/4049
f 4049/4319/4049 4032/4301/4032 4034/4303/4034
f 4028/4297/4028 4030/4299/4030 4034/4303/4034
f 4029/4298/4029 4028/4297/4028 4050/4320/4050
f 4048/4317/4048 4051/4321/4051 4052/4322/4052
f 4043/4312/4043 3972/4239/3972 3913/4178/3913
f 4050/4323/4050 4053/4324/4053 4029/4325/4029
f 4050/4323/4050 4054/4326/4054 4053/4324/4053
f 4044/4313/4044 4043/4312/4043 3913/4178/3913
f 3972/4239/3972 3911/4176/3911 3913/4178/3913
f 4042/4311/4042 4055/4327/4055 4041/4310/4041
f 4042/4311/4042 4027/4296/4027 4055/4327/4055
f 4048/4317/4048 4052/4322/4052 4037/4306/4037
f 4041/4310/4041 4040/4309/4040 4042/4311/4042
f 4037/4306/4037 4052/4322/4052 4028/4297/4028
f 4052/4322/4052 4050/4320/4050 4028/4297/4028
f 4056/4328/4056 4050/4320/4050 4051/4321/4051
f 4050/4320/4050 4052/4322/4052 4051/4321/4051
f 4012/4281/4012 2695/2884/2695 2687/2876/2687
f 4041/4310/4041 2415/2579/2415 4057/4329/4057
f 2415/2579/2415 4041/4310/4041 4055/4327/4055
f 2689/2878/2689 4058/4330/4058 4012/4281/4012
f 4012/4281/4012 2687/2876/2687 2689/2878/2689
f 4054/4326/4054 4050/4323/4050 4056/4331/4056
f 4054/4326/4054 4056/4331/4056 4059/4332/4059
f 4056/4331/4056 4060/4333/4060 4061/4334/4061
f 4061/4334/4061 4059/4332/4059 4056/4331/4056
f 2676/2864/2676 2679/2867/2679 2674/2862/2674
f 4014/4283/4014 4062/4335/4062 3928/4193/3928
f 4012/4281/4012 4063/4336/4063 4014/4283/4014
f 4063/4336/4063 4064/4337/4064 4014/4283/4014
f 4062/4335/4062 4064/4337/4064 2671/2859/2671
f 4063/4336/4063 4012/4281/4012 4058/4330/4058
f 4063/4336/4063 4065/4338/4065 4064/4337/4064
f 4012/4281/4012 4014/4283/4014 4011/4280/4011
f 4063/4336/4063 4058/4330/4058 4065/4338/4065
f 2671/2859/2671 4064/4337/4064 2573/2750/2573
f 2844/3046/2844 2851/3053/2851 2567/2744/2567
f 4062/4335/4062 4014/4283/4014 4064/4337/4064
f 2844/3046/2844 2567/2744/2567 2689/2878/2689
f 2567/2744/2567 4058/4330/4058 2689/2878/2689
f 4058/4330/4058 2567/2744/2567 2572/2749/2572
f 4033/4302/4033 2415/2579/2415 4055/4327/4055
f 4066/4339/4066 4067/4340/4067 4068/4341/4068
f 2679/2867/2679 4069/4342/4069 2670/2858/2670
f 2567/2744/2567 2851/3053/2851 2568/2745/2568
f 2670/2858/2670 2674/2862/2674 2679/2867/2679
f 4058/4330/4058 2572/2749/2572 4065/4338/4065
f 4033/4302/4033 2682/2870/2682 2415/2579/2415
f 2573/2750/2573 4065/4338/4065 2572/2749/2572
f 2413/2577/2413 2415/2579/2415 2682/2870/2682
f 4064/4337/4064 4065/4338/4065 2573/2750/2573
f 2574/2751/2574 2671/2859/2671 2573/2750/2573
f 4055/4327/4055 4027/4296/4027 4033/4302/4033
f 4070/4343/4070 2415/2579/2415 2414/2578/2414
f 4038/4307/4038 4041/4310/4041 4057/4329/4057
f 4059/4332/4059 4061/4334/4061 4071/4344/4071
f 4060/4333/4060 4072/4345/4072 4061/4334/4061
f 4060/4346/4060 4073/4347/4073 4072/4348/4072
f 4074/4349/4074 4061/4334/4061 4072/4345/4072
f 4072/4348/4072 4075/4350/4075 4076/4351/4076
f 4074/4349/4074 4076/4352/4076 4077/4353/4077
f 4078/4354/4078 4079/4355/4079 4080/4356/4080
f 4081/4357/4081 4061/4334/4061 4074/4349/4074
f 4074/4349/4074 4072/4345/4072 4076/4352/4076
f 4071/4344/4071 4061/4334/4061 4081/4357/4081
f 4074/4349/4074 4077/4353/4077 4078/4354/4078
f 4078/4354/4078 4081/4357/4081 4074/4349/4074
f 4082/4358/4082 4083/4359/4083 4084/4360/4084
f 4082/4358/4082 4085/4361/4085 4083/4359/4083
f 4083/4362/4083 4085/4363/4085 4086/4364/4086
f 2670/2858/2670 4087/4365/4087 2671/2859/2671
f 4077/4366/4077 4088/4367/4088 4089/4368/4089
f 4089/4368/4089 4088/4367/4088 4090/4369/4090
f 4076/4351/4076 4088/4367/4088 4077/4366/4077
f 4091/4370/4091 4084/4371/4084 4092/4372/4092
f 4078/4354/4078 4077/4353/4077 4079/4355/4079
f 4089/4373/4089 4084/4371/4084 4091/4370/4091
f 4092/4372/4092 4093/4374/4093 4091/4370/4091
f 4089/4373/4089 4079/4355/4079 4077/4353/4077
f 4089/4373/4089 4091/4370/4091 4079/4355/4079
f 4092/4372/4092 4084/4371/4084 4083/4362/4083
f 4084/4360/4084 4089/4368/4089 4082/4358/4082
f 4093/4374/4093 4092/4372/4092 4086/4364/4086
f 4082/4358/4082 4089/4368/4089 4090/4369/4090
f 4086/4364/4086 4094/4375/4094 4093/4374/4093
f 4086/4364/4086 4092/4372/4092 4083/4362/4083
f 4091/4370/4091 4093/4374/4093 4095/4376/4095
f 4096/4377/4096 4093/4374/4093 4094/4375/4094
f 3602/4378/3602 3476/4379/3476 4097/4380/4097
f 3620/3875/3620 3622/3874/3622 4098/4381/4098
f 4097/4380/4097 4099/4382/4099 4086/4364/4086
f 4099/4382/4099 3620/3875/3620 4098/4381/4098
f 3476/4379/3476 3620/3875/3620 4099/4382/4099
f 4097/4380/4097 3476/4379/3476 4099/4382/4099
f 4069/4342/4069 3923/4188/3923 2670/2858/2670
f 4086/4364/4086 4099/4382/4099 4098/4381/4098
f 4094/4375/4094 3622/3874/3622 4100/4383/4100
f 3622/3874/3622 4094/4375/4094 4086/4364/4086
f 4086/4364/4086 4098/4381/4098 3622/3874/3622
f 2509/2682/2509 2511/2684/2511 2505/2677/2505
f 2510/2683/2510 4101/4384/4101 2511/2684/2511
f 4069/4342/4069 2679/2867/2679 4027/4296/4027
f 4049/4318/4049 4101/4384/4101 2510/2683/2510
f 2511/2684/2511 4102/4385/4102 2505/2677/2505
f 4102/4385/4102 4101/4384/4101 4103/4386/4103
f 2511/2684/2511 4101/4384/4101 4102/4385/4102
f 4030/4387/4030 4101/4384/4101 4049/4318/4049
f 4101/4384/4101 4030/4387/4030 4029/4325/4029
f 4104/4388/4104 4101/4384/4101 4053/4324/4053
f 4029/4325/4029 4053/4324/4053 4101/4384/4101
f 4103/4386/4103 4104/4388/4104 4105/4389/4105
f 4053/4324/4053 4054/4326/4054 4104/4388/4104
f 4054/4326/4054 4105/4389/4105 4104/4388/4104
f 4103/4386/4103 4101/4384/4101 4104/4388/4104
f 4103/4386/4103 4105/4389/4105 4106/4390/4106
f 4105/4389/4105 4107/4391/4107 4106/4390/4106
f 4102/4385/4102 2502/2674/2502 2505/2677/2505
f 2502/2674/2502 4102/4385/4102 4103/4386/4103
f 4069/4342/4069 4027/4296/4027 3920/4185/3920
f 4066/4339/4066 4108/4392/4108 4109/4393/4109
f 4105/4389/4105 4054/4326/4054 4109/4393/4109
f 4007/4276/4007 4110/4394/4110 3823/4082/3823
f 4044/4313/4044 3920/4185/3920 4027/4296/4027
f 3823/4082/3823 4110/4394/4110 3804/4061/3804
f 4105/4389/4105 4109/4393/4109 4107/4391/4107
f 4108/4392/4108 4107/4391/4107 4109/4393/4109
f 4066/4339/4066 4111/4395/4111 4108/4392/4108
f 4005/4274/4005 4112/4396/4112 4007/4276/4007
f 3804/4061/3804 4113/4397/4113 3802/4059/3802
f 4112/4396/4112 4110/4394/4110 4007/4276/4007
f 3968/4235/3968 4112/4396/4112 4005/4274/4005
f 4069/4342/4069 3920/4185/3920 3923/4188/3923
f 4114/4398/4114 4112/4396/4112 3968/4235/3968
f 4112/4396/4112 4114/4398/4114 4115/4399/4115
f 3796/4052/3796 3802/4059/3802 4113/4397/4113
f 4112/4396/4112 4113/4397/4113 4110/4394/4110
f 4116/4400/4116 2501/2673/2501 2502/2674/2502
f 4106/4390/4106 2502/2674/2502 4103/4386/4103
f 4113/4397/4113 3804/4061/3804 4110/4394/4110
f 2501/2673/2501 4116/4400/4116 4117/4401/4117
f 3797/4053/3797 3796/4052/3796 4118/4402/4118
f 4113/4397/4113 4115/4399/4115 4118/4402/4118
f 4119/4403/4119 4120/4404/4120 4118/4402/4118
f 4121/4405/4121 3797/4053/3797 4118/4402/4118
f 3796/4052/3796 4113/4397/4113 4118/4402/4118
f 4115/4399/4115 4113/4397/4113 4112/4396/4112
f 4115/4399/4115 4119/4403/4119 4118/4402/4118
f 4121/4405/4121 3781/4034/3781 3784/4038/3784
f 4106/4390/4106 4107/4391/4107 4117/4401/4117
f 4117/4401/4117 4107/4391/4107 4108/4392/4108
f 4121/4405/4121 3784/4038/3784 3797/4053/3797
f 4120/4404/4120 4121/4405/4121 4118/4402/4118
f 4106/4390/4106 4117/4401/4117 4116/4400/4116
f 3920/4185/3920 3913/4178/3913 3912/4177/3912
f 2502/2674/2502 4106/4390/4106 4116/4400/4116
f 4108/4392/4108 4111/4395/4111 4117/4401/4117
f 4038/4307/4038 4057/4329/4057 4122/4406/4122
f 2501/2673/2501 4117/4401/4117 2480/2652/2480
f 3968/4235/3968 3953/4220/3953 4114/4398/4114
f 4114/4398/4114 3953/4220/3953 4123/4407/4123
f 4122/4406/4122 2415/2579/2415 4070/4343/4070
f 4111/4395/4111 4124/4408/4124 4117/4401/4117
f 4114/4398/4114 4123/4407/4123 4115/4399/4115
f 4119/4403/4119 4115/4399/4115 4123/4407/4123
f 3923/4188/3923 4087/4365/4087 2670/2858/2670
f 2671/2859/2671 4087/4365/4087 4062/4335/4062
f 4124/4408/4124 4125/4409/4125 4126/4410/4126
f 3923/4188/3923 4062/4335/4062 4087/4365/4087
f 2480/2652/2480 4127/4411/4127 2474/2646/2474
f 3972/4239/3972 3958/4225/3958 3961/4228/3961
f 4128/4412/4128 4125/4409/4125 4124/4408/4124
f 2470/2640/2470 2474/2646/2474 4127/4411/4127
f 3923/4188/3923 3928/4193/3928 4062/4335/4062
f 4129/4413/4129 2470/2640/2470 4127/4411/4127
f 2470/2640/2470 4129/4413/4129 2471/2641/2471
f 4122/4406/4122 4130/4414/4130 4038/4307/4038
f 2480/2652/2480 4117/4401/4117 4127/4411/4127
f 3964/4231/3964 3959/4226/3959 4131/4415/4131
f 3959/4226/3959 3958/4225/3958 4132/4416/4132
f 4133/4417/4133 4038/4307/4038 4130/4414/4130
f 4131/4415/4131 4132/4416/4132 4134/4418/4134
f 3972/4239/3972 4043/4312/4043 3958/4225/3958
f 3958/4225/3958 4135/4419/4135 4132/4416/4132
f 4131/4415/4131 3965/4232/3965 3964/4231/3964
f 4040/4309/4040 4136/4420/4136 3958/4225/3958
f 4137/4421/4137 4125/4409/4125 4128/4412/4128
f 4136/4420/4136 4135/4419/4135 3958/4225/3958
f 4128/4412/4128 4124/4408/4124 4111/4395/4111
f 4127/4411/4127 4117/4401/4117 4124/4408/4124
f 4126/4410/4126 4127/4411/4127 4124/4408/4124
f 4127/4411/4127 4126/4410/4126 4129/4413/4129
f 4071/4344/4071 4109/4393/4109 4059/4332/4059
f 4131/4415/4131 3959/4226/3959 4132/4416/4132
f 4043/4312/4043 4040/4309/4040 3958/4225/3958
f 4121/4405/4121 4138/4422/4138 3781/4034/3781
f 4057/4329/4057 2415/2579/2415 4122/4406/4122
f 4138/4422/4138 3607/4035/3607 3781/4034/3781
f 4121/4405/4121 4120/4404/4120 4138/4422/4138
f 4139/4423/4139 4140/4424/4140 4120/4404/4120
f 4140/4424/4140 4138/4422/4138 4120/4404/4120
f 4039/4308/4039 4136/4420/4136 4040/4309/4040
f 4141/4425/4141 4142/4426/4142 4143/4427/4143
f 4141/4425/4141 4144/4428/4144 4142/4426/4142
f 4145/4429/4145 4141/4425/4141 4143/4427/4143
f 2468/2638/2468 4070/4343/4070 2414/2578/2414
f 4146/4430/4146 4125/4409/4125 4147/4431/4147
f 3607/4035/3607 4138/4422/4138 3605/4432/3605
f 4125/4409/4125 4146/4430/4146 4126/4410/4126
f 3616/3873/3616 3605/4432/3605 4148/4433/4148
f 4109/4393/4109 4054/4326/4054 4059/4332/4059
f 4148/4433/4148 3605/4432/3605 4143/4427/4143
f 4149/4434/4149 2471/2641/2471 4129/4413/4129
f 4109/4393/4109 4071/4344/4071 4067/4340/4067
f 4142/4426/4142 4148/4433/4148 4143/4427/4143
f 4150/4435/4150 3616/3873/3616 4148/4433/4148
f 4150/4435/4150 4142/4426/4142 4151/4436/4151
f 4151/4436/4151 4142/4426/4142 4144/4428/4144
f 4142/4426/4142 4150/4435/4150 4148/4433/4148
f 4138/4422/4138 4145/4429/4145 4143/4427/4143
f 4138/4422/4138 4140/4424/4140 4145/4429/4145
f 4150/4435/4150 3621/3871/3621 3616/3873/3616
f 4149/4434/4149 2468/2638/2468 2471/2641/2471
f 3621/3871/3621 4100/4383/4100 4152/4437/4152
f 4143/4427/4143 3605/4432/3605 4138/4422/4138
f 4151/4436/4151 4100/4383/4100 4150/4435/4150
f 3621/3871/3621 4152/4437/4152 3619/3872/3619
f 3619/3872/3619 4152/4437/4152 3622/3874/3622
f 4100/4383/4100 3622/3874/3622 4152/4437/4152
f 4153/4438/4153 4154/4439/4154 4155/4440/4155
f 4130/4414/4130 4129/4413/4129 4146/4430/4146
f 4066/4339/4066 4109/4393/4109 4067/4340/4067
f 3937/4202/3937 4139/4423/4139 3952/4219/3952
f 4129/4413/4129 4126/4410/4126 4146/4430/4146
f 4139/4423/4139 4123/4407/4123 3952/4219/3952
f 4149/4434/4149 4122/4406/4122 2468/2638/2468
f 3952/4219/3952 4123/4407/4123 3953/4220/3953
f 4149/4434/4149 4129/4413/4129 4130/4414/4130
f 4122/4406/4122 4149/4434/4149 4130/4414/4130
f 4154/4439/4154 4067/4340/4067 4156/4441/4156
f 4070/4343/4070 2468/2638/2468 4122/4406/4122
f 4100/4383/4100 3621/3871/3621 4150/4435/4150
f 4081/4357/4081 4156/4441/4156 4071/4344/4071
f 4067/4340/4067 4071/4344/4071 4156/4441/4156
f 3950/4217/3950 3946/4213/3946 3932/4197/3932
f 3937/4202/3937 3952/4219/3952 3931/4196/3931
f 4146/4430/4146 4147/4431/4147 4130/4414/4130
f 4157/4442/4157 4158/4443/4158 3937/4202/3937
f 4081/4357/4081 4154/4439/4154 4156/4441/4156
f 4158/4443/4158 4159/4444/4159 4139/4423/4139
f 4158/4443/4158 4160/4445/4160 4159/4444/4159
f 3933/4198/3933 3946/4213/3946 4161/4446/4161
f 4161/4446/4161 4157/4442/4157 3937/4202/3937
f 4161/4446/4161 3937/4202/3937 3933/4198/3933
f 3937/4202/3937 4158/4443/4158 4139/4423/4139
f 4162/4447/4162 4163/4448/4163 3946/4213/3946
f 4164/4449/4164 4157/4442/4157 4161/4446/4161
f 3946/4213/3946 4164/4449/4164 4161/4446/4161
f 4139/4423/4139 4159/4444/4159 4140/4424/4140
f 4120/4404/4120 4119/4403/4119 4123/4407/4123
f 4140/4424/4140 4159/4444/4159 4145/4429/4145
f 4165/4450/4165 4166/4451/4166 4134/4418/4134
f 3950/4217/3950 3965/4232/3965 4131/4415/4131
f 4131/4415/4131 4162/4447/4162 3950/4217/3950
f 4165/4450/4165 4134/4418/4134 4135/4419/4135
f 4120/4404/4120 4123/4407/4123 4139/4423/4139
f 4166/4451/4166 4162/4447/4162 4134/4418/4134
f 4134/4418/4134 4162/4447/4162 4131/4415/4131
f 4167/4452/4167 4164/4449/4164 3946/4213/3946
f 4136/4420/4136 4165/4450/4165 4135/4419/4135
f 4162/4447/4162 4166/4451/4166 4168/4453/4168
f 4169/4454/4169 4168/4453/4168 4166/4451/4166
f 3946/4213/3946 3950/4217/3950 4162/4447/4162
f 4039/4308/4039 4165/4450/4165 4136/4420/4136
f 3946/4213/3946 4163/4448/4163 4167/4452/4167
f 4132/4416/4132 4135/4419/4135 4134/4418/4134
f 4038/4307/4038 4165/4450/4165 4039/4308/4039
f 4169/4454/4169 4165/4450/4165 4133/4417/4133
f 4133/4417/4133 4165/4450/4165 4038/4307/4038
f 4163/4448/4163 4162/4447/4162 4168/4453/4168
f 4167/4452/4167 4168/4453/4168 4170/4455/4170
f 4133/4417/4133 4130/4414/4130 4147/4431/4147
f 4167/4452/4167 4171/4456/4171 4164/4449/4164
f 4170/4455/4170 4171/4456/4171 4167/4452/4167
f 4163/4448/4163 4168/4453/4168 4167/4452/4167
f 4169/4454/4169 4166/4451/4166 4165/4450/4165
f 4168/4453/4168 4169/4454/4169 4172/4457/4172
f 4170/4455/4170 4168/4453/4168 4173/4458/4173
f 4172/4457/4172 4173/4458/4173 4168/4453/4168
f 4133/4417/4133 4172/4457/4172 4169/4454/4169
f 4147/4431/4147 4172/4457/4172 4133/4417/4133
f 4125/4409/4125 4137/4421/4137 4147/4431/4147
f 4172/4457/4172 4147/4431/4147 4137/4421/4137
f 4158/4443/4158 4157/4442/4157 4174/4459/4174
f 4175/4460/4175 4160/4445/4160 4174/4459/4174
f 4158/4443/4158 4174/4459/4174 4160/4445/4160
f 4160/4445/4160 4175/4460/4175 4176/4461/4176
f 4159/4444/4159 4176/4461/4176 4145/4429/4145
f 4176/4461/4176 4141/4425/4141 4145/4429/4145
f 4176/4461/4176 4177/4462/4177 4144/4428/4144
f 4159/4444/4159 4160/4445/4160 4176/4461/4176
f 4141/4425/4141 4176/4461/4176 4144/4428/4144
f 4164/4449/4164 4178/4463/4178 4157/4442/4157
f 4164/4449/4164 4171/4456/4171 4179/4464/4179
f 4157/4442/4157 4175/4460/4175 4174/4459/4174
f 4177/4462/4177 4180/4465/4180 4181/4466/4181
f 4180/4465/4180 4177/4462/4177 4175/4460/4175
f 4177/4462/4177 4176/4461/4176 4175/4460/4175
f 4151/4436/4151 4144/4428/4144 4177/4462/4177
f 4178/4463/4178 4164/4449/4164 4179/4464/4179
f 4178/4463/4178 4180/4465/4180 4175/4460/4175
f 4178/4463/4178 4182/4467/4182 4180/4465/4180
f 4183/4468/4183 4178/4463/4178 4179/4464/4179
f 4180/4465/4180 4182/4467/4182 4181/4466/4181
f 4182/4467/4182 4184/4469/4184 4185/4470/4185
f 4183/4468/4183 4184/4469/4184 4178/4463/4178
f 4178/4463/4178 4184/4469/4184 4182/4467/4182
f 4186/4471/4186 4184/4469/4184 4080/4356/4080
f 4184/4469/4184 4186/4471/4186 4185/4470/4185
f 4183/4468/4183 4179/4464/4179 4171/4456/4171
f 4171/4456/4171 4173/4458/4173 4187/4472/4187
f 4175/4460/4175 4157/4442/4157 4178/4463/4178
f 4171/4456/4171 4170/4455/4170 4173/4458/4173
f 4187/4472/4187 4153/4438/4153 4171/4456/4171
f 4171/4456/4171 4153/4438/4153 4183/4468/4183
f 4188/4473/4188 4187/4472/4187 4173/4458/4173
f 4188/4473/4188 4173/4458/4173 4137/4421/4137
f 4189/4474/4189 4187/4472/4187 4188/4473/4188
f 4137/4421/4137 4173/4458/4173 4172/4457/4172
f 4183/4468/4183 4153/4438/4153 4080/4356/4080
f 4183/4468/4183 4080/4356/4080 4184/4469/4184
f 4155/4440/4155 4080/4356/4080 4153/4438/4153
f 4154/4439/4154 4153/4438/4153 4187/4472/4187
f 4182/4467/4182 4096/4377/4096 4181/4466/4181
f 4096/4377/4096 4177/4462/4177 4181/4466/4181
f 4185/4470/4185 4096/4377/4096 4182/4467/4182
f 4151/4436/4151 4094/4375/4094 4100/4383/4100
f 4096/4377/4096 4151/4436/4151 4177/4462/4177
f 4094/4375/4094 4151/4436/4151 4096/4377/4096
f 4096/4377/4096 4185/4470/4185 4095/4376/4095
f 4186/4471/4186 4095/4376/4095 4185/4470/4185
f 4096/4377/4096 4095/4376/4095 4093/4374/4093
f 4079/4355/4079 4095/4376/4095 4186/4471/4186
f 4128/4412/4128 4188/4473/4188 4137/4421/4137
f 4079/4355/4079 4186/4471/4186 4080/4356/4080
f 4091/4370/4091 4095/4376/4095 4079/4355/4079
f 4187/4472/4187 4189/4474/4189 4154/4439/4154
f 4188/4473/4188 4128/4412/4128 4189/4474/4189
f 4111/4395/4111 4066/4339/4066 4128/4412/4128
f 4066/4339/4066 4068/4341/4068 4128/4412/4128
f 4068/4341/4068 4189/4474/4189 4128/4412/4128
f 4068/4341/4068 4154/4439/4154 4189/4474/4189
f 4155/4440/4155 4154/4439/4154 4081/4357/4081
f 4078/4354/4078 4080/4356/4080 4155/4440/4155
f 4078/4354/4078 4155/4440/4155 4081/4357/4081
f 4067/4340/4067 4154/4439/4154 4068/4341/4068
f 4085/4363/4085 4097/4380/4097 4086/4364/4086
f 1886/2018/1886 4190/4475/4190 1895/2016/1895
f 4191/4476/4191 4192/4477/4192 4193/4478/4193
f 4193/4478/4193 4192/4477/4192 4194/4479/4194
f 4190/4480/4190 1886/2007/1886 1887/2008/1887
f 4190/4480/4190 1887/2008/1887 4195/4481/4195
f 4194/4479/4194 4196/4482/4196 4193/4478/4193
f 4197/4483/4197 1895/2016/1895 4190/4475/4190
f 4197/4483/4197 4190/4475/4190 4198/4484/4198
f 4199/4485/4199 4190/4475/4190 4200/4486/4200
f 4199/4485/4199 4198/4484/4198 4190/4475/4190
f 4201/4487/4201 4202/4488/4202 4203/4489/4203
f 4201/4487/4201 4204/4490/4204 4205/4491/4205
f 4206/4492/4206 4200/4486/4200 4190/4475/4190
f 4207/4493/4207 4199/4485/4199 4200/4486/4200
f 4208/4494/4208 4209/4495/4209 4191/4476/4191
f 4199/4485/4199 4210/4496/4210 4198/4484/4198
f 4200/4486/4200 4206/4492/4206 4207/4493/4207
f 4201/4487/4201 4205/4491/4205 4202/4488/4202
f 4199/4485/4199 4207/4493/4207 4210/4496/4210
f 1884/2005/1884 1887/2008/1887 1885/2006/1885
f 4211/4497/4211 4212/4498/4212 4208/4494/4208
f 4191/4476/4191 4193/4478/4193 4213/4499/4213
f 4195/4481/4195 4214/4500/4214 4206/4501/4206
f 4215/4502/4215 4195/4481/4195 4216/4503/4216
f 4214/4500/4214 4195/4481/4195 4215/4502/4215
f 4213/4499/4213 4208/4494/4208 4191/4476/4191
f 4208/4494/4208 4213/4499/4213 4211/4497/4211
f 4214/4500/4214 4217/4504/4217 4218/4505/4218
f 4213/4499/4213 4219/4506/4219 4211/4497/4211
f 4214/4500/4214 4218/4505/4218 4220/4507/4220
f 4206/4501/4206 4190/4480/4190 4195/4481/4195
f 4219/4506/4219 4193/4478/4193 4221/4508/4221
f 4193/4478/4193 4219/4506/4219 4213/4499/4213
f 4207/4493/4207 4206/4492/4206 4222/4509/4222
f 4206/4501/4206 4214/4500/4214 4220/4507/4220
f 4206/4501/4206 4220/4507/4220 4222/4510/4222
f 4222/4510/4222 4220/4507/4220 4223/4511/4223
f 4224/4512/4224 4198/4484/4198 4210/4496/4210
f 4196/4482/4196 4194/4479/4194 4225/4513/4225
f 4226/4514/4226 4225/4513/4225 4194/4479/4194
f 2272/2425/2272 4227/4515/4227 2270/2422/2270
f 4228/4516/4228 4225/4513/4225 4226/4514/4226
f 4196/4482/4196 4225/4513/4225 4229/4517/4229
f 4230/4518/4230 2270/2422/2270 4227/4515/4227
f 2270/2423/2270 4231/4519/4231 2240/2383/2240
f 2242/2385/2242 2240/2383/2240 4231/4519/4231
f 2241/2384/2241 2240/2383/2240 2242/2385/2242
f 4232/4520/4232 4233/4521/4233 4234/4522/4234
f 4235/4523/4235 4231/4519/4231 4236/4524/4236
f 4231/4519/4231 4237/4525/4237 2242/2385/2242
f 4236/4524/4236 4231/4519/4231 4230/4526/4230
f 4237/4525/4237 4231/4519/4231 4235/4523/4235
f 2269/2421/2269 2272/2425/2272 2270/2422/2270
f 2271/2424/2271 2273/2426/2273 4238/4527/4238
f 4230/4518/4230 4227/4515/4227 4239/4528/4239
f 2272/2425/2272 2271/2424/2271 4238/4527/4238
f 4238/4527/4238 4227/4515/4227 2272/2425/2272
f 4239/4528/4239 4227/4515/4227 4238/4527/4238
f 4236/4529/4236 4230/4518/4230 4239/4528/4239
f 4237/4525/4237 4235/4523/4235 4240/4530/4240
f 4240/4530/4240 4235/4523/4235 4236/4524/4236
f 4240/4530/4240 4241/4531/4241 4242/4532/4242
f 4230/4526/4230 4231/4519/4231 2270/2423/2270
f 4243/4533/4243 4241/4534/4241 4244/4535/4244
f 4238/4527/4238 2273/2426/2273 4244/4535/4244
f 4239/4528/4239 4238/4527/4238 4244/4535/4244
f 4242/4536/4242 4241/4534/4241 4243/4533/4243
f 4239/4528/4239 4241/4534/4241 4236/4529/4236
f 4241/4531/4241 4240/4530/4240 4236/4524/4236
f 4243/4533/4243 4245/4537/4245 4246/4538/4246
f 4243/4533/4243 4246/4538/4246 4242/4536/4242
f 4243/4533/4243 4244/4535/4244 4247/4539/4247
f 4245/4537/4245 4248/4540/4248 4249/4541/4249
f 4239/4528/4239 4244/4535/4244 4241/4534/4241
f 4245/4537/4245 4243/4533/4243 4247/4539/4247
f 4242/4536/4242 4246/4538/4246 4249/4541/4249
f 4250/4542/4250 4242/4532/4242 4251/4543/4251
f 4242/4532/4242 4250/4542/4250 4240/4530/4240
f 4249/4541/4249 4251/4544/4251 4242/4536/4242
f 4245/4537/4245 4249/4541/4249 4246/4538/4246
f 4252/4545/4252 4253/4546/4253 4251/4543/4251
f 4251/4544/4251 4249/4541/4249 4252/4547/4252
f 4249/4541/4249 4254/4548/4254 4252/4547/4252
f 4202/4488/4202 4253/4546/4253 4252/4545/4252
f 4210/4496/4210 4207/4493/4207 4255/4549/4255
f 4192/4477/4192 4256/4550/4256 4224/4512/4224
f 4252/4545/4252 4203/4489/4203 4202/4488/4202
f 4257/4551/4257 2273/2426/2273 2292/2447/2292
f 4257/4551/4257 4247/4539/4247 2273/2426/2273
f 4252/4547/4252 4254/4548/4254 4203/4552/4203
f 2293/2448/2293 2281/2434/2281 2279/2432/2279
f 2292/2447/2292 2293/2448/2293 4257/4551/4257
f 2280/2433/2280 2293/2448/2293 2279/2432/2279
f 2293/2448/2293 2280/2433/2280 4258/4553/4258
f 4247/4539/4247 4257/4551/4257 4259/4554/4259
f 4257/4551/4257 4260/4555/4260 4259/4554/4259
f 4257/4551/4257 2293/2448/2293 4258/4553/4258
f 4258/4553/4258 4261/4556/4261 4260/4555/4260
f 4262/4557/4262 4263/4558/4263 4260/4555/4260
f 4244/4535/4244 2273/2426/2273 4247/4539/4247
f 4257/4551/4257 4258/4553/4258 4260/4555/4260
f 2280/2433/2280 4264/4559/4264 4258/4553/4258
f 2280/2433/2280 4265/4560/4265 4264/4559/4264
f 2280/2433/2280 2138/2274/2138 4265/4560/4265
f 4264/4559/4264 4265/4560/4265 4266/4561/4266
f 4210/4496/4210 4255/4549/4255 4194/4479/4194
f 4210/4496/4210 4192/4477/4192 4224/4512/4224
f 4192/4477/4192 4210/4496/4210 4194/4479/4194
f 4264/4559/4264 4266/4561/4266 4261/4556/4261
f 4258/4553/4258 4264/4559/4264 4261/4556/4261
f 4209/4495/4209 4256/4550/4256 4192/4477/4192
f 4267/4562/4267 4218/4505/4218 4268/4563/4268
f 4267/4562/4267 4223/4511/4223 4218/4505/4218
f 4218/4505/4218 4223/4511/4223 4220/4507/4220
f 4269/4564/4269 4245/4537/4245 4259/4554/4259
f 4260/4555/4260 4263/4558/4263 4259/4554/4259
f 4259/4554/4259 4263/4558/4263 4270/4565/4270
f 4247/4539/4247 4259/4554/4259 4245/4537/4245
f 4262/4557/4262 4260/4555/4260 4261/4556/4261
f 4263/4558/4263 4262/4557/4262 4270/4565/4270
f 4262/4557/4262 4261/4556/4261 4271/4566/4271
f 4272/4567/4272 4270/4565/4270 4262/4557/4262
f 4271/4566/4271 4219/4506/4219 4262/4557/4262
f 4272/4567/4272 4262/4557/4262 4219/4506/4219
f 4273/4568/4273 4270/4565/4270 4272/4567/4272
f 4221/4508/4221 4272/4567/4272 4219/4506/4219
f 4248/4540/4248 4245/4537/4245 4269/4564/4269
f 4248/4540/4248 4254/4548/4254 4249/4541/4249
f 4274/4569/4274 4269/4564/4269 4273/4568/4273
f 4248/4540/4248 4269/4564/4269 4254/4548/4254
f 4254/4548/4254 4269/4564/4269 4274/4569/4274
f 4259/4554/4259 4273/4568/4273 4269/4564/4269
f 4270/4565/4270 4273/4568/4273 4259/4554/4259
f 4261/4556/4261 4275/4570/4275 4271/4566/4271
f 4232/4520/4232 4267/4562/4267 4268/4563/4268
f 4276/4571/4276 4275/4570/4275 4261/4556/4261
f 4196/4482/4196 4221/4508/4221 4193/4478/4193
f 4225/4513/4225 4277/4572/4277 4229/4517/4229
f 4219/4506/4219 4271/4566/4271 4275/4570/4275
f 4211/4497/4211 4219/4506/4219 4275/4570/4275
f 4232/4520/4232 4268/4563/4268 4233/4521/4233
f 4275/4570/4275 4212/4498/4212 4211/4497/4211
f 4212/4498/4212 4275/4570/4275 4278/4573/4278
f 4223/4511/4223 4279/4574/4279 4222/4510/4222
f 4221/4508/4221 4196/4482/4196 4229/4517/4229
f 4229/4517/4229 4277/4572/4277 4221/4508/4221
f 4233/4521/4233 4280/4575/4280 4234/4522/4234
f 4281/4576/4281 4233/4521/4233 4282/4577/4282
f 4221/4508/4221 4277/4572/4277 4272/4567/4272
f 4233/4521/4233 4281/4576/4281 4280/4575/4280
f 4222/4509/4222 4255/4549/4255 4207/4493/4207
f 4222/4509/4222 4279/4578/4279 4255/4549/4255
f 4226/4514/4226 4194/4479/4194 4255/4549/4255
f 4273/4568/4273 4272/4567/4272 4277/4572/4277
f 4279/4578/4279 4226/4514/4226 4255/4549/4255
f 4279/4578/4279 4228/4516/4228 4226/4514/4226
f 4234/4522/4234 4267/4562/4267 4232/4520/4232
f 4279/4574/4279 4267/4562/4267 4283/4579/4283
f 4283/4579/4283 4267/4562/4267 4234/4522/4234
f 4267/4562/4267 4279/4574/4279 4223/4511/4223
f 4284/4580/4284 4234/4522/4234 4280/4575/4280
f 4285/4581/4285 2234/2377/2234 2242/2385/2242
f 4234/4522/4234 4286/4582/4286 4283/4579/4283
f 4287/4583/4287 4285/4581/4285 2242/2385/2242
f 4234/4522/4234 4284/4580/4284 4286/4582/4286
f 2242/2385/2242 4237/4525/4237 4287/4583/4287
f 2234/2377/2234 4285/4581/4285 2217/2360/2217
f 4288/4584/4288 4285/4581/4285 4287/4583/4287
f 4287/4583/4287 4289/4585/4289 4288/4584/4288
f 4288/4584/4288 2217/2360/2217 4285/4581/4285
f 4237/4525/4237 4240/4530/4240 4287/4583/4287
f 4290/4586/4290 4291/4587/4291 4287/4583/4287
f 4287/4583/4287 4240/4530/4240 4290/4586/4290
f 4287/4583/4287 4291/4587/4291 4289/4585/4289
f 4289/4585/4289 4291/4587/4291 4292/4588/4292
f 4288/4584/4288 2218/2361/2218 2217/2360/2217
f 4288/4584/4288 4293/4589/4293 2218/2361/2218
f 4228/4516/4228 4294/4590/4294 4225/4513/4225
f 4294/4590/4294 4228/4516/4228 4295/4591/4295
f 4228/4592/4228 4296/4593/4296 4295/4594/4295
f 4293/4589/4293 4288/4584/4288 4297/4595/4297
f 4297/4595/4297 4288/4584/4288 4289/4585/4289
f 4283/4579/4283 4228/4592/4228 4279/4574/4279
f 4274/4569/4274 4294/4590/4294 4298/4596/4298
f 4286/4582/4286 4296/4593/4296 4283/4579/4283
f 4292/4588/4292 4297/4595/4297 4289/4585/4289
f 4299/4597/4299 4300/4598/4300 4292/4588/4292
f 4297/4595/4297 4292/4588/4292 4301/4599/4301
f 4284/4580/4284 4296/4593/4296 4286/4582/4286
f 4283/4579/4283 4296/4593/4296 4228/4592/4228
f 4284/4580/4284 4201/4487/4201 4295/4594/4295
f 4250/4542/4250 4302/4600/4302 4240/4530/4240
f 4302/4600/4302 4290/4586/4290 4240/4530/4240
f 4301/4599/4301 4292/4588/4292 4300/4598/4300
f 4296/4593/4296 4284/4580/4284 4295/4594/4295
f 4291/4587/4291 4299/4597/4299 4292/4588/4292
f 4225/4513/4225 4294/4590/4294 4277/4572/4277
f 4303/4601/4303 4250/4542/4250 4253/4546/4253
f 4302/4600/4302 4291/4587/4291 4290/4586/4290
f 4302/4600/4302 4303/4601/4303 4299/4597/4299
f 4302/4600/4302 4299/4597/4299 4291/4587/4291
f 4299/4597/4299 4303/4601/4303 4304/4602/4304
f 4305/4603/4305 4299/4597/4299 4304/4602/4304
f 4253/4546/4253 4250/4542/4250 4251/4543/4251
f 4299/4597/4299 4305/4603/4305 4300/4598/4300
f 4303/4601/4303 4302/4600/4302 4250/4542/4250
f 4306/4604/4306 4253/4546/4253 4202/4488/4202
f 4306/4604/4306 4303/4601/4303 4253/4546/4253
f 4202/4488/4202 4205/4491/4205 4306/4604/4306
f 4306/4604/4306 4205/4491/4205 4307/4605/4307
f 4306/4604/4306 4304/4602/4304 4303/4601/4303
f 4306/4604/4306 4307/4605/4307 4304/4602/4304
f 4307/4605/4307 4308/4606/4308 4304/4602/4304
f 4308/4606/4308 4309/4607/4309 4305/4603/4305
f 4308/4606/4308 4305/4603/4305 4304/4602/4304
f 4294/4590/4294 4274/4569/4274 4273/4568/4273
f 4294/4590/4294 4273/4568/4273 4277/4572/4277
f 4309/4607/4309 4308/4606/4308 4310/4608/4310
f 4311/4609/4311 4300/4598/4300 4305/4603/4305
f 4311/4609/4311 4312/4610/4312 4300/4598/4300
f 4280/4575/4280 4281/4576/4281 4310/4608/4310
f 4298/4596/4298 4294/4590/4294 4295/4591/4295
f 4281/4576/4281 4313/4611/4313 4314/4612/4314
f 4314/4612/4314 4309/4607/4309 4310/4608/4310
f 4314/4612/4314 4310/4608/4310 4281/4576/4281
f 4311/4609/4311 4309/4607/4309 4315/4613/4315
f 4309/4607/4309 4311/4609/4311 4305/4603/4305
f 4309/4607/4309 4316/4614/4316 4315/4613/4315
f 4316/4614/4316 4309/4607/4309 4314/4612/4314
f 4317/4615/4317 4284/4580/4284 4280/4575/4280
f 4191/4476/4191 4209/4495/4209 4192/4477/4192
f 4317/4615/4317 4280/4575/4280 4310/4608/4310
f 4205/4491/4205 4204/4490/4204 4317/4615/4317
f 4310/4608/4310 4308/4606/4308 4317/4615/4317
f 4204/4490/4204 4201/4487/4201 4317/4615/4317
f 4308/4606/4308 4205/4491/4205 4317/4615/4317
f 4284/4580/4284 4317/4615/4317 4201/4487/4201
f 4254/4548/4254 4274/4569/4274 4203/4552/4203
f 4205/4491/4205 4308/4606/4308 4307/4605/4307
f 4203/4489/4203 4298/4616/4298 4201/4487/4201
f 4298/4596/4298 4203/4552/4203 4274/4569/4274
f 4295/4594/4295 4201/4487/4201 4298/4616/4298
f 4318/4617/4318 4319/4618/4319 4320/4619/4320
f 1908/2034/1908 4321/4620/4321 4322/4621/4322
f 4323/4622/4323 4324/4623/4324 4325/4624/4325
f 4320/4619/4320 4326/4625/4326 4318/4617/4318
f 4327/4626/4327 1923/2049/1923 4328/4627/4328
f 4329/4628/4329 4320/4619/4320 4319/4618/4319
f 4321/4620/4321 1909/2035/1909 1923/2049/1923
f 1746/1478/1746 4330/4629/4330 1745/1477/1745
f 4328/4627/4328 4331/4630/4331 4327/4626/4327
f 4321/4620/4321 1923/2049/1923 4327/4626/4327
f 1908/2034/1908 1906/2032/1906 4321/4620/4321
f 4332/4631/4332 4329/4628/4329 4319/4618/4319
f 1909/2035/1909 4321/4620/4321 1906/2032/1906
f 1747/1479/1747 1744/1476/1744 1741/1467/1741
f 4333/4632/4333 1745/1477/1745 4334/4633/4334
f 1741/1467/1741 1744/1476/1744 4318/4617/4318
f 1744/1476/1744 1745/1477/1745 4333/4632/4333
f 1743/1471/1743 1745/1477/1745 1744/1476/1744
f 4333/4632/4333 4318/4617/4318 1744/1476/1744
f 4318/4617/4318 4333/4632/4333 4335/4634/4335
f 4318/4617/4318 4335/4634/4335 4319/4618/4319
f 4334/4633/4334 4335/4634/4335 4333/4632/4333
f 4324/4623/4324 4321/4620/4321 4327/4626/4327
f 4331/4630/4331 4336/4635/4336 4327/4626/4327
f 4337/4636/4337 4335/4634/4335 4334/4633/4334
f 1746/1478/1746 1765/1569/1765 4330/4629/4330
f 4337/4636/4337 1745/1477/1745 4330/4629/4330
f 4338/4637/4338 4337/4636/4337 4330/4629/4330
f 4334/4633/4334 1745/1477/1745 4337/4636/4337
f 4322/4621/4322 4321/4620/4321 4324/4623/4324
f 4323/4622/4323 4322/4621/4322 4324/4623/4324
f 4331/4630/4331 4320/4619/4320 4329/4628/4329
f 4320/4619/4320 4331/4630/4331 4328/4627/4328
f 4331/4630/4331 4339/4638/4339 4336/4635/4336
f 4331/4630/4331 4329/4628/4329 4339/4638/4339
f 4324/4623/4324 4327/4626/4327 4336/4635/4336
f 1764/1567/1764 1763/1566/1763 1765/1569/1765
f 4332/4631/4332 4339/4638/4339 4329/4628/4329
f 4340/4639/4340 4338/4637/4338 4330/4629/4330
f 4330/4629/4330 1765/1569/1765 1763/1566/1763
f 1763/1566/1763 1762/1565/1762 4341/4640/4341
f 4342/4641/4342 4338/4637/4338 4340/4639/4340
f 1763/1566/1763 4340/4639/4340 4330/4629/4330
f 1762/1565/1762 1760/1558/1760 4341/4640/4341
f 1763/1566/1763 4341/4640/4341 4340/4639/4340
f 4343/4642/4343 4336/4635/4336 4332/4631/4332
f 4339/4638/4339 4332/4631/4332 4336/4635/4336
f 1761/1560/1761 1760/1558/1760 1762/1565/1762
f 2372/2534/2372 2218/2361/2218 4293/4589/4293
f 4325/4624/4325 4324/4623/4324 4336/4635/4336
f 2372/2534/2372 2375/2537/2375 2373/2535/2373
f 4344/4643/4344 4293/4589/4293 4345/4644/4345
f 4346/4645/4346 4341/4640/4341 1760/1558/1760
f 4293/4589/4293 4344/4643/4344 2372/2534/2372
f 4297/4595/4297 4345/4644/4345 4293/4589/4293
f 4346/4645/4346 4340/4639/4340 4341/4640/4341
f 4297/4595/4297 4301/4599/4301 4345/4644/4345
f 4347/4646/4347 4346/4645/4346 1760/1558/1760
f 4345/4644/4345 4301/4599/4301 4348/4647/4348
f 4348/4647/4348 4344/4643/4344 4345/4644/4345
f 4349/4648/4349 4350/4649/4350 4351/4650/4351
f 4349/4648/4349 4351/4650/4351 4352/4651/4352
f 4351/4650/4351 4350/4649/4350 4347/4646/4347
f 4353/4652/4353 4350/4649/4350 4349/4648/4349
f 4347/4646/4347 4350/4649/4350 4346/4645/4346
f 4300/4598/4300 4312/4610/4312 4301/4599/4301
f 4312/4610/4312 4311/4609/4311 4301/4599/4301
f 4354/4653/4354 4355/4654/4355 4325/4624/4325
f 4301/4599/4301 4311/4609/4311 4315/4613/4315
f 4356/4655/4356 4349/4648/4349 4352/4651/4352
f 4315/4613/4315 4357/4656/4357 4301/4599/4301
f 4348/4647/4348 4301/4599/4301 4357/4656/4357
f 4216/4503/4216 4358/4657/4358 4359/4658/4359
f 1904/2030/1904 1908/2034/1908 4360/4659/4360
f 4316/4614/4316 4361/4660/4361 4315/4613/4315
f 4362/4661/4362 4315/4613/4315 4361/4660/4361
f 4316/4614/4316 4314/4612/4314 4313/4611/4313
f 4360/4659/4360 1908/2034/1908 4322/4621/4322
f 4362/4661/4362 4361/4660/4361 4363/4662/4363
f 4357/4656/4357 4315/4613/4315 4362/4661/4362
f 4313/4611/4313 4361/4660/4361 4316/4614/4316
f 4344/4643/4344 4364/4663/4364 2389/2551/2389
f 4364/4663/4364 4365/4664/4365 2389/2551/2389
f 2369/2531/2369 2389/2551/2389 4365/4664/4365
f 4366/4665/4366 4365/4664/4365 4364/4663/4364
f 4366/4665/4366 4364/4663/4364 4367/4666/4367
f 4365/4664/4365 2370/2532/2370 2369/2531/2369
f 4366/4665/4366 2370/2532/2370 4365/4664/4365
f 4344/4643/4344 4368/4667/4368 4364/4663/4364
f 4364/4663/4364 4368/4667/4368 4367/4666/4367
f 4367/4666/4367 4368/4667/4368 4369/4668/4369
f 4368/4667/4368 4344/4643/4344 4348/4647/4348
f 2372/2534/2372 4344/4643/4344 2389/2551/2389
f 4369/4668/4369 4370/4669/4370 4367/4666/4367
f 4371/4670/4371 4372/4671/4372 4370/4669/4370
f 4369/4668/4369 4371/4670/4371 4370/4669/4370
f 4373/4672/4373 2364/2526/2364 2365/2527/2365
f 2370/2532/2370 4373/4672/4373 2365/2527/2365
f 4373/4672/4373 4370/4669/4370 4374/4673/4374
f 4373/4672/4373 4375/4674/4375 2364/2526/2364
f 2361/2523/2361 2364/2526/2364 2339/2498/2339
f 4374/4673/4374 4376/4675/4376 4373/4672/4373
f 4373/4672/4373 4376/4675/4376 4375/4674/4375
f 4366/4665/4366 4367/4666/4367 4370/4669/4370
f 4375/4674/4375 2339/2498/2339 2364/2526/2364
f 4377/4676/4377 4375/4674/4375 4376/4675/4376
f 4372/4671/4372 4374/4673/4374 4370/4669/4370
f 4376/4675/4376 4374/4673/4374 4372/4671/4372
f 4366/4665/4366 4373/4672/4373 2370/2532/2370
f 4348/4647/4348 4357/4656/4357 4368/4667/4368
f 4366/4665/4366 4370/4669/4370 4373/4672/4373
f 4368/4667/4368 4357/4656/4357 4378/4677/4378
f 4379/4678/4379 4378/4677/4378 4362/4661/4362
f 4379/4678/4379 4362/4661/4362 4363/4662/4363
f 4362/4661/4362 4378/4677/4378 4357/4656/4357
f 4379/4678/4379 4371/4670/4371 4378/4677/4378
f 4371/4670/4371 4380/4679/4380 4372/4671/4372
f 4377/4676/4377 4376/4675/4376 4381/4680/4381
f 4377/4676/4377 4382/4681/4382 4375/4674/4375
f 4380/4679/4380 4381/4680/4381 4372/4671/4372
f 4376/4675/4376 4372/4671/4372 4381/4680/4381
f 4379/4678/4379 4363/4662/4363 4383/4682/4383
f 4377/4676/4377 4381/4680/4381 4384/4683/4384
f 4369/4668/4369 4368/4667/4368 4371/4670/4371
f 4380/4679/4380 4371/4670/4371 4385/4684/4385
f 4371/4670/4371 4379/4678/4379 4385/4684/4385
f 4385/4684/4385 4379/4678/4379 4383/4682/4383
f 4380/4679/4380 4385/4684/4385 4386/4685/4386
f 4385/4684/4385 4387/4686/4387 4386/4685/4386
f 4378/4677/4378 4371/4670/4371 4368/4667/4368
f 4361/4660/4361 4388/4687/4388 4363/4662/4363
f 4363/4662/4363 4388/4687/4388 4389/4688/4389
f 4390/4689/4390 4361/4660/4361 4313/4611/4313
f 4383/4682/4383 4363/4662/4363 4389/4688/4389
f 4389/4688/4389 4361/4660/4361 4390/4689/4390
f 4389/4688/4389 4390/4689/4390 4391/4690/4391
f 4361/4660/4361 4389/4688/4389 4388/4687/4388
f 4392/4691/4392 4393/4692/4393 4389/4688/4389
f 4391/4690/4391 4392/4691/4392 4389/4688/4389
f 4393/4692/4393 4383/4682/4383 4389/4688/4389
f 4387/4686/4387 4385/4684/4385 4383/4682/4383
f 4392/4691/4392 4394/4693/4394 4393/4692/4393
f 4386/4685/4386 4393/4692/4393 4394/4693/4394
f 4353/4652/4353 4395/4694/4395 4396/4695/4396
f 4380/4679/4380 4395/4694/4395 4381/4680/4381
f 4395/4694/4395 4386/4685/4386 4396/4695/4396
f 4381/4680/4381 4395/4694/4395 4356/4655/4356
f 4384/4683/4384 4381/4680/4381 4356/4655/4356
f 4356/4655/4356 4353/4652/4353 4349/4648/4349
f 4395/4694/4395 4353/4652/4353 4356/4655/4356
f 4397/4696/4397 4353/4652/4353 4396/4695/4396
f 4393/4692/4393 4387/4686/4387 4383/4682/4383
f 4380/4679/4380 4386/4685/4386 4395/4694/4395
f 4386/4685/4386 4387/4686/4387 4393/4692/4393
f 4353/4652/4353 4397/4696/4397 4350/4649/4350
f 4396/4695/4396 4386/4685/4386 4394/4693/4394
f 4346/4645/4346 4350/4649/4350 4397/4696/4397
f 4396/4695/4396 4394/4693/4394 4398/4697/4398
f 4398/4697/4398 4342/4641/4342 4397/4696/4397
f 4394/4693/4394 4399/4698/4399 4398/4697/4398
f 4346/4645/4346 4342/4641/4342 4340/4639/4340
f 4399/4698/4399 4400/4699/4400 4398/4697/4398
f 4397/4696/4397 4396/4695/4396 4398/4697/4398
f 4400/4699/4400 4342/4641/4342 4398/4697/4398
f 4401/4700/4401 4402/4701/4402 4352/4651/4352
f 4352/4651/4352 4351/4650/4351 1756/1544/1756
f 1759/1551/1759 1757/1547/1757 4347/4646/4347
f 1898/2020/1898 1904/2030/1904 4403/4702/4403
f 4360/4659/4360 4403/4702/4403 1904/2030/1904
f 4323/4622/4323 4358/4657/4358 4322/4621/4322
f 4403/4702/4403 4360/4659/4360 4322/4621/4322
f 1759/1551/1759 4347/4646/4347 1758/1549/1758
f 4403/4702/4403 4322/4621/4322 4358/4657/4358
f 1760/1558/1760 1758/1549/1758 4347/4646/4347
f 4397/4696/4397 4342/4641/4342 4346/4645/4346
f 1757/1547/1757 1756/1544/1756 4351/4650/4351
f 4351/4650/4351 4347/4646/4347 1757/1547/1757
f 4404/4703/4404 4281/4576/4281 4405/4704/4405
f 4282/4577/4282 4405/4704/4405 4281/4576/4281
f 4390/4689/4390 4313/4611/4313 4404/4703/4404
f 4404/4703/4404 4405/4704/4405 4406/4705/4406
f 4407/4706/4407 4336/4635/4336 4343/4642/4343
f 4408/4707/4408 4406/4705/4406 4405/4704/4405
f 4390/4689/4390 4404/4703/4404 4406/4705/4406
f 4282/4577/4282 4408/4707/4408 4405/4704/4405
f 4408/4707/4408 4409/4708/4409 4406/4705/4406
f 4410/4709/4410 4411/4710/4411 4408/4707/4408
f 4408/4707/4408 4282/4577/4282 4410/4709/4410
f 1756/1544/1756 1755/1538/1755 4401/4700/4401
f 4402/4701/4402 4382/4681/4382 4377/4676/4377
f 4408/4707/4408 4411/4710/4411 4409/4708/4409
f 4402/4701/4402 4384/4683/4384 4352/4651/4352
f 4356/4655/4356 4352/4651/4352 4384/4683/4384
f 4325/4624/4325 4358/4657/4358 4323/4622/4323
f 4382/4681/4382 1754/1534/1754 4412/4711/4412
f 1755/1538/1755 4402/4701/4402 4401/4700/4401
f 4382/4681/4382 2339/2498/2339 4375/4674/4375
f 4358/4657/4358 4325/4624/4325 4355/4654/4355
f 1756/1544/1756 4401/4700/4401 4352/4651/4352
f 4282/4577/4282 4268/4563/4268 4410/4709/4410
f 4410/4709/4410 4268/4563/4268 4411/4710/4411
f 4413/4712/4413 4414/4713/4414 4355/4654/4355
f 4415/4714/4415 4411/4710/4411 4416/4715/4416
f 4416/4715/4416 4411/4710/4411 4268/4563/4268
f 4414/4713/4414 4358/4657/4358 4355/4654/4355
f 4411/4710/4411 4415/4714/4415 4417/4716/4417
f 4416/4715/4416 4218/4505/4218 4418/4717/4418
f 4218/4505/4218 4416/4715/4416 4268/4563/4268
f 4268/4563/4268 4282/4577/4282 4233/4521/4233
f 4404/4703/4404 4313/4611/4313 4281/4576/4281
f 4416/4715/4416 4418/4717/4418 4415/4714/4415
f 4402/4701/4402 4377/4676/4377 4384/4683/4384
f 4382/4681/4382 1755/1538/1755 1754/1534/1754
f 1755/1538/1755 4382/4681/4382 4402/4701/4402
f 4218/4505/4218 4217/4504/4217 4418/4717/4418
f 1754/1534/1754 1753/1532/1753 4412/4711/4412
f 4335/4634/4335 4332/4631/4332 4319/4618/4319
f 1753/1532/1753 1752/1498/1752 2312/2467/2312
f 4418/4717/4418 4419/4718/4419 4415/4714/4415
f 4217/4504/4217 4215/4502/4215 4359/4658/4359
f 4359/4658/4359 4419/4718/4419 4217/4504/4217
f 4216/4503/4216 4359/4658/4359 4215/4502/4215
f 4414/4713/4414 4420/4719/4420 4358/4657/4358
f 4412/4711/4412 2340/2499/2340 2339/2498/2339
f 1753/1532/1753 2312/2467/2312 2340/2499/2340
f 4412/4711/4412 2339/2498/2339 4382/4681/4382
f 4403/4702/4403 4358/4657/4358 4216/4503/4216
f 4195/4481/4195 1887/2008/1887 1884/2005/1884
f 4214/4500/4214 4215/4502/4215 4217/4504/4217
f 1753/1532/1753 2340/2499/2340 4412/4711/4412
f 4217/4504/4217 4419/4718/4419 4418/4717/4418
f 1884/2005/1884 4216/4503/4216 4195/4481/4195
f 1884/2005/1884 1883/2004/1883 4403/4702/4403
f 1883/2004/1883 1898/2020/1898 4403/4702/4403
f 4403/4702/4403 4216/4503/4216 1884/2005/1884
f 4421/4720/4421 4358/4657/4358 4420/4719/4420
f 4413/4712/4413 4419/4718/4419 4414/4713/4414
f 4419/4718/4419 4420/4719/4420 4414/4713/4414
f 4359/4658/4359 4358/4657/4358 4421/4720/4421
f 4421/4720/4421 4420/4719/4420 4419/4718/4419
f 4359/4658/4359 4421/4720/4421 4419/4718/4419
f 4390/4689/4390 4406/4705/4406 4391/4690/4391
f 4409/4708/4409 4392/4691/4392 4391/4690/4391
f 4391/4690/4391 4406/4705/4406 4409/4708/4409
f 4394/4693/4394 4392/4691/4392 4409/4708/4409
f 4394/4693/4394 4409/4708/4409 4422/4721/4422
f 4417/4716/4417 4423/4722/4423 4411/4710/4411
f 4411/4710/4411 4423/4722/4423 4409/4708/4409
f 4325/4624/4325 4336/4635/4336 4354/4653/4354
f 4424/4723/4424 4399/4698/4399 4422/4721/4422
f 4424/4723/4424 4422/4721/4422 4423/4722/4423
f 4423/4722/4423 4422/4721/4422 4409/4708/4409
f 4425/4724/4425 4417/4716/4417 4426/4725/4426
f 4413/4712/4413 4427/4726/4427 4415/4714/4415
f 4423/4722/4423 4417/4716/4417 4425/4724/4425
f 4417/4716/4417 4427/4726/4427 4426/4725/4426
f 4427/4726/4427 4413/4712/4413 4426/4725/4426
f 4422/4721/4422 4399/4698/4399 4394/4693/4394
f 4413/4712/4413 4415/4714/4415 4419/4718/4419
f 4355/4654/4355 4407/4706/4407 4426/4725/4426
f 4426/4725/4426 4413/4712/4413 4355/4654/4355
f 4425/4724/4425 4424/4723/4424 4423/4722/4423
f 4399/4698/4399 4424/4723/4424 4400/4699/4400
f 4415/4714/4415 4427/4726/4427 4417/4716/4417
f 4400/4699/4400 4424/4723/4424 4428/4727/4428
f 4400/4699/4400 4338/4637/4338 4342/4641/4342
f 4429/4728/4429 4338/4637/4338 4400/4699/4400
f 4425/4724/4425 4426/4725/4426 4428/4727/4428
f 4407/4706/4407 4430/4729/4430 4428/4727/4428
f 4428/4727/4428 4426/4725/4426 4407/4706/4407
f 4429/4728/4429 4337/4636/4337 4338/4637/4338
f 4407/4706/4407 4355/4654/4355 4354/4653/4354
f 4337/4636/4337 4429/4728/4429 4335/4634/4335
f 4407/4706/4407 4343/4642/4343 4430/4729/4430
f 4400/4699/4400 4430/4729/4430 4429/4728/4429
f 4430/4729/4430 4400/4699/4400 4428/4727/4428
f 4430/4729/4430 4332/4631/4332 4429/4728/4429
f 4354/4653/4354 4336/4635/4336 4407/4706/4407
f 4332/4631/4332 4335/4634/4335 4429/4728/4429
f 4425/4724/4425 4428/4727/4428 4424/4723/4424
f 4343/4642/4343 4332/4631/4332 4430/4729/4430
f 4431/4730/4431 3724/3977/3724 3677/3930/3677
f 4432/4731/4432 4433/4732/4433 4434/4733/4434
f 4431/4730/4431 3677/3930/3677 3681/3934/3681
f 3681/3934/3681 3677/3930/3677 3679/3932/3679
f 1734/1362/1734 4435/4734/4435 1735/1363/1735
f 4436/4735/4436 4431/4730/4431 4437/4736/4437
f 4431/4730/4431 4436/4735/4436 4435/4734/4435
f 4436/4735/4436 4437/4736/4437 1730/1349/1730
f 1828/1949/1828 1869/1990/1869 3724/3977/3724
f 1869/1990/1869 1828/1949/1828 1873/1994/1873
f 3724/3977/3724 4431/4730/4431 1828/1949/1828
f 3681/3934/3681 4437/4736/4437 4431/4730/4431
f 1828/1949/1828 1826/1947/1826 1825/1946/1825
f 1828/1949/1828 4435/4734/4435 4438/4737/4438
f 1828/1949/1828 1825/1946/1825 1873/1994/1873
f 1828/1949/1828 4431/4730/4431 4435/4734/4435
f 1728/1333/1728 3673/3926/3673 1729/1334/1729
f 1728/1333/1728 4437/4736/4437 3681/3934/3681
f 4436/4735/4436 1735/1363/1735 4435/4734/4435
f 1735/1363/1735 4436/4735/4436 1730/1349/1730
f 1730/1349/1730 4437/4736/4437 1728/1333/1728
f 4439/4738/4439 4440/4739/4440 4441/4740/4441
f 4441/4740/4441 4442/4741/4442 4443/4742/4443
f 4439/4738/4439 4444/4743/4444 4440/4739/4440
f 4445/4744/4445 4265/4560/4265 2140/2276/2140
f 2138/2274/2138 2140/2276/2140 4265/4560/4265
f 4439/4738/4439 4441/4740/4441 4443/4742/4443
f 2140/2276/2140 2144/2280/2144 4446/4745/4446
f 4445/4744/4445 4266/4561/4266 4265/4560/4265
f 4447/4746/4447 4448/4747/4448 1738/1376/1738
f 4445/4744/4445 2140/2276/2140 4446/4745/4446
f 4447/4746/4447 4449/4748/4449 4448/4747/4448
f 4450/4749/4450 1829/2072/1829 4451/4750/4451
f 4445/4744/4445 4446/4745/4446 4452/4751/4452
f 4453/4752/4453 4439/4738/4439 4443/4742/4443
f 4444/4743/4444 4454/4753/4454 4440/4739/4440
f 4455/4754/4455 4276/4571/4276 4452/4751/4452
f 4266/4561/4266 4445/4744/4445 4276/4571/4276
f 4445/4744/4445 4452/4751/4452 4276/4571/4276
f 4435/4734/4435 4451/4755/4451 4438/4737/4438
f 1941/2071/1941 1829/2072/1829 4450/4749/4450
f 1734/1362/1734 4451/4755/4451 4435/4734/4435
f 4450/4749/4450 1737/1374/1737 4448/4747/4448
f 4450/4749/4450 4451/4750/4451 1737/1374/1737
f 4266/4561/4266 4276/4571/4276 4261/4556/4261
f 4456/4756/4456 4444/4743/4444 4439/4738/4439
f 4453/4752/4453 4457/4757/4457 4439/4738/4439
f 1930/2057/1930 1941/2071/1941 4449/4748/4449
f 1737/1374/1737 1733/1361/1733 4448/4747/4448
f 4438/4737/4438 1829/1950/1829 1828/1949/1828
f 4458/4758/4458 4440/4739/4440 4454/4753/4454
f 1941/2071/1941 4450/4749/4450 4449/4748/4449
f 4278/4573/4278 4455/4754/4455 4459/4759/4459
f 4278/4573/4278 4275/4570/4275 4276/4571/4276
f 4450/4749/4450 4448/4747/4448 4449/4748/4449
f 4438/4737/4438 4451/4755/4451 1829/1950/1829
f 4444/4743/4444 4460/4760/4460 4454/4753/4454
f 4212/4498/4212 4278/4573/4278 4459/4759/4459
f 4212/4498/4212 4459/4759/4459 4461/4761/4461
f 1733/1361/1733 1732/1360/1732 4448/4747/4448
f 1930/2057/1930 4462/4762/4462 4463/4763/4463
f 1738/1376/1738 4448/4747/4448 1732/1360/1732
f 4212/4498/4212 4461/4761/4461 4464/4764/4464
f 4447/4746/4447 1930/2057/1930 4449/4748/4449
f 4447/4746/4447 4465/4765/4465 4462/4762/4462
f 4462/4762/4462 4466/4766/4466 4463/4763/4463
f 4456/4756/4456 4460/4760/4460 4444/4743/4444
f 1930/2057/1930 4447/4746/4447 4462/4762/4462
f 4465/4765/4465 4447/4746/4447 1738/1376/1738
f 4439/4738/4439 4457/4757/4457 4456/4756/4456
f 4454/4753/4454 4432/4731/4432 4458/4758/4458
f 4276/4571/4276 4455/4754/4455 4278/4573/4278
f 1733/1361/1733 1736/1367/1736 1731/1359/1731
f 1740/1380/1740 4467/4767/4467 4465/4765/4465
f 4465/4765/4465 1738/1376/1738 1740/1380/1740
f 1734/1373/1734 1737/1374/1737 4451/4750/4451
f 1723/1233/1723 1740/1380/1740 1739/1379/1739
f 4465/4765/4465 4467/4767/4467 4462/4762/4462
f 4468/4768/4468 4433/4732/4433 4454/4753/4454
f 4432/4731/4432 4454/4753/4454 4433/4732/4433
f 4460/4760/4460 4456/4756/4456 4469/4769/4469
f 4470/4770/4470 4466/4766/4466 4471/4771/4471
f 4469/4769/4469 4456/4756/4456 4457/4757/4457
f 4472/4772/4472 4473/4773/4473 1727/1250/1727
f 4467/4767/4467 1740/1380/1740 1723/1233/1723
f 4467/4767/4467 1723/1233/1723 4473/4773/4473
f 4472/4772/4472 4474/4774/4474 4473/4773/4473
f 4466/4766/4466 4462/4762/4462 4467/4767/4467
f 4475/4775/4475 4471/4771/4471 4466/4766/4466
f 4467/4767/4467 4473/4773/4473 4474/4774/4474
f 4475/4775/4475 4466/4766/4466 4474/4774/4474
f 4467/4767/4467 4474/4774/4474 4466/4766/4466
f 4475/4775/4475 4474/4774/4474 4326/4625/4326
f 4326/4625/4326 4471/4771/4471 4475/4775/4475
f 4446/4745/4446 2043/2179/2043 4452/4751/4452
f 2043/2179/2043 4476/4776/4476 4452/4751/4452
f 4446/4745/4446 2144/2280/2144 2043/2179/2043
f 4476/4776/4476 2043/2179/2043 2045/2181/2045
f 2045/2181/2045 1970/2106/1970 4476/4776/4476
f 4477/4777/4477 4452/4751/4452 4476/4776/4476
f 4476/4776/4476 4478/4778/4478 4479/4779/4479
f 1970/2106/1970 1969/2105/1969 4480/4780/4480
f 4326/4625/4326 4472/4772/4472 4318/4617/4318
f 4478/4778/4478 1970/2106/1970 4480/4780/4480
f 4470/4770/4470 4471/4771/4471 4320/4619/4320
f 4478/4778/4478 4480/4780/4480 4481/4781/4481
f 4477/4777/4477 4455/4754/4455 4452/4751/4452
f 4477/4777/4477 4479/4779/4479 4482/4782/4482
f 4483/4783/4483 4455/4754/4455 4477/4777/4477
f 4476/4776/4476 4479/4779/4479 4477/4777/4477
f 4479/4779/4479 4478/4778/4478 4482/4782/4482
f 4484/4784/4484 4482/4782/4482 4478/4778/4478
f 4481/4781/4481 3652/3905/3652 4484/4784/4484
f 4485/4785/4485 4484/4784/4484 3652/3905/3652
f 4480/4780/4480 1996/2132/1996 1998/2134/1998
f 4478/4778/4478 4481/4781/4481 4484/4784/4484
f 4476/4776/4476 1970/2106/1970 4478/4778/4478
f 4486/4786/4486 4480/4780/4480 1998/2134/1998
f 4480/4780/4480 4486/4786/4486 4481/4781/4481
f 4481/4781/4481 4486/4786/4486 4487/4787/4487
f 1969/2105/1969 1996/2132/1996 4480/4780/4480
f 4486/4786/4486 1998/2134/1998 3786/4041/3786
f 3786/4041/3786 3888/4153/3888 4486/4786/4486
f 4487/4787/4487 4486/4786/4486 3652/3905/3652
f 4320/4619/4320 4471/4771/4471 4326/4625/4326
f 4472/4772/4472 4326/4625/4326 4474/4774/4474
f 2004/2140/2004 1970/2106/1970 2045/2181/2045
f 4457/4757/4457 4488/4788/4488 4489/4789/4489
f 3652/3905/3652 4486/4786/4486 3888/4153/3888
f 4434/4733/4434 4458/4758/4458 4432/4731/4432
f 4487/4787/4487 3652/3905/3652 4481/4781/4481
f 4490/4790/4490 3652/3905/3652 3644/3897/3644
f 4485/4785/4485 3652/3905/3652 4490/4790/4490
f 3655/3908/3655 3701/3954/3701 4433/4732/4433
f 4489/4789/4489 4469/4769/4469 4457/4757/4457
f 3652/3905/3652 3888/4153/3888 3645/3898/3645
f 4473/4773/4473 1723/1233/1723 1727/1250/1727
f 1727/1250/1727 1742/1469/1742 4472/4772/4472
f 4483/4783/4483 4491/4791/4491 4459/4759/4459
f 4483/4783/4483 4477/4777/4477 4482/4782/4482
f 4483/4783/4483 4482/4782/4482 4491/4791/4491
f 4459/4759/4459 4455/4754/4455 4483/4783/4483
f 1723/1233/1723 1724/1235/1724 1727/1250/1727
f 4482/4782/4482 4492/4792/4492 4493/4793/4493
f 4491/4791/4491 4482/4782/4482 4493/4793/4493
f 4459/4759/4459 4491/4791/4491 4461/4761/4461
f 4484/4784/4484 4494/4794/4494 4482/4782/4482
f 4482/4782/4482 4494/4794/4494 4492/4792/4492
f 4485/4785/4485 4495/4795/4495 4484/4784/4484
f 4495/4795/4495 4494/4794/4494 4484/4784/4484
f 4491/4791/4491 4489/4789/4489 4461/4761/4461
f 4493/4793/4493 4489/4789/4489 4491/4791/4491
f 4493/4793/4493 4469/4769/4469 4489/4789/4489
f 4493/4793/4493 4492/4792/4492 4469/4769/4469
f 4460/4760/4460 4469/4769/4469 4494/4794/4494
f 4468/4768/4468 4494/4794/4494 4495/4795/4495
f 4494/4794/4494 4469/4769/4469 4492/4792/4492
f 4495/4795/4495 4496/4796/4496 4468/4768/4468
f 4472/4772/4472 1741/1467/1741 4318/4617/4318
f 4495/4795/4495 4485/4785/4485 4490/4790/4490
f 4488/4788/4488 4457/4757/4457 4453/4752/4453
f 4495/4795/4495 4490/4790/4490 4496/4796/4496
f 4434/4733/4434 4497/4797/4497 4458/4758/4458
f 4472/4772/4472 1742/1469/1742 1741/1467/1741
f 3650/3903/3650 4490/4790/4490 3648/3901/3648
f 4490/4790/4490 3644/3897/3644 3648/3901/3648
f 4497/4797/4497 4498/4798/4498 4458/4758/4458
f 4496/4796/4496 4490/4790/4490 4468/4768/4468
f 4494/4794/4494 4468/4768/4468 4460/4760/4460
f 3655/3908/3655 4468/4768/4468 4490/4790/4490
f 3650/3903/3650 3655/3908/3655 4490/4790/4490
f 4460/4760/4460 4468/4768/4468 4454/4753/4454
f 3701/3954/3701 4434/4733/4434 4433/4732/4433
f 4497/4797/4497 4434/4733/4434 3701/3954/3701
f 3706/3959/3706 3715/3968/3715 4497/4797/4497
f 4497/4797/4497 3701/3954/3701 3706/3959/3706
f 4440/4739/4440 4499/4799/4499 4441/4740/4441
f 3655/3908/3655 4433/4732/4433 4468/4768/4468
f 4442/4741/4442 4441/4740/4441 4499/4799/4499
f 4212/4498/4212 4464/4764/4464 4208/4494/4208
f 4500/4800/4500 4499/4799/4499 4440/4739/4440
f 4461/4761/4461 4489/4789/4489 4464/4764/4464
f 4209/4495/4209 4208/4494/4208 4464/4764/4464
f 4442/4741/4442 1932/2059/1932 4443/4742/4443
f 4501/4801/4501 1939/2067/1939 4502/4802/4502
f 4503/4803/4503 4498/4798/4498 4501/4801/4501
f 4464/4764/4464 4489/4789/4489 4209/4495/4209
f 4440/4739/4440 4503/4803/4503 4500/4800/4500
f 4503/4803/4503 4440/4739/4440 4458/4758/4458
f 4498/4798/4498 4503/4803/4503 4458/4758/4458
f 4256/4550/4256 4209/4495/4209 4504/4804/4504
f 4209/4495/4209 4488/4788/4488 4504/4804/4504
f 4503/4803/4503 4502/4802/4502 4500/4800/4500
f 4504/4804/4504 4453/4752/4453 4443/4742/4443
f 4256/4550/4256 4504/4804/4504 4224/4512/4224
f 4488/4788/4488 4209/4495/4209 4489/4789/4489
f 1845/1966/1845 4500/4800/4500 1939/2067/1939
f 4197/4483/4197 4224/4512/4224 4504/4804/4504
f 4488/4788/4488 4453/4752/4453 4504/4804/4504
f 4198/4484/4198 4224/4512/4224 4197/4483/4197
f 4197/4483/4197 4504/4804/4504 4443/4742/4443
f 1932/2059/1932 4197/4483/4197 4443/4742/4443
f 1895/2016/1895 4197/4483/4197 1896/2017/1896
f 1939/2067/1939 3715/3968/3715 1944/2075/1944
f 1896/2017/1896 4197/4483/4197 1893/2014/1893
f 3715/3968/3715 3714/3967/3714 1944/2075/1944
f 1932/2059/1932 1893/2014/1893 4197/4483/4197
f 4500/4800/4500 4505/4805/4505 4499/4799/4499
f 4501/4801/4501 3715/3968/3715 1939/2067/1939
f 1931/2058/1931 1932/2059/1932 4442/4741/4442
f 1931/2058/1931 4499/4799/4499 4505/4805/4505
f 1930/2057/1930 4463/4763/4463 1922/2048/1922
f 1931/2058/1931 4505/4805/4505 1877/1998/1877
f 4501/4801/4501 4498/4798/4498 4497/4797/4497
f 4502/4802/4502 4503/4803/4503 4501/4801/4501
f 4497/4797/4497 3715/3968/3715 4501/4801/4501
f 4505/4805/4505 1864/1985/1864 1877/1998/1877
f 1864/1985/1864 4500/4800/4500 1845/1966/1845
f 4500/4800/4500 4502/4802/4502 1939/2067/1939
f 1922/2048/1922 1923/2049/1923 1920/2046/1920
f 4328/4627/4328 4470/4770/4470 4320/4619/4320
f 1864/1985/1864 4505/4805/4505 4500/4800/4500
f 1931/2058/1931 4442/4741/4442 4499/4799/4499
f 4463/4763/4463 4466/4766/4466 4470/4770/4470
f 4463/4763/4463 1923/2049/1923 1922/2048/1922
f 1923/2049/1923 4463/4763/4463 4328/4627/4328
f 4463/4763/4463 4470/4770/4470 4328/4627/4328
f 2120/2256/2120 4506/4806/4506 4507/4807/4507
f 4508/4808/4508 2024/2160/2024 2023/2159/2023
f 2041/2177/2041 2000/2136/2000 2063/2199/2063
f 2023/2159/2023 2041/2177/2041 4508/4808/4508
f 2041/2177/2041 2063/2199/2063 4506/4806/4506
f 2120/2256/2120 2123/2259/2123 2084/2220/2084
f 2123/2259/2123 2120/2256/2120 2111/2247/2111
f 2111/2247/2111 1977/2113/1977 2085/2221/2085
f 2120/2256/2120 2086/2222/2086 2091/2227/2091
f 2064/2200/2064 2074/2210/2074 2111/2247/2111
f 4509/4809/4509 2120/2256/2120 2091/2227/2091
f 2120/2256/2120 4507/4807/4507 2111/2247/2111
f 2120/2256/2120 4509/4809/4509 4506/4806/4506
f 2024/2160/2024 4508/4808/4508 3751/4004/3751
f 3751/4004/3751 4508/4808/4508 3748/4001/3748
f 4510/4810/4510 2094/2230/2094 3748/4001/3748
f 2099/2235/2099 4509/4809/4509 2091/2227/2091
f 1977/2113/1977 2111/2247/2111 2110/2246/2110
f 2094/2230/2094 4510/4810/4510 4511/4811/4511
f 4506/4806/4506 2063/2199/2063 2064/2200/2064
f 2064/2200/2064 2111/2247/2111 4507/4807/4507
f 4506/4806/4506 2064/2200/2064 4507/4807/4507
f 4511/4811/4511 2095/2231/2095 2094/2230/2094
f 2095/2231/2095 4511/4811/4511 2099/2235/2099
f 2095/2231/2095 2099/2235/2099 2093/2229/2093
f 2099/2235/2099 4511/4811/4511 4509/4809/4509
f 2041/2177/2041 4510/4810/4510 4508/4808/4508
f 4510/4810/4510 3748/4001/3748 4508/4808/4508
f 4510/4810/4510 2041/2177/2041 4511/4811/4511
f 4511/4811/4511 4506/4806/4506 4509/4809/4509
f 2041/2177/2041 4506/4806/4506 4511/4811/4511
f 4512/4812/4512 4513/4813/4513 4514/4814/4514
f 4515/4815/4515 4512/4812/4512 4516/4816/4516
f 4515/4815/4515 4513/4813/4513 4512/4812/4512
f 4517/4817/4517 4518/4818/4518 4519/4819/4519
f 1641/634/1641 1646/689/1646 1643/661/1643
f 1641/634/1641 1643/661/1643 4520/4820/4520
f 4521/4821/4521 1641/634/1641 4520/4820/4520
f 4522/4822/4522 1643/661/1643 1644/663/1644
f 4520/4820/4520 4515/4815/4515 4521/4821/4521
f 4523/4823/4523 1648/711/1648 4524/4824/4524
f 1644/663/1644 1647/710/1647 4522/4822/4522
f 1647/710/1647 4523/4823/4523 4522/4822/4522
f 1644/663/1644 1645/680/1645 1647/710/1647
f 4513/4813/4513 4524/4824/4524 4514/4814/4514
f 4522/4822/4522 4513/4813/4513 4520/4820/4520
f 4520/4820/4520 4513/4813/4513 4515/4815/4515
f 4522/4822/4522 4523/4823/4523 4524/4824/4524
f 4520/4820/4520 1643/661/1643 4522/4822/4522
f 4522/4822/4522 4524/4824/4524 4513/4813/4513
f 4518/4818/4518 4516/4816/4516 4514/4814/4514
f 4525/4825/4525 4526/4826/4526 4527/4827/4527
f 4528/4828/4528 4527/4827/4527 4529/4829/4529
f 4515/4815/4515 4527/4827/4527 4528/4828/4528
f 4516/4816/4516 4525/4825/4525 4527/4827/4527
f 4516/4816/4516 4527/4827/4527 4515/4815/4515
f 4047/4316/4047 4046/4315/4046 1642/635/1642
f 4051/4321/4051 4048/4317/4048 4530/4830/4530
f 3553/3799/3553 3602/3848/3602 4097/4831/4097
f 4085/4361/4085 4531/4832/4531 4097/4831/4097
f 4097/4831/4097 4531/4832/4531 3553/3799/3553
f 4526/4826/4526 4532/4833/4532 4531/4832/4531
f 4530/4830/4530 4048/4317/4048 4047/4316/4047
f 4530/4830/4530 4533/4834/4533 4051/4321/4051
f 4534/4835/4534 1641/634/1641 4521/4821/4521
f 1640/632/1640 1639/630/1639 4047/4316/4047
f 4047/4316/4047 1642/635/1642 1640/632/1640
f 4532/4833/4532 3553/3799/3553 4531/4832/4531
f 4532/4833/4532 4517/4817/4517 3539/3785/3539
f 3539/3785/3539 3553/3799/3553 4532/4833/4532
f 4532/4833/4532 4525/4825/4525 4517/4817/4517
f 4533/4834/4533 4530/4830/4530 4534/4835/4534
f 4517/4817/4517 3538/3784/3538 3539/3785/3539
f 4517/4817/4517 4519/4819/4519 3538/3784/3538
f 1641/634/1641 4535/4836/4535 1639/630/1639
f 1639/630/1639 4535/4836/4535 4530/4830/4530
f 1641/634/1641 4534/4835/4534 4535/4836/4535
f 4535/4836/4535 4534/4835/4534 4530/4830/4530
f 4536/4837/4536 4537/4838/4537 4533/4834/4533
f 4530/4830/4530 4047/4316/4047 1639/630/1639
f 4517/4817/4517 4525/4825/4525 4518/4818/4518
f 4538/4839/4538 4534/4835/4534 4521/4821/4521
f 4534/4835/4534 4538/4839/4538 4536/4837/4536
f 1648/711/1648 1649/712/1649 3482/3725/3482
f 4536/4837/4536 4533/4834/4533 4534/4835/4534
f 4082/4358/4082 4526/4826/4526 4085/4361/4085
f 4539/4840/4539 4526/4826/4526 4082/4358/4082
f 4540/4841/4540 4539/4840/4539 4090/4369/4090
f 4526/4826/4526 4539/4840/4539 4540/4841/4540
f 4514/4814/4514 4516/4816/4516 4512/4812/4512
f 4539/4840/4539 4082/4358/4082 4090/4369/4090
f 4537/4838/4537 4541/4842/4541 4542/4843/4542
f 4075/4350/4075 4540/4841/4540 4088/4367/4088
f 4527/4827/4527 4526/4826/4526 4540/4841/4540
f 4540/4841/4540 4090/4369/4090 4088/4367/4088
f 1641/634/1641 1638/608/1638 1646/689/1646
f 4075/4350/4075 4543/4844/4543 4540/4841/4540
f 4524/4824/4524 4544/4845/4544 4519/4819/4519
f 4543/4844/4543 4538/4839/4538 4540/4841/4540
f 4538/4839/4538 4529/4829/4529 4540/4841/4540
f 4527/4827/4527 4540/4841/4540 4529/4829/4529
f 4538/4839/4538 4543/4844/4543 4541/4842/4541
f 4536/4837/4536 4538/4839/4538 4537/4838/4537
f 4051/4321/4051 4533/4834/4533 4542/4843/4542
f 4519/4819/4519 4544/4845/4544 3538/3784/3538
f 4531/4832/4531 4085/4361/4085 4526/4826/4526
f 1647/710/1647 1648/711/1648 4523/4823/4523
f 4537/4838/4537 4542/4843/4542 4533/4834/4533
f 4537/4838/4537 4538/4839/4538 4541/4842/4541
f 4051/4321/4051 4542/4843/4542 4060/4346/4060
f 4519/4819/4519 4514/4814/4514 4524/4824/4524
f 4544/4845/4544 3480/3723/3480 3538/3784/3538
f 4075/4350/4075 4088/4367/4088 4076/4351/4076
f 3482/3725/3482 3478/3721/3478 3480/3723/3480
f 4051/4321/4051 4060/4346/4060 4056/4328/4056
f 1648/711/1648 4544/4845/4544 4524/4824/4524
f 3480/3723/3480 4544/4845/4544 3482/3725/3482
f 4544/4845/4544 1648/711/1648 3482/3725/3482
f 4072/4348/4072 4073/4347/4073 4075/4350/4075
f 4545/4846/4545 4515/4815/4515 4528/4828/4528
f 4073/4347/4073 4541/4842/4541 4075/4350/4075
f 4525/4825/4525 4532/4833/4532 4526/4826/4526
f 4525/4825/4525 4516/4816/4516 4518/4818/4518
f 4541/4842/4541 4073/4347/4073 4542/4843/4542
f 4538/4839/4538 4521/4821/4521 4545/4846/4545
f 4514/4814/4514 4519/4819/4519 4518/4818/4518
f 4545/4846/4545 4521/4821/4521 4515/4815/4515
f 4545/4846/4545 4529/4829/4529 4538/4839/4538
f 4073/4347/4073 4060/4346/4060 4542/4843/4542
f 4541/4842/4541 4543/4844/4543 4075/4350/4075
f 4528/4828/4528 4529/4829/4529 4545/4846/4545
