# Blender 4.5.1 LTS
# www.blender.org
mtllib rock_4.mtl
o moon_rock_01_LOD1
v 0.609440 0.027019 -0.324386
v 0.554775 0.021221 -0.293937
v 0.743316 0.053211 -0.004873
v 0.719541 0.028189 0.032240
v 0.679639 0.049188 -0.360362
v 0.702813 0.048465 -0.342863
v 0.677453 0.028575 -0.300688
v 0.688685 0.016373 0.021947
v 0.700306 0.015456 -0.031678
v 0.623147 0.025206 -0.309465
v 0.622355 0.026380 0.018277
v 0.609719 0.025795 -0.020416
v 0.695190 0.032868 -0.277419
v 0.594839 0.027613 -0.251673
v 0.705306 0.032516 -0.197755
v 0.682880 0.016381 -0.193202
v 0.699056 0.037481 -0.246355
v 0.662757 0.018901 -0.241051
v 0.597754 0.027297 -0.225698
v 0.730656 0.058704 -0.146088
v 0.695958 0.014530 -0.122581
v 0.726179 0.045584 -0.089295
v 0.753302 0.081503 -0.119522
v 0.629828 0.019544 -0.179877
v 0.615591 0.024696 -0.074962
v 0.624855 0.018494 -0.141755
v 0.616095 0.021226 -0.058537
v 0.450349 0.034704 0.007723
v 0.693272 0.012019 -0.080442
v 0.723774 0.044531 -0.059797
v 0.711680 0.036947 -0.106748
v 0.558018 0.017809 -0.258287
v 0.765495 0.082669 -0.088187
v 0.517949 0.029326 -0.096410
v 0.447113 0.039940 -0.049088
v 0.767323 0.081424 0.011565
v 0.529348 0.035805 0.026269
v 0.570057 0.026059 0.014440
v 0.498813 0.034281 -0.031395
v 0.782340 0.102407 -0.047364
v 0.594458 0.027741 0.047285
v 0.798035 0.109737 -0.016303
v 0.547158 0.028719 -0.033373
v 0.555306 0.026012 -0.080804
v 0.552704 0.022471 -0.056029
v 0.605556 0.023909 -0.117313
v 0.567136 0.048977 -0.354059
v 0.462707 0.034607 -0.102952
v 0.514609 0.017108 -0.258080
v 0.485279 0.019524 -0.227190
v 0.419012 0.020331 -0.233954
v 0.502108 0.036093 -0.123372
v 0.483518 0.041972 -0.162269
v 0.536262 0.024256 -0.113513
v 0.468308 0.024664 -0.274281
v 0.539919 0.032723 -0.209446
v 0.584226 0.022312 -0.153107
v 0.497828 0.023428 -0.289480
v 0.463663 0.035839 -0.185603
v 0.629775 0.046258 -0.363935
v 0.608569 0.059800 -0.371573
v 0.488844 0.071502 -0.368987
v 0.508529 0.043604 -0.338814
v 0.468170 0.055228 -0.349283
v 0.449500 0.033950 -0.303531
v 0.473214 0.041177 -0.324057
v 0.782680 0.091681 0.045376
v 0.447565 0.031249 -0.324659
v 0.506013 0.037618 0.070265
v 0.757817 0.311353 -0.353862
v 0.772343 0.287622 -0.364072
v 0.727795 0.295902 -0.345357
v 0.731779 0.074219 -0.255956
v 0.749158 0.096959 -0.290191
v 0.792144 0.131651 -0.260201
v 0.889411 0.300567 -0.403143
v 0.909869 0.321992 -0.382053
v 0.901474 0.277904 -0.329234
v 0.881659 0.326533 -0.412234
v 0.894187 0.333750 -0.414653
v 0.888224 0.279370 -0.393430
v 0.822112 0.227159 -0.382084
v 0.792543 0.295329 -0.366777
v 0.847204 0.277506 -0.385378
v 0.826617 0.312226 -0.380628
v 0.830619 0.351601 -0.393405
v 0.915507 0.303417 -0.322768
v 0.935087 0.320665 -0.313855
v 0.739601 0.216506 -0.355919
v 0.796340 0.195181 -0.374948
v 0.779375 0.143246 -0.356480
v 0.770009 0.186777 -0.362529
v 0.692486 0.271080 -0.333792
v 0.754143 0.350521 -0.361682
v 0.823783 0.172814 -0.309074
v 0.837417 0.192114 -0.320148
v 0.815193 0.167887 -0.299740
v 0.781765 0.337340 -0.366050
v 0.710013 0.349502 -0.339564
v 0.837318 0.178575 -0.273675
v 0.781935 0.135528 -0.299216
v 0.805841 0.158664 -0.328833
v 0.960026 0.327578 -0.282949
v 0.968881 0.343844 -0.270607
v 0.944617 0.310369 -0.280379
v 0.980796 0.377835 -0.311728
v 0.723153 0.184969 -0.357489
v 0.960148 0.341504 -0.229140
v 0.951052 0.303853 -0.230444
v 0.950173 0.303756 -0.205409
v 0.977073 0.360503 -0.194619
v 0.960358 0.353237 -0.195430
v 0.963315 0.362099 -0.220493
v 0.804788 0.174783 -0.368367
v 0.951759 0.314375 -0.179483
v 0.965775 0.353921 -0.152447
v 0.755093 0.158559 -0.363939
v 0.704384 0.169249 -0.346693
v 0.993521 0.348533 -0.057321
v 0.991220 0.352436 -0.093383
v 0.980913 0.364938 -0.118742
v 0.989611 0.374026 -0.097361
v 0.975328 0.329437 -0.105547
v 0.976520 0.333176 -0.124744
v 0.950679 0.298615 -0.139022
v 0.977062 0.318065 -0.058719
v 0.742518 0.114719 -0.359529
v 0.753874 0.111582 -0.351530
v 0.838651 0.201541 -0.371473
v 0.957847 0.306893 -0.105890
v 0.961951 0.305110 -0.119616
v 0.792568 0.116605 -0.108244
v 0.987290 0.332046 -0.021811
v 1.019403 0.383311 -0.037024
v 1.022823 0.366453 -0.007359
v 0.876915 0.230939 -0.353000
v 0.956643 0.341885 -0.295061
v 0.804569 0.119070 0.022619
v 0.739315 0.091928 -0.351074
v 0.731694 0.078516 -0.325072
v 0.714238 0.077629 -0.361403
v 0.869507 0.253633 -0.384477
v 0.844383 0.248185 -0.387556
v 0.923099 0.272445 -0.302282
v 0.865686 0.168517 0.011353
v 0.854732 0.164962 -0.031202
v 0.886681 0.200209 -0.032800
v 0.830807 0.139038 0.020479
v 0.835990 0.151804 -0.010158
v 0.823117 0.141480 -0.042889
v 0.833100 0.157149 -0.093682
v 0.854932 0.174905 -0.071467
v 0.893879 0.269249 -0.367226
v 0.874856 0.188041 -0.094125
v 0.913739 0.219716 0.006037
v 0.932756 0.238442 -0.028506
v 0.952920 0.249875 -0.017431
v 0.939372 0.238391 0.021489
v 0.949221 0.257487 -0.051215
v 0.958581 0.259589 0.021160
v 0.948688 0.277138 -0.008076
v 0.948224 0.282997 -0.057106
v 0.876027 0.198188 -0.129512
v 0.926026 0.238441 -0.061660
v 0.896536 0.212399 -0.078150
v 0.938383 0.254270 -0.107807
v 0.915475 0.238292 -0.133882
v 0.939302 0.276890 -0.090389
v 0.935492 0.278173 -0.123318
v 0.943789 0.262647 -0.144555
v 0.712678 0.118756 -0.362303
v 0.766958 0.098720 -0.172796
v 0.766902 0.110729 -0.200267
v 0.798219 0.135644 -0.160992
v 0.892646 0.248518 -0.330486
v 0.901407 0.254750 -0.309413
v 0.742368 0.078384 -0.232196
v 0.766634 0.104956 -0.252605
v 0.815548 0.152344 -0.197520
v 0.823516 0.151031 -0.148954
v 0.825760 0.168366 -0.243013
v 0.845446 0.178514 -0.215135
v 0.906102 0.227591 -0.191225
v 0.880857 0.207882 -0.192815
v 0.937502 0.254405 -0.148866
v 0.937122 0.271330 -0.154501
v 0.936135 0.263176 -0.206558
v 0.946679 0.277207 -0.226357
v 0.885275 0.219922 -0.248707
v 0.909327 0.229483 -0.226755
v 0.884652 0.231361 -0.256756
v 0.927633 0.259365 -0.237967
v 0.924142 0.268300 -0.276427
v 0.965478 0.292228 0.023493
v 1.006589 0.346110 0.009146
v 0.668641 0.328248 -0.321576
v 0.633793 0.264169 -0.318203
v 0.596622 0.149406 -0.347405
v 0.589870 0.188681 -0.339956
v 0.567524 0.164242 -0.383599
v 0.558338 0.199346 -0.370196
v 0.606644 0.356972 -0.299825
v 0.509886 0.341386 -0.316245
v 0.560768 0.322835 -0.314630
v 0.556093 0.286128 -0.342823
v 0.565122 0.326932 -0.298108
v 0.578225 0.239558 -0.322803
v 0.562994 0.354719 -0.297733
v 0.579731 0.366354 -0.288955
v 0.575741 0.222670 -0.350515
v 0.612928 0.177715 -0.338490
v 0.545358 0.219038 -0.371268
v 0.614090 0.278229 -0.315577
v 0.640869 0.200952 -0.331419
v 0.655044 0.219451 -0.332434
v 0.663978 0.163634 -0.351636
v 0.639128 0.145079 -0.348626
v 0.524099 0.290624 -0.334179
v 0.519398 0.251833 -0.350093
v 0.500828 0.174372 -0.386037
v 0.477552 0.210244 -0.375848
v 0.677437 0.123319 -0.358034
v 0.691664 0.067625 -0.369307
v 0.662098 0.057263 -0.370483
v 0.647869 0.079336 -0.370707
v 0.615507 0.087098 -0.367320
v 0.428334 0.131592 -0.406873
v 0.563835 0.109350 -0.406547
v 0.528012 0.118946 -0.408161
v 0.612346 0.107556 -0.356014
v 0.555305 0.248986 -0.351408
v 0.581031 0.092622 -0.394135
v 0.552367 0.169086 -0.394678
v 0.533865 0.094611 -0.401059
v 0.581418 0.148764 -0.382408
v 0.461733 0.122164 -0.410506
v 0.489583 0.121714 -0.409794
v 0.587542 0.068775 -0.381189
v 0.592971 0.131256 -0.350414
v 0.572364 0.283006 -0.311014
v 0.529355 0.067958 -0.377009
v 0.868538 0.138829 0.337808
v 0.866924 0.144473 0.354331
v 0.850804 0.129313 0.329990
v 0.572146 0.157326 0.597455
v 0.606033 0.129435 0.590455
v 0.638999 0.074654 0.559600
v 0.772637 0.042742 0.351693
v 0.788928 0.064472 0.328718
v 0.781852 0.057508 0.374392
v 0.518503 0.090819 0.517841
v 0.451639 0.126017 0.523526
v 0.372255 0.137684 0.509220
v 0.814354 0.083205 0.419937
v 0.832384 0.104331 0.382062
v 0.851562 0.119900 0.396403
v 0.826017 0.100114 0.433354
v 0.821110 0.086244 0.464561
v 0.779466 0.037608 0.437657
v 0.828420 0.080396 0.502198
v 0.633509 0.127572 0.598415
v 0.809388 0.075573 0.368487
v 0.792115 0.054376 0.478276
v 0.790253 0.052995 0.591121
v 0.810837 0.062160 0.565161
v 0.812581 0.061065 0.587735
v 0.482464 0.067313 0.484707
v 0.408896 0.066626 0.466235
v 0.481974 0.016095 0.446613
v 0.871249 0.125382 0.469169
v 0.780263 0.044617 0.561909
v 0.557952 0.049797 0.497822
v 0.572217 0.001044 0.466319
v 0.862813 0.115357 0.503348
v 0.653322 0.011682 0.509768
v 0.495536 0.045204 0.476218
v 0.523590 0.007990 0.454357
v 0.480685 -0.003852 0.423931
v 0.529153 0.005878 0.427291
v 0.627811 0.002164 0.491455
v 0.604878 0.001707 0.462473
v 0.613922 0.009981 0.443053
v 0.821555 0.097071 0.295471
v 0.425595 0.199268 0.582391
v 0.495747 0.189126 0.595643
v 0.755665 0.020526 0.381981
v 0.699871 0.022976 0.397861
v 0.863416 0.102870 0.575998
v 0.846960 0.087283 0.545662
v 0.903016 0.131754 0.576422
v 0.829882 0.078703 0.534967
v 0.802754 0.057783 0.538069
v 0.542375 0.180033 0.607739
v 0.744580 0.019679 0.361064
v 0.763036 0.030455 0.333478
v 0.892627 0.134267 0.526547
v 0.868498 0.116347 0.538341
v 0.715666 0.025236 0.349520
v 0.658982 0.028713 0.350598
v 0.753059 0.011621 0.437757
v 0.756033 0.009337 0.490554
v 0.592053 0.020603 0.388782
v 0.590247 0.031656 0.319599
v 0.683506 0.015831 0.430890
v 0.872031 0.145379 0.418544
v 0.834843 0.078483 0.556978
v 0.813546 0.060502 0.541860
v 0.897883 0.161276 0.425871
v 0.482634 0.014585 0.371715
v 0.536054 0.037645 0.295823
v 0.953295 0.173842 0.562263
v 0.930890 0.157174 0.578983
v 0.924662 0.152359 0.547393
v 0.771955 0.046201 0.605552
v 0.713987 0.066592 0.585788
v 0.830596 0.083221 0.580780
v 0.768974 0.032590 0.581696
v 0.729486 0.095050 0.621808
v 0.707403 0.013228 0.462849
v 0.897840 0.166714 0.597776
v 0.892663 0.143590 0.601939
v 0.880038 0.129098 0.598168
v 0.750392 0.003329 0.523586
v 0.724615 0.000735 0.503361
v 0.804407 0.090075 0.606995
v 0.786215 0.076378 0.627751
v 0.672180 -0.001239 0.490815
v 0.823718 0.084035 0.609343
v 0.833082 0.102204 0.585741
v 0.839110 0.104198 0.619841
v 0.714099 0.003575 0.531473
v 0.765820 0.016584 0.558438
v 0.772969 0.024758 0.527263
v 0.761733 0.067467 0.054078
v 0.712208 0.019533 0.068850
v 0.838813 0.114882 0.289717
v 0.836447 0.120985 0.269162
v 0.829858 0.122952 0.240541
v 0.796306 0.077605 0.247277
v 0.728273 0.027673 0.110534
v 0.763625 0.061374 0.100446
v 0.749780 0.044294 0.142327
v 0.664888 0.027483 0.082432
v 0.651900 0.027967 0.070060
v 0.645223 0.021955 0.051840
v 0.446897 0.039802 0.258523
v 0.463980 0.041574 0.222728
v 0.481199 0.038284 0.262828
v 0.562626 0.033712 0.058459
v 0.838331 0.128946 0.222770
v 0.501585 0.032520 0.305765
v 0.579901 0.029685 0.088453
v 0.806839 0.095678 0.215381
v 0.429178 0.045077 0.065813
v 0.510059 0.041213 0.261695
v 0.573356 0.037755 0.269561
v 0.542676 0.039598 0.226165
v 0.616359 0.038212 0.279970
v 0.684497 0.032875 0.276534
v 0.771568 0.067970 0.170853
v 0.739782 0.030541 0.168489
v 0.598445 0.037652 0.233377
v 0.762008 0.049014 0.269033
v 0.774944 0.054146 0.287332
v 0.741877 0.028215 0.259663
v 0.726790 0.027349 0.173769
v 0.715038 0.026984 0.115145
v 0.497951 0.045384 0.117124
v 0.457917 0.045189 0.156733
v 0.487136 0.044383 0.096383
v 0.797515 0.093567 0.145028
v 0.773985 0.079935 0.100143
v 0.635379 0.035876 0.127903
v 0.438462 0.051503 0.118759
v 0.439714 0.043323 0.095400
v 0.502539 0.045564 0.228111
v 0.504343 0.044276 0.195694
v 0.553738 0.041977 0.203841
v 0.575480 0.037961 0.188779
v 0.543811 0.042618 0.128592
v 0.647842 0.033557 0.231361
v 0.659940 0.032639 0.102047
v 0.751993 0.035902 0.253812
v 0.715310 0.030052 0.221432
v 0.821571 0.112265 0.182696
v 0.781208 0.069147 0.195858
v 0.809041 0.109262 0.160328
v 0.665083 0.036572 0.179951
v 0.798594 0.108229 0.087961
v 0.744617 0.023567 0.310282
v 0.690594 0.032570 0.307485
v 0.904657 0.361724 0.442277
v 0.906196 0.343359 0.489395
v 0.933137 0.335289 0.458975
v 0.799515 0.413031 0.439594
v 0.836260 0.412806 0.397780
v 0.754569 0.435459 0.406228
v 0.768194 0.415041 0.459052
v 1.001514 0.251256 0.473308
v 0.966942 0.312665 0.430338
v 0.979349 0.261035 0.510020
v 0.858932 0.368325 0.477403
v 0.954200 0.301144 0.490326
v 0.940749 0.293803 0.527888
v 1.019590 0.264213 0.398477
v 0.773796 0.245935 0.594084
v 0.736292 0.319212 0.545673
v 0.968848 0.199144 0.528658
v 0.951196 0.185985 0.499798
v 0.983264 0.231657 0.467029
v 0.972490 0.221147 0.440738
v 1.003730 0.243217 0.421911
v 0.959082 0.276938 0.542963
v 0.986812 0.213751 0.491344
v 0.921869 0.307152 0.526226
v 0.856155 0.342038 0.522271
v 0.933092 0.202135 0.600150
v 0.992184 0.226269 0.508689
v 0.948837 0.208202 0.439045
v 0.971301 0.248818 0.567123
v 0.968876 0.214172 0.565212
v 0.811147 0.361932 0.503376
v 0.948924 0.228851 0.595585
v 0.785450 0.316014 0.551674
v 0.826081 0.270865 0.593186
v 0.941881 0.259116 0.592273
v 0.943230 0.279384 0.555187
v 0.851128 0.321423 0.561631
v 0.826984 0.340555 0.547298
v 0.777336 0.358703 0.523487
v 0.891967 0.296017 0.581573
v 0.876107 0.324075 0.556870
v 0.938783 0.285808 0.576928
v 0.934126 0.185485 0.462590
v 0.892108 0.393801 0.382125
v 0.866216 0.389626 0.431555
v 0.966756 0.297597 0.120051
v 1.056386 0.357565 0.105409
v 0.957277 0.267753 0.097874
v 0.957361 0.245282 0.114054
v 0.951233 0.247831 0.061893
v 1.040946 0.376025 0.028996
v 0.946730 0.269479 0.041522
v 0.961342 0.291485 0.039436
v 0.991551 0.320843 0.016142
v 0.993238 0.334165 0.057567
v 1.018227 0.304116 0.192167
v 0.991846 0.269592 0.213422
v 0.859945 0.163017 0.049618
v 0.816506 0.117021 0.051354
v 0.908316 0.205797 0.052098
v 1.067934 0.348171 0.144459
v 0.838533 0.148519 0.058427
v 0.981859 0.273868 0.166043
v 0.980582 0.254654 0.185473
v 0.981591 0.283371 0.180995
v 0.869941 0.155135 0.256660
v 0.884203 0.158103 0.295159
v 0.865211 0.154060 0.211968
v 0.932547 0.218691 0.167212
v 0.910237 0.193134 0.234315
v 0.925870 0.204575 0.301447
v 0.888871 0.184524 0.216749
v 0.902120 0.195135 0.217483
v 0.957860 0.235011 0.247106
v 1.050498 0.369125 0.070103
v 0.987976 0.250635 0.247114
v 0.974891 0.243510 0.284164
v 0.951383 0.223659 0.220489
v 0.976422 0.249078 0.224318
v 1.017303 0.304067 0.284364
v 1.020428 0.270004 0.281739
v 1.036368 0.292931 0.255709
v 1.011146 0.351057 0.269964
v 1.033378 0.358537 0.234220
v 0.965700 0.383451 0.292295
v 0.851403 0.148173 0.182416
v 1.057436 0.319049 0.214901
v 0.827135 0.119790 0.143527
v 1.006016 0.328316 0.284355
v 0.872747 0.175396 0.161365
v 0.895746 0.189398 0.161957
v 0.864129 0.160901 0.117995
v 0.906532 0.207541 0.085798
v 0.832850 0.132877 0.086053
v 0.854370 0.163318 0.084718
v 0.923503 0.216155 0.111689
v 1.046579 0.382829 0.190520
v 0.963524 0.423176 0.231836
v 0.962331 0.220433 0.341611
v 0.661898 0.287042 0.553113
v 0.639358 0.250758 0.570593
v 0.736191 0.445351 0.400201
v 0.590682 0.201867 0.604003
v 0.704150 0.229981 0.595912
v 0.706771 0.466037 0.390608
v 0.677049 0.447441 0.419508
v 0.563989 0.408472 0.463996
v 0.551998 0.458229 0.434534
v 0.659177 0.444093 0.439482
v 0.680564 0.424508 0.453535
v 0.619917 0.428711 0.462227
v 0.494734 0.409147 0.455563
v 0.463215 0.210632 0.585865
v 0.700120 0.401636 0.476862
v 0.619474 0.410985 0.470398
v 0.497956 0.477077 0.417976
v 0.667400 0.319812 0.534785
v 0.539394 0.209715 0.595141
v 0.617274 0.302872 0.538359
v 0.620107 0.463094 0.411618
v 0.579109 0.448465 0.440655
v 0.539254 0.254782 0.555954
v 0.581052 0.285937 0.540685
v 0.669257 0.394691 0.491929
v 0.423573 0.274216 0.529293
v 0.552262 0.306885 0.527609
v 0.591370 0.336574 0.511230
v 0.500845 0.365407 0.481763
v 0.479465 0.336938 0.497851
v 1.029676 0.275775 0.356746
v 1.016044 0.289377 0.373366
v 0.909539 0.422026 0.293506
v 0.883325 0.448484 0.284848
v 0.999215 0.325585 0.335459
v 0.976760 0.331722 0.362140
v 0.979876 0.354091 0.321192
v 0.936159 0.365300 0.378642
v 0.867647 0.418559 0.353867
v 0.821463 0.436206 0.371709
v 0.898186 0.160339 0.393156
v 0.885870 0.155778 0.366371
v 0.950102 0.203688 0.418365
v 0.953596 0.202956 0.375122
v 1.016556 0.289362 0.311057
v 0.800974 0.458477 0.330273
v 0.990733 0.244216 0.324345
v 0.982674 0.236581 0.399054
v 0.996055 0.243129 0.371458
v 1.013249 0.253966 0.370873
v 0.991782 0.302136 0.396296
v 0.896067 0.170168 0.338548
v 0.926255 0.188290 0.350863
v 0.979692 0.235377 0.361648
v 0.975557 0.478568 -0.356639
v 0.969384 0.446532 -0.393206
v 0.821048 0.604439 -0.355148
v 0.797894 0.589550 -0.355819
v 0.972141 0.513637 -0.335847
v 0.971810 0.409360 -0.406448
v 1.010459 0.439642 -0.354432
v 1.001215 0.481257 -0.329018
v 0.908360 0.435812 -0.443564
v 0.877890 0.484509 -0.429842
v 0.935632 0.450526 -0.409698
v 1.009967 0.462958 -0.340170
v 1.041084 0.475673 -0.304361
v 1.010582 0.415657 -0.346161
v 1.001548 0.412225 -0.367443
v 0.954350 0.420444 -0.423186
v 1.059363 0.450130 -0.295592
v 0.997541 0.394642 -0.347781
v 0.959070 0.385159 -0.383424
v 1.033269 0.431419 -0.321994
v 1.010945 0.406430 -0.296602
v 0.990587 0.401659 -0.326248
v 0.948756 0.358367 -0.329663
v 0.980844 0.373343 -0.328265
v 0.938013 0.365588 -0.365004
v 0.906230 0.507468 -0.401974
v 0.898301 0.533686 -0.389806
v 0.881210 0.427772 -0.444727
v 0.875615 0.452853 -0.446702
v 0.878075 0.524517 -0.394079
v 0.876295 0.571347 -0.382492
v 0.846418 0.447179 -0.422633
v 0.825502 0.479033 -0.392792
v 0.872689 0.499709 -0.409429
v 0.896836 0.570947 -0.362169
v 0.852899 0.415914 -0.436129
v 0.908330 0.588345 -0.344773
v 0.876160 0.605243 -0.345104
v 0.936629 0.537503 -0.355555
v 0.858493 0.506831 -0.394244
v 0.847451 0.548647 -0.382314
v 0.839472 0.526792 -0.391440
v 0.943837 0.475561 -0.390065
v 0.862711 0.588377 -0.346769
v 0.853382 0.576265 -0.388708
v 0.835187 0.591446 -0.380294
v 0.820991 0.554270 -0.372477
v 0.839192 0.594896 -0.348992
v 0.733539 0.587427 -0.307961
v 0.744892 0.636863 -0.294243
v 0.734040 0.556189 -0.324045
v 0.701586 0.490400 -0.317795
v 0.784586 0.531795 -0.352597
v 0.781307 0.624954 -0.318562
v 0.715394 0.531873 -0.318846
v 0.697138 0.549336 -0.300812
v 0.712414 0.595583 -0.292726
v 0.820227 0.641156 -0.331535
v 0.855526 0.614984 -0.339899
v 1.022979 0.536748 -0.278537
v 0.953233 0.568039 -0.313315
v 0.928436 0.601221 -0.312538
v 0.895790 0.612143 -0.319851
v 0.785154 0.557980 -0.358255
v 0.790564 0.574553 -0.349773
v 1.028151 0.564592 -0.252712
v 1.010033 0.386927 -0.057785
v 0.798913 0.451422 -0.383509
v 0.906694 0.621918 -0.309449
v 0.756403 0.494806 -0.354446
v 0.999923 0.641002 -0.084476
v 0.977927 0.626841 -0.046738
v 0.762662 0.489220 -0.347208
v 1.057240 0.427160 -0.047910
v 1.007385 0.670101 -0.124904
v 1.038530 0.409791 -0.111169
v 1.057584 0.610500 -0.107942
v 0.978511 0.630805 -0.246335
v 0.757852 0.440194 -0.356358
v 1.012584 0.392444 -0.177202
v 1.013010 0.392058 -0.140077
v 1.013258 0.402389 -0.154835
v 0.745433 0.452668 -0.357475
v 0.918480 0.406491 -0.446892
v 0.928470 0.385112 -0.433221
v 0.901498 0.380984 -0.443008
v 0.905446 0.363244 -0.430398
v 0.866545 0.347603 -0.419376
v 0.943142 0.369730 -0.382799
v 1.078187 0.436851 -0.070385
v 0.828180 0.357926 -0.406267
v 0.811307 0.401864 -0.403545
v 0.766561 0.399633 -0.372716
v 1.038323 0.572090 -0.029530
v 1.039942 0.502285 -0.283908
v 0.709030 0.419089 -0.338685
v 0.977256 0.367816 -0.178133
v 0.991091 0.379608 -0.199209
v 1.034698 0.630878 -0.205762
v 1.025098 0.403829 -0.220191
v 1.033165 0.429001 -0.190084
v 1.005274 0.625446 -0.226865
v 0.962872 0.373046 -0.258645
v 1.032355 0.432439 -0.258740
v 1.057401 0.434473 -0.140806
v 1.065430 0.532415 -0.235877
v 0.960133 0.626757 -0.260351
v 1.032265 0.417580 -0.274965
v 0.933064 0.617096 -0.004010
v 0.918118 0.674422 -0.067962
v 0.900227 0.647812 -0.027503
v 0.982572 0.468123 0.159914
v 0.997455 0.444675 0.179411
v 1.021175 0.425818 0.167567
v 1.025092 0.470752 0.119546
v 0.943912 0.471826 0.195651
v 1.045968 0.447679 0.116337
v 0.959494 0.526274 0.105413
v 0.850394 0.697503 -0.064878
v 0.990556 0.491963 0.119403
v 0.865545 0.638252 0.008606
v 0.916071 0.618192 0.015639
v 0.821746 0.673652 -0.026875
v 0.810054 0.729415 -0.093525
v 0.758848 0.726065 -0.094308
v 0.745151 0.713517 -0.050001
v 0.779626 0.712020 -0.058339
v 0.715517 0.720365 -0.086720
v 0.736353 0.702662 -0.026684
v 0.769076 0.673738 -0.004242
v 0.685427 0.697909 -0.014306
v 0.986919 0.589056 0.001776
v 1.002014 0.509856 0.092970
v 0.979804 0.574775 0.021454
v 1.058798 0.540459 -0.002504
v 1.061415 0.396310 0.154457
v 1.030162 0.399240 0.004463
v 0.894540 0.607331 0.033990
v 1.071008 0.437757 0.026156
v 0.678566 0.475627 0.371898
v 0.751862 0.479366 0.335135
v 0.893389 0.593902 0.056182
v 0.794298 0.456710 0.349311
v 1.006029 0.541548 0.047252
v 0.795112 0.657072 0.015474
v 0.736077 0.668603 0.031607
v 0.755075 0.638166 0.060008
v 0.805597 0.625722 0.059007
v 0.730203 0.636410 0.052298
v 0.762085 0.493033 0.289341
v 0.805260 0.477123 0.295048
v 0.826563 0.477511 0.270197
v 0.756152 0.505161 0.256753
v 0.682603 0.509394 0.303393
v 0.682636 0.535748 0.223961
v 0.743375 0.536623 0.215058
v 0.813501 0.516987 0.222634
v 1.043144 0.524964 0.031759
v 0.844296 0.452037 0.313788
v 0.802557 0.604503 0.090166
v 0.881763 0.462131 0.255067
v 0.926471 0.557281 0.088848
v 0.860885 0.485594 0.238652
v 0.894406 0.492238 0.206057
v 0.797116 0.542395 0.195886
v 0.911372 0.536286 0.129105
v 0.845844 0.548353 0.155391
v 0.754042 0.543119 0.198397
v 0.727539 0.569469 0.166443
v 0.765275 0.573687 0.154929
v 0.723735 0.601562 0.126481
v 0.782570 0.577827 0.131635
v 0.778161 0.611523 0.085183
v 0.703155 0.612870 0.105213
v 0.732106 0.615381 0.080860
v 0.657974 0.505417 0.334615
v 0.636690 0.718467 -0.087689
v 0.638630 0.705642 -0.060160
v 0.671122 0.715087 -0.055683
v 0.611968 0.488375 0.368354
v 0.667933 0.717238 -0.078341
v 0.652718 0.689247 -0.014652
v 0.605200 0.715171 -0.066685
v 0.562454 0.694809 -0.029947
v 0.617605 0.701063 -0.024936
v 0.459607 0.699507 -0.033196
v 0.527133 0.729892 -0.117682
v 0.453937 0.727677 -0.100007
v 0.629196 0.514239 0.307396
v 0.461221 0.493513 0.400420
v 0.390165 0.437090 0.421432
v 0.679698 0.672037 0.017418
v 0.516069 0.491245 0.395182
v 0.691582 0.645865 0.047218
v 0.633951 0.668497 0.023343
v 0.492301 0.526656 0.353659
v 0.587215 0.484108 0.394655
v 0.671750 0.641733 0.050861
v 0.502769 0.536064 0.337471
v 0.664867 0.529150 0.263099
v 0.551726 0.671349 0.023065
v 0.637286 0.643182 0.071506
v 0.564256 0.641945 0.068835
v 0.579800 0.619964 0.099439
v 0.548232 0.481923 0.397328
v 0.556571 0.506350 0.372759
v 0.582356 0.516757 0.353622
v 0.645212 0.592564 0.146741
v 0.474617 0.547726 0.293576
v 0.407523 0.551263 0.318657
v 0.525715 0.531269 0.325942
v 0.404633 0.534229 0.342668
v 0.428513 0.560602 0.280031
v 0.580220 0.527253 0.308318
v 0.582386 0.528156 0.284116
v 0.590764 0.545759 0.252642
v 0.677510 0.562036 0.190650
v 0.408872 0.565732 0.210035
v 0.474643 0.552162 0.249601
v 0.489164 0.571466 0.217916
v 0.460071 0.578025 0.198108
v 0.587113 0.659276 0.052512
v 0.685348 0.583422 0.156472
v 0.636346 0.586670 0.164747
v 0.508861 0.683571 0.003542
v 0.560079 0.569718 0.182711
v 0.535014 0.572470 0.179325
v 0.474158 0.584900 0.171151
v 0.605742 0.550893 0.210428
v 0.634805 0.550318 0.200971
v 0.571422 0.605619 0.143039
v 0.486558 0.595428 0.141268
v 0.450909 0.592759 0.134633
v 0.483869 0.618293 0.107653
v 0.438377 0.619503 0.089220
v 0.507230 0.642508 0.058240
v 0.468063 0.657212 0.026974
v 0.431537 0.671488 -0.004039
v 0.419416 0.635134 0.068831
v 0.540730 0.609057 0.129745
v 0.530359 0.617757 0.105404
v 0.517097 0.660960 0.037172
v 0.417448 0.660912 0.015181
v 0.803866 0.727003 -0.226278
v 0.815514 0.702447 -0.251690
v 0.778487 0.693029 -0.258262
v 0.751596 0.727403 -0.231289
v 0.713330 0.690517 -0.265360
v 0.704624 0.717088 -0.250370
v 1.012060 0.643876 -0.208446
v 0.998351 0.648647 -0.196970
v 0.963594 0.709581 -0.152001
v 1.004239 0.681556 -0.146489
v 1.048392 0.647369 -0.142573
v 0.967964 0.638622 -0.229418
v 0.825580 0.744276 -0.227561
v 0.791805 0.760510 -0.208328
v 0.920419 0.733048 -0.167258
v 0.919671 0.701795 -0.195613
v 0.736468 0.754780 -0.220600
v 0.705685 0.769794 -0.198796
v 0.948033 0.656315 -0.228473
v 1.023604 0.654466 -0.180202
v 1.053733 0.639370 -0.180181
v 0.762173 0.773626 -0.195376
v 0.784248 0.771185 -0.180840
v 0.867988 0.746901 -0.194318
v 0.881031 0.753990 -0.178047
v 0.890894 0.633781 -0.292084
v 0.934265 0.711746 -0.129464
v 0.863284 0.654539 -0.283554
v 0.916624 0.651598 -0.252085
v 0.771131 0.667670 -0.285437
v 0.711842 0.647106 -0.282971
v 0.816283 0.666313 -0.305070
v 0.903058 0.744527 -0.157398
v 0.830135 0.674825 -0.286034
v 0.842987 0.714461 -0.242206
v 0.856905 0.723221 -0.221306
v 0.829537 0.695411 -0.267519
v 0.836362 0.760629 -0.209799
v 0.808447 0.772794 -0.198496
v 0.847243 0.766194 -0.175818
v 0.698541 0.739968 -0.106714
v 0.742246 0.744586 -0.116015
v 0.792221 0.725190 -0.105952
v 0.739214 0.754200 -0.139763
v 0.785329 0.746143 -0.133893
v 0.806845 0.760330 -0.151028
v 0.856851 0.739267 -0.124065
v 0.835700 0.725325 -0.102057
v 0.838952 0.760502 -0.148167
v 0.611059 0.741427 -0.204502
v 0.658335 0.750819 -0.202538
v 0.619092 0.753293 -0.175762
v 0.653678 0.711650 -0.244046
v 0.594284 0.652637 -0.188375
v 0.630313 0.667592 -0.219981
v 0.688767 0.467983 -0.317013
v 0.666592 0.676390 -0.267760
v 0.634554 0.636970 -0.245953
v 0.672634 0.612671 -0.284794
v 0.592721 0.735611 -0.186963
v 0.563019 0.722613 -0.169207
v 0.569964 0.693362 -0.174919
v 0.585903 0.610874 -0.206122
v 0.647541 0.614296 -0.272377
v 0.437108 0.371051 -0.311708
v 0.542515 0.365590 -0.302016
v 0.664625 0.745084 -0.151039
v 0.545462 0.615173 -0.206909
v 0.461321 0.412609 -0.290516
v 0.469010 0.487800 -0.259984
v 0.530556 0.678867 -0.188669
v 0.524563 0.405595 -0.284159
v 0.449451 0.672260 -0.201887
v 0.597381 0.413128 -0.280554
v 0.657702 0.437087 -0.304827
v 0.553358 0.434344 -0.269227
v 0.561455 0.404927 -0.282421
v 0.593648 0.458462 -0.256390
v 0.658398 0.721782 -0.107641
v 0.626647 0.481385 -0.279705
v 0.632994 0.432773 -0.290063
v 0.524108 0.492083 -0.249088
v 0.409191 0.528047 -0.250127
v 0.471848 0.549317 -0.236019
v 0.436817 0.607773 -0.224399
v 0.382226 0.471752 -0.277719
v 0.583633 0.527462 -0.231701
v 0.488225 0.713514 -0.179741
v 0.577677 0.555392 -0.225864
v 0.609459 0.529987 -0.251162
v 0.606841 0.492122 -0.254359
v 0.599045 0.584451 -0.211468
v 0.625200 0.598462 -0.242989
v 0.611270 0.592061 -0.236098
v 0.638625 0.531837 -0.274576
v 0.671297 0.577979 -0.287840
v 0.524952 0.745065 -0.159885
v 0.472876 0.747177 -0.158575
v 0.669999 0.545093 -0.294215
v 0.567184 0.745312 -0.161117
v 0.456155 0.729107 -0.181290
v 0.576179 0.736346 -0.128212
v -0.566734 0.310169 -0.487382
v -0.564923 0.355638 -0.479743
v -0.843911 0.215785 -0.411322
v -0.863293 0.239613 -0.371056
v -0.852287 0.264498 -0.369832
v -0.854463 0.180965 -0.391666
v -0.699873 0.132370 -0.412434
v -0.665162 0.111127 -0.359649
v -0.861472 0.332938 -0.336177
v -0.847141 0.354752 -0.358761
v -0.819846 0.322970 -0.395282
v -0.870229 0.241515 -0.344773
v -0.872527 0.286505 -0.335218
v -0.744956 0.144104 -0.423008
v -0.798452 0.132108 -0.386672
v -0.769957 0.156007 -0.461403
v -0.754199 0.330548 -0.494107
v -0.764331 0.342033 -0.471673
v -0.844437 0.280101 -0.386699
v -0.819877 0.353670 -0.390808
v -0.780812 0.348279 -0.461650
v -0.777614 0.304614 -0.474987
v -0.793894 0.305136 -0.444083
v -0.886499 0.271588 -0.309703
v -0.851769 0.400642 -0.333859
v -0.901277 0.347786 -0.281004
v -0.890086 0.422143 -0.287763
v -0.880547 0.332194 -0.310575
v -0.879430 0.195898 -0.342832
v -0.907552 0.243159 -0.281693
v -0.968980 0.084980 -0.040556
v -1.004820 0.102637 -0.035482
v -0.681224 0.101384 -0.328032
v -0.731653 0.114078 -0.329250
v -0.587159 0.153190 -0.491175
v -0.581049 0.132137 -0.442227
v -0.558516 0.224950 -0.493178
v -0.583664 0.282341 -0.489463
v -0.631669 0.161407 -0.499687
v -0.664699 0.348096 -0.496353
v -0.619357 0.332303 -0.490485
v -0.904902 0.279862 -0.288280
v -0.562276 0.100934 -0.364590
v -0.971067 0.097501 -0.203062
v -0.963486 0.069656 -0.208385
v -0.601909 0.164486 -0.501754
v -0.554472 0.186496 -0.488121
v -0.628236 0.202690 -0.507470
v -0.684283 0.143098 -0.441942
v -0.894396 0.202563 -0.298913
v -0.663564 0.182549 -0.510377
v -0.549315 0.141674 -0.479595
v -0.605199 0.078815 -0.279651
v -0.639640 0.077257 -0.267521
v -0.599657 0.103338 -0.354755
v -0.655999 0.149484 -0.458195
v -0.525138 0.121777 -0.433780
v -0.930323 0.043427 -0.043190
v -0.963439 0.123541 -0.004877
v -0.515961 0.057334 -0.237874
v -0.584220 0.055563 -0.229247
v -0.510451 0.099388 -0.370109
v -0.535741 0.079546 -0.296844
v -0.714693 0.155125 -0.455580
v -0.932399 0.078388 -0.251073
v -0.938248 0.074209 -0.228998
v -0.905256 0.072502 -0.225081
v -0.929387 0.058681 -0.227083
v -0.645306 0.067479 -0.263477
v -0.906322 0.053165 -0.226549
v -0.876984 0.084153 -0.300259
v -0.856446 0.110986 -0.354406
v -0.786161 0.111903 -0.339776
v -0.696727 0.083763 -0.308359
v -0.847082 0.074919 -0.243654
v -0.785453 0.074842 -0.237807
v -0.792712 0.055707 -0.232439
v -0.856116 0.050710 -0.236396
v -0.797733 0.121816 -0.346834
v -0.708755 0.312617 -0.510930
v -0.685737 0.338542 -0.505001
v -0.716805 0.211422 -0.503782
v -0.750714 0.189041 -0.492765
v -0.684424 0.268628 -0.512133
v -0.702038 0.253112 -0.507417
v -0.706900 0.271918 -0.499279
v -0.765170 0.277576 -0.492029
v -0.728381 0.342068 -0.504613
v -0.730571 0.076284 -0.244804
v -0.711520 0.057718 -0.242521
v -0.757559 0.058384 -0.234071
v -0.788030 0.249445 -0.477731
v -0.665369 0.078341 -0.273624
v -0.738359 0.254627 -0.501766
v -0.679793 0.225042 -0.508307
v -0.755929 0.241425 -0.505116
v -0.952895 0.143009 0.007927
v -0.995889 0.129212 -0.022417
v -0.768044 0.236684 -0.499296
v -1.012264 0.150496 -0.009748
v -0.685255 0.076861 -0.265814
v -0.707770 0.238671 -0.500926
v -0.675840 0.166308 -0.491270
v -0.797345 0.189580 -0.465846
v -0.825350 0.197547 -0.445414
v -0.806451 0.217782 -0.457477
v -0.736890 0.172579 -0.483124
v -0.771472 0.204528 -0.472059
v -0.786867 0.219194 -0.478733
v -0.763880 0.184636 -0.478006
v -0.821621 0.166132 -0.440066
v -0.819902 0.256129 -0.424072
v -0.770064 0.086615 -0.291409
v -1.008175 0.143533 -0.160876
v -1.011543 0.096910 -0.158802
v -0.982714 0.151068 -0.195848
v -1.003858 0.230715 -0.175128
v -0.976647 0.176936 -0.193248
v -0.957788 0.126656 -0.223419
v -0.959750 0.208349 -0.220626
v -0.987967 0.243527 -0.187756
v -0.939994 0.143574 -0.237160
v -0.952426 0.099562 -0.237351
v -0.816151 0.301822 -0.414519
v -0.992354 0.298503 -0.193869
v -0.970086 0.262565 -0.212936
v -0.811845 0.275706 -0.421381
v -0.955569 0.316680 -0.224685
v -0.991816 0.344601 -0.190513
v -0.834443 0.142485 -0.405495
v -0.944366 0.270816 -0.236268
v -0.979992 0.405668 -0.201273
v -0.840362 0.128402 -0.364493
v -0.933244 0.115710 -0.255578
v -0.890571 0.073845 -0.248761
v -0.906270 0.096433 -0.291118
v -0.865657 0.079990 -0.253742
v -0.831181 0.079234 -0.268244
v -0.907955 0.126595 -0.298575
v -0.914489 0.172746 -0.280295
v -0.907869 0.312141 -0.276146
v -0.933528 0.386614 -0.243126
v -0.889794 0.093820 -0.305705
v -0.899229 0.141987 -0.309496
v -0.878209 0.107647 -0.338691
v -0.874585 0.138351 -0.363425
v -0.667940 0.038501 -0.182364
v -0.701936 0.024190 -0.143300
v -0.615052 0.024678 -0.133858
v -0.614197 0.038282 -0.180072
v -0.638611 0.005297 -0.083888
v -0.558846 0.036845 -0.162670
v -0.516941 0.012770 -0.073171
v -0.536399 0.002662 -0.027822
v -1.017889 0.042683 -0.093954
v -0.964285 0.016566 -0.089140
v -1.050224 0.081591 -0.074898
v -0.983081 0.040819 -0.135301
v -1.002875 0.047752 -0.149179
v -0.973320 0.050864 -0.178605
v -0.880734 0.041699 -0.221090
v -0.879953 0.089728 0.013188
v -0.601166 -0.002972 -0.047448
v -0.840582 -0.017075 -0.046605
v -0.804896 0.004024 -0.009401
v -0.811788 0.063384 0.029553
v -0.878697 0.035627 -0.023007
v -0.920486 -0.010333 -0.094798
v -0.932525 0.008322 -0.069471
v -0.533258 -0.015835 0.068640
v -0.596816 -0.024129 0.044237
v -0.878832 -0.019449 -0.080945
v -0.841604 0.085575 0.035342
v -0.783103 -0.026940 -0.031721
v -0.845681 -0.021503 -0.070812
v -0.774474 0.026548 0.019900
v -0.774047 -0.025700 -0.044197
v -0.816447 0.011608 -0.130299
v -0.742524 -0.008172 -0.075502
v -0.686143 -0.006304 0.032606
v -0.705406 -0.027805 -0.013032
v -0.661015 -0.026273 0.014414
v -0.738769 -0.016120 -0.001633
v -0.669254 -0.012603 -0.035709
v -0.931013 -0.001351 -0.132528
v -0.895304 0.000080 -0.130712
v -0.946778 0.025433 -0.173185
v -0.925365 0.027062 -0.198900
v -0.897617 0.031823 -0.207419
v -0.893215 0.054861 -0.218741
v -0.606557 0.567362 -0.382964
v -0.533385 0.574347 -0.343559
v -0.756078 0.554126 -0.366035
v -0.731078 0.549293 -0.354224
v -0.746054 0.530250 -0.384130
v -0.597356 0.402549 -0.475811
v -0.799334 0.500634 -0.406707
v -0.563859 0.487595 -0.430206
v -0.522373 0.527380 -0.413326
v -0.542543 0.565712 -0.386763
v -0.600126 0.496489 -0.429664
v -0.608177 0.589328 -0.338697
v -0.641262 0.580732 -0.361406
v -0.619972 0.452202 -0.463034
v -0.571874 0.462661 -0.452229
v -0.618107 0.579625 -0.304938
v -0.620807 0.576452 -0.243064
v -0.826293 0.504380 -0.386289
v -0.826715 0.546249 -0.356406
v -0.774622 0.581105 -0.338797
v -0.720647 0.583659 -0.294692
v -0.542523 0.418731 -0.456678
v -0.672001 0.444986 -0.472237
v -0.778738 0.495236 -0.409268
v -0.733842 0.484048 -0.422300
v -0.758750 0.466221 -0.433312
v -0.806566 0.579536 -0.340242
v -0.544274 0.576314 -0.313591
v -0.560399 0.566020 -0.233526
v -0.624590 0.550838 -0.091840
v -0.572678 0.560846 -0.116166
v -0.600142 0.565842 -0.139782
v -0.666016 0.457325 -0.453211
v -0.686727 0.464926 -0.446134
v -0.659528 0.468742 -0.458924
v -0.847948 0.576061 -0.318168
v -0.866799 0.562763 -0.313572
v -0.693373 0.424743 -0.482219
v -0.846229 0.500773 -0.335904
v -0.595866 0.574916 -0.199195
v -0.518724 0.574799 -0.205007
v -0.623367 0.569382 -0.219468
v -0.574768 0.558250 -0.071908
v -0.531061 0.567864 -0.195592
v -0.646595 0.567263 -0.160045
v -0.650787 0.550616 -0.079517
v -0.703149 0.465844 -0.450902
v -0.555732 0.569781 -0.138427
v -0.533012 0.566868 -0.110179
v -0.516720 0.559315 -0.089637
v -0.616524 0.544646 -0.045668
v -0.802195 0.479762 -0.405559
v -0.667395 0.551837 -0.377425
v -0.668166 0.502101 -0.395498
v -0.691220 0.535432 -0.353913
v -0.711959 0.453162 -0.449635
v -0.649689 0.517511 -0.420754
v -0.719742 0.384703 -0.495825
v -0.748378 0.420856 -0.480442
v -0.720258 0.427232 -0.481194
v -0.751845 0.452342 -0.462616
v -0.766676 0.438903 -0.460433
v -0.979531 0.488971 -0.036504
v -0.989387 0.427783 -0.072169
v -0.767280 0.458781 -0.449455
v -0.773975 0.387379 -0.458330
v -0.927444 0.525803 -0.067436
v -0.943355 0.511684 -0.080362
v -0.701195 0.499155 -0.408323
v -0.744069 0.502106 -0.411799
v -0.962197 0.431512 -0.099181
v -0.994646 0.424925 -0.110626
v -0.938674 0.486385 -0.097285
v -0.642168 0.550039 -0.397638
v -0.962104 0.433406 -0.139508
v -0.937044 0.493307 -0.139450
v -0.956701 0.473545 -0.152873
v -0.991621 0.409312 -0.141564
v -0.948181 0.494593 -0.169207
v -0.982084 0.415005 -0.178791
v -1.011143 0.403859 -0.176623
v -0.972582 0.428064 -0.194081
v -0.945889 0.422500 -0.225181
v -0.969220 0.452759 -0.204517
v -1.028545 0.403938 -0.138687
v -0.962438 0.484488 -0.207578
v -0.947146 0.519257 -0.181167
v -0.922687 0.501352 -0.258733
v -0.933083 0.546225 -0.217051
v -0.947049 0.527925 -0.230917
v -0.672314 0.587225 -0.336777
v -0.679803 0.555169 -0.346344
v -0.935739 0.526861 -0.108961
v -0.784422 0.536653 -0.082545
v -0.884731 0.525619 -0.052227
v -0.814312 0.525486 -0.029647
v -0.918848 0.536881 -0.133047
v -0.677798 0.583761 -0.326915
v -0.927960 0.522214 -0.132300
v -0.833744 0.546314 -0.148742
v -0.934269 0.541473 -0.166275
v -0.800633 0.464966 -0.417908
v -0.843297 0.563183 -0.185632
v -0.787987 0.447520 -0.431308
v -0.775139 0.421799 -0.442803
v -0.744584 0.559393 -0.153970
v -0.804321 0.558333 -0.180226
v -0.705055 0.550262 -0.095031
v -0.669125 0.567812 -0.176498
v -0.904599 0.433065 -0.274253
v -0.808240 0.427114 -0.406570
v -0.911791 0.465038 -0.268014
v -0.854980 0.446528 -0.329110
v -0.898397 0.509400 -0.271134
v -0.882739 0.493765 -0.293555
v -0.852568 0.482614 -0.335583
v -0.911456 0.558063 -0.203022
v -0.894969 0.565904 -0.265060
v -0.821672 0.575357 -0.238135
v -0.902579 0.539048 -0.271335
v -0.762428 0.580597 -0.262567
v -0.812092 0.582891 -0.301049
v -0.732959 0.573182 -0.214410
v -0.674142 0.574297 -0.229559
v -0.700884 0.562790 -0.315841
v -0.819678 0.445734 -0.381868
v -0.833730 0.460683 -0.365312
v -0.132163 0.020188 -0.412049
v -0.113824 0.018778 -0.438938
v -0.213593 0.035928 -0.390100
v -0.168615 0.030024 -0.435583
v -0.154978 0.027523 -0.388942
v -0.174040 0.273679 -0.463609
v -0.212326 0.319151 -0.466902
v -0.156051 0.308728 -0.453960
v -0.099020 0.336047 -0.432021
v -0.239373 0.044940 -0.444990
v -0.415959 0.314661 -0.482636
v -0.443149 0.309668 -0.480478
v -0.240526 0.039433 -0.326990
v -0.290302 0.059678 -0.415492
v -0.193548 0.031213 -0.310152
v -0.439361 0.220316 -0.487863
v -0.474809 0.234751 -0.483592
v -0.313928 0.238963 -0.506619
v -0.300526 0.187082 -0.518480
v -0.351517 0.217673 -0.516879
v -0.279542 0.055093 -0.443567
v -0.326312 0.075650 -0.448440
v -0.351502 0.081158 -0.427129
v -0.425565 0.361216 -0.468233
v -0.505571 0.336562 -0.479165
v -0.496374 0.280095 -0.481048
v -0.307660 0.057414 -0.355443
v -0.244297 0.155341 -0.514842
v -0.278469 0.133309 -0.526010
v -0.078234 0.193078 -0.468426
v -0.127210 0.193068 -0.476643
v -0.189014 0.230968 -0.481270
v -0.036279 0.220674 -0.448950
v -0.208281 0.205206 -0.494417
v -0.173043 0.141225 -0.505954
v -0.255358 0.306424 -0.484763
v -0.227175 0.276780 -0.477228
v -0.314753 0.295006 -0.496985
v -0.250074 0.232092 -0.495409
v -0.260903 0.256262 -0.496208
v -0.308826 0.265081 -0.504480
v -0.318843 0.362984 -0.481236
v -0.495589 -0.007465 0.051281
v -0.479251 0.011604 -0.035474
v -0.467089 0.022347 -0.082583
v -0.521252 0.024638 -0.109114
v -0.315974 0.157383 -0.530612
v -0.332670 0.054153 -0.308577
v -0.392930 0.022256 0.003111
v -0.441246 0.019284 -0.041082
v -0.317259 0.037022 -0.017765
v -0.367509 0.029361 -0.017367
v -0.365306 0.276686 -0.498921
v -0.400361 0.277364 -0.495811
v -0.377058 0.331743 -0.492076
v -0.089726 0.092461 -0.504235
v -0.118869 0.125642 -0.499476
v -0.377095 0.023953 -0.039288
v -0.397525 0.025668 -0.066153
v -0.329116 0.032024 -0.059262
v -0.352163 0.027407 -0.081762
v -0.374739 0.031072 -0.118173
v -0.329409 0.030334 -0.039436
v -0.430168 0.029938 -0.117569
v -0.328192 0.032034 -0.090798
v -0.306731 0.113925 -0.516234
v -0.341821 0.138724 -0.527638
v -0.152673 0.109655 -0.507201
v -0.117848 0.079866 -0.503745
v -0.142855 0.084252 -0.492106
v -0.461680 0.025080 -0.107102
v -0.486536 0.041742 -0.189470
v -0.119184 0.061789 -0.481733
v -0.178369 0.067449 -0.480623
v -0.442859 0.046545 -0.195837
v -0.375407 0.035320 -0.154199
v -0.342984 0.031751 -0.144990
v -0.293135 0.033943 -0.155705
v -0.353907 0.039463 -0.193047
v -0.357596 0.053084 -0.266165
v -0.267763 0.038662 -0.254214
v -0.176391 0.090145 -0.511437
v -0.254007 0.036912 0.023908
v -0.076529 0.061821 -0.487000
v -0.240611 0.039995 -0.029467
v -0.216970 0.043956 0.011004
v -0.144218 0.049844 0.018758
v -0.189463 0.042520 0.010790
v -0.152455 0.032210 -0.024761
v -0.190247 0.031642 -0.029844
v -0.254387 0.029675 -0.069467
v -0.301922 0.027958 -0.085074
v -0.212031 0.111154 -0.515334
v -0.187279 0.033304 -0.106839
v -0.143997 0.029295 -0.053540
v -0.162245 0.034975 -0.085978
v -0.225065 0.028083 -0.125593
v -0.184651 0.117233 -0.506319
v -0.094866 0.041622 0.015111
v -0.109013 0.037887 -0.026720
v -0.068189 0.036285 0.017058
v -0.040945 0.040381 -0.463854
v -0.130125 0.036930 -0.057424
v -0.103687 0.040780 -0.077371
v -0.385728 0.229306 -0.508142
v -0.260076 0.099988 -0.510199
v -0.331620 0.263692 -0.497109
v -0.241256 0.143580 -0.506804
v -0.120520 0.025865 -0.120903
v -0.128602 0.040851 -0.098828
v -0.164575 0.027689 -0.138720
v -0.191213 0.030055 -0.163302
v -0.192417 0.025932 -0.214273
v -0.194305 0.030505 -0.270126
v -0.128322 0.022896 -0.178815
v -0.072673 0.028864 -0.144780
v -0.095070 0.024132 -0.198135
v -0.111012 0.022197 -0.274001
v -0.227471 0.069651 -0.478070
v -0.328807 0.096818 -0.474668
v -0.476196 0.067187 -0.271234
v -0.447083 0.073845 -0.312511
v -0.065101 0.017675 -0.291559
v -0.109867 0.017271 -0.367405
v -0.085943 0.019645 -0.341837
v -0.483577 0.084263 -0.323062
v -0.091231 0.289195 -0.444102
v -0.373814 0.195518 -0.516819
v -0.397344 0.067247 -0.315232
v -0.424171 0.087622 -0.375478
v -0.398447 0.174957 -0.520024
v -0.467219 0.117830 -0.461525
v -0.072820 0.310669 -0.429569
v -0.501541 0.146992 -0.484956
v -0.366147 0.093892 -0.474444
v -0.339153 0.101308 -0.482446
v -0.469511 0.145150 -0.485786
v -0.465266 0.130553 -0.468772
v -0.385502 0.108891 -0.476467
v -0.389810 0.133393 -0.496500
v -0.412616 0.164133 -0.511829
v -0.434037 0.172033 -0.493583
v -0.363346 0.129097 -0.502025
v -0.418078 0.181849 -0.504991
v -0.074593 0.555449 -0.347709
v -0.123412 0.560648 -0.328939
v -0.504305 0.505677 -0.424056
v -0.466649 0.520006 -0.415400
v -0.483325 0.485315 -0.426872
v -0.218254 0.358696 -0.454635
v -0.516192 0.476499 -0.439808
v -0.430834 0.511491 -0.413993
v -0.041371 0.561494 -0.332478
v -0.139228 0.551412 -0.369875
v -0.158812 0.484579 -0.405874
v -0.049474 0.426192 -0.390555
v -0.057468 0.480760 -0.375903
v -0.264357 0.520833 -0.420963
v -0.263288 0.459348 -0.449907
v -0.313286 0.487158 -0.425718
v -0.295915 0.509799 -0.410874
v -0.280439 0.482691 -0.443572
v -0.293427 0.452981 -0.443972
v -0.202129 0.549511 -0.390190
v -0.229825 0.555307 -0.382621
v -0.261596 0.549670 -0.381614
v -0.182325 0.551368 -0.367566
v -0.185284 0.553771 -0.328987
v -0.470381 0.478295 -0.413076
v -0.346962 0.543124 -0.366787
v -0.136879 0.355508 -0.433285
v -0.198816 0.546920 -0.361639
v -0.332639 0.548062 -0.333267
v -0.484098 0.556255 -0.407462
v -0.179660 0.412851 -0.438838
v -0.159088 0.376264 -0.441271
v -0.077078 0.409968 -0.406162
v -0.519307 0.559296 -0.335402
v -0.058592 0.348449 -0.419301
v -0.084120 0.367717 -0.424412
v -0.526197 0.551961 -0.397279
v -0.474560 0.556857 -0.367638
v -0.455304 0.540094 -0.417378
v -0.273937 0.429796 -0.455821
v -0.243542 0.398526 -0.462426
v -0.301881 0.414718 -0.466771
v -0.469661 0.569072 -0.069919
v -0.459353 0.553216 -0.327067
v -0.482084 0.564520 -0.122517
v -0.523183 0.573889 -0.159898
v -0.427650 0.567367 -0.144016
v -0.452995 0.560545 -0.109194
v -0.440158 0.562091 -0.072961
v -0.429800 0.548685 -0.065528
v -0.411762 0.540234 -0.049609
v -0.366219 0.538219 -0.054254
v -0.391466 0.548986 -0.083836
v -0.412081 0.432787 -0.466832
v -0.422206 0.455912 -0.439871
v -0.387576 0.472047 -0.444711
v -0.392905 0.550545 -0.330127
v -0.436181 0.556982 -0.402371
v -0.399137 0.558136 -0.095343
v -0.346713 0.479621 -0.439460
v -0.360449 0.369327 -0.480935
v -0.308536 0.554898 -0.099588
v -0.332685 0.551480 -0.096113
v -0.426820 0.551861 -0.097368
v -0.398886 0.561462 -0.132833
v -0.369832 0.404486 -0.470670
v -0.348377 0.554232 -0.126974
v -0.377785 0.562541 -0.173403
v -0.299732 0.562304 -0.145884
v -0.415007 0.504635 -0.398354
v -0.524766 0.566031 -0.236729
v -0.473887 0.562575 -0.197623
v -0.500572 0.572790 -0.230929
v -0.437489 0.558064 -0.191340
v -0.487079 0.562566 -0.230786
v -0.505512 0.569404 -0.258468
v -0.533868 0.576517 -0.283986
v -0.465923 0.565320 -0.278547
v -0.420437 0.561906 -0.223871
v -0.335838 0.552673 -0.258636
v -0.327500 0.557081 -0.231982
v -0.308125 0.552723 -0.271445
v -0.283028 0.556096 -0.203779
v -0.447967 0.397591 -0.467437
v -0.296117 0.545725 -0.037093
v -0.339222 0.515547 -0.401724
v -0.243947 0.556657 -0.056403
v -0.187404 0.548911 -0.062095
v -0.135960 0.545626 -0.050250
v -0.245294 0.553230 -0.097675
v -0.459357 0.439460 -0.450829
v -0.186940 0.551488 -0.132068
v -0.151862 0.544626 -0.105564
v -0.114083 0.545811 -0.140351
v -0.375148 0.518354 -0.388291
v -0.415284 0.399498 -0.473772
v -0.481551 0.429689 -0.450492
v -0.073153 0.542261 -0.071583
v -0.120024 0.547187 -0.114953
v -0.128661 0.550148 -0.185495
v -0.060886 0.547249 -0.169420
v -0.374495 0.548470 -0.376685
v -0.186326 0.550746 -0.199673
v -0.153545 0.552773 -0.203281
v -0.179717 0.551241 -0.271832
v -0.120334 0.551904 -0.270258
v -0.084508 0.546809 -0.203411
v -0.094595 0.555125 -0.280035
v -0.385908 0.541886 -0.394603
v -0.471925 0.397120 -0.458817
v -0.401607 0.538848 -0.409261
v -0.503578 0.425023 -0.460840
v -0.483755 0.381512 -0.468480
v -0.492251 0.461794 -0.435608
v -0.410248 0.548575 -0.384426
v -0.423306 0.530792 -0.416618
v -0.518355 0.376591 -0.468404
v 0.406809 0.715891 -0.082541
v 0.415674 0.584518 0.180495
v 0.373508 0.573418 0.185839
v 0.369753 0.698065 -0.052517
v 0.353223 0.571997 0.236407
v 0.328783 0.594080 0.147501
v 0.280269 0.595971 0.138431
v 0.389814 0.680317 -0.019713
v 0.377690 0.716170 -0.103024
v 0.343019 0.702283 -0.076987
v 0.386193 0.673155 -0.016202
v 0.336679 0.676514 -0.031984
v 0.328948 0.577793 0.266228
v -0.038917 0.492297 0.344095
v -0.076347 0.500615 0.328872
v -0.055088 0.471230 0.361814
v -0.087226 0.483000 0.353909
v 0.284973 0.695792 -0.067310
v 0.310119 0.667717 -0.011832
v 0.347397 0.568245 0.283848
v 0.319318 0.548308 0.321450
v 0.272890 0.710024 -0.107613
v 0.295095 0.723126 -0.137187
v 0.347990 0.721388 -0.106432
v -0.060212 0.529625 0.321585
v 0.252963 0.689678 -0.066790
v -0.016744 0.538386 0.278585
v -0.013020 0.529162 0.326766
v 0.008304 0.465048 0.369013
v -0.068439 0.537537 0.241045
v 0.031099 0.552817 0.273309
v 0.260315 0.695757 -0.101674
v 0.030940 0.543787 0.247135
v 0.229794 0.670245 -0.053819
v 0.244585 0.656902 -0.014776
v 0.206848 0.652123 -0.021387
v -0.057037 0.563597 0.199766
v -0.014853 0.550423 0.245566
v 0.043375 0.556637 0.230169
v -0.009446 0.556804 0.195028
v -0.029005 0.556403 0.158872
v 0.064007 0.553873 0.213174
v 0.239865 0.664822 -0.102694
v 0.193102 0.625392 -0.042635
v -0.039973 0.545646 0.096739
v -0.081465 0.547564 0.063916
v -0.001074 0.543043 0.075971
v 0.207007 0.616938 -0.106568
v 0.190981 0.633050 -0.023519
v 0.043798 0.539396 0.041036
v 0.178816 0.597498 -0.063911
v -0.109941 0.545176 0.005030
v -0.047432 0.544593 -0.092875
v 0.121534 0.543264 -0.045357
v 0.114576 0.543714 -0.092132
v -0.011736 0.543057 -0.107463
v 0.145679 0.562929 -0.077793
v 0.054805 0.540090 -0.055167
v 0.353004 0.534522 0.339335
v 0.158112 0.570319 -0.034579
v 0.214861 0.638353 0.015068
v 0.155479 0.574947 -0.009122
v 0.118232 0.538814 0.016493
v 0.136743 0.550848 -0.013188
v 0.136175 0.556162 0.039673
v 0.071035 0.543876 -0.094711
v 0.298251 0.638547 0.011777
v 0.356822 0.650490 0.009774
v 0.343851 0.608099 0.111746
v 0.374664 0.616402 0.078995
v 0.309601 0.613021 0.086796
v 0.386222 0.650665 0.035275
v 0.331615 0.631176 0.051571
v 0.066226 0.461840 0.374540
v 0.079812 0.436118 0.393868
v 0.122891 0.516579 0.353436
v 0.183362 0.480199 0.374262
v 0.124079 0.445492 0.390629
v 0.183885 0.521095 0.349508
v 0.381299 0.604088 0.108823
v 0.252820 0.617920 0.047686
v 0.207532 0.427791 0.405616
v 0.284811 0.470272 0.389636
v 0.260675 0.450613 0.394804
v 0.277895 0.529970 0.352555
v 0.192817 0.558976 0.330455
v 0.301517 0.533883 0.353872
v 0.317190 0.603294 0.108175
v 0.259232 0.568888 0.327795
v 0.350766 0.601655 0.141241
v 0.395859 0.518616 0.373262
v 0.279681 0.609321 0.106298
v 0.200960 0.625322 0.057498
v 0.246162 0.606177 0.092825
v 0.182446 0.634417 0.029962
v 0.112655 0.549816 0.329753
v 0.062212 0.555838 0.286455
v 0.089369 0.589132 0.247871
v 0.173368 0.564333 0.319642
v 0.051042 0.550494 0.210590
v 0.299586 0.560797 0.329745
v 0.303280 0.572440 0.300847
v 0.147345 0.596572 0.261343
v 0.189660 0.578303 0.293390
v 0.201631 0.601256 0.258131
v 0.134553 0.605240 0.233374
v 0.073621 0.568328 0.235739
v 0.106871 0.582913 0.208385
v 0.094483 0.546064 0.169865
v 0.126055 0.606030 0.215360
v 0.142685 0.608324 0.188980
v 0.239726 0.593835 0.234816
v 0.113685 0.569819 0.177277
v 0.144159 0.610789 0.160523
v 0.238934 0.596841 0.191596
v 0.177289 0.611277 0.164464
v 0.231212 0.585229 0.294953
v 0.270366 0.591856 0.282192
v 0.062875 0.543104 0.117173
v 0.108563 0.539667 0.081220
v 0.159401 0.615990 0.125183
v 0.108219 0.557544 0.127069
v 0.126392 0.567738 0.104717
v 0.170012 0.622318 0.079477
v 0.140104 0.581237 0.076300
v 0.113323 0.542586 0.055129
v 0.157437 0.604721 0.047682
v 0.236279 0.603148 0.136636
v 0.400788 0.377189 -0.312947
v 0.414130 0.306149 -0.343207
v 0.052634 0.468126 -0.353141
v 0.018286 0.496581 -0.345711
v 0.314115 0.695135 -0.216260
v 0.286800 0.711611 -0.161065
v 0.325552 0.717418 -0.196811
v 0.296033 0.423226 -0.312645
v 0.240196 0.650174 -0.129150
v 0.261752 0.683410 -0.136065
v 0.265825 0.422592 -0.317513
v 0.263112 0.378333 -0.336751
v 0.028581 0.556826 -0.317170
v 0.190356 0.400262 -0.342171
v 0.101438 0.490318 -0.326923
v 0.342262 0.326125 -0.343827
v 0.173275 0.474318 -0.319518
v 0.128013 0.414962 -0.353856
v 0.276225 0.696348 -0.135161
v 0.230461 0.635131 -0.163359
v 0.249077 0.640883 -0.195763
v 0.233479 0.305637 -0.368132
v 0.148684 0.366773 -0.362279
v 0.024951 0.544844 -0.151307
v -0.021604 0.546241 -0.198463
v 0.034351 0.549685 -0.197552
v 0.272771 0.683777 -0.191914
v 0.286572 0.564011 -0.261172
v 0.083219 0.416017 -0.362701
v 0.026713 0.395139 -0.386870
v 0.031647 0.432097 -0.370421
v 0.020158 0.548930 -0.223989
v -0.000484 0.556311 -0.252332
v 0.013477 0.561696 -0.290444
v -0.008169 0.565908 -0.322100
v 0.028546 0.367641 -0.391659
v 0.137711 0.317556 -0.381406
v 0.416180 0.628432 -0.219136
v 0.358649 0.663788 -0.219033
v 0.384463 0.708674 -0.198959
v 0.411903 0.717783 -0.188665
v 0.374953 0.727714 -0.182788
v 0.358580 0.727491 -0.192382
v 0.306681 0.605602 -0.247652
v 0.340062 0.632222 -0.234411
v 0.321070 0.469204 -0.287717
v 0.247618 0.597041 -0.261085
v 0.215717 0.553838 -0.279164
v 0.153079 0.597319 -0.274304
v 0.442782 0.741549 -0.147773
v 0.384201 0.720580 -0.174610
v 0.412734 0.734898 -0.172395
v 0.402409 0.723793 -0.155261
v 0.409541 0.734400 -0.141008
v 0.337005 0.733390 -0.166879
v 0.424016 0.716400 -0.098535
v 0.371437 0.725888 -0.125100
v 0.284624 0.657753 -0.234244
v 0.258731 0.635424 -0.243537
v 0.096675 0.549508 -0.135625
v 0.063957 0.550801 -0.137960
v 0.072062 0.550203 -0.163139
v 0.160103 0.579969 -0.135406
v 0.187420 0.597907 -0.118348
v 0.127035 0.564667 -0.156639
v 0.178287 0.593130 -0.165261
v 0.239494 0.630705 -0.222940
v 0.203169 0.605502 -0.181795
v 0.090166 0.557613 -0.193956
v 0.254787 0.499140 -0.293161
v 0.036841 0.560072 -0.261487
v 0.058885 0.556665 -0.226591
v 0.093685 0.557037 -0.212574
v 0.079705 0.559874 -0.254894
v 0.097411 0.565102 -0.232128
v 0.136097 0.580381 -0.199495
v 0.160499 0.599547 -0.234910
v 0.138971 0.588068 -0.213616
v 0.216349 0.622701 -0.212204
v 0.136764 0.593524 -0.260368
v 0.163279 0.515486 -0.305382
v 0.171071 0.609161 -0.248856
v 0.100122 0.579722 -0.283208
v 0.047737 0.566860 -0.299742
v 0.150859 0.581522 -0.281298
v 0.210316 0.618839 -0.230528
v 0.228213 0.619787 -0.210291
v 1.095071 0.583695 -0.186170
v 1.125293 0.495871 -0.058836
v 1.106105 0.517151 -0.036781
v 1.114357 0.498607 -0.021977
v 1.072831 0.558156 -0.054638
v 1.089632 0.539865 -0.077008
v 1.084152 0.615705 -0.156050
v 1.072878 0.471361 -0.279115
v 1.096835 0.553099 -0.110080
v 1.108034 0.501855 -0.146978
v 1.086934 0.484966 -0.179976
v 1.125058 0.514983 -0.177326
v 1.121511 0.537278 -0.194479
v 1.141507 0.544957 -0.158212
v 1.103468 0.468269 -0.060620
v 1.091911 0.493939 -0.247009
v 1.079769 0.464640 -0.252122
v 1.060700 0.451983 -0.261030
v 1.073827 0.529977 -0.017103
v 1.106056 0.466397 0.030552
v 1.100769 0.469126 -0.019396
v 1.126144 0.473713 -0.084929
v 1.102166 0.449787 -0.090744
v 1.056210 0.347412 0.213894
v 1.118272 0.574640 -0.166943
v 1.108252 0.497662 0.011806
v 1.100871 0.500804 -0.210190
v 1.061677 0.338779 0.166692
v 1.079814 0.460595 -0.160507
v 1.101195 0.466186 -0.128565
v 1.074324 0.468250 -0.215191
v 1.059588 0.456057 -0.180576
v 1.077342 0.440908 0.093234
v 1.076951 0.370138 0.140288
v 1.064084 0.371829 0.119601
v 1.085028 0.397018 0.130990
v 1.074711 0.389683 0.104454
v 1.089481 0.412615 0.099036
v 1.034594 0.395159 0.053385
v 1.052669 0.414991 0.031134
v 1.054644 0.407773 0.066221
v 1.063402 0.429026 0.072167
v 1.095224 0.474137 0.047180
v 1.095877 0.453678 0.059310
v 1.083977 0.448123 0.012064
v 1.136549 0.498410 -0.097101
v 1.121611 0.562012 -0.142927
v 1.136150 0.518476 -0.106694
v 1.082504 0.445085 -0.031144
v 1.137790 0.529446 -0.132292
v 1.082137 0.455152 -0.028561
v -0.592053 0.521694 0.144071
v -0.522801 0.530137 0.097455
v -0.541105 0.535539 0.043866
v -0.975639 0.395730 0.212019
v -0.933069 0.392498 0.231796
v -0.965686 0.442429 0.200749
v -0.997074 0.425581 0.186614
v -0.966842 0.417371 0.201541
v -0.938472 0.428415 0.233792
v -0.952417 0.405552 0.221341
v -0.569016 0.531173 0.040758
v -0.682270 0.523652 0.064201
v -0.635890 0.524577 0.094613
v -0.498762 0.523184 0.175100
v -0.540575 0.552019 -0.005678
v -0.531358 0.557558 -0.030232
v -0.996666 0.392089 0.195367
v -1.000009 0.417622 0.160573
v -1.010949 0.391061 0.173282
v -1.006911 0.402634 0.149742
v -0.982934 0.441310 0.162414
v -0.642061 0.534372 0.023123
v -1.011108 0.419886 0.101804
v -0.658035 0.537519 -0.031558
v -0.674521 0.538608 -0.026574
v -0.592940 0.534659 0.018719
v -1.031267 0.395314 0.083087
v -0.478704 0.520657 0.223852
v -1.018804 0.355901 0.132556
v -1.041296 0.397572 0.048040
v -1.031448 0.353236 0.108555
v -1.046583 0.405540 0.010326
v -1.047050 0.354462 0.033555
v -1.031395 0.357243 0.068866
v -1.059214 0.354527 0.003430
v -0.814559 0.429295 0.293814
v -0.780645 0.395835 0.286850
v -0.776314 0.431613 0.308774
v -0.859898 0.443906 0.277027
v -0.873684 0.412997 0.271444
v -0.834186 0.442414 0.294676
v -0.825796 0.403749 0.273393
v -0.805733 0.454269 0.291703
v -0.785284 0.454902 0.297772
v -0.910281 0.407445 0.249019
v -0.912179 0.432567 0.224590
v -0.870500 0.400892 0.265648
v -0.875595 0.448041 0.238999
v -0.545619 0.536770 0.021250
v -0.804548 0.372311 0.274271
v -0.828500 0.512513 0.061213
v -0.495642 0.517687 0.268929
v -0.939355 0.519209 -0.028914
v -0.749679 0.408377 0.313905
v -0.743164 0.422423 0.313823
v -0.709706 0.396081 0.305135
v -0.711476 0.473443 0.319074
v -0.642990 0.384930 0.325854
v -0.685294 0.472160 0.323287
v -0.651028 0.471293 0.344327
v -0.685429 0.368641 0.306897
v -0.943038 0.507436 0.018456
v -0.637236 0.512414 0.304591
v -0.959412 0.499708 -0.010968
v -1.006286 0.439230 -0.022887
v -0.997658 0.441197 0.007459
v -1.005060 0.453968 -0.035502
v -0.605121 0.495270 0.373966
v -0.628407 0.496705 0.364344
v -0.614251 0.449299 0.368097
v -0.985481 0.481838 0.037546
v -0.540604 0.425713 0.427423
v -0.574744 0.456698 0.400622
v -0.538108 0.397863 0.421720
v -0.613451 0.410374 0.357899
v -0.588496 0.381483 0.382256
v -0.594629 0.426277 0.372187
v -0.567696 0.390864 0.396625
v -1.006942 0.427689 -0.049608
v -0.540837 0.446745 0.412950
v -0.543435 0.488479 0.375820
v -1.032442 0.430411 -0.023000
v -0.641703 0.511960 0.338666
v -1.017884 0.439910 0.040000
v -1.049670 0.431558 -0.010764
v -1.059573 0.430394 -0.047431
v -0.559702 0.518714 0.339909
v -0.999633 0.440888 0.042729
v -1.073648 0.401218 -0.032398
v -0.948017 0.473500 0.150666
v -0.953742 0.482773 0.135216
v -0.979881 0.468354 0.122188
v -0.598613 0.511274 0.358589
v -1.001970 0.436350 0.091195
v -0.964330 0.486057 0.097356
v -0.976628 0.476212 0.091975
v -0.928823 0.492760 0.095550
v -1.005512 0.449955 0.078259
v -0.842231 0.455679 0.272210
v -0.827772 0.470039 0.277905
v -0.776600 0.491236 0.299205
v -0.796611 0.492136 0.283355
v -0.917491 0.466321 0.168698
v -0.857287 0.468687 0.227016
v -0.879353 0.464337 0.197953
v -0.798126 0.497851 0.223719
v -0.861516 0.481389 0.166646
v -0.788939 0.505927 0.148685
v -0.744480 0.493337 0.322567
v -0.704683 0.502917 0.311398
v -0.764005 0.476447 0.316610
v -0.700572 0.509691 0.200609
v -0.743700 0.508632 0.144689
v -0.694012 0.514820 0.168690
v -0.917659 0.469864 0.147208
v -0.907378 0.484985 0.133293
v -0.865653 0.496863 0.106550
v -0.816320 0.503833 0.101890
v -0.746042 0.511843 0.103784
v -0.911571 0.502289 0.065378
v -0.868788 0.497386 0.080374
v -0.861288 0.506574 0.063879
v -0.821511 0.502747 0.087087
v -0.485038 0.451258 0.401028
v -1.076326 0.358267 -0.024311
v -1.108951 0.268460 0.005251
v -1.086909 0.231314 0.002862
v -1.077869 0.266404 0.016195
v -1.106927 0.208221 -0.004721
v -1.120949 0.258731 -0.001080
v -1.050549 0.220157 0.017026
v -1.071951 0.201467 -0.007327
v -1.110920 0.205211 -0.015375
v -1.119718 0.238818 -0.020251
v -1.093986 0.344210 0.014032
v -1.091027 0.328497 0.057296
v -1.078678 0.337090 0.026866
v -1.088486 0.351393 -0.026304
v -1.106768 0.331703 0.000997
v -1.094416 0.356047 -0.058747
v -1.102819 0.300617 0.030025
v -1.065893 0.272295 0.041686
v -1.121102 0.295732 -0.010600
v -1.118163 0.303058 0.007871
v -1.069676 0.339041 0.090986
v -1.065630 0.340511 0.066283
v -1.087174 0.318420 0.068787
v -1.105547 0.321783 0.037251
v -1.066542 0.327080 0.098715
v -1.108511 0.305677 -0.025982
v -0.184666 0.550111 -0.001283
v -0.146451 0.533818 0.192419
v -0.125879 0.551219 0.167236
v -0.129509 0.524274 0.255685
v -0.225766 0.553075 -0.026642
v -0.166695 0.523952 0.233871
v -0.438080 0.408754 0.435743
v -0.446656 0.390864 0.443750
v -0.106833 0.523358 0.316406
v -0.225303 0.542187 0.015008
v -0.328687 0.539535 -0.015069
v -0.287710 0.534778 0.019310
v -0.396621 0.542596 0.012498
v -0.371320 0.542892 -0.002430
v -0.416678 0.558434 -0.004017
v -0.470605 0.558440 -0.051352
v -0.340567 0.545900 -0.034659
v -0.126824 0.517008 0.329861
v -0.402656 0.546066 -0.017635
v -0.178428 0.537625 0.163642
v -0.369911 0.426810 0.408152
v -0.446543 0.441921 0.401627
v -0.428504 0.555255 -0.036227
v -0.093265 0.500776 0.348237
v -0.368274 0.396847 0.432005
v -0.335305 0.392545 0.436535
v -0.209916 0.516747 0.330913
v -0.270591 0.380592 0.437150
v -0.289304 0.433822 0.399179
v -0.465133 0.561878 -0.016287
v -0.193527 0.487704 0.351293
v -0.237926 0.405955 0.408597
v -0.313376 0.514027 0.268829
v -0.276586 0.515429 0.203326
v -0.243324 0.457000 0.369931
v -0.218081 0.377497 0.431494
v -0.185685 0.369583 0.430468
v -0.186997 0.401037 0.406619
v -0.285734 0.521372 0.157753
v -0.361070 0.527175 0.175781
v -0.203070 0.426953 0.393271
v -0.485720 0.545421 0.011929
v -0.235539 0.533881 0.145780
v -0.134216 0.546129 0.035499
v -0.131555 0.557214 0.088251
v -0.205147 0.543333 0.136390
v -0.246121 0.523136 0.176669
v -0.077630 0.385722 0.416364
v -0.098319 0.348497 0.446032
v -0.188262 0.548260 0.029924
v -0.090364 0.435064 0.385186
v -0.137319 0.436107 0.381428
v -0.096907 0.556727 0.137867
v -0.160550 0.547566 0.137053
v -0.151034 0.555108 0.101781
v -0.242286 0.514164 0.239283
v -0.248255 0.542743 0.090119
v -0.209860 0.553603 0.076531
v -0.207380 0.557217 0.041815
v -0.164780 0.562472 0.073938
v -0.328085 0.538818 0.054273
v -0.310197 0.531781 0.091999
v -0.172127 0.547161 0.113328
v -0.239756 0.511103 0.290501
v -0.473546 0.494497 0.357951
v -0.275960 0.546554 0.043893
v -0.448780 0.510202 0.344734
v -0.393807 0.463726 0.384017
v -0.412994 0.479504 0.367253
v -0.492451 0.516252 0.343956
v -0.385097 0.498725 0.351362
v -0.334435 0.464662 0.373254
v -0.292546 0.445545 0.381737
v -0.299132 0.485495 0.351941
v -0.377205 0.520301 0.324331
v -0.331901 0.545352 0.036828
v -0.473239 0.518656 0.325053
v -0.411455 0.521005 0.321058
v -0.370692 0.521761 0.218426
v -0.256480 0.530452 0.130007
v -0.274049 0.513678 0.329564
v -0.433104 0.517116 0.260418
v -0.423657 0.518695 0.219273
v -0.454708 0.536630 0.080761
v -0.482598 0.546974 0.030088
v -0.449082 0.550504 0.041720
v -0.380914 0.542113 0.070164
v -0.338277 0.531678 0.133304
v -0.363573 0.535774 0.066426
v -0.375933 0.546926 0.040751
v -0.399673 0.553515 0.026642
v -0.937439 0.139424 0.024531
v -0.743411 0.076951 0.069430
v -0.744863 0.145491 0.121371
v -0.697699 0.127682 0.131825
v -0.647600 0.044525 0.086872
v -0.620924 0.064079 0.118391
v -0.831843 0.169658 0.100550
v -0.611582 -0.013172 0.059685
v -0.642441 0.000134 0.054133
v -0.898665 0.156211 0.059489
v -0.643544 -0.022981 0.036808
v -0.637774 0.043067 0.079007
v -1.023689 0.245182 0.057175
v -1.040515 0.290216 0.082512
v -0.974693 0.259125 0.098512
v -0.987689 0.299441 0.124357
v -0.964854 0.205724 0.059849
v -0.983087 0.237844 0.067156
v -0.975664 0.210319 0.050541
v -1.013054 0.278109 0.085976
v -1.012277 0.352007 0.157933
v -1.032935 0.336549 0.129326
v -0.610373 0.043876 0.088573
v -0.534583 0.293569 0.333208
v -0.661688 0.345055 0.321958
v -0.572227 0.266805 0.295127
v -0.944433 0.178617 0.040029
v -0.934292 0.168830 0.048686
v -0.637869 0.119106 0.153849
v -0.624569 0.366536 0.352050
v -0.642475 0.183562 0.203042
v -0.725406 0.256016 0.220120
v -0.624369 0.244538 0.260496
v -0.768098 0.257845 0.202633
v -0.725138 0.321547 0.277278
v -0.889236 0.365468 0.233244
v -0.805087 0.231555 0.161258
v -0.770324 0.330549 0.252771
v -0.805541 0.325885 0.237883
v -0.729916 0.361538 0.302023
v -0.727329 0.339501 0.282635
v -0.682945 0.312621 0.288219
v -0.693322 0.348700 0.308013
v -0.571635 0.140926 0.197169
v -0.769287 0.320431 0.255779
v -0.904605 0.261460 0.137088
v -0.812031 0.165621 0.109599
v -0.599214 0.053346 0.107873
v -0.144579 0.047077 0.081555
v -0.157319 0.050930 0.048872
v -0.117611 0.055496 0.063224
v -0.150169 0.046622 0.034545
v -0.170231 0.040370 0.101847
v -0.046696 0.048149 0.092355
v -0.101798 0.062843 0.083921
v -0.060290 0.049855 0.062166
v -0.211748 0.038071 0.074039
v -0.245277 0.026994 0.076075
v -0.330803 0.024875 0.033217
v -0.297760 0.023582 0.076844
v -0.333156 0.026152 0.056272
v -0.314931 0.032418 0.097693
v -0.369975 0.027112 0.030067
v -0.463056 0.002658 0.046837
v -0.396512 0.023690 0.040683
v -0.361117 0.025411 0.072354
v -0.280159 0.258194 0.399245
v -0.327639 0.315539 0.428729
v -0.395610 0.321801 0.406970
v -0.464754 0.320470 0.377327
v -0.503309 0.375269 0.411963
v -0.460723 0.198362 0.287760
v -0.394390 0.013002 0.093304
v -0.449030 0.000628 0.071389
v -0.453075 0.003598 0.096466
v -0.589527 0.010991 0.066553
v -0.374216 0.353649 0.439105
v -0.401712 0.376166 0.448289
v -0.349353 0.258364 0.369537
v -0.341239 0.347698 0.444108
v -0.317197 0.353563 0.462597
v -0.380263 0.366849 0.439343
v -0.330803 0.376127 0.450707
v -0.295943 0.138051 0.305879
v -0.384860 0.146898 0.278956
v -0.505041 -0.008603 0.095879
v -0.411846 0.211890 0.313571
v -0.323451 0.190533 0.330141
v -0.556824 0.013975 0.079627
v -0.538220 -0.005989 0.083144
v -0.203673 0.252726 0.420898
v -0.209654 0.315354 0.472311
v -0.183265 0.303924 0.471913
v -0.133548 0.288629 0.476341
v -0.216266 0.175708 0.354987
v -0.078106 0.287963 0.489240
v -0.097745 0.148118 0.376645
v -0.143974 0.139232 0.354668
v -0.111214 0.214104 0.422795
v -0.100854 0.184007 0.398916
v -0.467321 0.172408 0.267505
v -0.103175 0.112682 0.343295
v -0.374604 0.084482 0.235453
v -0.289505 0.368718 0.451990
v -0.165542 0.315005 0.475481
v -0.193452 0.335082 0.459497
v -0.260019 0.317714 0.454264
v -0.249337 0.332068 0.453546
v -0.160409 0.356506 0.443077
v -0.148633 0.325624 0.461290
v -0.108559 0.310961 0.465307
v -0.206171 0.093982 0.301322
v -0.118877 0.327434 0.462626
v -0.048356 0.338454 0.450643
v -0.444123 0.074806 0.204713
v -0.293199 0.073203 0.260222
v -0.338333 0.072991 0.233903
v -0.509256 0.118124 0.210364
v -0.514444 0.043924 0.147238
v -0.511782 0.036034 0.130425
v -0.493645 0.004076 0.109421
v -0.484586 0.032405 0.150432
v -0.441604 0.024485 0.168121
v -0.477227 0.000748 0.127982
v -0.554451 0.049741 0.112376
v -0.463185 -0.006013 0.116378
v -0.578279 0.042378 0.120966
v -0.561860 0.045875 0.130199
v -0.594105 0.056108 0.099473
v -0.533598 0.039481 0.137587
v -0.392425 0.010267 0.173918
v -0.402960 0.055870 0.205689
v -0.353221 0.003250 0.173479
v -0.328245 0.027378 0.190529
v -0.318777 0.013837 0.168191
v -0.344804 0.047341 0.208772
v -0.307496 0.058916 0.231149
v -0.420837 0.007613 0.149434
v -0.444592 0.002238 0.143931
v -0.403001 0.015088 0.112390
v -0.357845 0.011270 0.119325
v -0.308602 0.025053 0.133526
v -0.198959 0.049966 0.271158
v -0.240948 0.059217 0.270775
v -0.251436 0.021039 0.225464
v -0.267261 0.029719 0.233415
v -0.150629 0.061875 0.296156
v -0.175117 0.048506 0.273087
v -0.200193 0.045838 0.236371
v -0.159120 0.058457 0.266719
v -0.166286 0.052599 0.224810
v -0.087113 0.059374 0.309588
v -0.138665 0.060627 0.261480
v -0.074874 0.066644 0.284176
v -0.123601 0.049748 0.216937
v -0.049952 0.057754 0.269056
v -0.489261 0.200372 0.276602
v -0.306650 0.023890 0.215818
v -0.288916 0.011470 0.201191
v -0.265848 0.018614 0.201041
v -0.244542 0.042542 0.159027
v -0.275813 0.037041 0.132690
v -0.209134 0.044105 0.196474
v -0.155131 0.057744 0.218381
v -0.180246 0.054316 0.191446
v -0.193785 0.038513 0.133863
v -0.238105 0.025815 0.110616
v -0.122957 0.044771 0.179308
v -0.035590 0.054528 0.236091
v -0.092545 0.049394 0.162044
v -0.080590 0.064769 0.113499
v -0.523571 0.188250 0.258451
v 0.346147 0.047543 0.046698
v 0.374712 0.047122 0.061576
v 0.350870 0.053548 0.086243
v 0.109326 0.044917 0.102157
v 0.425661 0.047883 0.021122
v 0.387162 0.042231 0.102437
v 0.407810 0.050059 0.049478
v 0.019296 0.038549 0.100548
v 0.057511 0.048833 0.045753
v 0.077104 0.040594 0.150618
v 0.283775 0.051629 0.079839
v 0.297314 0.053543 0.046537
v 0.003499 0.040960 0.069932
v 0.165925 0.050909 0.078442
v 0.386780 0.043358 0.001968
v 0.322074 0.049512 0.092531
v 0.109305 0.038372 0.147912
v 0.232446 0.051373 0.056206
v 0.196708 0.054980 0.093880
v -0.006471 0.050007 0.099788
v 0.202943 0.052726 0.042678
v 0.162323 0.055036 0.044150
v -0.016053 0.065310 0.149755
v 0.031132 0.053410 0.158051
v 0.381603 0.046323 0.138340
v 0.312240 0.051847 0.142322
v 0.109613 0.055890 -0.005555
v 0.023764 0.051173 -0.025217
v -0.051007 0.039889 -0.025835
v -0.057590 0.068031 0.324878
v 0.153864 0.047095 0.208209
v -0.047391 0.096444 0.345864
v 0.437846 0.046489 0.181298
v 0.006818 0.168858 0.424517
v 0.092602 0.068086 0.231680
v -0.034834 0.052081 0.311815
v -0.002765 0.043776 0.322469
v 0.018534 0.053069 0.267026
v 0.412762 0.039366 0.228621
v 0.354626 0.044180 0.167339
v 0.324369 0.044064 0.172102
v -0.034328 0.064273 0.177574
v 0.003018 0.056318 0.229149
v 0.290853 0.032919 0.226721
v 0.354201 0.022465 0.284858
v 0.372754 0.002741 0.365203
v 0.340543 0.009951 0.355415
v 0.420022 -0.005168 0.399354
v 0.298422 0.025716 0.290548
v 0.148192 0.100882 0.417270
v 0.075844 0.169969 0.452357
v 0.070518 0.118082 0.403430
v 0.021984 0.146960 0.418925
v 0.202109 0.132279 0.458735
v 0.261181 0.135814 0.478621
v 0.220359 0.103369 0.440960
v 0.215993 0.058366 0.395968
v 0.239130 0.042743 0.387500
v 0.182433 0.059329 0.388285
v 0.123725 0.082436 0.389067
v 0.280922 0.068327 0.426014
v 0.293804 0.128529 0.477513
v 0.329046 0.080740 0.451063
v 0.355691 0.104536 0.474948
v 0.332190 0.035992 0.404170
v 0.367512 0.040995 0.417592
v 0.348172 0.037661 0.420531
v 0.389142 0.040862 0.436685
v 0.417575 0.001683 0.415108
v 0.237907 0.044804 0.143127
v 0.352579 0.016546 0.389357
v 0.195819 0.041143 0.176472
v 0.292176 0.025855 0.344559
v 0.280885 0.024968 0.377900
v 0.274577 0.048448 0.132898
v 0.275404 0.178140 0.518796
v 0.195180 0.041874 0.201195
v 0.242422 0.036300 0.238042
v 0.167741 0.071099 0.276580
v 0.366684 0.154496 0.525105
v 0.354167 0.179898 0.539511
v 0.243020 0.051270 0.350396
v 0.225703 0.053307 0.364712
v 0.213771 0.066350 0.368613
v 0.406751 0.189244 0.566387
v 0.155592 0.054712 0.363307
v 0.042911 0.053260 0.347528
v 0.053571 0.078033 0.374002
v 0.075032 0.050461 0.352033
v 0.094596 0.046599 0.346077
v 0.129109 0.059860 0.358367
v 0.052407 0.042127 0.322825
v 0.147452 0.062581 0.327614
v 0.072534 0.048573 0.309218
v 0.265122 0.036739 0.395546
v 0.205237 0.067965 0.327054
v 0.232227 0.042991 0.268080
v 0.195142 0.056817 0.020646
v 0.124397 0.152705 -0.439228
v 0.203797 0.123836 -0.440023
v 0.130841 0.101998 -0.456863
v 0.305970 0.049579 -0.427655
v 0.298224 0.306142 -0.359103
v 0.323794 0.083914 -0.436391
v 0.295680 0.075627 -0.443768
v 0.179272 0.229079 -0.403095
v 0.181274 0.328876 -0.372298
v 0.175451 0.300817 -0.375473
v 0.004040 0.314354 -0.411740
v 0.430998 0.277651 -0.352922
v 0.413847 0.249534 -0.363188
v 0.342027 0.282657 -0.360158
v 0.325757 0.067248 -0.420105
v 0.189333 0.076491 -0.456731
v 0.337019 0.112507 -0.424810
v 0.426024 0.202733 -0.384118
v 0.361715 0.217374 -0.381433
v 0.378167 0.147579 -0.406369
v 0.367221 0.131848 -0.412916
v 0.347360 0.111008 -0.411579
v 0.266859 0.204224 -0.402041
v 0.393978 0.233007 -0.373474
v 0.048190 0.214680 -0.428320
v -0.025120 0.259544 -0.435228
v 0.012438 0.170298 -0.454170
v 0.026680 0.255103 -0.419762
v 0.426949 0.103191 -0.384984
v 0.098947 0.207169 -0.424455
v 0.360180 0.118445 -0.388619
v 0.346984 0.096554 -0.392682
v 0.415134 0.056821 -0.359326
v -0.019377 0.106008 -0.484329
v 0.347306 0.064929 -0.397943
v 0.354603 0.072422 -0.374073
v 0.394166 0.035206 -0.354819
v 0.328628 0.022787 -0.384068
v 0.343833 0.025270 -0.365645
v 0.137862 0.038451 -0.456919
v 0.122879 0.064208 -0.471399
v 0.176398 0.022003 -0.428086
v 0.150433 0.263498 -0.396385
v 0.236037 0.069213 -0.454751
v 0.233514 0.038814 -0.446283
v 0.199160 0.047126 -0.453941
v 0.222110 0.020968 -0.418775
v 0.228397 0.230924 -0.394171
v 0.053466 0.113621 -0.464129
v 0.072942 0.074895 -0.477960
v 0.119429 0.019254 -0.440031
v 0.090876 0.018405 -0.445983
v 0.097882 0.054292 -0.474952
v 0.383213 0.045969 -0.116815
v 0.348499 0.043067 -0.113618
v 0.341524 0.027711 -0.158848
v 0.330037 0.020205 -0.346242
v 0.403936 0.021423 -0.210504
v 0.389423 0.031985 -0.312809
v 0.355684 0.025023 -0.269189
v 0.242929 0.011498 -0.401874
v 0.257871 0.011388 -0.368731
v 0.314165 0.057124 -0.071911
v 0.246357 0.050784 -0.078528
v 0.280628 0.032474 -0.148427
v 0.452209 0.022374 -0.279651
v 0.420117 0.025755 -0.304017
v 0.411183 0.030575 -0.172206
v 0.259320 0.021757 -0.401252
v 0.325361 0.022197 -0.313122
v 0.304497 0.032613 -0.247526
v 0.152494 0.011371 -0.433983
v 0.334972 0.025561 -0.198437
v 0.295847 0.028278 -0.214931
v 0.021477 0.045827 -0.467133
v 0.040745 0.026978 -0.454972
v 0.003304 0.003785 -0.434218
v 0.257358 0.060915 -0.036361
v 0.441823 0.041479 -0.136582
v 0.414141 0.036123 -0.064765
v 0.363913 0.046729 -0.069737
v 0.071604 -0.001643 -0.418882
v 0.061848 0.019722 -0.441458
v -0.016580 0.046708 -0.037270
v 0.145388 -0.002427 -0.361054
v 0.164766 0.005639 -0.324038
v 0.135263 0.002393 -0.321427
v -0.016917 0.034042 -0.065816
v 0.328541 0.048651 -0.012785
v -0.005965 0.029565 -0.142033
v 0.015846 0.033050 -0.044107
v 0.406949 0.039671 -0.011910
v 0.028717 0.026120 -0.206404
v 0.034026 0.020630 -0.231677
v -0.043260 0.021975 -0.258394
v 0.164584 0.004300 -0.406391
v 0.009455 0.017882 -0.256785
v 0.250497 0.013242 -0.311813
v 0.261058 0.015800 -0.264503
v -0.017762 0.012088 -0.325218
v -0.019302 0.009655 -0.372416
v 0.121847 0.002178 -0.414055
v 0.162147 0.010166 -0.301316
v -0.027531 0.004742 -0.429159
v 0.207683 0.007902 -0.352099
v 0.188519 0.012677 -0.325366
v -0.049377 0.012815 -0.441154
v 0.184319 -0.000439 -0.386579
v 0.224332 0.006751 -0.316663
v 0.217649 0.013063 -0.281970
v 0.190808 0.006308 -0.247338
v 0.088572 0.015161 -0.279868
v 0.077934 0.000459 -0.369063
v 0.025696 -0.001583 -0.408924
v 0.040280 0.009693 -0.304011
v 0.061091 0.003312 -0.344665
v 0.048532 0.021379 -0.268655
v 0.126005 0.020418 -0.252548
v 0.178300 0.056913 -0.009166
v 0.041102 0.032213 -0.094754
v 0.054196 0.037508 -0.054572
v 0.124581 0.043573 -0.039651
v 0.083363 0.049151 -0.025152
v 0.095076 0.032297 -0.079219
v 0.113724 0.034229 -0.112245
v 0.143134 0.036855 -0.087562
v 0.234386 0.056668 -0.023037
v 0.229884 0.048415 -0.050886
v 0.180348 0.035882 -0.094882
v 0.217272 0.040802 -0.094682
v 0.047371 0.026022 -0.137421
v 0.058013 0.022292 -0.194486
v 0.109868 0.027955 -0.173540
v 0.117695 0.035931 -0.135193
v 0.186932 0.031963 -0.154069
v 0.141141 0.028416 -0.170764
v 0.119439 0.018561 -0.195979
v 0.141563 0.023789 -0.212467
v 0.097046 0.021578 -0.227683
v 0.207805 0.036818 -0.136701
v 0.178626 0.013614 -0.224057
v 0.231421 0.032582 -0.174165
v 0.207006 0.022450 -0.201244
v 0.213739 0.018909 -0.229437
v 0.420175 0.217567 0.574076
v -0.005451 0.249532 0.488203
v -0.051938 0.275165 0.490315
v -0.004395 0.213477 0.455298
v 0.346849 0.209627 0.568419
v 0.332371 0.242518 0.548034
v 0.324681 0.224461 0.562290
v 0.008294 0.219779 0.470821
v -0.023045 0.278377 0.499560
v -0.020600 0.311341 0.473343
v 0.368223 0.218010 0.569416
v 0.268841 0.404895 0.428329
v 0.187689 0.377561 0.438619
v 0.408883 0.219605 0.557674
v 0.401821 0.369311 0.467228
v 0.150174 0.377245 0.433486
v 0.342244 0.195660 0.554569
v -0.018278 0.403672 0.409226
v 0.354463 0.328767 0.482424
v 0.143110 0.287010 0.498101
v 0.169493 0.310847 0.481256
v 0.049939 0.393281 0.419043
v 0.298436 0.319468 0.485314
v 0.386437 0.267116 0.531963
v 0.398841 0.308215 0.504893
v 0.274605 0.265148 0.523021
v 0.303891 0.201875 0.548548
v 0.242153 0.263636 0.523764
v 0.047203 0.252423 0.514496
v 0.097485 0.255815 0.517631
v 0.014852 0.271368 0.502039
v 0.103752 0.212214 0.495637
v 0.167727 0.203909 0.498679
v 0.149759 0.198737 0.498346
v 0.162716 0.228125 0.517031
v 0.129001 0.236554 0.525837
v 0.098868 0.320138 0.469441
v 0.168800 0.251389 0.525624
v 0.222475 0.211630 0.536196
v 0.199149 0.194714 0.510680
v 0.270631 0.229198 0.545827
v 0.191481 0.234005 0.537380
v 0.218428 0.239801 0.525326
v 0.040165 0.348016 0.451507
v 0.135751 0.332362 0.463465
v -0.047664 0.068231 -0.495887
v 0.010390 0.069275 -0.489385
v -1.085775 0.361965 -0.090035
v -1.077173 0.370158 -0.082569
v -1.043028 0.394749 -0.134758
v -1.059058 0.354431 -0.136155
v -1.066032 0.371815 -0.124155
v -1.055894 0.404040 -0.111057
v -1.025364 0.394265 -0.167006
v -1.032970 0.112658 -0.044549
v -1.066646 0.104897 -0.080870
v -1.035971 0.405513 -0.103025
v -1.039994 0.425350 -0.068031
v -1.026476 0.134677 -0.127818
v -1.061298 0.143629 -0.097423
v -1.030261 0.166003 -0.134004
v -1.043054 0.201436 -0.124400
v -1.029795 0.066017 -0.120291
v -1.008375 0.416664 -0.095544
v -1.040422 0.314681 -0.126704
v -1.063820 0.341904 -0.119100
v -1.095297 0.254262 -0.057101
v -1.086804 0.396671 -0.062853
v -1.064196 0.221841 -0.100937
v -1.071822 0.254982 -0.089989
v -1.064924 0.279402 -0.099141
v -1.089112 0.333937 -0.088968
v -1.067696 0.293986 -0.105438
v -1.035247 0.267685 -0.139707
v -1.086963 0.277588 -0.085468
v -1.037794 0.314308 -0.140471
v -1.083959 0.165016 -0.033794
v -1.098915 0.209742 -0.045595
v -1.024197 0.293409 -0.158214
v -1.080400 0.149654 -0.061285
v 0.762009 0.180245 0.639940
v 0.729833 0.159358 0.652047
v 0.768242 0.133062 0.659648
v 0.741564 0.125730 0.658107
v 0.699744 0.154894 0.653283
v 0.673002 0.150647 0.643283
v 0.670102 0.166238 0.642604
v 0.617903 0.165079 0.630155
v 0.791476 0.142174 0.649438
v 0.880790 0.262048 0.594170
v 0.839160 0.118865 0.626639
v 0.715552 0.198885 0.623782
v 0.887009 0.206857 0.598377
v 0.903236 0.187885 0.599600
v 0.849664 0.228703 0.608133
v 0.856825 0.161429 0.610067
v 0.817043 0.127468 0.645133
v 0.816004 0.107247 0.635729
v 0.799900 0.217546 0.616227
v 0.813629 0.191888 0.625937
v 0.783686 0.095872 0.644576
v 0.577673 0.181278 0.615771
v 0.858786 0.155794 0.604549
vn -0.0015 -0.9363 -0.3511
vn -0.0339 -0.9662 -0.2556
vn 0.7094 -0.7005 -0.0779
vn 0.5713 -0.8193 -0.0484
vn 0.2191 -0.7759 -0.5916
vn 0.5412 -0.7623 -0.3550
vn 0.2130 -0.9612 -0.1751
vn 0.0720 -0.9964 0.0453
vn 0.3483 -0.9372 -0.0167
vn 0.0967 -0.9888 -0.1138
vn -0.0909 -0.9958 0.0126
vn -0.0036 -0.9965 0.0833
vn 0.5594 -0.8250 -0.0802
vn 0.0838 -0.9918 0.0963
vn 0.7199 -0.6796 -0.1409
vn 0.2636 -0.9610 -0.0835
vn 0.7369 -0.6757 -0.0196
vn 0.0195 -0.9908 -0.1342
vn -0.1023 -0.9930 -0.0593
vn 0.7506 -0.6560 -0.0792
vn 0.4391 -0.8979 -0.0293
vn 0.6916 -0.7186 -0.0730
vn 0.7173 -0.6831 -0.1369
vn -0.0896 -0.9948 -0.0492
vn -0.4791 -0.8725 -0.0959
vn -0.1008 -0.9949 0.0074
vn -0.0858 -0.9963 0.0034
vn -0.1299 -0.9887 0.0753
vn 0.3391 -0.9407 -0.0077
vn 0.7119 -0.7007 -0.0476
vn 0.7274 -0.6824 -0.0719
vn 0.0949 -0.9860 0.1374
vn 0.7131 -0.6955 -0.0879
vn -0.1305 -0.9915 -0.0002
vn -0.0268 -0.9973 0.0680
vn 0.7256 -0.6878 -0.0219
vn -0.1138 -0.9904 0.0787
vn -0.0988 -0.9912 0.0882
vn -0.0975 -0.9950 0.0224
vn 0.7166 -0.6892 -0.1074
vn -0.0791 -0.9952 0.0580
vn 0.7367 -0.6727 -0.0695
vn -0.2282 -0.9648 0.1308
vn -0.0865 -0.9943 -0.0626
vn -0.1542 -0.9876 -0.0295
vn -0.1025 -0.9926 0.0647
vn -0.0611 -0.8438 -0.5332
vn -0.0885 -0.9892 -0.1166
vn 0.0024 -0.9998 0.0200
vn 0.0549 -0.9711 0.2325
vn -0.0383 -0.9987 -0.0325
vn -0.1615 -0.9791 -0.1234
vn -0.0389 -0.9981 0.0468
vn -0.1290 -0.9884 0.0806
vn -0.0168 -0.9737 -0.2272
vn -0.0256 -0.9923 0.1210
vn -0.0875 -0.9958 -0.0275
vn -0.1364 -0.9438 -0.3009
vn 0.0892 -0.9581 0.2720
vn 0.0077 -0.7897 -0.6135
vn 0.0351 -0.4597 -0.8874
vn -0.1464 -0.6968 -0.7021
vn -0.0815 -0.8715 -0.4836
vn 0.0136 -0.7488 -0.6626
vn 0.2007 -0.9580 -0.2050
vn 0.0336 -0.9019 -0.4307
vn 0.7008 -0.7106 -0.0630
vn 0.2483 -0.9276 -0.2790
vn -0.0968 -0.9936 0.0577
vn -0.2802 -0.0370 -0.9592
vn -0.3040 0.1063 -0.9467
vn -0.3505 0.0163 -0.9364
vn 0.7447 -0.6477 -0.1610
vn 0.7334 -0.6740 -0.0890
vn 0.7072 -0.6948 -0.1306
vn 0.3881 -0.4557 -0.8011
vn 0.8203 -0.4395 -0.3660
vn 0.8664 -0.3418 -0.3641
vn -0.1817 -0.3498 -0.9190
vn 0.3728 -0.4607 -0.8055
vn 0.5607 -0.4020 -0.7239
vn -0.1145 -0.1253 -0.9855
vn -0.3007 0.0243 -0.9534
vn -0.2539 -0.0897 -0.9631
vn -0.3507 -0.1925 -0.9165
vn -0.3627 -0.6315 -0.6853
vn 0.7594 -0.4507 -0.4692
vn 0.7871 -0.4543 -0.4172
vn -0.2830 0.1313 -0.9501
vn -0.1355 -0.1705 -0.9760
vn 0.4801 -0.4885 -0.7286
vn -0.1181 -0.4409 -0.8897
vn -0.3038 0.1059 -0.9468
vn -0.4082 -0.1427 -0.9017
vn 0.7972 -0.5524 0.2434
vn 0.7009 -0.7053 -0.1063
vn 0.6926 -0.7144 -0.0994
vn -0.3657 -0.2515 -0.8961
vn -0.4188 -0.0139 -0.9080
vn 0.7120 -0.6573 -0.2470
vn 0.7059 -0.6941 -0.1412
vn 0.7053 -0.6916 -0.1556
vn 0.7975 -0.5835 -0.1536
vn 0.9649 -0.2424 0.1009
vn 0.8320 -0.5050 -0.2294
vn 0.8819 -0.4514 0.1362
vn -0.2359 -0.0066 -0.9718
vn 0.9829 -0.1622 0.0875
vn 0.9563 -0.2847 -0.0668
vn 0.9621 -0.2630 0.0717
vn 0.6182 -0.7860 0.0084
vn 0.8376 -0.5454 -0.0316
vn 0.8362 -0.5310 -0.1369
vn 0.3778 -0.5672 -0.7318
vn 0.9586 -0.2837 -0.0251
vn 0.8397 -0.5015 -0.2086
vn -0.0243 -0.0481 -0.9985
vn -0.0217 -0.2627 -0.9646
vn 0.8818 -0.4401 -0.1695
vn 0.9131 -0.1967 -0.3571
vn 0.8489 -0.5086 -0.1436
vn 0.8318 -0.5354 -0.1463
vn 0.8919 -0.4378 -0.1136
vn 0.9236 -0.2833 -0.2582
vn 0.8652 -0.4898 -0.1071
vn 0.8288 -0.5486 -0.1096
vn 0.1744 -0.2253 -0.9585
vn 0.6516 -0.5676 -0.5033
vn 0.4693 -0.6243 -0.6245
vn 0.7669 -0.6417 -0.0088
vn 0.6478 -0.7612 0.0315
vn 0.7040 -0.7011 -0.1133
vn 0.8127 -0.5634 -0.1487
vn 0.9291 -0.1139 -0.3518
vn 0.8395 -0.4633 -0.2839
vn 0.7378 -0.6174 -0.2729
vn 0.6071 -0.5069 -0.6120
vn 0.6890 -0.7103 -0.1440
vn 0.6042 -0.5586 -0.5682
vn 0.7404 -0.6592 -0.1311
vn 0.4935 -0.3179 -0.8096
vn 0.3840 -0.3955 -0.8343
vn -0.0409 -0.0917 -0.9949
vn 0.7724 -0.5124 -0.3753
vn 0.6757 -0.7334 -0.0740
vn 0.6538 -0.7481 -0.1140
vn 0.6891 -0.7189 -0.0915
vn 0.6366 -0.7573 -0.1462
vn 0.6103 -0.7869 -0.0914
vn 0.6826 -0.7263 -0.0816
vn 0.6756 -0.7350 -0.0584
vn 0.6399 -0.7674 -0.0406
vn 0.9087 -0.2915 -0.2989
vn 0.6747 -0.7328 -0.0889
vn 0.6494 -0.7535 -0.1027
vn 0.6132 -0.7775 -0.1395
vn 0.8957 -0.4286 -0.1181
vn 0.6844 -0.7279 -0.0422
vn 0.9133 -0.3714 -0.1673
vn 0.9978 0.0053 0.0658
vn 0.9706 -0.2260 -0.0830
vn 0.9217 -0.3652 -0.1312
vn 0.6936 -0.7176 -0.0631
vn 0.6784 -0.7268 -0.1078
vn 0.7097 -0.7005 -0.0752
vn 0.9100 -0.4084 -0.0722
vn 0.6558 -0.7543 -0.0294
vn 0.9527 -0.2526 -0.1690
vn 0.9779 -0.2067 0.0325
vn 0.9768 -0.0485 -0.2084
vn 0.0416 0.1057 -0.9935
vn 0.7069 -0.6808 -0.1918
vn 0.7105 -0.7015 -0.0562
vn 0.6488 -0.7496 -0.1309
vn 0.8857 -0.4105 -0.2169
vn 0.7455 -0.6199 -0.2449
vn 0.6872 -0.7225 0.0761
vn 0.6895 -0.7118 -0.1338
vn 0.6541 -0.7532 -0.0698
vn 0.6395 -0.7616 -0.1047
vn 0.6579 -0.7514 -0.0510
vn 0.6402 -0.7640 -0.0807
vn 0.6874 -0.7260 -0.0208
vn 0.6199 -0.7741 -0.1287
vn 0.8115 -0.5705 -0.1264
vn 0.9882 -0.1277 -0.0842
vn 0.8599 -0.5104 -0.0102
vn 0.9088 -0.4085 -0.0851
vn 0.6865 -0.5946 -0.4185
vn 0.6737 -0.7012 -0.2334
vn 0.6964 -0.6134 -0.3724
vn 0.7186 -0.6551 -0.2333
vn 0.7687 -0.6139 -0.1798
vn 0.7700 -0.6379 0.0139
vn 0.7511 -0.6538 -0.0922
vn -0.3404 0.0680 -0.9378
vn -0.0760 0.2373 -0.9685
vn 0.4897 0.2375 -0.8389
vn 0.5356 0.3012 -0.7889
vn 0.6217 0.3451 -0.7031
vn 0.6469 0.3408 -0.6822
vn -0.2726 0.1984 -0.9414
vn 0.1271 0.3712 -0.9198
vn 0.6621 0.3205 -0.6774
vn 0.4054 0.4055 -0.8193
vn 0.5344 0.2093 -0.8189
vn 0.4899 0.3282 -0.8077
vn 0.3958 0.2025 -0.8957
vn -0.0014 0.2604 -0.9655
vn 0.7437 0.3306 -0.5811
vn 0.0288 0.2829 -0.9587
vn 0.2086 0.4382 -0.8744
vn -0.0390 0.2177 -0.9752
vn -0.1776 0.2648 -0.9478
vn -0.2511 0.1888 -0.9494
vn -0.0396 -0.0400 -0.9984
vn -0.0868 0.2169 -0.9723
vn 0.0168 0.4252 -0.9049
vn 0.0603 0.3871 -0.9201
vn 0.0028 0.3728 -0.9279
vn 0.1206 0.3738 -0.9197
vn -0.0349 0.2336 -0.9717
vn 0.2816 -0.2103 -0.9362
vn 0.0757 -0.4063 -0.9106
vn 0.0592 0.1525 -0.9865
vn 0.0645 0.3030 -0.9508
vn -0.0871 -0.1508 -0.9847
vn 0.3024 -0.0532 -0.9517
vn 0.0498 0.0483 -0.9976
vn 0.0199 0.4298 -0.9027
vn 0.4283 0.3710 -0.8240
vn 0.6056 -0.2332 -0.7609
vn 0.3267 0.2738 -0.9046
vn -0.0449 -0.5263 -0.8491
vn 0.7326 0.3531 -0.5819
vn -0.0622 -0.1539 -0.9861
vn -0.0138 -0.0903 -0.9958
vn 0.2402 -0.4190 -0.8757
vn 0.6622 0.0834 -0.7447
vn 0.4729 0.3060 -0.8263
vn -0.1007 -0.7233 -0.6831
vn 0.5696 -0.8124 0.1247
vn 0.6541 -0.7562 -0.0169
vn 0.6802 -0.7328 -0.0153
vn -0.3185 -0.5870 0.7443
vn -0.3065 -0.6223 0.7203
vn -0.3301 -0.6181 0.7134
vn 0.7691 -0.6389 0.0185
vn 0.7064 -0.7044 -0.0687
vn 0.6778 -0.7279 -0.1035
vn -0.2852 -0.6374 0.7158
vn -0.2406 -0.6103 0.7548
vn -0.2288 -0.6714 0.7049
vn 0.7970 -0.6040 -0.0014
vn 0.7392 -0.6729 -0.0268
vn 0.6941 -0.7199 -0.0082
vn 0.7415 -0.6643 -0.0936
vn 0.6927 -0.7022 -0.1645
vn 0.7489 -0.6605 -0.0535
vn 0.6731 -0.7209 -0.1651
vn -0.3125 -0.6330 0.7083
vn 0.6899 -0.7213 -0.0615
vn 0.7361 -0.6556 -0.1683
vn 0.5767 -0.7465 0.3319
vn 0.5437 -0.8378 0.0509
vn 0.5118 -0.7919 0.3331
vn -0.2561 -0.5857 0.7690
vn -0.2289 -0.5625 0.7945
vn -0.2375 -0.6598 0.7129
vn 0.6308 -0.7561 -0.1744
vn 0.7056 -0.7003 0.1078
vn -0.2977 -0.6093 0.7350
vn -0.1499 -0.9372 0.3148
vn 0.6621 -0.7403 -0.1165
vn -0.2544 -0.7417 0.6206
vn -0.3146 -0.5496 0.7739
vn -0.1614 -0.8524 0.4974
vn 0.0138 -0.9837 0.1793
vn 0.0896 -0.9890 -0.1176
vn -0.1975 -0.8613 0.4681
vn 0.0177 -0.9755 -0.2193
vn 0.0594 -0.9616 -0.2681
vn 0.7169 -0.6913 -0.0903
vn -0.4056 -0.1436 0.9027
vn -0.2259 -0.2056 0.9522
vn 0.4350 -0.8932 -0.1143
vn -0.0343 -0.9887 -0.1462
vn 0.4400 -0.7982 0.4114
vn 0.6350 -0.7671 -0.0913
vn 0.6134 -0.7653 0.1952
vn 0.5722 -0.8106 -0.1241
vn 0.5836 -0.8120 -0.0094
vn -0.2771 -0.2120 0.9372
vn 0.1889 -0.9793 -0.0734
vn 0.6351 -0.7707 -0.0515
vn 0.5870 -0.7951 -0.1525
vn 0.6757 -0.7079 -0.2059
vn -0.1224 -0.9885 -0.0887
vn -0.0035 -0.9938 -0.1109
vn 0.3425 -0.9312 -0.1245
vn 0.5190 -0.8520 -0.0685
vn 0.0542 -0.9785 -0.1991
vn -0.0203 -0.9901 -0.1392
vn 0.0371 -0.9794 -0.1983
vn 0.6299 -0.7710 -0.0941
vn 0.6189 -0.7738 0.1351
vn 0.4609 -0.8494 -0.2573
vn 0.6113 -0.7843 -0.1055
vn 0.1196 -0.9539 -0.2751
vn 0.1165 -0.9921 0.0459
vn 0.7861 -0.5805 0.2124
vn 0.6517 -0.5949 0.4705
vn 0.6190 -0.7731 -0.1382
vn 0.1142 -0.7575 0.6427
vn -0.3698 -0.6309 0.6820
vn 0.8823 -0.4280 0.1957
vn 0.9168 -0.3961 0.0500
vn -0.4036 -0.6213 0.6717
vn 0.0190 -0.9792 -0.2022
vn 0.2888 -0.0938 0.9528
vn 0.3694 -0.2835 0.8850
vn 0.4622 -0.5211 0.7175
vn 0.3499 -0.9331 0.0825
vn 0.0694 -0.9953 -0.0674
vn 0.3686 -0.6952 0.6171
vn 0.4650 -0.6463 0.6050
vn -0.0241 -0.9990 0.0381
vn 0.3650 -0.6309 0.6847
vn 0.6869 -0.6566 0.3115
vn 0.5475 -0.6782 0.4901
vn -0.1630 -0.8815 0.4432
vn 0.4860 -0.8111 0.3254
vn 0.7463 -0.6655 0.0093
vn 0.7330 -0.6758 -0.0768
vn 0.2886 -0.9571 0.0260
vn 0.6838 -0.7177 -0.1313
vn 0.6847 -0.6982 -0.2091
vn 0.6165 -0.7811 -0.0994
vn 0.7185 -0.6896 -0.0908
vn 0.4097 -0.9061 0.1056
vn 0.7967 -0.6030 -0.0401
vn 0.6925 -0.7172 -0.0777
vn -0.0872 -0.9862 0.1405
vn -0.0545 -0.9902 0.1284
vn -0.0747 -0.9801 0.1841
vn 0.0556 -0.9888 -0.1387
vn 0.0336 -0.9971 -0.0679
vn 0.0160 -0.9930 -0.1172
vn -0.1315 -0.9912 0.0172
vn 0.6886 -0.7238 -0.0438
vn 0.0612 -0.9771 -0.2040
vn -0.0828 -0.9907 0.1084
vn 0.7516 -0.6579 -0.0479
vn -0.1084 -0.9932 -0.0424
vn 0.0441 -0.9983 -0.0371
vn -0.0154 -0.9983 -0.0556
vn -0.0500 -0.9966 -0.0659
vn -0.0445 -0.9951 -0.0885
vn -0.0679 -0.9973 -0.0287
vn 0.7119 -0.6928 -0.1149
vn 0.5070 -0.8607 -0.0464
vn -0.0590 -0.9982 0.0145
vn 0.7065 -0.6961 -0.1278
vn 0.6740 -0.7266 -0.1333
vn 0.3232 -0.9377 -0.1272
vn 0.0903 -0.9947 0.0500
vn 0.0481 -0.9919 0.1179
vn -0.0537 -0.9966 0.0626
vn -0.0378 -0.9983 -0.0434
vn -0.0621 -0.9858 0.1560
vn 0.6925 -0.7210 -0.0252
vn 0.7786 -0.6236 -0.0698
vn -0.0380 -0.9958 0.0839
vn 0.0293 -0.9948 0.0970
vn 0.0157 -0.9900 0.1403
vn -0.0425 -0.9932 -0.1085
vn -0.0278 -0.9996 -0.0103
vn -0.0637 -0.9977 0.0214
vn -0.0877 -0.9960 0.0142
vn -0.0858 -0.9922 0.0901
vn -0.0239 -0.9997 -0.0012
vn 0.0051 -0.9807 0.1955
vn 0.5936 -0.8047 -0.0055
vn -0.0086 -1.0000 0.0028
vn 0.7060 -0.7026 -0.0892
vn 0.6564 -0.7390 -0.1516
vn 0.6272 -0.7782 -0.0321
vn -0.0389 -0.9992 0.0040
vn 0.6737 -0.7365 -0.0607
vn 0.2432 -0.9624 -0.1209
vn -0.0534 -0.9978 -0.0404
vn 0.5189 0.7909 0.3245
vn 0.4205 0.7811 0.4616
vn 0.6254 0.7384 0.2522
vn 0.3076 0.8852 0.3489
vn 0.3623 0.8552 0.3706
vn 0.2565 0.8656 0.4300
vn 0.1746 0.8242 0.5388
vn 0.9789 0.0454 0.1992
vn 0.6870 0.6657 0.2915
vn 0.8146 0.5079 0.2800
vn 0.3215 0.8140 0.4838
vn 0.6846 0.6536 0.3228
vn 0.6003 0.7486 0.2814
vn 0.9724 -0.0340 0.2310
vn -0.1405 0.5390 0.8305
vn -0.1079 0.5390 0.8354
vn 0.7785 -0.6251 0.0567
vn 0.6053 -0.7735 -0.1880
vn 0.8220 -0.5302 -0.2078
vn 0.6106 -0.7831 -0.1175
vn 0.6893 -0.7243 0.0124
vn 0.6391 0.7096 0.2967
vn 0.7799 -0.6124 -0.1293
vn 0.4760 0.7947 0.3766
vn 0.2978 0.8546 0.4254
vn 0.3588 -0.1392 0.9230
vn 0.9574 -0.1811 0.2250
vn 0.6797 -0.7335 -0.0037
vn 0.8282 0.3062 0.4693
vn 0.8586 -0.2654 0.4387
vn 0.1899 0.8318 0.5216
vn 0.4930 -0.0037 0.8700
vn -0.1411 0.5296 0.8364
vn -0.0933 0.4738 0.8757
vn 0.4161 0.3658 0.8325
vn 0.6894 0.6635 0.2906
vn -0.0011 0.6954 0.7187
vn 0.0643 0.7377 0.6720
vn 0.0310 0.7418 0.6699
vn 0.1001 0.5526 0.8274
vn 0.2344 0.8469 0.4773
vn 0.6662 0.5836 0.4644
vn 0.6542 -0.7331 -0.1860
vn 0.4767 0.8140 0.3319
vn 0.4080 0.8380 0.3623
vn 0.8233 -0.5118 -0.2453
vn 0.7295 -0.5947 -0.3379
vn 0.9739 -0.1815 -0.1360
vn 0.8447 -0.5060 -0.1745
vn 0.9215 -0.3804 -0.0785
vn 0.9558 -0.2095 -0.2063
vn 0.9954 -0.0864 0.0403
vn 0.8221 -0.5654 0.0664
vn 0.7871 -0.6140 -0.0581
vn 0.6885 -0.7207 -0.0812
vn 0.5207 -0.7668 -0.3753
vn 0.7230 -0.6293 -0.2849
vn 0.6429 -0.7645 0.0465
vn 0.7053 -0.7087 -0.0175
vn 0.6583 -0.7512 -0.0488
vn 0.7707 -0.6051 -0.1997
vn 0.6993 -0.7148 -0.0020
vn 0.9825 -0.0244 -0.1846
vn 0.8564 -0.4929 -0.1536
vn 0.8557 -0.4200 -0.3025
vn 0.6738 -0.7222 -0.1561
vn 0.7022 -0.7069 -0.0847
vn 0.7077 -0.7001 -0.0954
vn 0.6076 -0.7898 -0.0840
vn 0.6109 -0.7683 -0.1910
vn 0.6421 -0.7559 -0.1274
vn 0.6871 -0.7176 -0.1140
vn 0.5801 -0.7921 -0.1899
vn 0.5992 -0.8006 -0.0031
vn 0.9672 -0.1472 -0.2070
vn 0.5955 -0.7952 -0.1137
vn 0.5854 -0.8011 -0.1250
vn 0.6280 -0.7782 0.0014
vn 0.6802 -0.7263 -0.0988
vn 0.9002 0.2843 0.3297
vn 0.8227 -0.5563 -0.1172
vn 0.9095 -0.3494 0.2251
vn 0.7860 0.3846 0.4840
vn 0.7236 0.4079 0.5568
vn 0.5863 0.6926 0.4202
vn 0.7354 -0.6733 -0.0771
vn 0.9150 -0.3827 0.1278
vn 0.6787 -0.7326 -0.0526
vn 0.9411 0.1473 0.3043
vn 0.6304 -0.7755 -0.0348
vn 0.6323 -0.7736 -0.0410
vn 0.6859 -0.7187 -0.1141
vn 0.5451 -0.8383 0.0067
vn 0.6853 -0.7057 -0.1797
vn 0.6935 -0.7159 -0.0813
vn 0.5869 -0.8077 -0.0561
vn 0.7702 0.4723 0.4286
vn 0.5295 0.6785 0.5091
vn 0.6354 -0.7560 -0.1571
vn -0.1254 0.5029 0.8552
vn -0.1221 0.5593 0.8199
vn -0.0419 0.4379 0.8981
vn -0.0891 0.5816 0.8086
vn -0.1176 0.5948 0.7952
vn 0.2204 0.8553 0.4689
vn 0.1938 0.8213 0.5365
vn -0.1073 0.5104 0.8532
vn 0.0482 0.6912 0.7211
vn 0.2092 0.8158 0.5392
vn 0.1030 0.7515 0.6517
vn 0.0211 0.5879 0.8087
vn -0.1170 0.5036 0.8560
vn -0.1235 0.4379 0.8905
vn 0.0684 0.7700 0.6344
vn -0.0617 0.5181 0.8531
vn -0.0144 0.6674 0.7445
vn -0.1102 0.5037 0.8568
vn -0.1033 0.5316 0.8407
vn -0.1533 0.4998 0.8525
vn 0.0922 0.7911 0.6047
vn 0.0168 0.7059 0.7081
vn -0.0857 0.5847 0.8067
vn -0.1000 0.5094 0.8547
vn -0.0375 0.6958 0.7172
vn -0.0826 0.5753 0.8137
vn -0.1000 0.5102 0.8543
vn -0.1208 0.5257 0.8420
vn -0.0839 0.5183 0.8511
vn -0.1006 0.5258 0.8446
vn 0.9999 0.0003 0.0121
vn 0.7747 0.5681 0.2777
vn 0.4875 0.7211 0.4923
vn 0.4487 0.7709 0.4520
vn 0.7962 0.5463 0.2599
vn 0.6552 0.6703 0.3486
vn 0.6424 0.6664 0.3785
vn 0.5940 0.7453 0.3028
vn 0.4272 0.8212 0.3784
vn 0.3653 0.8336 0.4144
vn 0.5991 -0.7999 -0.0341
vn 0.6122 -0.7777 -0.1425
vn 0.6712 -0.7401 0.0417
vn 0.6525 -0.7541 -0.0748
vn 0.9298 0.3679 0.0114
vn 0.3802 0.8455 0.3748
vn 0.5878 -0.8019 -0.1074
vn 0.5671 -0.8235 -0.0139
vn 0.5729 -0.8126 -0.1066
vn 0.6282 -0.7312 -0.2658
vn 0.6966 0.6375 0.3291
vn 0.6630 -0.7420 -0.0995
vn 0.5832 -0.7895 -0.1912
vn 0.6076 -0.7649 -0.2137
vn 0.6125 0.4897 -0.6205
vn 0.5945 0.4498 -0.6665
vn -0.0036 0.7215 -0.6924
vn -0.4853 0.3438 -0.8039
vn 0.6183 0.4426 -0.6494
vn 0.7404 -0.2496 -0.6241
vn 0.7529 0.1773 -0.6338
vn 0.5620 0.5172 -0.6455
vn 0.3206 0.3210 -0.8912
vn -0.1412 0.5909 -0.7943
vn 0.4842 0.5026 -0.7162
vn 0.5552 0.5047 -0.6611
vn 0.5965 0.4316 -0.6767
vn 0.8433 -0.4881 -0.2251
vn 0.8123 -0.3201 -0.4876
vn 0.6061 0.1910 -0.7721
vn 0.8582 -0.3247 -0.3977
vn 0.7812 -0.6182 -0.0871
vn 0.5823 -0.7329 -0.3519
vn 0.7439 -0.5269 -0.4111
vn 0.5421 -0.8212 -0.1782
vn 0.8048 -0.5774 0.1375
vn 0.6759 -0.6514 -0.3447
vn 0.6117 -0.7907 -0.0248
vn 0.6816 -0.6725 -0.2883
vn 0.3924 0.4987 -0.7729
vn 0.3562 0.4340 -0.8275
vn -0.1389 -0.1163 -0.9835
vn -0.1991 0.2728 -0.9412
vn -0.0988 0.3622 -0.9269
vn 0.3149 0.5896 -0.7438
vn -0.6133 0.2856 -0.7364
vn -0.5050 0.2887 -0.8134
vn -0.3205 0.6086 -0.7259
vn 0.4293 0.5865 -0.6868
vn -0.4132 -0.1356 -0.9005
vn 0.4665 0.5903 -0.6588
vn 0.1188 0.6140 -0.7803
vn 0.6031 0.4663 -0.6471
vn -0.2968 0.3674 -0.8814
vn -0.1757 0.1501 -0.9729
vn -0.1919 0.2587 -0.9467
vn 0.5617 0.4588 -0.6885
vn 0.1117 0.6387 -0.7613
vn 0.1078 0.3543 -0.9289
vn -0.0718 0.6409 -0.7643
vn -0.4663 0.1105 -0.8777
vn 0.3426 0.7296 -0.5919
vn -0.4976 0.3383 -0.7987
vn -0.2853 0.3868 -0.8769
vn -0.5484 0.2888 -0.7848
vn -0.3099 0.1004 -0.9455
vn -0.1530 -0.0566 -0.9866
vn -0.4363 0.4964 -0.7505
vn -0.4361 0.1847 -0.8807
vn -0.3532 0.3676 -0.8603
vn -0.3608 0.2005 -0.9108
vn -0.0348 0.6519 -0.7575
vn 0.2020 0.5658 -0.7994
vn 0.6079 0.4469 -0.6563
vn 0.6003 0.4796 -0.6400
vn 0.5278 0.5705 -0.6293
vn 0.3007 0.7435 -0.5973
vn -0.3647 0.1701 -0.9155
vn 0.4578 -0.1775 -0.8712
vn 0.6062 0.4563 -0.6514
vn 0.7959 -0.5564 -0.2385
vn -0.5755 0.2205 -0.7875
vn 0.2237 0.7174 -0.6598
vn -0.0127 0.0156 -0.9998
vn 0.4799 0.6914 0.5400
vn 0.4259 0.7327 0.5308
vn 0.1538 0.0314 -0.9876
vn 0.5854 -0.8086 0.0601
vn 0.4981 0.7313 0.4659
vn 0.6067 -0.7854 -0.1226
vn 0.6604 0.5934 0.4601
vn 0.3824 0.7830 -0.4906
vn -0.0354 0.3075 -0.9509
vn 0.7624 -0.6467 0.0237
vn 0.7364 -0.6629 -0.1356
vn 0.8889 -0.4459 -0.1055
vn -0.2600 0.1402 -0.9554
vn 0.2985 -0.0573 -0.9527
vn 0.5604 -0.4934 -0.6652
vn -0.0012 -0.3527 -0.9357
vn 0.3638 -0.6035 -0.7095
vn -0.3347 -0.4619 -0.8213
vn 0.5629 -0.8088 -0.1704
vn 0.5359 -0.8388 0.0963
vn -0.4253 -0.5483 -0.7200
vn -0.5895 -0.0075 -0.8077
vn -0.5164 0.0345 -0.8557
vn 0.5594 0.6916 0.4569
vn 0.5893 0.4722 -0.6555
vn -0.5083 0.0817 -0.8573
vn 0.6369 -0.7708 -0.0149
vn 0.6195 -0.7812 -0.0769
vn 0.5047 0.5548 -0.6614
vn 0.7952 -0.6049 -0.0407
vn 0.7938 -0.6059 -0.0515
vn 0.4097 0.6386 -0.6515
vn 0.8970 -0.4401 0.0399
vn 0.8553 -0.5025 0.1264
vn 0.6192 -0.7304 -0.2883
vn 0.5642 0.4607 -0.6851
vn 0.3082 0.7997 -0.5152
vn 0.7540 -0.6569 0.0051
vn 0.3690 0.8174 0.4424
vn 0.3339 0.7472 0.5747
vn 0.3096 0.7579 0.5742
vn 0.5300 0.6831 0.5025
vn 0.6267 0.6104 0.4844
vn 0.6031 0.5904 0.5364
vn 0.5412 0.6139 0.5747
vn 0.4528 0.6858 0.5698
vn 0.5907 0.5455 0.5946
vn 0.4412 0.7174 0.5391
vn 0.2425 0.7747 0.5840
vn 0.4621 0.6852 0.5630
vn 0.2749 0.7773 0.5659
vn 0.3330 0.7897 0.5153
vn 0.2130 0.7932 0.5705
vn -0.0123 0.8707 0.4916
vn 0.0913 0.8934 0.4398
vn 0.0593 0.9321 0.3572
vn 0.1577 0.8669 0.4728
vn 0.0109 0.8972 0.4416
vn 0.1394 0.8576 0.4951
vn 0.2852 0.8235 0.4904
vn -0.1120 0.8601 0.4977
vn 0.4471 0.7069 0.5480
vn 0.4651 0.6826 0.5637
vn 0.4258 0.7005 0.5728
vn 0.5728 0.7190 0.3936
vn 0.7178 0.3881 0.5781
vn 0.8931 -0.3984 -0.2087
vn 0.3007 0.7530 0.5852
vn 0.6598 -0.7502 -0.0445
vn 0.1790 0.9015 0.3940
vn 0.2732 0.8560 0.4389
vn 0.3307 0.7856 0.5230
vn 0.3565 0.8666 0.3491
vn 0.4815 0.7232 0.4952
vn 0.2585 0.8271 0.4991
vn 0.0645 0.7530 0.6548
vn -0.0366 0.6818 0.7306
vn 0.2615 0.8001 0.5399
vn -0.0469 0.7188 0.6936
vn 0.2733 0.9115 0.3075
vn 0.3268 0.8731 0.3618
vn 0.3210 0.8420 0.4335
vn 0.2161 0.8746 0.4340
vn 0.2067 0.9242 0.3212
vn 0.1214 0.8867 0.4461
vn 0.1448 0.8291 0.5401
vn 0.2563 0.7871 0.5610
vn 0.4895 0.6964 0.5248
vn 0.3722 0.8152 0.4437
vn 0.2175 0.7818 0.5844
vn 0.4221 0.7778 0.4656
vn 0.3709 0.7635 0.5287
vn 0.3573 0.7560 0.5485
vn 0.3985 0.7395 0.5426
vn 0.1865 0.8002 0.5700
vn 0.3643 0.7719 0.5210
vn 0.3158 0.8442 0.4331
vn 0.1550 0.8319 0.5329
vn 0.1200 0.8084 0.5763
vn 0.1984 0.8467 0.4936
vn 0.1730 0.8729 0.4562
vn 0.2518 0.8532 0.4568
vn 0.0363 0.7632 0.6452
vn 0.1312 0.8856 0.4456
vn 0.2069 0.8335 0.5124
vn 0.1822 0.9004 0.3950
vn 0.0366 0.9570 0.2879
vn -0.0265 0.9257 0.3773
vn -0.1383 0.9398 0.3126
vn 0.2247 0.8227 0.5222
vn -0.0750 0.9761 0.2040
vn 0.0232 0.9216 0.3875
vn 0.0333 0.9391 0.3421
vn -0.0245 0.9115 0.4107
vn 0.0232 0.9075 0.4193
vn -0.0909 0.8793 0.4676
vn 0.0025 0.9373 0.3484
vn -0.0826 0.9338 0.3482
vn 0.1567 0.9504 0.2687
vn -0.0341 0.7097 0.7037
vn -0.1257 0.5153 0.8477
vn -0.0457 0.7742 0.6313
vn 0.0981 0.7736 0.6260
vn 0.0445 0.8067 0.5893
vn 0.0507 0.8553 0.5157
vn 0.0333 0.8070 0.5897
vn 0.1332 0.7750 0.6178
vn 0.0966 0.8415 0.5315
vn 0.1462 0.9326 0.3301
vn 0.1878 0.9303 0.3152
vn -0.0268 0.8813 0.4717
vn 0.1132 0.8578 0.5013
vn -0.0597 0.7915 0.6082
vn 0.0090 0.8717 0.4899
vn 0.0944 0.6344 0.7673
vn 0.1295 0.7830 0.6084
vn 0.2171 0.8508 0.4786
vn 0.0901 0.8915 0.4440
vn 0.1746 0.9725 0.1543
vn 0.0297 0.9056 0.4231
vn 0.1935 0.9698 0.1488
vn 0.0061 0.8465 0.5324
vn 0.1517 0.9608 0.2319
vn 0.2073 0.9681 0.1407
vn 0.1192 0.9469 0.2985
vn 0.1271 0.9265 0.3542
vn 0.0601 0.7965 0.6017
vn 0.0206 0.9538 0.2999
vn 0.0866 0.9555 0.2818
vn 0.0343 0.9243 0.3800
vn -0.0286 0.9287 0.3698
vn -0.0155 0.8447 0.5350
vn 0.1069 0.8254 0.5544
vn 0.0863 0.8392 0.5370
vn -0.0480 0.8510 0.5230
vn 0.0263 0.8729 0.4873
vn 0.0749 0.9110 0.4055
vn 0.0553 0.9600 0.2743
vn 0.1631 0.9092 0.3832
vn 0.1072 0.8182 0.5648
vn -0.0183 0.8662 0.4993
vn -0.0688 0.8747 0.4798
vn -0.0563 0.9232 0.3801
vn -0.1000 0.8715 0.4801
vn -0.0880 0.8349 0.5434
vn -0.0777 0.8482 0.5239
vn -0.0950 0.8520 0.5149
vn -0.1048 0.8241 0.5566
vn -0.0897 0.8162 0.5707
vn -0.0528 0.8833 0.4659
vn 0.0038 0.9100 0.4146
vn -0.0787 0.8432 0.5319
vn -0.0807 0.9034 0.4212
vn -0.1804 0.5469 -0.8176
vn -0.1266 0.7539 -0.6447
vn -0.0020 0.7042 -0.7100
vn 0.1517 0.5581 -0.8158
vn -0.0548 0.4793 -0.8759
vn -0.0578 0.5899 -0.8054
vn 0.1196 0.7824 -0.6112
vn 0.2469 0.8011 -0.5452
vn 0.5473 0.8361 -0.0369
vn 0.5436 0.8385 -0.0375
vn 0.6307 0.7496 0.2007
vn 0.4327 0.7627 -0.4806
vn 0.0615 0.5736 -0.8168
vn -0.0483 0.7079 -0.7046
vn 0.5294 0.7472 -0.4019
vn 0.5046 0.6136 -0.6074
vn 0.0236 0.6557 -0.7546
vn -0.1680 0.9562 -0.2398
vn 0.4082 0.7137 -0.5692
vn 0.3636 0.8439 -0.3945
vn 0.5813 0.7300 -0.3595
vn 0.0278 0.9805 -0.1946
vn 0.0213 0.9945 0.1027
vn 0.4519 0.6736 -0.5848
vn 0.4181 0.8430 -0.3385
vn 0.2597 0.7954 -0.5477
vn 0.3760 0.7700 0.5154
vn 0.4126 0.6732 -0.6137
vn 0.3803 0.7246 -0.5748
vn -0.1646 0.6292 -0.7596
vn -0.2045 0.2969 -0.9328
vn -0.0071 0.7883 -0.6152
vn 0.4134 0.8823 0.2251
vn 0.2162 0.7353 -0.6423
vn 0.3210 0.6352 -0.7025
vn 0.4653 0.5934 -0.6568
vn 0.0825 0.7312 -0.6771
vn 0.3458 0.7542 -0.5582
vn -0.0205 0.9557 -0.2935
vn 0.2547 0.9670 -0.0056
vn -0.1085 0.8924 0.4381
vn 0.0394 0.8760 0.4807
vn -0.1992 0.8557 0.4775
vn -0.1176 0.9149 0.3862
vn -0.0183 0.8219 0.5694
vn -0.0005 0.9109 0.4127
vn 0.2177 0.8022 0.5560
vn 0.2363 0.7502 0.6176
vn 0.0730 0.8887 0.4526
vn -0.5216 0.5744 -0.6309
vn -0.2094 0.7842 -0.5841
vn -0.1779 0.9837 -0.0250
vn -0.4439 0.4290 -0.7867
vn -0.3916 0.2872 -0.8742
vn -0.7318 0.1885 -0.6550
vn -0.4651 0.1755 -0.8677
vn -0.4226 0.3310 -0.8437
vn -0.7514 0.2741 -0.6001
vn -0.3071 0.2498 -0.9183
vn -0.5587 0.4383 -0.7041
vn -0.2327 0.2701 -0.9343
vn -0.1586 0.1900 -0.9689
vn -0.3138 0.2662 -0.9114
vn -0.6212 0.1843 -0.7617
vn 0.1172 0.3863 -0.9149
vn 0.2136 0.3069 -0.9274
vn -0.1010 0.9177 0.3843
vn 0.1058 0.3219 -0.9409
vn 0.1192 0.3810 -0.9169
vn 0.1277 0.3997 -0.9077
vn 0.1586 0.3546 -0.9215
vn 0.0794 -0.0167 -0.9967
vn 0.1308 0.3207 -0.9381
vn -0.2698 0.3002 -0.9149
vn -0.4785 0.1635 -0.8627
vn 0.0976 0.4077 -0.9079
vn 0.0743 0.3378 -0.9383
vn -0.3173 0.3695 -0.8734
vn -0.1481 0.9318 0.3314
vn -0.5607 0.2098 -0.8010
vn -0.4689 0.3377 -0.8162
vn 0.1100 0.3816 -0.9178
vn 0.1459 0.3235 -0.9349
vn 0.1083 0.2919 -0.9503
vn 0.1378 0.3016 -0.9434
vn 0.1445 0.3717 -0.9171
vn -0.2578 0.1928 -0.9468
vn 0.1268 0.4326 -0.8926
vn -0.1947 0.3207 -0.9269
vn -0.6086 0.1682 -0.7755
vn -0.6346 0.2007 -0.7463
vn -0.5869 0.3013 -0.7515
vn -0.6956 0.1797 -0.6956
vn -0.6327 0.3110 -0.7092
vn -0.5891 0.1724 -0.7895
vn -0.3498 0.1388 -0.9265
vn 0.0268 0.9286 -0.3702
vn -0.0095 0.9650 -0.2621
vn -0.4631 0.1902 -0.8657
vn -0.2053 0.9243 -0.3217
vn 0.0853 0.5879 -0.8044
vn -0.0149 0.9449 0.3271
vn 0.0827 0.0973 -0.9918
vn 0.1156 0.2025 -0.9724
vn -0.8454 0.1341 -0.5170
vn -0.8998 0.2019 -0.3867
vn -0.8878 0.1223 -0.4437
vn -0.8560 -0.0399 -0.5155
vn -0.1357 -0.9312 -0.3384
vn -0.1187 -0.9391 -0.3225
vn -0.8199 0.1497 -0.5526
vn -0.8166 0.1233 -0.5639
vn -0.8815 0.1509 -0.4474
vn -0.8830 0.1311 -0.4508
vn -0.8670 0.1020 -0.4877
vn -0.0509 -0.9448 -0.3236
vn -0.0750 -0.9556 -0.2849
vn -0.2062 -0.7601 -0.6163
vn -0.6122 0.1334 -0.7793
vn -0.7472 0.1256 -0.6526
vn -0.8298 0.1906 -0.5245
vn -0.8280 0.1033 -0.5512
vn -0.7039 0.1638 -0.6912
vn -0.7792 0.1663 -0.6043
vn -0.8421 0.1008 -0.5298
vn -0.8356 0.0682 -0.5450
vn -0.8114 0.0716 -0.5801
vn -0.7612 0.0736 -0.6443
vn -0.7354 0.0130 -0.6775
vn -0.7963 0.1221 -0.5925
vn -0.9013 0.0803 -0.4256
vn -0.8101 0.0229 -0.5858
vn -0.3528 -0.5774 0.7363
vn -0.3448 -0.4870 0.8024
vn -0.0996 -0.8818 -0.4611
vn 0.0076 -0.7604 -0.6494
vn 0.1039 -0.6793 -0.7265
vn -0.1344 -0.9269 -0.3503
vn 0.2163 -0.0033 -0.9763
vn 0.1078 0.0965 -0.9895
vn -0.0749 -0.6751 -0.7339
vn 0.1923 0.2202 -0.9563
vn 0.1379 0.1387 -0.9807
vn -0.8677 0.0223 -0.4967
vn -0.0984 -0.9496 -0.2976
vn -0.8008 -0.0582 -0.5961
vn -0.6144 -0.4955 -0.6141
vn 0.1400 -0.3561 -0.9239
vn 0.1858 -0.1015 -0.9773
vn 0.1268 -0.0242 -0.9916
vn -0.1459 -0.8368 -0.5276
vn -0.8834 -0.0019 -0.4686
vn -0.0705 -0.3283 -0.9419
vn -0.0681 -0.6773 -0.7326
vn -0.0401 -0.9220 -0.3850
vn -0.1026 -0.6515 -0.7516
vn -0.1060 -0.9525 -0.2855
vn -0.1036 -0.9076 -0.4070
vn -0.1493 -0.9397 -0.3078
vn -0.4034 -0.5596 0.7240
vn -0.4870 -0.4106 0.7708
vn -0.0219 -0.9501 -0.3111
vn 0.0078 -0.9376 -0.3477
vn -0.0994 -0.9538 -0.2834
vn -0.0676 -0.9490 -0.3081
vn -0.0762 -0.9036 -0.4215
vn -0.4917 -0.7009 -0.5168
vn -0.1534 -0.8667 -0.4747
vn -0.1692 -0.6584 -0.7334
vn -0.3162 -0.3964 -0.8619
vn 0.0120 -0.7753 -0.6315
vn 0.1943 -0.3277 -0.9246
vn -0.1514 -0.9182 -0.3661
vn -0.1012 -0.7001 -0.7068
vn 0.1151 -0.6696 -0.7338
vn 0.0556 -0.8848 -0.4626
vn 0.1018 -0.7128 -0.6940
vn 0.0069 -0.7382 -0.6745
vn 0.0663 -0.6765 -0.7334
vn 0.0546 -0.7104 -0.7017
vn 0.0802 -0.7639 -0.6403
vn -0.1032 0.0070 -0.9946
vn 0.1508 0.3434 -0.9270
vn -0.1254 -0.0606 -0.9902
vn -0.4031 -0.3771 -0.8338
vn -0.0834 0.0278 -0.9961
vn -0.2597 -0.0182 -0.9655
vn -0.3030 0.0198 -0.9528
vn -0.4788 0.1297 -0.8683
vn -0.2029 0.1631 -0.9655
vn -0.1448 -0.7817 -0.6066
vn -0.1573 -0.7915 -0.5906
vn -0.0466 -0.7096 -0.7030
vn -0.7509 0.0724 -0.6564
vn 0.0113 -0.8721 -0.4892
vn -0.0338 0.2028 -0.9786
vn -0.0995 -0.0303 -0.9946
vn -0.2244 0.0274 -0.9741
vn -0.5747 -0.3502 0.7396
vn -0.3620 -0.4592 0.8113
vn -0.5844 -0.1616 -0.7952
vn -0.3250 -0.5594 0.7625
vn -0.1626 -0.8464 -0.5071
vn -0.1559 -0.0924 -0.9834
vn -0.1673 -0.8104 -0.5615
vn -0.4717 -0.2187 -0.8542
vn -0.7498 0.0154 -0.6615
vn -0.7358 0.1175 -0.6669
vn -0.1239 -0.7178 -0.6851
vn -0.5214 -0.1999 -0.8296
vn -0.1792 -0.0757 -0.9809
vn -0.6011 -0.2305 -0.7652
vn -0.6242 -0.4253 -0.6554
vn -0.7723 0.2452 -0.5860
vn -0.0307 -0.9321 -0.3609
vn -0.8017 0.0099 -0.5976
vn -0.8174 -0.0796 -0.5705
vn -0.7675 0.0909 -0.6346
vn -0.7278 -0.0733 -0.6818
vn -0.7604 0.0027 -0.6495
vn -0.7676 0.0921 -0.6343
vn -0.7717 -0.0604 -0.6332
vn -0.6787 -0.0410 -0.7333
vn -0.7933 0.0764 -0.6040
vn -0.7812 -0.0632 -0.6211
vn -0.8039 0.1629 -0.5720
vn -0.7090 -0.0066 -0.7051
vn -0.7309 -0.0324 -0.6817
vn -0.6745 0.2922 -0.6779
vn -0.6958 0.0268 -0.7178
vn -0.6959 0.0024 -0.7181
vn -0.4832 -0.7025 -0.5225
vn -0.7305 0.0740 -0.6789
vn -0.6943 0.2851 -0.6608
vn -0.0367 -0.8012 -0.5973
vn -0.8021 0.0347 -0.5961
vn -0.1582 -0.8987 -0.4090
vn -0.6669 -0.4079 -0.6236
vn 0.0677 -0.8823 -0.4657
vn -0.0048 -0.9837 -0.1798
vn -0.7792 -0.0781 -0.6219
vn -0.8148 0.0797 -0.5743
vn -0.8091 0.0670 -0.5838
vn -0.7126 0.0521 -0.6997
vn -0.6054 -0.6054 -0.5168
vn -0.8552 0.0096 -0.5182
vn -0.6174 -0.5690 -0.5432
vn -0.7379 -0.2781 -0.6149
vn 0.0118 -0.9470 -0.3212
vn 0.0507 -0.9293 -0.3658
vn 0.0608 -0.9518 -0.3007
vn 0.0317 -0.9531 -0.3011
vn 0.0840 -0.9420 -0.3251
vn 0.0282 -0.9641 -0.2641
vn 0.1603 -0.9502 -0.2674
vn 0.1197 -0.9715 -0.2046
vn -0.5695 -0.7975 0.1990
vn -0.5382 -0.7931 0.2852
vn -0.6987 -0.6005 0.3890
vn -0.4116 -0.8802 -0.2364
vn -0.5614 -0.7069 -0.4303
vn -0.4946 -0.7055 -0.5076
vn -0.1878 -0.7783 -0.5991
vn -0.3992 -0.5680 0.7197
vn 0.1403 -0.9496 -0.2803
vn -0.4530 -0.7755 0.4397
vn -0.3278 -0.6077 0.7234
vn -0.3234 -0.5675 0.7572
vn -0.3342 -0.5908 0.7343
vn -0.3088 -0.9486 0.0690
vn -0.3666 -0.6791 0.6359
vn 0.0337 -0.9852 0.1679
vn 0.0747 -0.9620 0.2627
vn -0.1526 -0.9744 0.1654
vn -0.3599 -0.5745 0.7351
vn -0.1581 -0.9318 0.3266
vn -0.1520 -0.9883 -0.0142
vn -0.2964 -0.5840 0.7557
vn 0.0565 -0.9636 -0.2614
vn 0.0920 -0.9092 -0.4060
vn 0.0956 -0.9180 -0.3849
vn -0.3067 -0.6851 0.6607
vn 0.0087 -0.9990 0.0445
vn -0.0889 -0.9911 0.0987
vn -0.2364 -0.7460 0.6225
vn 0.1232 -0.9449 -0.3033
vn -0.2951 -0.9185 -0.2631
vn 0.0673 -0.9277 -0.3672
vn -0.5335 -0.7361 -0.4166
vn -0.2847 -0.7854 -0.5496
vn 0.0504 -0.8066 -0.5889
vn -0.2373 -0.5503 -0.8005
vn 0.0284 0.7776 -0.6282
vn 0.4794 0.8730 -0.0899
vn 0.1949 0.7043 -0.6826
vn 0.3304 0.7661 -0.5512
vn 0.1129 0.6928 -0.7122
vn 0.1514 0.2352 -0.9601
vn -0.3326 0.2806 -0.9004
vn 0.0233 0.5701 -0.8212
vn -0.1100 0.4579 -0.8822
vn 0.1692 0.8376 -0.5195
vn 0.1088 0.5761 -0.8101
vn 0.0797 0.9903 -0.1139
vn -0.1406 0.8482 -0.5107
vn 0.1226 0.4241 -0.8973
vn 0.0985 0.4583 -0.8833
vn 0.0287 0.9869 0.1588
vn 0.0540 0.9836 0.1722
vn -0.7248 0.1525 -0.6719
vn -0.5940 0.4219 -0.6849
vn 0.1010 0.9034 -0.4168
vn 0.0454 0.9858 -0.1619
vn 0.0015 0.2319 -0.9727
vn -0.0115 0.5140 -0.8577
vn -0.1478 0.4896 -0.8593
vn -0.3912 0.4144 -0.8217
vn -0.3104 0.7415 -0.5948
vn -0.1846 0.8515 -0.4909
vn 0.2642 0.9642 0.0233
vn 0.0308 0.9990 -0.0336
vn 0.0350 0.9682 0.2476
vn -0.1358 0.9713 0.1952
vn -0.0350 0.9873 0.1550
vn -0.5353 0.4830 -0.6929
vn -0.0318 0.7603 -0.6488
vn -0.2337 0.5144 -0.8251
vn -0.3921 0.8432 -0.3678
vn -0.7069 0.3802 -0.5965
vn 0.0389 0.4181 -0.9076
vn -0.8351 0.1759 -0.5212
vn 0.0091 0.9997 0.0237
vn 0.0066 1.0000 0.0038
vn 0.0071 0.9965 0.0834
vn -0.1848 0.9778 0.0988
vn -0.1793 0.9504 0.2543
vn -0.0631 0.9847 0.1627
vn -0.0183 0.9784 0.2060
vn -0.1996 0.6311 -0.7496
vn -0.1081 0.9893 0.0975
vn -0.0036 0.9784 0.2069
vn -0.0327 0.9994 0.0143
vn -0.1199 0.9785 0.1679
vn -0.6682 0.2771 -0.6905
vn -0.6480 0.4983 -0.5760
vn -0.4856 0.6619 -0.5711
vn -0.2428 0.7429 -0.6238
vn -0.2429 0.5952 -0.7660
vn -0.3597 0.6041 -0.7111
vn 0.0370 0.2168 -0.9755
vn -0.4150 0.2883 -0.8629
vn -0.0002 0.5352 -0.8447
vn -0.1738 0.6515 -0.7385
vn -0.6940 0.2193 -0.6858
vn -0.7325 0.6485 -0.2072
vn -0.5447 0.7476 -0.3801
vn -0.4514 0.7360 -0.5045
vn -0.7841 0.1198 -0.6090
vn -0.3414 0.9352 0.0941
vn -0.8523 0.4887 -0.1866
vn 0.1594 0.7719 -0.6154
vn -0.0866 0.6200 -0.7798
vn -0.6547 0.7147 -0.2461
vn -0.5187 0.8312 -0.2001
vn -0.9472 0.2033 -0.2479
vn -0.2093 0.6455 -0.7345
vn -0.8061 0.5910 0.0319
vn -0.9286 0.3268 0.1755
vn -0.8689 0.3609 0.3387
vn -0.4001 0.9066 -0.1337
vn -0.9109 0.3098 0.2725
vn -0.6137 0.7783 -0.1326
vn -0.6143 0.5355 -0.5795
vn -0.9145 0.3012 -0.2700
vn -0.7197 0.0698 -0.6908
vn -0.9261 0.1171 -0.3585
vn -0.4275 0.8768 -0.2201
vn -0.9689 0.1546 -0.1933
vn -0.9161 0.3446 0.2048
vn -0.6538 0.0221 -0.7563
vn -0.6750 0.7369 -0.0352
vn -0.8635 0.3569 -0.3563
vn -0.4839 0.8539 -0.1918
vn -0.7528 0.4676 -0.4632
vn -0.8449 0.5202 -0.1248
vn -0.1119 0.9777 0.1778
vn -0.0581 0.9827 0.1758
vn -0.0825 0.9841 0.1574
vn -0.4200 0.8865 0.1944
vn -0.4419 0.8693 -0.2216
vn -0.9291 0.3699 0.0036
vn -0.0536 0.9550 0.2916
vn -0.6628 0.7009 0.2636
vn -0.6449 0.2732 -0.7138
vn -0.0314 0.9540 0.2981
vn -0.6790 0.2431 -0.6927
vn -0.5802 0.2251 -0.7827
vn -0.0883 0.9737 0.2102
vn -0.0355 0.9623 0.2698
vn -0.0853 0.9765 0.1979
vn -0.0554 0.9900 0.1298
vn -0.7155 -0.0235 -0.6982
vn -0.8444 0.0414 -0.5341
vn -0.6393 0.0347 -0.7682
vn -0.7930 -0.0371 -0.6081
vn -0.6785 -0.0124 -0.7345
vn -0.7671 0.0442 -0.6400
vn -0.8360 0.0946 -0.5405
vn -0.3102 0.9395 0.1453
vn -0.5341 0.8068 -0.2526
vn -0.0625 0.9839 0.1673
vn -0.7292 0.1610 -0.6651
vn -0.0182 0.9897 0.1421
vn -0.1081 0.9940 0.0133
vn -0.0213 0.9804 0.1957
vn 0.0225 0.9905 0.1354
vn -0.2431 0.6550 -0.7155
vn -0.8578 -0.0383 -0.5126
vn -0.8288 -0.1056 -0.5495
vn -0.2030 -0.9792 -0.0056
vn -0.1477 -0.8951 -0.4207
vn -0.2060 -0.9778 -0.0393
vn -0.1687 -0.9246 -0.3416
vn -0.2007 -0.9797 -0.0025
vn 0.2305 0.2237 -0.9470
vn 0.2809 0.2409 -0.9290
vn 0.2287 0.2334 -0.9451
vn 0.2229 0.2216 -0.9493
vn -0.2086 -0.9103 -0.3575
vn -0.2290 0.2120 -0.9500
vn -0.0357 0.1204 -0.9921
vn -0.2422 -0.9702 0.0117
vn -0.3034 -0.9512 -0.0565
vn -0.1478 -0.9890 -0.0111
vn -0.2515 0.0969 -0.9630
vn -0.0366 0.0536 -0.9979
vn 0.0938 0.2208 -0.9708
vn 0.1486 0.2574 -0.9548
vn -0.0268 0.1849 -0.9824
vn -0.2859 -0.9106 -0.2983
vn -0.2751 -0.8992 -0.3403
vn -0.2645 -0.9505 -0.1629
vn -0.0222 0.1307 -0.9912
vn 0.0466 0.1553 -0.9868
vn 0.0589 0.0437 -0.9973
vn -0.2086 -0.9687 -0.1350
vn 0.2436 -0.0436 -0.9689
vn 0.1987 -0.1503 -0.9685
vn 0.2020 0.3061 -0.9303
vn 0.1896 0.2470 -0.9503
vn 0.2374 0.2854 -0.9285
vn 0.2262 0.2950 -0.9283
vn 0.2119 0.2835 -0.9353
vn 0.1539 0.1800 -0.9715
vn 0.2474 0.1493 -0.9573
vn 0.2868 0.2167 -0.9332
vn 0.0921 0.2169 -0.9718
vn 0.2056 0.1684 -0.9640
vn 0.2377 0.2079 -0.9488
vn 0.0229 0.1392 -0.9900
vn 0.1086 0.2372 -0.9654
vn 0.2066 -0.9720 -0.1123
vn 0.1572 -0.9713 -0.1785
vn 0.0750 -0.9861 -0.1483
vn 0.0616 -0.9657 -0.2522
vn 0.0597 0.1140 -0.9917
vn -0.1585 -0.9778 -0.1370
vn 0.1720 -0.9831 -0.0628
vn 0.1377 -0.9828 -0.1233
vn 0.1087 -0.9936 0.0314
vn 0.1390 -0.9903 0.0086
vn -0.0413 0.1772 -0.9833
vn -0.2656 0.1604 -0.9507
vn -0.1806 0.2780 -0.9435
vn 0.1083 -0.0296 -0.9937
vn 0.1804 0.2467 -0.9522
vn 0.0959 -0.9947 0.0383
vn 0.0621 -0.9928 -0.1021
vn 0.0707 -0.9975 0.0031
vn 0.0961 -0.9949 -0.0306
vn 0.0117 -0.9956 -0.0925
vn 0.1253 -0.9900 0.0650
vn 0.0450 -0.9863 -0.1586
vn -0.0309 -0.9995 -0.0090
vn -0.1461 -0.6785 -0.7199
vn -0.2152 -0.4119 -0.8854
vn 0.1279 -0.0461 -0.9907
vn -0.1254 -0.4384 -0.8900
vn -0.1127 -0.6059 -0.7875
vn 0.0662 -0.9871 -0.1458
vn 0.0250 -0.9632 -0.2676
vn -0.1306 -0.7173 -0.6844
vn -0.0313 -0.7678 -0.6400
vn -0.0130 -0.9741 -0.2258
vn -0.0527 -0.9872 -0.1504
vn -0.0214 -0.9952 -0.0955
vn -0.0301 -0.9972 -0.0678
vn -0.0912 -0.9847 -0.1488
vn -0.1325 -0.9778 -0.1622
vn -0.1234 -0.9867 -0.1055
vn 0.1290 -0.4114 -0.9023
vn 0.1130 -0.9864 -0.1191
vn -0.0580 -0.6888 -0.7227
vn -0.0366 -0.9871 0.1558
vn -0.0179 -0.9797 -0.1995
vn 0.0781 -0.9877 0.1354
vn 0.0583 -0.9889 0.1364
vn 0.0927 -0.9737 0.2080
vn -0.0467 -0.9898 0.1345
vn -0.0044 -0.9943 0.1062
vn -0.0271 -0.9994 0.0218
vn 0.0214 0.0183 -0.9996
vn 0.0232 -0.9980 0.0586
vn 0.2679 -0.9626 -0.0407
vn 0.0915 -0.9957 -0.0164
vn 0.0156 -0.9999 -0.0007
vn 0.1887 0.0507 -0.9807
vn -0.1658 -0.9660 0.1984
vn 0.0281 -0.9984 0.0486
vn -0.0712 -0.9898 0.1237
vn 0.0107 -0.7047 -0.7094
vn 0.2091 -0.9746 -0.0799
vn -0.0362 -0.9897 0.1384
vn -0.2513 0.1881 -0.9495
vn -0.0563 -0.5620 -0.8252
vn -0.0502 -0.0590 -0.9970
vn 0.1777 -0.2386 -0.9547
vn -0.1012 -0.9650 0.2419
vn -0.0777 -0.9725 0.2194
vn -0.0813 -0.9912 0.1045
vn -0.0544 -0.9975 0.0454
vn -0.0640 -0.9976 -0.0251
vn -0.1116 -0.9927 -0.0447
vn -0.0086 -0.9999 0.0109
vn 0.0430 -0.9977 0.0526
vn 0.0039 -0.9995 0.0317
vn -0.0748 -0.9963 0.0433
vn -0.1307 -0.7805 -0.6114
vn -0.0919 -0.8278 -0.5535
vn -0.0720 -0.9590 -0.2742
vn -0.1527 -0.9557 -0.2515
vn -0.0636 -0.9946 0.0816
vn -0.1115 -0.9934 0.0279
vn -0.0501 -0.9961 0.0728
vn -0.1226 -0.9541 -0.2732
vn 0.2308 0.2361 -0.9439
vn -0.1575 0.2153 -0.9638
vn -0.1657 -0.9663 -0.1970
vn -0.1925 -0.9534 -0.2325
vn -0.3447 0.1569 -0.9255
vn -0.1513 -0.8239 -0.5461
vn 0.2495 0.3048 -0.9191
vn -0.0239 -0.3468 -0.9376
vn -0.1969 -0.8057 -0.5587
vn -0.0945 -0.7997 -0.5929
vn -0.1061 -0.3838 -0.9173
vn 0.2209 -0.6274 -0.7467
vn -0.2513 -0.5251 -0.8131
vn -0.2965 -0.6191 -0.7272
vn -0.5747 -0.3310 -0.7484
vn -0.4009 -0.0562 -0.9144
vn -0.2728 -0.7327 -0.6235
vn -0.5120 0.1656 -0.8429
vn 0.1455 0.7382 -0.6587
vn -0.0337 0.9982 -0.0491
vn 0.0626 0.3603 -0.9307
vn 0.1697 -0.0182 -0.9853
vn 0.4048 0.0899 -0.9100
vn 0.2554 0.1422 -0.9563
vn 0.1443 0.4329 -0.8898
vn 0.3245 -0.3287 -0.8870
vn 0.0760 0.9330 -0.3518
vn 0.1545 0.7735 -0.6147
vn 0.2827 0.3560 -0.8907
vn 0.2574 0.3228 -0.9108
vn 0.2831 0.3370 -0.8980
vn -0.0949 0.6395 -0.7629
vn 0.0704 0.2947 -0.9530
vn -0.0745 0.5929 -0.8018
vn -0.2755 0.7028 -0.6559
vn -0.1406 0.3812 -0.9137
vn -0.0672 0.3710 -0.9262
vn 0.1784 0.7596 -0.6254
vn -0.0599 0.9638 -0.2599
vn -0.1570 0.9255 -0.3446
vn -0.0782 0.9967 0.0232
vn -0.0430 0.9978 -0.0496
vn 0.3504 0.1431 -0.9256
vn 0.0177 0.9091 -0.4161
vn 0.2249 0.0084 -0.9743
vn 0.1362 0.9906 0.0086
vn -0.0241 0.9959 -0.0875
vn -0.1027 0.8242 -0.5569
vn 0.3328 0.2764 -0.9016
vn 0.2608 0.1353 -0.9559
vn 0.3060 0.3166 -0.8978
vn 0.3706 0.9250 -0.0831
vn 0.2586 0.2173 -0.9412
vn 0.2848 0.2323 -0.9300
vn -0.0011 0.7834 -0.6215
vn 0.0170 0.9998 0.0104
vn 0.0540 0.2979 -0.9531
vn 0.0225 0.3322 -0.9430
vn 0.2230 0.1503 -0.9631
vn 0.0892 0.3484 -0.9331
vn 0.1082 0.9793 0.1713
vn 0.0711 0.9930 -0.0946
vn 0.0942 0.9523 0.2902
vn -0.0362 0.9993 -0.0011
vn 0.0810 0.9946 0.0656
vn 0.1932 0.9778 0.0811
vn 0.5417 0.8366 -0.0816
vn 0.5121 0.8589 -0.0085
vn 0.3161 0.9474 -0.0511
vn -0.0272 0.9992 0.0290
vn 0.1601 0.9158 0.3684
vn -0.1027 0.4204 -0.9015
vn -0.2146 0.6900 -0.6913
vn -0.1900 0.6644 -0.7228
vn 0.0796 0.9947 -0.0650
vn 0.1672 0.8895 -0.4252
vn 0.0710 0.9595 0.2727
vn 0.0476 0.6039 -0.7956
vn -0.0751 0.2698 -0.9600
vn -0.0813 0.9867 0.1404
vn -0.0755 0.9800 0.1840
vn 0.0260 0.9866 0.1610
vn 0.0895 0.9856 0.1432
vn 0.0043 0.2593 -0.9658
vn -0.0035 0.9875 0.1578
vn 0.0330 0.9994 0.0055
vn 0.0196 0.9986 0.0483
vn 0.2820 0.1244 -0.9513
vn -0.0839 0.9947 -0.0603
vn 0.1610 0.9867 -0.0228
vn 0.2233 0.9654 -0.1350
vn 0.0394 0.9989 -0.0255
vn 0.3185 0.9450 -0.0744
vn 0.1124 0.9936 0.0061
vn 0.0991 0.9951 -0.0017
vn 0.0849 0.9930 -0.0817
vn 0.0360 0.9993 -0.0028
vn 0.0040 0.9933 -0.1154
vn 0.0371 0.9941 -0.1023
vn -0.0137 0.9981 -0.0601
vn 0.0638 0.9962 -0.0587
vn -0.1622 0.2105 -0.9640
vn -0.1009 0.9792 0.1758
vn -0.0873 0.7376 -0.6695
vn 0.0016 0.9985 0.0545
vn 0.0897 0.9954 -0.0324
vn 0.0533 0.9985 -0.0118
vn 0.0716 0.9973 0.0165
vn -0.1299 0.5078 -0.8516
vn 0.0813 0.9958 0.0425
vn 0.0137 0.9953 0.0959
vn 0.0476 0.9987 0.0189
vn 0.1223 0.5114 -0.8506
vn -0.0553 0.0341 -0.9979
vn 0.0765 0.3654 -0.9277
vn 0.0232 0.9996 0.0178
vn 0.0584 0.9982 0.0130
vn 0.0746 0.9956 0.0575
vn -0.0061 0.9992 0.0396
vn 0.3297 0.8458 -0.4194
vn 0.0165 0.9995 0.0277
vn -0.0024 0.9985 0.0553
vn -0.0142 0.9994 0.0312
vn -0.0151 0.9890 0.1474
vn -0.0043 0.9987 0.0515
vn -0.0285 0.9919 0.1235
vn 0.5535 0.3929 -0.7344
vn -0.0753 0.3947 -0.9157
vn 0.5406 0.2894 -0.7899
vn 0.1472 0.3073 -0.9402
vn -0.0206 0.2978 -0.9544
vn 0.3286 0.4527 -0.8289
vn 0.2744 0.9417 -0.1950
vn 0.2127 0.0880 -0.9732
vn 0.0828 0.1859 -0.9791
vn -0.0870 0.9617 0.2599
vn -0.0318 0.9159 0.4003
vn 0.0124 0.9359 0.3522
vn -0.2782 0.7990 0.5331
vn 0.1741 0.9843 0.0285
vn -0.0926 0.8840 0.4583
vn 0.1082 0.9606 0.2559
vn -0.2729 0.6965 0.6637
vn -0.0322 0.9347 0.3539
vn -0.1105 0.8861 0.4502
vn -0.2112 0.7567 0.6187
vn -0.0808 0.8992 0.4299
vn 0.2020 0.9717 0.1224
vn -0.1252 0.5692 0.8126
vn 0.0812 0.6100 0.7883
vn -0.0223 0.6273 0.7785
vn 0.1019 0.5951 0.7972
vn -0.1558 0.8630 0.4806
vn -0.1287 0.8544 0.5035
vn 0.1233 0.8985 0.4213
vn 0.3012 0.7950 0.5266
vn -0.5526 0.8295 0.0808
vn -0.4369 0.8987 0.0389
vn -0.0636 0.9151 0.3982
vn -0.1576 0.8079 0.5678
vn -0.4310 0.8387 0.3330
vn -0.1513 0.9713 0.1836
vn -0.1266 0.7846 0.6069
vn -0.0543 0.5545 0.8304
vn -0.2223 0.9207 0.3209
vn -0.3437 0.9388 0.0236
vn -0.7137 0.6997 -0.0311
vn -0.1982 0.9670 0.1598
vn -0.5592 0.8233 0.0968
vn -0.1103 0.8855 0.4513
vn -0.5232 0.8492 0.0716
vn -0.1009 0.9834 0.1509
vn -0.0656 0.9289 0.3645
vn 0.3684 0.8462 0.3849
vn 0.0863 0.9903 -0.1088
vn 0.0504 0.9953 -0.0830
vn -0.2903 0.9347 -0.2052
vn -0.7944 0.5608 -0.2335
vn -0.8018 0.5478 -0.2389
vn 0.0901 0.9870 -0.1333
vn 0.0722 0.9934 -0.0890
vn 0.0485 0.9969 -0.0621
vn -0.7332 0.6605 -0.1617
vn -0.7867 0.5685 -0.2408
vn 0.0419 0.9990 -0.0131
vn -0.7707 0.6275 -0.1109
vn 0.0260 0.9994 -0.0236
vn 0.0640 0.9847 0.1623
vn -0.3546 0.9335 0.0534
vn -0.2795 0.9527 0.1198
vn 0.0417 0.9968 0.0675
vn -0.6195 0.7829 0.0574
vn -0.0040 0.9991 0.0417
vn 0.0265 0.8634 0.5038
vn -0.7129 0.6948 -0.0953
vn 0.0242 0.9175 0.3970
vn -0.8120 0.5658 -0.1432
vn -0.3260 0.9440 -0.0516
vn -0.6941 0.7165 0.0697
vn -0.7445 0.6340 -0.2090
vn -0.0328 0.9952 0.0927
vn -0.1137 0.8340 0.5399
vn -0.1476 0.8668 0.4763
vn -0.0268 0.9651 0.2604
vn -0.0674 0.8779 0.4741
vn 0.0084 0.9335 0.3584
vn -0.1519 0.9071 0.3926
vn -0.1411 0.9031 0.4056
vn -0.1199 0.5225 0.8442
vn -0.0855 0.5279 0.8450
vn -0.0524 0.5244 0.8499
vn -0.0079 0.5029 0.8643
vn -0.0428 0.4938 0.8685
vn -0.0395 0.4964 0.8672
vn 0.0433 0.9497 0.3101
vn -0.0144 0.9385 0.3449
vn -0.0617 0.5372 0.8412
vn -0.1111 0.5064 0.8551
vn -0.0211 0.3315 0.9432
vn -0.1046 0.5011 0.8590
vn -0.0797 0.6887 0.7206
vn 0.0295 0.6472 0.7617
vn -0.0977 0.9554 0.2787
vn 0.0072 0.7499 0.6615
vn -0.0704 0.9340 0.3504
vn -0.0149 0.7468 0.6649
vn 0.0121 0.9572 0.2891
vn 0.1320 0.9578 0.2554
vn 0.0319 0.9842 0.1741
vn -0.4541 0.8863 0.0916
vn -0.1219 0.7768 0.6178
vn -0.2139 0.8865 0.4103
vn -0.4302 0.9021 -0.0343
vn -0.1064 0.8752 0.4719
vn -0.1823 0.8702 0.4578
vn 0.3667 0.7378 0.5667
vn 0.3330 0.8427 0.4230
vn -0.1321 0.8636 0.4865
vn -0.1310 0.8593 0.4944
vn 0.0242 0.9814 0.1902
vn -0.2069 0.9658 0.1564
vn -0.5549 0.7617 -0.3346
vn -0.6123 0.7335 -0.2949
vn -0.3969 0.8910 -0.2205
vn -0.5410 0.8394 0.0528
vn -0.3054 0.9515 -0.0382
vn 0.1573 0.9875 -0.0048
vn -0.7199 0.6418 -0.2643
vn -0.5049 0.8625 -0.0326
vn 0.1531 0.9833 0.0988
vn 0.0165 0.9333 0.3587
vn -0.0761 0.8825 0.4641
vn 0.1605 0.9618 0.2217
vn 0.0402 0.9965 -0.0731
vn -0.4335 0.8980 -0.0748
vn -0.4420 0.8970 -0.0061
vn -0.7631 0.6250 -0.1645
vn -0.7567 0.6348 -0.1560
vn -0.4450 0.8936 0.0582
vn -0.8121 0.5671 -0.1375
vn -0.4161 0.9028 -0.1089
vn -0.8385 0.5324 -0.1165
vn 0.1394 0.9816 0.1308
vn 0.1010 0.2835 -0.9536
vn 0.1192 0.3718 -0.9206
vn 0.2187 0.3951 -0.8922
vn 0.2238 0.3854 -0.8952
vn -0.1737 0.5975 -0.7828
vn -0.6352 0.7387 -0.2253
vn -0.2601 0.7683 -0.5849
vn 0.1613 0.3673 -0.9160
vn -0.7844 0.5823 -0.2137
vn -0.7826 0.5944 -0.1848
vn 0.1652 0.3529 -0.9210
vn 0.1591 0.3630 -0.9181
vn 0.1333 0.7278 -0.6728
vn 0.2052 0.3283 -0.9220
vn 0.2243 0.3263 -0.9183
vn 0.1113 0.3059 -0.9455
vn 0.2070 0.3586 -0.9102
vn 0.2075 0.3167 -0.9256
vn -0.7370 0.6660 -0.1153
vn -0.6416 0.7600 -0.1038
vn -0.6858 0.7003 -0.1981
vn 0.1438 0.3235 -0.9352
vn 0.2012 0.3104 -0.9290
vn -0.0520 0.9971 0.0555
vn 0.0905 0.9857 0.1424
vn -0.1136 0.9901 0.0818
vn -0.6884 0.6349 -0.3508
vn 0.1795 0.2755 -0.9444
vn 0.2363 0.3202 -0.9174
vn 0.2548 0.2758 -0.9268
vn 0.2075 0.3622 -0.9087
vn -0.0703 0.9869 0.1455
vn -0.0297 0.9874 0.1557
vn -0.0545 0.9975 0.0457
vn 0.0652 0.9185 -0.3900
vn 0.2492 0.2326 -0.9401
vn 0.1965 0.2783 -0.9402
vn 0.1603 0.3536 -0.9215
vn 0.1853 0.3256 -0.9272
vn 0.1463 0.4819 -0.8639
vn -0.0037 0.6569 -0.7540
vn 0.2602 0.9222 -0.2860
vn 0.0521 0.7773 -0.6270
vn 0.1512 0.2804 -0.9479
vn 0.1647 0.3069 -0.9374
vn 0.1694 0.3661 -0.9150
vn 0.1606 0.3135 -0.9359
vn 0.1796 0.3321 -0.9260
vn -0.2947 0.7033 -0.6470
vn -0.1272 0.9916 0.0244
vn 0.5632 0.7802 -0.2723
vn -0.4714 0.7895 -0.3930
vn -0.3829 0.8987 -0.2137
vn -0.2996 0.9508 0.0793
vn -0.1382 0.9857 -0.0969
vn -0.2454 0.9662 0.0789
vn 0.0020 0.9770 0.2130
vn -0.1549 0.5278 -0.8351
vn -0.1930 0.6604 -0.7257
vn -0.1937 0.9680 0.1598
vn -0.0869 0.9933 0.0764
vn -0.1038 0.9915 0.0790
vn -0.5133 0.8504 0.1157
vn -0.6284 0.7771 -0.0357
vn -0.3950 0.9017 0.1757
vn -0.4303 0.8992 0.0796
vn -0.4714 0.8807 -0.0464
vn -0.5665 0.8172 0.1061
vn -0.2638 0.9619 0.0714
vn 0.2170 0.3673 -0.9045
vn -0.0685 0.9835 0.1675
vn -0.1332 0.9844 0.1146
vn -0.2785 0.9551 0.1011
vn -0.2598 0.9511 0.1669
vn -0.3641 0.9061 0.2153
vn -0.4324 0.8721 0.2290
vn -0.4099 0.8994 0.1521
vn -0.3059 0.8953 0.3238
vn -0.2205 0.9603 -0.1710
vn -0.3647 0.9233 -0.1203
vn 0.1911 0.3576 -0.9141
vn -0.4075 0.9126 0.0338
vn -0.2272 0.9598 -0.1648
vn -0.1383 0.9798 -0.1447
vn 0.0362 0.5143 -0.8568
vn -0.3047 0.9512 0.0497
vn -0.1859 0.8935 -0.4087
vn 0.6272 0.5258 -0.5745
vn 0.9322 0.0186 0.3616
vn 0.7090 0.6436 0.2882
vn 0.9612 0.1829 0.2066
vn 0.6997 0.6229 0.3499
vn 0.7478 0.6137 0.2533
vn 0.7574 0.6494 0.0689
vn 0.8355 -0.0236 -0.5490
vn 0.6513 0.5891 0.4782
vn 0.7661 -0.5981 -0.2352
vn 0.7171 -0.6790 -0.1571
vn 0.8113 -0.5348 -0.2360
vn 0.7851 0.1535 -0.6000
vn 0.9760 0.2019 -0.0812
vn 0.7687 -0.5670 0.2959
vn 0.8809 0.0284 -0.4724
vn 0.7776 -0.6257 -0.0627
vn 0.6273 -0.7787 0.0016
vn 0.6246 0.7269 0.2855
vn 0.9409 -0.2909 0.1734
vn 0.7878 -0.6138 -0.0501
vn 0.8195 -0.5657 0.0917
vn 0.6708 -0.7409 -0.0325
vn 0.8761 0.2315 0.4230
vn 0.7717 0.5989 -0.2142
vn 0.8033 0.4796 0.3530
vn 0.8057 -0.5775 -0.1315
vn 0.8891 -0.4573 0.0204
vn 0.4709 -0.6628 -0.5823
vn 0.7264 -0.5677 -0.3872
vn 0.7385 -0.6715 0.0610
vn 0.7276 -0.6709 -0.1430
vn 0.9030 0.3013 0.3063
vn 0.9596 -0.2538 0.1212
vn 0.8232 -0.4899 -0.2870
vn 0.9382 0.0818 0.3362
vn 0.7599 -0.5184 -0.3921
vn 0.9720 -0.0388 -0.2317
vn 0.9403 -0.2114 -0.2667
vn 0.7373 -0.6598 -0.1448
vn 0.7665 -0.4661 -0.4419
vn 0.8268 -0.4506 -0.3367
vn 0.7013 0.4715 0.5347
vn 0.9046 -0.2959 0.3069
vn 0.6727 -0.7381 -0.0513
vn 0.9778 -0.1923 -0.0836
vn 0.6895 0.5969 0.4102
vn 0.9664 0.2295 0.1155
vn 0.8172 -0.5540 0.1591
vn 0.9900 -0.0986 0.1005
vn 0.9030 -0.4086 0.1325
vn -0.0495 0.9952 0.0848
vn -0.0657 0.9893 0.1301
vn -0.1213 0.9870 0.1058
vn -0.4971 -0.1803 0.8488
vn -0.4526 -0.3783 0.8075
vn -0.4996 0.6118 0.6133
vn -0.8028 0.4373 0.4052
vn -0.5493 0.2751 0.7890
vn -0.3780 0.4468 0.8109
vn -0.5711 0.1212 0.8119
vn -0.1345 0.9798 0.1481
vn -0.0832 0.9864 0.1415
vn -0.0698 0.9944 0.0788
vn -0.0352 0.9949 0.0941
vn -0.1132 0.9384 0.3266
vn -0.1002 0.9833 0.1522
vn -0.7044 -0.1550 0.6927
vn -0.8973 0.4185 0.1402
vn -0.9192 0.1919 0.3438
vn -0.9443 0.3012 0.1328
vn -0.7498 0.6147 0.2450
vn -0.0440 0.9845 0.1700
vn -0.8278 0.5040 0.2466
vn 0.0170 0.9856 0.1685
vn -0.0208 0.9865 0.1624
vn -0.0623 0.9775 0.2014
vn -0.8970 0.3252 0.2995
vn 0.0094 0.9986 0.0525
vn -0.8991 0.3161 0.3027
vn -0.9809 0.0396 0.1905
vn -0.7663 0.5251 0.3703
vn -0.9432 0.0943 0.3185
vn -0.7372 0.6054 0.3000
vn -0.8956 0.4301 0.1141
vn -0.6756 0.6444 0.3582
vn -0.2574 -0.2670 0.9287
vn -0.3883 -0.3181 0.8649
vn -0.2565 0.0359 0.9659
vn -0.6273 0.4886 0.6064
vn -0.4952 -0.1051 0.8624
vn -0.3107 0.1219 0.9427
vn -0.2254 -0.3237 0.9189
vn -0.2746 0.2291 0.9339
vn -0.3741 0.1168 0.9200
vn -0.4527 0.0888 0.8873
vn -0.0910 0.6466 0.7574
vn -0.2909 -0.4652 0.8360
vn -0.5838 0.6541 0.4810
vn -0.0845 0.9606 0.2647
vn -0.3208 -0.4175 0.8501
vn -0.1492 0.9642 0.2194
vn -0.0138 0.9998 0.0163
vn -0.3495 0.9276 0.1320
vn -0.1459 -0.2205 0.9644
vn -0.0147 -0.0787 0.9968
vn -0.0972 -0.1410 0.9852
vn -0.0247 0.0331 0.9991
vn -0.5809 0.0020 0.8140
vn -0.3585 -0.0159 0.9334
vn -0.5807 -0.0400 0.8131
vn -0.2567 0.0076 0.9665
vn -0.3352 0.9288 0.1579
vn -0.0928 0.9956 0.0154
vn -0.5671 0.8160 0.1121
vn -0.7548 0.6559 0.0079
vn -0.7367 0.6737 0.0587
vn -0.9005 0.3789 -0.2134
vn -0.2548 0.4514 0.8552
vn -0.5066 0.3585 0.7841
vn -0.5742 -0.1660 0.8017
vn -0.7007 0.7092 0.0776
vn -0.3576 0.1534 0.9212
vn -0.4179 0.2625 0.8697
vn -0.4158 -0.4416 0.7950
vn -0.6402 -0.0674 0.7652
vn -0.4976 -0.3054 0.8119
vn -0.6132 -0.1426 0.7770
vn -0.5058 -0.3505 0.7882
vn -0.4420 0.8212 -0.3609
vn -0.0158 0.6197 0.7847
vn 0.0523 0.6910 0.7210
vn -0.0855 0.9903 -0.1099
vn -0.3671 0.8206 0.4381
vn -0.4795 0.8714 0.1031
vn -0.5633 0.8067 0.1788
vn -0.4705 0.8802 -0.0625
vn 0.0034 0.9607 0.2775
vn -0.5829 0.7959 -0.1632
vn -0.8695 0.3126 0.3824
vn -0.0086 0.8642 0.5031
vn -0.2851 0.8940 0.3458
vn -0.7190 0.6531 0.2378
vn -0.0639 0.8543 0.5158
vn -0.6839 0.5159 0.5159
vn -0.4500 0.8818 0.1410
vn -0.6539 0.7479 0.1144
vn -0.1104 0.9715 0.2100
vn -0.8394 0.5095 0.1894
vn -0.5736 0.6679 0.4742
vn -0.5448 0.6415 0.5400
vn -0.4102 0.7386 0.5349
vn -0.3835 0.8554 0.3483
vn -0.1449 0.9310 0.3351
vn -0.4944 0.8204 0.2873
vn -0.3760 0.8646 0.3333
vn -0.2638 0.9562 0.1269
vn -0.3047 0.9342 0.1857
vn -0.1622 0.9834 0.0814
vn -0.1766 0.5820 0.7937
vn -0.1984 0.8169 0.5416
vn -0.4979 0.0590 0.8652
vn -0.1108 0.9905 0.0812
vn -0.0945 0.9926 0.0758
vn -0.1046 0.9894 0.1010
vn 0.0272 0.8897 0.4558
vn 0.1505 0.7881 0.5969
vn -0.0848 0.9594 0.2691
vn -0.1979 0.9686 0.1505
vn -0.0918 0.9890 0.1157
vn -0.0821 0.9678 0.2378
vn -0.0941 0.9631 0.2520
vn -0.1148 0.9477 0.2978
vn -0.6083 0.7485 0.2639
vn 0.1315 0.6286 0.7665
vn -0.7430 0.4980 0.4470
vn -0.3910 -0.2884 0.8740
vn -0.2854 -0.2717 0.9191
vn -0.5434 -0.4594 0.7026
vn -0.4853 -0.4216 0.7660
vn -0.8202 -0.1460 0.5532
vn -0.4677 -0.4899 0.7357
vn -0.2658 -0.4958 0.8268
vn -0.8895 -0.4523 0.0644
vn -0.9642 -0.1298 -0.2312
vn -0.5066 0.8264 0.2458
vn -0.6370 0.6327 0.4404
vn -0.2807 0.8402 0.4639
vn -0.5069 0.8354 0.2125
vn -0.8595 0.5106 0.0213
vn -0.9491 0.2987 -0.0999
vn -0.7161 -0.4202 0.5573
vn -0.6210 -0.5559 0.5526
vn -0.9553 0.1942 -0.2229
vn -0.9498 0.0944 0.2982
vn -0.7163 0.6061 0.3457
vn -0.6269 0.7784 0.0347
vn -0.7907 -0.0869 0.6060
vn -0.8911 0.2317 0.3903
vn -0.6909 -0.2161 0.6899
vn -0.9157 0.1784 -0.3600
vn -0.0001 0.9987 0.0509
vn -0.2080 0.9336 0.2916
vn -0.2353 0.9521 0.1955
vn -0.1262 0.9841 0.1249
vn -0.0236 0.9896 0.1418
vn -0.1082 0.9836 0.1445
vn 0.0805 0.5620 0.8232
vn -0.1429 -0.1079 0.9838
vn -0.0175 0.9398 0.3413
vn -0.1176 0.9901 -0.0766
vn 0.0489 0.9817 0.1839
vn -0.0376 0.9905 -0.1324
vn 0.4262 0.9040 -0.0328
vn 0.1490 0.9667 0.2079
vn 0.2499 0.9674 -0.0402
vn 0.1018 0.9696 0.2225
vn 0.0203 0.9975 -0.0675
vn 0.0085 0.7720 0.6356
vn 0.2700 0.9235 -0.2725
vn 0.5431 0.5343 -0.6478
vn 0.0717 0.6219 0.7798
vn 0.0849 0.6824 0.7260
vn 0.3170 0.9388 -0.1349
vn 0.1449 0.5346 0.8326
vn 0.0045 0.4864 0.8737
vn -0.0260 0.6045 0.7962
vn -0.0402 0.8960 0.4423
vn 0.1732 0.5628 0.8082
vn 0.0963 0.6830 0.7241
vn -0.0288 0.9967 0.0757
vn -0.0023 0.5636 0.8261
vn 0.1161 0.6195 0.7764
vn 0.0413 0.9991 0.0131
vn -0.0157 0.9932 0.1155
vn 0.0199 0.5896 0.8074
vn 0.0808 0.5864 0.8060
vn 0.1348 0.7398 0.6592
vn 0.0585 0.5740 0.8168
vn -0.0366 0.9888 0.1447
vn 0.0349 0.9895 0.1404
vn 0.0403 0.5456 0.8371
vn -0.2899 0.9378 0.1912
vn -0.2187 0.9528 0.2106
vn 0.0713 0.9911 -0.1125
vn 0.0803 0.9965 -0.0250
vn -0.1358 0.9726 0.1888
vn -0.0531 0.9618 0.2687
vn 0.0444 0.5592 0.8278
vn 0.0531 0.5477 0.8350
vn 0.0367 0.9764 -0.2128
vn -0.0181 0.5534 0.8327
vn -0.0219 0.5373 0.8431
vn -0.0410 0.9986 -0.0322
vn -0.1642 0.9762 0.1415
vn -0.0498 0.9687 0.2430
vn -0.0676 0.9940 0.0864
vn -0.1701 0.9651 0.1991
vn -0.1925 0.9617 0.1949
vn -0.0485 0.9709 -0.2344
vn 0.0111 0.9999 0.0035
vn -0.0358 0.9586 0.2825
vn -0.0458 0.9839 0.1727
vn -0.1696 0.9704 0.1718
vn 0.0038 0.9981 -0.0612
vn 0.1207 0.6952 0.7086
vn -0.1058 0.9887 -0.1058
vn -0.0221 0.7946 0.6067
vn 0.0594 0.6801 0.7307
vn 0.0348 0.6559 0.7540
vn 0.1632 0.8605 0.4825
vn 0.0929 0.7052 0.7029
vn 0.0901 0.6652 0.7412
vn 0.1094 0.7564 0.6449
vn 0.0327 0.6208 0.7833
vn 0.0420 0.9429 0.3305
vn 0.0446 0.9989 -0.0167
vn 0.0259 0.9736 0.2269
vn 0.0246 0.9717 0.2348
vn 0.0113 0.9938 0.1108
vn -0.2175 0.9584 0.1849
vn -0.0133 0.8908 0.4542
vn 0.0102 0.9999 0.0031
vn -0.0195 0.9967 0.0789
vn -0.0630 0.9776 0.2007
vn -0.1977 0.9691 0.1475
vn -0.0862 0.9610 0.2626
vn 0.1466 0.9775 0.1518
vn 0.0997 0.9887 0.1121
vn 0.1910 0.9687 0.1586
vn 0.1489 0.9873 0.0559
vn 0.2951 0.9534 -0.0625
vn -0.5461 -0.4704 0.6931
vn -0.3332 -0.5750 0.7473
vn -0.3491 -0.5798 0.7362
vn -0.3587 -0.5852 0.7273
vn -0.1347 -0.7641 0.6309
vn -0.3031 -0.6746 0.6731
vn -0.3725 -0.5671 0.7346
vn -0.0474 -0.5341 0.8441
vn -0.2959 -0.4788 0.8265
vn -0.3839 -0.5699 0.7265
vn -0.2224 -0.8390 0.4966
vn -0.0550 -0.8115 0.5818
vn -0.4190 -0.5751 0.7026
vn -0.4692 -0.6030 0.6451
vn -0.4827 -0.5910 0.6463
vn -0.4085 -0.5991 0.6886
vn -0.5725 -0.6183 0.5385
vn -0.4941 -0.5648 0.6609
vn -0.4869 -0.5906 0.6435
vn -0.3963 -0.6155 0.6813
vn -0.6882 -0.3641 0.6276
vn -0.7110 -0.0727 0.6994
vn -0.0796 -0.7428 0.6647
vn -0.2913 -0.5788 0.7617
vn -0.4319 -0.2800 0.8573
vn -0.2979 -0.5783 0.7595
vn -0.6400 -0.5898 0.4926
vn -0.5718 -0.5361 0.6210
vn -0.3339 -0.5873 0.7373
vn -0.5674 -0.2336 0.7896
vn -0.3308 -0.5903 0.7363
vn -0.3482 -0.5978 0.7221
vn -0.3136 -0.5800 0.7518
vn -0.3456 -0.5864 0.7325
vn -0.3736 -0.4296 0.8221
vn -0.3622 -0.5777 0.7315
vn -0.3603 -0.5877 0.7244
vn -0.4145 -0.2338 0.8795
vn -0.3229 -0.5255 0.7872
vn -0.2804 -0.3793 0.8817
vn -0.4127 -0.5208 0.7473
vn -0.3258 -0.5584 0.7629
vn -0.3095 -0.2507 0.9173
vn -0.3268 -0.5875 0.7403
vn -0.4482 -0.2490 0.8585
vn -0.3628 -0.5813 0.7283
vn -0.3848 -0.5788 0.7190
vn -0.0813 -0.9962 0.0323
vn 0.2184 -0.9717 -0.0901
vn 0.1009 -0.9932 0.0574
vn 0.0614 -0.9891 0.1340
vn 0.1270 -0.9886 0.0805
vn 0.1758 -0.9815 -0.0753
vn -0.0863 -0.9840 0.1557
vn 0.0296 -0.9829 0.1816
vn -0.1187 -0.9799 0.1604
vn 0.2030 -0.9708 -0.1280
vn 0.1804 -0.9735 -0.1402
vn 0.0463 -0.9964 -0.0713
vn -0.0461 -0.9958 0.0787
vn -0.0334 -0.9972 0.0664
vn 0.0930 -0.9957 0.0048
vn 0.0213 -0.9981 0.0573
vn 0.2398 -0.9646 -0.1099
vn 0.2239 -0.9714 -0.0788
vn 0.1593 -0.9801 -0.1184
vn -0.2844 -0.6177 0.7332
vn -0.2910 -0.5889 0.7540
vn -0.2860 -0.6151 0.7348
vn -0.2823 -0.6136 0.7374
vn -0.2783 -0.6571 0.7006
vn -0.2913 -0.5577 0.7772
vn 0.1418 -0.9880 -0.0608
vn 0.0563 -0.9976 -0.0399
vn 0.2988 -0.9523 -0.0623
vn -0.1984 -0.5046 0.8403
vn -0.1722 -0.3304 0.9280
vn 0.0028 -0.0897 0.9960
vn -0.2865 -0.6029 0.7446
vn -0.3361 -0.3460 0.8760
vn -0.2213 -0.0432 0.9742
vn 0.2830 0.1208 0.9515
vn -0.2200 0.4404 0.8705
vn -0.2704 -0.5388 0.7978
vn -0.2863 -0.5569 0.7797
vn -0.1210 -0.8899 0.4397
vn -0.2703 -0.5577 0.7848
vn -0.2698 -0.5374 0.7990
vn -0.4351 -0.4318 0.7901
vn -0.3426 -0.6617 0.6669
vn -0.2597 -0.6188 0.7414
vn -0.1567 -0.0009 0.9876
vn -0.2243 -0.2496 0.9420
vn -0.1329 -0.2080 0.9691
vn -0.2607 -0.5582 0.7877
vn -0.1382 0.1691 0.9759
vn -0.2468 -0.5874 0.7708
vn -0.2394 -0.5688 0.7869
vn -0.2620 -0.6330 0.7285
vn -0.2668 -0.5906 0.7615
vn -0.2928 -0.5482 0.7835
vn -0.2018 -0.6064 0.7691
vn -0.2427 -0.6204 0.7458
vn 0.1949 0.5041 0.8414
vn -0.0320 0.3030 0.9525
vn -0.0356 0.5305 0.8470
vn -0.2017 -0.3468 0.9160
vn -0.0316 0.3182 0.9475
vn 0.0614 0.6694 0.7404
vn 0.1286 0.5630 0.8164
vn 0.0098 0.4851 0.8744
vn -0.2290 -0.5637 0.7936
vn 0.0885 0.3665 0.9262
vn -0.0562 0.5789 0.8135
vn -0.2912 -0.5704 0.7680
vn -0.3310 -0.6279 0.7044
vn -0.2916 -0.7314 0.6165
vn -0.3397 -0.5783 0.7418
vn -0.2942 -0.7312 0.6154
vn -0.3508 -0.7920 0.4996
vn -0.3809 -0.6335 0.6735
vn -0.4120 -0.7211 0.5571
vn -0.2846 -0.6650 0.6905
vn -0.4247 -0.7783 0.4625
vn -0.2761 -0.9274 0.2525
vn 0.1106 -0.9902 0.0856
vn -0.1793 -0.9781 0.1060
vn -0.1760 -0.8949 0.4100
vn 0.0477 -0.9469 0.3180
vn -0.2723 -0.8743 0.4019
vn -0.1490 -0.8758 0.4591
vn -0.2181 -0.5951 0.7735
vn 0.0502 -0.9321 0.3587
vn -0.2352 -0.7430 0.6267
vn 0.1633 -0.9860 0.0324
vn -0.1725 -0.7093 0.6835
vn -0.2726 -0.7376 0.6177
vn 0.0610 -0.9760 0.2090
vn -0.0635 -0.8708 0.4875
vn 0.0827 -0.9964 0.0176
vn 0.1367 -0.9732 -0.1848
vn 0.3114 -0.9187 -0.2429
vn -0.0794 -0.8397 0.5372
vn -0.2127 -0.6259 0.7503
vn 0.0759 -0.9643 0.2538
vn -0.2164 -0.7559 0.6178
vn -0.0899 -0.8461 0.5254
vn 0.1897 -0.9651 0.1806
vn 0.3065 -0.9515 0.0266
vn 0.2902 -0.9569 0.0095
vn 0.2809 -0.9586 -0.0474
vn 0.0193 -0.9371 0.3486
vn 0.0952 -0.9949 0.0333
vn -0.0255 -0.9961 0.0841
vn -0.1124 -0.9642 0.2403
vn -0.2102 -0.9720 0.1046
vn -0.2985 -0.5466 0.7824
vn -0.4748 -0.6310 0.6135
vn 0.0281 -0.9903 0.1362
vn 0.2817 -0.9577 -0.0591
vn 0.2214 -0.9750 -0.0172
vn 0.1251 -0.9921 0.0007
vn 0.3322 -0.9277 -0.1706
vn 0.0615 -0.9916 0.1140
vn 0.0918 -0.9940 0.0589
vn 0.0945 -0.9803 0.1733
vn 0.0795 -0.9890 0.1251
vn 0.0263 -0.9969 0.0735
vn 0.0425 -0.9985 -0.0339
vn 0.2192 -0.9673 -0.1278
vn 0.0418 -0.9983 0.0397
vn -0.2928 -0.5610 0.7743
vn -0.0510 -0.9977 0.0442
vn -0.0533 -0.9986 -0.0043
vn -0.0548 -0.9972 0.0517
vn 0.0419 -0.9928 -0.1121
vn -0.2311 -0.9635 0.1351
vn -0.1246 -0.9921 0.0146
vn -0.0057 -1.0000 -0.0003
vn -0.1463 -0.9863 0.0761
vn 0.0787 -0.9928 -0.0899
vn -0.1072 -0.9826 0.1519
vn -0.0051 -0.9993 -0.0372
vn -0.0731 -0.9958 -0.0558
vn -0.0445 -0.9981 0.0432
vn 0.0709 -0.9970 -0.0317
vn -0.0529 -0.9951 0.0830
vn 0.0379 -0.9978 0.0549
vn -0.0175 -0.9998 -0.0030
vn -0.0180 -0.9974 -0.0697
vn -0.0029 -0.9984 -0.0569
vn -0.2298 -0.9519 0.2025
vn -0.0367 -0.9971 -0.0669
vn 0.0080 -0.9956 -0.0930
vn -0.1155 -0.9838 0.1368
vn -0.2545 -0.9025 0.3475
vn -0.0390 -0.9987 -0.0324
vn 0.0508 -0.9859 -0.1596
vn 0.0300 -0.9915 0.1264
vn 0.0328 -0.9463 0.3215
vn 0.1036 -0.9898 -0.0978
vn -0.2543 -0.7704 0.5847
vn -0.1009 -0.9571 0.2716
vn -0.2396 -0.5773 0.7806
vn -0.0138 -0.9983 -0.0562
vn -0.4116 -0.5863 0.6978
vn -0.0221 -0.9957 0.0898
vn -0.3353 -0.9327 0.1331
vn -0.2014 -0.9407 0.2730
vn 0.0257 -0.9877 -0.1545
vn 0.0713 -0.9891 -0.1285
vn -0.0185 -0.9895 -0.1437
vn 0.0062 -0.9755 -0.2200
vn 0.0948 -0.9883 -0.1197
vn 0.0743 -0.9899 -0.1204
vn -0.0189 -0.9911 -0.1318
vn 0.0198 -0.9785 -0.2053
vn -0.1269 -0.9914 -0.0318
vn -0.2011 -0.9795 0.0107
vn -0.0806 -0.9967 0.0126
vn -0.1651 -0.9835 -0.0738
vn -0.2328 -0.6560 0.7180
vn -0.2270 -0.6233 0.7483
vn -0.1672 -0.6250 0.7625
vn -0.4015 -0.6071 0.6857
vn -0.2150 -0.6225 0.7525
vn -0.1698 -0.7080 0.6854
vn -0.2593 -0.6376 0.7254
vn -0.2993 -0.8659 0.4009
vn -0.4132 -0.8744 0.2545
vn -0.0795 -0.9228 0.3771
vn -0.2085 -0.7149 0.6674
vn -0.1912 -0.6545 0.7315
vn -0.1879 -0.6431 0.7424
vn -0.2371 -0.6201 0.7479
vn -0.2271 -0.5925 0.7729
vn -0.2004 -0.7483 0.6324
vn -0.2463 -0.8932 0.3761
vn -0.1670 -0.9108 0.3775
vn -0.3063 -0.6599 0.6861
vn -0.2674 -0.7909 0.5505
vn -0.0052 -0.9915 -0.1304
vn -0.2785 -0.8325 0.4790
vn -0.0317 -0.9983 -0.0499
vn -0.3480 -0.9358 -0.0553
vn -0.2877 -0.9440 0.1615
vn 0.0747 -0.9904 -0.1161
vn -0.2050 -0.6128 0.7632
vn -0.1559 -0.9798 0.1255
vn -0.2015 -0.9780 0.0540
vn -0.1060 -0.9896 0.0969
vn -0.2301 -0.6514 0.7230
vn -0.2205 -0.6496 0.7276
vn -0.4543 -0.8887 -0.0623
vn -0.5966 -0.6949 -0.4015
vn -0.2928 -0.9414 -0.1677
vn -0.2731 -0.3730 0.8867
vn -0.0711 -0.9920 0.1040
vn -0.2125 -0.7099 0.6715
vn -0.1482 -0.6258 0.7658
vn -0.0629 -0.8647 0.4983
vn 0.0871 -0.9704 0.2252
vn 0.0208 -0.9427 0.3330
vn 0.0937 -0.9954 0.0195
vn 0.1377 -0.9817 -0.1312
vn 0.1665 -0.9736 -0.1559
vn -0.2564 -0.7660 0.5895
vn -0.2130 -0.9758 0.0498
vn -0.3634 -0.9252 0.1097
vn -0.0572 -0.9964 -0.0619
vn 0.1468 0.3434 -0.9276
vn 0.1248 0.3243 -0.9377
vn 0.1469 0.3303 -0.9324
vn 0.3985 -0.5601 -0.7263
vn 0.1392 0.3469 -0.9275
vn 0.5376 -0.1575 -0.8284
vn 0.2550 -0.0610 -0.9650
vn 0.1449 0.3367 -0.9304
vn 0.1958 0.2925 -0.9360
vn 0.1564 0.2680 -0.9506
vn 0.2344 0.2431 -0.9412
vn 0.1033 0.3229 -0.9408
vn 0.1059 0.3774 -0.9200
vn 0.1764 0.4054 -0.8970
vn 0.6449 -0.3695 -0.6691
vn 0.1397 0.1559 -0.9778
vn 0.4589 0.0468 -0.8873
vn 0.0814 0.3610 -0.9290
vn 0.1410 0.2339 -0.9620
vn 0.1316 0.0205 -0.9911
vn 0.6531 -0.2269 -0.7225
vn 0.7744 -0.4514 -0.4433
vn 0.1252 0.3747 -0.9187
vn 0.1054 0.3826 -0.9179
vn 0.1775 0.3148 -0.9324
vn 0.2479 0.2627 -0.9325
vn 0.2123 0.3304 -0.9196
vn 0.2377 0.2840 -0.9289
vn -0.0992 -0.5691 -0.8163
vn 0.1407 0.3153 -0.9385
vn 0.4730 -0.5639 -0.6770
vn 0.9224 -0.1841 -0.3395
vn 0.1735 -0.5016 -0.8475
vn 0.2062 0.3117 -0.9275
vn 0.8449 -0.2538 -0.4708
vn 0.6162 -0.2526 -0.7460
vn 0.2079 -0.7524 -0.6250
vn 0.4101 -0.8137 -0.4119
vn 0.4437 -0.8141 -0.3746
vn 0.2272 -0.4229 -0.8772
vn 0.2019 -0.0978 -0.9745
vn 0.2073 -0.7342 -0.6465
vn 0.1678 0.3242 -0.9310
vn 0.1589 0.0725 -0.9846
vn 0.1615 -0.6308 -0.7590
vn 0.0754 -0.4694 -0.8798
vn 0.1380 -0.8044 -0.5778
vn 0.1378 0.3867 -0.9118
vn 0.1698 0.3409 -0.9246
vn 0.1701 0.2317 -0.9578
vn 0.0580 -0.7331 -0.6777
vn 0.0567 -0.7387 -0.6716
vn 0.1563 -0.3650 -0.9178
vn -0.0030 -0.9934 0.1144
vn 0.0075 -0.9720 0.2347
vn 0.0032 -0.9788 0.2047
vn 0.1703 -0.9854 -0.0083
vn 0.0115 -0.9931 0.1167
vn 0.0094 -0.9976 -0.0686
vn -0.0246 -0.9995 -0.0219
vn 0.3079 -0.8507 -0.4261
vn 0.1438 -0.9858 -0.0869
vn -0.0838 -0.9906 0.1081
vn 0.1768 -0.9613 0.2114
vn -0.0145 -0.9857 0.1681
vn 0.1309 -0.9687 -0.2108
vn -0.0687 -0.9976 -0.0121
vn 0.1003 -0.9675 0.2322
vn 0.2791 -0.8535 -0.4400
vn 0.1014 -0.9907 0.0908
vn 0.0981 -0.9951 0.0127
vn 0.2198 -0.7661 -0.6040
vn -0.0729 -0.9973 0.0132
vn 0.0495 -0.9984 0.0254
vn -0.0107 -0.6483 -0.7613
vn 0.0403 -0.6242 -0.7803
vn -0.0698 -0.8409 -0.5367
vn 0.0947 -0.9943 0.0492
vn -0.0154 -0.9995 0.0287
vn -0.0978 -0.9951 0.0104
vn -0.1539 -0.9880 0.0096
vn 0.0417 -0.9496 -0.3108
vn 0.0286 -0.8113 -0.5839
vn -0.0187 -0.9859 0.1663
vn 0.0371 -0.9987 0.0359
vn 0.1873 -0.9620 0.1988
vn 0.0286 -0.9787 0.2032
vn -0.0921 -0.9711 0.2200
vn -0.1321 -0.9907 -0.0309
vn -0.0274 -0.9981 0.0546
vn -0.0533 -0.9197 0.3890
vn -0.1069 -0.9894 0.0987
vn -0.0756 -0.9901 0.1184
vn -0.0345 -0.9952 0.0911
vn -0.0359 -0.9960 0.0815
vn 0.1186 -0.9412 -0.3163
vn -0.0226 -0.9892 0.1451
vn 0.1644 -0.9822 0.0908
vn 0.1942 -0.9791 0.0596
vn -0.0921 -0.9927 0.0775
vn -0.1156 -0.9894 0.0877
vn 0.0407 -0.9577 -0.2850
vn 0.0422 -0.9919 0.1197
vn -0.0800 -0.9406 -0.3301
vn 0.0786 -0.9946 0.0680
vn 0.0923 -0.9802 0.1752
vn -0.0151 -0.7682 -0.6400
vn 0.1023 -0.9901 -0.0962
vn 0.0259 -0.9945 0.1018
vn 0.0738 -0.9957 0.0565
vn 0.0863 -0.9865 0.1389
vn -0.0163 -0.9801 0.1977
vn -0.0333 -0.9979 0.0562
vn -0.0717 -0.9974 0.0052
vn -0.0368 -0.9822 0.1840
vn -0.0709 -0.9935 0.0887
vn -0.0197 -0.9922 0.1228
vn -0.0606 -0.9900 0.1272
vn 0.0016 -0.9915 0.1302
vn 0.0364 -0.9933 0.1100
vn 0.0855 -0.9784 0.1884
vn 0.0447 -0.9597 0.2773
vn -0.0011 -0.9290 0.3700
vn 0.0425 -0.9937 0.1038
vn 0.0617 -0.9976 0.0302
vn 0.0328 -0.9926 0.1172
vn 0.1728 -0.9814 0.0841
vn 0.2122 -0.9623 0.1703
vn 0.0668 -0.9904 0.1207
vn 0.1233 -0.9816 0.1455
vn 0.0114 -0.9957 0.0923
vn -0.0413 -0.9962 0.0773
vn 0.0262 -0.9698 0.2424
vn 0.2490 -0.9675 0.0434
vn 0.0550 -0.9869 0.1514
vn 0.0256 -0.9793 0.2006
vn 0.0788 -0.9905 0.1129
vn -0.0069 -0.9939 0.1101
vn 0.0349 -0.9986 0.0385
vn 0.0638 -0.9924 0.1053
vn -0.0560 -0.9470 0.3163
vn 0.0451 -0.9843 0.1707
vn 0.0734 -0.9732 0.2179
vn 0.1568 -0.9709 0.1809
vn -0.5033 0.3294 0.7989
vn -0.3109 -0.5299 0.7890
vn -0.1788 -0.1729 0.9686
vn -0.3710 -0.6000 0.7088
vn -0.2769 -0.1640 0.9468
vn -0.0560 0.6194 0.7830
vn -0.1420 0.1984 0.9698
vn -0.3761 -0.6060 0.7009
vn -0.1789 0.1401 0.9738
vn -0.0515 0.5759 0.8159
vn 0.0240 0.2958 0.9549
vn -0.1028 0.5435 0.8331
vn -0.0836 0.5465 0.8332
vn -0.4309 0.2104 0.8775
vn -0.1493 0.5167 0.8430
vn -0.0812 0.5346 0.8412
vn -0.2572 -0.6549 0.7106
vn -0.0458 0.5577 0.8288
vn -0.0961 0.5551 0.8262
vn -0.0538 0.5770 0.8150
vn -0.0597 0.5848 0.8090
vn -0.0363 0.5581 0.8290
vn -0.0606 0.5687 0.8203
vn -0.0637 0.5853 0.8083
vn -0.1224 0.5643 0.8164
vn -0.0899 0.5516 0.8293
vn -0.2796 -0.4921 0.8244
vn -0.0022 0.3551 0.9348
vn -0.2296 -0.1337 0.9641
vn -0.0421 0.4436 0.8952
vn -0.1758 0.2220 0.9591
vn -0.2017 -0.6357 0.7451
vn -0.2712 -0.1055 0.9567
vn -0.1611 -0.3001 0.9402
vn -0.2103 -0.5268 0.8236
vn -0.0681 -0.2244 0.9721
vn -0.0361 0.5743 0.8178
vn -0.1772 0.2926 0.9397
vn -0.1935 -0.3011 0.9337
vn -0.2962 -0.6045 0.7395
vn -0.2483 0.1091 0.9625
vn -0.1909 -0.0443 0.9806
vn 0.1970 0.0599 0.9786
vn -0.0208 0.5756 0.8174
vn -0.0540 0.5745 0.8167
vn 0.0422 -0.4917 -0.8697
vn 0.1146 -0.2446 -0.9628
vn -0.9430 0.3290 0.0499
vn -0.8860 0.3345 -0.3210
vn -0.6445 0.6310 -0.4318
vn -0.7716 -0.1160 -0.6254
vn -0.8251 0.2242 -0.5187
vn -0.4824 0.7416 -0.4663
vn -0.6771 0.2566 -0.6897
vn -0.4343 -0.5030 0.7473
vn -0.9158 -0.4009 -0.0244
vn -0.5515 0.7332 -0.3978
vn -0.0573 0.9507 -0.3048
vn -0.7838 -0.0988 -0.6131
vn -0.8135 -0.0563 -0.5788
vn -0.7464 -0.1107 -0.6562
vn -0.7725 -0.0807 -0.6298
vn -0.8209 -0.4066 -0.4011
vn -0.2499 0.9450 -0.2109
vn -0.7982 -0.2248 -0.5589
vn -0.7670 -0.2150 -0.6046
vn -0.8544 -0.0759 -0.5140
vn -0.9237 0.3685 -0.1051
vn -0.7955 -0.0502 -0.6039
vn -0.7755 -0.1077 -0.6221
vn -0.7868 -0.2668 -0.5567
vn -0.8835 0.0470 -0.4662
vn -0.6968 -0.1319 -0.7050
vn -0.7711 -0.0274 -0.6361
vn -0.7850 -0.1884 -0.5901
vn -0.8512 -0.2988 -0.4314
vn -0.7189 -0.5219 0.4592
vn -0.8641 -0.1978 -0.4629
vn -0.7884 -0.0490 -0.6132
vn -0.9525 -0.2031 -0.2270
vn 0.0549 0.4792 0.8760
vn -0.0113 0.3911 0.9203
vn 0.1768 0.0184 0.9841
vn -0.1969 -0.3049 0.9318
vn -0.1826 0.1639 0.9694
vn -0.3533 -0.3684 0.8599
vn -0.1941 0.3411 0.9198
vn -0.3322 -0.1382 0.9330
vn 0.2659 0.1726 0.9484
vn 0.0774 0.2527 0.9644
vn 0.5967 -0.1803 0.7819
vn -0.0949 0.6034 0.7917
vn 0.1410 0.1019 0.9847
vn 0.0613 -0.0137 0.9980
vn 0.1951 0.2263 0.9543
vn 0.5505 -0.0879 0.8302
vn 0.4061 -0.0593 0.9119
vn 0.4351 -0.5854 0.6841
vn -0.0019 0.4641 0.8858
vn 0.2610 0.3020 0.9169
vn 0.1509 -0.4846 0.8616
vn -0.2427 0.0542 0.9686
vn 0.5493 -0.1593 0.8203
vt 0.942958 0.650689
vt 0.938018 0.658297
vt 0.923149 0.650214
vt 0.818837 0.659951
vt 0.836428 0.661974
vt 0.815875 0.670098
vt 0.816739 0.636993
vt 0.830779 0.632672
vt 0.923216 0.633150
vt 0.877126 0.688399
vt 0.874085 0.680076
vt 0.892337 0.684631
vt 0.930273 0.627984
vt 0.914057 0.656098
vt 0.903510 0.646119
vt 0.906901 0.623255
vt 0.896966 0.625907
vt 0.919217 0.608844
vt 0.888379 0.653669
vt 0.900411 0.682031
vt 0.862366 0.703930
vt 0.855241 0.684900
vt 0.842174 0.703352
vt 0.856999 0.715347
vt 0.885357 0.635433
vt 0.848853 0.633316
vt 0.870365 0.634731
vt 0.843270 0.634020
vt 0.837752 0.688869
vt 0.832333 0.704653
vt 0.822206 0.694124
vt 0.846916 0.659382
vt 0.848323 0.696832
vt 0.908796 0.611147
vt 0.846840 0.720749
vt 0.817008 0.714233
vt 0.818988 0.620523
vt 0.812755 0.607309
vt 0.832155 0.598438
vt 0.866930 0.651753
vt 0.802535 0.705389
vt 0.835838 0.731668
vt 0.809113 0.629881
vt 0.828111 0.739045
vt 0.853445 0.600312
vt 0.836440 0.578358
vt 0.833490 0.611721
vt 0.817800 0.580816
vt 0.848819 0.613707
vt 0.841162 0.613399
vt 0.861932 0.629397
vt 0.908224 0.596753
vt 0.897880 0.587084
vt 0.900324 0.564886
vt 0.814310 0.727451
vt 0.856142 0.580134
vt 0.862302 0.595596
vt 0.875300 0.587589
vt 0.914099 0.580660
vt 0.864459 0.608878
vt 0.890733 0.605414
vt 0.874300 0.620167
vt 0.919180 0.590956
vt 0.948695 0.628174
vt 0.944370 0.634910
vt 0.951483 0.588230
vt 0.937329 0.594514
vt 0.943109 0.578485
vt 0.882536 0.580880
vt 0.924570 0.574059
vt 0.932488 0.582012
vt 0.942066 0.611969
vt 0.931593 0.572391
vt 0.358314 0.554388
vt 0.348760 0.557840
vt 0.356045 0.543015
vt 0.899613 0.700344
vt 0.913378 0.706701
vt 0.908075 0.727437
vt 0.968201 0.780806
vt 0.963466 0.790998
vt 0.942911 0.782996
vt 0.343876 0.599558
vt 0.352912 0.597273
vt 0.353902 0.604885
vt 0.335721 0.596606
vt 0.975488 0.789199
vt 0.324152 0.568013
vt 0.349622 0.565045
vt 0.338846 0.582515
vt 0.351945 0.578340
vt 0.363862 0.584065
vt 0.962505 0.775027
vt 0.328356 0.540209
vt 0.316037 0.558303
vt 0.300036 0.549399
vt 0.314499 0.548103
vt 0.352213 0.525557
vt 0.372082 0.558009
vt 0.926042 0.740825
vt 0.930719 0.747969
vt 0.922058 0.738288
vt 0.364286 0.565415
vt 0.376692 0.541842
vt 0.914778 0.747607
vt 0.918724 0.722868
vt 0.932053 0.731855
vt 0.931808 0.809703
vt 0.929132 0.816269
vt 0.929354 0.802561
vt 0.945218 0.824321
vt 0.318306 0.531988
vt 0.915458 0.818428
vt 0.912609 0.805856
vt 0.904066 0.808105
vt 0.906615 0.830698
vt 0.905595 0.824728
vt 0.914421 0.825696
vt 0.896865 0.814082
vt 0.306654 0.540731
vt 0.893796 0.826764
vt 0.313792 0.522920
vt 0.876445 0.842886
vt 0.874723 0.827354
vt 0.882515 0.837391
vt 0.881053 0.826892
vt 0.881951 0.812951
vt 0.862450 0.838691
vt 0.858795 0.826741
vt 0.872369 0.837034
vt 0.292901 0.532452
vt 0.804329 0.736249
vt 0.292798 0.542595
vt 0.945139 0.733057
vt 0.947770 0.748490
vt 0.872753 0.818166
vt 0.877304 0.817784
vt 0.938822 0.722505
vt 0.856409 0.733560
vt 0.847939 0.836451
vt 0.857099 0.854998
vt 0.845886 0.853452
vt 0.308167 0.559198
vt 0.944602 0.764244
vt 0.937542 0.811620
vt 0.941403 0.800072
vt 0.814272 0.745071
vt 0.931855 0.699919
vt 0.922362 0.696673
vt 0.933988 0.690024
vt 0.957845 0.765155
vt 0.284722 0.529762
vt 0.329447 0.578972
vt 0.328801 0.587666
vt 0.315560 0.575027
vt 0.932306 0.713335
vt 0.925165 0.681858
vt 0.933267 0.787151
vt 0.824184 0.770412
vt 0.835852 0.764123
vt 0.839126 0.780000
vt 0.815481 0.756071
vt 0.827688 0.758021
vt 0.837198 0.751017
vt 0.854675 0.753795
vt 0.849592 0.764236
vt 0.953207 0.775070
vt 0.858259 0.769945
vt 0.841591 0.798651
vt 0.827905 0.792471
vt 0.839443 0.806321
vt 0.826148 0.803588
vt 0.828256 0.812012
vt 0.850721 0.805813
vt 0.854887 0.813368
vt 0.838717 0.815758
vt 0.870379 0.770180
vt 0.852331 0.795293
vt 0.855456 0.781881
vt 0.943153 0.791844
vt 0.868886 0.798921
vt 0.865399 0.808083
vt 0.875476 0.787841
vt 0.875761 0.805726
vt 0.880649 0.799308
vt 0.296354 0.522410
vt 0.874984 0.719386
vt 0.884590 0.720396
vt 0.939679 0.772640
vt 0.874843 0.735986
vt 0.932768 0.777767
vt 0.892445 0.705253
vt 0.901541 0.715738
vt 0.888244 0.740732
vt 0.872796 0.744314
vt 0.896479 0.752406
vt 0.903855 0.744448
vt 0.890249 0.781413
vt 0.893853 0.769088
vt 0.881955 0.795519
vt 0.885019 0.801180
vt 0.901170 0.794046
vt 0.908783 0.797562
vt 0.910378 0.769509
vt 0.904509 0.778831
vt 0.914922 0.771529
vt 0.910861 0.788915
vt 0.922217 0.788733
vt 0.830666 0.827234
vt 0.839051 0.845843
vt 0.372707 0.523568
vt 0.354248 0.508107
vt 0.322845 0.468498
vt 0.335191 0.471038
vt 0.332129 0.485736
vt 0.365689 0.477054
vt 0.379145 0.483743
vt 0.381260 0.489208
vt 0.388213 0.506183
vt 0.390940 0.488793
vt 0.394612 0.495971
vt 0.317407 0.485600
vt 0.326380 0.493357
vt 0.361157 0.502129
vt 0.339876 0.513762
vt 0.316811 0.510201
vt 0.311749 0.498320
vt 0.332995 0.450112
vt 0.344859 0.445197
vt 0.357512 0.462426
vt 0.332648 0.504862
vt 0.301445 0.510626
vt 0.282401 0.519318
vt 0.280717 0.510522
vt 0.279899 0.499763
vt 0.350503 0.487247
vt 0.342415 0.467046
vt 0.948631 0.655449
vt 0.288460 0.496826
vt 0.294510 0.486445
vt 0.936562 0.681858
vt 0.284656 0.482401
vt 0.947423 0.645590
vt 0.278209 0.487892
vt 0.322989 0.420300
vt 0.343027 0.479245
vt 0.302178 0.487739
vt 0.366242 0.429112
vt 0.372781 0.467311
vt 0.353689 0.476105
vt 0.389335 0.467415
vt 0.406025 0.445564
vt 0.309066 0.453330
vt 0.324578 0.463666
vt 0.968546 0.613272
vt 0.962282 0.618617
vt 0.963328 0.603171
vt 0.303740 0.462456
vt 0.316435 0.472640
vt 0.971499 0.603669
vt 0.972757 0.589589
vt 0.314073 0.439172
vt 0.318112 0.427926
vt 0.289477 0.474788
vt 0.311290 0.483617
vt 0.365793 0.488407
vt 0.297829 0.468947
vt 0.951675 0.601872
vt 0.953105 0.620878
vt 0.972685 0.579295
vt 0.714670 0.786485
vt 0.708515 0.788496
vt 0.715723 0.779465
vt 0.701023 0.742738
vt 0.711689 0.750281
vt 0.694871 0.749723
vt 0.614306 0.586765
vt 0.601986 0.565053
vt 0.606071 0.535811
vt 0.679554 0.773847
vt 0.668267 0.771465
vt 0.681954 0.765131
vt 0.696501 0.773141
vt 0.591659 0.618309
vt 0.611668 0.627846
vt 0.593283 0.630866
vt 0.698587 0.760106
vt 0.046458 0.838958
vt 0.036834 0.832528
vt 0.043946 0.831486
vt 0.626907 0.573727
vt 0.630739 0.548698
vt 0.646876 0.571500
vt 0.667546 0.791300
vt 0.037095 0.844195
vt 0.661234 0.756402
vt 0.693581 0.781804
vt 0.674116 0.749618
vt 0.657352 0.789027
vt 0.656184 0.773872
vt 0.629359 0.599261
vt 0.640044 0.607940
vt 0.638974 0.632287
vt 0.582645 0.607717
vt 0.635108 0.578049
vt 0.649381 0.586881
vt 0.671761 0.616607
vt 0.681330 0.616476
vt 0.670003 0.630797
vt 0.680412 0.601144
vt 0.658178 0.571760
vt 0.671801 0.643227
vt 0.663294 0.651540
vt 0.645639 0.622750
vt 0.679568 0.645739
vt 0.573505 0.582824
vt 0.038042 0.810113
vt 0.031904 0.811479
vt 0.037521 0.796999
vt 0.644885 0.775989
vt 0.641913 0.764748
vt 0.573867 0.597928
vt 0.695794 0.731526
vt 0.705905 0.736669
vt 0.689323 0.735820
vt 0.652394 0.804357
vt 0.637823 0.806510
vt 0.647357 0.793936
vt 0.644198 0.784115
vt 0.670689 0.736516
vt 0.712216 0.675812
vt 0.697291 0.672650
vt 0.710736 0.657692
vt 0.655581 0.741114
vt 0.709508 0.685839
vt 0.702995 0.689933
vt 0.684648 0.690352
vt 0.697345 0.637434
vt 0.718870 0.635132
vt 0.684314 0.668858
vt 0.637856 0.778664
vt 0.640734 0.768588
vt 0.033421 0.823017
vt 0.688298 0.793786
vt 0.698633 0.601623
vt 0.028358 0.836740
vt 0.725863 0.618300
vt 0.688003 0.804170
vt 0.644699 0.828831
vt 0.637020 0.820536
vt 0.647537 0.816558
vt 0.028982 0.832764
vt 0.041288 0.823133
vt 0.044096 0.849281
vt 0.052529 0.845204
vt 0.611617 0.655148
vt 0.597598 0.660578
vt 0.675246 0.676460
vt 0.039558 0.780907
vt 0.047501 0.793813
vt 0.046593 0.800338
vt 0.050974 0.786543
vt 0.670039 0.693392
vt 0.662350 0.683334
vt 0.659878 0.693058
vt 0.053135 0.827873
vt 0.059627 0.834314
vt 0.664543 0.665917
vt 0.648212 0.637209
vt 0.049783 0.823856
vt 0.044187 0.817740
vt 0.053590 0.816431
vt 0.022528 0.890545
vt 0.021893 0.872190
vt 0.032405 0.873231
vt 0.637645 0.653192
vt 0.036363 0.854185
vt 0.612860 0.675105
vt 0.026072 0.851760
vt 0.026244 0.862168
vt 0.643048 0.749897
vt 0.645619 0.739979
vt 0.799293 0.725953
vt 0.792719 0.704365
vt 0.723813 0.762487
vt 0.727309 0.770773
vt 0.777312 0.712743
vt 0.784855 0.727807
vt 0.771358 0.722965
vt 0.804068 0.667814
vt 0.798276 0.652718
vt 0.803104 0.647728
vt 0.808179 0.645786
vt 0.735112 0.586053
vt 0.747215 0.590819
vt 0.734071 0.598071
vt 0.734807 0.770107
vt 0.803799 0.618946
vt 0.721022 0.605427
vt 0.738282 0.748652
vt 0.794381 0.625381
vt 0.750066 0.769031
vt 0.744492 0.766964
vt 0.751336 0.753530
vt 0.796553 0.600886
vt 0.798651 0.574937
vt 0.734431 0.607141
vt 0.733522 0.627809
vt 0.747804 0.615911
vt 0.733405 0.642651
vt 0.737343 0.662403
vt 0.761717 0.736209
vt 0.759072 0.720537
vt 0.747323 0.634864
vt 0.727982 0.736111
vt 0.722636 0.741560
vt 0.728884 0.726101
vt 0.772108 0.679690
vt 0.769323 0.673755
vt 0.788504 0.669426
vt 0.781811 0.599546
vt 0.768324 0.586531
vt 0.789213 0.594953
vt 0.785554 0.735375
vt 0.783183 0.679686
vt 0.790961 0.674086
vt 0.780554 0.579732
vt 0.788591 0.579339
vt 0.746603 0.603504
vt 0.757563 0.601815
vt 0.755341 0.618944
vt 0.761267 0.625883
vt 0.779813 0.614454
vt 0.749289 0.650893
vt 0.780201 0.640434
vt 0.791755 0.652233
vt 0.744738 0.685730
vt 0.754365 0.672830
vt 0.753686 0.740469
vt 0.762155 0.758646
vt 0.768592 0.753630
vt 0.772465 0.746467
vt 0.766162 0.656146
vt 0.791867 0.746001
vt 0.725828 0.684281
vt 0.725648 0.666750
vt 0.711655 0.729295
vt 0.742364 0.682295
vt 0.731948 0.729771
vt 0.258321 0.667589
vt 0.276093 0.670936
vt 0.266978 0.681272
vt 0.256164 0.631915
vt 0.240699 0.642656
vt 0.245425 0.618504
vt 0.263827 0.620451
vt 0.270750 0.650677
vt 0.281828 0.713142
vt 0.259552 0.695074
vt 0.290665 0.703004
vt 0.280524 0.690646
vt 0.290368 0.687643
vt 0.132211 0.776118
vt 0.142589 0.799721
vt 0.103155 0.791764
vt 0.680649 0.844018
vt 0.688141 0.836964
vt 0.696813 0.847872
vt 0.298242 0.692742
vt 0.670923 0.841646
vt 0.666192 0.827638
vt 0.269892 0.723220
vt 0.284944 0.721902
vt 0.291529 0.679016
vt 0.288185 0.655519
vt 0.051095 0.769256
vt 0.322807 0.714126
vt 0.326363 0.698470
vt 0.329862 0.710246
vt 0.294646 0.720012
vt 0.296159 0.713404
vt 0.308471 0.716261
vt 0.687350 0.827889
vt 0.657342 0.836318
vt 0.307379 0.698227
vt 0.312815 0.705447
vt 0.282203 0.639019
vt 0.317781 0.695944
vt 0.115542 0.767321
vt 0.091942 0.774649
vt 0.312800 0.689287
vt 0.301474 0.688072
vt 0.098260 0.754707
vt 0.297191 0.646473
vt 0.290077 0.628667
vt 0.109344 0.753286
vt 0.081346 0.754688
vt 0.310203 0.671415
vt 0.299794 0.663639
vt 0.302859 0.656554
vt 0.128100 0.756435
vt 0.306033 0.684601
vt 0.679178 0.820419
vt 0.238804 0.664496
vt 0.254027 0.654381
vt 0.257432 0.721976
vt 0.797490 0.816302
vt 0.814655 0.812087
vt 0.806886 0.821833
vt 0.835103 0.860736
vt 0.800524 0.833550
vt 0.822819 0.817367
vt 0.823416 0.828311
vt 0.835021 0.836886
vt 0.822771 0.842503
vt 0.805059 0.749830
vt 0.810885 0.790678
vt 0.810098 0.866603
vt 0.796971 0.869585
vt 0.777770 0.850331
vt 0.805875 0.761472
vt 0.809278 0.770982
vt 0.780723 0.836831
vt 0.783882 0.832088
vt 0.775613 0.828616
vt 0.742521 0.784448
vt 0.726924 0.791305
vt 0.766882 0.839600
vt 0.759060 0.779475
vt 0.779169 0.806437
vt 0.752612 0.802862
vt 0.731936 0.812384
vt 0.758700 0.791557
vt 0.758543 0.798890
vt 0.753159 0.823807
vt 0.820801 0.864489
vt 0.755157 0.834985
vt 0.742206 0.832155
vt 0.761298 0.817603
vt 0.762405 0.829860
vt 0.746110 0.862555
vt 0.745429 0.850567
vt 0.755953 0.856925
vt 0.204606 0.711124
vt 0.191967 0.717624
vt 0.207432 0.693563
vt 0.765213 0.773193
vt 0.772616 0.864865
vt 0.776741 0.760819
vt 0.213748 0.716408
vt 0.774357 0.782768
vt 0.775997 0.792300
vt 0.786408 0.777354
vt 0.800494 0.792518
vt 0.753469 0.868656
vt 0.794937 0.759634
vt 0.797526 0.772097
vt 0.794186 0.801570
vt 0.175730 0.719744
vt 0.184318 0.685101
vt 0.721257 0.826142
vt 0.141995 0.813404
vt 0.141848 0.835846
vt 0.116794 0.810768
vt 0.236559 0.596184
vt 0.241085 0.607187
vt 0.253240 0.588935
vt 0.257091 0.583255
vt 0.263585 0.591769
vt 0.267115 0.571886
vt 0.565933 0.572649
vt 0.570965 0.558101
vt 0.272913 0.600170
vt 0.274521 0.573459
vt 0.156888 0.848481
vt 0.176773 0.859645
vt 0.164032 0.860249
vt 0.147908 0.786282
vt 0.159224 0.801898
vt 0.183733 0.768932
vt 0.193949 0.767953
vt 0.199203 0.779659
vt 0.248055 0.568922
vt 0.260930 0.557288
vt 0.219061 0.795175
vt 0.214705 0.767336
vt 0.234238 0.772825
vt 0.170638 0.831715
vt 0.164859 0.813918
vt 0.165862 0.765121
vt 0.203490 0.847306
vt 0.204425 0.764480
vt 0.280658 0.590662
vt 0.178440 0.813743
vt 0.207056 0.805043
vt 0.209254 0.814842
vt 0.173761 0.796029
vt 0.244746 0.725163
vt 0.246075 0.717398
vt 0.223420 0.699031
vt 0.229238 0.709628
vt 0.238959 0.680308
vt 0.237473 0.700251
vt 0.200839 0.655549
vt 0.208650 0.666623
vt 0.225412 0.653131
vt 0.698362 0.802130
vt 0.706453 0.795947
vt 0.694266 0.825810
vt 0.720657 0.856777
vt 0.737190 0.858179
vt 0.225945 0.724474
vt 0.707530 0.824579
vt 0.230447 0.635867
vt 0.215828 0.627396
vt 0.703224 0.839876
vt 0.713178 0.843076
vt 0.728651 0.838653
vt 0.707954 0.854515
vt 0.714570 0.849516
vt 0.251807 0.709518
vt 0.716151 0.800298
vt 0.714598 0.812494
vt 0.216216 0.723703
vt 0.715639 0.836615
vt 0.376709 0.640045
vt 0.390382 0.640669
vt 0.391375 0.660038
vt 0.403816 0.646990
vt 0.417563 0.648416
vt 0.409679 0.659460
vt 0.386030 0.617462
vt 0.399365 0.610763
vt 0.393053 0.629224
vt 0.401658 0.661061
vt 0.409774 0.676087
vt 0.384567 0.664609
vt 0.381459 0.656981
vt 0.380002 0.631591
vt 0.400951 0.680141
vt 0.958692 0.838777
vt 0.957634 0.830909
vt 0.965239 0.834805
vt 0.977855 0.825018
vt 0.967662 0.816574
vt 0.393046 0.673995
vt 0.953174 0.849340
vt 0.942396 0.841064
vt 0.950622 0.832851
vt 0.949849 0.812000
vt 0.950384 0.823465
vt 0.961866 0.809240
vt 0.384092 0.609109
vt 0.390596 0.608981
vt 0.409016 0.619721
vt 0.418977 0.618526
vt 0.415385 0.611347
vt 0.429696 0.611702
vt 0.392686 0.599235
vt 0.404887 0.593006
vt 0.406556 0.609224
vt 0.432649 0.619776
vt 0.383058 0.600430
vt 0.439516 0.624665
vt 0.444832 0.615547
vt 0.437980 0.642006
vt 0.423064 0.632874
vt 0.411117 0.604504
vt 0.424380 0.602957
vt 0.417797 0.599801
vt 0.440837 0.611193
vt 0.431398 0.605756
vt 0.435877 0.601990
vt 0.427791 0.595281
vt 0.440535 0.590447
vt 0.442743 0.604944
vt 0.443776 0.599233
vt 0.425224 0.581272
vt 0.456651 0.586896
vt 0.451048 0.569119
vt 0.465837 0.574998
vt 0.401618 0.633251
vt 0.434362 0.558064
vt 0.438976 0.566793
vt 0.423117 0.550430
vt 0.443580 0.552790
vt 0.457165 0.599518
vt 0.448754 0.609293
vt 0.432168 0.669510
vt 0.447569 0.633934
vt 0.450516 0.623306
vt 0.432808 0.584282
vt 0.435554 0.588702
vt 0.864731 0.853316
vt 0.398690 0.581531
vt 0.454505 0.627241
vt 0.417095 0.570470
vt 0.414921 0.572394
vt 0.865237 0.873921
vt 0.051491 0.694850
vt 0.038620 0.671397
vt 0.054347 0.673787
vt 0.445922 0.673942
vt 0.466450 0.655679
vt 0.401112 0.567700
vt 0.904900 0.846094
vt 0.885979 0.861128
vt 0.892413 0.849803
vt 0.898013 0.851568
vt 0.405098 0.563994
vt 0.376714 0.618430
vt 0.368812 0.621913
vt 0.370471 0.612900
vt 0.362900 0.611650
vt 0.361630 0.597957
vt 0.985370 0.808104
vt 0.967815 0.810773
vt 0.873296 0.879681
vt 0.982627 0.797284
vt 0.369193 0.585408
vt 0.382561 0.584381
vt 0.077992 0.694351
vt 0.386238 0.567220
vt 0.397263 0.548723
vt 0.901650 0.833225
vt 0.422016 0.676912
vt 0.909694 0.837521
vt 0.920504 0.848729
vt 0.911633 0.859052
vt 0.468504 0.666289
vt 0.472210 0.678280
vt 0.926490 0.825970
vt 0.932763 0.855700
vt 0.896061 0.871464
vt 0.439311 0.689741
vt 0.463447 0.648403
vt 0.937201 0.849916
vt 0.085113 0.653945
vt 0.069820 0.666271
vt 0.057458 0.643149
vt 0.154097 0.686209
vt 0.162835 0.693655
vt 0.161343 0.704665
vt 0.140835 0.699785
vt 0.166003 0.674253
vt 0.141128 0.709734
vt 0.130307 0.673635
vt 0.138012 0.685915
vt 0.059693 0.616642
vt 0.074711 0.640477
vt 0.088879 0.631358
vt 0.091466 0.647970
vt 0.075348 0.612563
vt 0.050523 0.586250
vt 0.066292 0.584257
vt 0.062088 0.595262
vt 0.047491 0.603000
vt 0.056429 0.572252
vt 0.076774 0.583246
vt 0.084260 0.595991
vt 0.081957 0.567502
vt 0.089178 0.673481
vt 0.126306 0.686614
vt 0.097184 0.673167
vt 0.091315 0.702268
vt 0.159751 0.722369
vt 0.845874 0.865473
vt 0.099282 0.642534
vt 0.842928 0.884279
vt 0.221451 0.624100
vt 0.231685 0.586383
vt 0.096554 0.586451
vt 0.092549 0.606138
vt 0.217575 0.609188
vt 0.108703 0.595170
vt 0.106960 0.643043
vt 0.109380 0.586136
vt 0.203487 0.626275
vt 0.193564 0.633850
vt 0.198584 0.610021
vt 0.185125 0.606044
vt 0.205378 0.583764
vt 0.172202 0.600742
vt 0.178039 0.580880
vt 0.175224 0.626097
vt 0.108291 0.612153
vt 0.104688 0.700019
vt 0.210190 0.644316
vt 0.107851 0.684887
vt 0.120168 0.613590
vt 0.121328 0.657475
vt 0.189294 0.655263
vt 0.181151 0.644720
vt 0.167168 0.655904
vt 0.137844 0.655168
vt 0.165408 0.603529
vt 0.153129 0.591001
vt 0.162559 0.617621
vt 0.147151 0.604260
vt 0.147302 0.631424
vt 0.135850 0.610328
vt 0.136317 0.588075
vt 0.120586 0.589108
vt 0.119775 0.604536
vt 0.217028 0.576643
vt 0.060165 0.546634
vt 0.070426 0.548613
vt 0.069125 0.560384
vt 0.231391 0.563676
vt 0.085121 0.556327
vt 0.061151 0.557550
vt 0.068916 0.537461
vt 0.084642 0.526264
vt 0.082365 0.544049
vt 0.066872 0.487626
vt 0.088754 0.491941
vt 0.208354 0.566724
vt 0.256829 0.801575
vt 0.248056 0.775393
vt 0.095218 0.567194
vt 0.246120 0.509123
vt 0.253108 0.526355
vt 0.246293 0.531642
vt 0.107596 0.573353
vt 0.100845 0.552924
vt 0.240162 0.556540
vt 0.110972 0.567015
vt 0.129545 0.580268
vt 0.191585 0.576129
vt 0.104811 0.525481
vt 0.120202 0.556381
vt 0.121773 0.532303
vt 0.133327 0.539444
vt 0.245067 0.544299
vt 0.258033 0.546725
vt 0.232595 0.544874
vt 0.227939 0.522613
vt 0.223637 0.551768
vt 0.221189 0.525055
vt 0.208361 0.514037
vt 0.218679 0.493199
vt 0.216702 0.532448
vt 0.227912 0.493635
vt 0.210249 0.549527
vt 0.192478 0.512432
vt 0.201768 0.549652
vt 0.148373 0.561232
vt 0.189873 0.550819
vt 0.179572 0.515968
vt 0.175600 0.504532
vt 0.150052 0.577384
vt 0.156046 0.563399
vt 0.182231 0.489305
vt 0.204085 0.498057
vt 0.099436 0.510374
vt 0.164779 0.539330
vt 0.167226 0.528379
vt 0.165079 0.508521
vt 0.174936 0.554560
vt 0.171128 0.563668
vt 0.163839 0.576848
vt 0.153194 0.511067
vt 0.154196 0.499281
vt 0.148303 0.538868
vt 0.112593 0.538323
vt 0.140713 0.508528
vt 0.137589 0.492863
vt 0.123237 0.513856
vt 0.102371 0.484552
vt 0.130434 0.485983
vt 0.112340 0.498719
vt 0.145655 0.528140
vt 0.137614 0.522982
vt 0.112173 0.515125
vt 0.110694 0.481698
vt 0.499333 0.597865
vt 0.488361 0.600912
vt 0.486171 0.590480
vt 0.481414 0.666577
vt 0.508507 0.657724
vt 0.500639 0.671439
vt 0.473129 0.653944
vt 0.502722 0.605210
vt 0.511219 0.595786
vt 0.477928 0.647114
vt 0.485163 0.676360
vt 0.479690 0.686117
vt 0.476559 0.670207
vt 0.518205 0.570225
vt 0.517489 0.587179
vt 0.508722 0.578475
vt 0.520797 0.594620
vt 0.510148 0.640607
vt 0.509563 0.620075
vt 0.514673 0.625128
vt 0.492161 0.690726
vt 0.500147 0.582489
vt 0.035223 0.688001
vt 0.029806 0.667497
vt 0.026799 0.654213
vt 0.033455 0.644379
vt 0.469186 0.615530
vt 0.461448 0.623894
vt 0.496772 0.567699
vt 0.474243 0.585295
vt 0.470921 0.565439
vt 0.485857 0.568752
vt 0.473281 0.633992
vt 0.517711 0.635164
vt 0.473950 0.604354
vt 0.467893 0.599301
vt 0.492478 0.610471
vt 0.482716 0.604967
vt 0.498441 0.616042
vt 0.509489 0.608907
vt 0.514899 0.601465
vt 0.518762 0.614459
vt 0.497415 0.639229
vt 0.048083 0.563850
vt 0.041708 0.579539
vt 0.045597 0.596467
vt 0.035014 0.592632
vt 0.536643 0.581152
vt 0.034412 0.576857
vt 0.026638 0.598587
vt 0.530075 0.603522
vt 0.022294 0.631243
vt 0.044461 0.611742
vt 0.034835 0.617080
vt 0.025320 0.609350
vt 0.528488 0.614570
vt 0.456148 0.561324
vt 0.417082 0.544729
vt 0.485080 0.553559
vt 0.478571 0.538176
vt 0.490551 0.536562
vt 0.464715 0.550777
vt 0.497805 0.551757
vt 0.517287 0.531877
vt 0.513756 0.540311
vt 0.518789 0.520228
vt 0.508440 0.518954
vt 0.480015 0.516474
vt 0.468055 0.542433
vt 0.515196 0.555065
vt 0.422463 0.459582
vt 0.538424 0.572915
vt 0.399121 0.483020
vt 0.536090 0.558426
vt 0.523826 0.542306
vt 0.483947 0.505106
vt 0.506871 0.504244
vt 0.410024 0.505775
vt 0.443318 0.468547
vt 0.409991 0.492688
vt 0.541563 0.566062
vt 0.412700 0.479667
vt 0.422950 0.493150
vt 0.429889 0.521953
vt 0.412746 0.520092
vt 0.428854 0.507370
vt 0.411388 0.527512
vt 0.493449 0.521352
vt 0.444923 0.487761
vt 0.464177 0.452288
vt 0.466623 0.474690
vt 0.040099 0.551072
vt 0.052294 0.552300
vt 0.446787 0.437702
vt 0.487409 0.467456
vt 0.500445 0.463394
vt 0.452138 0.509398
vt 0.462221 0.509698
vt 0.511987 0.477133
vt 0.448946 0.519449
vt 0.437314 0.514525
vt 0.471520 0.516867
vt 0.468560 0.530860
vt 0.468732 0.525202
vt 0.444589 0.531818
vt 0.454673 0.546910
vt 0.530065 0.510091
vt 0.522699 0.494613
vt 0.534392 0.499408
vt 0.444094 0.544046
vt 0.046876 0.488193
vt 0.055922 0.508236
vt 0.530026 0.484711
vt 0.526357 0.523961
vt 0.049448 0.523885
vt 0.042564 0.506541
vt 0.035659 0.538636
vt 0.038655 0.518710
vt 0.446908 0.761749
vt 0.460876 0.771019
vt 0.458251 0.779584
vt 0.931638 0.186249
vt 0.913256 0.220402
vt 0.914946 0.197848
vt 0.465427 0.805327
vt 0.456331 0.810252
vt 0.442504 0.798064
vt 0.455703 0.750280
vt 0.467998 0.772284
vt 0.470580 0.788754
vt 0.936223 0.170655
vt 0.922027 0.154483
vt 0.948623 0.160512
vt 0.452614 0.782845
vt 0.442666 0.808806
vt 0.415869 0.802813
vt 0.413310 0.787670
vt 0.423467 0.789249
vt 0.479503 0.785312
vt 0.461539 0.823210
vt 0.476976 0.805347
vt 0.489975 0.812084
vt 0.474451 0.757641
vt 0.494796 0.776778
vt 0.902741 0.194071
vt 0.905054 0.174707
vt 0.964457 0.207155
vt 0.960943 0.222136
vt 0.942997 0.224098
vt 0.439731 0.100779
vt 0.449173 0.108335
vt 0.420489 0.103616
vt 0.458604 0.092858
vt 0.440958 0.065516
vt 0.466522 0.078923
vt 0.403540 0.085336
vt 0.406454 0.107504
vt 0.397842 0.089476
vt 0.417167 0.079544
vt 0.943070 0.190489
vt 0.403821 0.075730
vt 0.488043 0.761298
vt 0.413425 0.067126
vt 0.490019 0.789157
vt 0.390575 0.100966
vt 0.886216 0.220884
vt 0.882465 0.209027
vt 0.956938 0.234664
vt 0.754484 0.097767
vt 0.729862 0.079904
vt 0.747007 0.078475
vt 0.871772 0.252259
vt 0.868527 0.229646
vt 0.949835 0.199127
vt 0.941439 0.243571
vt 0.917100 0.233480
vt 0.896262 0.242729
vt 0.853492 0.105508
vt 0.868606 0.115149
vt 0.860777 0.113917
vt 0.861266 0.124082
vt 0.856558 0.117834
vt 0.878700 0.208623
vt 0.856068 0.124336
vt 0.886210 0.131464
vt 0.905654 0.136714
vt 0.903408 0.159501
vt 0.868924 0.143715
vt 0.869209 0.162954
vt 0.861305 0.162105
vt 0.894107 0.189329
vt 0.425796 0.051913
vt 0.419858 0.038870
vt 0.438193 0.059472
vt 0.444633 0.058515
vt 0.457332 0.061716
vt 0.450232 0.040347
vt 0.468098 0.057410
vt 0.464037 0.071207
vt 0.872775 0.179862
vt 0.868838 0.187276
vt 0.865595 0.173788
vt 0.416803 0.769035
vt 0.402463 0.795390
vt 0.409640 0.800421
vt 0.466670 0.047422
vt 0.440729 0.048061
vt 0.427825 0.064754
vt 0.437506 0.042049
vt 0.883200 0.201421
vt 0.721807 0.082106
vt 0.732285 0.067852
vt 0.437039 0.037762
vt 0.442697 0.029541
vt 0.742610 0.066625
vt 0.433828 0.056411
vt 0.407371 0.777943
vt 0.406806 0.060940
vt 0.424408 0.749725
vt 0.435364 0.753739
vt 0.427427 0.759643
vt 0.908077 0.155862
vt 0.426907 0.029702
vt 0.423219 0.020408
vt 0.433161 0.026093
vt 0.419860 0.032357
vt 0.880225 0.194316
vt 0.417717 0.758979
vt 0.962088 0.191994
vt 0.437100 0.743337
vt 0.949876 0.178900
vt 0.887753 0.166496
vt 0.551623 0.750211
vt 0.534730 0.732634
vt 0.554655 0.735246
vt 0.959047 0.170848
vt 0.413415 0.041076
vt 0.437644 0.773423
vt 0.410197 0.026674
vt 0.534777 0.759738
vt 0.536609 0.750970
vt 0.525331 0.741305
vt 0.543023 0.779075
vt 0.522771 0.768839
vt 0.535611 0.782442
vt 0.517157 0.746356
vt 0.521761 0.731695
vt 0.533037 0.722722
vt 0.427757 0.736707
vt 0.437318 0.791193
vt 0.532262 0.799884
vt 0.524352 0.788006
vt 0.435609 0.781022
vt 0.514948 0.804539
vt 0.532022 0.815908
vt 0.926959 0.142748
vt 0.512700 0.788991
vt 0.525271 0.837321
vt 0.515605 0.723593
vt 0.912607 0.141057
vt 0.512281 0.735850
vt 0.868327 0.129195
vt 0.498193 0.727313
vt 0.862097 0.141271
vt 0.871454 0.137292
vt 0.877950 0.147711
vt 0.495346 0.736963
vt 0.499244 0.753628
vt 0.496830 0.798003
vt 0.884079 0.121315
vt 0.890373 0.127508
vt 0.502180 0.826843
vt 0.489361 0.741639
vt 0.489163 0.725753
vt 0.478935 0.728479
vt 0.469695 0.737752
vt 0.900521 0.129981
vt 0.913398 0.129937
vt 0.447865 0.738053
vt 0.941009 0.143267
vt 0.834759 0.195192
vt 0.849535 0.203454
vt 0.834202 0.223973
vt 0.849924 0.221647
vt 0.846597 0.240719
vt 0.816393 0.256419
vt 0.801801 0.251621
vt 0.770523 0.064934
vt 0.773726 0.081955
vt 0.815716 0.093531
vt 0.832440 0.094127
vt 0.826800 0.100965
vt 0.841907 0.103888
vt 0.557902 0.718495
vt 0.854924 0.134079
vt 0.770364 0.125583
vt 0.757755 0.137668
vt 0.735189 0.134530
vt 0.734209 0.108036
vt 0.753710 0.113561
vt 0.811071 0.108030
vt 0.811906 0.124579
vt 0.803742 0.118689
vt 0.807922 0.133430
vt 0.804500 0.229257
vt 0.729250 0.122437
vt 0.769744 0.144906
vt 0.777478 0.123004
vt 0.771296 0.094448
vt 0.776487 0.107766
vt 0.745845 0.147312
vt 0.774160 0.141244
vt 0.825932 0.156796
vt 0.797533 0.172523
vt 0.804124 0.148530
vt 0.810337 0.181035
vt 0.768421 0.254187
vt 0.774124 0.232831
vt 0.818485 0.213879
vt 0.750799 0.180050
vt 0.766706 0.170638
vt 0.760273 0.185771
vt 0.759547 0.159781
vt 0.725429 0.157917
vt 0.782357 0.210849
vt 0.798946 0.206140
vt 0.788987 0.195733
vt 0.789756 0.182008
vt 0.823501 0.121102
vt 0.824207 0.132502
vt 0.837497 0.114498
vt 0.844512 0.120586
vt 0.848973 0.129161
vt 0.856797 0.128497
vt 0.462648 0.111941
vt 0.542733 0.062222
vt 0.552916 0.060331
vt 0.553424 0.069073
vt 0.479653 0.103778
vt 0.055408 0.129312
vt 0.060534 0.109076
vt 0.068653 0.134479
vt 0.076198 0.111199
vt 0.070532 0.099447
vt 0.498792 0.100305
vt 0.499856 0.117355
vt 0.543263 0.115048
vt 0.521779 0.139071
vt 0.510222 0.122438
vt 0.515910 0.108945
vt 0.438924 0.858391
vt 0.444884 0.873990
vt 0.427918 0.856112
vt 0.566031 0.056174
vt 0.567243 0.068535
vt 0.482287 0.123929
vt 0.499179 0.082086
vt 0.529687 0.048290
vt 0.521817 0.063488
vt 0.516014 0.054324
vt 0.533133 0.042915
vt 0.566336 0.044652
vt 0.556680 0.037059
vt 0.088912 0.111844
vt 0.107921 0.113403
vt 0.078583 0.132999
vt 0.106477 0.132695
vt 0.159665 0.126054
vt 0.147171 0.141094
vt 0.140841 0.129556
vt 0.506060 0.084109
vt 0.510981 0.079122
vt 0.507100 0.088568
vt 0.573071 0.031984
vt 0.463659 0.880858
vt 0.457979 0.885980
vt 0.455282 0.860822
vt 0.121772 0.126768
vt 0.113352 0.150757
vt 0.116518 0.115671
vt 0.118076 0.147447
vt 0.138761 0.114154
vt 0.165826 0.118520
vt 0.510697 0.073572
vt 0.137903 0.144672
vt 0.145198 0.154316
vt 0.160169 0.146106
vt 0.150219 0.160807
vt 0.174781 0.136742
vt 0.526564 0.039923
vt 0.545140 0.094378
vt 0.530977 0.085690
vt 0.548683 0.082471
vt 0.493270 0.074171
vt 0.507988 0.069313
vt 0.526564 0.095980
vt 0.481354 0.062754
vt 0.495180 0.055993
vt 0.495497 0.065247
vt 0.505542 0.058141
vt 0.503674 0.051139
vt 0.567049 0.883284
vt 0.560557 0.861779
vt 0.572668 0.870920
vt 0.510217 0.052402
vt 0.489061 0.045348
vt 0.549058 0.898139
vt 0.547885 0.889683
vt 0.527640 0.074050
vt 0.529291 0.061447
vt 0.552269 0.854285
vt 0.550517 0.864312
vt 0.544437 0.879932
vt 0.539429 0.858698
vt 0.531397 0.877438
vt 0.529854 0.867693
vt 0.544519 0.847630
vt 0.522373 0.872615
vt 0.538411 0.102199
vt 0.531715 0.843872
vt 0.537933 0.835633
vt 0.523672 0.846568
vt 0.509216 0.841258
vt 0.517064 0.854047
vt 0.551519 0.840477
vt 0.413489 0.815825
vt 0.512223 0.863479
vt 0.514963 0.878344
vt 0.491203 0.864372
vt 0.501367 0.881799
vt 0.500541 0.873557
vt 0.080778 0.091049
vt 0.554217 0.088300
vt 0.553494 0.105171
vt 0.536579 0.891218
vt 0.176550 0.074556
vt 0.197188 0.044918
vt 0.196377 0.070770
vt 0.172435 0.025033
vt 0.195534 0.028865
vt 0.565429 0.091933
vt 0.562656 0.095639
vt 0.175544 0.019002
vt 0.183295 0.021850
vt 0.529534 0.887260
vt 0.159156 0.051551
vt 0.516514 0.887404
vt 0.520167 0.040120
vt 0.162119 0.017150
vt 0.146729 0.045496
vt 0.421355 0.837332
vt 0.415849 0.828603
vt 0.148812 0.081335
vt 0.145718 0.060518
vt 0.512456 0.043491
vt 0.502254 0.043135
vt 0.165501 0.098060
vt 0.134625 0.103752
vt 0.487061 0.842543
vt 0.481737 0.836837
vt 0.488290 0.852713
vt 0.482429 0.866037
vt 0.474569 0.859935
vt 0.458068 0.854312
vt 0.146764 0.022000
vt 0.462455 0.842065
vt 0.500848 0.889713
vt 0.481660 0.883991
vt 0.126421 0.047732
vt 0.482032 0.875551
vt 0.112826 0.064966
vt 0.131265 0.021528
vt 0.104747 0.031586
vt 0.106257 0.044828
vt 0.094925 0.040475
vt 0.127326 0.079350
vt 0.090451 0.052383
vt 0.117124 0.098219
vt 0.097251 0.076195
vt 0.564524 0.081586
vt 0.085207 0.079133
vt 0.085204 0.089848
vt 0.440965 0.839641
vt 0.433516 0.831577
vt 0.447212 0.845102
vt 0.426741 0.843779
vt 0.429784 0.849362
vt 0.931544 0.348462
vt 0.946935 0.364724
vt 0.932029 0.368594
vt 0.941747 0.376071
vt 0.938492 0.322709
vt 0.948447 0.340911
vt 0.909651 0.341376
vt 0.905591 0.359669
vt 0.438108 0.158092
vt 0.408691 0.143210
vt 0.417389 0.131694
vt 0.406167 0.185972
vt 0.388980 0.186735
vt 0.401268 0.172925
vt 0.948590 0.309937
vt 0.939260 0.301798
vt 0.453928 0.159067
vt 0.438609 0.148892
vt 0.452689 0.130389
vt 0.375322 0.201983
vt 0.371301 0.189396
vt 0.395800 0.224931
vt 0.409914 0.233855
vt 0.376823 0.257777
vt 0.916148 0.318931
vt 0.382758 0.271889
vt 0.365369 0.223377
vt 0.389104 0.216293
vt 0.424671 0.209271
vt 0.413865 0.217048
vt 0.424503 0.189660
vt 0.427178 0.225667
vt 0.379811 0.243839
vt 0.398428 0.206555
vt 0.408103 0.203248
vt 0.414296 0.189216
vt 0.443341 0.195610
vt 0.775373 0.269858
vt 0.890372 0.357771
vt 0.805192 0.268844
vt 0.821937 0.273080
vt 0.829228 0.253434
vt 0.433682 0.127750
vt 0.900416 0.310789
vt 0.803481 0.326425
vt 0.792178 0.302283
vt 0.803072 0.308544
vt 0.421391 0.173166
vt 0.424533 0.160810
vt 0.438970 0.172010
vt 0.344696 0.247637
vt 0.357307 0.240546
vt 0.808671 0.284535
vt 0.809832 0.304417
vt 0.818218 0.296822
vt 0.818509 0.320035
vt 0.825223 0.311791
vt 0.810415 0.320606
vt 0.834556 0.284769
vt 0.836158 0.303063
vt 0.828175 0.318990
vt 0.366678 0.177790
vt 0.376446 0.171344
vt 0.354066 0.228018
vt 0.342688 0.238084
vt 0.343388 0.229146
vt 0.830068 0.274182
vt 0.857489 0.262057
vt 0.333403 0.233974
vt 0.338688 0.216205
vt 0.863011 0.277806
vt 0.849527 0.300466
vt 0.846645 0.313998
vt 0.859006 0.307718
vt 0.888067 0.303868
vt 0.883277 0.335909
vt 0.350428 0.218669
vt 0.332639 0.249832
vt 0.318083 0.216915
vt 0.810483 0.350659
vt 0.797618 0.359553
vt 0.790948 0.346705
vt 0.313794 0.233876
vt 0.798282 0.383766
vt 0.798609 0.368264
vt 0.811839 0.379993
vt 0.812417 0.367157
vt 0.823872 0.345122
vt 0.827533 0.328573
vt 0.852472 0.334106
vt 0.837714 0.363643
vt 0.821304 0.381511
vt 0.831720 0.375173
vt 0.842411 0.351501
vt 0.359140 0.209386
vt 0.359106 0.218599
vt 0.949910 0.381097
vt 0.800840 0.409862
vt 0.799074 0.401757
vt 0.812355 0.394374
vt 0.319708 0.259960
vt 0.823054 0.386581
vt 0.410039 0.160555
vt 0.358255 0.194421
vt 0.414994 0.181811
vt 0.370754 0.202549
vt 0.844982 0.388327
vt 0.831646 0.424059
vt 0.830898 0.395018
vt 0.836562 0.385894
vt 0.380538 0.179729
vt 0.856654 0.363376
vt 0.850184 0.375019
vt 0.872227 0.360467
vt 0.863835 0.383284
vt 0.854225 0.402919
vt 0.873319 0.393790
vt 0.895594 0.386844
vt 0.344525 0.199135
vt 0.886386 0.264730
vt 0.900843 0.272355
vt 0.926081 0.385261
vt 0.917475 0.393729
vt 0.354780 0.168153
vt 0.903695 0.401186
vt 0.328667 0.193671
vt 0.903898 0.260329
vt 0.919452 0.250622
vt 0.334469 0.180107
vt 0.421847 0.244640
vt 0.410169 0.262592
vt 0.395810 0.164736
vt 0.902723 0.291144
vt 0.922223 0.278331
vt 0.344636 0.165834
vt 0.947224 0.326401
vt 0.951710 0.262251
vt 0.416952 0.270711
vt 0.426869 0.263035
vt 0.373337 0.124926
vt 0.388793 0.116744
vt 0.358956 0.157223
vt 0.953111 0.298764
vt 0.359269 0.166082
vt 0.385980 0.127635
vt 0.377412 0.127065
vt 0.364760 0.151407
vt 0.387972 0.151651
vt 0.375011 0.153152
vt 0.391510 0.142621
vt 0.372117 0.161960
vt 0.390821 0.157454
vt 0.395414 0.279646
vt 0.393935 0.149948
vt 0.512279 0.143704
vt 0.515128 0.156900
vt 0.504154 0.149931
vt 0.439347 0.226027
vt 0.501595 0.136549
vt 0.511653 0.167329
vt 0.032038 0.282568
vt 0.041500 0.269644
vt 0.035311 0.294095
vt 0.029812 0.261218
vt 0.474839 0.289840
vt 0.501522 0.266212
vt 0.500154 0.288036
vt 0.476672 0.255124
vt 0.454222 0.287357
vt 0.494422 0.222562
vt 0.489483 0.204558
vt 0.496918 0.212163
vt 0.483064 0.214650
vt 0.474244 0.217958
vt 0.475757 0.207529
vt 0.502461 0.244685
vt 0.507860 0.236997
vt 0.508996 0.227462
vt 0.507197 0.253142
vt 0.033817 0.231492
vt 0.036135 0.222333
vt 0.047002 0.249317
vt 0.501213 0.155590
vt 0.518487 0.200327
vt 0.434828 0.252506
vt 0.033983 0.247396
vt 0.037464 0.242939
vt 0.528689 0.153271
vt 0.057799 0.203524
vt 0.047446 0.195489
vt 0.069620 0.141422
vt 0.449539 0.275423
vt 0.429857 0.276177
vt 0.437530 0.270361
vt 0.446523 0.243722
vt 0.531268 0.139519
vt 0.049932 0.135079
vt 0.055988 0.153770
vt 0.043830 0.147941
vt 0.521143 0.161196
vt 0.466079 0.212095
vt 0.455939 0.217819
vt 0.456688 0.241035
vt 0.537821 0.135289
vt 0.461598 0.199751
vt 0.067383 0.161487
vt 0.137328 0.169983
vt 0.127961 0.154181
vt 0.126734 0.185300
vt 0.139621 0.180554
vt 0.153330 0.177774
vt 0.150596 0.186854
vt 0.151177 0.192730
vt 0.154531 0.200160
vt 0.149916 0.213395
vt 0.142386 0.203150
vt 0.475804 0.168544
vt 0.487114 0.168763
vt 0.487493 0.179573
vt 0.062046 0.181374
vt 0.042084 0.163607
vt 0.138786 0.199144
vt 0.487422 0.192819
vt 0.451328 0.180055
vt 0.131080 0.230088
vt 0.133595 0.220243
vt 0.140993 0.190494
vt 0.127373 0.197357
vt 0.464520 0.178845
vt 0.124993 0.212288
vt 0.112193 0.199654
vt 0.113998 0.227574
vt 0.507073 0.174068
vt 0.103202 0.146162
vt 0.111672 0.166515
vt 0.103573 0.154546
vt 0.110803 0.178982
vt 0.101776 0.159918
vt 0.094372 0.150782
vt 0.088191 0.139498
vt 0.082755 0.163481
vt 0.082003 0.206742
vt 0.100013 0.181226
vt 0.090371 0.211814
vt 0.073545 0.215246
vt 0.094524 0.227078
vt 0.467819 0.154682
vt 0.503412 0.199050
vt 0.139616 0.251937
vt 0.150279 0.236849
vt 0.124140 0.249420
vt 0.484101 0.154041
vt 0.109872 0.264327
vt 0.101221 0.287253
vt 0.510202 0.188114
vt 0.465682 0.164753
vt 0.132649 0.270357
vt 0.116135 0.277643
vt 0.110603 0.286984
vt 0.131943 0.287707
vt 0.119962 0.307221
vt 0.088588 0.303074
vt 0.520706 0.190821
vt 0.045833 0.185635
vt 0.088314 0.259899
vt 0.084756 0.269335
vt 0.088161 0.279969
vt 0.065005 0.256799
vt 0.063701 0.274665
vt 0.079584 0.291516
vt 0.056396 0.282493
vt 0.518393 0.184009
vt 0.471113 0.146155
vt 0.482812 0.145762
vt 0.518261 0.177309
vt 0.495937 0.145365
vt 0.526541 0.179775
vt 0.516954 0.170463
vt 0.527034 0.168874
vt 0.482788 0.136414
vt 0.466765 0.129058
vt 0.465858 0.140937
vt 0.045780 0.173665
vt 0.190248 0.472593
vt 0.175927 0.476860
vt 0.162707 0.461910
vt 0.161571 0.446145
vt 0.076133 0.472903
vt 0.088449 0.463096
vt 0.099640 0.472202
vt 0.071975 0.462413
vt 0.083709 0.454314
vt 0.102556 0.469440
vt 0.172060 0.486745
vt 0.386163 0.862872
vt 0.399248 0.865786
vt 0.385133 0.873408
vt 0.396858 0.875816
vt 0.100568 0.452485
vt 0.088314 0.437547
vt 0.107569 0.446561
vt 0.211718 0.471654
vt 0.068388 0.436943
vt 0.072461 0.453240
vt 0.400132 0.855102
vt 0.202998 0.464659
vt 0.386698 0.847205
vt 0.366890 0.864032
vt 0.243371 0.357069
vt 0.227336 0.352676
vt 0.245564 0.342136
vt 0.091226 0.426955
vt 0.080413 0.427038
vt 0.220417 0.368381
vt 0.212660 0.365187
vt 0.097688 0.419627
vt 0.111722 0.429466
vt 0.112136 0.413717
vt 0.219536 0.332830
vt 0.213332 0.349735
vt 0.204490 0.333154
vt 0.204323 0.366020
vt 0.198347 0.347369
vt 0.197955 0.372031
vt 0.188070 0.338547
vt 0.083709 0.415655
vt 0.106873 0.402200
vt 0.170707 0.329340
vt 0.163644 0.314791
vt 0.160692 0.338872
vt 0.087447 0.399583
vt 0.224174 0.464525
vt 0.102195 0.390706
vt 0.146654 0.299988
vt 0.113031 0.405560
vt 0.111853 0.312081
vt 0.103971 0.322479
vt 0.229477 0.476863
vt 0.117279 0.345298
vt 0.113934 0.382403
vt 0.101601 0.374798
vt 0.114777 0.368038
vt 0.121737 0.384790
vt 0.133321 0.371023
vt 0.122866 0.375206
vt 0.138260 0.380583
vt 0.103075 0.347922
vt 0.120230 0.442902
vt 0.115031 0.462777
vt 0.149498 0.462120
vt 0.137950 0.472019
vt 0.142372 0.451004
vt 0.120140 0.473759
vt 0.129734 0.456579
vt 0.349951 0.853337
vt 0.338178 0.857862
vt 0.346040 0.827249
vt 0.322392 0.826343
vt 0.331256 0.812677
vt 0.149313 0.475611
vt 0.134553 0.431741
vt 0.123126 0.418025
vt 0.303401 0.837927
vt 0.289096 0.808189
vt 0.294018 0.820866
vt 0.306457 0.793826
vt 0.336696 0.805798
vt 0.290297 0.783978
vt 0.236119 0.460563
vt 0.225288 0.444459
vt 0.238671 0.452954
vt 0.151259 0.454921
vt 0.159865 0.467384
vt 0.151577 0.443437
vt 0.272114 0.777829
vt 0.239218 0.489517
vt 0.130142 0.407803
vt 0.138748 0.415340
vt 0.148935 0.431290
vt 0.356255 0.818091
vt 0.225265 0.380406
vt 0.235109 0.398489
vt 0.227612 0.417431
vt 0.198408 0.367053
vt 0.232171 0.424362
vt 0.225008 0.457200
vt 0.215250 0.457475
vt 0.208439 0.407120
vt 0.207123 0.388286
vt 0.217447 0.421258
vt 0.203958 0.423449
vt 0.198440 0.401504
vt 0.205560 0.380163
vt 0.192335 0.388981
vt 0.185739 0.401406
vt 0.195778 0.434941
vt 0.182298 0.386258
vt 0.193454 0.398288
vt 0.181018 0.376031
vt 0.175191 0.401510
vt 0.180354 0.433021
vt 0.174923 0.414627
vt 0.214785 0.434776
vt 0.209221 0.445188
vt 0.153981 0.373517
vt 0.168976 0.362482
vt 0.159104 0.384750
vt 0.167195 0.379920
vt 0.162813 0.404363
vt 0.147085 0.405699
vt 0.149106 0.389127
vt 0.146323 0.351050
vt 0.145275 0.372940
vt 0.138340 0.396772
vt 0.163624 0.430101
vt 0.410912 0.434873
vt 0.384220 0.430534
vt 0.042231 0.431806
vt 0.061063 0.431186
vt 0.048440 0.439006
vt 0.077050 0.431770
vt 0.074750 0.409546
vt 0.070957 0.421352
vt 0.435967 0.387640
vt 0.436810 0.404498
vt 0.418984 0.389566
vt 0.469171 0.343988
vt 0.462743 0.325231
vt 0.474575 0.317066
vt 0.397609 0.411029
vt 0.456681 0.366610
vt 0.432567 0.366008
vt 0.441225 0.347052
vt 0.069623 0.427403
vt 0.065809 0.400162
vt 0.054127 0.404714
vt 0.398304 0.371594
vt 0.423685 0.349461
vt 0.089270 0.330600
vt 0.073781 0.329889
vt 0.076214 0.312881
vt 0.053040 0.420713
vt 0.443655 0.335023
vt 0.439745 0.310101
vt 0.453736 0.315574
vt 0.065473 0.323565
vt 0.057590 0.315007
vt 0.501560 0.313132
vt 0.496341 0.325322
vt 0.501906 0.299530
vt 0.044485 0.316688
vt 0.034141 0.317212
vt 0.035347 0.307290
vt 0.408088 0.341072
vt 0.430909 0.308303
vt 0.513628 0.445759
vt 0.527730 0.458331
vt 0.529509 0.468854
vt 0.483171 0.412516
vt 0.039343 0.454472
vt 0.048085 0.454340
vt 0.041276 0.464450
vt 0.047606 0.448810
vt 0.503580 0.436455
vt 0.497170 0.402848
vt 0.483786 0.387176
vt 0.505824 0.380199
vt 0.039305 0.479998
vt 0.051989 0.479471
vt 0.048484 0.458912
vt 0.047450 0.468916
vt 0.052834 0.464905
vt 0.056176 0.470220
vt 0.056666 0.445936
vt 0.069885 0.476546
vt 0.063613 0.458713
vt 0.100596 0.362803
vt 0.516381 0.420106
vt 0.527647 0.433369
vt 0.510871 0.409562
vt 0.037254 0.403917
vt 0.037983 0.415688
vt 0.088225 0.354704
vt 0.089463 0.343757
vt 0.080794 0.344671
vt 0.082589 0.374364
vt 0.085651 0.388711
vt 0.078601 0.363005
vt 0.070783 0.380718
vt 0.045317 0.399158
vt 0.497079 0.423286
vt 0.063205 0.388370
vt 0.473552 0.366417
vt 0.070332 0.348037
vt 0.462795 0.396376
vt 0.449315 0.417219
vt 0.051887 0.326370
vt 0.061582 0.335820
vt 0.063389 0.347711
vt 0.050722 0.340573
vt 0.056686 0.347888
vt 0.064155 0.364204
vt 0.049219 0.370466
vt 0.057979 0.364495
vt 0.051862 0.392302
vt 0.043041 0.360660
vt 0.038034 0.365107
vt 0.043402 0.373658
vt 0.039430 0.345829
vt 0.038670 0.327434
vt 0.499268 0.368416
vt 0.502571 0.352175
vt 0.034791 0.361519
vt 0.050059 0.395770
vt 0.046099 0.388211
vt 0.501103 0.333084
vt 0.463359 0.703077
vt 0.079154 0.731734
vt 0.083351 0.720866
vt 0.089185 0.724679
vt 0.477875 0.702106
vt 0.073011 0.706447
vt 0.412723 0.689747
vt 0.056391 0.717792
vt 0.068418 0.715960
vt 0.904770 0.895250
vt 0.913258 0.885346
vt 0.916177 0.900585
vt 0.923109 0.905674
vt 0.912754 0.912761
vt 0.877432 0.905153
vt 0.867737 0.906615
vt 0.874405 0.893780
vt 0.424997 0.699039
vt 0.944128 0.871320
vt 0.936316 0.865605
vt 0.946044 0.860095
vt 0.934890 0.873886
vt 0.936386 0.883193
vt 0.844385 0.900917
vt 0.861013 0.897046
vt 0.088278 0.708873
vt 0.767043 0.873086
vt 0.884014 0.896856
vt 0.882454 0.885806
vt 0.774435 0.873686
vt 0.925317 0.889819
vt 0.099171 0.721226
vt 0.448124 0.713417
vt 0.463419 0.713358
vt 0.110153 0.727056
vt 0.789241 0.867754
vt 0.904996 0.879711
vt 0.895308 0.887417
vt 0.172701 0.734199
vt 0.185749 0.727037
vt 0.924788 0.875575
vt 0.911219 0.872238
vt 0.800365 0.876704
vt 0.807190 0.872954
vt 0.159463 0.733668
vt 0.806426 0.884331
vt 0.813212 0.878006
vt 0.150805 0.729352
vt 0.133575 0.720475
vt 0.816371 0.884556
vt 0.830908 0.870097
vt 0.839156 0.876432
vt 0.827609 0.877177
vt 0.827481 0.884865
vt 0.113974 0.720962
vt 0.821645 0.891455
vt 0.833856 0.897260
vt 0.120892 0.724758
vt 0.848776 0.889930
vt 0.889453 0.903063
vt 0.045979 0.723068
vt 0.061534 0.733513
vt 0.862748 0.885801
vt 0.052389 0.733879
vt 0.042395 0.733431
vt 0.036173 0.722306
vt 0.456134 0.724866
vt 0.903084 0.909585
vt 0.894019 0.908144
vt 0.034916 0.704960
vt 0.862254 0.889198
vt 0.232700 0.156334
vt 0.213182 0.174960
vt 0.197357 0.163659
vt 0.181480 0.160794
vt 0.645288 0.904086
vt 0.644093 0.892473
vt 0.651703 0.899271
vt 0.659880 0.903036
vt 0.199616 0.155582
vt 0.217345 0.123412
vt 0.222409 0.138088
vt 0.658140 0.893594
vt 0.669777 0.909167
vt 0.169589 0.161234
vt 0.652206 0.886160
vt 0.638276 0.886781
vt 0.234273 0.188828
vt 0.646493 0.879750
vt 0.635404 0.878316
vt 0.634546 0.895491
vt 0.619995 0.876504
vt 0.198472 0.130322
vt 0.182504 0.120760
vt 0.184547 0.113795
vt 0.193587 0.145763
vt 0.250537 0.199926
vt 0.618525 0.864186
vt 0.640290 0.862049
vt 0.608192 0.857364
vt 0.632931 0.855840
vt 0.597109 0.853169
vt 0.611504 0.844020
vt 0.620578 0.851448
vt 0.603474 0.839006
vt 0.585939 0.120370
vt 0.594941 0.133457
vt 0.581465 0.133142
vt 0.585995 0.103578
vt 0.597389 0.102098
vt 0.583826 0.113183
vt 0.597081 0.118226
vt 0.576892 0.120364
vt 0.575230 0.127197
vt 0.668249 0.918739
vt 0.655818 0.921094
vt 0.657373 0.912226
vt 0.675587 0.923822
vt 0.675035 0.932544
vt 0.661809 0.935744
vt 0.671000 0.943541
vt 0.190509 0.161251
vt 0.603284 0.104253
vt 0.605113 0.127639
vt 0.232670 0.062595
vt 0.209135 0.028432
vt 0.228650 0.072621
vt 0.586244 0.143269
vt 0.580750 0.144557
vt 0.586847 0.157751
vt 0.561695 0.149723
vt 0.583168 0.180718
vt 0.558689 0.159894
vt 0.555378 0.172421
vt 0.593419 0.168091
vt 0.225409 0.031034
vt 0.572260 0.893253
vt 0.579059 0.901697
vt 0.562976 0.899496
vt 0.577898 0.867573
vt 0.586560 0.873304
vt 0.542347 0.188137
vt 0.544252 0.180111
vt 0.557634 0.189389
vt 0.590871 0.888523
vt 0.286179 0.155330
vt 0.607770 0.895749
vt 0.554636 0.221009
vt 0.550367 0.204484
vt 0.563385 0.223266
vt 0.571433 0.192533
vt 0.578321 0.205403
vt 0.563552 0.197378
vt 0.569644 0.212590
vt 0.517721 0.983092
vt 0.501282 0.986850
vt 0.506008 0.980055
vt 0.569929 0.861847
vt 0.266917 0.198800
vt 0.580746 0.859854
vt 0.598523 0.871039
vt 0.293876 0.183144
vt 0.596917 0.876669
vt 0.587635 0.855687
vt 0.578889 0.849221
vt 0.586499 0.843184
vt 0.301033 0.157759
vt 0.625847 0.911457
vt 0.619712 0.908263
vt 0.618741 0.896135
vt 0.303850 0.173155
vt 0.613894 0.881834
vt 0.607759 0.901924
vt 0.264553 0.038049
vt 0.247598 0.044193
vt 0.253376 0.031399
vt 0.608012 0.881751
vt 0.579148 0.105991
vt 0.574818 0.110461
vt 0.562670 0.125744
vt 0.563973 0.117421
vt 0.632896 0.919212
vt 0.652724 0.943850
vt 0.642769 0.934318
vt 0.277839 0.097088
vt 0.287371 0.082703
vt 0.292823 0.091489
vt 0.667520 0.950264
vt 0.666921 0.956912
vt 0.634401 0.940346
vt 0.297738 0.102369
vt 0.558314 0.138479
vt 0.269613 0.071509
vt 0.253758 0.093500
vt 0.550558 0.150105
vt 0.565362 0.134012
vt 0.298485 0.136076
vt 0.264705 0.129887
vt 0.305062 0.123561
vt 0.300667 0.110155
vt 0.541400 0.170025
vt 0.248283 0.108559
vt 0.269279 0.042533
vt 0.267260 0.051165
vt 0.259910 0.052513
vt 0.624915 0.920650
vt 0.247630 0.064095
vt 0.241599 0.080030
vt 0.234032 0.101836
vt 0.236564 0.047444
vt 0.239627 0.060813
vt 0.237240 0.075906
vt 0.251074 0.126786
vt 0.515561 0.966099
vt 0.534444 0.976349
vt 0.536713 0.969142
vt 0.309916 0.163862
vt 0.542228 0.978499
vt 0.299027 0.195626
vt 0.492488 0.967331
vt 0.594190 0.834073
vt 0.695993 0.024238
vt 0.704177 0.034257
vt 0.692819 0.033705
vt 0.711783 0.030433
vt 0.700417 0.022103
vt 0.703037 0.046706
vt 0.713062 0.040146
vt 0.714248 0.028391
vt 0.708136 0.021313
vt 0.608532 0.829560
vt 0.622359 0.831183
vt 0.612843 0.833544
vt 0.595452 0.829107
vt 0.606053 0.822872
vt 0.585090 0.826584
vt 0.682867 0.023885
vt 0.686550 0.038361
vt 0.693231 0.012961
vt 0.687684 0.016489
vt 0.630373 0.841431
vt 0.623201 0.840255
vt 0.627349 0.831233
vt 0.618007 0.824648
vt 0.611554 0.814298
vt 0.669466 0.030346
vt 0.676295 0.020530
vt 0.634747 0.840387
vt 0.599789 0.812425
vt 0.606704 0.809809
vt 0.152312 0.275576
vt 0.212984 0.304109
vt 0.230120 0.314436
vt 0.146625 0.260226
vt 0.227900 0.300689
vt 0.470426 0.974043
vt 0.468732 0.979526
vt 0.160752 0.263707
vt 0.166883 0.244213
vt 0.159677 0.228542
vt 0.173747 0.209780
vt 0.167041 0.215667
vt 0.170961 0.200580
vt 0.200937 0.308538
vt 0.159892 0.179526
vt 0.154238 0.223087
vt 0.164472 0.204878
vt 0.457948 0.952571
vt 0.480771 0.960547
vt 0.160902 0.194450
vt 0.402046 0.873054
vt 0.411915 0.864359
vt 0.414908 0.872872
vt 0.247425 0.326873
vt 0.448690 0.962334
vt 0.438591 0.958622
vt 0.419359 0.947153
vt 0.436976 0.934732
vt 0.170724 0.183551
vt 0.425212 0.896401
vt 0.435408 0.888471
vt 0.418465 0.931012
vt 0.430928 0.916061
vt 0.404320 0.937217
vt 0.395987 0.931631
vt 0.405034 0.921319
vt 0.414766 0.917702
vt 0.182161 0.179368
vt 0.204405 0.271409
vt 0.213173 0.256371
vt 0.226951 0.264383
vt 0.160170 0.293645
vt 0.175652 0.300255
vt 0.205144 0.291150
vt 0.199175 0.278407
vt 0.215404 0.270786
vt 0.366945 0.918924
vt 0.386459 0.892936
vt 0.370123 0.904040
vt 0.399065 0.899823
vt 0.188918 0.315086
vt 0.194818 0.294937
vt 0.182411 0.294678
vt 0.236142 0.275488
vt 0.162058 0.277041
vt 0.186778 0.263915
vt 0.178634 0.274250
vt 0.168482 0.272196
vt 0.174620 0.288014
vt 0.183831 0.234479
vt 0.195449 0.242459
vt 0.251338 0.259206
vt 0.250687 0.281790
vt 0.500967 0.949074
vt 0.174783 0.250378
vt 0.497705 0.939104
vt 0.471912 0.945443
vt 0.480732 0.943669
vt 0.510922 0.945965
vt 0.459446 0.932276
vt 0.478486 0.932275
vt 0.453793 0.916914
vt 0.482088 0.919270
vt 0.442071 0.928950
vt 0.177040 0.231702
vt 0.189308 0.288399
vt 0.507877 0.937339
vt 0.289860 0.205826
vt 0.281712 0.210459
vt 0.274450 0.228323
vt 0.222455 0.234375
vt 0.238423 0.234008
vt 0.201164 0.262727
vt 0.496269 0.928921
vt 0.453718 0.902641
vt 0.255252 0.218353
vt 0.273637 0.242047
vt 0.266879 0.274379
vt 0.244096 0.217206
vt 0.197834 0.197300
vt 0.187451 0.182325
vt 0.185760 0.194789
vt 0.194432 0.218371
vt 0.208668 0.237684
vt 0.189630 0.224135
vt 0.181859 0.217379
vt 0.179228 0.208351
vt 0.260838 0.294989
vt 0.253680 0.321206
vt 0.719428 0.088790
vt 0.694684 0.173472
vt 0.694665 0.154225
vt 0.726095 0.191030
vt 0.713539 0.199933
vt 0.705009 0.101923
vt 0.775066 0.217539
vt 0.688190 0.055587
vt 0.672319 0.048843
vt 0.695934 0.077574
vt 0.675395 0.071711
vt 0.687030 0.069281
vt 0.674026 0.057972
vt 0.700680 0.072560
vt 0.640221 0.057116
vt 0.659229 0.067162
vt 0.622012 0.060799
vt 0.613146 0.085564
vt 0.650330 0.049806
vt 0.642234 0.854028
vt 0.648741 0.865458
vt 0.692946 0.124268
vt 0.617055 0.068338
vt 0.744706 0.193766
vt 0.725574 0.203002
vt 0.728207 0.193993
vt 0.608740 0.224136
vt 0.598467 0.179627
vt 0.624982 0.211876
vt 0.746219 0.203501
vt 0.753634 0.193451
vt 0.751597 0.208462
vt 0.626844 0.053993
vt 0.660279 0.038344
vt 0.706803 0.083595
vt 0.706893 0.088893
vt 0.585747 0.192925
vt 0.644987 0.160201
vt 0.666315 0.189287
vt 0.638496 0.194995
vt 0.624168 0.129522
vt 0.651315 0.141788
vt 0.622652 0.141908
vt 0.615617 0.157548
vt 0.618586 0.102545
vt 0.668596 0.131605
vt 0.619078 0.140547
vt 0.601463 0.153699
vt 0.609624 0.155383
vt 0.614496 0.172260
vt 0.600810 0.167615
vt 0.663627 0.097959
vt 0.693136 0.131317
vt 0.669099 0.215357
vt 0.689626 0.192969
vt 0.723654 0.060788
vt 0.713880 0.219868
vt 0.718592 0.207315
vt 0.776569 0.387377
vt 0.785591 0.380974
vt 0.782582 0.394312
vt 0.791489 0.382494
vt 0.775345 0.417921
vt 0.774947 0.399955
vt 0.784573 0.412922
vt 0.776634 0.362382
vt 0.768413 0.377006
vt 0.774930 0.351409
vt 0.786664 0.322007
vt 0.773212 0.334294
vt 0.778819 0.321763
vt 0.765503 0.329090
vt 0.786543 0.308966
vt 0.779884 0.277927
vt 0.782250 0.300456
vt 0.772608 0.312914
vt 0.586299 0.269730
vt 0.600348 0.311600
vt 0.577973 0.294556
vt 0.571132 0.234527
vt 0.592678 0.246572
vt 0.560408 0.252398
vt 0.764420 0.301800
vt 0.770276 0.282900
vt 0.761898 0.282190
vt 0.738417 0.209974
vt 0.569155 0.277830
vt 0.561659 0.267806
vt 0.568607 0.289015
vt 0.562874 0.297301
vt 0.446720 0.974382
vt 0.454501 0.976714
vt 0.442384 0.977096
vt 0.431969 0.973579
vt 0.424091 0.966741
vt 0.432819 0.963398
vt 0.760510 0.264592
vt 0.632077 0.268449
vt 0.649629 0.309040
vt 0.630124 0.298894
vt 0.734752 0.220092
vt 0.737825 0.226536
vt 0.569242 0.336496
vt 0.600382 0.339924
vt 0.572301 0.345479
vt 0.625570 0.333031
vt 0.602702 0.370574
vt 0.744212 0.229240
vt 0.647350 0.374892
vt 0.631842 0.376440
vt 0.641432 0.359773
vt 0.618816 0.374663
vt 0.574593 0.359570
vt 0.657010 0.276261
vt 0.378669 0.952235
vt 0.375879 0.945492
vt 0.388164 0.945536
vt 0.420739 0.956767
vt 0.572155 0.318423
vt 0.566529 0.321118
vt 0.363261 0.946464
vt 0.387706 0.954863
vt 0.402958 0.956687
vt 0.385080 0.931837
vt 0.374869 0.938641
vt 0.608402 0.286334
vt 0.361383 0.934892
vt 0.367450 0.932574
vt 0.352555 0.914584
vt 0.345942 0.935635
vt 0.640547 0.252435
vt 0.652544 0.250973
vt 0.661780 0.342710
vt 0.681568 0.282721
vt 0.691023 0.260150
vt 0.680032 0.308893
vt 0.683762 0.295911
vt 0.709763 0.237246
vt 0.717642 0.235590
vt 0.729877 0.242623
vt 0.713354 0.246171
vt 0.711568 0.261242
vt 0.679217 0.236861
vt 0.736064 0.239206
vt 0.725726 0.249638
vt 0.719837 0.220527
vt 0.730594 0.253427
vt 0.715582 0.214594
vt 0.754794 0.278643
vt 0.721477 0.208872
vt 0.713873 0.229078
vt 0.712976 0.278564
vt 0.695266 0.273896
vt 0.714727 0.291572
vt 0.703434 0.300500
vt 0.713680 0.303309
vt 0.695775 0.293628
vt 0.689454 0.307248
vt 0.745645 0.294773
vt 0.746422 0.286053
vt 0.721966 0.260568
vt 0.719003 0.269567
vt 0.744724 0.303758
vt 0.757859 0.299387
vt 0.756772 0.314189
vt 0.740798 0.328010
vt 0.738531 0.316906
vt 0.752671 0.330832
vt 0.679536 0.344233
vt 0.678427 0.328357
vt 0.696723 0.327376
vt 0.693986 0.321871
vt 0.704499 0.389361
vt 0.710482 0.371975
vt 0.711508 0.379744
vt 0.722370 0.370608
vt 0.670639 0.360959
vt 0.714007 0.385360
vt 0.727196 0.381512
vt 0.701907 0.409710
vt 0.716226 0.391894
vt 0.666780 0.382730
vt 0.709530 0.412500
vt 0.731291 0.395488
vt 0.716053 0.419960
vt 0.643321 0.241972
vt 0.699199 0.309345
vt 0.652308 0.229072
vt 0.704661 0.314114
vt 0.705177 0.320970
vt 0.747810 0.357057
vt 0.731734 0.346250
vt 0.754886 0.343007
vt 0.735315 0.366378
vt 0.729762 0.385306
vt 0.740093 0.376561
vt 0.723497 0.352318
vt 0.764201 0.354632
vt 0.757383 0.370157
vt 0.744156 0.394674
vt 0.727934 0.424830
vt 0.750698 0.404221
vt 0.764169 0.408228
vt 0.802952 0.547584
vt 0.798040 0.557041
vt 0.788908 0.549198
vt 0.784922 0.562434
vt 0.802816 0.567626
vt 0.775479 0.440679
vt 0.791113 0.452987
vt 0.760299 0.460406
vt 0.812441 0.572475
vt 0.789358 0.527545
vt 0.801041 0.530861
vt 0.784496 0.433626
vt 0.785902 0.541907
vt 0.779566 0.470504
vt 0.762483 0.471328
vt 0.755053 0.499946
vt 0.774416 0.431665
vt 0.795582 0.511387
vt 0.801348 0.499155
vt 0.782616 0.499066
vt 0.786584 0.488282
vt 0.774906 0.562429
vt 0.770274 0.538161
vt 0.798226 0.486145
vt 0.757259 0.446071
vt 0.816633 0.438402
vt 0.814845 0.413690
vt 0.756177 0.428990
vt 0.661696 0.391202
vt 0.743685 0.486682
vt 0.648704 0.393761
vt 0.760115 0.581118
vt 0.617562 0.409112
vt 0.733261 0.465270
vt 0.697456 0.420070
vt 0.703362 0.428496
vt 0.701587 0.438365
vt 0.716150 0.444350
vt 0.744115 0.572775
vt 0.761611 0.553439
vt 0.760005 0.544164
vt 0.731092 0.436742
vt 0.746864 0.423024
vt 0.743689 0.535104
vt 0.723828 0.556815
vt 0.696423 0.563552
vt 0.700253 0.549316
vt 0.719702 0.537402
vt 0.632286 0.460376
vt 0.604122 0.434609
vt 0.631330 0.433749
vt 0.627113 0.484582
vt 0.646957 0.483046
vt 0.652384 0.491304
vt 0.648613 0.471250
vt 0.615903 0.480139
vt 0.638016 0.505067
vt 0.612086 0.509709
vt 0.630800 0.519398
vt 0.650519 0.522461
vt 0.648275 0.533438
vt 0.646737 0.527686
vt 0.644236 0.541319
vt 0.657787 0.550193
vt 0.618114 0.530543
vt 0.611460 0.497100
vt 0.767220 0.513775
vt 0.659600 0.528275
vt 0.687219 0.581823
vt 0.681989 0.579928
vt 0.687213 0.558513
vt 0.659252 0.504253
vt 0.772079 0.526252
vt 0.589859 0.503543
vt 0.746608 0.500891
vt 0.735440 0.517778
vt 0.719178 0.491877
vt 0.595608 0.534490
vt 0.697965 0.519208
vt 0.692369 0.514674
vt 0.691686 0.509148
vt 0.575821 0.549335
vt 0.658505 0.424004
vt 0.696444 0.447045
vt 0.647731 0.428653
vt 0.659153 0.435940
vt 0.644297 0.452505
vt 0.621158 0.417466
vt 0.692845 0.462737
vt 0.661422 0.442277
vt 0.655723 0.453581
vt 0.702045 0.454936
vt 0.655608 0.462480
vt 0.690676 0.490254
vt 0.692029 0.481458
vt 0.701645 0.486082
vt 0.695009 0.469130
vt 0.706698 0.461417
vt 0.652024 0.499878
vt 0.689905 0.534823
vt 0.685365 0.520716
vt 0.701210 0.537333
vt 0.706921 0.504448
vt 0.683018 0.510924
vt 0.688817 0.500978
vt 0.719656 0.514983
vt 0.806927 0.496322
vt 0.352039 0.323322
vt 0.363224 0.285767
vt 0.375394 0.301436
vt 0.333388 0.320216
vt 0.338291 0.347348
vt 0.393663 0.393815
vt 0.408492 0.356985
vt 0.399669 0.353019
vt 0.411191 0.296675
vt 0.372555 0.435553
vt 0.382193 0.406288
vt 0.315221 0.371848
vt 0.309390 0.382888
vt 0.303780 0.373919
vt 0.323617 0.388441
vt 0.316385 0.380713
vt 0.373572 0.347573
vt 0.347428 0.426256
vt 0.357768 0.406425
vt 0.359760 0.418061
vt 0.332585 0.405357
vt 0.327973 0.399646
vt 0.321442 0.393563
vt 0.360673 0.373456
vt 0.393117 0.299965
vt 0.965354 0.568417
vt 0.976189 0.569989
vt 0.975193 0.539945
vt 0.972044 0.547933
vt 0.967927 0.541709
vt 0.982403 0.554429
vt 0.980866 0.547042
vt 0.345870 0.277535
vt 0.961124 0.534882
vt 0.966644 0.526845
vt 0.958329 0.542813
vt 0.947710 0.562938
vt 0.373624 0.322582
vt 0.959779 0.517491
vt 0.941080 0.552911
vt 0.949431 0.525987
vt 0.943868 0.533137
vt 0.311307 0.318659
vt 0.321568 0.315110
vt 0.300732 0.331315
vt 0.388365 0.341253
vt 0.321827 0.338422
vt 0.316922 0.352794
vt 0.307303 0.350645
vt 0.311816 0.339908
vt 0.296740 0.346632
vt 0.372466 0.364082
vt 0.343512 0.296794
vt 0.330184 0.299067
vt 0.303689 0.311806
vt 0.305762 0.302324
vt 0.320577 0.306210
vt 0.857574 0.555252
vt 0.855844 0.543656
vt 0.871482 0.540205
vt 0.935574 0.529768
vt 0.925168 0.551369
vt 0.840538 0.533616
vt 0.842767 0.510406
vt 0.865493 0.518807
vt 0.916237 0.573853
vt 0.923480 0.563535
vt 0.876996 0.563737
vt 0.890845 0.559869
vt 0.950989 0.503305
vt 0.909603 0.542219
vt 0.922749 0.528934
vt 0.904655 0.525642
vt 0.299937 0.322218
vt 0.886145 0.535955
vt 0.890462 0.521582
vt 0.317390 0.281291
vt 0.310432 0.286327
vt 0.302601 0.272542
vt 0.866716 0.573544
vt 0.841038 0.567169
vt 0.295028 0.294981
vt 0.305693 0.292656
vt 0.819947 0.425091
vt 0.933023 0.467752
vt 0.921245 0.475246
vt 0.919121 0.465283
vt 0.821205 0.539758
vt 0.827340 0.515812
vt 0.955171 0.490782
vt 0.949174 0.496697
vt 0.824947 0.435601
vt 0.939496 0.504072
vt 0.855867 0.425926
vt 0.877797 0.434546
vt 0.886199 0.435700
vt 0.290833 0.326484
vt 0.892655 0.411974
vt 0.893998 0.426760
vt 0.920578 0.503790
vt 0.904872 0.509178
vt 0.914610 0.416096
vt 0.932447 0.413561
vt 0.293166 0.312051
vt 0.908183 0.473521
vt 0.949227 0.407960
vt 0.931790 0.488253
vt 0.922226 0.483248
vt 0.952575 0.401815
vt 0.942078 0.479282
vt 0.948187 0.472383
vt 0.921092 0.495142
vt 0.308868 0.255270
vt 0.908427 0.492802
vt 0.304153 0.260608
vt 0.903675 0.452227
vt 0.897195 0.486432
vt 0.949162 0.458274
vt 0.933081 0.445462
vt 0.948898 0.441705
vt 0.944290 0.427347
vt 0.951749 0.419282
vt 0.922310 0.439964
vt 0.824422 0.567989
vt 0.896000 0.464926
vt 0.908078 0.435614
vt 0.812801 0.466466
vt 0.815875 0.488833
vt 0.841371 0.549949
vt 0.818442 0.557921
vt 0.840265 0.443732
vt 0.829145 0.447362
vt 0.819118 0.457892
vt 0.827264 0.471210
vt 0.838196 0.460118
vt 0.849308 0.465455
vt 0.842032 0.475961
vt 0.898839 0.439194
vt 0.822487 0.508194
vt 0.833151 0.501749
vt 0.845238 0.487632
vt 0.847803 0.499696
vt 0.854857 0.443382
vt 0.874841 0.444730
vt 0.869021 0.462089
vt 0.857173 0.466451
vt 0.867281 0.487137
vt 0.869509 0.472682
vt 0.883417 0.471475
vt 0.887022 0.456419
vt 0.877395 0.464491
vt 0.860021 0.495932
vt 0.888679 0.483250
vt 0.873516 0.502697
vt 0.882584 0.493496
vt 0.892737 0.493939
vt 0.566053 0.555946
vt 0.580988 0.405991
vt 0.585156 0.390527
vt 0.597060 0.406614
vt 0.192474 0.867109
vt 0.571573 0.527844
vt 0.561963 0.519032
vt 0.568964 0.519672
vt 0.591880 0.411925
vt 0.329524 0.929638
vt 0.337519 0.935295
vt 0.320018 0.935452
vt 0.567654 0.534096
vt 0.281910 0.833322
vt 0.294288 0.856128
vt 0.337926 0.918955
vt 0.564316 0.547931
vt 0.329901 0.847443
vt 0.254187 0.855706
vt 0.577991 0.526325
vt 0.360745 0.889858
vt 0.238624 0.840226
vt 0.307810 0.864103
vt 0.336528 0.877513
vt 0.233825 0.821779
vt 0.216008 0.858429
vt 0.221854 0.841055
vt 0.198796 0.867610
vt 0.244902 0.878989
vt 0.224807 0.875468
vt 0.208479 0.877249
vt 0.577860 0.513366
vt 0.305290 0.922924
vt 0.316960 0.924729
vt 0.576340 0.428925
vt 0.585729 0.444463
vt 0.585362 0.530313
vt 0.586755 0.465711
vt 0.589586 0.460389
vt 0.577200 0.464110
vt 0.573492 0.452252
vt 0.292167 0.913898
vt 0.279804 0.913133
vt 0.568652 0.465970
vt 0.287295 0.895075
vt 0.285059 0.881545
vt 0.271629 0.901850
vt 0.307530 0.895972
vt 0.578083 0.485197
vt 0.588060 0.476842
vt 0.254389 0.884591
vt 0.570588 0.500776
vt 0.572784 0.474671
vt 0.563824 0.482939
vt 0.568950 0.482514
vt 0.557803 0.498702
vt 0.326598 0.896515
vt 0.301941 0.878628
vt 0.330818 0.278479
vt 0.334502 0.259738
vt 0.555936 0.834737
vt 0.557199 0.820679
vt 0.562963 0.827091
vt 0.564882 0.836699
vt 0.756352 0.052517
vt 0.742563 0.056515
vt 0.562360 0.842781
vt 0.570928 0.850229
vt 0.564239 0.749209
vt 0.578305 0.754727
vt 0.561911 0.759686
vt 0.565875 0.773263
vt 0.771592 0.052714
vt 0.544545 0.833088
vt 0.558318 0.852557
vt 0.571000 0.727184
vt 0.752688 0.043960
vt 0.585884 0.742695
vt 0.575259 0.828731
vt 0.786382 0.057085
vt 0.559449 0.808372
vt 0.564625 0.818061
vt 0.574300 0.779392
vt 0.577563 0.791947
vt 0.572660 0.798949
vt 0.579685 0.837069
vt 0.577118 0.817758
vt 0.570624 0.804007
vt 0.573930 0.825233
vt 0.557271 0.793372
vt 0.580570 0.800281
vt 0.554691 0.808878
vt 0.728001 0.037139
vt 0.721169 0.022494
vt 0.707343 0.014394
vt 0.737694 0.034997
vt 0.548808 0.800913
vt 0.592382 0.759358
vt 0.597161 0.779557
vt 0.589692 0.794701
vt 0.089653 0.813858
vt 0.092974 0.827296
vt 0.078424 0.826052
vt 0.582488 0.666568
vt 0.574022 0.652585
vt 0.578048 0.643157
vt 0.099740 0.834547
vt 0.083123 0.834228
vt 0.110151 0.836398
vt 0.125595 0.845817
vt 0.075941 0.819156
vt 0.317216 0.679738
vt 0.571868 0.642249
vt 0.574764 0.624528
vt 0.057632 0.813362
vt 0.105998 0.817414
vt 0.073501 0.767117
vt 0.328849 0.687428
vt 0.062424 0.778847
vt 0.054936 0.779890
vt 0.077735 0.782244
vt 0.060697 0.797861
vt 0.066108 0.816873
vt 0.061092 0.821227
vt 0.088729 0.795656
vt 0.077073 0.797834
vt 0.150211 0.855034
vt 0.066399 0.830545
vt 0.572392 0.609708
vt 0.140411 0.848305
vt 0.058089 0.798279
s 1
usemtl moon_rock_01
f 5/1/5 6/2/6 7/3/7
f 8/4/8 9/5/9 4/6/4
f 8/4/8 11/7/11 12/8/12
f 10/9/10 5/1/5 7/3/7
f 15/10/15 16/11/16 17/12/17
f 10/9/10 1/13/1 5/1/5
f 13/14/13 18/15/18 7/3/7
f 13/14/13 7/3/7 6/2/6
f 14/16/14 10/9/10 7/3/7
f 7/3/7 19/17/19 14/16/14
f 7/3/7 18/15/18 19/17/19
f 10/9/10 2/18/2 1/13/1
f 13/14/13 16/19/16 18/15/18
f 16/11/16 13/20/13 17/12/17
f 15/10/15 17/12/17 20/21/20
f 21/22/21 16/11/16 15/10/15
f 22/23/22 20/21/20 23/24/23
f 24/25/24 19/17/19 18/15/18
f 12/8/12 9/5/9 8/4/8
f 25/26/25 26/27/26 27/28/27
f 29/29/29 30/30/30 9/31/9
f 29/32/29 27/28/27 26/27/26
f 22/23/22 31/33/31 20/21/20
f 29/32/29 9/5/9 12/8/12
f 10/9/10 14/16/14 32/34/32
f 22/23/22 30/30/30 29/29/29
f 33/35/33 22/23/22 23/24/23
f 21/22/21 15/10/15 20/21/20
f 30/30/30 3/36/3 9/31/9
f 29/32/29 12/8/12 27/28/27
f 10/9/10 32/34/32 2/18/2
f 38/37/38 37/38/37 39/39/39
f 21/40/21 29/32/29 26/27/26
f 9/31/9 3/36/3 4/41/4
f 40/42/40 30/30/30 33/35/33
f 11/7/11 41/43/41 38/37/38
f 42/44/42 30/30/30 40/42/40
f 34/45/34 39/39/39 35/46/35
f 38/37/38 39/39/39 43/47/43
f 28/48/28 35/46/35 39/39/39
f 37/38/37 28/48/28 39/39/39
f 11/7/11 38/37/38 12/8/12
f 39/39/39 44/49/44 45/50/45
f 44/49/44 39/39/39 34/45/34
f 39/39/39 45/50/45 43/47/43
f 45/50/45 38/37/38 43/47/43
f 38/37/38 45/50/45 27/28/27
f 34/45/34 46/51/46 44/49/44
f 12/8/12 38/37/38 27/28/27
f 27/28/27 44/49/44 25/26/25
f 44/49/44 27/28/27 45/50/45
f 33/35/33 30/30/30 22/23/22
f 3/36/3 30/30/30 42/44/42
f 49/52/49 50/53/50 51/54/51
f 36/55/36 3/36/3 42/44/42
f 48/56/48 52/57/52 34/45/34
f 53/58/53 52/57/52 48/56/48
f 51/54/51 55/59/55 49/52/49
f 54/60/54 46/51/46 34/45/34
f 54/60/54 34/45/34 52/57/52
f 56/61/56 54/60/54 52/57/52
f 26/27/26 46/51/46 57/62/57
f 46/51/46 54/60/54 57/62/57
f 49/52/49 55/59/55 58/63/58
f 57/62/57 54/60/54 56/61/56
f 24/25/24 26/27/26 57/62/57
f 1/13/1 61/64/61 60/65/60
f 46/51/46 25/26/25 44/49/44
f 22/23/22 29/29/29 31/33/31
f 26/27/26 25/26/25 46/51/46
f 62/66/62 63/67/63 64/68/64
f 53/58/53 56/61/56 52/57/52
f 53/58/53 59/69/59 56/61/56
f 14/16/14 56/61/56 32/34/32
f 56/61/56 14/16/14 19/17/19
f 32/34/32 56/61/56 49/52/49
f 24/25/24 57/62/57 19/17/19
f 19/17/19 57/62/57 56/61/56
f 56/61/56 59/69/59 50/53/50
f 65/70/65 66/71/66 63/67/63
f 21/40/21 26/27/26 24/25/24
f 61/64/61 1/13/1 47/72/47
f 55/59/55 65/70/65 63/67/63
f 21/22/21 31/33/31 29/29/29
f 24/25/24 18/15/18 16/19/16
f 21/22/21 20/21/20 31/33/31
f 63/67/63 58/63/58 55/59/55
f 21/40/21 24/25/24 16/19/16
f 64/68/64 66/71/66 68/73/68
f 64/68/64 63/67/63 66/71/66
f 58/63/58 2/18/2 49/52/49
f 63/67/63 47/72/47 58/63/58
f 47/72/47 2/18/2 58/63/58
f 1/13/1 2/18/2 47/72/47
f 56/61/56 50/53/50 49/52/49
f 49/52/49 2/18/2 32/34/32
f 70/74/70 71/75/71 72/76/72
f 73/77/73 74/78/74 75/79/75
f 76/80/76 77/81/77 78/82/78
f 76/83/76 79/84/79 80/85/80
f 79/84/79 76/83/76 81/86/81
f 80/87/80 77/81/77 76/80/76
f 82/88/82 71/75/71 83/89/83
f 79/84/79 84/90/84 85/91/85
f 79/84/79 85/91/85 86/92/86
f 76/80/76 78/82/78 81/93/81
f 71/75/71 82/88/82 72/76/72
f 82/88/82 89/94/89 72/76/72
f 90/95/90 91/96/91 92/97/92
f 72/76/72 89/94/89 93/98/93
f 94/99/94 70/74/70 72/76/72
f 95/100/95 96/101/96 97/102/97
f 98/103/98 83/89/83 70/74/70
f 99/104/99 94/99/94 72/76/72
f 70/74/70 83/89/83 71/75/71
f 100/105/100 101/106/101 97/102/97
f 95/100/95 97/102/97 102/107/102
f 103/108/103 104/109/104 105/110/105
f 106/111/106 104/109/104 103/108/103
f 90/95/90 89/94/89 82/88/82
f 107/112/107 89/94/89 90/95/90
f 108/113/108 109/114/109 104/109/104
f 109/114/109 105/110/105 104/109/104
f 109/114/109 108/113/108 110/115/110
f 111/116/111 112/117/112 113/118/113
f 107/112/107 90/95/90 92/97/92
f 113/118/113 112/117/112 108/113/108
f 115/119/115 110/115/110 108/113/108
f 92/97/92 117/120/117 107/112/107
f 92/97/92 91/96/91 117/120/117
f 116/121/116 115/119/115 112/117/112
f 107/112/107 117/120/117 118/122/118
f 122/123/122 123/124/123 121/125/121
f 116/121/116 121/125/121 124/126/124
f 116/121/116 124/126/124 125/127/125
f 119/128/119 126/129/126 123/124/123
f 119/128/119 123/124/123 120/130/120
f 123/124/123 124/126/124 121/125/121
f 127/131/127 118/122/118 117/120/117
f 67/132/67 36/55/36 42/44/42
f 120/130/120 122/123/122 119/128/119
f 122/123/122 120/130/120 123/124/123
f 128/133/128 127/131/127 91/96/91
f 102/107/102 114/134/114 96/101/96
f 96/101/96 95/100/95 102/107/102
f 114/134/114 129/135/129 96/101/96
f 123/124/123 130/136/130 131/137/131
f 114/134/114 102/107/102 91/138/91
f 132/139/132 40/42/40 33/35/33
f 133/140/133 119/128/119 134/141/134
f 134/141/134 135/142/135 133/140/133
f 90/95/90 114/143/114 91/96/91
f 136/144/136 96/101/96 129/135/129
f 137/145/137 103/108/103 88/146/88
f 42/44/42 138/147/138 67/132/67
f 139/148/139 140/149/140 141/150/141
f 91/96/91 127/131/127 117/120/117
f 136/144/136 129/135/129 142/151/142
f 128/133/128 139/152/139 127/131/127
f 143/153/143 142/154/142 129/155/129
f 102/107/102 128/156/128 91/138/91
f 115/119/115 108/113/108 112/117/112
f 141/150/141 140/149/140 6/157/6
f 103/108/103 105/110/105 88/146/88
f 105/110/105 144/158/144 88/146/88
f 145/159/145 146/160/146 147/161/147
f 148/162/148 138/147/138 149/163/149
f 149/163/149 146/160/146 145/159/145
f 138/147/138 150/164/150 149/163/149
f 146/160/146 149/163/149 150/164/150
f 138/147/138 42/44/42 150/164/150
f 145/159/145 148/162/148 149/163/149
f 150/164/150 42/44/42 40/42/40
f 150/164/150 151/165/151 152/166/152
f 150/164/150 152/166/152 146/160/146
f 150/164/150 40/42/40 151/165/151
f 153/167/153 142/151/142 81/93/81
f 132/139/132 151/165/151 40/42/40
f 143/153/143 84/90/84 142/154/142
f 142/154/142 84/90/84 81/86/81
f 152/166/152 151/165/151 154/168/154
f 84/90/84 143/153/143 82/88/82
f 152/166/152 147/161/147 146/160/146
f 79/84/79 81/86/81 84/90/84
f 128/156/128 102/107/102 101/106/101
f 147/161/147 156/169/156 155/170/155
f 155/170/155 145/159/145 147/161/147
f 155/170/155 156/169/156 157/171/157
f 158/172/158 155/170/155 157/171/157
f 129/155/129 90/95/90 82/88/82
f 158/172/158 157/171/157 160/173/160
f 159/174/159 157/171/157 156/169/156
f 157/171/157 162/175/162 161/176/161
f 157/171/157 159/174/159 162/175/162
f 160/173/160 157/171/157 161/176/161
f 163/177/163 154/168/154 151/165/151
f 164/178/164 156/169/156 165/179/165
f 165/179/165 147/161/147 154/168/154
f 152/166/152 154/168/154 147/161/147
f 78/82/78 87/180/87 144/158/144
f 166/181/166 164/178/164 165/179/165
f 156/169/156 147/161/147 165/179/165
f 165/179/165 154/168/154 163/177/163
f 159/174/159 166/181/166 168/182/168
f 161/176/161 162/175/162 126/129/126
f 166/181/166 159/174/159 164/178/164
f 166/181/166 165/179/165 167/183/167
f 131/137/131 130/136/130 125/127/125
f 168/182/168 166/181/166 169/184/169
f 130/136/130 169/184/169 125/127/125
f 129/155/129 82/88/82 143/153/143
f 170/185/170 169/184/169 166/181/166
f 78/82/78 153/167/153 81/93/81
f 128/156/128 101/106/101 139/148/139
f 127/131/127 171/186/171 118/122/118
f 124/126/124 123/124/123 131/137/131
f 13/20/13 6/157/6 140/149/140
f 156/169/156 164/178/164 159/174/159
f 162/175/162 159/174/159 168/182/168
f 20/21/20 172/187/172 23/24/23
f 172/187/172 20/21/20 173/188/173
f 129/155/129 114/143/114 90/95/90
f 136/144/136 153/167/153 175/189/175
f 23/24/23 172/187/172 174/190/174
f 132/139/132 33/35/33 23/24/23
f 88/146/88 144/158/144 87/180/87
f 176/191/176 175/189/175 78/82/78
f 173/188/173 174/190/174 172/187/172
f 78/82/78 175/189/175 153/167/153
f 78/82/78 144/158/144 176/191/176
f 153/167/153 136/144/136 142/151/142
f 139/152/139 171/186/171 127/131/127
f 177/192/177 17/12/17 13/20/13
f 13/20/13 73/77/73 177/192/177
f 173/188/173 17/12/17 177/192/177
f 101/106/101 75/79/75 74/78/74
f 173/188/173 177/192/177 178/193/178
f 73/77/73 178/193/178 177/192/177
f 178/193/178 73/77/73 75/79/75
f 174/190/174 173/188/173 179/194/179
f 178/193/178 179/194/179 173/188/173
f 151/165/151 132/139/132 180/195/180
f 174/190/174 180/195/180 132/139/132
f 78/82/78 77/81/77 87/180/87
f 174/190/174 179/194/179 180/195/180
f 174/190/174 132/139/132 23/24/23
f 182/196/182 179/194/179 181/197/181
f 179/194/179 178/193/178 75/79/75
f 163/177/163 151/165/151 183/198/183
f 75/79/75 181/197/181 179/194/179
f 179/194/179 182/196/182 184/199/184
f 180/195/180 183/198/183 151/165/151
f 130/136/130 168/182/168 169/184/169
f 163/177/163 183/198/183 167/183/167
f 163/177/163 167/183/167 165/179/165
f 167/183/167 185/200/185 166/181/166
f 166/181/166 185/200/185 170/185/170
f 186/201/186 170/185/170 185/200/185
f 184/199/184 180/195/180 179/194/179
f 186/201/186 125/127/125 169/184/169
f 169/184/169 170/185/170 186/201/186
f 115/119/115 116/121/116 125/127/125
f 185/200/185 187/202/187 186/201/186
f 185/200/185 167/183/167 183/198/183
f 183/198/183 180/195/180 184/199/184
f 115/119/115 125/127/125 186/201/186
f 187/202/187 115/119/115 186/201/186
f 115/119/115 187/202/187 110/115/110
f 187/202/187 188/203/188 110/115/110
f 182/196/182 181/197/181 100/105/100
f 75/79/75 101/106/101 100/105/100
f 100/105/100 181/197/181 75/79/75
f 189/204/189 190/205/190 184/199/184
f 191/206/191 100/105/100 97/102/97
f 97/102/97 96/101/96 191/206/191
f 189/204/189 182/196/182 100/105/100
f 190/205/190 189/204/189 191/206/191
f 184/199/184 182/196/182 189/204/189
f 187/202/187 183/198/183 190/205/190
f 183/198/183 184/199/184 190/205/190
f 188/203/188 192/207/192 193/208/193
f 191/206/191 193/208/193 192/207/192
f 110/115/110 188/203/188 109/114/109
f 109/114/109 188/203/188 193/208/193
f 193/208/193 191/206/191 176/191/176
f 192/207/192 190/205/190 191/206/191
f 187/202/187 190/205/190 192/207/192
f 189/204/189 100/105/100 191/206/191
f 192/207/192 188/203/188 187/202/187
f 144/158/144 193/208/193 176/191/176
f 109/114/109 193/208/193 105/110/105
f 105/110/105 193/208/193 144/158/144
f 176/191/176 96/101/96 136/144/136
f 101/106/101 102/107/102 97/102/97
f 101/106/101 140/149/140 139/148/139
f 136/144/136 175/189/175 176/191/176
f 126/129/126 133/140/133 194/209/194
f 101/106/101 74/78/74 140/149/140
f 133/140/133 126/129/126 119/128/119
f 194/209/194 161/176/161 126/129/126
f 130/136/130 126/129/126 168/182/168
f 185/200/185 183/198/183 187/202/187
f 82/88/82 83/89/83 84/90/84
f 83/89/83 85/91/85 84/90/84
f 124/126/124 131/137/131 125/127/125
f 126/129/126 130/136/130 123/124/123
f 176/191/176 191/206/191 96/101/96
f 162/175/162 168/182/168 126/129/126
f 74/78/74 13/20/13 140/149/140
f 74/78/74 73/77/73 13/20/13
f 173/188/173 20/21/20 17/12/17
f 133/140/133 135/142/135 195/210/195
f 196/211/196 93/98/93 197/212/197
f 72/76/72 93/98/93 196/211/196
f 200/213/200 201/214/201 199/215/199
f 72/76/72 196/211/196 99/104/99
f 205/216/205 204/217/204 206/218/206
f 197/212/197 202/219/202 196/211/196
f 208/220/208 209/221/209 206/218/206
f 206/218/206 209/221/209 202/219/202
f 198/222/198 199/215/199 211/223/211
f 206/218/206 202/219/202 213/224/213
f 204/217/204 208/220/208 206/218/206
f 89/94/89 215/225/215 93/98/93
f 93/98/93 215/225/215 197/212/197
f 216/226/216 118/122/118 217/227/217
f 118/122/118 171/186/171 217/227/217
f 220/228/220 221/229/221 219/230/219
f 215/225/215 89/94/89 107/112/107
f 216/226/216 214/231/214 215/225/215
f 107/112/107 216/226/216 215/225/215
f 216/226/216 217/227/217 211/223/211
f 216/226/216 107/112/107 118/122/118
f 216/226/216 211/223/211 214/231/214
f 222/232/222 141/233/141 223/234/223
f 171/186/171 141/233/141 222/232/222
f 223/234/223 224/235/224 222/232/222
f 214/231/214 211/223/211 207/236/207
f 139/152/139 141/233/141 171/186/171
f 212/237/212 220/228/220 219/230/219
f 223/238/223 6/2/6 5/1/5
f 225/239/225 226/240/226 222/232/222
f 222/232/222 226/240/226 217/227/217
f 141/150/141 6/157/6 223/241/223
f 224/235/224 225/239/225 222/232/222
f 224/235/224 61/242/61 225/239/225
f 223/238/223 5/1/5 224/243/224
f 61/242/61 226/240/226 225/239/225
f 5/1/5 1/13/1 224/243/224
f 61/242/61 224/235/224 60/244/60
f 60/65/60 224/243/224 1/13/1
f 221/229/221 220/228/220 227/245/227
f 210/246/210 207/236/207 199/215/199
f 217/227/217 171/186/171 222/232/222
f 230/247/230 217/227/217 226/240/226
f 199/215/199 201/214/201 210/246/210
f 207/236/207 211/223/211 199/215/199
f 221/229/221 2257/248/2257 218/249/218
f 205/216/205 218/249/218 204/217/204
f 231/250/231 212/237/212 219/230/219
f 204/217/204 218/249/218 203/251/203
f 218/249/218 852/252/852 203/251/203
f 231/250/231 201/214/201 212/237/212
f 219/230/219 221/229/221 218/249/218
f 200/213/200 229/253/229 233/254/233
f 205/216/205 219/230/219 218/249/218
f 205/216/205 231/250/231 219/230/219
f 228/255/228 232/256/232 234/257/234
f 198/222/198 200/213/200 199/215/199
f 200/213/200 228/258/228 229/253/229
f 200/213/200 233/254/233 201/214/201
f 200/213/200 198/222/198 235/259/235
f 235/259/235 228/258/228 200/213/200
f 229/253/229 220/228/220 233/254/233
f 212/237/212 233/254/233 220/228/220
f 201/214/201 233/254/233 212/237/212
f 202/219/202 197/212/197 213/224/213
f 229/260/229 234/257/234 237/261/237
f 237/262/237 227/245/227 220/228/220
f 236/263/236 227/245/227 237/262/237
f 201/214/201 231/250/231 210/246/210
f 238/264/238 239/265/239 226/240/226
f 207/236/207 210/246/210 231/250/231
f 213/224/213 207/236/207 240/266/240
f 205/216/205 206/218/206 240/266/240
f 235/259/235 232/267/232 228/258/228
f 215/225/215 214/231/214 213/224/213
f 240/266/240 206/218/206 213/224/213
f 207/236/207 213/224/213 214/231/214
f 205/216/205 207/236/207 231/250/231
f 234/257/234 62/66/62 237/261/237
f 197/212/197 215/225/215 213/224/213
f 207/236/207 205/216/205 240/266/240
f 235/259/235 198/222/198 232/267/232
f 239/265/239 217/227/217 230/247/230
f 226/240/226 239/265/239 230/247/230
f 239/265/239 198/222/198 217/227/217
f 239/265/239 232/267/232 198/222/198
f 63/67/63 241/268/241 47/72/47
f 211/223/211 217/227/217 198/222/198
f 63/67/63 62/66/62 241/268/241
f 61/64/61 47/72/47 238/269/238
f 226/240/226 61/242/61 238/264/238
f 234/257/234 232/256/232 241/268/241
f 236/270/236 237/261/237 62/66/62
f 241/268/241 238/269/238 47/72/47
f 238/269/238 241/268/241 232/256/232
f 234/257/234 241/268/241 62/66/62
f 236/270/236 62/66/62 64/68/64
f 229/260/229 228/255/228 234/257/234
f 239/265/239 238/264/238 232/267/232
f 220/228/220 229/253/229 237/262/237
f 242/271/242 243/272/243 244/273/244
f 248/274/248 249/275/249 250/276/250
f 251/277/251 252/278/252 253/279/253
f 257/280/257 258/281/258 254/282/254
f 243/272/243 255/283/255 244/273/244
f 246/284/246 247/285/247 261/286/261
f 244/273/244 255/283/255 262/287/262
f 264/288/264 265/289/265 266/290/266
f 267/291/267 268/292/268 269/293/269
f 270/294/270 258/281/258 257/280/257
f 264/288/264 271/295/271 265/289/265
f 258/281/258 263/296/263 254/282/254
f 243/272/243 256/297/256 255/283/255
f 263/296/263 259/298/259 254/282/254
f 274/299/274 260/300/260 258/281/258
f 272/301/272 273/302/273 275/303/275
f 251/277/251 246/284/246 252/278/252
f 267/291/267 272/301/272 251/277/251
f 255/283/255 254/282/254 262/287/262
f 246/284/246 245/304/245 252/278/252
f 251/277/251 247/285/247 246/284/246
f 251/277/251 272/301/272 247/285/247
f 276/305/276 267/291/267 269/293/269
f 272/301/272 277/306/277 273/302/273
f 277/306/277 272/301/272 276/305/276
f 277/306/277 276/305/276 269/293/269
f 277/307/277 279/308/279 273/309/273
f 277/307/277 278/310/278 279/308/279
f 277/306/277 269/293/269 278/311/278
f 273/309/273 281/312/281 280/313/280
f 280/314/280 275/303/275 273/302/273
f 282/315/282 281/312/281 273/309/273
f 272/301/272 267/291/267 276/305/276
f 250/276/250 249/275/249 262/287/262
f 273/309/273 279/308/279 282/315/282
f 259/298/259 262/287/262 254/282/254
f 262/287/262 259/298/259 250/276/250
f 263/296/263 258/281/258 260/300/260
f 285/316/285 252/278/252 245/304/245
f 288/317/288 289/318/289 290/319/290
f 291/320/291 292/321/292 260/300/260
f 245/304/245 293/322/293 285/316/285
f 248/274/248 294/323/294 295/324/295
f 294/323/294 248/274/248 286/325/286
f 296/326/296 290/327/290 297/328/297
f 259/298/259 286/325/286 250/276/250
f 289/329/289 260/300/260 274/299/274
f 290/327/290 289/329/289 297/328/297
f 297/328/297 289/329/289 274/299/274
f 248/274/248 250/276/250 286/325/286
f 260/300/260 289/329/289 291/320/291
f 259/298/259 300/330/300 286/325/286
f 298/331/298 287/332/287 299/333/299
f 300/330/300 259/298/259 301/334/301
f 298/331/298 294/335/294 287/332/287
f 286/336/286 287/332/287 294/335/294
f 286/336/286 300/337/300 287/332/287
f 302/338/302 299/333/299 287/332/287
f 302/338/302 303/339/303 299/333/299
f 301/334/301 263/296/263 260/300/260
f 287/332/287 304/340/304 282/315/282
f 287/332/287 282/315/282 302/338/302
f 260/300/260 292/321/292 301/334/301
f 306/341/306 291/320/291 289/329/289
f 291/320/291 306/341/306 307/342/307
f 289/318/289 288/317/288 306/343/306
f 305/344/305 257/280/257 256/297/256
f 309/345/309 279/308/279 278/310/278
f 292/346/292 265/289/265 271/295/271
f 282/315/282 279/308/279 302/338/302
f 309/345/309 302/338/302 279/308/279
f 310/347/310 302/338/302 309/345/309
f 302/338/302 310/347/310 303/339/303
f 270/294/270 257/280/257 305/344/305
f 308/348/308 270/294/270 305/344/305
f 297/328/297 274/299/274 270/294/270
f 311/349/311 312/350/312 313/351/313
f 307/352/307 306/343/306 265/289/265
f 270/294/270 296/326/296 297/328/297
f 292/346/292 307/352/307 265/289/265
f 306/343/306 316/353/316 265/289/265
f 313/351/313 290/327/290 296/326/296
f 317/354/317 264/288/264 314/355/314
f 315/356/315 318/357/318 247/285/247
f 264/288/264 317/354/317 271/295/271
f 263/296/263 301/334/301 259/298/259
f 261/286/261 247/285/247 318/357/318
f 319/358/319 304/340/304 300/337/300
f 287/332/287 300/337/300 304/340/304
f 312/359/312 321/360/321 290/319/290
f 290/327/290 313/351/313 312/350/312
f 290/319/290 322/361/322 288/317/288
f 320/362/320 321/360/321 312/359/312
f 301/363/301 324/364/324 300/337/300
f 323/365/323 324/364/324 301/363/301
f 290/319/290 321/360/321 322/361/322
f 324/364/324 319/358/319 300/337/300
f 264/288/264 325/366/325 326/367/326
f 257/280/257 255/283/255 256/297/256
f 292/321/292 291/320/291 307/342/307
f 327/368/327 319/358/319 324/364/324
f 274/299/274 258/281/258 270/294/270
f 257/280/257 254/282/254 255/283/255
f 280/314/280 327/369/327 275/303/275
f 266/290/266 325/366/325 264/288/264
f 325/366/325 266/290/266 328/370/328
f 328/370/328 266/290/266 316/353/316
f 316/353/316 266/290/266 265/289/265
f 306/343/306 288/317/288 329/371/329
f 322/361/322 329/371/329 288/317/288
f 329/371/329 322/361/322 330/372/330
f 329/371/329 328/370/328 316/353/316
f 329/371/329 316/353/316 306/343/306
f 327/373/327 324/374/324 331/375/331
f 247/285/247 272/301/272 275/303/275
f 331/376/331 315/356/315 275/303/275
f 332/377/332 317/354/317 314/355/314
f 314/378/314 315/356/315 331/376/331
f 247/285/247 275/303/275 315/356/315
f 332/377/332 333/379/333 271/295/271
f 271/295/271 317/354/317 332/377/332
f 331/375/331 324/374/324 323/380/323
f 332/377/332 314/355/314 331/375/331
f 332/377/332 331/375/331 323/380/323
f 332/377/332 323/380/323 333/379/333
f 301/334/301 333/381/333 323/382/323
f 292/321/292 333/381/333 301/334/301
f 275/303/275 327/369/327 331/376/331
f 304/340/304 327/368/327 282/315/282
f 281/312/281 327/368/327 280/313/280
f 282/315/282 327/368/327 281/312/281
f 333/379/333 292/346/292 271/295/271
f 304/340/304 319/358/319 327/368/327
f 334/383/334 4/41/4 3/36/3
f 335/384/335 4/41/4 334/383/334
f 244/273/244 283/385/283 336/386/336
f 36/55/36 334/383/334 3/36/3
f 67/132/67 334/383/334 36/55/36
f 340/387/340 341/388/341 342/389/342
f 4/6/4 335/390/335 8/4/8
f 335/390/335 343/391/343 344/392/344
f 8/4/8 344/392/344 345/393/345
f 335/390/335 344/392/344 8/4/8
f 244/273/244 262/287/262 283/385/283
f 11/7/11 8/4/8 345/393/345
f 41/43/41 345/393/345 344/392/344
f 346/394/346 347/395/347 348/396/348
f 337/397/337 336/386/336 283/385/283
f 41/43/41 11/7/11 345/393/345
f 37/38/37 38/37/38 349/398/349
f 310/347/310 309/345/309 351/399/351
f 283/385/283 339/400/339 337/397/337
f 41/43/41 352/401/352 349/398/349
f 350/402/350 338/403/338 353/404/353
f 38/37/38 41/43/41 349/398/349
f 69/405/69 354/406/354 37/38/37
f 355/407/355 351/399/351 348/396/348
f 310/347/310 351/399/351 356/408/356
f 357/409/357 355/407/355 348/396/348
f 358/410/358 303/339/303 356/408/356
f 303/339/303 310/347/310 356/408/356
f 351/399/351 355/407/355 356/408/356
f 359/411/359 303/339/303 358/410/358
f 349/398/349 69/405/69 37/38/37
f 360/412/360 361/413/361 342/389/342
f 362/414/362 358/410/358 356/408/356
f 356/408/356 355/407/355 357/409/357
f 354/406/354 28/48/28 37/38/37
f 356/408/356 357/409/357 362/414/362
f 363/415/363 364/416/364 365/417/365
f 361/418/361 366/419/366 367/420/367
f 368/421/368 369/422/369 370/423/370
f 372/424/372 360/412/360 342/389/342
f 367/420/367 342/425/342 361/418/361
f 340/387/340 335/384/335 341/388/341
f 367/420/367 340/426/340 342/425/342
f 370/423/370 374/427/374 375/428/375
f 69/405/69 375/428/375 354/406/354
f 367/420/367 335/390/335 340/426/340
f 348/396/348 347/395/347 376/429/376
f 370/423/370 375/428/375 69/405/69
f 376/429/376 347/395/347 377/430/377
f 357/409/357 377/430/377 378/431/378
f 357/409/357 376/429/376 377/430/377
f 369/422/369 377/430/377 347/395/347
f 379/432/379 378/431/378 377/430/377
f 357/409/357 348/396/348 376/429/376
f 380/433/380 379/432/379 377/430/377
f 381/434/381 379/432/379 373/435/373
f 381/434/381 358/410/358 362/414/362
f 362/414/362 357/409/357 378/431/378
f 379/432/379 362/414/362 378/431/378
f 381/434/381 362/414/362 379/432/379
f 367/420/367 382/436/382 343/391/343
f 368/421/368 380/433/380 377/430/377
f 369/422/369 368/421/368 377/430/377
f 380/433/380 368/421/368 352/401/352
f 352/401/352 69/405/69 349/398/349
f 352/401/352 368/421/368 69/405/69
f 373/435/373 380/433/380 352/401/352
f 373/435/373 379/432/379 380/433/380
f 352/401/352 41/43/41 344/392/344
f 343/391/343 373/435/373 352/401/352
f 361/418/361 383/437/383 384/438/384
f 386/439/386 360/412/360 385/440/385
f 69/405/69 368/421/368 370/423/370
f 385/440/385 360/412/360 387/441/387
f 387/441/387 360/412/360 371/442/371
f 367/420/367 343/391/343 335/390/335
f 353/404/353 338/403/338 339/400/339
f 334/383/334 341/388/341 335/384/335
f 334/383/334 372/424/372 341/388/341
f 366/419/366 382/436/382 367/420/367
f 343/391/343 352/401/352 344/392/344
f 339/400/339 338/403/338 337/397/337
f 366/419/366 388/443/388 382/436/382
f 389/444/389 371/442/371 372/424/372
f 353/404/353 386/439/386 385/440/385
f 372/424/372 334/383/334 67/132/67
f 67/132/67 389/444/389 372/424/372
f 390/445/390 294/335/294 298/331/298
f 249/275/249 248/274/248 295/324/295
f 342/389/342 341/388/341 372/424/372
f 373/435/373 343/391/343 382/436/382
f 391/446/391 299/333/299 359/411/359
f 295/324/295 294/323/294 390/447/390
f 359/411/359 299/333/299 303/339/303
f 390/445/390 391/446/391 359/411/359
f 359/411/359 358/410/358 381/434/381
f 390/445/390 298/331/298 391/446/391
f 364/416/364 390/447/390 365/417/365
f 391/446/391 298/331/298 299/333/299
f 364/416/364 249/275/249 295/324/295
f 364/416/364 295/324/295 390/447/390
f 359/411/359 365/448/365 390/445/390
f 365/417/365 383/449/383 363/415/363
f 363/415/363 339/400/339 364/416/364
f 371/442/371 360/412/360 372/424/372
f 383/449/383 339/400/339 363/415/363
f 249/275/249 364/416/364 339/400/339
f 283/385/283 262/287/262 249/275/249
f 283/385/283 249/275/249 339/400/339
f 388/443/388 359/411/359 381/434/381
f 384/438/384 359/411/359 388/443/388
f 388/443/388 366/419/366 384/438/384
f 388/443/388 381/434/381 373/435/373
f 359/411/359 384/438/384 365/448/365
f 383/437/383 365/448/365 384/438/384
f 386/439/386 339/400/339 383/449/383
f 339/400/339 386/439/386 353/404/353
f 383/449/383 361/413/361 360/412/360
f 383/449/383 360/412/360 386/439/386
f 361/418/361 384/438/384 366/419/366
f 382/436/382 388/443/388 373/435/373
f 392/450/392 393/451/393 394/452/394
f 395/453/395 396/454/396 397/455/397
f 397/455/397 398/456/398 395/453/395
f 402/457/402 393/451/393 392/450/392
f 399/458/399 400/459/400 401/460/401
f 401/460/401 403/461/403 404/462/404
f 401/460/401 400/459/400 403/461/403
f 407/463/407 491/464/491 406/465/406
f 410/466/410 411/467/411 412/468/412
f 401/460/401 404/462/404 413/469/413
f 414/470/414 409/471/409 411/467/411
f 412/472/412 399/458/399 410/473/410
f 415/474/415 402/457/402 416/475/416
f 312/359/312 417/476/417 320/362/320
f 395/453/395 398/456/398 402/457/402
f 414/470/414 411/467/411 410/466/410
f 311/477/311 417/478/417 312/479/312
f 414/480/414 410/473/410 399/458/399
f 399/458/399 401/460/401 418/481/418
f 418/481/418 414/480/414 399/458/399
f 414/480/414 418/481/418 408/482/408
f 411/467/411 409/471/409 419/483/419
f 409/471/409 414/470/414 408/484/408
f 313/351/313 409/471/409 408/484/408
f 401/460/401 413/469/413 420/485/420
f 418/481/418 401/460/401 420/485/420
f 421/486/421 408/482/408 418/481/418
f 421/486/421 311/477/311 408/482/408
f 311/349/311 313/351/313 408/484/408
f 416/475/416 402/457/402 422/487/422
f 421/486/421 420/485/420 423/488/423
f 402/457/402 398/456/398 422/487/422
f 311/477/311 423/488/423 417/478/417
f 407/463/407 406/465/406 424/489/424
f 425/490/425 424/489/424 406/465/406
f 426/491/426 420/485/420 427/492/427
f 418/481/418 420/485/420 421/486/421
f 425/490/425 428/493/428 424/489/424
f 403/461/403 393/451/393 404/462/404
f 420/485/420 413/469/413 427/492/427
f 429/494/429 422/487/422 430/495/430
f 429/496/429 424/489/424 428/493/428
f 431/497/431 428/493/428 425/490/425
f 416/475/416 422/487/422 429/494/429
f 431/498/431 432/499/432 428/500/428
f 430/501/430 424/489/424 429/496/429
f 403/461/403 394/452/394 393/451/393
f 428/500/428 416/475/416 429/494/429
f 432/499/432 416/475/416 428/500/428
f 427/492/427 433/502/433 426/491/426
f 421/486/421 423/488/423 311/477/311
f 431/498/431 433/502/433 432/499/432
f 415/474/415 432/499/432 433/502/433
f 434/503/434 313/351/313 296/326/296
f 435/504/435 436/505/436 392/450/392
f 296/326/296 270/294/270 434/503/434
f 409/471/409 313/351/313 434/503/434
f 395/453/395 402/457/402 436/505/436
f 270/294/270 308/348/308 434/503/434
f 415/474/415 416/475/416 432/499/432
f 394/452/394 400/459/400 392/450/392
f 419/483/419 409/471/409 434/503/434
f 404/462/404 393/451/393 415/474/415
f 415/474/415 393/451/393 402/457/402
f 424/489/424 430/501/430 407/463/407
f 402/457/402 392/450/392 436/505/436
f 400/459/400 394/452/394 403/461/403
f 427/492/427 415/474/415 433/502/433
f 415/474/415 413/469/413 404/462/404
f 413/469/413 415/474/415 427/492/427
f 399/458/399 412/472/412 405/506/405
f 440/507/440 441/508/441 439/509/439
f 442/510/442 195/210/195 135/142/135
f 437/511/437 440/507/440 439/509/439
f 443/512/443 444/513/444 439/509/439
f 194/209/194 133/140/133 445/514/445
f 446/515/446 437/511/437 444/513/444
f 444/513/444 437/511/437 439/509/439
f 445/514/445 444/513/444 194/209/194
f 133/140/133 195/210/195 445/514/445
f 443/512/443 161/176/161 194/209/194
f 194/209/194 444/513/444 443/512/443
f 160/173/160 161/176/161 443/512/443
f 67/132/67 138/147/138 450/516/450
f 158/172/158 451/517/451 155/170/155
f 438/518/438 452/519/452 447/520/447
f 438/518/438 437/511/437 446/515/446
f 450/516/450 148/162/148 453/521/453
f 160/173/160 443/512/443 441/508/441
f 155/170/155 451/517/451 449/522/449
f 160/173/160 441/508/441 158/172/158
f 449/522/449 145/159/145 155/170/155
f 447/520/447 456/523/456 437/511/437
f 148/162/148 450/516/450 138/147/138
f 453/521/453 148/162/148 449/522/449
f 148/162/148 145/159/145 449/522/449
f 437/511/437 438/518/438 447/520/447
f 389/444/389 67/132/67 450/516/450
f 456/523/456 454/524/454 437/511/437
f 455/525/455 440/507/440 454/524/454
f 457/526/457 458/527/458 336/386/336
f 457/526/457 336/386/336 337/397/337
f 457/526/457 337/397/337 350/402/350
f 338/403/338 350/402/350 337/397/337
f 454/524/454 456/523/456 455/525/455
f 447/520/447 448/528/448 456/523/456
f 446/515/446 195/210/195 442/510/442
f 459/529/459 457/526/457 350/402/350
f 460/530/460 440/507/440 455/525/455
f 458/527/458 461/531/461 462/532/462
f 457/526/457 463/533/463 461/531/461
f 463/533/463 457/526/457 459/529/459
f 461/531/461 463/533/463 464/534/464
f 461/531/461 458/527/458 457/526/457
f 462/532/462 461/531/461 465/535/465
f 442/510/442 466/536/466 446/515/446
f 465/535/465 467/537/467 468/538/468
f 448/528/448 455/525/455 456/523/456
f 469/539/469 460/530/460 455/525/455
f 470/540/470 469/539/469 455/525/455
f 469/539/469 470/540/470 465/535/465
f 471/541/471 472/542/472 473/543/473
f 474/544/474 475/545/475 476/546/476
f 459/529/459 350/402/350 477/547/477
f 469/539/469 465/535/465 461/531/461
f 447/520/447 478/548/478 448/528/448
f 387/441/387 371/442/371 479/549/479
f 350/402/350 353/404/353 385/440/385
f 475/545/475 474/544/474 480/550/480
f 477/547/477 350/402/350 385/440/385
f 481/551/481 459/529/459 477/547/477
f 477/547/477 385/440/385 479/549/479
f 482/552/482 459/529/459 481/551/481
f 477/547/477 479/549/479 483/553/483
f 481/551/481 477/547/477 483/553/483
f 460/530/460 464/534/464 463/533/463
f 469/539/469 461/531/461 464/534/464
f 387/441/387 479/549/479 385/440/385
f 482/552/482 463/533/463 459/529/459
f 460/530/460 482/552/482 484/554/484
f 482/552/482 483/553/483 484/554/484
f 473/543/473 480/555/480 471/541/471
f 460/530/460 463/533/463 482/552/482
f 371/442/371 389/444/389 479/549/479
f 453/521/453 389/444/389 450/516/450
f 481/551/481 483/553/483 482/552/482
f 453/521/453 485/556/485 389/444/389
f 486/557/486 479/549/479 485/556/485
f 473/543/473 448/528/448 478/548/478
f 469/539/469 464/534/464 460/530/460
f 484/554/484 483/553/483 486/557/486
f 483/553/483 479/549/479 486/557/486
f 451/517/451 484/554/484 486/557/486
f 451/517/451 486/557/486 449/522/449
f 484/554/484 487/558/487 460/530/460
f 460/530/460 487/558/487 440/507/440
f 440/507/440 487/558/487 441/508/441
f 441/508/441 451/517/451 158/172/158
f 439/509/439 441/508/441 443/512/443
f 479/549/479 389/444/389 485/556/485
f 487/558/487 484/554/484 451/517/451
f 453/521/453 486/557/486 485/556/485
f 475/545/475 488/559/488 476/546/476
f 467/537/467 448/528/448 473/543/473
f 449/522/449 486/557/486 453/521/453
f 488/559/488 489/560/489 476/546/476
f 448/528/448 470/540/470 455/525/455
f 437/511/437 454/524/454 440/507/440
f 446/515/446 445/514/445 195/210/195
f 467/537/467 465/535/465 470/540/470
f 446/515/446 444/513/444 445/514/445
f 468/538/468 490/561/490 465/535/465
f 438/518/438 446/515/446 466/536/466
f 448/528/448 467/537/467 470/540/470
f 441/508/441 487/558/487 451/517/451
f 473/543/473 468/538/468 467/537/467
f 473/543/473 472/542/472 468/538/468
f 492/562/492 494/563/494 495/564/495
f 491/464/491 492/562/492 495/564/495
f 397/455/397 496/565/496 493/566/493
f 397/455/397 493/566/493 497/567/497
f 397/455/397 497/567/497 398/456/398
f 497/567/497 500/568/500 501/569/501
f 501/569/501 500/568/500 502/570/502
f 504/571/504 284/572/284 285/316/285
f 501/569/501 398/456/398 497/567/497
f 505/573/505 398/456/398 501/569/501
f 506/574/506 501/569/501 502/570/502
f 509/575/509 504/576/504 285/577/285
f 491/464/491 508/578/508 510/579/510
f 508/578/508 491/464/491 407/463/407
f 506/580/506 502/581/502 498/582/498
f 500/568/500 511/583/511 512/584/512
f 503/585/503 499/586/499 507/587/507
f 509/575/509 513/588/513 504/576/504
f 492/562/492 513/588/513 494/563/494
f 514/589/514 513/588/513 492/562/492
f 492/562/492 510/579/510 514/589/514
f 513/588/513 509/575/509 494/563/494
f 515/590/515 510/579/510 508/578/508
f 502/570/502 500/568/500 512/584/512
f 516/591/516 504/576/504 513/588/513
f 502/581/502 512/592/512 498/582/498
f 498/582/498 512/592/512 499/586/499
f 491/464/491 510/579/510 492/562/492
f 515/593/515 430/495/430 505/573/505
f 501/569/501 506/574/506 505/573/505
f 514/589/514 517/594/517 513/588/513
f 515/590/515 508/578/508 430/501/430
f 508/578/508 407/463/407 430/501/430
f 422/487/422 505/573/505 430/495/430
f 505/573/505 506/574/506 515/593/515
f 422/487/422 398/456/398 505/573/505
f 519/595/519 520/596/520 513/588/513
f 516/591/516 513/588/513 520/596/520
f 514/589/514 518/597/518 517/594/517
f 498/582/498 519/595/519 517/594/517
f 518/597/518 514/589/514 510/579/510
f 515/590/515 506/580/506 518/597/518
f 498/582/498 499/586/499 519/595/519
f 513/588/513 517/594/517 519/595/519
f 499/586/499 503/585/503 519/595/519
f 498/582/498 517/594/517 518/597/518
f 518/597/518 510/579/510 515/590/515
f 506/580/506 498/582/498 518/597/518
f 405/506/405 521/598/521 522/599/522
f 527/600/527 525/601/525 474/544/474
f 528/602/528 526/603/526 527/600/527
f 524/604/524 523/605/523 476/546/476
f 476/546/476 523/605/523 435/504/435
f 523/605/523 529/606/529 435/504/435
f 531/607/531 305/344/305 532/608/532
f 532/608/532 305/344/305 256/297/256
f 419/483/419 434/503/434 533/609/533
f 308/348/308 305/344/305 531/607/531
f 521/610/521 472/542/472 535/611/535
f 396/454/396 395/453/395 436/505/436
f 436/505/436 435/504/435 396/454/396
f 521/598/521 535/612/535 522/599/522
f 533/609/533 308/348/308 534/613/534
f 533/609/533 434/503/434 308/348/308
f 392/450/392 400/459/400 528/602/528
f 396/454/396 529/606/529 530/614/530
f 435/504/435 392/450/392 528/602/528
f 396/454/396 435/504/435 529/606/529
f 533/609/533 411/467/411 419/483/419
f 529/606/529 536/615/536 530/614/530
f 534/613/534 538/616/538 533/609/533
f 538/616/538 539/617/539 412/468/412
f 411/467/411 538/616/538 412/468/412
f 411/467/411 533/609/533 538/616/538
f 539/617/539 537/618/537 521/610/521
f 405/619/405 412/468/412 540/620/540
f 522/599/522 541/621/541 405/506/405
f 528/602/528 400/459/400 526/603/526
f 397/455/397 396/454/396 530/614/530
f 541/621/541 400/459/400 399/458/399
f 400/459/400 541/621/541 526/603/526
f 541/621/541 525/601/525 526/603/526
f 525/601/525 541/621/541 522/599/522
f 522/599/522 535/612/535 525/601/525
f 474/544/474 476/546/476 527/600/527
f 525/601/525 480/550/480 474/544/474
f 532/608/532 256/297/256 243/272/243
f 537/618/537 490/561/490 468/538/468
f 458/527/458 242/271/242 244/273/244
f 531/607/531 532/608/532 542/622/542
f 532/608/532 243/272/243 542/622/542
f 542/622/542 243/272/243 242/271/242
f 531/607/531 542/622/542 543/623/543
f 534/613/534 308/348/308 543/623/543
f 242/271/242 458/527/458 542/622/542
f 308/348/308 531/607/531 543/623/543
f 534/613/534 543/623/543 490/561/490
f 541/621/541 399/458/399 405/506/405
f 542/622/542 462/532/462 543/623/543
f 490/561/490 543/623/543 462/532/462
f 472/542/472 521/610/521 537/618/537
f 462/532/462 542/622/542 458/527/458
f 521/610/521 540/620/540 539/617/539
f 472/542/472 471/541/471 535/611/535
f 458/527/458 244/273/244 336/386/336
f 537/618/537 468/538/468 472/542/472
f 540/620/540 412/468/412 539/617/539
f 465/535/465 490/561/490 462/532/462
f 535/612/535 471/624/471 480/550/480
f 435/504/435 528/602/528 527/600/527
f 535/612/535 480/550/480 525/601/525
f 539/617/539 538/616/538 534/613/534
f 534/613/534 544/625/544 539/617/539
f 525/601/525 527/600/527 526/603/526
f 544/625/544 534/613/534 490/561/490
f 476/546/476 435/504/435 527/600/527
f 405/619/405 540/620/540 521/610/521
f 537/618/537 544/625/544 490/561/490
f 539/617/539 544/625/544 537/618/537
f 550/626/550 546/627/546 551/628/551
f 551/628/551 546/627/546 545/629/545
f 549/630/549 552/631/552 545/629/545
f 553/632/553 554/633/554 555/634/555
f 556/635/556 545/629/545 552/631/552
f 557/636/557 551/628/551 556/635/556
f 551/628/551 558/637/558 559/638/559
f 552/631/552 557/636/557 556/635/556
f 546/627/546 550/626/550 560/639/560
f 561/640/561 551/628/551 557/636/557
f 558/641/558 562/642/562 559/643/559
f 556/635/556 551/628/551 545/629/545
f 559/643/559 562/642/562 550/644/550
f 562/642/562 563/645/563 550/644/550
f 550/626/550 551/628/551 559/638/559
f 558/637/558 551/628/551 564/646/564
f 564/647/564 565/648/565 566/649/566
f 562/642/562 558/641/558 566/649/566
f 564/646/564 551/628/551 561/640/561
f 558/641/558 564/647/564 566/649/566
f 562/642/562 566/649/566 106/111/106
f 137/145/137 567/650/567 106/111/106
f 562/642/562 568/651/568 563/645/563
f 563/645/563 567/650/567 569/652/569
f 562/642/562 106/111/106 568/651/568
f 568/651/568 567/650/567 563/645/563
f 546/627/546 560/639/560 555/634/555
f 106/111/106 567/650/567 568/651/568
f 553/632/553 572/653/572 573/654/573
f 555/634/555 560/639/560 553/632/553
f 554/633/554 553/632/553 573/654/573
f 570/655/570 555/634/555 554/633/554
f 571/656/571 574/657/574 575/658/575
f 576/659/576 577/660/577 578/661/578
f 575/658/575 579/662/579 571/656/571
f 554/633/554 573/654/573 576/659/576
f 573/654/573 580/663/580 576/659/576
f 576/659/576 578/661/578 554/633/554
f 574/657/574 571/656/571 570/655/570
f 581/664/581 579/662/579 582/665/582
f 605/666/605 583/667/583 581/664/581
f 605/666/605 549/630/549 583/667/583
f 574/657/574 584/668/584 585/669/585
f 584/668/584 586/670/586 585/669/585
f 579/662/579 583/667/583 571/656/571
f 583/667/583 579/662/579 581/664/581
f 582/665/582 579/662/579 588/671/588
f 589/672/589 590/673/590 588/671/588
f 589/672/589 575/658/575 585/669/585
f 585/669/585 575/658/575 574/657/574
f 575/658/575 588/671/588 579/662/579
f 585/669/585 586/670/586 591/674/591
f 591/674/591 548/675/548 590/673/590
f 575/658/575 589/672/589 588/671/588
f 589/672/589 585/669/585 591/674/591
f 590/673/590 589/672/589 591/674/591
f 590/673/590 592/676/592 588/671/588
f 590/673/590 548/675/548 547/677/547
f 547/677/547 592/676/592 590/673/590
f 578/661/578 584/668/584 574/657/574
f 586/670/586 597/678/597 591/674/591
f 598/679/598 593/680/593 594/681/594
f 548/675/548 593/680/593 598/679/598
f 587/682/587 555/634/555 570/655/570
f 545/629/545 587/682/587 583/667/583
f 599/683/599 595/684/595 596/685/596
f 578/661/578 570/655/570 554/633/554
f 583/667/583 587/682/587 571/656/571
f 570/655/570 578/661/578 574/657/574
f 600/686/600 593/680/593 595/684/595
f 602/687/602 603/688/603 592/676/592
f 546/627/546 587/682/587 545/629/545
f 588/671/588 592/676/592 603/688/603
f 595/684/595 593/680/593 548/675/548
f 605/666/605 604/689/604 549/630/549
f 570/655/570 571/656/571 587/682/587
f 606/690/606 581/664/581 607/691/607
f 549/630/549 545/629/545 583/667/583
f 578/661/578 577/660/577 584/668/584
f 546/627/546 555/634/555 587/682/587
f 581/664/581 606/690/606 605/666/605
f 597/678/597 586/670/586 577/660/577
f 584/668/584 577/660/577 586/670/586
f 603/688/603 582/665/582 588/671/588
f 591/674/591 608/692/608 609/693/609
f 134/141/134 119/128/119 611/694/611
f 576/659/576 612/695/612 577/660/577
f 606/690/606 607/691/607 613/696/613
f 609/693/609 548/675/548 591/674/591
f 581/664/581 582/665/582 607/691/607
f 597/678/597 614/697/614 608/692/608
f 608/692/608 595/684/595 548/675/548
f 609/693/609 608/692/608 548/675/548
f 548/675/548 598/679/598 547/677/547
f 614/697/614 595/684/595 608/692/608
f 608/692/608 591/674/591 597/678/597
f 577/660/577 612/695/612 617/698/617
f 617/698/617 614/697/614 597/678/597
f 577/660/577 617/698/617 597/678/597
f 122/123/122 618/699/618 611/694/611
f 621/700/621 619/701/619 615/702/615
f 610/703/610 604/689/604 622/704/622
f 611/694/611 119/128/119 122/123/122
f 614/697/614 596/685/596 595/684/595
f 617/698/617 623/705/623 614/697/614
f 624/706/624 121/125/121 116/121/116
f 620/707/620 625/708/625 626/709/626
f 617/698/617 612/695/612 623/705/623
f 620/707/620 121/125/121 625/708/625
f 121/125/121 620/707/620 122/123/122
f 622/704/622 604/689/604 605/666/605
f 623/705/623 627/710/627 614/697/614
f 628/711/628 629/712/629 630/713/630
f 614/697/614 627/710/627 596/685/596
f 550/626/550 628/711/628 560/639/560
f 631/714/631 632/715/632 630/713/630
f 550/626/550 629/712/629 628/711/628
f 553/632/553 560/639/560 628/711/628
f 628/711/628 630/713/630 572/653/572
f 553/632/553 628/711/628 572/653/572
f 563/645/563 629/716/629 550/644/550
f 563/645/563 633/717/633 629/716/629
f 634/718/634 122/123/122 620/707/620
f 633/717/633 631/719/631 629/716/629
f 629/712/629 631/714/631 630/713/630
f 121/125/121 624/706/624 625/708/625
f 572/653/572 630/713/630 635/720/635
f 572/653/572 635/720/635 580/663/580
f 576/659/576 580/663/580 636/721/636
f 573/654/573 572/653/572 580/663/580
f 632/715/632 79/84/79 86/92/86
f 632/715/632 635/720/635 630/713/630
f 635/720/635 636/721/636 580/663/580
f 80/85/80 632/715/632 631/714/631
f 635/720/635 632/715/632 86/92/86
f 622/704/622 605/666/605 606/690/606
f 80/87/80 631/719/631 77/81/77
f 638/722/638 621/700/621 615/702/615
f 80/85/80 79/84/79 632/715/632
f 87/180/87 77/81/77 88/146/88
f 633/717/633 569/652/569 631/719/631
f 137/145/137 88/146/88 567/650/567
f 576/659/576 636/721/636 612/695/612
f 635/720/635 637/723/637 636/721/636
f 569/652/569 88/146/88 77/81/77
f 633/717/633 563/645/563 569/652/569
f 640/724/640 94/99/94 99/104/99
f 624/706/624 116/121/116 641/725/641
f 569/652/569 77/81/77 631/719/631
f 639/726/639 552/631/552 604/689/604
f 639/726/639 557/636/557 552/631/552
f 552/631/552 549/630/549 604/689/604
f 641/725/641 642/727/642 624/706/624
f 112/117/112 641/725/641 116/121/116
f 567/650/567 88/146/88 569/652/569
f 641/725/641 112/117/112 111/116/111
f 111/116/111 642/727/642 641/725/641
f 86/92/86 94/99/94 635/720/635
f 624/706/624 642/727/642 644/728/644
f 645/729/645 626/709/626 624/706/624
f 644/728/644 642/727/642 113/118/113
f 625/708/625 624/706/624 626/709/626
f 642/727/642 111/116/111 113/118/113
f 635/720/635 94/99/94 637/723/637
f 624/706/624 644/728/644 645/729/645
f 610/703/610 646/730/646 643/731/643
f 644/728/644 113/118/113 647/732/647
f 648/733/648 645/729/645 644/728/644
f 83/89/83 86/92/86 85/91/85
f 645/729/645 649/734/649 626/709/626
f 104/109/104 647/732/647 108/113/108
f 83/89/83 98/103/98 86/92/86
f 647/732/647 113/118/113 108/113/108
f 86/92/86 98/103/98 94/99/94
f 650/735/650 639/726/639 604/689/604
f 104/109/104 106/111/106 647/732/647
f 636/721/636 637/723/637 612/695/612
f 610/703/610 622/704/622 646/730/646
f 637/723/637 623/705/623 612/695/612
f 651/736/651 622/704/622 606/690/606
f 137/145/137 106/111/106 103/108/103
f 565/648/565 652/737/652 647/732/647
f 648/733/648 644/728/644 652/737/652
f 637/723/637 640/724/640 627/710/627
f 565/648/565 647/732/647 566/649/566
f 566/649/566 647/732/647 106/111/106
f 564/647/564 652/737/652 565/648/565
f 623/705/623 637/723/637 627/710/627
f 637/723/637 94/99/94 640/724/640
f 652/737/652 644/728/644 647/732/647
f 627/710/627 640/724/640 596/685/596
f 94/99/94 98/103/98 70/74/70
f 653/738/653 616/739/616 654/740/654
f 656/741/656 657/742/657 658/743/658
f 659/744/659 656/741/656 658/743/658
f 657/742/657 656/741/656 660/745/660
f 661/746/661 659/744/659 658/743/658
f 660/745/660 656/741/656 662/747/662
f 662/747/662 656/741/656 664/748/664
f 663/749/663 655/750/655 654/740/654
f 665/751/665 666/752/666 653/738/653
f 655/750/655 663/749/663 665/751/665
f 665/751/665 663/749/663 667/753/667
f 669/754/669 670/755/670 671/756/671
f 671/756/671 663/749/663 668/757/668
f 669/754/669 672/758/672 670/755/670
f 663/749/663 671/756/671 667/753/667
f 671/756/671 673/759/673 667/753/667
f 671/756/671 670/755/670 673/759/673
f 674/760/674 667/753/667 673/759/673
f 673/759/673 670/755/670 675/761/675
f 660/745/660 489/560/489 657/742/657
f 616/739/616 638/722/638 615/702/615
f 638/722/638 616/739/616 676/762/676
f 664/748/664 677/763/677 662/747/662
f 658/743/658 657/742/657 489/560/489
f 678/764/678 679/765/679 676/762/676
f 664/748/664 656/741/656 659/744/659
f 676/762/676 679/765/679 638/722/638
f 489/560/489 488/559/488 658/743/658
f 680/766/680 658/743/658 488/559/488
f 134/141/134 611/694/611 681/767/681
f 677/763/677 664/748/664 659/744/659
f 682/768/682 666/752/666 665/751/665
f 681/767/681 611/694/611 683/769/683
f 681/767/681 135/142/135 134/141/134
f 681/767/681 442/510/442 135/142/135
f 676/762/676 653/738/653 666/752/666
f 397/455/397 687/770/687 496/565/496
f 616/739/616 653/738/653 676/762/676
f 653/738/653 654/740/654 655/750/655
f 653/738/653 655/750/655 665/751/665
f 687/770/687 684/771/684 496/565/496
f 674/760/674 690/772/690 689/773/689
f 689/773/689 665/751/665 667/753/667
f 676/762/676 666/752/666 678/764/678
f 678/764/678 666/752/666 682/768/682
f 690/772/690 674/760/674 673/759/673
f 667/753/667 674/760/674 689/773/689
f 687/770/687 397/455/397 530/614/530
f 685/774/685 684/771/684 687/770/687
f 689/773/689 690/772/690 691/775/691
f 673/759/673 675/761/675 690/772/690
f 685/774/685 687/770/687 536/615/536
f 686/776/686 678/764/678 682/768/682
f 690/772/690 693/777/693 691/775/691
f 665/751/665 689/773/689 682/768/682
f 685/774/685 536/615/536 695/778/695
f 695/778/695 696/779/696 694/780/694
f 694/780/694 696/779/696 697/781/697
f 698/782/698 694/780/694 697/781/697
f 700/783/700 699/784/699 697/781/697
f 696/779/696 701/785/701 697/781/697
f 536/615/536 687/770/687 530/614/530
f 689/773/689 692/786/692 682/768/682
f 701/785/701 700/783/700 697/781/697
f 702/787/702 679/765/679 678/764/678
f 524/604/524 703/788/703 523/605/523
f 529/606/529 703/788/703 536/615/536
f 523/605/523 703/788/703 529/606/529
f 703/788/703 695/778/695 536/615/536
f 688/789/688 702/787/702 678/764/678
f 686/776/686 682/768/682 692/786/692
f 703/788/703 524/604/524 695/778/695
f 686/776/686 692/786/692 704/790/704
f 686/776/686 706/791/706 678/764/678
f 695/778/695 694/780/694 685/774/685
f 524/604/524 696/779/696 695/778/695
f 524/604/524 705/792/705 696/779/696
f 524/604/524 476/546/476 489/560/489
f 696/779/696 707/793/707 701/785/701
f 707/793/707 696/779/696 705/792/705
f 707/793/707 708/794/708 701/785/701
f 705/792/705 708/794/708 707/793/707
f 524/604/524 489/560/489 705/792/705
f 705/792/705 489/560/489 708/794/708
f 708/794/708 660/745/660 710/795/710
f 660/745/660 708/794/708 489/560/489
f 702/787/702 688/789/688 677/763/677
f 700/783/700 712/796/712 713/797/713
f 701/785/701 709/798/709 712/796/712
f 701/785/701 708/794/708 709/798/709
f 712/796/712 714/799/714 713/797/713
f 701/785/701 712/796/712 700/783/700
f 712/796/712 709/798/709 714/799/714
f 709/798/709 708/794/708 711/800/711
f 714/799/714 709/798/709 711/800/711
f 710/795/710 660/745/660 662/747/662
f 706/791/706 688/789/688 678/764/678
f 714/799/714 716/801/716 715/802/715
f 677/763/677 688/789/688 662/747/662
f 688/789/688 706/791/706 662/747/662
f 716/801/716 719/803/719 715/802/715
f 717/804/717 719/803/719 716/801/716
f 717/804/717 704/790/704 691/775/691
f 704/790/704 710/795/710 706/791/706
f 692/786/692 691/775/691 704/790/704
f 717/804/717 693/777/693 719/803/719
f 691/775/691 693/777/693 717/804/717
f 692/786/692 689/773/689 691/775/691
f 713/797/713 714/799/714 715/802/715
f 714/799/714 711/800/711 716/801/716
f 704/790/704 716/801/716 710/795/710
f 662/747/662 706/791/706 710/795/710
f 716/801/716 704/790/704 717/804/717
f 711/800/711 708/794/708 710/795/710
f 716/801/716 711/800/711 710/795/710
f 706/791/706 686/776/686 704/790/704
f 684/771/684 685/774/685 720/805/720
f 721/806/721 722/807/722 723/808/723
f 684/771/684 720/805/720 724/809/724
f 672/758/672 723/808/723 670/755/670
f 720/805/720 685/774/685 698/782/698
f 670/755/670 723/808/723 675/761/675
f 722/807/722 726/810/726 675/761/675
f 725/811/725 721/806/721 723/808/723
f 723/808/723 722/807/722 675/761/675
f 727/812/727 728/813/728 729/814/729
f 722/807/722 727/812/727 729/814/729
f 722/807/722 729/814/729 726/810/726
f 732/815/732 730/816/730 728/813/728
f 698/782/698 733/817/733 720/805/720
f 698/782/698 685/774/685 694/780/694
f 735/818/735 507/587/507 734/819/734
f 736/820/736 675/761/675 726/810/726
f 675/761/675 736/820/736 690/772/690
f 734/821/734 507/822/507 737/823/737
f 693/777/693 690/772/690 736/820/736
f 493/566/493 496/565/496 497/567/497
f 738/824/738 736/820/736 739/825/739
f 726/810/726 729/814/729 736/820/736
f 736/820/736 738/824/738 693/777/693
f 500/568/500 497/567/497 511/583/511
f 496/565/496 684/771/684 741/826/741
f 736/820/736 729/814/729 739/825/739
f 738/824/738 742/827/742 718/828/718
f 496/565/496 741/826/741 497/567/497
f 741/826/741 511/583/511 497/567/497
f 744/829/744 733/817/733 698/782/698
f 739/825/739 728/813/728 745/830/745
f 738/824/738 739/825/739 742/827/742
f 741/826/741 684/771/684 724/809/724
f 746/831/746 747/832/747 748/833/748
f 746/831/746 742/827/742 739/825/739
f 697/781/697 744/829/744 698/782/698
f 512/584/512 749/834/749 499/835/499
f 507/822/507 749/834/749 737/823/737
f 512/584/512 511/583/511 749/834/749
f 737/823/737 750/836/750 740/837/740
f 749/834/749 511/583/511 741/826/741
f 749/834/749 507/822/507 499/835/499
f 750/836/750 737/823/737 741/826/741
f 750/836/750 741/826/741 724/809/724
f 750/836/750 751/838/751 743/839/743
f 750/836/750 743/839/743 740/837/740
f 750/836/750 724/809/724 751/838/751
f 719/803/719 693/777/693 718/828/718
f 741/826/741 737/823/737 749/834/749
f 718/828/718 742/827/742 746/831/746
f 693/777/693 738/824/738 718/828/718
f 743/839/743 753/840/753 754/841/754
f 753/840/753 743/839/743 755/842/755
f 740/837/740 754/841/754 756/843/756
f 744/829/744 697/781/697 699/784/699
f 740/837/740 743/839/743 754/841/754
f 758/844/758 753/840/753 755/842/755
f 751/838/751 758/844/758 755/842/755
f 763/845/763 753/840/753 759/846/759
f 733/817/733 751/838/751 720/805/720
f 751/838/751 733/817/733 758/844/758
f 724/809/724 720/805/720 751/838/751
f 718/828/718 746/831/746 752/847/752
f 733/817/733 759/846/759 758/844/758
f 715/802/715 719/803/719 718/828/718
f 733/817/733 744/829/744 760/848/760
f 718/828/718 752/847/752 715/802/715
f 739/825/739 729/814/729 728/813/728
f 759/846/759 733/817/733 760/848/760
f 763/845/763 764/849/764 765/850/765
f 767/851/767 713/797/713 715/802/715
f 767/851/767 752/847/752 768/852/768
f 765/850/765 762/853/762 763/845/763
f 752/847/752 767/851/767 715/802/715
f 753/840/753 763/845/763 757/854/757
f 764/849/764 759/846/759 760/848/760
f 728/813/728 730/816/730 769/855/769
f 760/848/760 770/856/770 771/857/771
f 764/849/764 772/858/772 765/850/765
f 751/838/751 755/842/755 743/839/743
f 760/848/760 744/829/744 773/859/773
f 771/857/771 772/858/772 764/849/764
f 759/846/759 764/849/764 763/845/763
f 760/848/760 773/859/773 770/856/770
f 764/849/764 760/848/760 771/857/771
f 699/784/699 774/860/774 773/859/773
f 768/852/768 774/860/774 761/861/761
f 768/852/768 770/856/770 773/859/773
f 713/797/713 767/851/767 761/861/761
f 771/857/771 776/862/776 772/858/772
f 776/862/776 777/863/777 772/858/772
f 759/846/759 753/840/753 758/844/758
f 775/864/775 770/856/770 768/852/768
f 761/861/761 767/851/767 768/852/768
f 766/865/766 739/825/739 745/830/745
f 774/860/774 768/852/768 773/859/773
f 777/863/777 778/866/778 779/867/779
f 699/784/699 700/783/700 761/861/761
f 776/862/776 778/866/778 777/863/777
f 778/866/778 780/868/780 779/867/779
f 761/861/761 700/783/700 713/797/713
f 745/830/745 728/813/728 769/855/769
f 761/861/761 774/860/774 699/784/699
f 769/855/769 730/816/730 782/869/782
f 783/870/783 780/868/780 781/871/781
f 784/872/784 770/856/770 775/864/775
f 784/872/784 771/857/771 770/856/770
f 784/872/784 776/862/776 771/857/771
f 785/873/785 778/866/778 784/872/784
f 748/833/748 785/873/785 784/872/784
f 768/852/768 752/847/752 775/864/775
f 784/872/784 775/864/775 748/833/748
f 785/873/785 780/868/780 778/866/778
f 747/832/747 785/873/785 748/833/748
f 780/868/780 785/873/785 747/832/747
f 775/864/775 752/847/752 748/833/748
f 784/872/784 778/866/778 776/862/776
f 748/833/748 752/847/752 746/831/746
f 780/868/780 786/874/786 781/871/781
f 766/865/766 780/868/780 747/832/747
f 781/871/781 786/874/786 745/830/745
f 766/865/766 745/830/745 780/868/780
f 745/830/745 786/874/786 780/868/780
f 766/865/766 746/831/746 739/825/739
f 744/829/744 699/784/699 773/859/773
f 747/832/747 746/831/746 766/865/766
f 781/871/781 782/869/782 787/875/787
f 781/871/781 769/855/769 782/869/782
f 745/830/745 769/855/769 781/871/781
f 788/876/788 789/877/789 790/878/790
f 795/879/795 796/880/796 797/881/797
f 622/704/622 799/882/799 646/730/646
f 800/883/800 788/876/788 801/884/801
f 799/882/799 806/885/806 795/879/795
f 807/886/807 808/887/808 794/888/794
f 808/887/808 643/731/643 794/888/794
f 805/889/805 809/890/809 804/891/804
f 796/880/796 795/879/795 806/885/806
f 799/882/799 795/879/795 646/730/646
f 643/731/643 646/730/646 794/888/794
f 794/888/794 646/730/646 795/879/795
f 795/879/795 807/886/807 794/888/794
f 810/892/810 801/884/801 809/890/809
f 802/893/802 811/894/811 812/895/812
f 807/886/807 795/879/795 797/881/797
f 801/884/801 804/891/804 809/890/809
f 798/896/798 807/886/807 797/881/797
f 801/884/801 791/897/791 804/891/804
f 798/898/798 797/899/797 619/701/619
f 788/876/788 791/897/791 801/884/801
f 796/900/796 814/901/814 797/899/797
f 619/701/619 797/899/797 814/901/814
f 615/702/615 619/701/619 654/740/654
f 788/876/788 790/878/790 791/897/791
f 815/902/815 813/903/813 603/688/603
f 798/898/798 619/701/619 621/700/621
f 791/897/791 793/904/793 804/891/804
f 598/679/598 594/681/594 817/905/817
f 594/681/594 818/906/818 792/907/792
f 607/691/607 813/903/813 613/696/613
f 613/696/613 813/903/813 816/908/816
f 613/696/613 651/736/651 606/690/606
f 815/902/815 603/688/603 602/687/602
f 813/903/813 607/691/607 603/688/603
f 602/687/602 547/677/547 598/679/598
f 607/691/607 582/665/582 603/688/603
f 802/893/802 812/895/812 820/909/820
f 821/910/821 602/687/602 819/911/819
f 800/883/800 822/912/822 789/877/789
f 822/912/822 815/902/815 821/910/821
f 602/687/602 592/676/592 547/677/547
f 815/902/815 602/687/602 821/910/821
f 816/908/816 813/903/813 815/902/815
f 822/912/822 821/910/821 824/913/824
f 821/910/821 790/878/790 824/913/824
f 822/912/822 823/914/823 816/908/816
f 811/894/811 823/914/823 825/915/825
f 822/912/822 824/913/824 789/877/789
f 824/913/824 790/878/790 789/877/789
f 799/882/799 622/704/622 651/736/651
f 826/916/826 827/917/827 825/915/825
f 800/883/800 826/916/826 825/915/825
f 800/883/800 825/915/825 823/914/823
f 800/883/800 801/884/801 826/916/826
f 800/883/800 823/914/823 822/912/822
f 823/914/823 811/894/811 816/908/816
f 802/893/802 803/918/803 811/894/811
f 803/918/803 816/908/816 811/894/811
f 828/919/828 672/758/672 829/920/829
f 789/877/789 788/876/788 800/883/800
f 829/920/829 672/758/672 669/754/669
f 796/880/796 803/918/803 802/893/802
f 830/921/830 671/756/671 668/757/668
f 830/921/830 669/754/669 671/756/671
f 651/736/651 816/908/816 806/885/806
f 799/882/799 651/736/651 806/885/806
f 796/880/796 816/908/816 803/918/803
f 651/736/651 613/696/613 816/908/816
f 829/920/829 669/754/669 832/922/832
f 831/923/831 809/890/809 805/889/805
f 669/754/669 830/921/830 832/922/832
f 831/924/831 829/920/829 832/922/832
f 830/921/830 668/757/668 832/922/832
f 833/925/833 831/924/831 832/922/832
f 668/757/668 833/925/833 832/922/832
f 815/902/815 822/912/822 816/908/816
f 810/892/810 809/890/809 831/923/831
f 833/926/833 810/892/810 831/923/831
f 826/916/826 801/884/801 810/892/810
f 816/908/816 796/880/796 806/885/806
f 819/911/819 602/687/602 598/679/598
f 827/917/827 811/894/811 825/915/825
f 790/878/790 792/907/792 793/904/793
f 821/910/821 817/905/817 790/878/790
f 819/911/819 817/905/817 821/910/821
f 791/897/791 790/878/790 793/904/793
f 598/679/598 817/905/817 819/911/819
f 792/907/792 790/878/790 817/905/817
f 820/927/820 814/901/814 796/900/796
f 812/895/812 811/894/811 827/917/827
f 616/739/616 615/702/615 654/740/654
f 663/749/663 835/928/835 668/757/668
f 796/880/796 802/893/802 820/909/820
f 654/740/654 814/901/814 834/929/834
f 834/929/834 663/749/663 654/740/654
f 654/740/654 619/701/619 814/901/814
f 820/909/820 812/895/812 827/917/827
f 817/905/817 594/681/594 792/907/792
f 668/757/668 835/928/835 834/929/834
f 818/906/818 594/681/594 593/680/593
f 814/901/814 820/927/820 834/929/834
f 836/930/836 833/925/833 834/929/834
f 833/926/833 826/916/826 810/892/810
f 833/925/833 668/757/668 834/929/834
f 827/917/827 833/926/833 836/931/836
f 834/929/834 835/928/835 663/749/663
f 826/916/826 833/926/833 827/917/827
f 820/927/820 836/930/836 834/929/834
f 820/909/820 827/917/827 836/931/836
f 818/906/818 593/680/593 601/932/601
f 596/685/596 640/724/640 843/933/843
f 844/934/844 845/935/845 842/936/842
f 640/724/640 99/104/99 196/211/196
f 601/932/601 846/937/846 818/906/818
f 840/938/840 847/939/847 837/940/837
f 848/941/848 847/939/847 849/942/849
f 842/936/842 845/935/845 850/943/850
f 818/906/818 851/944/851 844/934/844
f 844/934/844 792/907/792 818/906/818
f 805/889/805 804/891/804 838/945/838
f 846/937/846 851/944/851 818/906/818
f 844/934/844 851/944/851 845/935/845
f 838/945/838 793/904/793 840/938/840
f 793/904/793 792/907/792 840/938/840
f 792/907/792 844/934/844 840/938/840
f 838/945/838 804/891/804 793/904/793
f 844/934/844 842/936/842 840/938/840
f 203/251/203 852/252/852 856/946/856
f 829/947/829 831/923/831 805/889/805
f 203/251/203 856/946/856 853/948/853
f 829/947/829 805/889/805 854/949/854
f 805/889/805 838/945/838 839/950/839
f 805/889/805 839/950/839 854/949/854
f 204/217/204 203/251/203 208/220/208
f 208/220/208 203/251/203 853/948/853
f 849/942/849 855/951/855 858/952/858
f 209/221/209 861/953/861 202/219/202
f 209/221/209 208/220/208 853/948/853
f 856/946/856 857/954/857 864/955/864
f 854/949/854 828/956/828 829/947/829
f 209/221/209 853/948/853 864/955/864
f 859/957/859 864/955/864 853/948/853
f 856/946/856 859/957/859 853/948/853
f 864/955/864 863/958/863 861/953/861
f 867/959/867 868/960/868 861/953/861
f 865/961/865 861/953/861 863/958/863
f 864/955/864 861/953/861 209/221/209
f 862/962/862 202/219/202 861/953/861
f 867/959/867 861/953/861 865/961/865
f 862/962/862 861/953/861 868/960/868
f 864/955/864 859/957/859 856/946/856
f 841/963/841 855/951/855 849/942/849
f 869/964/869 870/965/870 871/966/871
f 854/967/854 866/968/866 828/919/828
f 870/965/870 869/964/869 857/954/857
f 672/758/672 725/811/725 723/808/723
f 828/919/828 725/811/725 672/758/672
f 828/919/828 866/968/866 725/811/725
f 857/954/857 873/969/873 870/965/870
f 721/806/721 725/811/725 866/968/866
f 858/952/858 872/970/872 1633/971/1633
f 874/972/874 869/964/869 876/973/876
f 860/974/860 858/952/858 1633/971/1633
f 865/961/865 869/964/869 874/972/874
f 871/966/871 876/973/876 869/964/869
f 876/973/876 877/975/877 874/972/874
f 877/975/877 878/976/878 874/972/874
f 855/951/855 876/973/876 871/966/871
f 872/970/872 855/951/855 871/966/871
f 850/943/850 879/977/879 855/951/855
f 858/952/858 855/951/855 872/970/872
f 879/977/879 876/973/876 855/951/855
f 850/943/850 855/951/855 841/963/841
f 880/978/880 877/975/877 876/973/876
f 881/979/881 876/973/876 879/977/879
f 881/979/881 880/978/880 876/973/876
f 881/979/881 879/977/879 850/943/850
f 857/954/857 869/964/869 865/961/865
f 880/978/880 850/943/850 845/935/845
f 842/936/842 850/943/850 841/963/841
f 863/958/863 864/955/864 857/954/857
f 850/943/850 880/978/880 881/979/881
f 857/954/857 865/961/865 863/958/863
f 878/976/878 865/961/865 874/972/874
f 867/959/867 877/975/877 882/980/882
f 867/959/867 865/961/865 878/976/878
f 851/944/851 882/980/882 880/978/880
f 867/959/867 878/976/878 877/975/877
f 882/980/882 851/944/851 883/981/883
f 884/982/884 875/983/875 885/984/885
f 595/684/595 599/683/599 600/686/600
f 593/680/593 600/686/600 601/932/601
f 846/937/846 883/981/883 851/944/851
f 601/932/601 600/686/600 883/981/883
f 846/937/846 601/932/601 883/981/883
f 600/686/600 886/985/886 883/981/883
f 839/950/839 838/945/838 837/940/837
f 840/938/840 842/936/842 847/939/847
f 883/981/883 886/985/886 882/980/882
f 599/683/599 886/985/886 600/686/600
f 886/985/886 843/933/843 882/980/882
f 845/935/845 851/944/851 880/978/880
f 843/933/843 599/683/599 596/685/596
f 885/986/885 732/815/732 731/987/731
f 843/933/843 886/985/886 599/683/599
f 847/939/847 839/950/839 837/940/837
f 875/983/875 888/988/888 885/984/885
f 839/950/839 847/939/847 887/989/887
f 843/933/843 640/724/640 862/962/862
f 867/959/867 882/980/882 862/962/862
f 731/987/731 732/815/732 728/813/728
f 882/980/882 843/933/843 862/962/862
f 847/939/847 848/941/848 887/989/887
f 889/990/889 884/991/884 731/987/731
f 867/959/867 862/962/862 868/960/868
f 196/211/196 862/962/862 640/724/640
f 882/980/882 877/975/877 880/978/880
f 839/992/839 887/993/887 889/990/889
f 196/211/196 202/219/202 862/962/862
f 854/967/854 839/992/839 889/990/889
f 721/806/721 727/812/727 722/807/722
f 889/990/889 721/806/721 866/968/866
f 889/990/889 731/987/731 727/812/727
f 728/813/728 727/812/727 731/987/731
f 889/990/889 727/812/727 721/806/721
f 849/942/849 875/983/875 848/941/848
f 858/952/858 860/974/860 875/983/875
f 885/986/885 731/987/731 884/991/884
f 849/942/849 858/952/858 875/983/875
f 847/939/847 841/963/841 849/942/849
f 842/936/842 841/963/841 847/939/847
f 840/938/840 837/940/837 838/945/838
f 866/968/866 854/967/854 889/990/889
f 887/993/887 884/991/884 889/990/889
f 875/983/875 884/982/884 848/941/848
f 887/989/887 848/941/848 884/982/884
f 892/994/892 893/995/893 894/996/894
f 896/997/896 944/998/944 897/999/897
f 898/1000/898 899/1001/899 900/1002/900
f 893/995/893 892/994/892 895/1003/895
f 901/1004/901 902/1005/902 894/996/894
f 903/1006/903 904/1007/904 905/1008/905
f 908/1009/908 898/1000/898 900/1002/900
f 909/1010/909 900/1002/900 899/1001/899
f 910/1011/910 911/1012/911 912/1013/912
f 913/1014/913 902/1005/902 901/1004/901
f 899/1001/899 898/1000/898 914/1015/914
f 898/1000/898 908/1009/908 902/1005/902
f 908/1009/908 894/996/894 902/1005/902
f 914/1015/914 917/1016/917 915/1017/915
f 918/1018/918 919/1019/919 913/1014/913
f 914/1015/914 898/1000/898 917/1016/917
f 897/999/897 922/1020/922 923/1021/923
f 902/1005/902 917/1016/917 898/1000/898
f 895/1003/895 918/1018/918 901/1004/901
f 893/995/893 901/1004/901 894/996/894
f 913/1014/913 917/1016/917 902/1005/902
f 928/1022/928 924/1023/924 925/1024/925
f 927/1025/927 890/1026/890 926/1027/926
f 927/1025/927 930/1028/930 890/1026/890
f 973/1029/973 929/1030/929 927/1025/927
f 929/1030/929 930/1028/930 927/1025/927
f 901/1004/901 893/995/893 895/1003/895
f 935/1031/935 936/1032/936 924/1033/924
f 973/1029/973 926/1027/926 937/1034/937
f 937/1034/937 926/1027/926 935/1031/935
f 913/1014/913 901/1004/901 918/1018/918
f 938/1035/938 896/997/896 903/1006/903
f 928/1036/928 937/1034/937 935/1031/935
f 939/1037/939 919/1019/919 918/1018/918
f 937/1034/937 928/1036/928 940/1038/940
f 927/1025/927 926/1027/926 973/1029/973
f 935/1031/935 926/1027/926 936/1032/936
f 931/1039/931 913/1014/913 919/1019/919
f 903/1006/903 896/997/896 923/1021/923
f 924/1033/924 928/1036/928 935/1031/935
f 936/1032/936 941/1040/941 924/1033/924
f 942/1041/942 943/1042/943 944/998/944
f 941/1043/941 925/1024/925 924/1023/924
f 947/1044/947 948/1045/948 920/1046/920
f 942/1041/942 949/1047/949 950/1048/950
f 938/1035/938 903/1006/903 945/1049/945
f 941/1043/941 946/1050/946 925/1024/925
f 896/997/896 932/1051/932 944/998/944
f 946/1050/946 932/1051/932 925/1024/925
f 932/1051/932 945/1049/945 925/1024/925
f 938/1035/938 945/1049/945 932/1051/932
f 897/999/897 923/1021/923 896/997/896
f 952/1052/952 944/998/944 932/1051/932
f 938/1035/938 932/1051/932 896/997/896
f 944/998/944 943/1042/943 897/999/897
f 934/1053/934 954/1054/954 955/1055/955
f 944/998/944 952/1052/952 942/1041/942
f 956/1056/956 957/1057/957 955/1055/955
f 942/1041/942 958/1058/958 943/1042/943
f 959/1059/959 957/1057/957 956/1056/956
f 960/1060/960 961/1061/961 962/1062/962
f 950/1048/950 958/1058/958 942/1041/942
f 964/1063/964 965/1064/965 966/1065/966
f 904/1007/904 903/1006/903 923/1021/923
f 962/1062/962 923/1021/923 963/1066/963
f 971/1067/971 940/1038/940 972/1068/972
f 973/1029/973 974/1069/974 975/1070/975
f 969/1071/969 976/1072/976 977/1073/977
f 973/1029/973 969/1071/969 970/1074/970
f 969/1071/969 973/1029/973 975/1070/975
f 970/1074/970 929/1030/929 973/1029/973
f 923/1021/923 922/1020/922 963/1066/963
f 969/1071/969 975/1070/975 976/1072/976
f 978/1075/978 979/1076/979 980/1077/980
f 912/1013/912 911/1012/911 981/1078/981
f 906/1079/906 911/1012/911 907/1080/907
f 976/1072/976 906/1081/906 977/1073/977
f 974/1069/974 983/1082/983 975/1070/975
f 973/1029/973 984/1083/984 974/1069/974
f 976/1072/976 983/1082/983 985/1084/985
f 922/1020/922 982/1085/982 963/1066/963
f 948/1045/948 986/1086/986 987/1087/987
f 976/1072/976 988/1088/988 981/1089/981
f 982/1085/982 922/1020/922 897/999/897
f 921/1090/921 948/1045/948 987/1087/987
f 983/1082/983 974/1069/974 991/1091/991
f 906/1079/906 976/1092/976 911/1012/911
f 988/1088/988 976/1072/976 985/1084/985
f 911/1012/911 976/1092/976 981/1078/981
f 975/1070/975 983/1082/983 976/1072/976
f 937/1034/937 940/1038/940 984/1083/984
f 971/1067/971 991/1091/991 984/1083/984
f 974/1069/974 984/1083/984 991/1091/991
f 937/1034/937 984/1083/984 973/1029/973
f 992/1093/992 972/1068/972 940/1038/940
f 971/1067/971 984/1083/984 940/1038/940
f 991/1091/991 971/1067/971 983/1082/983
f 993/1094/993 994/1095/994 995/1096/995
f 983/1082/983 971/1067/971 985/1084/985
f 972/1068/972 985/1084/985 971/1067/971
f 962/1062/962 968/1097/968 923/1021/923
f 921/1090/921 920/1046/920 948/1045/948
f 997/1098/997 993/1099/993 998/1100/998
f 988/1088/988 999/1101/999 997/1098/997
f 988/1088/988 985/1084/985 999/1101/999
f 982/1085/982 990/1102/990 963/1066/963
f 981/1089/981 988/1088/988 997/1098/997
f 985/1084/985 972/1068/972 999/1101/999
f 995/1096/995 981/1078/981 998/1103/998
f 928/1022/928 925/1024/925 992/1104/992
f 994/1095/994 993/1094/993 1000/1105/1000
f 981/1089/981 997/1098/997 998/1100/998
f 940/1038/940 928/1036/928 992/1093/992
f 998/1103/998 993/1094/993 995/1096/995
f 945/1049/945 953/1106/953 992/1104/992
f 925/1024/925 945/1049/945 992/1104/992
f 999/1101/999 993/1099/993 997/1098/997
f 945/1049/945 903/1006/903 953/1106/953
f 963/1066/963 1002/1107/1002 962/1062/962
f 1003/1108/1003 933/1109/933 1004/1110/1004
f 996/1111/996 953/1106/953 905/1008/905
f 996/1112/996 972/1068/972 992/1093/992
f 996/1111/996 992/1104/992 953/1106/953
f 910/1011/910 907/1080/907 911/1012/911
f 968/1097/968 904/1007/904 923/1021/923
f 995/1096/995 994/1095/994 1001/1113/1001
f 996/1112/996 905/1114/905 972/1068/972
f 972/1068/972 905/1114/905 999/1101/999
f 1007/1115/1007 1005/1116/1005 1003/1108/1003
f 993/1099/993 999/1101/999 905/1114/905
f 933/1109/933 1003/1108/1003 1008/1117/1008
f 1006/1118/1006 1009/1119/1009 1007/1115/1007
f 1009/1119/1009 1006/1118/1006 1010/1120/1010
f 1005/1116/1005 1008/1117/1008 1003/1108/1003
f 1011/1121/1011 1005/1116/1005 1007/1115/1007
f 933/1109/933 1012/1122/1012 934/1123/934
f 1005/1116/1005 1011/1121/1011 1008/1117/1008
f 933/1109/933 1008/1117/1008 1012/1122/1012
f 905/1124/905 1000/1105/1000 993/1094/993
f 1013/1125/1013 910/1011/910 912/1013/912
f 1009/1119/1009 1011/1121/1011 1007/1115/1007
f 994/1095/994 892/994/892 1001/1113/1001
f 912/1013/912 981/1078/981 1001/1113/1001
f 1014/1126/1014 1015/1127/1015 1010/1120/1010
f 1014/1126/1014 1010/1120/1010 1006/1118/1006
f 1013/1125/1013 912/1013/912 1016/1128/1016
f 1017/1129/1017 1015/1127/1015 1014/1126/1014
f 912/1013/912 1001/1113/1001 1016/1128/1016
f 1013/1125/1013 1016/1128/1016 1001/1113/1001
f 908/1009/908 1013/1125/1013 1001/1113/1001
f 1013/1125/1013 909/1010/909 910/1011/910
f 1018/1130/1018 1017/1129/1017 1014/1126/1014
f 1013/1125/1013 900/1002/900 909/1010/909
f 908/1009/908 900/1002/900 1013/1125/1013
f 904/1007/904 968/1097/968 1019/1131/1019
f 1002/1107/1002 963/1066/963 990/1102/990
f 1020/1132/1020 1015/1127/1015 1017/1129/1017
f 981/1078/981 995/1096/995 1001/1113/1001
f 1017/1129/1017 1018/1130/1018 1021/1133/1021
f 994/1095/994 895/1003/895 892/994/892
f 1015/1127/1015 1009/1119/1009 1010/1120/1010
f 953/1106/953 903/1006/903 905/1008/905
f 892/994/892 894/996/894 908/1009/908
f 934/1123/934 1012/1122/1012 954/1134/954
f 955/1055/955 954/1054/954 956/1056/956
f 943/1042/943 982/1085/982 897/999/897
f 1019/1131/1019 968/1097/968 1022/1135/1022
f 1023/1136/1023 1008/1117/1008 1011/1121/1011
f 1001/1113/1001 892/994/892 908/1009/908
f 1024/1137/1024 956/1056/956 954/1054/954
f 954/1134/954 1023/1136/1023 1025/1138/1025
f 1008/1117/1008 1023/1136/1023 1012/1122/1012
f 967/1139/967 964/1063/964 966/1065/966
f 960/1060/960 1026/1140/1026 1024/1137/1024
f 1026/1140/1026 967/1139/967 1024/1137/1024
f 964/1063/964 1027/1141/1027 965/1064/965
f 1026/1140/1026 964/1063/964 967/1139/967
f 1012/1122/1012 1023/1136/1023 954/1134/954
f 1011/1121/1011 1028/1142/1028 1023/1136/1023
f 1026/1140/1026 1027/1141/1027 964/1063/964
f 1029/1143/1029 1028/1142/1028 1011/1121/1011
f 1009/1119/1009 1029/1143/1029 1011/1121/1011
f 1027/1141/1027 990/1102/990 978/1075/978
f 1002/1107/1002 990/1102/990 1027/1141/1027
f 939/1037/939 1029/1143/1029 1009/1119/1009
f 978/1075/978 980/1077/980 965/1064/965
f 939/1037/939 1009/1119/1009 919/1019/919
f 943/1042/943 958/1058/958 982/1085/982
f 1027/1141/1027 978/1075/978 965/1064/965
f 978/1075/978 990/1102/990 979/1076/979
f 919/1019/919 1009/1119/1009 1015/1127/1015
f 979/1076/979 982/1085/982 958/1058/958
f 1020/1132/1020 1017/1129/1017 919/1019/919
f 919/1019/919 1015/1127/1015 1020/1132/1020
f 1030/1144/1030 1017/1129/1017 915/1017/915
f 931/1039/931 919/1019/919 1030/1144/1030
f 990/1102/990 982/1085/982 979/1076/979
f 915/1017/915 917/1016/917 931/1039/931
f 917/1016/917 913/1014/913 931/1039/931
f 1030/1144/1030 919/1019/919 1017/1129/1017
f 931/1039/931 1030/1144/1030 915/1017/915
f 1024/1137/1024 954/1054/954 960/1060/960
f 1025/1145/1025 1032/1146/1032 960/1060/960
f 915/1017/915 1017/1129/1017 1031/1147/1031
f 1028/1142/1028 1025/1138/1025 1023/1136/1023
f 1028/1142/1028 1033/1148/1033 1032/1149/1032
f 960/1060/960 954/1054/954 1025/1145/1025
f 1033/1148/1033 1034/1150/1034 1032/1149/1032
f 1034/1150/1034 1033/1148/1033 1035/1151/1035
f 1025/1138/1025 1028/1142/1028 1032/1149/1032
f 1027/1141/1027 960/1060/960 1002/1107/1002
f 1034/1152/1034 961/1061/961 960/1060/960
f 960/1060/960 962/1062/962 1002/1107/1002
f 1029/1143/1029 939/1037/939 1033/1148/1033
f 1033/1148/1033 1028/1142/1028 1029/1143/1029
f 1027/1141/1027 1026/1140/1026 960/1060/960
f 939/1037/939 1035/1151/1035 1033/1148/1033
f 980/1077/980 966/1065/966 965/1064/965
f 961/1061/961 968/1097/968 962/1062/962
f 961/1061/961 1022/1135/1022 968/1097/968
f 1035/1151/1035 939/1037/939 918/1018/918
f 1035/1153/1035 1019/1131/1019 1022/1135/1022
f 1034/1152/1034 960/1060/960 1032/1146/1032
f 1034/1152/1034 1035/1153/1035 961/1061/961
f 1035/1151/1035 918/1018/918 895/1003/895
f 1035/1153/1035 1022/1135/1022 961/1061/961
f 1035/1151/1035 895/1003/895 1019/1154/1019
f 1000/1105/1000 1019/1154/1019 895/1003/895
f 905/1008/905 1019/1131/1019 1000/1155/1000
f 895/1003/895 994/1095/994 1000/1105/1000
f 1019/1131/1019 905/1008/905 904/1007/904
f 1037/1156/1037 1036/1157/1036 1038/1158/1038
f 1039/1159/1039 1036/1157/1036 958/1058/958
f 980/1077/980 1037/1156/1037 966/1065/966
f 950/1048/950 1041/1160/1041 1039/1159/1039
f 1042/1161/1042 1043/1162/1043 1038/1158/1038
f 979/1076/979 1036/1157/1036 980/1077/980
f 1039/1159/1039 958/1058/958 950/1048/950
f 1038/1158/1038 1036/1157/1036 1039/1159/1039
f 958/1058/958 1036/1157/1036 979/1076/979
f 921/1090/921 1044/1163/1044 1045/1164/1045
f 1036/1157/1036 1037/1156/1037 980/1077/980
f 921/1090/921 1045/1164/1045 920/1046/920
f 1044/1165/1044 1048/1166/1048 1047/1167/1047
f 1048/1166/1048 1049/1168/1049 1047/1167/1047
f 1048/1166/1048 934/1053/934 1049/1168/1049
f 934/1123/934 1048/1169/1048 1004/1110/1004
f 1050/1170/1050 1024/1137/1024 967/1139/967
f 1004/1110/1004 933/1109/933 934/1123/934
f 1041/1160/1041 1038/1158/1038 1039/1159/1039
f 1053/1171/1053 1054/1172/1054 1055/1173/1055
f 1051/1174/1051 1056/1175/1056 1053/1171/1053
f 1045/1176/1045 1057/1177/1057 1058/1178/1058
f 1058/1178/1058 1057/1177/1057 1061/1179/1061
f 1044/1165/1044 1047/1167/1047 1045/1176/1045
f 1052/1180/1052 1038/1158/1038 1043/1162/1043
f 1055/1173/1055 1062/1181/1062 1053/1171/1053
f 1054/1172/1054 1053/1171/1053 1063/1182/1063
f 1063/1182/1063 1053/1171/1053 1064/1183/1064
f 1058/1184/1058 1061/1185/1061 947/1044/947
f 1064/1183/1064 1053/1171/1053 1056/1175/1056
f 1054/1172/1054 1063/1182/1063 1065/1186/1065
f 1063/1182/1063 1064/1183/1064 1066/1187/1066
f 1061/1185/1061 1064/1183/1064 1056/1175/1056
f 1051/1174/1051 947/1044/947 1056/1175/1056
f 1067/1188/1067 1066/1189/1066 1064/1190/1064
f 947/1044/947 1061/1185/1061 1056/1175/1056
f 1067/1188/1067 1068/1191/1068 1066/1189/1066
f 920/1046/920 1058/1184/1058 947/1044/947
f 920/1046/920 1045/1164/1045 1058/1184/1058
f 1059/1192/1059 1060/1193/1060 1052/1180/1052
f 1040/1194/1040 1038/1158/1038 1052/1180/1052
f 1069/1195/1069 1070/1196/1070 1071/1197/1071
f 1072/1198/1072 1070/1196/1070 1069/1195/1069
f 1037/1156/1037 1038/1158/1038 1040/1194/1040
f 1072/1198/1072 1976/1199/1976 1065/1186/1065
f 1071/1200/1071 1073/1201/1073 1052/1180/1052
f 1071/1200/1071 1052/1180/1052 1060/1193/1060
f 966/1065/966 1037/1156/1037 1068/1191/1068
f 1065/1186/1065 1055/1173/1055 1054/1172/1054
f 1070/1196/1070 1072/1198/1072 1063/1182/1063
f 1070/1202/1070 1063/1203/1063 1066/1189/1066
f 1068/1191/1068 1070/1202/1070 1066/1189/1066
f 1065/1186/1065 1063/1182/1063 1072/1198/1072
f 1070/1202/1070 1073/1201/1073 1071/1200/1071
f 1068/1191/1068 1040/1194/1040 1073/1201/1073
f 1068/1191/1068 1037/1156/1037 1040/1194/1040
f 1057/1177/1057 1045/1176/1045 1074/1204/1074
f 1052/1180/1052 1073/1201/1073 1040/1194/1040
f 1068/1191/1068 1073/1201/1073 1070/1202/1070
f 1064/1190/1064 1061/1179/1061 1075/1205/1075
f 1075/1205/1075 1061/1179/1061 1057/1177/1057
f 1064/1190/1064 1075/1205/1075 1067/1188/1067
f 1076/1206/1076 1077/1207/1077 1074/1204/1074
f 1074/1204/1074 1045/1176/1045 1047/1167/1047
f 1049/1168/1049 1076/1206/1076 1047/1167/1047
f 1077/1207/1077 1075/1205/1075 1074/1204/1074
f 1047/1167/1047 1076/1206/1076 1074/1204/1074
f 1067/1188/1067 1075/1205/1075 1050/1170/1050
f 1078/1208/1078 1050/1170/1050 1075/1205/1075
f 1075/1205/1075 1077/1207/1077 1078/1208/1078
f 1049/1168/1049 955/1055/955 1076/1206/1076
f 955/1055/955 957/1057/957 1076/1206/1076
f 1077/1207/1077 1076/1206/1076 957/1057/957
f 1050/1170/1050 1078/1208/1078 1079/1209/1079
f 959/1059/959 1079/1209/1079 1078/1208/1078
f 957/1057/957 959/1059/959 1077/1207/1077
f 959/1059/959 956/1056/956 1079/1209/1079
f 1050/1170/1050 1079/1209/1079 956/1056/956
f 934/1053/934 955/1055/955 1049/1168/1049
f 1024/1137/1024 1050/1170/1050 956/1056/956
f 1057/1177/1057 1074/1204/1074 1075/1205/1075
f 1067/1188/1067 1050/1170/1050 967/1139/967
f 966/1065/966 1067/1188/1067 967/1139/967
f 1067/1188/1067 966/1065/966 1068/1191/1068
f 959/1059/959 1078/1208/1078 1077/1207/1077
f 1041/1160/1041 950/1048/950 949/1047/949
f 930/1028/930 891/1210/891 890/1026/890
f 1084/1211/1084 1082/1212/1082 1083/1213/1083
f 1085/1214/1085 891/1210/891 930/1028/930
f 1089/1215/1089 1080/1216/1080 1081/1217/1081
f 1091/1218/1091 1081/1217/1081 1092/1219/1092
f 1080/1216/1080 1092/1219/1092 1081/1217/1081
f 1093/1220/1093 1094/1221/1094 1085/1214/1085
f 1080/1222/1080 1088/1223/1088 1087/1224/1087
f 1087/1224/1087 1090/1225/1090 1080/1222/1080
f 1097/1226/1097 1098/1227/1098 1086/1228/1086
f 1099/1229/1099 1100/1230/1100 1082/1212/1082
f 1094/1221/1094 1101/1231/1101 1085/1214/1085
f 1093/1220/1093 1090/1225/1090 1094/1221/1094
f 1085/1214/1085 1102/1232/1102 1093/1220/1093
f 1094/1221/1094 1090/1225/1090 1087/1224/1087
f 1085/1214/1085 1101/1231/1101 891/1210/891
f 1103/1233/1103 1104/1234/1104 1105/1235/1105
f 1102/1232/1102 1085/1214/1085 930/1028/930
f 1086/1236/1086 1106/1237/1106 1082/1212/1082
f 1086/1236/1086 1098/1238/1098 1106/1237/1106
f 1095/1239/1095 1096/1240/1096 1107/1241/1107
f 1107/1241/1107 1091/1218/1091 1095/1239/1095
f 1096/1240/1096 1108/1242/1108 1107/1241/1107
f 1109/1243/1109 1110/1244/1110 1111/1245/1111
f 1112/1246/1112 1113/1247/1113 1114/1248/1114
f 1098/1238/1098 1115/1249/1115 1106/1237/1106
f 1098/1227/1098 1116/1250/1116 1115/1251/1115
f 1098/1227/1098 1097/1226/1097 1118/1252/1118
f 1102/1232/1102 1113/1247/1113 1112/1246/1112
f 1119/1253/1119 1120/1254/1120 1108/1242/1108
f 1114/1248/1114 1093/1220/1093 1102/1232/1102
f 1090/1225/1090 1093/1220/1093 1114/1248/1114
f 1119/1253/1119 1108/1242/1108 1121/1255/1121
f 1121/1255/1121 1108/1242/1108 1096/1240/1096
f 1123/1256/1123 1124/1257/1124 1111/1245/1111
f 1119/1253/1119 1124/1257/1124 1123/1256/1123
f 1125/1258/1125 1109/1243/1109 1111/1245/1111
f 1114/1248/1114 1102/1232/1102 1112/1246/1112
f 1126/1259/1126 1113/1247/1113 1102/1232/1102
f 1111/1245/1111 1127/1260/1127 1123/1256/1123
f 1111/1245/1111 1110/1244/1110 1127/1260/1127
f 1128/1261/1128 1122/1262/1122 1129/1263/1129
f 1122/1262/1122 1128/1261/1128 1110/1244/1110
f 1110/1244/1110 1130/1264/1130 1122/1262/1122
f 1110/1244/1110 1109/1243/1109 1130/1264/1130
f 1086/1236/1086 1103/1233/1103 1131/1265/1131
f 1132/1266/1132 1133/1267/1133 1134/1268/1134
f 1125/1258/1125 1130/1264/1130 1109/1243/1109
f 1126/1259/1126 1117/1269/1117 1135/1270/1135
f 1113/1247/1113 1136/1271/1136 1114/1248/1114
f 1117/1269/1117 977/1073/977 1137/1272/1137
f 1138/1273/1138 1139/1274/1139 1137/1272/1137
f 1117/1269/1117 1102/1232/1102 929/1030/929
f 1117/1269/1117 929/1030/929 977/1073/977
f 930/1028/930 929/1030/929 1102/1232/1102
f 977/1073/977 929/1030/929 970/1074/970
f 1139/1274/1139 1117/1269/1117 1137/1272/1137
f 970/1074/970 969/1071/969 977/1073/977
f 1140/1275/1140 1138/1273/1138 1141/1276/1141
f 1117/1269/1117 1139/1274/1139 1135/1270/1135
f 1138/1273/1138 1137/1272/1137 977/1073/977
f 1142/1277/1142 1143/1278/1143 1800/1279/1800
f 1133/1267/1133 1136/1271/1136 1113/1247/1113
f 1105/1235/1105 1140/1275/1140 1144/1280/1144
f 1144/1280/1144 1140/1275/1140 1141/1276/1141
f 977/1073/977 906/1081/906 1138/1273/1138
f 1138/1273/1138 906/1081/906 1145/1281/1145
f 1126/1259/1126 1102/1232/1102 1117/1269/1117
f 1090/1225/1090 1114/1248/1114 1136/1271/1136
f 1142/1277/1142 1146/1282/1146 1147/1283/1147
f 1113/1247/1113 1148/1284/1148 1133/1267/1133
f 1126/1259/1126 1149/1285/1149 1148/1284/1148
f 1149/1285/1149 1104/1234/1104 1103/1233/1103
f 1151/1286/1151 1143/1278/1143 1150/1287/1150
f 1150/1287/1150 1143/1278/1143 1152/1288/1152
f 1140/1275/1140 1135/1270/1135 1139/1274/1139
f 1154/1289/1154 1155/1290/1155 1156/1291/1156
f 1150/1287/1150 1154/1289/1154 1151/1286/1151
f 1155/1290/1155 1154/1289/1154 1150/1287/1150
f 1154/1289/1154 1157/1292/1157 1151/1286/1151
f 1142/1277/1142 1147/1283/1147 1152/1288/1152
f 1158/1293/1158 1156/1291/1156 1155/1290/1155
f 1136/1271/1136 1132/1266/1132 1153/1294/1153
f 1143/1278/1143 1142/1277/1142 1152/1288/1152
f 1159/1295/1159 1021/1133/1021 1160/1296/1160
f 1139/1274/1139 1138/1273/1138 1140/1275/1140
f 1157/1292/1157 1154/1289/1154 1159/1295/1159
f 1161/1297/1161 1154/1289/1154 1156/1291/1156
f 1021/1133/1021 1162/1298/1162 1031/1147/1031
f 1163/1299/1163 1161/1297/1161 1156/1291/1156
f 1136/1271/1136 1153/1294/1153 1090/1225/1090
f 1164/1300/1164 1159/1295/1159 1160/1296/1160
f 1159/1295/1159 1154/1289/1154 1161/1297/1161
f 1159/1295/1159 1161/1297/1161 1021/1133/1021
f 1162/1298/1162 1161/1297/1161 1163/1299/1163
f 906/1079/906 907/1080/907 1145/1301/1145
f 1021/1133/1021 1161/1297/1161 1162/1298/1162
f 1165/1302/1165 1163/1299/1163 1158/1293/1158
f 1166/1303/1166 1165/1302/1165 1158/1293/1158
f 1162/1298/1162 1165/1302/1165 1167/1304/1167
f 1031/1147/1031 1017/1129/1017 1021/1133/1021
f 1165/1302/1165 1162/1298/1162 1163/1299/1163
f 1140/1275/1140 1104/1234/1104 1135/1270/1135
f 1168/1305/1168 1169/1306/1169 1166/1303/1166
f 1092/1219/1092 1170/1307/1170 1091/1218/1091
f 1169/1306/1169 1165/1302/1165 1166/1303/1166
f 1167/1304/1167 1165/1302/1165 1169/1306/1169
f 1150/1287/1150 1152/1288/1152 1155/1290/1155
f 1090/1225/1090 1153/1294/1153 1080/1222/1080
f 1132/1266/1132 1136/1271/1136 1133/1267/1133
f 1171/1308/1171 1132/1266/1132 1134/1268/1134
f 1092/1309/1092 1080/1222/1080 1153/1294/1153
f 1133/1267/1133 1148/1284/1148 1134/1268/1134
f 1082/1212/1082 1100/1230/1100 1083/1213/1083
f 1172/1310/1172 1147/1283/1147 1146/1282/1146
f 1103/1233/1103 1084/1211/1084 1149/1285/1149
f 1173/1311/1173 1174/1312/1174 1175/1313/1175
f 1156/1291/1156 1158/1293/1158 1163/1299/1163
f 1092/1309/1092 1153/1294/1153 1132/1266/1132
f 1176/1314/1176 1146/1315/1146 1174/1312/1174
f 1138/1273/1138 1145/1281/1145 1141/1276/1141
f 1177/1316/1177 1170/1317/1170 1171/1308/1171
f 1178/1318/1178 1172/1319/1172 1176/1314/1176
f 1155/1290/1155 1152/1288/1152 1147/1283/1147
f 1178/1320/1178 1155/1290/1155 1147/1283/1147
f 1176/1314/1176 1174/1312/1174 1179/1321/1179
f 1147/1283/1147 1172/1310/1172 1178/1320/1178
f 1171/1308/1171 1170/1317/1170 1132/1266/1132
f 1148/1284/1148 1083/1213/1083 1134/1268/1134
f 1104/1234/1104 1140/1275/1140 1105/1235/1105
f 1132/1266/1132 1170/1317/1170 1092/1309/1092
f 1084/1211/1084 1148/1284/1148 1149/1285/1149
f 1135/1270/1135 1104/1234/1104 1126/1259/1126
f 1148/1284/1148 1084/1211/1084 1083/1213/1083
f 1082/1212/1082 1084/1211/1084 1086/1236/1086
f 1103/1233/1103 1086/1236/1086 1084/1211/1084
f 1155/1290/1155 1178/1320/1178 1180/1322/1180
f 1131/1265/1131 1103/1233/1103 1181/1323/1181
f 1180/1324/1180 1178/1318/1178 1176/1314/1176
f 1179/1321/1179 1174/1312/1174 1173/1311/1173
f 1182/1325/1182 1176/1314/1176 1179/1321/1179
f 1180/1324/1180 1176/1314/1176 1182/1325/1182
f 1183/1326/1183 1184/1327/1184 1145/1301/1145
f 1179/1321/1179 1173/1311/1173 1185/1328/1185
f 1185/1328/1185 1186/1329/1186 1179/1321/1179
f 1144/1280/1144 1141/1276/1141 1183/1330/1183
f 1144/1280/1144 1183/1330/1183 1105/1235/1105
f 1103/1233/1103 1105/1235/1105 1183/1330/1183
f 1145/1281/1145 1184/1331/1184 1141/1276/1141
f 1148/1284/1148 1113/1247/1113 1126/1259/1126
f 1185/1328/1185 1173/1311/1173 1187/1332/1187
f 1187/1332/1187 1188/1333/1188 1185/1328/1185
f 1172/1319/1172 1146/1315/1146 1176/1314/1176
f 1188/1333/1188 1187/1332/1187 1125/1258/1125
f 1166/1303/1166 1155/1290/1155 1180/1322/1180
f 1189/1334/1189 1162/1298/1162 1167/1304/1167
f 1188/1333/1188 1125/1258/1125 1124/1257/1124
f 1158/1293/1158 1155/1290/1155 1166/1303/1166
f 1125/1258/1125 1111/1245/1111 1124/1257/1124
f 916/1335/916 915/1017/915 1031/1147/1031
f 1189/1334/1189 1031/1147/1031 1162/1298/1162
f 1189/1334/1189 916/1335/916 1031/1147/1031
f 1126/1259/1126 1104/1234/1104 1149/1285/1149
f 1191/1336/1191 1189/1334/1189 1167/1304/1167
f 1141/1276/1141 1184/1331/1184 1183/1330/1183
f 916/1335/916 914/1015/914 915/1017/915
f 1193/1337/1193 1191/1336/1191 1167/1304/1167
f 1194/1338/1194 1191/1336/1191 1193/1337/1193
f 916/1335/916 1191/1336/1191 1194/1338/1194
f 916/1335/916 1189/1334/1189 1191/1336/1191
f 1195/1339/1195 1194/1338/1194 1118/1252/1118
f 1168/1305/1168 1166/1303/1166 1180/1322/1180
f 1099/1229/1099 1082/1212/1082 1106/1237/1106
f 1195/1339/1195 916/1335/916 1194/1338/1194
f 1196/1340/1196 1180/1324/1180 1182/1325/1182
f 1192/1341/1192 916/1335/916 1195/1339/1195
f 1196/1342/1196 1168/1305/1168 1180/1322/1180
f 1169/1306/1169 1168/1305/1168 1197/1343/1197
f 1196/1342/1196 1197/1343/1197 1168/1305/1168
f 1179/1321/1179 1186/1329/1186 1182/1325/1182
f 1182/1325/1182 1186/1329/1186 1198/1344/1198
f 1182/1325/1182 1198/1344/1198 1196/1340/1196
f 1199/1345/1199 1167/1304/1167 1169/1306/1169
f 1200/1346/1200 1198/1344/1198 1186/1329/1186
f 1199/1345/1199 1169/1306/1169 1197/1343/1197
f 1167/1304/1167 1199/1345/1199 1193/1337/1193
f 1197/1347/1197 1196/1340/1196 1198/1344/1198
f 1197/1347/1197 1198/1344/1198 1115/1348/1115
f 1199/1345/1199 1118/1252/1118 1194/1338/1194
f 1116/1250/1116 1118/1252/1118 1199/1345/1199
f 1197/1343/1197 1115/1251/1115 1116/1250/1116
f 1199/1345/1199 1194/1338/1194 1193/1337/1193
f 1116/1250/1116 1199/1345/1199 1197/1343/1197
f 1198/1344/1198 1201/1349/1201 1115/1348/1115
f 1115/1348/1115 1201/1349/1201 1106/1350/1106
f 1118/1252/1118 1116/1250/1116 1098/1227/1098
f 1202/1351/1202 1186/1329/1186 1185/1328/1185
f 1099/1352/1099 1106/1350/1106 1201/1349/1201
f 1188/1333/1188 1203/1353/1203 1185/1328/1185
f 1185/1328/1185 1203/1353/1203 1202/1351/1202
f 1186/1329/1186 1202/1351/1202 1200/1346/1200
f 1200/1346/1200 1202/1351/1202 1203/1353/1203
f 1124/1257/1124 1119/1253/1119 1188/1333/1188
f 1188/1333/1188 1119/1253/1119 1121/1255/1121
f 1203/1353/1203 1121/1255/1121 1096/1240/1096
f 1200/1346/1200 1201/1349/1201 1198/1344/1198
f 1201/1349/1201 1200/1346/1200 1100/1354/1100
f 1201/1349/1201 1100/1354/1100 1099/1352/1099
f 1200/1346/1200 1203/1353/1203 1100/1354/1100
f 1083/1213/1083 1100/1230/1100 1204/1355/1204
f 1203/1353/1203 1096/1240/1096 1095/1239/1095
f 1095/1239/1095 1100/1354/1100 1203/1353/1203
f 1204/1356/1204 1100/1354/1100 1177/1357/1177
f 1134/1268/1134 1083/1213/1083 1204/1355/1204
f 1171/1308/1171 1134/1268/1134 1204/1355/1204
f 1177/1357/1177 1100/1354/1100 1095/1239/1095
f 1177/1357/1177 1091/1218/1091 1170/1307/1170
f 1204/1355/1204 1177/1316/1177 1171/1308/1171
f 1177/1357/1177 1095/1239/1095 1091/1218/1091
f 914/1015/914 916/1335/916 1192/1341/1192
f 914/1015/914 1192/1341/1192 1205/1358/1205
f 909/1010/909 914/1015/914 1190/1359/1190
f 909/1010/909 899/1001/899 914/1015/914
f 1206/1360/1206 1192/1341/1192 1195/1339/1195
f 1205/1358/1205 1192/1341/1192 1206/1360/1206
f 1203/1353/1203 1188/1333/1188 1121/1255/1121
f 1181/1361/1181 1205/1358/1205 1206/1360/1206
f 1118/1252/1118 1097/1226/1097 1195/1339/1195
f 1086/1228/1086 1206/1360/1206 1097/1226/1097
f 1097/1226/1097 1206/1360/1206 1195/1339/1195
f 1181/1361/1181 1206/1360/1206 1131/1362/1131
f 1205/1358/1205 1190/1359/1190 914/1015/914
f 1086/1228/1086 1131/1362/1131 1206/1360/1206
f 910/1011/910 909/1010/909 1145/1301/1145
f 1103/1233/1103 1183/1330/1183 1181/1323/1181
f 1183/1326/1183 1190/1359/1190 1181/1361/1181
f 1190/1359/1190 1145/1301/1145 909/1010/909
f 1205/1358/1205 1181/1361/1181 1190/1359/1190
f 1183/1326/1183 1145/1301/1145 1190/1359/1190
f 907/1080/907 910/1011/910 1145/1301/1145
f 1209/1363/1209 1210/1364/1210 1211/1365/1211
f 1207/1366/1207 1211/1365/1211 1210/1364/1210
f 1220/1367/1220 1216/1368/1216 1209/1363/1209
f 1220/1367/1220 1209/1363/1209 1219/1369/1219
f 1221/1370/1221 1209/1363/1209 1211/1365/1211
f 1217/1371/1217 1222/1372/1222 1223/1373/1223
f 1224/1374/1224 1225/1375/1225 1226/1376/1226
f 1228/1377/1228 1220/1367/1220 1229/1378/1229
f 1230/1379/1230 1217/1371/1217 1218/1380/1218
f 890/1026/890 891/1210/891 1231/1381/1231
f 1225/1375/1225 1234/1382/1234 1235/1383/1235
f 1238/1384/1238 1212/1385/1212 1236/1386/1236
f 1229/1378/1229 1220/1367/1220 1233/1387/1233
f 1236/1386/1236 1212/1385/1212 1239/1388/1239
f 1241/1389/1241 1234/1382/1234 1240/1390/1240
f 1242/1391/1242 1243/1392/1243 1244/1393/1244
f 1243/1392/1243 1213/1394/1213 1212/1385/1212
f 1238/1384/1238 1236/1386/1236 1237/1395/1237
f 1238/1384/1238 1245/1396/1245 1246/1397/1246
f 1213/1394/1213 1243/1392/1243 1242/1391/1242
f 1244/1393/1244 1243/1392/1243 1246/1397/1246
f 1247/1398/1247 1246/1397/1246 1224/1374/1224
f 1212/1385/1212 1238/1384/1238 1243/1392/1243
f 1243/1392/1243 1238/1384/1238 1246/1397/1246
f 1241/1389/1241 1240/1390/1240 1237/1395/1237
f 1244/1393/1244 1248/1399/1248 1242/1391/1242
f 1246/1397/1246 1247/1398/1247 1244/1393/1244
f 1043/1162/1043 1249/1400/1249 1059/1192/1059
f 1240/1390/1240 1238/1384/1238 1237/1395/1237
f 1233/1387/1233 1219/1369/1219 1320/1401/1320
f 1245/1396/1245 1238/1384/1238 1240/1390/1240
f 1220/1367/1220 1219/1369/1219 1233/1387/1233
f 1240/1390/1240 1234/1382/1234 1245/1396/1245
f 1225/1375/1225 1224/1374/1224 1245/1396/1245
f 1059/1192/1059 1052/1180/1052 1043/1162/1043
f 1249/1400/1249 1043/1162/1043 1250/1402/1250
f 1251/1403/1251 1250/1402/1250 1252/1404/1252
f 1250/1402/1250 1043/1162/1043 1042/1161/1042
f 1250/1402/1250 1042/1161/1042 1252/1404/1252
f 1218/1380/1218 1223/1373/1223 1232/1405/1232
f 1254/1406/1254 1233/1387/1233 1320/1401/1320
f 1225/1375/1225 1245/1396/1245 1234/1382/1234
f 1257/1407/1257 1255/1408/1255 1258/1409/1258
f 1259/1410/1259 1260/1411/1260 1261/1412/1261
f 1262/1413/1262 1263/1414/1263 1237/1395/1237
f 1246/1397/1246 1245/1396/1245 1224/1374/1224
f 1256/1415/1256 1250/1402/1250 1251/1403/1251
f 1256/1415/1256 1264/1416/1264 1258/1409/1258
f 1256/1415/1256 1251/1403/1251 1265/1417/1265
f 1256/1415/1256 1265/1417/1265 1264/1416/1264
f 1266/1418/1266 1265/1417/1265 1267/1419/1267
f 1266/1418/1266 1269/1420/1269 1264/1416/1264
f 1270/1421/1270 1268/1422/1268 1265/1417/1265
f 1258/1409/1258 1269/1420/1269 1257/1407/1257
f 1255/1408/1255 1256/1415/1256 1258/1409/1258
f 1258/1409/1258 1264/1416/1264 1269/1420/1269
f 1267/1419/1267 1265/1417/1265 1268/1422/1268
f 1267/1419/1267 1271/1423/1271 1266/1418/1266
f 1266/1418/1266 1264/1416/1264 1265/1417/1265
f 1235/1383/1235 1272/1424/1272 1273/1425/1273
f 1221/1370/1221 1219/1369/1219 1209/1363/1209
f 1263/1414/1263 1274/1426/1274 1241/1389/1241
f 1262/1413/1262 1275/1427/1275 1263/1414/1263
f 1276/1428/1276 1274/1426/1274 1275/1427/1275
f 1277/1429/1277 1251/1403/1251 1252/1404/1252
f 1278/1430/1278 1252/1404/1252 1041/1160/1041
f 1252/1404/1252 1278/1430/1278 1277/1429/1277
f 1276/1428/1276 1279/1431/1279 1280/1432/1280
f 1252/1404/1252 1042/1161/1042 1038/1158/1038
f 1275/1427/1275 1274/1426/1274 1263/1414/1263
f 949/1047/949 1278/1430/1278 1041/1160/1041
f 1263/1414/1263 1241/1389/1241 1237/1395/1237
f 1262/1413/1262 1237/1395/1237 1236/1386/1236
f 949/1047/949 1281/1433/1281 1278/1430/1278
f 1041/1160/1041 1252/1404/1252 1038/1158/1038
f 1276/1428/1276 1275/1427/1275 1279/1431/1279
f 1265/1417/1265 1251/1403/1251 1270/1421/1270
f 1277/1429/1277 1270/1421/1270 1251/1403/1251
f 1277/1429/1277 1278/1430/1278 1270/1421/1270
f 1281/1433/1281 1270/1421/1270 1278/1430/1278
f 1267/1419/1267 1268/1422/1268 1271/1423/1271
f 1268/1422/1268 1270/1421/1270 1282/1434/1282
f 1271/1423/1271 1268/1422/1268 1283/1435/1283
f 1281/1433/1281 1282/1434/1282 1270/1421/1270
f 1282/1434/1282 1285/1436/1285 1283/1435/1283
f 1281/1433/1281 1286/1437/1286 1282/1434/1282
f 1268/1422/1268 1282/1434/1282 1283/1435/1283
f 1285/1436/1285 1286/1437/1286 1287/1438/1287
f 1282/1434/1282 1286/1437/1286 1285/1436/1285
f 1276/1428/1276 1288/1439/1288 1274/1426/1274
f 1275/1427/1275 1262/1413/1262 1290/1440/1290
f 1279/1431/1279 1210/1441/1210 1280/1432/1280
f 1291/1442/1291 1292/1443/1292 1289/1444/1289
f 1210/1441/1210 1279/1431/1279 1208/1445/1208
f 1293/1446/1293 1294/1447/1294 1295/1448/1295
f 1292/1443/1292 1296/1449/1296 1294/1447/1294
f 1291/1442/1291 1257/1407/1257 1269/1420/1269
f 1297/1450/1297 1298/1451/1298 1284/1452/1284
f 1269/1420/1269 1266/1418/1266 1291/1442/1291
f 1291/1442/1291 1266/1418/1266 1297/1450/1297
f 1297/1450/1297 1266/1418/1266 1298/1451/1298
f 1297/1450/1297 1296/1449/1296 1291/1442/1291
f 1296/1449/1296 1297/1450/1297 1300/1453/1300
f 1301/1454/1301 1296/1449/1296 1302/1455/1302
f 1302/1455/1302 1296/1449/1296 1300/1453/1300
f 1296/1449/1296 1295/1448/1295 1294/1447/1294
f 1261/1412/1261 1248/1399/1248 1244/1393/1244
f 1291/1442/1291 1289/1444/1289 1257/1407/1257
f 1303/1456/1303 1300/1453/1300 1297/1450/1297
f 1279/1431/1279 1275/1427/1275 1290/1440/1290
f 1247/1398/1247 1259/1410/1259 1244/1393/1244
f 1299/1457/1299 1241/1389/1241 1304/1458/1304
f 1266/1418/1266 1271/1423/1271 1298/1451/1298
f 1210/1364/1210 1208/1459/1208 1207/1366/1207
f 1304/1458/1304 1241/1389/1241 1274/1426/1274
f 1307/1460/1307 1305/1461/1305 1306/1462/1306
f 1292/1443/1292 1291/1442/1291 1296/1449/1296
f 1301/1454/1301 1295/1448/1295 1296/1449/1296
f 1308/1463/1308 1208/1445/1208 1279/1431/1279
f 1295/1448/1295 1309/1464/1309 1306/1462/1306
f 1309/1464/1309 1295/1448/1295 1301/1454/1301
f 1311/1465/1311 1259/1410/1259 1226/1376/1226
f 1260/1411/1260 1217/1371/1217 1261/1412/1261
f 1299/1457/1299 1288/1439/1288 1312/1466/1312
f 1259/1410/1259 1247/1398/1247 1313/1467/1313
f 1241/1389/1241 1314/1468/1314 1234/1382/1234
f 1314/1468/1314 1241/1389/1241 1299/1457/1299
f 1309/1464/1309 1301/1454/1301 1302/1455/1302
f 1315/1469/1315 2332/1470/2332 1310/1471/1310
f 1293/1446/1293 1295/1448/1295 1306/1462/1306
f 1316/1472/1316 1310/1471/1310 1309/1464/1309
f 1309/1464/1309 1310/1471/1310 1306/1462/1306
f 1225/1375/1225 1235/1383/1235 1253/1473/1253
f 1313/1467/1313 1224/1374/1224 1259/1410/1259
f 1298/1451/1298 1271/1423/1271 1283/1435/1283
f 1316/1472/1316 1309/1464/1309 1302/1455/1302
f 1283/1435/1283 1284/1452/1284 1298/1451/1298
f 1303/1456/1303 1297/1450/1297 1284/1452/1284
f 1284/1452/1284 1283/1435/1283 1285/1436/1285
f 1303/1456/1303 1318/1474/1318 1300/1453/1300
f 1285/1436/1285 1287/1438/1287 1284/1452/1284
f 1300/1453/1300 1317/1475/1317 1302/1455/1302
f 1318/1474/1318 1303/1456/1303 1284/1452/1284
f 1318/1474/1318 1284/1452/1284 1319/1476/1319
f 1284/1452/1284 1287/1438/1287 1319/1476/1319
f 1300/1453/1300 1318/1474/1318 1317/1475/1317
f 1316/1472/1316 1317/1475/1317 1315/1469/1315
f 1315/1469/1315 1310/1471/1310 1316/1472/1316
f 1319/1476/1319 1287/1438/1287 1320/1401/1320
f 1318/1474/1318 1321/1477/1321 1317/1475/1317
f 1302/1455/1302 1317/1475/1317 1316/1472/1316
f 1317/1475/1317 1321/1477/1321 1315/1469/1315
f 1322/1478/1322 1315/1469/1315 1321/1477/1321
f 1322/1478/1322 1321/1477/1321 1323/1479/1323
f 1259/1410/1259 1261/1412/1261 1244/1393/1244
f 1299/1457/1299 1312/1466/1312 1314/1468/1314
f 1224/1374/1224 1313/1467/1313 1247/1398/1247
f 1319/1476/1319 1321/1477/1321 1318/1474/1318
f 1235/1383/1235 1312/1466/1312 1272/1424/1272
f 1321/1477/1321 1319/1476/1319 1323/1479/1323
f 1319/1476/1319 1320/1401/1320 1323/1479/1323
f 1253/1473/1253 1235/1383/1235 1273/1425/1273
f 1324/1480/1324 1323/1479/1323 1320/1401/1320
f 1304/1458/1304 1288/1439/1288 1299/1457/1299
f 1274/1426/1274 1288/1439/1288 1304/1458/1304
f 942/1041/942 952/1052/952 949/1047/949
f 1312/1466/1312 1288/1439/1288 1325/1481/1325
f 1260/1411/1260 1222/1372/1222 1217/1371/1217
f 1327/1482/1327 1281/1433/1281 949/1047/949
f 1234/1382/1234 1314/1468/1314 1235/1383/1235
f 1327/1482/1327 949/1047/949 952/1052/952
f 1328/1483/1328 1286/1437/1286 1281/1433/1281
f 1328/1483/1328 1281/1433/1281 1327/1482/1327
f 1254/1406/1254 1320/1401/1320 1287/1438/1287
f 1221/1370/1221 1324/1480/1324 1320/1401/1320
f 1330/1484/1330 1324/1480/1324 1221/1370/1221
f 1331/1485/1331 1324/1480/1324 1330/1484/1330
f 1320/1401/1320 1219/1369/1219 1221/1370/1221
f 1325/1481/1325 1326/1486/1326 1312/1466/1312
f 1235/1383/1235 1314/1468/1314 1312/1466/1312
f 1272/1424/1272 1312/1466/1312 1326/1486/1326
f 1280/1432/1280 1288/1439/1288 1276/1428/1276
f 1331/1485/1331 1329/1487/1329 1324/1480/1324
f 1330/1484/1330 1221/1370/1221 1211/1365/1211
f 1311/1465/1311 1260/1411/1260 1259/1410/1259
f 1207/1366/1207 1330/1484/1330 1211/1365/1211
f 1311/1465/1311 1222/1372/1222 1260/1411/1260
f 1280/1432/1280 1216/1488/1216 1325/1481/1325
f 1325/1481/1325 1288/1439/1288 1280/1432/1280
f 1280/1432/1280 1210/1441/1210 1216/1488/1216
f 1226/1376/1226 1259/1410/1259 1224/1374/1224
f 1332/1489/1332 932/1051/932 951/1490/951
f 952/1052/952 932/1051/932 1332/1489/1332
f 1327/1482/1327 952/1052/952 1332/1489/1332
f 1325/1481/1325 1216/1488/1216 1227/1491/1227
f 1227/1491/1227 1326/1486/1326 1325/1481/1325
f 1212/1385/1212 1214/1492/1214 1333/1493/1333
f 1225/1375/1225 1253/1473/1253 1334/1494/1334
f 1218/1380/1218 1217/1371/1217 1223/1373/1223
f 1328/1483/1328 1335/1495/1335 1286/1437/1286
f 1328/1483/1328 1327/1482/1327 1332/1489/1332
f 1336/1496/1336 1328/1483/1328 1332/1489/1332
f 1326/1486/1326 1227/1491/1227 1228/1497/1228
f 1328/1483/1328 1336/1496/1336 1335/1495/1335
f 1335/1495/1335 1254/1406/1254 1286/1437/1286
f 1254/1406/1254 1287/1438/1287 1286/1437/1286
f 1335/1495/1335 1233/1387/1233 1254/1406/1254
f 951/1490/951 946/1050/946 1336/1496/1336
f 951/1490/951 1336/1496/1336 1332/1489/1332
f 1335/1495/1335 1336/1496/1336 1233/1387/1233
f 1336/1496/1336 1229/1378/1229 1233/1387/1233
f 1228/1377/1228 1227/1498/1227 1220/1367/1220
f 1216/1368/1216 1220/1367/1220 1227/1498/1227
f 1336/1496/1336 946/1050/946 1338/1499/1338
f 1339/1500/1339 1333/1493/1333 1215/1501/1215
f 1338/1502/1338 941/1040/941 1340/1503/1340
f 941/1043/941 1338/1499/1338 946/1050/946
f 1326/1486/1326 1228/1497/1228 1341/1504/1341
f 936/1032/936 1340/1503/1340 941/1040/941
f 1341/1505/1341 1229/1378/1229 1336/1496/1336
f 1326/1486/1326 1341/1504/1341 1342/1506/1342
f 1343/1507/1343 1338/1502/1338 1340/1503/1340
f 951/1490/951 932/1051/932 946/1050/946
f 1338/1502/1338 1343/1507/1343 1344/1508/1344
f 1344/1508/1344 1345/1509/1345 1338/1502/1338
f 1334/1494/1334 1311/1465/1311 1226/1376/1226
f 1343/1507/1343 1345/1509/1345 1344/1508/1344
f 1338/1502/1338 1345/1509/1345 1341/1504/1341
f 1341/1505/1341 1336/1496/1336 1338/1499/1338
f 1347/1510/1347 1346/1511/1346 1348/1512/1348
f 1341/1504/1341 1349/1513/1349 1342/1506/1342
f 1346/1511/1346 1349/1513/1349 1345/1509/1345
f 1349/1513/1349 1273/1425/1273 1342/1506/1342
f 1272/1424/1272 1326/1486/1326 1342/1506/1342
f 1342/1506/1342 1273/1425/1273 1272/1424/1272
f 1346/1511/1346 1273/1425/1273 1349/1513/1349
f 1345/1509/1345 1343/1507/1343 1346/1511/1346
f 1349/1513/1349 1341/1504/1341 1345/1509/1345
f 1347/1510/1347 1273/1425/1273 1346/1511/1346
f 1337/1514/1337 1273/1425/1273 1347/1510/1347
f 2270/1515/2270 1239/1388/1239 1212/1385/1212
f 1333/1493/1333 2270/1515/2270 1212/1385/1212
f 1253/1473/1253 1273/1425/1273 1337/1514/1337
f 1334/1494/1334 1253/1473/1253 1337/1514/1337
f 1225/1375/1225 1334/1494/1334 1226/1376/1226
f 1213/1394/1213 1214/1492/1214 1212/1385/1212
f 1333/1493/1333 1214/1492/1214 1215/1501/1215
f 1232/1405/1232 936/1032/936 926/1027/926
f 1340/1503/1340 936/1032/936 1223/1373/1223
f 936/1032/936 1232/1405/1232 1223/1373/1223
f 1216/1368/1216 1210/1364/1210 1209/1363/1209
f 1348/1512/1348 1346/1511/1346 1343/1507/1343
f 1341/1505/1341 1228/1377/1228 1229/1378/1229
f 1218/1380/1218 1232/1405/1232 1231/1381/1231
f 926/1027/926 890/1026/890 1231/1381/1231
f 1222/1372/1222 1348/1512/1348 1343/1507/1343
f 1232/1405/1232 926/1027/926 1231/1381/1231
f 1222/1372/1222 1343/1507/1343 1340/1503/1340
f 1222/1372/1222 1350/1516/1350 1348/1512/1348
f 1337/1514/1337 1350/1516/1350 1334/1494/1334
f 1223/1373/1223 1222/1372/1222 1340/1503/1340
f 1348/1512/1348 1350/1516/1350 1347/1510/1347
f 1347/1510/1347 1350/1516/1350 1337/1514/1337
f 1311/1465/1311 1334/1494/1334 1350/1516/1350
f 1311/1465/1311 1350/1516/1350 1222/1372/1222
f 1353/1517/1353 1354/1518/1354 1355/1519/1355
f 1248/1399/1248 1356/1520/1356 1242/1391/1242
f 1357/1521/1357 1088/1223/1088 1353/1517/1353
f 1242/1391/1242 1356/1520/1356 1213/1394/1213
f 1358/1522/1358 1355/1519/1355 1354/1518/1354
f 1351/1523/1351 1352/1524/1352 1359/1525/1359
f 1351/1523/1351 1360/1526/1360 1352/1524/1352
f 1363/1527/1363 1360/1528/1360 1351/1529/1351
f 1361/1530/1361 1363/1527/1363 1362/1531/1362
f 1364/1532/1364 1366/1533/1366 1367/1534/1367
f 1364/1532/1364 1368/1535/1368 1366/1533/1366
f 1360/1528/1360 1363/1527/1363 1361/1530/1361
f 1364/1532/1364 1361/1530/1361 1365/1536/1365
f 1368/1535/1368 1369/1537/1369 1366/1533/1366
f 1370/1538/1370 1364/1532/1364 1371/1539/1371
f 1368/1535/1368 1364/1532/1364 1365/1536/1365
f 1360/1528/1360 1361/1530/1361 1370/1538/1370
f 1371/1539/1371 1364/1532/1364 1372/1540/1372
f 1373/1541/1373 1370/1538/1370 1371/1539/1371
f 1357/1521/1357 1087/1224/1087 1088/1223/1088
f 1361/1530/1361 1364/1532/1364 1370/1538/1370
f 1371/1542/1371 1372/1543/1372 1374/1544/1374
f 1358/1522/1358 1375/1545/1375 1355/1519/1355
f 1370/1538/1370 1373/1541/1373 1360/1528/1360
f 1367/1534/1367 1376/1546/1376 1372/1540/1372
f 1377/1547/1377 1215/1501/1215 1214/1492/1214
f 1373/1548/1373 1352/1524/1352 1360/1526/1360
f 1373/1548/1373 1371/1542/1371 1378/1549/1378
f 1364/1532/1364 1367/1534/1367 1372/1540/1372
f 1378/1549/1378 1371/1542/1371 1374/1544/1374
f 1373/1548/1373 1378/1549/1378 1352/1524/1352
f 1380/1550/1380 1353/1517/1353 1088/1223/1088
f 1379/1551/1379 1372/1543/1372 1376/1552/1376
f 1081/1217/1081 1107/1241/1107 1384/1553/1384
f 1383/1554/1383 1385/1555/1385 1386/1556/1386
f 1382/1557/1382 1361/1530/1361 1383/1554/1383
f 1380/1550/1380 1088/1223/1088 1387/1558/1387
f 1387/1559/1387 1388/1560/1388 1380/1561/1380
f 1353/1517/1353 1389/1562/1389 1354/1518/1354
f 1386/1556/1386 1385/1555/1385 1215/1501/1215
f 1356/1520/1356 1386/1556/1386 1377/1547/1377
f 1382/1557/1382 1386/1556/1386 1356/1520/1356
f 1215/1501/1215 1385/1555/1385 1339/1500/1339
f 1383/1554/1383 1386/1556/1386 1382/1557/1382
f 1390/1563/1390 1369/1537/1369 1365/1536/1365
f 1377/1547/1377 1386/1556/1386 1215/1501/1215
f 1391/1564/1391 1365/1536/1365 1381/1565/1381
f 1362/1531/1362 1383/1554/1383 1361/1530/1361
f 1391/1564/1391 1381/1565/1381 1382/1557/1382
f 1089/1566/1089 1387/1558/1387 1088/1223/1088
f 1080/1222/1080 1089/1566/1089 1088/1223/1088
f 1361/1530/1361 1382/1557/1382 1381/1565/1381
f 1381/1565/1381 1365/1536/1365 1361/1530/1361
f 1387/1559/1387 1081/1217/1081 1384/1553/1384
f 1369/1537/1369 1390/1563/1390 1392/1567/1392
f 1391/1564/1391 1390/1563/1390 1365/1536/1365
f 1356/1520/1356 1377/1547/1377 1214/1492/1214
f 1384/1553/1384 1394/1568/1394 1388/1560/1388
f 1081/1217/1081 1387/1559/1387 1089/1215/1089
f 1365/1536/1365 1369/1537/1369 1368/1535/1368
f 1353/1517/1353 1380/1550/1380 1389/1562/1389
f 1392/1567/1392 1390/1563/1390 1391/1564/1391
f 1110/1244/1110 1128/1261/1128 1127/1260/1127
f 1388/1560/1388 1387/1559/1387 1384/1553/1384
f 1395/1569/1395 1128/1261/1128 1129/1263/1129
f 1123/1256/1123 1127/1260/1127 1396/1570/1396
f 1128/1261/1128 1396/1570/1396 1127/1260/1127
f 1397/1571/1397 1395/1569/1395 1398/1572/1398
f 1128/1261/1128 1395/1569/1395 1397/1571/1397
f 1396/1570/1396 1128/1261/1128 1397/1571/1397
f 1129/1263/1129 1393/1573/1393 1395/1569/1395
f 1382/1557/1382 1356/1520/1356 1391/1564/1391
f 1395/1569/1395 1393/1573/1393 1398/1572/1398
f 1399/1574/1399 1400/1575/1400 1398/1572/1398
f 1401/1576/1401 1402/1577/1402 1403/1578/1403
f 1404/1579/1404 1405/1580/1405 1406/1581/1406
f 1394/1568/1394 1407/1582/1407 1408/1583/1408
f 1400/1575/1400 1401/1576/1401 1403/1578/1403
f 1409/1584/1409 1400/1575/1400 1403/1578/1403
f 1214/1492/1214 1213/1394/1213 1356/1520/1356
f 1393/1573/1393 1399/1574/1399 1398/1572/1398
f 1248/1399/1248 1392/1567/1392 1391/1564/1391
f 1388/1560/1388 1394/1568/1394 1408/1583/1408
f 1406/1581/1406 1410/1585/1410 1404/1579/1404
f 1411/1586/1411 1248/1399/1248 1261/1412/1261
f 1412/1587/1412 1413/1588/1413 1402/1577/1402
f 1414/1589/1414 1398/1572/1398 1400/1575/1400
f 1414/1589/1414 1415/1590/1415 1397/1571/1397
f 1414/1589/1414 1409/1584/1409 1415/1590/1415
f 1404/1579/1404 1410/1585/1410 1416/1591/1416
f 1416/1591/1416 1410/1585/1410 1392/1567/1392
f 1414/1589/1414 1400/1575/1400 1409/1584/1409
f 1417/1592/1417 1409/1584/1409 1403/1578/1403
f 1397/1571/1397 1415/1590/1415 1418/1593/1418
f 1417/1592/1417 1403/1578/1403 1413/1588/1413
f 1402/1577/1402 1413/1588/1413 1403/1578/1403
f 1417/1592/1417 1415/1590/1415 1409/1584/1409
f 1417/1592/1417 1413/1588/1413 1419/1594/1419
f 1417/1592/1417 1418/1593/1418 1415/1590/1415
f 1397/1571/1397 1398/1572/1398 1414/1589/1414
f 1420/1595/1420 1375/1545/1375 1358/1522/1358
f 1417/1592/1417 1419/1594/1419 1418/1593/1418
f 1421/1596/1421 1108/1242/1108 1120/1254/1120
f 1120/1254/1120 1422/1597/1422 1423/1598/1423
f 1396/1570/1396 1422/1597/1422 1120/1254/1120
f 1120/1254/1120 1123/1256/1123 1396/1570/1396
f 1423/1598/1423 1421/1596/1421 1120/1254/1120
f 1424/1599/1424 1396/1570/1396 1397/1571/1397
f 1119/1253/1119 1123/1256/1123 1120/1254/1120
f 1425/1600/1425 1423/1598/1423 1422/1597/1422
f 1425/1600/1425 1426/1601/1426 1423/1598/1423
f 1416/1591/1416 1392/1567/1392 1411/1586/1411
f 1107/1241/1107 1108/1242/1108 1427/1602/1427
f 1391/1564/1391 1356/1520/1356 1248/1399/1248
f 1108/1242/1108 1426/1601/1426 1427/1602/1427
f 1405/1580/1405 1375/1545/1375 1420/1595/1420
f 1422/1597/1422 1396/1570/1396 1424/1599/1424
f 1384/1553/1384 1426/1601/1426 1428/1603/1428
f 1394/1568/1394 1384/1553/1384 1428/1603/1428
f 1421/1596/1421 1423/1598/1423 1426/1601/1426
f 1426/1601/1426 1384/1553/1384 1427/1602/1427
f 1421/1596/1421 1426/1601/1426 1108/1242/1108
f 1091/1218/1091 1107/1241/1107 1081/1217/1081
f 1397/1571/1397 1418/1593/1418 1424/1599/1424
f 1384/1553/1384 1107/1241/1107 1427/1602/1427
f 1430/1604/1430 1429/1605/1429 1431/1606/1431
f 1429/1605/1429 1424/1599/1424 1418/1593/1418
f 1428/1603/1428 1425/1600/1425 1429/1605/1429
f 1429/1605/1429 1418/1593/1418 1431/1606/1431
f 1424/1599/1424 1429/1605/1429 1422/1597/1422
f 1429/1605/1429 1425/1600/1425 1422/1597/1422
f 1428/1603/1428 1426/1601/1426 1425/1600/1425
f 1432/1607/1432 1430/1604/1430 1431/1606/1431
f 1407/1582/1407 1429/1605/1429 1430/1604/1430
f 1407/1582/1407 1428/1603/1428 1429/1605/1429
f 1394/1568/1394 1428/1603/1428 1407/1582/1407
f 1430/1604/1430 1432/1607/1432 1379/1551/1379
f 1379/1551/1379 1407/1582/1407 1430/1604/1430
f 1419/1594/1419 1433/1608/1433 1431/1606/1431
f 1431/1606/1431 1418/1593/1418 1419/1594/1419
f 1218/1380/1218 1434/1609/1434 1230/1379/1230
f 1434/1609/1434 1218/1380/1218 1231/1381/1231
f 1410/1585/1410 1436/1610/1436 1366/1533/1366
f 1437/1611/1437 1412/1587/1412 1435/1612/1435
f 1410/1585/1410 1369/1537/1369 1392/1567/1392
f 1419/1594/1419 1412/1587/1412 1440/1613/1440
f 1437/1611/1437 1440/1613/1440 1412/1587/1412
f 1441/1614/1441 1405/1580/1405 1404/1579/1404
f 1412/1587/1412 1419/1594/1419 1413/1588/1413
f 1419/1594/1419 1442/1615/1442 1433/1608/1433
f 1433/1608/1433 1442/1615/1442 1444/1616/1444
f 1442/1615/1442 1419/1594/1419 1440/1613/1440
f 1445/1617/1445 1405/1580/1405 1420/1595/1420
f 1436/1610/1436 1410/1585/1410 1445/1617/1445
f 1445/1617/1445 1410/1585/1410 1406/1581/1406
f 1230/1379/1230 1446/1618/1446 1416/1591/1416
f 1369/1537/1369 1410/1585/1410 1366/1533/1366
f 1436/1610/1436 1367/1534/1367 1366/1533/1366
f 1440/1613/1440 1438/1619/1438 1443/1620/1443
f 1445/1617/1445 1406/1581/1406 1405/1580/1405
f 1443/1620/1443 1442/1615/1442 1440/1613/1440
f 1442/1615/1442 1443/1620/1443 1449/1621/1449
f 1443/1620/1443 1438/1619/1438 1439/1622/1439
f 1442/1615/1442 1449/1621/1449 1444/1616/1444
f 1444/1616/1444 1448/1623/1448 1451/1624/1451
f 1443/1620/1443 1439/1622/1439 1449/1621/1449
f 1416/1591/1416 1446/1618/1446 1404/1579/1404
f 1404/1579/1404 1446/1618/1446 1434/1609/1434
f 1452/1625/1452 1376/1546/1376 1445/1617/1445
f 1376/1546/1376 1367/1534/1367 1436/1610/1436
f 1217/1371/1217 1416/1591/1416 1411/1586/1411
f 1444/1616/1444 1449/1621/1449 1448/1623/1448
f 1376/1552/1376 1452/1626/1452 1407/1582/1407
f 1432/1607/1432 1431/1606/1431 1433/1608/1433
f 1444/1616/1444 1453/1627/1453 1433/1608/1433
f 1453/1627/1453 1444/1616/1444 1454/1628/1454
f 1449/1621/1449 1439/1622/1439 1448/1623/1448
f 1454/1628/1454 1444/1616/1444 1450/1629/1450
f 1453/1627/1453 1454/1628/1454 1455/1630/1455
f 1455/1630/1455 1454/1628/1454 1456/1631/1456
f 1455/1630/1455 1432/1607/1432 1433/1608/1433
f 1372/1543/1372 1379/1551/1379 1432/1607/1432
f 1374/1544/1374 1432/1607/1432 1455/1630/1455
f 1374/1544/1374 1455/1630/1455 1352/1524/1352
f 1455/1630/1455 1433/1608/1433 1453/1627/1453
f 1450/1629/1450 1444/1616/1444 1457/1632/1457
f 1457/1632/1457 1444/1616/1444 1451/1624/1451
f 1456/1631/1456 1454/1628/1454 1457/1632/1457
f 1458/1633/1458 1456/1631/1456 1457/1632/1457
f 1454/1628/1454 1450/1629/1450 1457/1632/1457
f 1378/1549/1378 1374/1544/1374 1352/1524/1352
f 1445/1617/1445 1376/1546/1376 1436/1610/1436
f 1452/1625/1452 1445/1617/1445 1459/1634/1459
f 1441/1614/1441 1404/1579/1404 1434/1609/1434
f 1407/1582/1407 1379/1551/1379 1376/1552/1376
f 1434/1609/1434 1460/1635/1460 1447/1636/1447
f 1432/1607/1432 1374/1544/1374 1372/1543/1372
f 1456/1631/1456 1458/1633/1458 1455/1630/1455
f 1458/1633/1458 1359/1525/1359 1352/1524/1352
f 1461/1637/1461 1452/1625/1452 1459/1634/1459
f 1355/1519/1355 1464/1638/1464 1357/1521/1357
f 1447/1636/1447 1441/1614/1441 1434/1609/1434
f 1452/1625/1452 1461/1637/1461 1465/1639/1465
f 1352/1524/1352 1455/1630/1455 1458/1633/1458
f 1466/1640/1466 1408/1641/1408 1461/1637/1461
f 1357/1521/1357 1353/1517/1353 1355/1519/1355
f 1380/1561/1380 1388/1560/1388 1408/1583/1408
f 1461/1637/1461 1358/1522/1358 1466/1640/1466
f 1461/1637/1461 1459/1634/1459 1420/1595/1420
f 1462/1642/1462 891/1210/891 1101/1231/1101
f 1408/1641/1408 1465/1639/1465 1461/1637/1461
f 1467/1643/1467 1231/1381/1231 891/1210/891
f 1389/1562/1389 1466/1640/1466 1354/1518/1354
f 1434/1609/1434 1231/1381/1231 1463/1644/1463
f 1408/1641/1408 1466/1640/1466 1389/1562/1389
f 1467/1643/1467 1463/1644/1463 1231/1381/1231
f 1408/1641/1408 1389/1562/1389 1380/1550/1380
f 891/1210/891 1462/1642/1462 1467/1643/1467
f 1465/1645/1465 1408/1583/1408 1407/1582/1407
f 1445/1617/1445 1420/1595/1420 1459/1634/1459
f 1358/1522/1358 1461/1637/1461 1420/1595/1420
f 1466/1640/1466 1358/1522/1358 1354/1518/1354
f 1411/1586/1411 1261/1412/1261 1217/1371/1217
f 1357/1521/1357 1094/1221/1094 1087/1224/1087
f 1462/1642/1462 1463/1644/1463 1467/1643/1467
f 1447/1636/1447 1357/1521/1357 1464/1638/1464
f 1441/1614/1441 1464/1638/1464 1375/1545/1375
f 1464/1638/1464 1355/1519/1355 1375/1545/1375
f 1441/1614/1441 1375/1545/1375 1405/1580/1405
f 1407/1582/1407 1452/1626/1452 1465/1645/1465
f 1462/1642/1462 1357/1521/1357 1447/1636/1447
f 1462/1642/1462 1101/1231/1101 1094/1221/1094
f 1464/1638/1464 1441/1614/1441 1447/1636/1447
f 1357/1521/1357 1462/1642/1462 1094/1221/1094
f 1462/1642/1462 1447/1636/1447 1460/1635/1460
f 1460/1635/1460 1463/1644/1463 1462/1642/1462
f 1434/1609/1434 1446/1618/1446 1230/1379/1230
f 1392/1567/1392 1248/1399/1248 1411/1586/1411
f 1416/1591/1416 1217/1371/1217 1230/1379/1230
f 1463/1644/1463 1460/1635/1460 1434/1609/1434
f 757/854/757 763/845/763 1472/1646/1472
f 1470/1647/1470 1473/1648/1473 1474/1649/1474
f 1474/1649/1474 1472/1646/1472 1470/1647/1470
f 732/815/732 1468/1650/1468 1471/1651/1471
f 732/815/732 1471/1651/1471 1475/1652/1475
f 730/816/730 732/815/732 1475/1652/1475
f 1468/1650/1468 1476/1653/1476 1477/1654/1477
f 730/816/730 1475/1652/1475 782/869/782
f 1478/1655/1478 1471/1651/1471 1477/1654/1477
f 1469/1656/1469 1473/1648/1473 1470/1647/1470
f 1471/1651/1471 1468/1650/1468 1477/1654/1477
f 1478/1655/1478 1475/1652/1475 1471/1651/1471
f 1470/1647/1470 1472/1646/1472 762/853/762
f 1481/1657/1481 1482/1658/1482 1483/1659/1483
f 1483/1659/1483 1482/1658/1482 1484/1660/1484
f 1477/1654/1477 1479/1661/1479 1478/1655/1478
f 1479/1661/1479 1477/1654/1477 1485/1662/1485
f 1478/1655/1478 1479/1661/1479 1486/1663/1486
f 1487/1664/1487 753/840/753 757/854/757
f 1490/1665/1490 1477/1654/1477 1491/1666/1491
f 1482/1658/1482 1481/1657/1481 1492/1667/1492
f 757/854/757 1472/1646/1472 1480/1668/1480
f 1490/1665/1490 1485/1662/1485 1477/1654/1477
f 1495/1669/1495 1492/1667/1492 1481/1657/1481
f 1481/1657/1481 1483/1659/1483 1496/1670/1496
f 1495/1671/1495 1494/1672/1494 1492/1673/1492
f 1496/1670/1496 1495/1669/1495 1481/1657/1481
f 1493/1674/1493 1485/1662/1485 1499/1675/1499
f 1498/1676/1498 1500/1677/1500 1494/1672/1494
f 1494/1672/1494 1495/1671/1495 1498/1676/1498
f 1501/1678/1501 1485/1662/1485 1493/1674/1493
f 1479/1661/1479 1501/1678/1501 1502/1679/1502
f 1501/1678/1501 1503/1680/1503 1502/1679/1502
f 1487/1664/1487 754/841/754 753/840/753
f 1497/1681/1497 1494/1672/1494 1505/1682/1505
f 1479/1661/1479 1485/1662/1485 1501/1678/1501
f 1505/1682/1505 1504/1683/1504 1497/1681/1497
f 1494/1672/1494 1500/1677/1500 1505/1682/1505
f 1505/1682/1505 1506/1684/1506 1504/1683/1504
f 1504/1683/1504 1506/1684/1506 1507/1685/1507
f 1502/1679/1502 1486/1663/1486 1479/1661/1479
f 1509/1686/1509 1508/1687/1508 1507/1685/1507
f 1493/1674/1493 1510/1688/1510 1501/1678/1501
f 1487/1664/1487 756/843/756 754/841/754
f 1510/1688/1510 1511/1689/1511 1501/1678/1501
f 1512/1690/1512 1513/1691/1513 1508/1687/1508
f 1512/1690/1512 1508/1687/1508 1514/1692/1514
f 757/854/757 1480/1668/1480 1487/1664/1487
f 1515/1693/1515 1511/1689/1511 1510/1688/1510
f 1469/1656/1469 1470/1647/1470 762/853/762
f 1488/1694/1488 756/843/756 1487/1664/1487
f 1512/1690/1512 1514/1692/1514 1513/1691/1513
f 1501/1678/1501 1511/1689/1511 1503/1680/1503
f 1518/1695/1518 1511/1689/1511 1515/1693/1515
f 765/850/765 1469/1656/1469 762/853/762
f 1519/1696/1519 1513/1691/1513 1448/1623/1448
f 1511/1689/1511 1516/1697/1516 1503/1680/1503
f 1514/1692/1514 1448/1623/1448 1513/1691/1513
f 1520/1698/1520 1448/1623/1448 1523/1699/1523
f 1526/1700/1526 756/843/756 1488/1694/1488
f 1523/1699/1523 1514/1692/1514 1525/1701/1525
f 1527/1702/1527 1518/1695/1518 1524/1703/1524
f 1524/1703/1524 1521/1704/1521 1527/1702/1527
f 1518/1695/1518 1527/1702/1527 1511/1689/1511
f 1523/1699/1523 1448/1623/1448 1514/1692/1514
f 1527/1702/1527 1521/1704/1521 1529/1705/1529
f 1530/1706/1530 1531/1707/1531 1521/1704/1521
f 1511/1689/1511 1527/1702/1527 1529/1705/1529
f 1529/1705/1529 1521/1704/1521 1531/1707/1531
f 1530/1706/1530 1521/1704/1521 1525/1701/1525
f 1516/1697/1516 1511/1689/1511 1529/1705/1529
f 1532/1708/1532 1531/1707/1531 1530/1706/1530
f 1525/1701/1525 1521/1704/1521 1533/1709/1533
f 1534/1710/1534 1535/1711/1535 1486/1663/1486
f 1536/1712/1536 1537/1713/1537 1538/1714/1538
f 1475/1652/1475 1478/1655/1478 782/869/782
f 782/869/782 1478/1655/1478 787/875/787
f 1478/1655/1478 1486/1663/1486 1535/1711/1535
f 779/867/779 780/868/780 783/870/783
f 781/871/781 787/875/787 1539/1715/1539
f 783/870/783 781/871/781 1539/1715/1539
f 1535/1711/1535 787/875/787 1478/1655/1478
f 1535/1711/1535 1540/1716/1540 1539/1715/1539
f 1535/1711/1535 1539/1715/1539 787/875/787
f 1495/1669/1495 1496/1670/1496 1541/1717/1541
f 1542/1718/1542 1543/1719/1543 1541/1717/1541
f 1541/1717/1541 1543/1719/1543 1495/1669/1495
f 1537/1713/1537 1539/1715/1539 1540/1716/1540
f 783/870/783 1539/1715/1539 1537/1713/1537
f 1544/1720/1544 1546/1721/1546 1543/1719/1543
f 1537/1713/1537 1540/1716/1540 1538/1714/1538
f 1486/1663/1486 1502/1679/1502 1534/1710/1534
f 1547/1722/1547 1537/1713/1537 1536/1712/1536
f 1502/1679/1502 1548/1723/1548 1534/1710/1534
f 1547/1722/1547 779/867/779 1537/1713/1537
f 1528/1724/1528 1548/1723/1548 1502/1679/1502
f 1546/1721/1546 1544/1720/1544 1549/1725/1549
f 1534/1710/1534 1540/1716/1540 1535/1711/1535
f 1550/1726/1550 1549/1725/1549 1551/1727/1551
f 779/867/779 783/870/783 1537/1713/1537
f 779/867/779 1547/1722/1547 777/863/777
f 1552/1728/1552 1546/1721/1546 1549/1725/1549
f 1552/1728/1552 1553/1729/1553 1546/1721/1546
f 1550/1726/1550 1552/1728/1552 1549/1725/1549
f 1550/1726/1550 1554/1730/1554 1552/1728/1552
f 1538/1714/1538 1540/1716/1540 1534/1710/1534
f 1554/1731/1554 1556/1732/1556 1552/1733/1552
f 1536/1712/1536 1538/1714/1538 1555/1734/1555
f 1557/1735/1557 1547/1722/1547 1536/1712/1536
f 1538/1714/1538 1534/1710/1534 1559/1736/1559
f 1502/1679/1502 1503/1680/1503 1528/1724/1528
f 735/818/735 734/819/734 1558/1737/1558
f 763/845/763 762/853/762 1472/1646/1472
f 1558/1737/1558 1550/1726/1550 735/818/735
f 777/863/777 1547/1722/1547 1557/1735/1557
f 1554/1730/1554 1550/1726/1550 1558/1737/1558
f 1526/1700/1526 1558/1738/1558 756/843/756
f 1526/1700/1526 1488/1694/1488 1554/1731/1554
f 1557/1735/1557 1536/1712/1536 1473/1648/1473
f 734/821/734 737/823/737 756/843/756
f 1534/1710/1534 1548/1723/1548 1559/1736/1559
f 734/821/734 756/843/756 1558/1738/1558
f 1528/1724/1528 1562/1739/1562 1560/1740/1560
f 1526/1700/1526 1554/1731/1554 1558/1738/1558
f 1469/1656/1469 777/863/777 1557/1735/1557
f 1557/1735/1557 1473/1648/1473 1469/1656/1469
f 756/843/756 737/823/737 740/837/740
f 1559/1736/1559 1548/1723/1548 1561/1741/1561
f 765/850/765 772/858/772 1469/1656/1469
f 1503/1680/1503 1516/1697/1516 1562/1739/1562
f 1543/1719/1543 1563/1742/1563 1495/1669/1495
f 1495/1671/1495 1564/1743/1564 1498/1676/1498
f 1528/1724/1528 1503/1680/1503 1562/1739/1562
f 1469/1656/1469 772/858/772 777/863/777
f 1563/1744/1563 1564/1743/1564 1495/1671/1495
f 1546/1721/1546 1553/1729/1553 1563/1742/1563
f 1500/1677/1500 1506/1684/1506 1505/1682/1505
f 1566/1745/1566 1564/1743/1564 1563/1744/1563
f 1506/1684/1506 1509/1686/1509 1567/1746/1567
f 1556/1732/1556 1553/1747/1553 1552/1733/1552
f 1554/1731/1554 1568/1748/1568 1556/1732/1556
f 1553/1747/1553 1566/1745/1566 1563/1744/1563
f 1568/1748/1568 1488/1694/1488 1569/1749/1569
f 1554/1731/1554 1488/1694/1488 1568/1748/1568
f 1546/1721/1546 1563/1742/1563 1543/1719/1543
f 1564/1743/1564 1570/1750/1570 1565/1751/1565
f 1564/1743/1564 1566/1745/1566 1571/1752/1571
f 1564/1743/1564 1571/1752/1571 1570/1750/1570
f 1572/1753/1572 1573/1754/1573 1570/1750/1570
f 1500/1677/1500 1574/1755/1574 1509/1686/1509
f 1500/1677/1500 1509/1686/1509 1506/1684/1506
f 1574/1755/1574 1500/1677/1500 1498/1676/1498
f 1570/1750/1570 1573/1754/1573 1565/1751/1565
f 1509/1686/1509 1574/1755/1574 1575/1756/1575
f 1574/1755/1574 1498/1676/1498 1565/1751/1565
f 1573/1754/1573 1574/1755/1574 1565/1751/1565
f 1574/1755/1574 1573/1754/1573 1575/1756/1575
f 1578/1757/1578 1573/1754/1573 1579/1758/1579
f 1578/1757/1578 1580/1759/1580 1575/1756/1575
f 1573/1754/1573 1577/1760/1577 1575/1756/1575
f 1573/1754/1573 1578/1757/1578 1577/1760/1577
f 1580/1759/1580 1576/1761/1576 1575/1756/1575
f 1506/1684/1506 1567/1746/1567 1507/1685/1507
f 1575/1756/1575 1576/1761/1576 1509/1686/1509
f 1581/1762/1581 1580/1759/1580 1578/1757/1578
f 1567/1746/1567 1509/1686/1509 1507/1685/1507
f 1582/1763/1582 1581/1762/1581 1578/1757/1578
f 1582/1763/1582 1583/1764/1583 1581/1762/1581
f 1578/1757/1578 1575/1756/1575 1577/1760/1577
f 1571/1752/1571 1566/1745/1566 1553/1747/1553
f 1572/1753/1572 1571/1752/1571 1584/1765/1584
f 1584/1765/1584 1571/1752/1571 1553/1747/1553
f 1584/1765/1584 1553/1747/1553 1556/1732/1556
f 1572/1753/1572 1570/1750/1570 1571/1752/1571
f 1565/1751/1565 1498/1676/1498 1564/1743/1564
f 1585/1766/1585 1584/1765/1584 1556/1732/1556
f 1556/1732/1556 1568/1748/1568 1585/1766/1585
f 1569/1749/1569 1480/1668/1480 1585/1766/1585
f 1488/1694/1488 1487/1664/1487 1569/1749/1569
f 1569/1749/1569 1585/1766/1585 1568/1748/1568
f 1579/1758/1579 1582/1763/1582 1578/1757/1578
f 1487/1664/1487 1480/1668/1480 1569/1749/1569
f 1480/1668/1480 1579/1758/1579 1585/1766/1585
f 1572/1753/1572 1579/1758/1579 1573/1754/1573
f 1579/1758/1579 1572/1753/1572 1585/1766/1585
f 1579/1758/1579 1480/1668/1480 1472/1646/1472
f 1472/1646/1472 1474/1649/1474 1582/1763/1582
f 1584/1765/1584 1585/1766/1585 1572/1753/1572
f 1509/1686/1509 1514/1692/1514 1508/1687/1508
f 1576/1761/1576 1514/1692/1514 1509/1686/1509
f 1587/1767/1587 1514/1692/1514 1586/1768/1586
f 1514/1692/1514 1576/1761/1576 1586/1768/1586
f 1472/1646/1472 1582/1763/1582 1579/1758/1579
f 1580/1759/1580 1590/1769/1590 1589/1770/1589
f 1588/1771/1588 1591/1772/1591 1590/1769/1590
f 1589/1770/1589 1576/1761/1576 1580/1759/1580
f 1589/1770/1589 1587/1767/1587 1576/1761/1576
f 1590/1769/1590 1587/1767/1587 1589/1770/1589
f 1576/1761/1576 1587/1767/1587 1586/1768/1586
f 1590/1769/1590 1580/1759/1580 1588/1771/1588
f 1590/1769/1590 1591/1772/1591 1592/1773/1592
f 1583/1764/1583 1588/1771/1588 1581/1762/1581
f 1525/1701/1525 1514/1692/1514 1517/1774/1517
f 1587/1767/1587 1593/1775/1593 1517/1774/1517
f 1587/1767/1587 1517/1774/1517 1514/1692/1514
f 1581/1762/1581 1588/1771/1588 1580/1759/1580
f 1592/1773/1592 1587/1767/1587 1590/1769/1590
f 1593/1775/1593 1587/1767/1587 1592/1773/1592
f 1532/1708/1532 1593/1775/1593 1592/1773/1592
f 1594/1776/1594 1532/1708/1532 1592/1773/1592
f 1591/1772/1591 1594/1776/1594 1592/1773/1592
f 1593/1775/1593 1532/1708/1532 1530/1706/1530
f 1517/1774/1517 1530/1706/1530 1525/1701/1525
f 1532/1708/1532 1529/1705/1529 1531/1707/1531
f 1582/1763/1582 1595/1777/1595 1583/1764/1583
f 1516/1697/1516 1529/1705/1529 1594/1776/1594
f 1532/1708/1532 1594/1776/1594 1529/1705/1529
f 1562/1739/1562 1594/1776/1594 1591/1772/1591
f 1593/1775/1593 1530/1706/1530 1517/1774/1517
f 1473/1648/1473 1536/1712/1536 1474/1649/1474
f 1583/1764/1583 1560/1740/1560 1588/1771/1588
f 1536/1712/1536 1555/1734/1555 1474/1649/1474
f 1582/1763/1582 1474/1649/1474 1595/1777/1595
f 1561/1741/1561 1583/1764/1583 1595/1777/1595
f 1591/1772/1591 1588/1771/1588 1560/1740/1560
f 1559/1736/1559 1555/1734/1555 1538/1714/1538
f 1560/1740/1560 1562/1739/1562 1591/1772/1591
f 1555/1734/1555 1559/1736/1559 1474/1649/1474
f 1548/1723/1548 1560/1740/1560 1561/1741/1561
f 1561/1741/1561 1560/1740/1560 1583/1764/1583
f 1561/1741/1561 1595/1777/1595 1559/1736/1559
f 1474/1649/1474 1559/1736/1559 1595/1777/1595
f 1562/1739/1562 1516/1697/1516 1594/1776/1594
f 1548/1723/1548 1528/1724/1528 1560/1740/1560
f 1596/1778/1596 852/252/852 1597/1779/1597
f 1600/1780/1600 1601/1781/1601 1602/1782/1602
f 1485/1662/1485 1489/1783/1489 1499/1675/1499
f 1604/1784/1604 1510/1688/1510 1605/1785/1605
f 1490/1665/1490 1489/1783/1489 1485/1662/1485
f 1606/1786/1606 1603/1787/1603 1607/1788/1607
f 1603/1787/1603 1596/1778/1596 1607/1788/1607
f 1610/1789/1610 1598/1790/1598 1599/1791/1599
f 1607/1788/1607 1597/1779/1597 1611/1792/1611
f 1612/1793/1612 1609/1794/1609 1613/1795/1613
f 1606/1786/1606 1609/1794/1609 1612/1793/1612
f 1493/1674/1493 1499/1675/1499 1510/1688/1510
f 1607/1788/1607 1596/1778/1596 1597/1779/1597
f 1614/1796/1614 1499/1675/1499 1489/1783/1489
f 1607/1788/1607 1609/1794/1609 1606/1786/1606
f 1615/1797/1615 1604/1784/1604 1616/1798/1616
f 1617/1799/1617 1609/1794/1609 1607/1788/1607
f 1616/1798/1616 1604/1784/1604 1605/1785/1605
f 1609/1794/1609 1617/1799/1617 1618/1800/1618
f 1605/1785/1605 1510/1688/1510 1499/1675/1499
f 1520/1698/1520 1523/1699/1523 1619/1801/1619
f 1520/1698/1520 1451/1624/1451 1448/1623/1448
f 1619/1801/1619 1451/1624/1451 1520/1698/1520
f 1621/1802/1621 1620/1803/1620 1619/1801/1619
f 1451/1624/1451 1619/1801/1619 1620/1803/1620
f 1609/1794/1609 1618/1800/1618 1613/1795/1613
f 1622/1804/1622 1616/1798/1616 1605/1785/1605
f 1613/1795/1613 1624/1805/1624 1610/1789/1610
f 1625/1806/1625 1626/1807/1626 1624/1805/1624
f 1627/1808/1627 1620/1803/1620 1621/1802/1621
f 1627/1808/1627 1628/1809/1628 1620/1803/1620
f 1451/1624/1451 1620/1803/1620 1628/1809/1628
f 1457/1632/1457 1628/1809/1628 1359/1525/1359
f 1628/1809/1628 1457/1632/1457 1451/1624/1451
f 1610/1789/1610 1624/1805/1624 1598/1790/1598
f 1614/1796/1614 1605/1785/1605 1499/1675/1499
f 1359/1525/1359 1458/1633/1458 1457/1632/1457
f 1610/1789/1610 1612/1793/1612 1613/1795/1613
f 1630/1810/1630 1608/1811/1608 1359/1812/1359
f 1628/1809/1628 1629/1813/1629 1359/1525/1359
f 1629/1813/1629 1608/1814/1608 1630/1815/1630
f 1629/1813/1629 1630/1815/1630 1359/1525/1359
f 1626/1807/1626 1625/1806/1625 1362/1531/1362
f 1362/1531/1362 1363/1527/1363 1599/1791/1599
f 1601/1781/1601 1622/1804/1622 1605/1785/1605
f 1598/1790/1598 1624/1805/1624 1626/1807/1626
f 1599/1791/1599 1626/1807/1626 1362/1531/1362
f 1632/1816/1632 1631/1817/1631 1618/1800/1618
f 1599/1791/1599 1598/1790/1598 1626/1807/1626
f 1618/1800/1618 1631/1817/1631 1624/1805/1624
f 1633/971/1633 1634/1818/1634 1635/1819/1635
f 1385/1555/1385 1625/1806/1625 1631/1817/1631
f 1613/1795/1613 1618/1800/1618 1624/1805/1624
f 1636/1820/1636 860/974/860 1635/1819/1635
f 1385/1555/1385 1383/1554/1383 1362/1531/1362
f 1385/1555/1385 1362/1531/1362 1625/1806/1625
f 870/965/870 873/969/873 1623/1821/1623
f 1635/1822/1635 1637/1823/1637 1636/1824/1636
f 1631/1817/1631 1625/1806/1625 1624/1805/1624
f 1351/1529/1351 1599/1791/1599 1363/1527/1363
f 1351/1529/1351 1359/1812/1359 1608/1811/1608
f 1601/1781/1601 1614/1796/1614 1490/1665/1490
f 1638/1825/1638 1635/1822/1635 1602/1782/1602
f 1599/1791/1599 1351/1529/1351 1608/1811/1608
f 1640/1826/1640 1634/1818/1634 1633/971/1633
f 1635/1819/1635 860/974/860 1633/971/1633
f 1635/1822/1635 1600/1780/1600 1602/1782/1602
f 875/983/875 1636/1820/1636 888/988/888
f 872/970/872 1640/1826/1640 1633/971/1633
f 1642/1827/1642 1643/1828/1643 1644/1829/1644
f 888/1830/888 1645/1831/1645 885/986/885
f 1636/1824/1636 1637/1823/1637 1646/1832/1646
f 1647/1833/1647 1645/1831/1645 888/1830/888
f 1647/1833/1647 888/1830/888 1636/1824/1636
f 1648/1834/1648 1647/1833/1647 1636/1824/1636
f 1649/1835/1649 1645/1831/1645 1647/1833/1647
f 885/986/885 1645/1831/1645 732/815/732
f 1636/1820/1636 875/983/875 860/974/860
f 732/815/732 1645/1831/1645 1649/1835/1649
f 1638/1825/1638 1602/1782/1602 1650/1836/1650
f 1651/1837/1651 732/815/732 1649/1835/1649
f 1601/1781/1601 1605/1785/1605 1614/1796/1614
f 1646/1832/1646 1648/1834/1648 1636/1824/1636
f 1638/1825/1638 1650/1836/1650 1637/1823/1637
f 1637/1823/1637 1648/1834/1648 1646/1832/1646
f 1637/1823/1637 1635/1822/1635 1638/1825/1638
f 1649/1835/1649 1647/1833/1647 1648/1834/1648
f 1649/1835/1649 1652/1838/1652 1476/1653/1476
f 1652/1838/1652 1648/1834/1648 1637/1823/1637
f 1649/1835/1649 1648/1834/1648 1652/1838/1652
f 1652/1838/1652 1490/1665/1490 1491/1666/1491
f 1637/1823/1637 1650/1836/1650 1652/1838/1652
f 1476/1653/1476 1652/1838/1652 1491/1666/1491
f 1468/1650/1468 732/815/732 1651/1837/1651
f 1601/1781/1601 1490/1665/1490 1650/1836/1650
f 1651/1837/1651 1649/1835/1649 1476/1653/1476
f 871/966/871 870/965/870 872/970/872
f 1491/1666/1491 1477/1654/1477 1476/1653/1476
f 1651/1837/1651 1476/1653/1476 1468/1650/1468
f 1522/1839/1522 1533/1709/1533 1521/1704/1521
f 1640/1826/1640 1653/1840/1653 1600/1841/1600
f 1600/1841/1600 1634/1818/1634 1640/1826/1640
f 1654/1842/1654 1653/1840/1653 1640/1826/1640
f 1634/1818/1634 1600/1841/1600 1635/1819/1635
f 1654/1843/1654 1622/1804/1622 1653/1844/1653
f 1521/1704/1521 1524/1703/1524 1522/1839/1522
f 1533/1709/1533 1523/1699/1523 1525/1701/1525
f 1654/1843/1654 1616/1798/1616 1622/1804/1622
f 1533/1709/1533 1619/1801/1619 1523/1699/1523
f 1533/1709/1533 1655/1845/1655 1656/1846/1656
f 1656/1846/1656 1655/1845/1655 1657/1847/1657
f 1656/1846/1656 1619/1801/1619 1533/1709/1533
f 1656/1846/1656 1657/1847/1657 1619/1801/1619
f 1522/1839/1522 1524/1703/1524 1658/1848/1658
f 1524/1703/1524 1659/1849/1659 1658/1848/1658
f 1658/1848/1658 1655/1845/1655 1522/1839/1522
f 1655/1845/1655 1658/1848/1658 1660/1850/1660
f 1533/1709/1533 1522/1839/1522 1655/1845/1655
f 1661/1851/1661 1658/1848/1658 1659/1849/1659
f 1654/1843/1654 1662/1852/1662 1616/1798/1616
f 1600/1780/1600 1653/1844/1653 1622/1804/1622
f 1518/1695/1518 1659/1849/1659 1524/1703/1524
f 872/970/872 1639/1853/1639 1640/1826/1640
f 1604/1784/1604 1515/1693/1515 1510/1688/1510
f 1663/1854/1663 1659/1849/1659 1515/1693/1515
f 1663/1854/1663 1515/1693/1515 1615/1797/1615
f 1515/1693/1515 1659/1849/1659 1518/1695/1518
f 1515/1693/1515 1604/1784/1604 1615/1797/1615
f 1606/1786/1606 1612/1793/1612 1676/1855/1676
f 1663/1854/1663 1661/1851/1661 1659/1849/1659
f 1664/1856/1664 1621/1802/1621 1657/1847/1657
f 1606/1786/1606 1665/1857/1665 1603/1787/1603
f 1603/1787/1603 1665/1857/1665 1641/1858/1641
f 1621/1802/1621 1619/1801/1619 1657/1847/1657
f 1628/1809/1628 1627/1808/1627 1666/1859/1666
f 1667/1860/1667 1621/1802/1621 1664/1856/1664
f 1621/1802/1621 1667/1860/1667 1627/1808/1627
f 1655/1845/1655 1664/1856/1664 1657/1847/1657
f 1667/1860/1667 1664/1856/1664 1668/1861/1668
f 1666/1859/1666 1667/1860/1667 1669/1862/1669
f 1667/1860/1667 1666/1859/1666 1627/1808/1627
f 1670/1863/1670 1669/1862/1669 1667/1860/1667
f 1658/1848/1658 1671/1864/1671 1660/1850/1660
f 1670/1863/1670 1667/1860/1667 1668/1861/1668
f 1671/1864/1671 1655/1845/1655 1660/1850/1660
f 1655/1845/1655 1671/1864/1671 1664/1856/1664
f 1672/1865/1672 1673/1866/1673 1671/1864/1671
f 1668/1861/1668 1664/1856/1664 1671/1864/1671
f 1674/1867/1674 1671/1864/1671 1663/1854/1663
f 1675/1868/1675 1670/1863/1670 1668/1861/1668
f 1669/1862/1669 1670/1863/1670 1675/1868/1675
f 1671/1864/1671 1674/1867/1674 1672/1865/1672
f 1673/1866/1673 1672/1865/1672 1675/1868/1675
f 1675/1868/1675 1672/1865/1672 1644/1869/1644
f 1658/1848/1658 1661/1851/1661 1671/1864/1671
f 1671/1864/1671 1673/1866/1673 1668/1861/1668
f 1668/1861/1668 1673/1866/1673 1675/1868/1675
f 1610/1789/1610 1599/1791/1599 1676/1855/1676
f 1599/1791/1599 1608/1811/1608 1676/1855/1676
f 1629/1813/1629 1628/1809/1628 1666/1859/1666
f 1676/1855/1676 1612/1793/1612 1610/1789/1610
f 1677/1870/1677 1644/1869/1644 1672/1865/1672
f 1669/1862/1669 1678/1871/1678 1679/1872/1679
f 1669/1862/1669 1675/1868/1675 1678/1871/1678
f 1608/1814/1608 1629/1813/1629 1679/1872/1679
f 1680/1873/1680 1608/1811/1608 1678/1874/1678
f 1678/1871/1678 1675/1868/1675 1680/1875/1680
f 1663/1854/1663 1671/1864/1671 1661/1851/1661
f 1676/1855/1676 1680/1873/1680 1643/1828/1643
f 1680/1873/1680 1676/1855/1676 1608/1811/1608
f 1644/1869/1644 1680/1875/1680 1675/1868/1675
f 1682/1876/1682 1616/1798/1616 1662/1852/1662
f 1615/1797/1615 1674/1867/1674 1663/1854/1663
f 1615/1797/1615 1616/1798/1616 1674/1867/1674
f 1616/1798/1616 1682/1876/1682 1674/1867/1674
f 1672/1865/1672 1674/1867/1674 1681/1877/1681
f 1674/1867/1674 1682/1876/1682 1681/1877/1681
f 1681/1877/1681 1654/1843/1654 1677/1870/1677
f 1681/1877/1681 1682/1876/1682 1662/1852/1662
f 1644/1869/1644 1677/1870/1677 1654/1843/1654
f 1654/1843/1654 1681/1877/1681 1662/1852/1662
f 1639/1853/1639 1654/1842/1654 1640/1826/1640
f 1681/1877/1681 1677/1870/1677 1672/1865/1672
f 870/965/870 1623/1821/1623 1639/1853/1639
f 1629/1813/1629 1666/1859/1666 1679/1872/1679
f 1665/1857/1665 1606/1786/1606 1676/1855/1676
f 1639/1853/1639 1642/1827/1642 1654/1842/1654
f 1641/1858/1641 1643/1828/1643 1623/1821/1623
f 1665/1857/1665 1643/1828/1643 1641/1858/1641
f 1665/1857/1665 1676/1855/1676 1643/1828/1643
f 1643/1828/1643 1680/1873/1680 1644/1829/1644
f 1669/1862/1669 1679/1872/1679 1666/1859/1666
f 1608/1811/1608 1679/1878/1679 1678/1874/1678
f 1641/1858/1641 1623/1821/1623 873/969/873
f 1644/1829/1644 1654/1842/1654 1642/1827/1642
f 1623/1821/1623 1643/1828/1643 1642/1827/1642
f 1623/1821/1623 1642/1827/1642 1639/1853/1639
f 873/969/873 852/252/852 1603/1787/1603
f 856/946/856 852/252/852 873/969/873
f 857/954/857 856/946/856 873/969/873
f 1641/1858/1641 873/969/873 1603/1787/1603
f 1490/1665/1490 1652/1838/1652 1650/1836/1650
f 872/970/872 870/965/870 1639/1853/1639
f 1596/1778/1596 1603/1787/1603 852/252/852
f 1490/1665/1490 1614/1796/1614 1489/1783/1489
f 1602/1782/1602 1601/1781/1601 1650/1836/1650
f 1600/1780/1600 1622/1804/1622 1601/1781/1601
f 643/731/643 808/887/808 1683/1879/1683
f 1684/1880/1684 1685/1881/1685 1686/1882/1686
f 798/896/798 1689/1883/1689 808/887/808
f 808/887/808 1689/1883/1689 1683/1879/1683
f 1687/1884/1687 621/700/621 638/722/638
f 1690/1885/1690 561/640/561 557/636/557
f 808/887/808 807/886/807 798/896/798
f 1684/1880/1684 1691/1886/1691 1688/1887/1688
f 1687/1884/1687 1685/1881/1685 1688/1887/1688
f 1685/1881/1685 1684/1880/1684 1688/1887/1688
f 557/636/557 639/726/639 1690/1885/1690
f 1692/1888/1692 1693/1889/1693 1694/1890/1694
f 1695/1891/1695 1696/1892/1696 1694/1890/1694
f 1684/1893/1684 1686/1894/1686 1697/1895/1697
f 1690/1885/1690 639/726/639 650/735/650
f 604/689/604 610/703/610 650/735/650
f 650/735/650 1698/1896/1698 1690/1885/1690
f 1690/1897/1690 1700/1898/1700 561/1899/561
f 1699/1900/1699 1690/1897/1690 1698/1901/1698
f 1699/1900/1699 1700/1898/1700 1690/1897/1690
f 1686/1894/1686 1702/1902/1702 1703/1903/1703
f 1701/1904/1701 1685/1881/1685 1687/1884/1687
f 478/548/478 475/1905/475 473/543/473
f 1704/1906/1704 1697/1895/1697 1705/1907/1705
f 1687/1884/1687 638/722/638 1701/1904/1701
f 480/555/480 473/543/473 475/1905/475
f 478/548/478 1706/1908/1706 475/1905/475
f 650/735/650 610/703/610 643/731/643
f 1694/1890/1694 1693/1889/1693 1709/1909/1709
f 1708/1910/1708 1686/1882/1686 679/765/679
f 1695/1911/1695 643/731/643 1683/1879/1683
f 643/731/643 1695/1911/1695 650/735/650
f 1695/1911/1695 1683/1879/1683 1707/1912/1707
f 1686/1882/1686 1708/1910/1708 1702/1913/1702
f 1685/1881/1685 1701/1904/1701 1686/1882/1686
f 478/548/478 447/520/447 1710/1914/1710
f 649/734/649 1711/1915/1711 1712/1916/1712
f 478/548/478 1710/1914/1710 1706/1908/1706
f 447/520/447 452/519/452 1710/1914/1710
f 1710/1917/1710 488/559/488 1706/1918/1706
f 1712/1916/1712 1705/1907/1705 649/734/649
f 1695/1911/1695 1698/1896/1698 650/735/650
f 1709/1909/1709 1713/1919/1713 1698/1901/1698
f 1695/1891/1695 1694/1890/1694 1709/1909/1709
f 1714/1920/1714 1713/1919/1713 1709/1909/1709
f 1698/1901/1698 1713/1919/1713 1699/1900/1699
f 1713/1919/1713 1700/1898/1700 1699/1900/1699
f 1709/1909/1709 1693/1889/1693 1714/1920/1714
f 1709/1909/1709 1698/1901/1698 1695/1891/1695
f 1706/1918/1706 488/559/488 475/545/475
f 1692/1888/1692 1711/1915/1711 1693/1889/1693
f 561/1899/561 648/733/648 652/737/652
f 564/647/564 561/1899/561 652/737/652
f 1700/1898/1700 648/733/648 561/1899/561
f 1713/1919/1713 648/733/648 1700/1898/1700
f 1704/1906/1704 1705/1907/1705 1712/1916/1712
f 1710/1917/1710 680/766/680 488/559/488
f 1716/1921/1716 452/519/452 1717/1922/1717
f 1716/1923/1716 680/766/680 1710/1917/1710
f 1716/1921/1716 1710/1914/1710 452/519/452
f 1718/1924/1718 1716/1921/1716 1719/1925/1719
f 1705/1907/1705 620/707/620 649/734/649
f 1718/1926/1718 680/766/680 1716/1923/1716
f 680/766/680 1715/1927/1715 658/743/658
f 634/718/634 620/707/620 1705/1907/1705
f 1718/1924/1718 1719/1925/1719 1720/1928/1720
f 1719/1925/1719 1716/1921/1716 1717/1922/1717
f 649/734/649 620/707/620 626/709/626
f 1715/1927/1715 680/766/680 1718/1926/1718
f 452/519/452 438/518/438 1717/1922/1717
f 659/744/659 661/746/661 1715/1927/1715
f 1719/1925/1719 1717/1922/1717 438/518/438
f 1719/1925/1719 438/518/438 1721/1929/1721
f 442/510/442 681/767/681 1721/1929/1721
f 1713/1919/1713 1714/1920/1714 645/729/645
f 1722/1930/1722 1721/1929/1721 681/767/681
f 438/518/438 466/536/466 1721/1929/1721
f 1720/1928/1720 1723/1931/1723 1724/1932/1724
f 1720/1928/1720 1719/1925/1719 1723/1931/1723
f 1719/1925/1719 1721/1929/1721 1723/1931/1723
f 1721/1929/1721 466/536/466 442/510/442
f 1722/1930/1722 1723/1931/1723 1721/1929/1721
f 1725/1933/1725 677/763/677 659/744/659
f 661/746/661 658/743/658 1715/1927/1715
f 1720/1928/1720 1715/1934/1715 1718/1924/1718
f 1715/1934/1715 1720/1928/1720 1724/1932/1724
f 1726/1935/1726 1724/1932/1724 683/769/683
f 1715/1927/1715 1725/1933/1725 659/744/659
f 1715/1934/1715 1724/1932/1724 1726/1935/1726
f 702/787/702 677/763/677 1725/1933/1725
f 1724/1932/1724 1723/1931/1723 1722/1930/1722
f 1726/1936/1726 1725/1933/1725 1715/1927/1715
f 683/769/683 1724/1932/1724 1722/1930/1722
f 1702/1913/1702 1725/1933/1725 1726/1936/1726
f 1727/1937/1727 1726/1935/1726 683/769/683
f 1693/1889/1693 649/734/649 1714/1920/1714
f 1726/1935/1726 1727/1937/1727 1702/1902/1702
f 649/734/649 1693/1889/1693 1711/1915/1711
f 1728/1938/1728 1704/1906/1704 1712/1916/1712
f 1701/1904/1701 679/765/679 1686/1882/1686
f 649/734/649 645/729/645 1714/1920/1714
f 645/729/645 648/733/648 1713/1919/1713
f 634/718/634 618/699/618 122/123/122
f 1729/1939/1729 1691/1886/1691 1730/1940/1730
f 1731/1941/1731 618/699/618 634/718/634
f 1725/1933/1725 1708/1910/1708 702/787/702
f 1732/1942/1732 1696/1943/1696 1729/1939/1729
f 1696/1943/1696 1707/1944/1707 1729/1939/1729
f 1708/1910/1708 1725/1933/1725 1702/1913/1702
f 1707/1912/1707 1696/1945/1696 1695/1911/1695
f 1694/1890/1694 1732/1946/1732 1692/1888/1692
f 1694/1890/1694 1696/1892/1696 1732/1946/1732
f 1708/1910/1708 679/765/679 702/787/702
f 1730/1947/1730 1692/1888/1692 1732/1946/1732
f 1732/1942/1732 1729/1939/1729 1730/1940/1730
f 1730/1947/1730 1728/1938/1728 1692/1888/1692
f 1728/1938/1728 1730/1947/1730 1684/1893/1684
f 1684/1880/1684 1730/1940/1730 1691/1886/1691
f 1707/1912/1707 1683/1879/1683 1689/1883/1689
f 1684/1893/1684 1697/1895/1697 1704/1906/1704
f 1684/1893/1684 1704/1906/1704 1728/1938/1728
f 1707/1944/1707 1689/1948/1689 1729/1939/1729
f 1689/1948/1689 1691/1886/1691 1729/1939/1729
f 1689/1948/1689 621/700/621 1691/1886/1691
f 1722/1930/1722 681/767/681 683/769/683
f 1688/1887/1688 621/700/621 1687/1884/1687
f 1701/1904/1701 638/722/638 679/765/679
f 1711/1915/1711 1692/1888/1692 1712/1916/1712
f 1712/1916/1712 1692/1888/1692 1728/1938/1728
f 1689/1948/1689 798/898/798 621/700/621
f 1697/1895/1697 1731/1941/1731 1705/1907/1705
f 611/694/611 618/699/618 683/769/683
f 1731/1941/1731 1727/1937/1727 683/769/683
f 1731/1941/1731 683/769/683 618/699/618
f 1703/1903/1703 1727/1937/1727 1733/1949/1733
f 1703/1903/1703 1702/1902/1702 1727/1937/1727
f 1697/1895/1697 1733/1949/1733 1731/1941/1731
f 1733/1949/1733 1727/1937/1727 1731/1941/1731
f 1705/1907/1705 1731/1941/1731 634/718/634
f 1703/1903/1703 1733/1949/1733 1697/1895/1697
f 1688/1887/1688 1691/1886/1691 621/700/621
f 1686/1894/1686 1703/1903/1703 1697/1895/1697
f 1734/1950/1734 1735/1951/1735 1736/1952/1736
f 1130/1264/1130 1748/1953/1748 1122/1262/1122
f 1739/1954/1739 1740/1955/1740 1741/1956/1741
f 1129/1263/1129 1122/1262/1122 1393/1573/1393
f 1741/1956/1741 1743/1957/1743 1739/1954/1739
f 1744/1958/1744 1745/1959/1745 1746/1960/1746
f 1744/1958/1744 1746/1960/1746 1736/1952/1736
f 1737/1961/1737 1743/1957/1743 1741/1956/1741
f 1734/1950/1734 1736/1952/1736 1746/1960/1746
f 1743/1957/1743 1737/1961/1737 1738/1962/1738
f 1749/1963/1749 1122/1262/1122 1748/1953/1748
f 1737/1961/1737 1740/1955/1740 1750/1964/1750
f 1740/1955/1740 1751/1965/1751 1750/1964/1750
f 1735/1951/1735 1734/1950/1734 1747/1966/1747
f 1751/1965/1751 1752/1967/1752 1750/1964/1750
f 1753/1968/1753 1752/1967/1752 1751/1965/1751
f 1751/1965/1751 1740/1955/1740 1754/1969/1754
f 1741/1956/1741 1740/1955/1740 1737/1961/1737
f 1753/1968/1753 1751/1965/1751 1756/1970/1756
f 1755/1971/1755 1757/1972/1757 1758/1973/1758
f 1755/1971/1755 1744/1958/1744 1759/1974/1759
f 1130/1264/1130 1759/1974/1759 1748/1953/1748
f 1744/1958/1744 1755/1971/1755 1745/1959/1745
f 1757/1972/1757 1125/1258/1125 1758/1973/1758
f 1187/1332/1187 1758/1973/1758 1125/1258/1125
f 1757/1972/1757 1130/1264/1130 1125/1258/1125
f 1734/1950/1734 1761/1975/1761 1747/1966/1747
f 1753/1968/1753 1760/1976/1760 1762/1977/1762
f 1763/1978/1763 1764/1979/1764 1760/1976/1760
f 1757/1972/1757 1755/1971/1755 1130/1264/1130
f 1765/1980/1765 1766/1981/1766 1767/1982/1767
f 1767/1982/1767 1763/1978/1763 1765/1980/1765
f 1766/1981/1766 1765/1980/1765 1768/1983/1768
f 1756/1970/1756 1760/1976/1760 1753/1968/1753
f 1769/1984/1769 1770/1985/1770 1771/1986/1771
f 1772/1987/1772 1773/1988/1773 1774/1989/1774
f 1769/1984/1769 1774/1989/1774 1775/1990/1775
f 1776/1991/1776 1771/1986/1771 1777/1992/1777
f 1769/1984/1769 1775/1990/1775 1770/1985/1770
f 1774/1989/1774 1773/1988/1773 1775/1990/1775
f 1173/1311/1173 1175/1313/1175 1187/1332/1187
f 1778/1993/1778 1779/1994/1779 1742/1995/1742
f 1175/1313/1175 1758/1973/1758 1187/1332/1187
f 1778/1993/1778 1780/1996/1780 1773/1997/1773
f 1781/1998/1781 1773/1997/1773 1772/1999/1772
f 1748/1953/1748 1759/1974/1759 1782/2000/1782
f 1778/1993/1778 1742/1995/1742 1738/1962/1738
f 1778/1993/1778 1773/1997/1773 1781/1998/1781
f 1778/1993/1778 1781/1998/1781 1779/1994/1779
f 1742/1995/1742 1739/1954/1739 1743/1957/1743
f 1759/1974/1759 1736/1952/1736 1782/2000/1782
f 1738/1962/1738 1742/1995/1742 1743/1957/1743
f 1769/1984/1769 1771/1986/1771 1776/1991/1776
f 1736/1952/1736 1759/1974/1759 1744/1958/1744
f 1775/1990/1775 1773/1988/1773 1780/2001/1780
f 1775/1990/1775 1783/2002/1783 1770/1985/1770
f 1738/1962/1738 1780/1996/1780 1778/1993/1778
f 1174/1312/1174 1855/2003/1855 1175/1313/1175
f 1786/2004/1786 1174/1312/1174 1146/1315/1146
f 1758/1973/1758 1175/1313/1175 1784/2005/1784
f 1787/2006/1787 1771/1986/1771 1770/1985/1770
f 1777/1992/1777 1771/1986/1771 1788/2007/1788
f 1771/1986/1771 1787/2006/1787 1788/2007/1788
f 1788/2007/1788 1789/2008/1789 1790/2009/1790
f 1790/2009/1790 1791/2010/1791 1792/2011/1792
f 1791/2010/1791 1793/2012/1793 1792/2011/1792
f 1789/2008/1789 1794/2013/1794 1791/2010/1791
f 1789/2008/1789 1791/2010/1791 1790/2009/1790
f 1795/2014/1795 1174/1312/1174 1786/2004/1786
f 1797/2015/1797 1795/2016/1795 1786/2017/1786
f 1174/1312/1174 1795/2014/1795 1855/2003/1855
f 1798/2018/1798 1799/2019/1799 1800/1279/1800
f 1801/2020/1801 1802/2021/1802 1803/2022/1803
f 1804/2023/1804 1797/2015/1797 1142/1277/1142
f 1142/1277/1142 1797/2015/1797 1786/2017/1786
f 1146/1282/1146 1142/1277/1142 1786/2017/1786
f 1796/2024/1796 1761/1975/1761 1734/1950/1734
f 1829/2025/1829 1795/2016/1795 1797/2015/1797
f 1805/2026/1805 1806/2027/1806 1807/2028/1807
f 1808/2029/1808 1809/2030/1809 1810/2031/1810
f 1804/2023/1804 1829/2025/1829 1797/2015/1797
f 1810/2031/1810 1809/2030/1809 1811/2032/1811
f 1806/2033/1806 1805/2034/1805 1813/2035/1813
f 1812/2036/1812 1798/2018/1798 1800/1279/1800
f 1142/1277/1142 1800/1279/1800 1804/2023/1804
f 1806/2027/1806 1810/2031/1810 1811/2032/1811
f 1806/2027/1806 1811/2032/1811 1807/2028/1807
f 1803/2022/1803 1808/2029/1808 1810/2031/1810
f 1803/2022/1803 1810/2031/1810 1806/2027/1806
f 1800/1279/1800 1799/2019/1799 1804/2023/1804
f 1761/1975/1761 1796/2024/1796 1785/2037/1785
f 1812/2036/1812 1815/2038/1815 1798/2018/1798
f 1815/2038/1815 1799/2019/1799 1798/2018/1798
f 1799/2019/1799 1815/2038/1815 1817/2039/1817
f 1785/2037/1785 1796/2024/1796 1820/2040/1820
f 1817/2039/1817 1821/2041/1821 1799/2019/1799
f 1818/2042/1818 1815/2038/1815 1819/2043/1819
f 1765/1980/1765 1763/1978/1763 1818/2042/1818
f 1817/2039/1817 1815/2038/1815 1818/2042/1818
f 1818/2042/1818 1763/1978/1763 1760/1976/1760
f 1765/1980/1765 1818/2042/1818 1822/2044/1822
f 1793/2012/1793 1791/2010/1791 1808/2029/1808
f 1130/1264/1130 1755/1971/1755 1759/1974/1759
f 1816/2045/1816 1820/2040/1820 1796/2024/1796
f 1793/2012/1793 1808/2029/1808 1803/2022/1803
f 1823/2046/1823 1824/2047/1824 1739/1954/1739
f 1754/1969/1754 1739/1954/1739 1825/2048/1825
f 1739/1954/1739 1754/1969/1754 1740/1955/1740
f 1816/2045/1816 1826/2049/1826 1820/2040/1820
f 1751/1965/1751 1754/1969/1754 1825/2048/1825
f 1825/2048/1825 1827/2050/1827 1751/1965/1751
f 1756/1970/1756 1751/1965/1751 1827/2050/1827
f 1793/2012/1793 1803/2022/1803 1802/2021/1802
f 1828/2051/1828 1825/2048/1825 1824/2047/1824
f 1825/2048/1825 1739/1954/1739 1824/2047/1824
f 1828/2051/1828 1829/2025/1829 1825/2048/1825
f 1824/2052/1824 1830/2053/1830 1828/2054/1828
f 1825/2048/1825 1829/2025/1829 1831/2055/1831
f 1825/2048/1825 1831/2055/1831 1827/2050/1827
f 1817/2039/1817 1760/1976/1760 1756/1970/1756
f 1817/2039/1817 1818/2042/1818 1760/1976/1760
f 1817/2039/1817 1831/2055/1831 1821/2041/1821
f 1804/2023/1804 1831/2055/1831 1829/2025/1829
f 1831/2055/1831 1804/2023/1804 1821/2041/1821
f 1828/2051/1828 1795/2016/1795 1829/2025/1829
f 1830/2053/1830 1795/2014/1795 1828/2054/1828
f 1831/2055/1831 1756/1970/1756 1827/2050/1827
f 1817/2039/1817 1756/1970/1756 1831/2055/1831
f 1832/2056/1832 1774/1989/1774 1833/2057/1833
f 1774/1989/1774 1832/2056/1832 1772/1987/1772
f 1774/1989/1774 1769/1984/1769 1776/1991/1776
f 1777/1992/1777 1834/2058/1834 1776/1991/1776
f 1833/2057/1833 1774/1989/1774 1776/1991/1776
f 1833/2057/1833 1834/2058/1834 1835/2059/1835
f 1833/2057/1833 1776/1991/1776 1834/2058/1834
f 1739/1954/1739 1742/1995/1742 1823/2046/1823
f 1823/2046/1823 1742/1995/1742 1836/2060/1836
f 1779/1994/1779 1837/2061/1837 1838/2062/1838
f 1799/2019/1799 1821/2041/1821 1804/2023/1804
f 1781/1998/1781 1772/1999/1772 1837/2061/1837
f 1839/2063/1839 1837/2064/1837 1833/2065/1833
f 1832/2066/1832 1833/2067/1833 1837/2061/1837
f 1772/1999/1772 1832/2066/1832 1837/2061/1837
f 1840/2068/1840 1838/2062/1838 1837/2061/1837
f 1779/1994/1779 1781/1998/1781 1837/2061/1837
f 1839/2063/1839 1833/2065/1833 1835/2069/1835
f 1842/2070/1842 1788/2007/1788 1790/2009/1790
f 1840/2071/1840 1839/2063/1839 1841/2072/1841
f 1790/2009/1790 1843/2073/1843 1842/2070/1842
f 1788/2007/1788 1844/2074/1844 1777/1992/1777
f 1844/2074/1844 1842/2070/1842 1834/2058/1834
f 1834/2058/1834 1777/1992/1777 1844/2074/1844
f 1844/2074/1844 1788/2007/1788 1842/2070/1842
f 1839/2063/1839 1840/2071/1840 1837/2064/1837
f 1742/1995/1742 1838/2062/1838 1836/2060/1836
f 1742/1995/1742 1779/1994/1779 1838/2062/1838
f 1843/2075/1843 1845/2076/1845 1842/2077/1842
f 1842/2077/1842 1845/2076/1845 1834/2078/1834
f 1793/2012/1793 1843/2073/1843 1792/2011/1792
f 1793/2012/1793 1802/2021/1802 1816/2079/1816
f 1843/2073/1843 1793/2012/1793 1816/2079/1816
f 1792/2011/1792 1843/2073/1843 1790/2009/1790
f 1796/2024/1796 1845/2076/1845 1843/2075/1843
f 1839/2063/1839 1835/2069/1835 1834/2078/1834
f 1845/2076/1845 1839/2063/1839 1834/2078/1834
f 1846/2080/1846 1839/2063/1839 1845/2076/1845
f 1816/2045/1816 1796/2024/1796 1843/2075/1843
f 1845/2076/1845 1796/2024/1796 1734/1950/1734
f 1823/2081/1823 1848/2082/1848 1849/2083/1849
f 1838/2062/1838 1840/2068/1840 1836/2060/1836
f 1849/2083/1849 1824/2052/1824 1823/2081/1823
f 1840/2068/1840 1848/2084/1848 1836/2060/1836
f 1849/2083/1849 1850/2085/1850 1830/2053/1830
f 1848/2082/1848 1851/2086/1851 1850/2085/1850
f 1848/2082/1848 1850/2085/1850 1849/2083/1849
f 1848/2084/1848 1823/2046/1823 1836/2060/1836
f 1849/2083/1849 1830/2053/1830 1824/2052/1824
f 1851/2086/1851 1848/2082/1848 1840/2071/1840
f 1841/2072/1841 1851/2086/1851 1840/2071/1840
f 1852/2087/1852 1851/2086/1851 1841/2072/1841
f 1853/2088/1853 1830/2053/1830 1854/2089/1854
f 1830/2053/1830 1850/2085/1850 1854/2089/1854
f 1853/2088/1853 1854/2089/1854 1855/2003/1855
f 1830/2053/1830 1853/2088/1853 1795/2014/1795
f 1854/2089/1854 1850/2085/1850 1851/2086/1851
f 1795/2014/1795 1853/2088/1853 1855/2003/1855
f 1854/2089/1854 1851/2086/1851 1856/2090/1856
f 1784/2005/1784 1851/2086/1851 1852/2087/1852
f 1856/2090/1856 1855/2003/1855 1854/2089/1854
f 1784/2005/1784 1856/2090/1856 1851/2086/1851
f 1855/2003/1855 1856/2090/1856 1784/2005/1784
f 1841/2072/1841 1839/2063/1839 1846/2080/1846
f 1855/2003/1855 1784/2005/1784 1175/1313/1175
f 1847/2091/1847 1846/2080/1846 1845/2076/1845
f 1846/2080/1846 1852/2087/1852 1841/2072/1841
f 1746/1960/1746 1846/2080/1846 1847/2091/1847
f 1852/2087/1852 1846/2080/1846 1746/1960/1746
f 1734/1950/1734 1746/1960/1746 1847/2091/1847
f 1845/2076/1845 1734/1950/1734 1847/2091/1847
f 1784/2005/1784 1852/2087/1852 1758/1973/1758
f 1852/2087/1852 1745/1959/1745 1758/1973/1758
f 1806/2027/1806 1801/2020/1801 1803/2022/1803
f 1746/1960/1746 1745/1959/1745 1852/2087/1852
f 1758/1973/1758 1745/1959/1745 1755/1971/1755
f 1813/2035/1813 1814/2092/1814 1806/2033/1806
f 1801/2093/1801 1806/2033/1806 1814/2092/1814
f 1826/2094/1826 1801/2093/1801 1814/2092/1814
f 1826/2049/1826 1816/2045/1816 1802/2095/1802
f 1802/2096/1802 1801/2093/1801 1826/2094/1826
f 1814/2097/1814 1820/2040/1820 1826/2049/1826
f 1857/2098/1857 1814/2092/1814 1813/2035/1813
f 1822/2044/1822 1858/2099/1858 1765/1980/1765
f 1765/1980/1765 1858/2099/1858 1768/1983/1768
f 1859/2100/1859 1860/2101/1860 1861/2102/1861
f 1862/2103/1862 1860/2101/1860 1863/2104/1863
f 1864/2105/1864 1861/2102/1861 1860/2101/1860
f 1822/2044/1822 1818/2042/1818 1819/2043/1819
f 1862/2103/1862 1865/2106/1865 1860/2101/1860
f 1862/2103/1862 1863/2104/1863 1866/2107/1866
f 1863/2104/1863 1867/2108/1867 1866/2107/1866
f 1868/2109/1868 1869/2110/1869 1870/2111/1870
f 1768/1983/1768 1858/2099/1858 1871/2112/1871
f 1865/2106/1865 1864/2105/1864 1860/2101/1860
f 1863/2104/1863 1860/2101/1860 1859/2100/1859
f 1871/2112/1871 1872/2113/1872 1868/2109/1868
f 1873/2114/1873 1872/2113/1872 1871/2112/1871
f 1874/2115/1874 1861/2102/1861 1875/2116/1875
f 1871/2112/1871 1868/2109/1868 1768/1983/1768
f 1876/2117/1876 1863/2104/1863 1877/2118/1877
f 1863/2104/1863 1859/2100/1859 1877/2118/1877
f 1878/2119/1878 1879/2120/1879 1880/2121/1880
f 1859/2100/1859 1861/2102/1861 1874/2115/1874
f 1859/2100/1859 1874/2115/1874 1877/2118/1877
f 1881/2122/1881 1869/2110/1869 1868/2109/1868
f 1881/2122/1881 1880/2121/1880 1869/2110/1869
f 1872/2113/1872 1877/2123/1877 1881/2122/1881
f 1874/2115/1874 1880/2124/1880 1881/2125/1881
f 1879/2120/1879 1869/2110/1869 1880/2121/1880
f 1880/2124/1880 1874/2115/1874 1875/2116/1875
f 1880/2121/1880 1882/2126/1882 1878/2119/1878
f 1876/2117/1876 1867/2108/1867 1863/2104/1863
f 1874/2115/1874 1881/2125/1881 1877/2118/1877
f 1768/1983/1768 1868/2109/1868 1766/1981/1766
f 1872/2113/1872 1873/2114/1873 1883/2127/1883
f 1876/2128/1876 1872/2113/1872 1883/2127/1883
f 1876/2128/1876 1877/2123/1877 1872/2113/1872
f 1868/2109/1868 1872/2113/1872 1881/2122/1881
f 1439/1622/1439 1884/2129/1884 1519/1696/1519
f 1439/1622/1439 1519/1696/1519 1448/1623/1448
f 1497/1681/1497 1504/1683/1504 1885/2130/1885
f 1497/1681/1497 1885/2130/1885 1887/2131/1887
f 1439/1622/1439 1438/1619/1438 1888/2132/1888
f 1888/2132/1888 1884/2129/1884 1439/1622/1439
f 1438/1619/1438 1437/1611/1437 1888/2132/1888
f 1887/2131/1887 1885/2130/1885 1889/2133/1889
f 1890/2134/1890 1805/2034/1805 1891/2135/1891
f 1437/1611/1437 1435/1612/1435 1888/2132/1888
f 1440/1613/1440 1437/1611/1437 1438/1619/1438
f 1494/1672/1494 1497/1681/1497 1887/2131/1887
f 1888/2132/1888 1435/1612/1435 1893/2136/1893
f 1888/2132/1888 1893/2136/1893 1884/2129/1884
f 1895/2137/1895 1435/1612/1435 1894/2138/1894
f 1435/1612/1435 1895/2137/1895 1893/2136/1893
f 1805/2034/1805 1890/2134/1890 1813/2035/1813
f 1896/2139/1896 1897/2140/1897 1898/2141/1898
f 1504/1683/1504 1886/2142/1886 1885/2130/1885
f 1393/1573/1393 1899/2143/1899 1399/1574/1399
f 1900/2144/1900 1435/1612/1435 1402/1577/1402
f 1402/1577/1402 1902/2145/1902 1900/2144/1900
f 1412/1587/1412 1402/1577/1402 1435/1612/1435
f 1900/2144/1900 1894/2138/1894 1435/1612/1435
f 1890/2134/1890 1904/2146/1904 1905/2147/1905
f 1813/2035/1813 1905/2147/1905 1857/2098/1857
f 1902/2145/1902 1897/2140/1897 1900/2144/1900
f 1399/1574/1399 1906/2148/1906 1400/1575/1400
f 1896/2139/1896 1895/2137/1895 1894/2138/1894
f 1907/2149/1907 1892/2150/1892 1901/2151/1901
f 1890/2134/1890 1905/2147/1905 1813/2035/1813
f 1907/2149/1907 1482/1658/1482 1892/2150/1892
f 1492/1673/1492 1494/1672/1494 1892/2152/1892
f 1892/2152/1892 1494/1672/1494 1887/2131/1887
f 1894/2138/1894 1900/2144/1900 1897/2140/1897
f 1908/2153/1908 1909/2154/1909 1904/2146/1904
f 1911/2155/1911 1904/2146/1904 1909/2154/1909
f 1896/2139/1896 1894/2138/1894 1897/2140/1897
f 1912/2156/1912 1904/2146/1904 1911/2155/1911
f 1122/1262/1122 1749/1963/1749 1393/1573/1393
f 1402/1577/1402 1401/1576/1401 1902/2145/1902
f 1400/1575/1400 1906/2148/1906 1902/2145/1902
f 1898/2141/1898 1902/2145/1902 1906/2148/1906
f 1892/2150/1892 1482/1658/1482 1492/1667/1492
f 1906/2148/1906 1399/1574/1399 1899/2143/1899
f 1400/1575/1400 1902/2145/1902 1401/1576/1401
f 1899/2143/1899 1913/2157/1913 1906/2148/1906
f 1906/2148/1906 1913/2157/1913 1898/2141/1898
f 1902/2145/1902 1898/2141/1898 1897/2140/1897
f 1393/1573/1393 1749/1963/1749 1899/2143/1899
f 1749/1963/1749 1913/2157/1913 1899/2143/1899
f 1914/2158/1914 1901/2151/1901 1910/2159/1910
f 1911/2155/1911 1915/2160/1915 1912/2156/1912
f 1907/2149/1907 1901/2151/1901 1484/1660/1484
f 1912/2156/1912 1915/2160/1915 1918/2161/1918
f 1919/2162/1919 1920/2163/1920 1921/2164/1921
f 1921/2164/1921 1915/2160/1915 1919/2162/1919
f 1749/1963/1749 1748/1953/1748 1913/2157/1913
f 1924/2165/1924 1918/2161/1918 1915/2160/1915
f 1921/2164/1921 1924/2165/1924 1915/2160/1915
f 1925/2166/1925 1913/2157/1913 1748/1953/1748
f 1926/2167/1926 1922/2168/1922 1917/2169/1917
f 1484/1660/1484 1901/2151/1901 1914/2158/1914
f 1927/2170/1927 1513/1691/1513 1519/1696/1519
f 1927/2170/1927 1928/2171/1928 1513/1691/1513
f 1903/2172/1903 1929/2173/1929 1885/2130/1885
f 1930/2174/1930 1885/2130/1885 1929/2173/1929
f 1927/2170/1927 1519/1696/1519 1884/2129/1884
f 1907/2149/1907 1484/1660/1484 1482/1658/1482
f 1932/2175/1932 1934/2176/1934 1920/2163/1920
f 1932/2175/1932 1931/2177/1931 1934/2176/1934
f 1935/2178/1935 1921/2164/1921 1920/2163/1920
f 1935/2178/1935 1920/2163/1920 1934/2176/1934
f 1504/1683/1504 1507/1685/1507 1936/2179/1936
f 1936/2179/1936 1513/1691/1513 1928/2171/1928
f 1937/2180/1937 1928/2171/1928 1938/2181/1938
f 1936/2179/1936 1937/2180/1937 1886/2142/1886
f 1513/1691/1513 1936/2179/1936 1508/1687/1508
f 1936/2179/1936 1507/1685/1507 1508/1687/1508
f 1504/1683/1504 1936/2179/1936 1886/2142/1886
f 1889/2133/1889 1930/2174/1930 1939/2182/1939
f 1936/2179/1936 1928/2171/1928 1937/2180/1937
f 1933/2183/1933 1927/2170/1927 1884/2129/1884
f 1940/2184/1940 1941/2185/1941 1942/2186/1942
f 1893/2136/1893 1933/2183/1933 1884/2129/1884
f 1927/2170/1927 1943/2187/1943 1928/2171/1928
f 1933/2183/1933 1943/2187/1943 1927/2170/1927
f 1940/2184/1940 1944/2188/1944 1945/2189/1945
f 1942/2186/1942 1941/2185/1941 1943/2187/1943
f 1933/2183/1933 1942/2186/1942 1943/2187/1943
f 1942/2186/1942 1933/2183/1933 1893/2136/1893
f 1941/2185/1941 1938/2181/1938 1943/2187/1943
f 1916/2190/1916 1947/2191/1947 1939/2182/1939
f 1905/2147/1905 1948/2192/1948 1857/2098/1857
f 1885/2130/1885 1930/2174/1930 1889/2133/1889
f 1949/2193/1949 1942/2186/1942 1893/2136/1893
f 1905/2147/1905 1950/2194/1950 1948/2192/1948
f 1893/2136/1893 1895/2137/1895 1949/2193/1949
f 1905/2147/1905 1951/2195/1951 1952/2196/1952
f 1814/2092/1814 1857/2098/1857 1953/2197/1953
f 1953/2197/1953 1857/2098/1857 1948/2192/1948
f 1952/2196/1952 1950/2194/1950 1905/2147/1905
f 1951/2195/1951 1905/2147/1905 1904/2146/1904
f 1951/2195/1951 1955/2198/1955 1952/2196/1952
f 1955/2198/1955 1951/2195/1951 1904/2146/1904
f 1952/2196/1952 1955/2198/1955 1954/2199/1954
f 1912/2156/1912 1955/2198/1955 1904/2146/1904
f 1957/2200/1957 1958/2201/1958 1955/2198/1955
f 1955/2198/1955 1958/2201/1958 1954/2199/1954
f 1956/2202/1956 1918/2161/1918 1957/2200/1957
f 1918/2161/1918 1956/2202/1956 1912/2156/1912
f 1955/2198/1955 1912/2156/1912 1956/2202/1956
f 1918/2161/1918 1914/2158/1914 1957/2200/1957
f 1955/2198/1955 1956/2202/1956 1957/2200/1957
f 1924/2165/1924 1921/2164/1921 1935/2178/1935
f 1934/2176/1934 1483/1659/1483 1484/1660/1484
f 1935/2178/1935 1934/2176/1934 1914/2158/1914
f 1934/2176/1934 1484/1660/1484 1914/2158/1914
f 1949/2193/1949 1895/2137/1895 1959/2203/1959
f 1942/2186/1942 1949/2193/1949 1940/2184/1940
f 1944/2188/1944 1940/2184/1940 1949/2193/1949
f 1918/2161/1918 1924/2165/1924 1914/2158/1914
f 1938/2181/1938 1941/2185/1941 1946/2204/1946
f 1928/2171/1928 1943/2187/1943 1938/2181/1938
f 1940/2184/1940 1946/2204/1946 1941/2185/1941
f 1946/2204/1946 1937/2180/1937 1938/2181/1938
f 1948/2192/1948 1960/2205/1960 1953/2197/1953
f 1820/2040/1820 1814/2097/1814 1953/2206/1953
f 1960/2207/1960 1820/2040/1820 1953/2206/1953
f 1935/2178/1935 1914/2158/1914 1924/2165/1924
f 1937/2180/1937 1946/2204/1946 1929/2173/1929
f 1960/2207/1960 1785/2037/1785 1820/2040/1820
f 1785/2037/1785 1960/2207/1960 1961/2208/1961
f 1917/2169/1917 1923/2209/1923 1962/2210/1962
f 1946/2204/1946 1940/2184/1940 1929/2173/1929
f 1937/2180/1937 1903/2172/1903 1886/2142/1886
f 1940/2184/1940 1945/2189/1945 1963/2211/1963
f 1886/2142/1886 1903/2172/1903 1885/2130/1885
f 1947/2191/1947 1889/2133/1889 1939/2182/1939
f 1960/2205/1960 1948/2192/1948 1950/2194/1950
f 1961/2212/1961 1950/2194/1950 1954/2199/1954
f 1952/2196/1952 1954/2199/1954 1950/2194/1950
f 1960/2205/1960 1950/2194/1950 1961/2212/1961
f 1964/2213/1964 1958/2201/1958 1957/2200/1957
f 1903/2172/1903 1937/2180/1937 1929/2173/1929
f 1940/2184/1940 1963/2211/1963 1926/2167/1926
f 1954/2199/1954 1958/2201/1958 1961/2212/1961
f 1785/2037/1785 1961/2208/1961 1965/2214/1965
f 1916/2190/1916 1958/2215/1958 1964/2216/1964
f 1916/2190/1916 1965/2214/1965 1961/2208/1961
f 1916/2190/1916 1962/2210/1962 1965/2214/1965
f 1916/2190/1916 1961/2208/1961 1958/2215/1958
f 1761/1975/1761 1966/2217/1966 1747/1966/1747
f 1966/2217/1966 1923/2209/1923 1747/1966/1747
f 1965/2214/1965 1966/2217/1966 1761/1975/1761
f 1966/2217/1966 1962/2210/1962 1923/2209/1923
f 1962/2210/1962 1916/2190/1916 1917/2169/1917
f 1785/2037/1785 1965/2214/1965 1761/1975/1761
f 1930/2174/1930 1926/2167/1926 1917/2169/1917
f 1966/2217/1966 1965/2214/1965 1962/2210/1962
f 1926/2167/1926 1929/2173/1929 1940/2184/1940
f 1939/2182/1939 1930/2174/1930 1917/2169/1917
f 1923/2209/1923 1917/2169/1917 1922/2168/1922
f 1747/1966/1747 1967/2218/1967 1735/1951/1735
f 1916/2190/1916 1939/2182/1939 1917/2169/1917
f 1926/2167/1926 1930/2174/1930 1929/2173/1929
f 1922/2168/1922 1963/2211/1963 1945/2189/1945
f 1968/2219/1968 1782/2000/1782 1736/1952/1736
f 1968/2219/1968 1735/1951/1735 1967/2218/1967
f 1736/1952/1736 1735/1951/1735 1968/2219/1968
f 1925/2166/1925 1782/2000/1782 1968/2219/1968
f 1969/2220/1969 1968/2219/1968 1967/2218/1967
f 1747/1966/1747 1923/2209/1923 1970/2221/1970
f 1923/2209/1923 1971/2222/1971 1970/2221/1970
f 1922/2168/1922 1971/2222/1971 1923/2209/1923
f 1971/2222/1971 1922/2168/1922 1945/2189/1945
f 1747/1966/1747 1970/2221/1970 1967/2218/1967
f 1972/2223/1972 1971/2222/1971 1945/2189/1945
f 1970/2221/1970 1971/2222/1971 1972/2223/1972
f 1970/2221/1970 1969/2220/1969 1967/2218/1967
f 1922/2168/1922 1926/2167/1926 1963/2211/1963
f 1944/2188/1944 1973/2224/1973 1972/2223/1972
f 1972/2223/1972 1945/2189/1945 1944/2188/1944
f 1972/2223/1972 1973/2224/1973 1970/2221/1970
f 1782/2000/1782 1925/2166/1925 1748/1953/1748
f 1944/2188/1944 1959/2203/1959 1973/2224/1973
f 1925/2166/1925 1968/2219/1968 1913/2157/1913
f 1968/2219/1968 1969/2220/1969 1913/2157/1913
f 1969/2220/1969 1974/2225/1974 1898/2141/1898
f 1974/2225/1974 1969/2220/1969 1970/2221/1970
f 1969/2220/1969 1898/2141/1898 1913/2157/1913
f 1973/2224/1973 1959/2203/1959 1896/2139/1896
f 1896/2139/1896 1898/2141/1898 1974/2225/1974
f 1970/2221/1970 1973/2224/1973 1974/2225/1974
f 1895/2137/1895 1896/2139/1896 1959/2203/1959
f 1959/2203/1959 1944/2188/1944 1949/2193/1949
f 1914/2158/1914 1964/2213/1964 1957/2200/1957
f 1964/2216/1964 1910/2226/1910 1916/2190/1916
f 1914/2158/1914 1910/2159/1910 1964/2213/1964
f 1916/2190/1916 1910/2226/1910 1947/2191/1947
f 1973/2224/1973 1896/2139/1896 1974/2225/1974
f 1947/2191/1947 1892/2152/1892 1887/2131/1887
f 1887/2131/1887 1889/2133/1889 1947/2191/1947
f 1910/2226/1910 1901/2227/1901 1892/2152/1892
f 1892/2152/1892 1947/2191/1947 1910/2226/1910
f 947/1044/947 1051/1174/1051 1975/2228/1975
f 1976/1199/1976 1978/2229/1978 1977/2230/1977
f 1979/2231/1979 1980/2232/1980 1978/2229/1978
f 1979/2231/1979 1978/2229/1978 1976/1199/1976
f 1062/1181/1062 1984/2233/1984 1051/1174/1051
f 1071/1200/1071 1060/1193/1060 1985/2234/1985
f 1987/2235/1987 1988/2236/1988 1875/2116/1875
f 1991/2237/1991 1989/2238/1989 1992/2239/1992
f 1989/2238/1989 1991/2237/1991 1984/2233/1984
f 1994/2240/1994 1988/2236/1988 1987/2235/1987
f 1993/2241/1993 1991/2237/1991 1992/2239/1992
f 1995/2242/1995 1990/2243/1990 1750/2244/1750
f 1992/2239/1992 1994/2240/1994 1987/2235/1987
f 1750/2244/1750 1990/2243/1990 1738/2245/1738
f 1996/2246/1996 1988/2236/1988 1990/2243/1990
f 1996/2246/1996 1990/2243/1990 1995/2242/1995
f 1996/2247/1996 1995/2248/1995 1762/1977/1762
f 1996/2247/1996 1762/1977/1762 1764/1979/1764
f 1981/2249/1981 1062/1181/1062 1055/1173/1055
f 1995/2248/1995 1752/1967/1752 1762/1977/1762
f 1762/1977/1762 1752/1967/1752 1753/1968/1753
f 1737/2250/1737 1750/2244/1750 1738/2245/1738
f 1989/2238/1989 1994/2240/1994 1992/2239/1992
f 1983/2251/1983 1997/2252/1997 1986/2253/1986
f 948/1045/948 947/1044/947 1975/2228/1975
f 1998/2254/1998 1999/2255/1999 2000/2256/2000
f 1982/2257/1982 1985/2258/1985 1060/2259/1060
f 1984/2233/1984 1062/1181/1062 1981/2249/1981
f 1752/2260/1752 1995/2242/1995 1750/2244/1750
f 1988/2236/1988 1882/2261/1882 1880/2124/1880
f 1985/2258/1985 1982/2257/1982 1983/2251/1983
f 2001/2262/2001 2002/2263/2002 1991/2237/1991
f 1762/1977/1762 1760/1976/1760 1764/1979/1764
f 1878/2119/1878 1996/2247/1996 1764/1979/1764
f 1882/2261/1882 1988/2236/1988 1996/2246/1996
f 1996/2247/1996 1878/2119/1878 1882/2126/1882
f 1975/2228/1975 1051/1174/1051 1984/2233/1984
f 1809/2030/1809 1808/2029/1808 2004/2264/2004
f 2002/2263/2002 1975/2228/1975 1984/2233/1984
f 1880/2124/1880 1875/2116/1875 1988/2236/1988
f 1989/2238/1989 1990/2243/1990 1994/2240/1994
f 1975/2228/1975 986/1086/986 948/1045/948
f 1764/1979/1764 1763/1978/1763 1767/1982/1767
f 1878/2119/1878 1764/1979/1764 1767/1982/1767
f 1879/2120/1879 1878/2119/1878 1766/1981/1766
f 1975/2228/1975 2002/2263/2002 2001/2262/2001
f 2001/2262/2001 986/1086/986 1975/2228/1975
f 1994/2240/1994 1990/2243/1990 1988/2236/1988
f 2006/2265/2006 2005/2266/2005 2007/2267/2007
f 2006/2265/2006 2013/2268/2013 2008/2269/2008
f 2006/2265/2006 2007/2267/2007 2019/2270/2019
f 2009/2271/2009 2019/2270/2019 2007/2267/2007
f 1053/1171/1053 1062/1181/1062 1051/1174/1051
f 1870/2111/1870 1766/1981/1766 1868/2109/1868
f 1766/1981/1766 1870/2111/1870 1879/2120/1879
f 2010/2272/2010 2011/2273/2011 2008/2269/2008
f 1783/2002/1783 2010/2272/2010 2012/2274/2012
f 2013/2268/2013 2012/2274/2012 2010/2272/2010
f 2010/2272/2010 2008/2269/2008 2013/2268/2013
f 1987/2235/1987 1864/2105/1864 1993/2241/1993
f 2010/2272/2010 1780/2001/1780 1738/2245/1738
f 1993/2241/1993 986/1086/986 2001/2262/2001
f 1991/2237/1991 1993/2241/1993 2001/2262/2001
f 1069/1195/1069 1986/2253/1986 1979/2231/1979
f 1780/2001/1780 2010/2272/2010 1783/2002/1783
f 1780/2001/1780 1783/2002/1783 1775/1990/1775
f 2014/2275/2014 2015/2276/2015 2016/2277/2016
f 1987/2235/1987 1993/2241/1993 1992/2239/1992
f 1808/2029/1808 1791/2010/1791 2004/2264/2004
f 1794/2013/1794 2017/2278/2017 1999/2255/1999
f 2017/2278/2017 2014/2275/2014 2016/2277/2016
f 1791/2010/1791 1999/2255/1999 2004/2264/2004
f 1069/1195/1069 1979/2231/1979 1976/1199/1976
f 1770/1985/1770 1783/2002/1783 2014/2275/2014
f 2017/2278/2017 2016/2277/2016 1999/2255/1999
f 1787/2006/1787 2014/2275/2014 1788/2007/1788
f 2000/2256/2000 1999/2255/1999 2016/2277/2016
f 1770/1985/1770 2014/2275/2014 1787/2006/1787
f 1999/2255/1999 1791/2010/1791 1794/2013/1794
f 1766/1981/1766 1878/2119/1878 1767/1982/1767
f 2014/2275/2014 1789/2008/1789 1788/2007/1788
f 1999/2255/1999 1998/2254/1998 2004/2264/2004
f 1789/2008/1789 2014/2275/2014 2017/2278/2017
f 1993/2241/1993 1864/2105/1864 1865/2106/1865
f 1069/1195/1069 1985/2258/1985 1983/2251/1983
f 1987/2235/1987 1875/2116/1875 1864/2105/1864
f 2017/2278/2017 1794/2013/1794 1789/2008/1789
f 1864/2105/1864 1875/2116/1875 1861/2102/1861
f 1783/2002/1783 2012/2274/2012 2014/2275/2014
f 2014/2275/2014 2012/2274/2012 2015/2276/2015
f 2019/2270/2019 2009/2271/2009 2012/2274/2012
f 2016/2277/2016 2009/2271/2009 2007/2267/2007
f 2019/2270/2019 2013/2268/2013 2006/2265/2006
f 2019/2270/2019 2012/2274/2012 2013/2268/2013
f 2015/2276/2015 2012/2274/2012 2009/2271/2009
f 2020/2279/2020 1981/2249/1981 2011/2273/2011
f 2015/2276/2015 2009/2271/2009 2016/2277/2016
f 1055/1173/1055 1976/1199/1976 1981/2249/1981
f 2021/2280/2021 2011/2273/2011 1981/2249/1981
f 2020/2279/2020 1990/2243/1990 1984/2233/1984
f 1981/2249/1981 2020/2279/2020 1984/2233/1984
f 1984/2233/1984 1990/2243/1990 1989/2238/1989
f 2018/2281/2018 2007/2267/2007 2005/2266/2005
f 1978/2229/1978 2008/2269/2008 1977/2230/1977
f 1991/2237/1991 2002/2263/2002 1984/2233/1984
f 2006/2265/2006 2008/2269/2008 1978/2229/1978
f 2005/2266/2005 1978/2229/1978 2003/2282/2003
f 2008/2269/2008 2011/2273/2011 1977/2230/1977
f 1978/2229/1978 2005/2266/2005 2006/2265/2006
f 1977/2230/1977 2021/2280/2021 1976/1199/1976
f 1977/2230/1977 2011/2273/2011 2021/2280/2021
f 2021/2280/2021 1981/2249/1981 1976/1199/1976
f 1738/2245/1738 2020/2279/2020 2011/2273/2011
f 2020/2279/2020 1738/2245/1738 1990/2243/1990
f 2010/2272/2010 1738/2245/1738 2011/2273/2011
f 986/1086/986 989/2283/989 987/1087/987
f 1865/2106/1865 989/2283/989 1993/2241/1993
f 1985/2258/1985 1069/1195/1069 1071/1197/1071
f 1983/2251/1983 1986/2253/1986 1069/1195/1069
f 2016/2277/2016 2007/2267/2007 2000/2256/2000
f 1065/1186/1065 1976/1199/1976 1055/1173/1055
f 1993/2241/1993 989/2283/989 986/1086/986
f 1978/2229/1978 1980/2232/1980 2102/2284/2102
f 2003/2282/2003 1978/2229/1978 2102/2284/2102
f 1069/1195/1069 1976/1199/1976 1072/1198/1072
f 1980/2232/1980 1979/2231/1979 2022/2285/2022
f 1997/2252/1997 2022/2285/2022 1979/2231/1979
f 1997/2252/1997 1979/2231/1979 1986/2253/1986
f 1879/2120/1879 1870/2111/1870 1869/2110/1869
f 2003/2282/2003 2018/2281/2018 2005/2266/2005
f 2023/2286/2023 2024/2287/2024 2025/2288/2025
f 1293/1446/1293 1305/1461/1305 2025/2288/2025
f 2026/2289/2026 1293/1446/1293 2025/2288/2025
f 1293/1446/1293 1306/1462/1306 1305/1461/1305
f 2025/2288/2025 2028/2290/2028 2029/2291/2029
f 2030/2292/2030 2025/2288/2025 1305/1461/1305
f 1294/1447/1294 2031/2293/2031 1289/1444/1289
f 1294/1447/1294 1293/1446/1293 2026/2289/2026
f 2023/2286/2023 2027/2294/2027 2024/2287/2024
f 2031/2293/2031 2024/2287/2024 2027/2294/2027
f 2024/2287/2024 2026/2289/2026 2025/2288/2025
f 1294/1447/1294 2024/2287/2024 2031/2293/2031
f 1294/1447/1294 1289/1444/1289 1292/1443/1292
f 2031/2293/2031 2032/2295/2032 1289/1444/1289
f 1257/1407/1257 1289/1444/1289 2033/2296/2033
f 2024/2287/2024 1294/1447/1294 2026/2289/2026
f 1289/1444/1289 2032/2295/2032 2034/2297/2034
f 1289/1444/1289 2034/2297/2034 2033/2296/2033
f 2033/2296/2033 2034/2297/2034 2035/2298/2035
f 2036/2299/2036 2035/2298/2035 2034/2297/2034
f 1255/1408/1255 1257/1407/1257 2033/2296/2033
f 2037/2300/2037 1255/1408/1255 2033/2296/2033
f 1256/1415/1256 2038/2301/2038 1250/1402/1250
f 1255/1408/1255 2037/2300/2037 2039/2302/2039
f 2040/2303/2040 2039/2302/2039 2035/2298/2035
f 2043/2304/2043 2041/2305/2041 2042/2306/2042
f 2045/2307/2045 2044/2308/2044 2043/2304/2043
f 2037/2300/2037 2033/2296/2033 2035/2298/2035
f 1811/2032/1811 2044/2308/2044 2045/2307/2045
f 2039/2302/2039 2037/2300/2037 2035/2298/2035
f 2039/2302/2039 2040/2303/2040 2038/2301/2038
f 1811/2032/1811 1809/2030/1809 2044/2308/2044
f 2038/2301/2038 1255/1408/1255 2039/2302/2039
f 2038/2301/2038 1256/1415/1256 1255/1408/1255
f 1250/1402/1250 2038/2301/2038 1249/1400/1249
f 2045/2307/2045 1807/2028/1807 1811/2032/1811
f 1805/2026/1805 1807/2028/1807 1891/2309/1891
f 2004/2264/2004 2044/2308/2044 1809/2030/1809
f 1998/2254/1998 2044/2308/2044 2004/2264/2004
f 2047/2310/2047 2048/2311/2048 2038/2301/2038
f 1807/2028/1807 2045/2307/2045 1891/2309/1891
f 2038/2301/2038 2048/2311/2048 2049/2312/2049
f 2050/2313/2050 1997/2252/1997 1983/2251/1983
f 2038/2301/2038 2049/2312/2049 1249/1400/1249
f 2051/2314/2051 2045/2307/2045 2043/2304/2043
f 1891/2309/1891 2045/2307/2045 2051/2314/2051
f 2051/2314/2051 2052/2315/2052 1891/2309/1891
f 2054/2316/2054 2042/2306/2042 2055/2317/2055
f 2056/2318/2056 2052/2319/2052 2051/2320/2051
f 2051/2314/2051 2042/2306/2042 2054/2316/2054
f 2042/2306/2042 2051/2314/2051 2043/2304/2043
f 2054/2321/2054 2055/2322/2055 2057/2323/2057
f 2054/2321/2054 2057/2323/2057 2051/2320/2051
f 1904/2146/1904 2052/2319/2052 1908/2153/1908
f 1890/2134/1890 2052/2319/2052 1904/2146/1904
f 2051/2320/2051 2057/2323/2057 1909/2154/1909
f 1890/2134/1890 1891/2135/1891 2052/2319/2052
f 2052/2319/2052 2056/2318/2056 1908/2153/1908
f 2060/2324/2060 1059/1192/1059 1249/1400/1249
f 2061/2325/2061 2058/2326/2058 2062/2327/2062
f 1909/2154/1909 2057/2323/2057 1911/2155/1911
f 2056/2318/2056 2051/2320/2051 1909/2154/1909
f 2056/2318/2056 1909/2154/1909 1908/2153/1908
f 2050/2313/2050 1982/2257/1982 1060/2259/1060
f 1982/2257/1982 2050/2313/2050 1983/2251/1983
f 2063/2328/2063 1997/2252/1997 2050/2313/2050
f 2050/2313/2050 2064/2329/2064 2063/2328/2063
f 1060/2259/1060 2064/2329/2064 2050/2313/2050
f 2066/2330/2066 2065/2331/2065 2067/2332/2067
f 2069/2333/2069 2065/2331/2065 2041/2305/2041
f 2065/2331/2065 2073/2334/2073 2067/2332/2067
f 2041/2305/2041 2065/2331/2065 2066/2330/2066
f 1060/2259/1060 1059/2335/1059 2064/2329/2064
f 2076/2336/2076 2071/2337/2071 2072/2338/2072
f 2072/2338/2072 2071/2337/2071 2074/2339/2074
f 2074/2339/2074 2073/2334/2073 2065/2331/2065
f 2068/2340/2068 2067/2332/2067 2073/2334/2073
f 2059/2341/2059 2058/2326/2058 2061/2325/2061
f 2067/2342/2067 2079/2343/2079 2080/2344/2080
f 2057/2323/2057 2055/2322/2055 2078/2345/2078
f 2081/2346/2081 2066/2330/2066 2082/2347/2082
f 2079/2343/2079 2067/2342/2067 2068/2348/2068
f 2081/2346/2081 2042/2306/2042 2041/2305/2041
f 2067/2342/2067 2080/2344/2080 2066/2349/2066
f 2055/2317/2055 2042/2306/2042 2081/2346/2081
f 2078/2345/2078 2082/2350/2082 1911/2155/1911
f 2081/2346/2081 2082/2347/2082 2055/2317/2055
f 2083/2351/2083 2079/2343/2079 2084/2352/2084
f 2079/2343/2079 2083/2351/2083 2080/2344/2080
f 1919/2162/1919 2083/2351/2083 1920/2163/1920
f 2082/2350/2082 1919/2162/1919 1911/2155/1911
f 2082/2350/2082 2080/2344/2080 1919/2162/1919
f 2080/2344/2080 2083/2351/2083 1919/2162/1919
f 2082/2350/2082 2078/2345/2078 2055/2322/2055
f 2041/2305/2041 2066/2330/2066 2081/2346/2081
f 2082/2350/2082 2066/2349/2066 2080/2344/2080
f 2078/2345/2078 1911/2155/1911 2057/2323/2057
f 2069/2333/2069 2041/2305/2041 2053/2353/2053
f 1915/2160/1915 1911/2155/1911 1919/2162/1919
f 1920/2163/1920 2083/2351/2083 1932/2175/1932
f 2079/2343/2079 2085/2354/2085 2084/2352/2084
f 2068/2348/2068 2085/2354/2085 2079/2343/2079
f 2087/2355/2087 2085/2354/2085 1932/2175/1932
f 2088/2356/2088 1932/2175/1932 2085/2354/2085
f 2070/2357/2070 2085/2354/2085 2068/2348/2068
f 2084/2352/2084 2085/2354/2085 2087/2355/2087
f 2084/2352/2084 2087/2355/2087 2083/2351/2083
f 2069/2333/2069 2074/2339/2074 2065/2331/2065
f 2053/2353/2053 2061/2325/2061 2062/2327/2062
f 2087/2355/2087 1932/2175/1932 2083/2351/2083
f 2061/2325/2061 2046/2358/2046 2059/2341/2059
f 2046/2358/2046 2075/2359/2075 2059/2341/2059
f 2058/2326/2058 2086/2360/2086 2072/2338/2072
f 2072/2338/2072 2074/2339/2074 2069/2333/2069
f 2077/2361/2077 2059/2341/2059 2089/2362/2089
f 2090/2363/2090 2059/2341/2059 2077/2361/2077
f 2089/2362/2089 2059/2341/2059 2075/2359/2075
f 2090/2363/2090 2077/2361/2077 2091/2364/2091
f 2018/2281/2018 2102/2284/2102 2093/2365/2093
f 2094/2366/2094 2095/2367/2095 2096/2368/2096
f 2090/2363/2090 2058/2326/2058 2059/2341/2059
f 2093/2365/2093 2097/2369/2097 2092/2370/2092
f 2060/2371/2060 2064/2329/2064 1059/2335/1059
f 2064/2329/2064 2060/2371/2060 2094/2366/2094
f 2098/2372/2098 2096/2368/2096 2095/2367/2095
f 2063/2328/2063 2064/2329/2064 2099/2373/2099
f 2060/2371/2060 2100/2374/2100 2095/2367/2095
f 2101/2375/2101 1980/2232/1980 2022/2285/2022
f 2060/2324/2060 1249/1400/1249 2100/2376/2100
f 2089/2362/2089 2092/2370/2092 2097/2369/2097
f 2095/2367/2095 2094/2366/2094 2060/2371/2060
f 2101/2375/2101 2102/2284/2102 1980/2232/1980
f 2022/2285/2022 1997/2252/1997 2103/2377/2103
f 2103/2377/2103 1997/2252/1997 2063/2328/2063
f 2104/2378/2104 2102/2284/2102 2099/2373/2099
f 2093/2365/2093 2104/2378/2104 2094/2366/2094
f 2093/2365/2093 2102/2284/2102 2104/2378/2104
f 2063/2328/2063 2099/2373/2099 2103/2377/2103
f 2099/2373/2099 2022/2285/2022 2103/2377/2103
f 2102/2284/2102 2101/2375/2101 2099/2373/2099
f 2099/2373/2099 2064/2329/2064 2094/2366/2094
f 2094/2366/2094 2104/2378/2104 2099/2373/2099
f 2022/2285/2022 2099/2373/2099 2101/2375/2101
f 2089/2362/2089 2105/2379/2105 2106/2380/2106
f 2105/2379/2105 2089/2362/2089 2097/2369/2097
f 2096/2368/2096 2093/2365/2093 2094/2366/2094
f 2106/2380/2106 2105/2379/2105 2107/2381/2107
f 2108/2382/2108 2107/2381/2107 2109/2383/2109
f 2110/2384/2110 2108/2382/2108 2111/2385/2111
f 2092/2370/2092 2089/2362/2089 2075/2359/2075
f 2106/2380/2106 2077/2361/2077 2089/2362/2089
f 2106/2380/2106 2108/2382/2108 2110/2384/2110
f 2091/2364/2091 2110/2384/2110 2090/2363/2090
f 2110/2384/2110 2077/2361/2077 2106/2380/2106
f 2100/2376/2100 2112/2386/2112 2113/2387/2113
f 2100/2374/2100 2113/2388/2113 2098/2372/2098
f 2113/2388/2113 2097/2369/2097 2096/2368/2096
f 2110/2384/2110 2091/2364/2091 2077/2361/2077
f 2096/2368/2096 2098/2372/2098 2113/2388/2113
f 2113/2388/2113 2112/2389/2112 2097/2369/2097
f 2105/2390/2105 2112/2386/2112 2114/2391/2114
f 2108/2382/2108 2106/2380/2106 2107/2381/2107
f 2095/2367/2095 2100/2374/2100 2098/2372/2098
f 2097/2369/2097 2112/2389/2112 2105/2379/2105
f 2048/2311/2048 2114/2391/2114 2049/2312/2049
f 2100/2376/2100 2049/2312/2049 2112/2386/2112
f 2047/2310/2047 2114/2391/2114 2048/2311/2048
f 2049/2312/2049 2100/2376/2100 1249/1400/1249
f 2114/2391/2114 2115/2392/2115 2105/2390/2105
f 2038/2301/2038 2040/2303/2040 2047/2310/2047
f 2114/2391/2114 2047/2310/2047 2115/2392/2115
f 2047/2310/2047 2040/2303/2040 2115/2392/2115
f 2115/2392/2115 2109/2393/2109 2107/2394/2107
f 2116/2395/2116 2115/2392/2115 2036/2299/2036
f 2117/2396/2117 2118/2397/2118 2119/2398/2119
f 2115/2392/2115 2107/2394/2107 2105/2390/2105
f 2035/2298/2035 2036/2299/2036 2040/2303/2040
f 2093/2365/2093 2096/2368/2096 2097/2369/2097
f 2058/2326/2058 2090/2363/2090 2118/2397/2118
f 2049/2312/2049 2114/2391/2114 2112/2386/2112
f 2118/2397/2118 2090/2363/2090 2120/2399/2120
f 2120/2399/2120 2090/2363/2090 2111/2385/2111
f 2058/2326/2058 2118/2397/2118 2086/2360/2086
f 2040/2303/2040 2036/2299/2036 2115/2392/2115
f 2121/2400/2121 2117/2401/2117 2122/2402/2122
f 2117/2401/2117 2123/2403/2123 2122/2402/2122
f 2086/2360/2086 2121/2404/2121 2072/2338/2072
f 2076/2336/2076 2072/2338/2072 2121/2404/2121
f 2124/2405/2124 2122/2402/2122 2123/2403/2123
f 2124/2405/2124 2123/2403/2123 2125/2406/2125
f 2117/2396/2117 2121/2404/2121 2086/2360/2086
f 2126/2407/2126 2121/2400/2121 2127/2408/2127
f 2086/2360/2086 2118/2397/2118 2117/2396/2117
f 2069/2333/2069 2062/2327/2062 2058/2326/2058
f 2076/2336/2076 2121/2404/2121 2126/2409/2126
f 2128/2410/2128 2129/2411/2129 2130/2412/2130
f 2093/2365/2093 2092/2370/2092 2018/2281/2018
f 2128/2410/2128 2126/2407/2126 2127/2408/2127
f 2131/2413/2131 2075/2359/2075 2046/2358/2046
f 2072/2338/2072 2069/2333/2069 2058/2326/2058
f 2122/2402/2122 2124/2405/2124 2121/2400/2121
f 2132/2414/2132 2111/2385/2111 2108/2382/2108
f 2124/2405/2124 2127/2408/2127 2121/2400/2121
f 2092/2370/2092 2146/2415/2146 2018/2281/2018
f 2120/2399/2120 2132/2414/2132 2133/2416/2133
f 2134/2417/2134 2119/2398/2119 2120/2399/2120
f 2118/2397/2118 2120/2399/2120 2119/2398/2119
f 2134/2417/2134 2120/2399/2120 2133/2416/2133
f 2109/2383/2109 2133/2416/2133 2132/2414/2132
f 2111/2385/2111 2090/2363/2090 2110/2384/2110
f 2135/2418/2135 2134/2419/2134 2136/2420/2136
f 2125/2406/2125 2123/2403/2123 2137/2421/2137
f 2138/2422/2138 2125/2406/2125 2139/2423/2139
f 2119/2424/2119 2134/2419/2134 2137/2421/2137
f 2132/2414/2132 2120/2399/2120 2111/2385/2111
f 2115/2392/2115 2116/2395/2116 2109/2393/2109
f 2117/2401/2117 2119/2424/2119 2123/2403/2123
f 2134/2419/2134 2135/2418/2135 2137/2421/2137
f 2123/2403/2123 2119/2424/2119 2137/2421/2137
f 2135/2418/2135 2139/2423/2139 2137/2421/2137
f 2116/2395/2116 2036/2299/2036 2136/2420/2136
f 2136/2420/2136 2141/2425/2141 2135/2418/2135
f 2135/2418/2135 2140/2426/2140 2139/2423/2139
f 2139/2423/2139 2125/2406/2125 2137/2421/2137
f 2134/2417/2134 2133/2416/2133 2109/2383/2109
f 2034/2297/2034 2032/2295/2032 2141/2425/2141
f 2140/2426/2140 2135/2418/2135 2141/2425/2141
f 2132/2414/2132 2108/2382/2108 2109/2383/2109
f 2036/2299/2036 2034/2297/2034 2141/2425/2141
f 2031/2293/2031 2027/2294/2027 2141/2425/2141
f 2125/2406/2125 2138/2422/2138 2127/2408/2127
f 2139/2423/2139 2142/2427/2142 2129/2411/2129
f 2027/2294/2027 2140/2426/2140 2141/2425/2141
f 2143/2428/2143 2129/2411/2129 2142/2427/2142
f 2116/2395/2116 2134/2419/2134 2109/2393/2109
f 2138/2422/2138 2139/2423/2139 2129/2411/2129
f 2142/2427/2142 2139/2423/2139 2140/2426/2140
f 2127/2408/2127 2138/2422/2138 2128/2410/2128
f 2036/2299/2036 2141/2425/2141 2136/2420/2136
f 2031/2293/2031 2141/2425/2141 2032/2295/2032
f 2143/2428/2143 2142/2427/2142 2144/2429/2144
f 2128/2410/2128 2138/2422/2138 2129/2411/2129
f 2069/2333/2069 2053/2353/2053 2062/2327/2062
f 2144/2429/2144 2142/2427/2142 2027/2294/2027
f 2116/2395/2116 2136/2420/2136 2134/2419/2134
f 2124/2405/2124 2125/2406/2125 2127/2408/2127
f 2027/2294/2027 2142/2427/2142 2140/2426/2140
f 2018/2281/2018 2003/2282/2003 2102/2284/2102
f 2023/2286/2023 2025/2288/2025 2029/2291/2029
f 2023/2286/2023 2145/2430/2145 2027/2294/2027
f 2046/2358/2046 2061/2325/2061 1998/2254/1998
f 2027/2294/2027 2145/2430/2145 2144/2429/2144
f 2043/2304/2043 2053/2353/2053 2041/2305/2041
f 2146/2415/2146 2092/2370/2092 2075/2359/2075
f 1998/2254/1998 2000/2256/2000 2046/2358/2046
f 2146/2415/2146 2007/2267/2007 2018/2281/2018
f 2044/2308/2044 2053/2353/2053 2043/2304/2043
f 2145/2430/2145 2023/2286/2023 2029/2291/2029
f 2000/2256/2000 2007/2267/2007 2146/2415/2146
f 2075/2359/2075 2131/2413/2131 2146/2415/2146
f 2000/2256/2000 2146/2415/2146 2131/2413/2131
f 2053/2353/2053 2044/2308/2044 2061/2325/2061
f 2000/2256/2000 2131/2413/2131 2046/2358/2046
f 2061/2325/2061 2044/2308/2044 1998/2254/1998
f 2147/2431/2147 2148/2432/2148 2149/2433/2149
f 2152/2434/2152 2153/2435/2153 354/406/354
f 2154/2436/2154 2155/2437/2155 2156/2438/2156
f 2151/2439/2151 28/48/28 354/406/354
f 2153/2435/2153 2148/2432/2148 2151/2439/2151
f 2153/2435/2153 2151/2439/2151 354/406/354
f 2148/2432/2148 2147/2431/2147 2151/2439/2151
f 2147/2431/2147 2157/2440/2157 2158/2441/2158
f 2154/2436/2154 2159/2442/2159 2155/2437/2155
f 2153/2435/2153 2152/2434/2152 2148/2432/2148
f 2147/2431/2147 2162/2443/2162 2157/2440/2157
f 2150/2444/2150 2163/2445/2163 2156/2438/2156
f 2150/2444/2150 2156/2438/2156 2155/2437/2155
f 2150/2444/2150 2218/2446/2218 2163/2445/2163
f 2154/2436/2154 2166/2447/2166 2159/2442/2159
f 2157/2440/2157 2164/2448/2164 2158/2441/2158
f 2167/2449/2167 2164/2448/2164 2165/2450/2165
f 2160/2451/2160 2167/2449/2167 2165/2450/2165
f 2149/2433/2149 2171/2452/2171 2172/2453/2172
f 2160/2451/2160 2168/2454/2168 2167/2449/2167
f 2170/2455/2170 2154/2436/2154 2156/2438/2156
f 2160/2451/2160 2155/2437/2155 2168/2454/2168
f 2174/2456/2174 2159/2442/2159 2175/2457/2175
f 354/406/354 375/428/375 2152/2434/2152
f 2169/2458/2169 2166/2447/2166 2154/2436/2154
f 2076/2336/2076 2126/2409/2126 2176/2459/2176
f 2177/2460/2177 2156/2438/2156 2163/2445/2163
f 2178/2461/2178 2071/2337/2071 2076/2336/2076
f 2162/2443/2162 2147/2431/2147 2149/2433/2149
f 369/422/369 347/395/347 2179/2462/2179
f 2152/2434/2152 2171/2452/2171 2149/2433/2149
f 2180/2463/2180 2071/2337/2071 2178/2461/2178
f 2178/2461/2178 2076/2336/2076 2176/2459/2176
f 2218/2446/2218 2177/2460/2177 2163/2445/2163
f 2170/2455/2170 2169/2458/2169 2154/2436/2154
f 374/427/374 370/423/370 369/422/369
f 375/428/375 2171/2452/2171 2152/2434/2152
f 2181/2464/2181 2170/2455/2170 2156/2438/2156
f 2126/2407/2126 2128/2410/2128 2176/2465/2176
f 2128/2410/2128 2130/2412/2130 2176/2465/2176
f 369/422/369 2179/2462/2179 2171/2452/2171
f 2182/2466/2182 2176/2465/2176 2130/2412/2130
f 2183/2467/2183 2182/2466/2182 2184/2468/2184
f 2143/2428/2143 2182/2466/2182 2130/2412/2130
f 2179/2462/2179 2185/2469/2185 2171/2452/2171
f 2182/2466/2182 2183/2467/2183 2176/2465/2176
f 374/427/374 2171/2452/2171 375/428/375
f 369/422/369 2171/2452/2171 374/427/374
f 2152/2434/2152 2149/2433/2149 2148/2432/2148
f 2186/2470/2186 2171/2452/2171 2185/2469/2185
f 2186/2470/2186 2187/2471/2187 2172/2453/2172
f 2172/2453/2172 2162/2443/2162 2149/2433/2149
f 2169/2458/2169 2189/2472/2189 2188/2473/2188
f 2143/2428/2143 2130/2412/2130 2129/2411/2129
f 2188/2473/2188 2143/2428/2143 2144/2429/2144
f 2143/2428/2143 2188/2473/2188 2189/2472/2189
f 2171/2452/2171 2186/2470/2186 2172/2453/2172
f 2169/2458/2169 2181/2464/2181 2184/2468/2184
f 2169/2458/2169 2170/2455/2170 2181/2464/2181
f 2145/2430/2145 2188/2473/2188 2144/2429/2144
f 2169/2458/2169 2188/2473/2188 2145/2430/2145
f 2029/2291/2029 2028/2290/2028 2145/2430/2145
f 2169/2458/2169 2145/2430/2145 2028/2290/2028
f 2143/2428/2143 2189/2472/2189 2182/2466/2182
f 2166/2447/2166 2169/2458/2169 2028/2290/2028
f 2028/2290/2028 2030/2292/2030 2166/2447/2166
f 347/395/347 2185/2469/2185 2179/2462/2179
f 346/394/346 2185/2469/2185 347/395/347
f 2187/2471/2187 2186/2470/2186 2190/2474/2190
f 2186/2470/2186 2185/2469/2185 2190/2474/2190
f 346/394/346 2191/2475/2191 2185/2469/2185
f 2192/2476/2192 2193/2477/2193 2191/2475/2191
f 2175/2457/2175 2159/2442/2159 1307/1460/1307
f 2159/2442/2159 2030/2292/2030 1307/1460/1307
f 2028/2290/2028 2025/2288/2025 2030/2292/2030
f 2159/2442/2159 2166/2447/2166 2030/2292/2030
f 2189/2472/2189 2169/2458/2169 2184/2468/2184
f 1305/1461/1305 1307/1460/1307 2030/2292/2030
f 351/399/351 346/394/346 348/396/348
f 2191/2475/2191 2195/2478/2195 2190/2474/2190
f 2196/2479/2196 2197/2480/2197 2198/2481/2198
f 2202/2482/2202 2203/2483/2203 2204/2484/2204
f 2205/2485/2205 2203/2483/2203 2196/2479/2196
f 2203/2483/2203 2200/2486/2200 2196/2479/2196
f 2200/2486/2200 2203/2483/2203 2202/2482/2202
f 2204/2484/2204 2207/2487/2207 2202/2482/2202
f 2200/2486/2200 2202/2482/2202 2208/2488/2208
f 2074/2339/2074 2071/2337/2071 2180/2463/2180
f 2209/2489/2209 2208/2488/2208 2207/2487/2207
f 2208/2488/2208 2202/2482/2202 2207/2487/2207
f 2185/2469/2185 2191/2475/2191 2190/2474/2190
f 2211/2490/2211 2212/2491/2212 2213/2492/2213
f 267/291/267 251/277/251 253/279/253
f 2214/2493/2214 2213/2492/2213 2212/2491/2212
f 2215/2494/2215 269/293/269 268/292/268
f 268/292/268 2214/2493/2214 2215/2494/2215
f 2215/2494/2215 278/311/278 269/293/269
f 2208/2488/2208 2209/2489/2209 2210/2495/2210
f 268/292/268 2209/2489/2209 2214/2493/2214
f 2214/2493/2214 2209/2489/2209 2213/2492/2213
f 2209/2489/2209 268/292/268 2210/2495/2210
f 2201/2496/2201 2200/2486/2200 2208/2488/2208
f 2213/2492/2213 2209/2489/2209 2211/2490/2211
f 267/291/267 2210/2495/2210 268/292/268
f 253/279/253 2210/2495/2210 267/291/267
f 2192/2476/2192 2191/2475/2191 309/345/309
f 309/345/309 346/394/346 351/399/351
f 309/345/309 2191/2475/2191 346/394/346
f 2191/2475/2191 2193/2477/2193 2195/2478/2195
f 2211/2490/2211 2209/2489/2209 2207/2487/2207
f 2165/2450/2165 2216/2497/2216 2218/2446/2218
f 2214/2493/2214 2217/2498/2217 2215/2494/2215
f 309/345/309 2194/2499/2194 2192/2476/2192
f 2194/2499/2194 278/310/278 2215/2500/2215
f 2215/2500/2215 2217/2501/2217 2194/2499/2194
f 278/310/278 2194/2499/2194 309/345/309
f 2193/2477/2193 2192/2476/2192 2217/2501/2217
f 2217/2498/2217 2211/2490/2211 2220/2502/2220
f 2192/2476/2192 2194/2499/2194 2217/2501/2217
f 2212/2491/2212 2211/2490/2211 2217/2498/2217
f 2217/2498/2217 2214/2493/2214 2212/2491/2212
f 2221/2503/2221 2164/2448/2164 2157/2440/2157
f 2172/2453/2172 2157/2440/2157 2162/2443/2162
f 2221/2503/2221 2216/2497/2216 2164/2448/2164
f 2196/2479/2196 2200/2486/2200 2197/2480/2197
f 2165/2450/2165 2164/2448/2164 2216/2497/2216
f 2172/2453/2172 2221/2503/2221 2157/2440/2157
f 2221/2503/2221 2190/2474/2190 2216/2497/2216
f 2165/2450/2165 2218/2446/2218 2150/2444/2150
f 2160/2451/2160 2165/2450/2165 2150/2444/2150
f 2187/2471/2187 2221/2503/2221 2172/2453/2172
f 2222/2504/2222 2201/2496/2201 2208/2488/2208
f 2218/2446/2218 2216/2497/2216 2190/2474/2190
f 2218/2446/2218 2223/2505/2223 2177/2460/2177
f 2224/2506/2224 2190/2474/2190 2195/2478/2195
f 2224/2506/2224 2218/2446/2218 2190/2474/2190
f 2187/2471/2187 2190/2474/2190 2221/2503/2221
f 2218/2446/2218 2224/2506/2224 2223/2505/2223
f 2225/2507/2225 2223/2505/2223 2224/2506/2224
f 2223/2505/2223 2225/2507/2225 2177/2460/2177
f 2222/2504/2222 253/279/253 2226/2508/2226
f 2228/2509/2228 2229/2510/2229 2230/2511/2230
f 2226/2508/2226 253/279/253 252/278/252
f 2222/2504/2222 2208/2488/2208 253/279/253
f 2231/2512/2231 252/278/252 285/316/285
f 2178/2461/2178 2233/2513/2233 2180/2463/2180
f 2183/2467/2183 2233/2514/2233 2176/2465/2176
f 2234/2515/2234 2235/2516/2235 2198/2481/2198
f 2235/2516/2235 2206/2517/2206 2198/2481/2198
f 2233/2513/2233 2234/2515/2234 2199/2518/2199
f 2233/2513/2233 2199/2518/2199 2180/2463/2180
f 2178/2461/2178 2176/2459/2176 2233/2513/2233
f 2183/2467/2183 2235/2519/2235 2233/2514/2233
f 2234/2515/2234 2198/2481/2198 2199/2518/2199
f 2236/2520/2236 2237/2521/2237 2206/2517/2206
f 2235/2519/2235 2183/2467/2183 2238/2522/2238
f 2206/2517/2206 2237/2521/2237 2232/2523/2232
f 2206/2517/2206 2205/2485/2205 2196/2479/2196
f 2208/2488/2208 2210/2495/2210 253/279/253
f 2234/2515/2234 2233/2513/2233 2235/2516/2235
f 2156/2438/2156 2177/2460/2177 2181/2464/2181
f 2235/2516/2235 2236/2520/2236 2206/2517/2206
f 2206/2517/2206 2196/2479/2196 2198/2481/2198
f 2232/2524/2232 2237/2525/2237 2239/2526/2239
f 2239/2526/2239 2237/2525/2237 2236/2527/2236
f 2183/2467/2183 2184/2468/2184 2238/2522/2238
f 2184/2468/2184 2182/2466/2182 2189/2472/2189
f 2236/2527/2236 2181/2464/2181 2239/2526/2239
f 2181/2464/2181 2236/2527/2236 2240/2528/2240
f 2235/2519/2235 2238/2522/2238 2240/2528/2240
f 2235/2519/2235 2240/2528/2240 2236/2527/2236
f 2181/2464/2181 2240/2528/2240 2184/2468/2184
f 2181/2464/2181 2225/2507/2225 2239/2526/2239
f 2220/2502/2220 2241/2529/2241 2204/2484/2204
f 2220/2502/2220 2211/2490/2211 2241/2529/2241
f 2225/2507/2225 2181/2464/2181 2177/2460/2177
f 2220/2530/2220 2204/2531/2204 2228/2509/2228
f 2193/2477/2193 2220/2530/2220 2219/2532/2219
f 2228/2509/2228 2219/2532/2219 2220/2530/2220
f 2160/2451/2160 2150/2444/2150 2155/2437/2155
f 2240/2528/2240 2238/2522/2238 2184/2468/2184
f 2217/2501/2217 2220/2530/2220 2193/2477/2193
f 2232/2523/2232 2205/2485/2205 2206/2517/2206
f 2239/2526/2239 2242/2533/2242 2230/2511/2230
f 2204/2531/2204 2203/2534/2203 2229/2510/2229
f 2232/2524/2232 2230/2511/2230 2205/2535/2205
f 2230/2511/2230 2203/2534/2203 2205/2535/2205
f 2230/2511/2230 2232/2524/2232 2239/2526/2239
f 2203/2534/2203 2230/2511/2230 2229/2510/2229
f 2229/2510/2229 2228/2509/2228 2204/2531/2204
f 2230/2511/2230 2242/2533/2242 2228/2509/2228
f 2219/2532/2219 2243/2536/2243 2195/2478/2195
f 2207/2487/2207 2204/2484/2204 2241/2529/2241
f 2211/2490/2211 2207/2487/2207 2241/2529/2241
f 2242/2533/2242 2243/2536/2243 2228/2509/2228
f 2219/2532/2219 2228/2509/2228 2243/2536/2243
f 2243/2536/2243 2242/2533/2242 2225/2507/2225
f 2193/2477/2193 2219/2532/2219 2195/2478/2195
f 2242/2533/2242 2239/2526/2239 2225/2507/2225
f 2243/2536/2243 2224/2506/2224 2195/2478/2195
f 2225/2507/2225 2224/2506/2224 2243/2536/2243
f 2168/2454/2168 2244/2537/2244 2167/2449/2167
f 2245/2538/2245 2271/2539/2271 2269/2540/2269
f 2247/2541/2247 2245/2538/2245 2246/2542/2246
f 1607/1788/1607 1611/1792/1611 2249/2543/2249
f 1607/1788/1607 2249/2543/2249 1617/1799/1617
f 1618/1800/1618 1617/1799/1617 2253/2544/2253
f 1617/1799/1617 2254/2545/2254 2253/2544/2253
f 1385/1555/1385 1631/1817/1631 2255/2546/2255
f 2255/2546/2255 1631/1817/1631 1632/1816/1632
f 1632/1816/1632 1618/1800/1618 2253/2544/2253
f 2256/2547/2256 2257/248/2257 1597/1779/1597
f 1597/1779/1597 2257/248/2257 2258/2548/2258
f 2251/2549/2251 2259/2550/2259 2248/2551/2248
f 2261/2552/2261 2250/2553/2250 2246/2542/2246
f 2245/2538/2245 2252/2554/2252 2246/2542/2246
f 2262/2555/2262 2263/2556/2263 2268/2557/2268
f 1632/1816/1632 2253/2544/2253 2254/2545/2254
f 2262/2555/2262 221/229/221 227/245/227
f 2264/2558/2264 2262/2555/2262 227/245/227
f 2263/2556/2263 2262/2555/2262 2264/2558/2264
f 2256/2547/2256 1597/1779/1597 852/252/852
f 2265/2559/2265 2266/2560/2266 2261/2552/2261
f 2263/2556/2263 2264/2558/2264 2265/2559/2265
f 218/249/218 2257/248/2257 2256/2547/2256
f 218/249/218 2256/2547/2256 852/252/852
f 2265/2559/2265 2267/2561/2267 2263/2556/2263
f 2270/1515/2270 2269/2540/2269 1239/1388/1239
f 2258/2548/2258 1611/1792/1611 1597/1779/1597
f 2269/2540/2269 2270/1515/2270 2272/2562/2272
f 1611/1792/1611 2258/2548/2258 2249/2543/2249
f 2271/2539/2271 1239/1388/1239 2269/2540/2269
f 2272/2562/2272 2270/1515/2270 2255/2546/2255
f 2258/2548/2258 2257/248/2257 2268/2557/2268
f 221/229/221 2262/2555/2262 2257/248/2257
f 2257/248/2257 2262/2555/2262 2268/2557/2268
f 2246/2542/2246 2265/2559/2265 2261/2552/2261
f 236/270/236 2273/2563/2273 227/2564/227
f 1333/1493/1333 2255/2546/2255 2270/1515/2270
f 2266/2565/2266 2275/2566/2275 2276/2567/2276
f 2273/2563/2273 2264/2568/2264 227/2564/227
f 64/68/64 2273/2563/2273 236/270/236
f 2261/2552/2261 2259/2550/2259 2250/2553/2250
f 2265/2569/2265 2264/2568/2264 2275/2566/2275
f 1236/1386/1236 2271/2539/2271 2278/2570/2278
f 1333/1493/1333 1339/1500/1339 2255/2546/2255
f 2279/2571/2279 2259/2572/2259 2266/2565/2266
f 2259/2550/2259 2261/2552/2261 2266/2560/2266
f 2275/2566/2275 2280/2573/2280 2276/2567/2276
f 2279/2571/2279 2266/2565/2266 2276/2567/2276
f 2264/2568/2264 2277/2574/2277 2275/2566/2275
f 2265/2569/2265 2275/2566/2275 2266/2565/2266
f 2269/2540/2269 2274/2575/2274 2245/2538/2245
f 2273/2563/2273 2277/2574/2277 2264/2568/2264
f 2277/2574/2277 2280/2573/2280 2275/2566/2275
f 2259/2550/2259 2251/2549/2251 2250/2553/2250
f 2259/2572/2259 2279/2571/2279 2248/2576/2248
f 2273/2563/2273 64/68/64 2277/2574/2277
f 2280/2573/2280 2277/2574/2277 2281/2577/2281
f 2248/2576/2248 2279/2571/2279 2282/2578/2282
f 1239/1388/1239 2271/2539/2271 1236/1386/1236
f 2281/2577/2281 2283/2579/2283 2280/2573/2280
f 2284/2580/2284 2285/2581/2285 2286/2582/2286
f 1632/1816/1632 2272/2562/2272 2255/2546/2255
f 2282/2578/2282 2279/2571/2279 2283/2579/2283
f 2276/2567/2276 2280/2573/2280 2279/2571/2279
f 2279/2571/2279 2280/2573/2280 2283/2579/2283
f 68/73/68 2277/2574/2277 64/68/64
f 2272/2562/2272 2287/2583/2287 2274/2575/2274
f 1385/1555/1385 2255/2546/2255 1339/1500/1339
f 2260/2584/2260 2285/2581/2285 2247/2541/2247
f 2260/2584/2260 2246/2542/2246 2250/2553/2250
f 2288/2585/2288 2260/2584/2260 2250/2553/2250
f 2289/2586/2289 2288/2585/2288 2248/2551/2248
f 2246/2542/2246 2260/2584/2260 2247/2541/2247
f 2288/2585/2288 2250/2553/2250 2251/2549/2251
f 2288/2585/2288 2290/2587/2290 2260/2584/2260
f 2288/2585/2288 2251/2549/2251 2248/2551/2248
f 2260/2584/2260 2290/2587/2290 2285/2581/2285
f 2290/2587/2290 2289/2586/2289 2291/2588/2291
f 2290/2587/2290 2288/2585/2288 2289/2586/2289
f 2286/2582/2286 2285/2581/2285 2290/2587/2290
f 2272/2562/2272 1632/1816/1632 2287/2583/2287
f 1617/1799/1617 2292/2589/2292 2287/2583/2287
f 2247/2541/2247 2271/2539/2271 2245/2538/2245
f 1632/1816/1632 2254/2545/2254 2287/2583/2287
f 2278/2570/2278 2271/2539/2271 2293/2590/2293
f 2271/2539/2271 2247/2541/2247 2293/2590/2293
f 2247/2541/2247 2294/2591/2294 2293/2590/2293
f 2269/2540/2269 2272/2562/2272 2274/2575/2274
f 2287/2583/2287 2252/2554/2252 2274/2575/2274
f 2249/2543/2249 2268/2557/2268 2292/2589/2292
f 2292/2589/2292 2268/2557/2268 2267/2561/2267
f 1617/1799/1617 2287/2583/2287 2254/2545/2254
f 2295/2592/2295 2296/2593/2296 2297/2594/2297
f 2258/2548/2258 2268/2557/2268 2249/2543/2249
f 2252/2554/2252 2245/2538/2245 2274/2575/2274
f 2287/2583/2287 2292/2589/2292 2252/2554/2252
f 2292/2589/2292 1617/1799/1617 2249/2543/2249
f 2267/2561/2267 2246/2542/2246 2252/2554/2252
f 2263/2556/2263 2267/2561/2267 2268/2557/2268
f 2267/2561/2267 2265/2559/2265 2246/2542/2246
f 2292/2589/2292 2267/2561/2267 2252/2554/2252
f 2298/2595/2298 2299/2596/2299 2300/2597/2300
f 2283/2579/2283 2301/2598/2301 2282/2578/2282
f 2281/2577/2281 2303/2599/2303 2283/2579/2283
f 68/73/68 2281/2577/2281 2277/2574/2277
f 2307/2600/2307 2308/2601/2308 2309/2602/2309
f 65/70/65 2310/2603/2310 2311/2604/2311
f 2281/2577/2281 68/73/68 2311/2604/2311
f 59/69/59 2312/2605/2312 2302/2606/2302
f 2281/2577/2281 2311/2604/2311 2303/2599/2303
f 50/53/50 2302/2606/2302 51/54/51
f 66/71/66 65/70/65 68/73/68
f 65/70/65 2311/2604/2311 68/73/68
f 2282/2578/2282 2313/2607/2313 2248/2576/2248
f 65/70/65 55/59/55 2310/2603/2310
f 2310/2603/2310 2303/2599/2303 2311/2604/2311
f 51/54/51 2302/2606/2302 2304/2608/2304
f 2283/2579/2283 2303/2599/2303 2301/2598/2301
f 2314/2609/2314 2301/2598/2301 2303/2599/2303
f 2314/2609/2314 2303/2599/2303 2304/2608/2304
f 2304/2608/2304 2303/2599/2303 51/54/51
f 2314/2609/2314 2304/2608/2304 2315/2610/2315
f 2316/2611/2316 2284/2580/2284 2286/2582/2286
f 2317/2612/2317 2318/2613/2318 2315/2610/2315
f 2317/2612/2317 2302/2606/2302 2300/2597/2300
f 2319/2614/2319 2320/2615/2320 2321/2616/2321
f 2304/2608/2304 2302/2606/2302 2317/2612/2317
f 2302/2606/2302 2312/2605/2312 2300/2597/2300
f 2290/2587/2290 2291/2588/2291 2286/2582/2286
f 2312/2605/2312 2323/2617/2323 2298/2595/2298
f 2304/2608/2304 2317/2612/2317 2315/2610/2315
f 2298/2595/2298 2323/2617/2323 2324/2618/2324
f 2295/2592/2295 2284/2580/2284 2316/2611/2316
f 2324/2618/2324 2323/2617/2323 48/56/48
f 2296/2593/2296 2326/2619/2326 2327/2620/2327
f 1310/1471/1310 2328/2621/2328 2175/2457/2175
f 2329/2622/2329 2330/2623/2330 2331/2624/2331
f 1306/1462/1306 2175/2457/2175 1307/1460/1307
f 1310/1471/1310 2175/2457/2175 1306/1462/1306
f 2175/2457/2175 2328/2621/2328 2174/2456/2174
f 1310/1471/1310 2332/1470/2332 2328/2621/2328
f 2327/2620/2327 2326/2619/2326 2320/2615/2320
f 2333/2625/2333 2322/2626/2322 2307/2600/2307
f 2313/2607/2313 2291/2627/2291 2248/2576/2248
f 2296/2593/2296 2327/2620/2327 2320/2615/2320
f 2291/2627/2291 2313/2607/2313 2305/2628/2305
f 2307/2600/2307 2309/2602/2309 2299/2596/2299
f 1315/1469/1315 1322/1478/1322 2332/1470/2332
f 2298/2595/2298 2300/2597/2300 2312/2605/2312
f 2328/2621/2328 2332/1470/2332 2335/2629/2335
f 2300/2597/2300 2299/2596/2299 2309/2602/2309
f 2313/2607/2313 2306/2630/2306 2305/2628/2305
f 2334/2631/2334 1322/1478/1322 1323/1479/1323
f 2289/2586/2289 2248/2551/2248 2291/2588/2291
f 2337/2632/2337 2334/2631/2334 1323/1479/1323
f 1323/1479/1323 2338/2633/2338 2337/2632/2337
f 2291/2588/2291 2340/2634/2340 2286/2582/2286
f 2338/2633/2338 2339/2635/2339 2341/2636/2341
f 2301/2598/2301 2314/2609/2314 2342/2637/2342
f 2342/2637/2342 2306/2630/2306 2301/2598/2301
f 1324/1480/1324 2339/2635/2339 1323/1479/1323
f 2342/2637/2342 2315/2610/2315 2343/2638/2343
f 2339/2635/2339 1324/1480/1324 1329/1487/1329
f 1323/1479/1323 2339/2635/2339 2338/2633/2338
f 2339/2635/2339 2344/2639/2344 2341/2636/2341
f 1329/1487/1329 2344/2639/2344 2339/2635/2339
f 2332/1470/2332 1322/1478/1322 2334/2631/2334
f 2282/2578/2282 2306/2630/2306 2313/2607/2313
f 1331/1485/1331 2345/2640/2345 2344/2639/2344
f 2282/2578/2282 2301/2598/2301 2306/2630/2306
f 2295/2592/2295 2346/2641/2346 2296/2593/2296
f 2308/2601/2308 2307/2600/2307 2322/2626/2322
f 1207/1366/1207 2345/2640/2345 1330/1484/1330
f 2331/2624/2331 2330/2623/2330 2347/2642/2347
f 1331/1485/1331 1330/1484/1330 2345/2640/2345
f 2348/2643/2348 1207/1366/1207 1208/1459/1208
f 2349/2644/2349 2350/2645/2350 2330/2623/2330
f 1331/1485/1331 2344/2639/2344 1329/1487/1329
f 1207/1366/1207 2348/2643/2348 2345/2640/2345
f 2314/2609/2314 2315/2610/2315 2342/2637/2342
f 2340/2634/2340 2316/2611/2316 2286/2582/2286
f 2351/2646/2351 2348/2643/2348 1208/1459/1208
f 2320/2615/2320 2326/2619/2326 2321/2616/2321
f 2305/2628/2305 2352/2647/2352 2340/2648/2340
f 2353/2649/2353 2305/2628/2305 2306/2630/2306
f 2342/2637/2342 2353/2649/2353 2306/2630/2306
f 2305/2628/2305 2340/2648/2340 2291/2627/2291
f 2346/2641/2346 2316/2611/2316 2340/2634/2340
f 2305/2628/2305 2353/2649/2353 2349/2644/2349
f 53/58/53 2323/2617/2323 59/69/59
f 2349/2644/2349 2329/2622/2329 2352/2647/2352
f 34/45/34 2324/2618/2324 48/56/48
f 2312/2605/2312 59/69/59 2323/2617/2323
f 1208/1445/1208 1308/1463/1308 2351/2650/2351
f 2343/2638/2343 2354/2651/2354 2342/2637/2342
f 1308/1463/1308 2348/2652/2348 2351/2650/2351
f 2319/2614/2319 2321/2616/2321 2348/2652/2348
f 2305/2628/2305 2349/2644/2349 2352/2647/2352
f 48/56/48 2323/2617/2323 53/58/53
f 2349/2644/2349 2330/2623/2330 2329/2622/2329
f 2324/2618/2324 34/45/34 35/46/35
f 2340/2648/2340 2352/2647/2352 2329/2622/2329
f 2350/2645/2350 2349/2644/2349 2353/2649/2353
f 2350/2645/2350 2347/2642/2347 2330/2623/2330
f 2319/2614/2319 2348/2652/2348 1308/1463/1308
f 2347/2642/2347 2350/2645/2350 2354/2651/2354
f 2354/2651/2354 2353/2649/2353 2342/2637/2342
f 2353/2649/2353 2354/2651/2354 2350/2645/2350
f 2347/2642/2347 2356/2653/2356 2331/2624/2331
f 2316/2611/2316 2346/2641/2346 2295/2592/2295
f 2354/2651/2354 2355/2654/2355 2347/2642/2347
f 2346/2641/2346 2326/2619/2326 2296/2593/2296
f 2329/2622/2329 2346/2655/2346 2340/2648/2340
f 2357/2656/2357 2326/2657/2326 2346/2655/2346
f 59/69/59 2302/2606/2302 50/53/50
f 2329/2622/2329 2357/2656/2357 2346/2655/2346
f 2326/2657/2326 2357/2656/2357 2358/2658/2358
f 2329/2622/2329 2331/2624/2331 2357/2656/2357
f 2358/2658/2358 2357/2656/2357 2345/2640/2345
f 2321/2659/2321 2326/2657/2326 2358/2658/2358
f 2358/2658/2358 2345/2640/2345 2348/2643/2348
f 2360/2660/2360 2344/2639/2344 2345/2640/2345
f 2331/2624/2331 2360/2660/2360 2357/2656/2357
f 2358/2658/2358 2348/2643/2348 2321/2659/2321
f 2357/2656/2357 2360/2660/2360 2345/2640/2345
f 35/46/35 2336/2661/2336 2324/2618/2324
f 2362/2662/2362 2356/2653/2356 2347/2642/2347
f 2174/2456/2174 2155/2437/2155 2159/2442/2159
f 28/48/28 2336/2661/2336 35/46/35
f 2347/2642/2347 2355/2654/2355 2362/2662/2362
f 2360/2660/2360 2331/2624/2331 2359/2663/2359
f 2173/2664/2173 2155/2437/2155 2174/2456/2174
f 2173/2664/2173 2363/2665/2363 2168/2454/2168
f 2333/2625/2333 2325/2666/2325 2161/2667/2161
f 2174/2456/2174 2328/2621/2328 2335/2629/2335
f 2364/2668/2364 2365/2669/2365 2335/2629/2335
f 2335/2629/2335 2332/1470/2332 2364/2668/2364
f 2173/2664/2173 2367/2670/2367 2366/2671/2366
f 2173/2664/2173 2366/2671/2366 2363/2665/2363
f 2367/2670/2367 2365/2669/2365 2366/2671/2366
f 2364/2668/2364 2368/2672/2368 2365/2669/2365
f 2369/2673/2369 2370/2674/2370 2368/2672/2368
f 2361/2675/2361 2359/2663/2359 2356/2653/2356
f 2368/2672/2368 2370/2674/2370 2366/2671/2366
f 2325/2666/2325 2299/2596/2299 2298/2595/2298
f 2173/2664/2173 2168/2454/2168 2155/2437/2155
f 2244/2537/2244 2168/2454/2168 2363/2665/2363
f 2371/2676/2371 2167/2449/2167 2244/2537/2244
f 2368/2672/2368 2366/2671/2366 2365/2669/2365
f 2318/2613/2318 2317/2612/2317 2309/2602/2309
f 2359/2663/2359 2344/2639/2344 2360/2660/2360
f 2371/2676/2371 2244/2537/2244 2372/2677/2372
f 2167/2449/2167 2371/2676/2371 2158/2441/2158
f 2158/2441/2158 2371/2676/2371 2322/2626/2322
f 2359/2663/2359 2331/2624/2331 2356/2653/2356
f 2322/2626/2322 2333/2625/2333 2158/2441/2158
f 2367/2670/2367 2173/2664/2173 2174/2456/2174
f 2367/2670/2367 2174/2456/2174 2335/2629/2335
f 2366/2671/2366 2372/2677/2372 2363/2665/2363
f 2158/2441/2158 2164/2448/2164 2167/2449/2167
f 2370/2674/2370 2373/2678/2373 2366/2671/2366
f 2367/2670/2367 2335/2629/2335 2365/2669/2365
f 2372/2677/2372 2374/2679/2374 2308/2601/2308
f 2322/2626/2322 2371/2676/2371 2372/2677/2372
f 2374/2679/2374 2372/2677/2372 2373/2678/2373
f 2325/2666/2325 2324/2618/2324 2336/2661/2336
f 2366/2671/2366 2373/2678/2373 2372/2677/2372
f 2322/2626/2322 2372/2677/2372 2308/2601/2308
f 2344/2639/2344 2359/2663/2359 2341/2636/2341
f 2244/2537/2244 2363/2665/2363 2372/2677/2372
f 2375/2680/2375 2332/1470/2332 2334/2631/2334
f 2332/1470/2332 2375/2680/2375 2364/2668/2364
f 2368/2672/2368 2364/2668/2364 2369/2673/2369
f 2376/2681/2376 2375/2680/2375 2334/2631/2334
f 2377/2682/2377 2378/2683/2378 2369/2673/2369
f 2370/2674/2370 2369/2673/2369 2373/2678/2373
f 2364/2668/2364 2375/2680/2375 2369/2673/2369
f 2369/2673/2369 2378/2683/2378 2379/2684/2379
f 2380/2685/2380 2378/2683/2378 2377/2682/2377
f 2369/2673/2369 2379/2684/2379 2373/2678/2373
f 2379/2684/2379 2378/2683/2378 2380/2685/2380
f 2376/2681/2376 2334/2631/2334 2337/2632/2337
f 2338/2633/2338 2376/2681/2376 2337/2632/2337
f 2376/2681/2376 2377/2682/2377 2375/2680/2375
f 2382/2686/2382 2383/2687/2383 2362/2662/2362
f 2356/2653/2356 2338/2633/2338 2361/2675/2361
f 2356/2653/2356 2376/2681/2376 2338/2633/2338
f 2356/2653/2356 2383/2687/2383 2376/2681/2376
f 2377/2682/2377 2376/2681/2376 2381/2688/2381
f 2381/2688/2381 2382/2686/2382 2380/2685/2380
f 2375/2680/2375 2377/2682/2377 2369/2673/2369
f 2380/2685/2380 2377/2682/2377 2381/2688/2381
f 2382/2686/2382 2381/2688/2381 2383/2687/2383
f 2338/2633/2338 2341/2636/2341 2361/2675/2361
f 2379/2684/2379 2384/2689/2384 2373/2678/2373
f 2385/2690/2385 2382/2686/2382 2355/2654/2355
f 2374/2679/2374 2373/2678/2373 2384/2689/2384
f 2355/2654/2355 2382/2686/2382 2362/2662/2362
f 2356/2653/2356 2362/2662/2362 2383/2687/2383
f 2309/2602/2309 2374/2679/2374 2384/2689/2384
f 2386/2691/2386 2309/2602/2309 2384/2689/2384
f 2384/2689/2384 2379/2684/2379 2386/2691/2386
f 2309/2602/2309 2386/2691/2386 2318/2613/2318
f 2317/2612/2317 2300/2597/2300 2309/2602/2309
f 2376/2681/2376 2383/2687/2383 2381/2688/2381
f 2308/2601/2308 2374/2679/2374 2309/2602/2309
f 2386/2691/2386 2379/2684/2379 2387/2692/2387
f 2385/2690/2385 2387/2692/2387 2382/2686/2382
f 2387/2692/2387 2379/2684/2379 2380/2685/2380
f 2380/2685/2380 2382/2686/2382 2387/2692/2387
f 2385/2690/2385 2355/2654/2355 2388/2693/2388
f 2354/2651/2354 2388/2693/2388 2355/2654/2355
f 2388/2693/2388 2387/2692/2387 2385/2690/2385
f 2388/2693/2388 2318/2613/2318 2387/2692/2387
f 2315/2610/2315 2318/2613/2318 2343/2638/2343
f 2387/2692/2387 2318/2613/2318 2386/2691/2386
f 2388/2693/2388 2343/2638/2343 2318/2613/2318
f 2354/2651/2354 2343/2638/2343 2388/2693/2388
f 2361/2675/2361 2341/2636/2341 2359/2663/2359
f 2298/2595/2298 2324/2618/2324 2325/2666/2325
f 2303/2599/2303 2310/2603/2310 51/54/51
f 2147/2431/2147 2158/2441/2158 2333/2625/2333
f 2151/2439/2151 2147/2431/2147 2161/2667/2161
f 2161/2667/2161 2147/2431/2147 2333/2625/2333
f 2336/2661/2336 2151/2439/2151 2161/2667/2161
f 2325/2666/2325 2307/2600/2307 2299/2596/2299
f 2333/2625/2333 2307/2600/2307 2325/2666/2325
f 2336/2661/2336 28/48/28 2151/2439/2151
f 2336/2661/2336 2161/2667/2161 2325/2666/2325
f 2310/2603/2310 55/59/55 51/54/51
f 2389/2694/2389 284/572/284 504/571/504
f 2390/2695/2390 2391/2696/2391 2392/2697/2392
f 2389/2698/2389 504/576/504 516/591/516
f 2393/2699/2393 2394/2700/2394 2395/2701/2395
f 2396/2702/2396 2390/2695/2390 2392/2697/2392
f 2397/2703/2397 2391/2704/2391 2390/2705/2390
f 735/818/735 503/585/503 507/587/507
f 2073/2334/2073 2074/2339/2074 2180/2463/2180
f 2393/2699/2393 2399/2706/2399 2394/2700/2394
f 2068/2348/2068 2391/2704/2391 2070/2357/2070
f 2400/2707/2400 1549/1725/1549 2401/2708/2401
f 2398/2709/2398 2391/2704/2391 2397/2703/2397
f 2392/2697/2392 2073/2334/2073 2180/2463/2180
f 2402/2710/2402 2399/2706/2399 2231/2512/2231
f 2068/2340/2068 2073/2334/2073 2391/2696/2391
f 2073/2334/2073 2392/2697/2392 2391/2696/2391
f 2399/2706/2399 2393/2699/2393 2231/2512/2231
f 2402/2710/2402 284/572/284 2389/2694/2389
f 284/572/284 2402/2710/2402 2231/2512/2231
f 2398/2709/2398 2070/2357/2070 2391/2704/2391
f 2088/2356/2088 2070/2357/2070 2398/2709/2398
f 2088/2356/2088 2085/2354/2085 2070/2357/2070
f 1545/2711/1545 1549/1725/1549 1544/1720/1544
f 2411/2712/2411 2400/2707/2400 2401/2708/2401
f 2231/2512/2231 2393/2699/2393 2405/2713/2405
f 2400/2707/2400 1551/1727/1551 1549/1725/1549
f 2406/2714/2406 2088/2356/2088 2398/2709/2398
f 1550/1726/1550 1551/1727/1551 2400/2707/2400
f 735/818/735 1550/1726/1550 2407/2715/2407
f 2407/2715/2407 1550/1726/1550 2411/2712/2411
f 2088/2356/2088 2406/2714/2406 1931/2177/1931
f 2406/2714/2406 1934/2176/1934 1931/2177/1931
f 2411/2712/2411 1550/1726/1550 2400/2707/2400
f 2404/2716/2404 1545/2711/1545 1542/1718/1542
f 1544/1720/1544 1543/1719/1543 1545/2711/1545
f 2088/2356/2088 1931/2177/1931 1932/2175/1932
f 1545/2711/1545 1543/1719/1543 1542/1718/1542
f 1541/1717/1541 1496/1670/1496 2410/2717/2410
f 1545/2711/1545 2401/2708/2401 1549/1725/1549
f 2401/2708/2401 1545/2711/1545 2404/2716/2404
f 2403/2718/2403 503/585/503 735/818/735
f 2407/2715/2407 2411/2712/2411 2412/2719/2412
f 1934/2176/1934 2406/2714/2406 1483/1659/1483
f 519/595/519 503/585/503 520/596/520
f 1483/1659/1483 2406/2714/2406 1496/1670/1496
f 520/596/520 503/585/503 2403/2718/2403
f 2403/2718/2403 735/818/735 2407/2715/2407
f 2407/2715/2407 2413/2720/2413 520/596/520
f 520/596/520 2413/2720/2413 516/591/516
f 2407/2715/2407 520/596/520 2403/2718/2403
f 285/316/285 284/572/284 2231/2512/2231
f 2413/2720/2413 2412/2719/2412 516/591/516
f 2413/2720/2413 2407/2715/2407 2412/2719/2412
f 516/591/516 2412/2719/2412 2389/2698/2389
f 2389/2698/2389 2412/2719/2412 2402/2721/2402
f 2393/2699/2393 2395/2701/2395 2405/2713/2405
f 2412/2719/2412 2414/2722/2414 2394/2723/2394
f 2399/2724/2399 2402/2721/2402 2412/2719/2412
f 2412/2719/2412 2394/2723/2394 2399/2724/2399
f 2405/2713/2405 2395/2701/2395 2415/2725/2415
f 252/278/252 2231/2512/2231 2226/2508/2226
f 2417/2726/2417 2419/2727/2419 2390/2705/2390
f 2417/2728/2417 2396/2702/2396 2420/2729/2420
f 2415/2725/2415 2227/2730/2227 2405/2713/2405
f 2390/2695/2390 2396/2702/2396 2417/2728/2417
f 2421/2731/2421 2420/2729/2420 2422/2732/2422
f 2420/2729/2420 2396/2702/2396 2197/2480/2197
f 2397/2703/2397 2390/2705/2390 2419/2727/2419
f 2423/2733/2423 2424/2734/2424 2420/2729/2420
f 2418/2735/2418 2417/2726/2417 2424/2736/2424
f 2424/2734/2424 2417/2728/2417 2420/2729/2420
f 2423/2733/2423 2420/2729/2420 2421/2731/2421
f 2397/2703/2397 2419/2727/2419 2398/2709/2398
f 2419/2727/2419 2417/2726/2417 2418/2735/2418
f 2426/2737/2426 2424/2734/2424 2423/2733/2423
f 2418/2735/2418 2424/2736/2424 2408/2738/2408
f 2409/2739/2409 2408/2738/2408 2426/2740/2426
f 2425/2741/2425 2419/2727/2419 2418/2735/2418
f 2424/2736/2424 2426/2740/2426 2408/2738/2408
f 2408/2738/2408 2425/2741/2425 2418/2735/2418
f 2392/2697/2392 2180/2463/2180 2396/2702/2396
f 2420/2729/2420 2197/2480/2197 2422/2732/2422
f 2227/2730/2227 2222/2504/2222 2226/2508/2226
f 2396/2702/2396 2180/2463/2180 2199/2518/2199
f 2197/2480/2197 2396/2702/2396 2199/2518/2199
f 2197/2480/2197 2199/2518/2199 2198/2481/2198
f 2405/2713/2405 2227/2730/2227 2231/2512/2231
f 2427/2742/2427 2428/2743/2428 2222/2504/2222
f 2422/2732/2422 2428/2743/2428 2421/2731/2421
f 2227/2730/2227 2226/2508/2226 2231/2512/2231
f 2428/2743/2428 2201/2496/2201 2222/2504/2222
f 2201/2496/2201 2422/2732/2422 2197/2480/2197
f 2428/2743/2428 2423/2733/2423 2421/2731/2421
f 2422/2732/2422 2201/2496/2201 2428/2743/2428
f 2411/2712/2411 2409/2739/2409 2416/2744/2416
f 2429/2745/2429 2222/2504/2222 2415/2725/2415
f 2412/2719/2412 2411/2712/2411 2414/2722/2414
f 2222/2504/2222 2429/2745/2429 2427/2742/2427
f 2227/2730/2227 2415/2725/2415 2222/2504/2222
f 2430/2746/2430 2423/2733/2423 2428/2743/2428
f 2401/2708/2401 2409/2739/2409 2411/2712/2411
f 2416/2747/2416 2430/2746/2430 2431/2748/2431
f 2430/2746/2430 2426/2737/2426 2423/2733/2423
f 2409/2739/2409 2426/2740/2426 2416/2744/2416
f 2429/2745/2429 2431/2748/2431 2427/2742/2427
f 2414/2749/2414 2429/2745/2429 2395/2701/2395
f 2416/2747/2416 2431/2748/2431 2414/2749/2414
f 2415/2725/2415 2395/2701/2395 2429/2745/2429
f 2394/2700/2394 2414/2749/2414 2395/2701/2395
f 2414/2749/2414 2431/2748/2431 2429/2745/2429
f 2416/2747/2416 2426/2737/2426 2430/2746/2430
f 2430/2746/2430 2428/2743/2428 2427/2742/2427
f 2398/2709/2398 2419/2727/2419 2432/2750/2432
f 2431/2748/2431 2430/2746/2430 2427/2742/2427
f 2411/2712/2411 2416/2744/2416 2414/2722/2414
f 2425/2741/2425 2432/2750/2432 2419/2727/2419
f 2425/2741/2425 2408/2738/2408 2433/2751/2433
f 2409/2739/2409 2401/2708/2401 2404/2716/2404
f 2432/2750/2432 2410/2717/2410 2398/2709/2398
f 2409/2739/2409 2404/2716/2404 2433/2751/2433
f 2410/2717/2410 2406/2714/2406 2398/2709/2398
f 2410/2717/2410 2432/2750/2432 2425/2741/2425
f 2197/2480/2197 2200/2486/2200 2201/2496/2201
f 2433/2751/2433 2408/2738/2408 2409/2739/2409
f 2406/2714/2406 2410/2717/2410 1496/1670/1496
f 2404/2716/2404 2410/2717/2410 2433/2751/2433
f 1542/1718/1542 1541/1717/1541 2410/2717/2410
f 1542/1718/1542 2410/2717/2410 2404/2716/2404
f 2433/2751/2433 2410/2717/2410 2425/2741/2425
f 2278/2570/2278 1262/1413/1262 1236/1386/1236
f 2435/2752/2435 1262/1413/1262 2278/2570/2278
f 1308/1463/1308 2435/2752/2435 2319/2614/2319
f 2435/2752/2435 1308/1463/1308 2434/2753/2434
f 2434/2753/2434 1308/1463/1308 1290/1440/1290
f 1262/1413/1262 2434/2753/2434 1290/1440/1290
f 1262/1413/1262 2435/2752/2435 2434/2753/2434
f 1279/1431/1279 1290/1440/1290 1308/1463/1308
f 2284/2580/2284 2295/2592/2295 2285/2581/2285
f 2285/2581/2285 2295/2592/2295 2297/2594/2297
f 2278/2570/2278 2294/2591/2294 2435/2752/2435
f 2285/2581/2285 2297/2594/2297 2294/2591/2294
f 2294/2591/2294 2247/2541/2247 2285/2581/2285
f 2435/2752/2435 2294/2591/2294 2297/2594/2297
f 2294/2591/2294 2278/2570/2278 2293/2590/2293
f 2435/2752/2435 2297/2594/2297 2319/2614/2319
f 2319/2614/2319 2297/2594/2297 2296/2593/2296
f 2319/2614/2319 2296/2593/2296 2320/2615/2320
f 2438/2754/2438 2439/2755/2439 2440/2756/2440
f 1819/2043/1819 1815/2038/1815 1812/2036/1812
f 2440/2756/2440 2441/2757/2441 2438/2754/2438
f 1164/1300/1164 1157/1292/1157 1159/1295/1159
f 1046/2758/1046 921/1090/921 2443/2759/2443
f 2445/2760/2445 2446/2761/2446 1164/1300/1164
f 2447/2762/2447 2448/2763/2448 2449/2764/2449
f 2450/2765/2450 2449/2764/2449 2448/2763/2448
f 2449/2764/2449 1003/1108/1003 2447/2762/2447
f 1044/1163/1044 921/1090/921 1046/2758/1046
f 2451/2766/2451 1044/1163/1044 1046/2758/1046
f 2442/2767/2442 2438/2754/2438 1164/1300/1164
f 2442/2767/2442 1164/1300/1164 1160/1296/1160
f 1164/1300/1164 2452/2768/2452 1157/1292/1157
f 2451/2769/2451 2448/2763/2448 2447/2762/2447
f 1046/2758/1046 2444/2770/2444 2451/2766/2451
f 2451/2769/2451 2444/2771/2444 2448/2763/2448
f 2437/2772/2437 2441/2757/2441 2440/2756/2440
f 2451/2766/2451 1048/2773/1048 1044/1163/1044
f 2441/2757/2441 2446/2761/2446 2445/2760/2445
f 2439/2755/2439 2453/2774/2453 2454/2775/2454
f 2457/2776/2457 2458/2777/2458 2459/2778/2459
f 1164/1300/1164 2438/2754/2438 2445/2760/2445
f 2441/2757/2441 2445/2760/2445 2438/2754/2438
f 2452/2768/2452 1143/1278/1143 1151/1286/1151
f 2446/2761/2446 2452/2768/2452 1164/1300/1164
f 2441/2757/2441 1819/2043/1819 2446/2761/2446
f 1812/2036/1812 1143/1278/1143 2452/2768/2452
f 2452/2768/2452 2446/2761/2446 1812/2036/1812
f 1819/2043/1819 2441/2757/2441 2456/2779/2456
f 1143/1278/1143 1812/2036/1812 1800/1279/1800
f 2460/2780/2460 2454/2775/2454 2461/2781/2461
f 2454/2775/2454 2460/2780/2460 2436/2782/2436
f 2451/2769/2451 1004/1110/1004 1048/1169/1048
f 1812/2036/1812 2446/2761/2446 1819/2043/1819
f 2441/2757/2441 2437/2772/2437 2456/2779/2456
f 2436/2782/2436 2440/2756/2440 2454/2775/2454
f 1819/2043/1819 2456/2779/2456 1822/2044/1822
f 2462/2783/2462 1014/1126/1014 1006/1118/1006
f 2456/2779/2456 2437/2772/2437 1873/2114/1873
f 2460/2780/2460 2463/2784/2463 1883/2127/1883
f 1021/1133/1021 1018/1130/1018 1160/1296/1160
f 2464/2785/2464 1018/1130/1018 1014/1126/1014
f 1865/2106/1865 2465/2786/2465 989/2283/989
f 2457/2776/2457 2459/2778/2459 2450/2765/2450
f 1160/1296/1160 2464/2785/2464 2442/2767/2442
f 2464/2785/2464 2439/2755/2439 2442/2767/2442
f 2464/2785/2464 1160/1296/1160 1018/1130/1018
f 1866/2107/1866 2465/2786/2465 1862/2103/1862
f 2453/2774/2453 2462/2783/2462 2461/2781/2461
f 1862/2103/1862 2465/2786/2465 1865/2106/1865
f 2440/2756/2440 2436/2782/2436 2437/2772/2437
f 2437/2772/2437 2436/2782/2436 2460/2780/2460
f 2439/2755/2439 2438/2754/2438 2442/2767/2442
f 2437/2772/2437 2460/2780/2460 1873/2114/1873
f 1883/2127/1883 1873/2114/1873 2460/2780/2460
f 1866/2107/1866 1867/2108/1867 2466/2787/2466
f 2463/2784/2463 2460/2780/2460 2461/2781/2461
f 2464/2785/2464 2453/2774/2453 2439/2755/2439
f 1867/2108/1867 1876/2117/1876 2455/2788/2455
f 1867/2108/1867 2455/2788/2455 2466/2787/2466
f 2444/2770/2444 2465/2786/2465 2468/2789/2468
f 2465/2786/2465 2443/2759/2443 989/2283/989
f 2453/2774/2453 2461/2781/2461 2454/2775/2454
f 1014/1126/1014 2462/2783/2462 2467/2790/2467
f 2465/2786/2465 2444/2770/2444 2443/2759/2443
f 2464/2785/2464 1014/1126/1014 2467/2790/2467
f 2468/2791/2468 2448/2763/2448 2444/2771/2444
f 2466/2787/2466 2468/2789/2468 2465/2786/2465
f 2444/2770/2444 1046/2758/1046 2443/2759/2443
f 2468/2791/2468 2450/2765/2450 2448/2763/2448
f 2443/2759/2443 921/1090/921 987/1087/987
f 1866/2107/1866 2466/2787/2466 2465/2786/2465
f 989/2283/989 2443/2759/2443 987/1087/987
f 2463/2784/2463 2459/2778/2459 2458/2777/2458
f 2450/2765/2450 2461/2781/2461 2462/2783/2462
f 2466/2792/2466 2457/2776/2457 2468/2791/2468
f 2458/2777/2458 2466/2792/2466 2455/2793/2455
f 2450/2765/2450 2468/2791/2468 2457/2776/2457
f 2464/2785/2464 2467/2790/2467 2453/2774/2453
f 2467/2790/2467 2462/2783/2462 2453/2774/2453
f 2462/2783/2462 1006/1118/1006 2450/2765/2450
f 2461/2781/2461 2450/2765/2450 2459/2778/2459
f 2459/2778/2459 2463/2784/2463 2461/2781/2461
f 2458/2777/2458 2455/2793/2455 2463/2784/2463
f 1873/2114/1873 1858/2099/1858 2456/2779/2456
f 2440/2756/2440 2439/2755/2439 2454/2775/2454
f 2463/2784/2463 2455/2793/2455 1883/2127/1883
f 2458/2777/2458 2457/2776/2457 2466/2792/2466
f 2450/2765/2450 1006/1118/1006 1007/1115/1007
f 1003/1108/1003 1004/1110/1004 2447/2762/2447
f 1007/1115/1007 1003/1108/1003 2449/2764/2449
f 2450/2765/2450 1007/1115/1007 2449/2764/2449
f 2451/2769/2451 2447/2762/2447 1004/1110/1004
f 1858/2099/1858 1873/2114/1873 1871/2112/1871
f 2455/2793/2455 1876/2128/1876 1883/2127/1883
f 1858/2099/1858 1822/2044/1822 2456/2779/2456
f 1151/1286/1151 1157/1292/1157 2452/2768/2452
f 423/488/423 420/485/420 426/491/426
f 2469/2794/2469 2470/2795/2470 2471/2796/2471
f 2472/2797/2472 2473/2798/2473 2474/2799/2474
f 2470/2795/2470 2473/2800/2473 2472/2801/2472
f 426/491/426 433/502/433 431/498/431
f 2475/2802/2475 494/563/494 2476/2803/2476
f 2477/2804/2477 2469/2794/2469 2471/2796/2471
f 426/491/426 431/498/431 2478/2805/2478
f 2475/2806/2475 2474/2799/2474 2473/2798/2473
f 2474/2799/2474 2476/2807/2476 261/286/261
f 2475/2802/2475 495/564/495 494/563/494
f 329/371/329 330/372/330 328/370/328
f 330/372/330 322/361/322 2479/2808/2479
f 2480/2809/2480 2475/2802/2475 2473/2800/2473
f 431/497/431 425/490/425 2478/2810/2478
f 2480/2809/2480 2473/2800/2473 2470/2795/2470
f 2475/2806/2475 2476/2807/2476 2474/2799/2474
f 2481/2811/2481 426/491/426 2478/2805/2478
f 423/488/423 426/491/426 2481/2811/2481
f 417/476/417 2481/2812/2481 2482/2813/2482
f 2478/2810/2478 425/490/425 2483/2814/2483
f 2484/2815/2484 2485/2816/2485 2479/2808/2479
f 325/366/325 328/370/328 330/372/330
f 2481/2812/2481 2478/2810/2478 2483/2814/2483
f 2485/2816/2485 2486/2817/2486 330/372/330
f 2479/2808/2479 2485/2816/2485 330/372/330
f 2487/2818/2487 425/490/425 406/465/406
f 423/488/423 2481/2811/2481 417/478/417
f 325/366/325 2486/2817/2486 326/367/326
f 2483/2814/2483 425/490/425 2487/2818/2487
f 2469/2794/2469 406/465/406 2480/2809/2480
f 2488/2819/2488 2483/2814/2483 2487/2818/2487
f 330/372/330 2486/2817/2486 325/366/325
f 315/356/315 314/378/314 318/357/318
f 293/2820/293 509/575/509 285/577/285
f 2485/2816/2485 2477/2804/2477 2489/2821/2489
f 314/355/314 326/367/326 2489/2821/2489
f 2476/2807/2476 2490/2822/2490 245/304/245
f 509/575/509 293/2820/293 2490/2823/2490
f 245/304/245 246/284/246 2476/2807/2476
f 494/563/494 2490/2823/2490 2476/2803/2476
f 261/286/261 2476/2807/2476 246/284/246
f 245/304/245 2490/2822/2490 293/322/293
f 2485/2816/2485 2489/2821/2489 2486/2817/2486
f 2490/2823/2490 494/563/494 509/575/509
f 2486/2817/2486 2489/2821/2489 326/367/326
f 2472/2797/2472 2474/2799/2474 318/357/318
f 417/476/417 2482/2813/2482 320/362/320
f 2477/2804/2477 2471/2796/2471 2489/2821/2489
f 318/357/318 314/378/314 2472/2797/2472
f 2481/2812/2481 2484/2815/2484 2482/2813/2482
f 321/360/321 320/362/320 2491/2824/2491
f 320/362/320 2482/2813/2482 2491/2824/2491
f 2484/2815/2484 2491/2824/2491 2482/2813/2482
f 2472/2801/2472 314/355/314 2489/2821/2489
f 321/360/321 2491/2824/2491 322/361/322
f 2483/2814/2483 2488/2819/2488 2484/2815/2484
f 2481/2812/2481 2483/2814/2483 2484/2815/2484
f 2485/2816/2485 2484/2815/2484 2488/2819/2488
f 2485/2816/2485 2488/2819/2488 2477/2804/2477
f 322/361/322 2491/2824/2491 2479/2808/2479
f 2484/2815/2484 2479/2808/2479 2491/2824/2491
f 491/464/491 495/564/495 406/465/406
f 2487/2818/2487 406/465/406 2469/2794/2469
f 2469/2794/2469 2480/2809/2480 2470/2795/2470
f 406/465/406 495/564/495 2480/2809/2480
f 2472/2801/2472 2489/2821/2489 2471/2796/2471
f 2474/2799/2474 261/286/261 318/357/318
f 2480/2809/2480 495/564/495 2475/2802/2475
f 2488/2819/2488 2487/2818/2487 2469/2794/2469
f 2472/2801/2472 2471/2796/2471 2470/2795/2470
f 2469/2794/2469 2477/2804/2477 2488/2819/2488
f 264/288/264 326/367/326 314/355/314
