# ERC Mars Yard low-poly collision mesh - approx terrain bumps for robots
o mars_yard_collision
v -16.150300 -14.165800 1.328600
v -15.550300 -14.165800 1.372500
v -14.950300 -14.165800 1.451100
v -14.350300 -14.165800 1.458500
v -13.750300 -14.165800 1.467600
v -13.150300 -14.165800 1.484200
v -16.150300 -13.565800 1.166100
v -15.550300 -13.565800 1.327600
v -14.950300 -13.565800 1.433100
v -14.350300 -13.565800 1.463900
v -13.750300 -13.565800 1.461400
v -13.150300 -13.565800 1.499500
v -12.550300 -13.565800 1.510400
v -11.950300 -13.565800 1.495000
v -11.350300 -13.565800 1.503900
v -10.750300 -13.565800 1.512600
v -10.150300 -13.565800 1.563800
v -9.550300 -13.565800 1.578300
v -8.950300 -13.565800 1.606800
v -16.750300 -12.965800 1.225600
v -16.150300 -12.965800 1.225600
v -15.550300 -12.965800 1.248400
v -14.950300 -12.965800 1.348400
v -14.350300 -12.965800 1.348500
v -13.750300 -12.965800 1.361000
v -13.150300 -12.965800 1.436600
v -12.550300 -12.965800 1.439000
v -11.950300 -12.965800 1.416700
v -11.350300 -12.965800 1.422500
v -10.750300 -12.965800 1.453700
v -10.150300 -12.965800 1.471200
v -9.550300 -12.965800 1.506800
v -8.950300 -12.965800 1.537200
v -8.350300 -12.965800 1.554300
v -7.750300 -12.965800 1.586600
v -7.150300 -12.965800 1.617200
v -6.550300 -12.965800 1.616600
v -5.950300 -12.965800 1.599200
v -5.350300 -12.965800 1.603400
v -16.750300 -12.365800 1.258800
v -16.150300 -12.365800 1.253100
v -15.550300 -12.365800 1.267300
v -14.950300 -12.365800 1.295000
v -14.350300 -12.365800 1.309500
v -13.750300 -12.365800 1.335000
v -13.150300 -12.365800 1.369400
v -12.550300 -12.365800 1.302100
v -11.950300 -12.365800 1.116500
v -11.350300 -12.365800 1.217600
v -10.750300 -12.365800 1.418400
v -10.150300 -12.365800 1.270900
v -9.550300 -12.365800 1.291800
v -8.950300 -12.365800 1.427200
v -8.350300 -12.365800 1.447700
v -7.750300 -12.365800 1.484700
v -7.150300 -12.365800 1.529300
v -6.550300 -12.365800 1.546900
v -5.950300 -12.365800 1.565900
v -5.350300 -12.365800 1.580400
v -4.750300 -12.365800 1.597000
v -4.150300 -12.365800 1.624000
v -3.550300 -12.365800 1.631200
v -2.950300 -12.365800 1.637100
v -2.350300 -12.365800 1.641700
v -1.750300 -12.365800 1.665600
v -16.750300 -11.765800 1.278600
v -16.150300 -11.765800 1.259800
v -15.550300 -11.765800 1.254800
v -14.950300 -11.765800 1.268400
v -14.350300 -11.765800 1.295900
v -13.750300 -11.765800 1.323000
v -13.150300 -11.765800 1.290100
v -12.550300 -11.765800 1.078700
v -11.950300 -11.765800 0.981800
v -11.350300 -11.765800 1.100300
v -10.750300 -11.765800 1.226000
v -10.150300 -11.765800 1.185100
v -9.550300 -11.765800 1.186400
v -8.950300 -11.765800 1.194900
v -8.350300 -11.765800 1.200500
v -7.750300 -11.765800 1.368100
v -7.150300 -11.765800 1.494100
v -6.550300 -11.765800 1.496500
v -5.950300 -11.765800 1.540400
v -5.350300 -11.765800 1.564800
v -4.750300 -11.765800 1.583100
v -4.150300 -11.765800 1.605600
v -3.550300 -11.765800 1.637700
v -2.950300 -11.765800 1.649800
v -2.350300 -11.765800 1.652700
v -1.750300 -11.765800 1.664500
v -1.150300 -11.765800 1.679400
v -0.550300 -11.765800 1.701900
v 0.049700 -11.765800 1.708700
v 0.649700 -11.765800 1.735200
v 1.249700 -11.765800 1.736000
v 1.849700 -11.765800 1.745600
v -16.750300 -11.165800 1.218200
v -16.150300 -11.165800 1.258700
v -15.550300 -11.165800 1.247900
v -14.950300 -11.165800 1.254000
v -14.350300 -11.165800 1.271100
v -13.750300 -11.165800 1.286900
v -13.150300 -11.165800 1.295800
v -12.550300 -11.165800 1.056500
v -11.950300 -11.165800 0.807500
v -11.350300 -11.165800 0.846000
v -10.750300 -11.165800 1.018800
v -10.150300 -11.165800 1.150600
v -9.550300 -11.165800 1.164900
v -8.950300 -11.165800 1.158600
v -8.350300 -11.165800 1.167700
v -7.750300 -11.165800 1.201100
v -7.150300 -11.165800 1.264300
v -6.550300 -11.165800 1.271100
v -5.950300 -11.165800 1.299500
v -5.350300 -11.165800 1.418000
v -4.750300 -11.165800 1.552800
v -4.150300 -11.165800 1.585900
v -3.550300 -11.165800 1.627700
v -2.950300 -11.165800 1.658100
v -2.350300 -11.165800 1.663500
v -1.750300 -11.165800 1.671800
v -1.150300 -11.165800 1.685600
v -0.550300 -11.165800 1.701100
v 0.049700 -11.165800 1.715300
v 0.649700 -11.165800 1.719700
v 1.249700 -11.165800 1.735500
v 1.849700 -11.165800 1.739500
v 2.449700 -11.165800 1.752400
v 3.049700 -11.165800 1.612200
v 3.649700 -11.165800 1.780600
v 4.249700 -11.165800 1.840200
v 4.849700 -11.165800 1.841700
v 5.449700 -11.165800 1.860800
v -16.750300 -10.565800 1.179100
v -16.150300 -10.565800 1.216800
v -15.550300 -10.565800 1.248300
v -14.950300 -10.565800 1.241100
v -14.350300 -10.565800 1.240700
v -13.750300 -10.565800 1.218500
v -13.150300 -10.565800 1.181600
v -12.550300 -10.565800 1.119600
v -11.950300 -10.565800 0.895300
v -11.350300 -10.565800 0.704800
v -10.750300 -10.565800 0.933400
v -10.150300 -10.565800 0.951000
v -9.550300 -10.565800 1.070400
v -8.950300 -10.565800 1.133200
v -8.350300 -10.565800 1.134800
v -7.750300 -10.565800 1.149400
v -7.150300 -10.565800 1.157000
v -6.550300 -10.565800 1.155000
v -5.950300 -10.565800 1.142800
v -5.350300 -10.565800 1.159600
v -4.750300 -10.565800 1.264800
v -4.150300 -10.565800 1.509000
v -3.550300 -10.565800 1.595100
v -2.950300 -10.565800 1.660700
v -2.350300 -10.565800 1.670600
v -1.750300 -10.565800 1.676300
v -1.150300 -10.565800 1.693500
v -0.550300 -10.565800 1.692400
v 0.049700 -10.565800 1.694300
v 0.649700 -10.565800 1.698500
v 1.249700 -10.565800 1.683200
v 1.849700 -10.565800 1.705200
v 2.449700 -10.565800 1.738700
v 3.049700 -10.565800 1.695500
v 3.649700 -10.565800 1.756900
v 4.249700 -10.565800 1.793400
v 4.849700 -10.565800 1.812500
v 5.449700 -10.565800 1.884200
v 6.049700 -10.565800 1.903300
v 6.649700 -10.565800 1.943300
v 7.249700 -10.565800 1.942100
v 7.849700 -10.565800 1.977600
v 8.449700 -10.565800 2.010300
v 9.049700 -10.565800 2.022400
v -17.350300 -9.965800 1.066500
v -16.750300 -9.965800 1.188300
v -16.150300 -9.965800 1.202800
v -15.550300 -9.965800 1.223400
v -14.950300 -9.965800 1.191300
v -14.350300 -9.965800 1.153400
v -13.750300 -9.965800 1.009900
v -13.150300 -9.965800 0.844000
v -12.550300 -9.965800 0.767100
v -11.950300 -9.965800 0.919900
v -11.350300 -9.965800 0.866900
v -10.750300 -9.965800 0.689100
v -10.150300 -9.965800 0.909500
v -9.550300 -9.965800 0.850600
v -8.950300 -9.965800 1.018300
v -8.350300 -9.965800 1.093600
v -7.750300 -9.965800 1.111300
v -7.150300 -9.965800 1.119700
v -6.550300 -9.965800 1.118500
v -5.950300 -9.965800 1.101600
v -5.350300 -9.965800 1.082600
v -4.750300 -9.965800 1.118000
v -4.150300 -9.965800 1.371800
v -3.550300 -9.965800 1.544800
v -2.950300 -9.965800 1.580100
v -2.350300 -9.965800 1.635800
v -1.750300 -9.965800 1.671400
v -1.150300 -9.965800 1.669800
v -0.550300 -9.965800 1.649700
v 0.049700 -9.965800 1.614700
v 0.649700 -9.965800 1.555300
v 1.249700 -9.965800 1.489800
v 1.849700 -9.965800 1.533600
v 2.449700 -9.965800 1.621700
v 3.049700 -9.965800 1.715400
v 3.649700 -9.965800 1.750600
v 4.249700 -9.965800 1.692800
v 4.849700 -9.965800 1.714900
v 5.449700 -9.965800 1.815200
v 6.049700 -9.965800 1.916300
v 6.649700 -9.965800 1.904400
v 7.249700 -9.965800 1.948500
v 7.849700 -9.965800 2.004300
v 8.449700 -9.965800 1.986800
v 9.049700 -9.965800 2.001700
v 9.649700 -9.965800 2.030700
v 10.249700 -9.965800 2.014900
v 10.849700 -9.965800 1.975800
v 11.449700 -9.965800 1.762600
v 12.049700 -9.965800 1.475200
v 12.649700 -9.965800 0.870400
v 13.249700 -9.965800 1.739800
v -17.350300 -9.365800 1.223800
v -16.750300 -9.365800 1.227100
v -16.150300 -9.365800 1.214900
v -15.550300 -9.365800 1.200500
v -14.950300 -9.365800 1.163900
v -14.350300 -9.365800 0.977900
v -13.750300 -9.365800 0.715200
v -13.150300 -9.365800 0.429000
v -12.550300 -9.365800 0.359900
v -11.950300 -9.365800 0.695200
v -11.350300 -9.365800 1.021300
v -10.750300 -9.365800 0.746700
v -10.150300 -9.365800 0.593200
v -9.550300 -9.365800 0.901000
v -8.950300 -9.365800 0.911200
v -8.350300 -9.365800 0.937000
v -7.750300 -9.365800 1.038400
v -7.150300 -9.365800 1.085000
v -6.550300 -9.365800 1.022300
v -5.950300 -9.365800 0.962100
v -5.350300 -9.365800 0.971600
v -4.750300 -9.365800 1.019500
v -4.150300 -9.365800 1.148900
v -3.550300 -9.365800 1.358800
v -2.950300 -9.365800 1.504400
v -2.350300 -9.365800 1.573700
v -1.750300 -9.365800 1.616100
v -1.150300 -9.365800 1.585100
v -0.550300 -9.365800 1.508000
v 0.049700 -9.365800 1.427800
v 0.649700 -9.365800 1.252600
v 1.249700 -9.365800 1.146200
v 1.849700 -9.365800 1.312900
v 2.449700 -9.365800 1.549900
v 3.049700 -9.365800 1.589100
v 3.649700 -9.365800 1.479800
v 4.249700 -9.365800 1.412200
v 4.849700 -9.365800 1.411300
v 5.449700 -9.365800 1.479700
v 6.049700 -9.365800 1.669800
v 6.649700 -9.365800 1.858100
v 7.249700 -9.365800 1.923100
v 7.849700 -9.365800 1.937400
v 8.449700 -9.365800 1.935400
v 9.049700 -9.365800 1.949200
v 9.649700 -9.365800 1.994500
v 10.249700 -9.365800 1.987800
v 10.849700 -9.365800 1.906700
v 11.449700 -9.365800 1.679300
v 12.049700 -9.365800 1.351100
v 12.649700 -9.365800 0.840600
v 13.249700 -9.365800 1.832300
v 13.849700 -9.365800 2.056100
v 14.449700 -9.365800 2.174600
v 15.049700 -9.365800 2.220600
v 15.649700 -9.365800 2.220600
v 16.249700 -9.365800 2.220600
v 16.849700 -9.365800 2.220600
v -17.350300 -8.765800 1.218600
v -16.750300 -8.765800 1.225800
v -16.150300 -8.765800 1.230900
v -15.550300 -8.765800 1.212200
v -14.950300 -8.765800 1.144900
v -14.350300 -8.765800 0.859100
v -13.750300 -8.765800 0.573100
v -13.150300 -8.765800 0.373900
v -12.550300 -8.765800 0.367000
v -11.950300 -8.765800 0.699000
v -11.350300 -8.765800 0.915400
v -10.750300 -8.765800 0.780500
v -10.150300 -8.765800 0.780600
v -9.550300 -8.765800 0.689400
v -8.950300 -8.765800 0.697400
v -8.350300 -8.765800 0.567000
v -7.750300 -8.765800 0.882300
v -7.150300 -8.765800 0.965700
v -6.550300 -8.765800 0.959900
v -5.950300 -8.765800 0.987500
v -5.350300 -8.765800 0.623500
v -4.750300 -8.765800 0.777400
v -4.150300 -8.765800 0.868300
v -3.550300 -8.765800 1.058700
v -2.950300 -8.765800 1.325400
v -2.350300 -8.765800 1.394600
v -1.750300 -8.765800 1.457800
v -1.150300 -8.765800 1.406000
v -0.550300 -8.765800 1.278300
v 0.049700 -8.765800 1.202200
v 0.649700 -8.765800 1.133900
v 1.249700 -8.765800 1.160200
v 1.849700 -8.765800 1.251800
v 2.449700 -8.765800 1.416100
v 3.049700 -8.765800 1.326100
v 3.649700 -8.765800 1.156200
v 4.249700 -8.765800 0.984500
v 4.849700 -8.765800 1.003400
v 5.449700 -8.765800 1.153100
v 6.049700 -8.765800 1.446100
v 6.649700 -8.765800 1.729200
v 7.249700 -8.765800 1.898600
v 7.849700 -8.765800 1.934200
v 8.449700 -8.765800 1.947600
v 9.049700 -8.765800 1.940800
v 9.649700 -8.765800 1.971700
v 10.249700 -8.765800 1.973200
v 10.849700 -8.765800 1.825100
v 11.449700 -8.765800 1.593300
v 12.049700 -8.765800 1.117400
v 12.649700 -8.765800 0.902900
v 13.249700 -8.765800 1.805500
v 13.849700 -8.765800 2.103500
v 14.449700 -8.765800 2.097000
v 15.049700 -8.765800 2.212700
v 15.649700 -8.765800 2.215500
v 16.249700 -8.765800 2.220300
v 16.849700 -8.765800 2.220600
v 17.449700 -8.765800 2.220600
v 18.049700 -8.765800 2.220600
v 18.649700 -8.765800 2.220600
v 19.249700 -8.765800 2.220600
v 19.849700 -8.765800 2.220600
v 20.449700 -8.765800 2.220600
v -17.350300 -8.165800 1.220900
v -16.750300 -8.165800 1.212000
v -16.150300 -8.165800 1.231400
v -15.550300 -8.165800 1.196900
v -14.950300 -8.165800 1.093900
v -14.350300 -8.165800 0.986900
v -13.750300 -8.165800 0.826500
v -13.150300 -8.165800 0.704400
v -12.550300 -8.165800 0.719300
v -11.950300 -8.165800 0.856100
v -11.350300 -8.165800 0.852800
v -10.750300 -8.165800 0.869200
v -10.150300 -8.165800 0.869100
v -9.550300 -8.165800 0.920200
v -8.950300 -8.165800 0.873700
v -8.350300 -8.165800 0.771800
v -7.750300 -8.165800 0.652600
v -7.150300 -8.165800 0.731900
v -6.550300 -8.165800 0.930700
v -5.950300 -8.165800 0.784800
v -5.350300 -8.165800 0.960500
v -4.750300 -8.165800 1.000300
v -4.150300 -8.165800 0.790200
v -3.550300 -8.165800 0.671200
v -2.950300 -8.165800 1.036500
v -2.350300 -8.165800 1.154200
v -1.750300 -8.165800 1.252700
v -1.150300 -8.165800 1.218000
v -0.550300 -8.165800 1.142500
v 0.049700 -8.165800 1.151300
v 0.649700 -8.165800 1.114500
v 1.249700 -8.165800 1.216500
v 1.849700 -8.165800 1.263500
v 2.449700 -8.165800 1.208700
v 3.049700 -8.165800 1.014800
v 3.649700 -8.165800 0.782700
v 4.249700 -8.165800 0.626000
v 4.849700 -8.165800 0.666600
v 5.449700 -8.165800 0.910800
v 6.049700 -8.165800 1.269700
v 6.649700 -8.165800 1.623800
v 7.249700 -8.165800 1.860800
v 7.849700 -8.165800 1.919100
v 8.449700 -8.165800 1.909800
v 9.049700 -8.165800 1.936200
v 9.649700 -8.165800 1.960500
v 10.249700 -8.165800 1.906200
v 10.849700 -8.165800 1.749500
v 11.449700 -8.165800 1.464500
v 12.049700 -8.165800 1.026600
v 12.649700 -8.165800 1.540000
v 13.249700 -8.165800 1.917600
v 13.849700 -8.165800 2.065400
v 14.449700 -8.165800 2.135200
v 15.049700 -8.165800 2.120500
v 15.649700 -8.165800 2.120700
v 16.249700 -8.165800 2.123600
v 16.849700 -8.165800 2.209800
v 17.449700 -8.165800 2.215000
v 18.049700 -8.165800 2.220300
v 18.649700 -8.165800 2.220600
v 19.249700 -8.165800 2.220600
v 19.849700 -8.165800 2.220600
v 20.449700 -8.165800 2.220600
v 21.049700 -8.165800 2.220600
v -17.950300 -7.565800 1.219300
v -17.350300 -7.565800 1.191400
v -16.750300 -7.565800 1.126400
v -16.150300 -7.565800 1.062200
v -15.550300 -7.565800 1.057500
v -14.950300 -7.565800 1.028700
v -14.350300 -7.565800 1.000300
v -13.750300 -7.565800 0.965600
v -13.150300 -7.565800 0.950400
v -12.550300 -7.565800 0.757000
v -11.950300 -7.565800 0.841800
v -11.350300 -7.565800 0.883900
v -10.750300 -7.565800 0.926100
v -10.150300 -7.565800 0.922700
v -9.550300 -7.565800 0.956200
v -8.950300 -7.565800 0.830100
v -8.350300 -7.565800 1.002900
v -7.750300 -7.565800 0.979600
v -7.150300 -7.565800 0.943700
v -6.550300 -7.565800 0.879100
v -5.950300 -7.565800 1.002000
v -5.350300 -7.565800 1.054300
v -4.750300 -7.565800 1.081800
v -4.150300 -7.565800 1.014400
v -3.550300 -7.565800 0.827400
v -2.950300 -7.565800 0.747500
v -2.350300 -7.565800 1.039100
v -1.750300 -7.565800 1.053900
v -1.150300 -7.565800 1.008600
v -0.550300 -7.565800 1.029700
v 0.049700 -7.565800 1.049600
v 0.649700 -7.565800 1.153300
v 1.249700 -7.565800 1.195500
v 1.849700 -7.565800 1.142700
v 2.449700 -7.565800 0.954600
v 3.049700 -7.565800 0.691800
v 3.649700 -7.565800 0.531500
v 4.249700 -7.565800 0.461500
v 4.849700 -7.565800 0.540500
v 5.449700 -7.565800 0.784000
v 6.049700 -7.565800 1.165000
v 6.649700 -7.565800 1.636100
v 7.249700 -7.565800 1.823700
v 7.849700 -7.565800 1.878600
v 8.449700 -7.565800 1.902900
v 9.049700 -7.565800 1.923000
v 9.649700 -7.565800 1.939900
v 10.249700 -7.565800 1.847600
v 10.849700 -7.565800 1.573300
v 11.449700 -7.565800 1.245400
v 12.049700 -7.565800 1.078300
v 12.649700 -7.565800 1.604800
v 13.249700 -7.565800 1.941400
v 13.849700 -7.565800 2.014300
v 14.449700 -7.565800 2.085300
v 15.049700 -7.565800 2.085300
v 15.649700 -7.565800 2.085300
v 16.249700 -7.565800 2.086100
v 16.849700 -7.565800 2.087200
v 17.449700 -7.565800 2.120200
v 18.049700 -7.565800 2.120600
v 18.649700 -7.565800 2.123500
v 19.249700 -7.565800 2.209800
v 19.849700 -7.565800 2.219800
v 20.449700 -7.565800 2.220600
v 21.049700 -7.565800 2.220600
v -17.950300 -6.965800 1.181400
v -17.350300 -6.965800 1.127100
v -16.750300 -6.965800 1.081100
v -16.150300 -6.965800 1.080800
v -15.550300 -6.965800 1.030700
v -14.950300 -6.965800 1.092900
v -14.350300 -6.965800 1.046800
v -13.750300 -6.965800 1.029100
v -13.150300 -6.965800 0.859300
v -12.550300 -6.965800 0.820000
v -11.950300 -6.965800 0.814400
v -11.350300 -6.965800 0.897800
v -10.750300 -6.965800 0.956400
v -10.150300 -6.965800 0.979300
v -9.550300 -6.965800 0.984200
v -8.950300 -6.965800 1.010000
v -8.350300 -6.965800 1.041700
v -7.750300 -6.965800 1.061300
v -7.150300 -6.965800 1.076500
v -6.550300 -6.965800 1.096200
v -5.950300 -6.965800 1.083900
v -5.350300 -6.965800 1.064900
v -4.750300 -6.965800 1.091600
v -4.150300 -6.965800 1.143500
v -3.550300 -6.965800 1.085200
v -2.950300 -6.965800 0.954000
v -2.350300 -6.965800 0.782500
v -1.750300 -6.965800 0.965000
v -1.150300 -6.965800 0.734000
v -0.550300 -6.965800 1.141700
v 0.049700 -6.965800 1.099800
v 0.649700 -6.965800 0.893800
v 1.249700 -6.965800 0.837600
v 1.849700 -6.965800 0.904900
v 2.449700 -6.965800 0.638600
v 3.049700 -6.965800 0.427900
v 3.649700 -6.965800 0.493600
v 4.249700 -6.965800 0.516800
v 4.849700 -6.965800 0.643800
v 5.449700 -6.965800 0.952900
v 6.049700 -6.965800 1.282600
v 6.649700 -6.965800 1.593400
v 7.249700 -6.965800 1.779200
v 7.849700 -6.965800 1.829300
v 8.449700 -6.965800 1.876200
v 9.049700 -6.965800 1.889800
v 9.649700 -6.965800 1.905000
v 10.249700 -6.965800 1.795000
v 10.849700 -6.965800 1.487700
v 11.449700 -6.965800 1.211600
v 12.049700 -6.965800 1.327000
v 12.649700 -6.965800 1.741000
v 13.249700 -6.965800 1.909500
v 13.849700 -6.965800 2.034700
v 14.449700 -6.965800 2.067300
v 15.049700 -6.965800 2.067300
v 15.649700 -6.965800 2.067300
v 16.249700 -6.965800 2.067300
v 16.849700 -6.965800 2.067300
v 17.449700 -6.965800 2.067300
v 18.049700 -6.965800 2.067300
v 18.649700 -6.965800 2.067300
v 19.249700 -6.965800 2.067300
v 19.849700 -6.965800 2.067300
v 20.449700 -6.965800 2.068800
v 21.049700 -6.965800 2.071800
v -17.950300 -6.365800 1.228200
v -17.350300 -6.365800 1.220500
v -16.750300 -6.365800 1.161700
v -16.150300 -6.365800 1.159200
v -15.550300 -6.365800 1.133100
v -14.950300 -6.365800 1.080700
v -14.350300 -6.365800 1.084600
v -13.750300 -6.365800 0.990300
v -13.150300 -6.365800 0.895400
v -12.550300 -6.365800 0.899100
v -11.950300 -6.365800 0.878700
v -11.350300 -6.365800 0.982800
v -10.750300 -6.365800 1.085300
v -10.150300 -6.365800 1.036700
v -9.550300 -6.365800 1.120900
v -8.950300 -6.365800 1.071400
v -8.350300 -6.365800 1.115500
v -7.750300 -6.365800 1.081500
v -7.150300 -6.365800 1.122900
v -6.550300 -6.365800 1.111000
v -5.950300 -6.365800 1.135000
v -5.350300 -6.365800 1.092100
v -4.750300 -6.365800 1.124000
v -4.150300 -6.365800 1.163700
v -3.550300 -6.365800 1.205100
v -2.950300 -6.365800 1.149800
v -2.350300 -6.365800 1.026900
v -1.750300 -6.365800 0.965900
v -1.150300 -6.365800 1.099300
v -0.550300 -6.365800 1.110200
v 0.049700 -6.365800 0.826600
v 0.649700 -6.365800 0.517000
v 1.249700 -6.365800 0.427200
v 1.849700 -6.365800 0.688100
v 2.449700 -6.365800 0.389100
v 3.049700 -6.365800 0.130000
v 3.649700 -6.365800 0.360500
v 4.249700 -6.365800 0.679800
v 4.849700 -6.365800 0.944800
v 5.449700 -6.365800 1.170700
v 6.049700 -6.365800 1.388100
v 6.649700 -6.365800 1.631600
v 7.249700 -6.365800 1.735200
v 7.849700 -6.365800 1.766500
v 8.449700 -6.365800 1.831000
v 9.049700 -6.365800 1.859800
v 9.649700 -6.365800 1.878400
v 10.249700 -6.365800 1.776200
v 10.849700 -6.365800 1.515500
v 11.449700 -6.365800 1.232700
v 12.049700 -6.365800 1.142300
v 12.649700 -6.365800 1.721500
v 13.249700 -6.365800 1.944100
v 13.849700 -6.365800 1.984000
v 14.449700 -6.365800 2.054400
v 15.049700 -6.365800 2.054400
v 15.649700 -6.365800 2.054400
v 16.249700 -6.365800 2.054400
v 16.849700 -6.365800 2.054400
v 17.449700 -6.365800 2.054400
v 18.049700 -6.365800 2.054400
v 18.649700 -6.365800 2.054400
v 19.249700 -6.365800 2.054400
v 19.849700 -6.365800 2.054400
v 20.449700 -6.365800 2.054400
v 21.049700 -6.365800 2.054400
v -17.950300 -5.765800 1.215800
v -17.350300 -5.765800 1.229000
v -16.750300 -5.765800 1.230400
v -16.150300 -5.765800 1.113400
v -15.550300 -5.765800 1.097800
v -14.950300 -5.765800 1.127600
v -14.350300 -5.765800 1.069200
v -13.750300 -5.765800 1.026100
v -13.150300 -5.765800 1.019700
v -12.550300 -5.765800 0.934400
v -11.950300 -5.765800 0.978000
v -11.350300 -5.765800 1.042900
v -10.750300 -5.765800 1.218700
v -10.150300 -5.765800 1.103900
v -9.550300 -5.765800 1.098900
v -8.950300 -5.765800 1.120900
v -8.350300 -5.765800 1.157100
v -7.750300 -5.765800 1.160200
v -7.150300 -5.765800 1.176400
v -6.550300 -5.765800 1.176600
v -5.950300 -5.765800 1.162500
v -5.350300 -5.765800 1.118500
v -4.750300 -5.765800 1.169700
v -4.150300 -5.765800 1.196400
v -3.550300 -5.765800 1.238800
v -2.950300 -5.765800 1.232800
v -2.350300 -5.765800 1.207200
v -1.750300 -5.765800 1.109500
v -1.150300 -5.765800 1.096000
v -0.550300 -5.765800 0.983400
v 0.049700 -5.765800 0.830800
v 0.649700 -5.765800 0.437700
v 1.249700 -5.765800 0.497100
v 1.849700 -5.765800 0.732900
v 2.449700 -5.765800 0.508900
v 3.049700 -5.765800 0.394100
v 3.649700 -5.765800 0.588100
v 4.249700 -5.765800 0.947900
v 4.849700 -5.765800 1.209700
v 5.449700 -5.765800 1.373900
v 6.049700 -5.765800 1.526400
v 6.649700 -5.765800 1.675100
v 7.249700 -5.765800 1.729400
v 7.849700 -5.765800 1.719300
v 8.449700 -5.765800 1.776300
v 9.049700 -5.765800 1.849700
v 9.649700 -5.765800 1.860800
v 10.249700 -5.765800 1.808500
v 10.849700 -5.765800 1.602100
v 11.449700 -5.765800 1.282900
v 12.049700 -5.765800 0.988600
v 12.649700 -5.765800 1.519400
v 13.249700 -5.765800 1.903300
v 13.849700 -5.765800 1.972600
v 14.449700 -5.765800 1.944700
v 15.049700 -5.765800 1.944400
v 15.649700 -5.765800 1.944400
v 16.249700 -5.765800 1.944400
v 16.849700 -5.765800 1.944400
v 17.449700 -5.765800 1.944400
v 18.049700 -5.765800 1.944400
v 18.649700 -5.765800 1.944400
v 19.249700 -5.765800 1.944400
v 19.849700 -5.765800 1.944400
v 20.449700 -5.765800 1.944400
v -17.950300 -5.165800 1.216500
v -17.350300 -5.165800 1.236300
v -16.750300 -5.165800 1.184700
v -16.150300 -5.165800 0.983600
v -15.550300 -5.165800 1.079400
v -14.950300 -5.165800 1.132600
v -14.350300 -5.165800 1.117400
v -13.750300 -5.165800 1.077000
v -13.150300 -5.165800 1.053200
v -12.550300 -5.165800 1.035700
v -11.950300 -5.165800 1.114000
v -11.350300 -5.165800 1.055500
v -10.750300 -5.165800 1.195900
v -10.150300 -5.165800 1.119400
v -9.550300 -5.165800 1.071700
v -8.950300 -5.165800 0.987800
v -8.350300 -5.165800 1.105600
v -7.750300 -5.165800 1.199300
v -7.150300 -5.165800 1.246400
v -6.550300 -5.165800 1.270400
v -5.950300 -5.165800 1.227000
v -5.350300 -5.165800 1.186700
v -4.750300 -5.165800 1.217700
v -4.150300 -5.165800 1.235300
v -3.550300 -5.165800 1.278600
v -2.950300 -5.165800 1.300600
v -2.350300 -5.165800 1.310700
v -1.750300 -5.165800 1.318600
v -1.150300 -5.165800 1.325400
v -0.550300 -5.165800 1.317100
v 0.049700 -5.165800 1.126600
v 0.649700 -5.165800 0.861700
v 1.249700 -5.165800 0.900000
v 1.849700 -5.165800 0.968800
v 2.449700 -5.165800 0.848300
v 3.049700 -5.165800 0.847500
v 3.649700 -5.165800 0.980100
v 4.249700 -5.165800 1.227600
v 4.849700 -5.165800 1.456700
v 5.449700 -5.165800 1.598700
v 6.049700 -5.165800 1.714700
v 6.649700 -5.165800 1.731000
v 7.249700 -5.165800 1.739500
v 7.849700 -5.165800 1.719300
v 8.449700 -5.165800 1.729000
v 9.049700 -5.165800 1.803300
v 9.649700 -5.165800 1.848700
v 10.249700 -5.165800 1.851700
v 10.849700 -5.165800 1.690900
v 11.449700 -5.165800 1.382800
v 12.049700 -5.165800 0.847000
v 12.649700 -5.165800 1.589800
v 13.249700 -5.165800 1.824300
v 13.849700 -5.165800 1.948600
v 14.449700 -5.165800 1.939000
v 15.049700 -5.165800 1.939000
v 15.649700 -5.165800 1.937600
v 16.249700 -5.165800 1.945000
v 16.849700 -5.165800 1.944400
v 17.449700 -5.165800 1.944300
v 18.049700 -5.165800 1.944300
v 18.649700 -5.165800 1.944300
v 19.249700 -5.165800 1.944300
v 19.849700 -5.165800 1.944300
v 20.449700 -5.165800 1.944300
v -18.550300 -4.565800 1.178800
v -17.950300 -4.565800 1.194800
v -17.350300 -4.565800 1.206600
v -16.750300 -4.565800 1.174900
v -16.150300 -4.565800 1.185000
v -15.550300 -4.565800 1.177100
v -14.950300 -4.565800 1.167800
v -14.350300 -4.565800 1.166200
v -13.750300 -4.565800 1.123300
v -13.150300 -4.565800 1.062100
v -12.550300 -4.565800 1.103000
v -11.950300 -4.565800 1.152700
v -11.350300 -4.565800 1.211800
v -10.750300 -4.565800 1.188300
v -10.150300 -4.565800 1.155500
v -9.550300 -4.565800 1.173800
v -8.950300 -4.565800 1.138000
v -8.350300 -4.565800 1.159600
v -7.750300 -4.565800 1.104200
v -7.150300 -4.565800 1.272100
v -6.550300 -4.565800 1.314500
v -5.950300 -4.565800 1.301100
v -5.350300 -4.565800 1.264600
v -4.750300 -4.565800 1.270100
v -4.150300 -4.565800 1.299300
v -3.550300 -4.565800 1.368400
v -2.950300 -4.565800 1.367200
v -2.350300 -4.565800 1.365600
v -1.750300 -4.565800 1.403200
v -1.150300 -4.565800 1.475300
v -0.550300 -4.565800 1.474700
v 0.049700 -4.565800 1.389500
v 0.649700 -4.565800 1.258100
v 1.249700 -4.565800 1.285100
v 1.849700 -4.565800 1.261800
v 2.449700 -4.565800 1.223700
v 3.049700 -4.565800 1.264300
v 3.649700 -4.565800 1.356400
v 4.249700 -4.565800 1.544800
v 4.849700 -4.565800 1.675100
v 5.449700 -4.565800 1.738600
v 6.049700 -4.565800 1.772800
v 6.649700 -4.565800 1.754200
v 7.249700 -4.565800 1.744400
v 7.849700 -4.565800 1.753900
v 8.449700 -4.565800 1.756700
v 9.049700 -4.565800 1.780300
v 9.649700 -4.565800 1.844600
v 10.249700 -4.565800 1.849200
v 10.849700 -4.565800 1.675600
v 11.449700 -4.565800 1.381700
v 12.049700 -4.565800 0.907800
v 12.649700 -4.565800 1.566200
v 13.249700 -4.565800 1.835300
v 13.849700 -4.565800 1.928000
v 14.449700 -4.565800 1.932200
v 15.049700 -4.565800 1.932200
v 15.649700 -4.565800 1.932200
v 16.249700 -4.565800 1.932200
v 16.849700 -4.565800 1.932200
v 17.449700 -4.565800 1.932200
v 18.049700 -4.565800 1.932200
v 18.649700 -4.565800 1.932200
v 19.249700 -4.565800 1.932700
v 19.849700 -4.565800 1.932700
v 20.449700 -4.565800 1.943900
v -18.550300 -3.965800 1.171300
v -17.950300 -3.965800 1.179300
v -17.350300 -3.965800 1.176600
v -16.750300 -3.965800 1.178800
v -16.150300 -3.965800 1.188400
v -15.550300 -3.965800 1.176200
v -14.950300 -3.965800 1.178700
v -14.350300 -3.965800 1.174000
v -13.750300 -3.965800 1.186700
v -13.150300 -3.965800 1.139200
v -12.550300 -3.965800 1.190800
v -11.950300 -3.965800 1.207000
v -11.350300 -3.965800 1.227400
v -10.750300 -3.965800 1.220100
v -10.150300 -3.965800 1.161900
v -9.550300 -3.965800 1.071800
v -8.950300 -3.965800 1.115800
v -8.350300 -3.965800 1.110500
v -7.750300 -3.965800 1.202700
v -7.150300 -3.965800 1.259000
v -6.550300 -3.965800 1.292900
v -5.950300 -3.965800 1.325400
v -5.350300 -3.965800 1.350100
v -4.750300 -3.965800 1.353300
v -4.150300 -3.965800 1.411200
v -3.550300 -3.965800 1.435900
v -2.950300 -3.965800 1.431400
v -2.350300 -3.965800 1.441400
v -1.750300 -3.965800 1.463100
v -1.150300 -3.965800 1.499300
v -0.550300 -3.965800 1.533900
v 0.049700 -3.965800 1.535100
v 0.649700 -3.965800 1.527600
v 1.249700 -3.965800 1.543900
v 1.849700 -3.965800 1.528200
v 2.449700 -3.965800 1.549600
v 3.049700 -3.965800 1.541500
v 3.649700 -3.965800 1.605900
v 4.249700 -3.965800 1.684000
v 4.849700 -3.965800 1.721900
v 5.449700 -3.965800 1.748100
v 6.049700 -3.965800 1.758300
v 6.649700 -3.965800 1.746400
v 7.249700 -3.965800 1.739400
v 7.849700 -3.965800 1.800200
v 8.449700 -3.965800 1.780100
v 9.049700 -3.965800 1.780400
v 9.649700 -3.965800 1.811400
v 10.249700 -3.965800 1.768400
v 10.849700 -3.965800 1.605100
v 11.449700 -3.965800 1.275500
v 12.049700 -3.965800 1.169300
v 12.649700 -3.965800 1.574500
v 13.249700 -3.965800 1.825600
v 13.849700 -3.965800 1.920500
v 14.449700 -3.965800 1.921900
v 15.049700 -3.965800 1.922000
v 15.649700 -3.965800 1.922900
v 16.249700 -3.965800 1.931100
v 16.849700 -3.965800 1.932200
v 17.449700 -3.965800 1.932200
v 18.049700 -3.965800 1.932200
v 18.649700 -3.965800 1.932200
v 19.249700 -3.965800 1.932200
v 19.849700 -3.965800 1.932200
v 20.449700 -3.965800 1.832900
v -18.550300 -3.365800 1.156600
v -17.950300 -3.365800 1.172100
v -17.350300 -3.365800 1.176000
v -16.750300 -3.365800 1.164000
v -16.150300 -3.365800 1.174400
v -15.550300 -3.365800 1.181300
v -14.950300 -3.365800 1.186200
v -14.350300 -3.365800 1.170500
v -13.750300 -3.365800 1.163400
v -13.150300 -3.365800 1.171700
v -12.550300 -3.365800 1.189200
v -11.950300 -3.365800 1.214800
v -11.350300 -3.365800 1.221100
v -10.750300 -3.365800 1.231500
v -10.150300 -3.365800 1.167800
v -9.550300 -3.365800 1.155800
v -8.950300 -3.365800 1.068100
v -8.350300 -3.365800 1.039800
v -7.750300 -3.365800 1.084200
v -7.150300 -3.365800 1.096900
v -6.550300 -3.365800 1.221500
v -5.950300 -3.365800 1.320000
v -5.350300 -3.365800 1.372900
v -4.750300 -3.365800 1.398800
v -4.150300 -3.365800 1.435100
v -3.550300 -3.365800 1.463500
v -2.950300 -3.365800 1.489400
v -2.350300 -3.365800 1.512900
v -1.750300 -3.365800 1.511500
v -1.150300 -3.365800 1.512300
v -0.550300 -3.365800 1.530700
v 0.049700 -3.365800 1.552700
v 0.649700 -3.365800 1.535400
v 1.249700 -3.365800 1.538700
v 1.849700 -3.365800 1.587000
v 2.449700 -3.365800 1.616900
v 3.049700 -3.365800 1.649100
v 3.649700 -3.365800 1.678100
v 4.249700 -3.365800 1.702300
v 4.849700 -3.365800 1.702400
v 5.449700 -3.365800 1.732200
v 6.049700 -3.365800 1.735800
v 6.649700 -3.365800 1.732200
v 7.249700 -3.365800 1.744800
v 7.849700 -3.365800 1.785800
v 8.449700 -3.365800 1.790700
v 9.049700 -3.365800 1.770100
v 9.649700 -3.365800 1.777100
v 10.249700 -3.365800 1.722300
v 10.849700 -3.365800 1.452700
v 11.449700 -3.365800 1.123600
v 12.049700 -3.365800 1.275600
v 12.649700 -3.365800 1.593200
v 13.249700 -3.365800 1.872200
v 13.849700 -3.365800 1.861700
v 14.449700 -3.365800 1.859900
v 15.049700 -3.365800 1.859900
v 15.649700 -3.365800 1.859900
v 16.249700 -3.365800 1.859900
v 16.849700 -3.365800 1.859900
v 17.449700 -3.365800 1.859900
v 18.049700 -3.365800 1.859900
v 18.649700 -3.365800 1.859900
v 19.249700 -3.365800 1.831100
v 19.849700 -3.365800 1.826600
v -18.550300 -2.765800 1.174000
v -17.950300 -2.765800 1.171000
v -17.350300 -2.765800 1.176700
v -16.750300 -2.765800 1.181800
v -16.150300 -2.765800 1.188400
v -15.550300 -2.765800 1.188900
v -14.950300 -2.765800 1.185100
v -14.350300 -2.765800 1.175300
v -13.750300 -2.765800 1.165500
v -13.150300 -2.765800 1.158100
v -12.550300 -2.765800 1.191000
v -11.950300 -2.765800 1.220800
v -11.350300 -2.765800 1.237400
v -10.750300 -2.765800 1.250600
v -10.150300 -2.765800 1.258000
v -9.550300 -2.765800 1.257000
v -8.950300 -2.765800 1.225800
v -8.350300 -2.765800 1.232200
v -7.750300 -2.765800 1.246300
v -7.150300 -2.765800 1.267800
v -6.550300 -2.765800 1.278700
v -5.950300 -2.765800 1.333700
v -5.350300 -2.765800 1.377600
v -4.750300 -2.765800 1.397400
v -4.150300 -2.765800 1.434400
v -3.550300 -2.765800 1.463100
v -2.950300 -2.765800 1.495600
v -2.350300 -2.765800 1.501200
v -1.750300 -2.765800 1.520800
v -1.150300 -2.765800 1.495400
v -0.550300 -2.765800 1.496900
v 0.049700 -2.765800 1.535000
v 0.649700 -2.765800 1.547600
v 1.249700 -2.765800 1.525500
v 1.849700 -2.765800 1.577000
v 2.449700 -2.765800 1.600700
v 3.049700 -2.765800 1.631600
v 3.649700 -2.765800 1.668700
v 4.249700 -2.765800 1.689000
v 4.849700 -2.765800 1.692500
v 5.449700 -2.765800 1.704300
v 6.049700 -2.765800 1.704300
v 6.649700 -2.765800 1.689600
v 7.249700 -2.765800 1.715200
v 7.849700 -2.765800 1.765200
v 8.449700 -2.765800 1.781800
v 9.049700 -2.765800 1.806300
v 9.649700 -2.765800 1.786900
v 10.249700 -2.765800 1.696500
v 10.849700 -2.765800 1.357600
v 11.449700 -2.765800 0.966700
v 12.049700 -2.765800 1.290600
v 12.649700 -2.765800 1.634700
v 13.249700 -2.765800 1.856900
v 13.849700 -2.765800 1.932500
v 14.449700 -2.765800 1.931700
v 15.049700 -2.765800 1.931600
v 15.649700 -2.765800 1.930900
v 16.249700 -2.765800 1.842900
v 16.849700 -2.765800 1.841000
v 17.449700 -2.765800 1.841000
v 18.049700 -2.765800 1.840600
v 18.649700 -2.765800 1.809000
v 19.249700 -2.765800 1.826600
v 19.849700 -2.765800 1.826600
v -19.150300 -2.165800 1.156500
v -18.550300 -2.165800 1.163100
v -17.950300 -2.165800 1.176400
v -17.350300 -2.165800 1.176700
v -16.750300 -2.165800 1.178700
v -16.150300 -2.165800 1.186400
v -15.550300 -2.165800 1.174700
v -14.950300 -2.165800 1.188700
v -14.350300 -2.165800 1.177100
v -13.750300 -2.165800 1.160200
v -13.150300 -2.165800 1.160700
v -12.550300 -2.165800 1.176300
v -11.950300 -2.165800 1.219600
v -11.350300 -2.165800 1.238700
v -10.750300 -2.165800 1.266400
v -10.150300 -2.165800 1.270100
v -9.550300 -2.165800 1.279700
v -8.950300 -2.165800 1.282000
v -8.350300 -2.165800 1.287600
v -7.750300 -2.165800 1.278900
v -7.150300 -2.165800 1.319100
v -6.550300 -2.165800 1.322600
v -5.950300 -2.165800 1.338700
v -5.350300 -2.165800 1.372300
v -4.750300 -2.165800 1.402800
v -4.150300 -2.165800 1.435100
v -3.550300 -2.165800 1.450500
v -2.950300 -2.165800 1.450600
v -2.350300 -2.165800 1.465800
v -1.750300 -2.165800 1.446100
v -1.150300 -2.165800 1.397400
v -0.550300 -2.165800 1.374700
v 0.049700 -2.165800 1.407900
v 0.649700 -2.165800 1.478700
v 1.249700 -2.165800 1.538200
v 1.849700 -2.165800 1.559600
v 2.449700 -2.165800 1.583700
v 3.049700 -2.165800 1.596700
v 3.649700 -2.165800 1.633100
v 4.249700 -2.165800 1.628400
v 4.849700 -2.165800 1.658600
v 5.449700 -2.165800 1.659900
v 6.049700 -2.165800 1.678200
v 6.649700 -2.165800 1.675100
v 7.249700 -2.165800 1.687300
v 7.849700 -2.165800 1.767300
v 8.449700 -2.165800 1.763100
v 9.049700 -2.165800 1.767800
v 9.649700 -2.165800 1.660200
v 10.249700 -2.165800 1.646500
v 10.849700 -2.165800 1.328900
v 11.449700 -2.165800 0.837000
v 12.049700 -2.165800 1.296700
v 12.649700 -2.165800 1.708200
v 13.249700 -2.165800 1.849400
v 13.849700 -2.165800 1.884100
v 14.449700 -2.165800 1.841000
v 15.049700 -2.165800 1.841000
v 15.649700 -2.165800 1.841000
v 16.249700 -2.165800 1.842300
v 16.849700 -2.165800 1.876000
v 17.449700 -2.165800 1.877500
v 18.049700 -2.165800 1.762700
v 18.649700 -2.165800 1.826500
v 19.249700 -2.165800 1.826600
v 19.849700 -2.165800 1.826600
v -19.150300 -1.565800 1.182800
v -18.550300 -1.565800 1.177900
v -17.950300 -1.565800 1.182200
v -17.350300 -1.565800 1.175800
v -16.750300 -1.565800 1.168700
v -16.150300 -1.565800 1.187000
v -15.550300 -1.565800 1.189100
v -14.950300 -1.565800 1.187500
v -14.350300 -1.565800 1.140100
v -13.750300 -1.565800 1.150100
v -13.150300 -1.565800 1.165500
v -12.550300 -1.565800 1.188700
v -11.950300 -1.565800 1.174100
v -11.350300 -1.565800 1.216800
v -10.750300 -1.565800 1.262200
v -10.150300 -1.565800 1.286900
v -9.550300 -1.565800 0.978400
v -8.950300 -1.565800 1.276700
v -8.350300 -1.565800 1.302800
v -7.750300 -1.565800 1.322000
v -7.150300 -1.565800 1.329300
v -6.550300 -1.565800 1.346000
v -5.950300 -1.565800 1.352200
v -5.350300 -1.565800 1.370200
v -4.750300 -1.565800 1.387200
v -4.150300 -1.565800 1.389400
v -3.550300 -1.565800 1.371600
v -2.950300 -1.565800 1.333700
v -2.350300 -1.565800 1.321800
v -1.750300 -1.565800 1.251400
v -1.150300 -1.565800 1.106900
v -0.550300 -1.565800 1.061600
v 0.049700 -1.565800 1.183700
v 0.649700 -1.565800 1.330100
v 1.249700 -1.565800 1.422800
v 1.849700 -1.565800 1.554600
v 2.449700 -1.565800 1.578000
v 3.049700 -1.565800 1.614400
v 3.649700 -1.565800 1.604000
v 4.249700 -1.565800 1.635000
v 4.849700 -1.565800 1.636100
v 5.449700 -1.565800 1.598700
v 6.049700 -1.565800 1.596300
v 6.649700 -1.565800 1.622500
v 7.249700 -1.565800 1.634200
v 7.849700 -1.565800 1.671000
v 8.449700 -1.565800 1.738100
v 9.049700 -1.565800 1.676100
v 9.649700 -1.565800 1.557100
v 10.249700 -1.565800 1.573500
v 10.849700 -1.565800 1.303000
v 11.449700 -1.565800 0.835200
v 12.049700 -1.565800 1.449900
v 12.649700 -1.565800 1.690100
v 13.249700 -1.565800 1.792900
v 13.849700 -1.565800 1.871000
v 14.449700 -1.565800 1.877400
v 15.049700 -1.565800 1.878300
v 15.649700 -1.565800 1.878300
v 16.249700 -1.565800 1.878300
v 16.849700 -1.565800 1.905800
v 17.449700 -1.565800 1.767400
v 18.049700 -1.565800 1.808800
v 18.649700 -1.565800 1.826600
v 19.249700 -1.565800 1.826600
v 19.849700 -1.565800 1.826600
v -19.150300 -0.965800 1.177500
v -18.550300 -0.965800 1.177800
v -17.950300 -0.965800 1.182900
v -17.350300 -0.965800 1.170900
v -16.750300 -0.965800 1.172300
v -16.150300 -0.965800 1.173200
v -15.550300 -0.965800 1.197300
v -14.950300 -0.965800 1.165800
v -14.350300 -0.965800 1.136600
v -13.750300 -0.965800 1.170100
v -13.150300 -0.965800 1.157800
v -12.550300 -0.965800 1.133100
v -11.950300 -0.965800 1.102600
v -11.350300 -0.965800 1.108100
v -10.750300 -0.965800 1.123400
v -10.150300 -0.965800 1.190000
v -9.550300 -0.965800 1.203000
v -8.950300 -0.965800 1.196700
v -8.350300 -0.965800 1.181600
v -7.750300 -0.965800 1.332600
v -7.150300 -0.965800 1.350400
v -6.550300 -0.965800 1.349400
v -5.950300 -0.965800 1.358600
v -5.350300 -0.965800 1.368400
v -4.750300 -0.965800 1.401100
v -4.150300 -0.965800 1.351800
v -3.550300 -0.965800 1.282800
v -2.950300 -0.965800 1.215200
v -2.350300 -0.965800 1.110900
v -1.750300 -0.965800 0.990400
v -1.150300 -0.965800 0.892400
v -0.550300 -0.965800 0.891600
v 0.049700 -0.965800 0.918100
v 0.649700 -0.965800 1.039700
v 1.249700 -0.965800 1.353300
v 1.849700 -0.965800 1.544500
v 2.449700 -0.965800 1.586100
v 3.049700 -0.965800 1.626800
v 3.649700 -0.965800 1.635200
v 4.249700 -0.965800 1.618500
v 4.849700 -0.965800 1.535500
v 5.449700 -0.965800 1.549700
v 6.049700 -0.965800 1.535100
v 6.649700 -0.965800 1.509000
v 7.249700 -0.965800 1.508000
v 7.849700 -0.965800 1.526900
v 8.449700 -0.965800 1.590300
v 9.049700 -0.965800 1.628000
v 9.649700 -0.965800 1.663300
v 10.249700 -0.965800 1.589800
v 10.849700 -0.965800 1.309100
v 11.449700 -0.965800 0.878200
v 12.049700 -0.965800 1.354500
v 12.649700 -0.965800 1.509700
v 13.249700 -0.965800 1.612700
v 13.849700 -0.965800 1.837500
v 14.449700 -0.965800 1.883000
v 15.049700 -0.965800 1.883000
v 15.649700 -0.965800 1.882200
v 16.249700 -0.965800 1.884000
v 16.849700 -0.965800 1.886100
v 17.449700 -0.965800 1.762700
v 18.049700 -0.965800 1.826500
v 18.649700 -0.965800 1.826600
v 19.249700 -0.965800 1.826600
v 19.849700 -0.965800 1.910400
v -19.150300 -0.365800 1.189000
v -18.550300 -0.365800 1.181500
v -17.950300 -0.365800 1.175500
v -17.350300 -0.365800 1.170400
v -16.750300 -0.365800 1.175800
v -16.150300 -0.365800 1.166800
v -15.550300 -0.365800 1.174600
v -14.950300 -0.365800 1.147500
v -14.350300 -0.365800 1.151200
v -13.750300 -0.365800 1.126100
v -13.150300 -0.365800 1.097500
v -12.550300 -0.365800 1.064400
v -11.950300 -0.365800 0.989800
v -11.350300 -0.365800 0.897600
v -10.750300 -0.365800 0.854500
v -10.150300 -0.365800 0.888600
v -9.550300 -0.365800 0.898000
v -8.950300 -0.365800 0.956900
v -8.350300 -0.365800 1.155000
v -7.750300 -0.365800 1.278500
v -7.150300 -0.365800 1.019500
v -6.550300 -0.365800 1.343800
v -5.950300 -0.365800 1.362800
v -5.350300 -0.365800 1.370900
v -4.750300 -0.365800 1.377800
v -4.150300 -0.365800 1.310100
v -3.550300 -0.365800 1.185200
v -2.950300 -0.365800 1.084700
v -2.350300 -0.365800 0.954300
v -1.750300 -0.365800 0.852200
v -1.150300 -0.365800 0.837500
v -0.550300 -0.365800 0.858200
v 0.049700 -0.365800 0.898300
v 0.649700 -0.365800 0.906900
v 1.249700 -0.365800 1.253500
v 1.849700 -0.365800 1.498000
v 2.449700 -0.365800 1.574700
v 3.049700 -0.365800 1.595700
v 3.649700 -0.365800 1.594100
v 4.249700 -0.365800 1.574500
v 4.849700 -0.365800 1.526500
v 5.449700 -0.365800 1.461500
v 6.049700 -0.365800 1.469300
v 6.649700 -0.365800 1.467400
v 7.249700 -0.365800 1.472000
v 7.849700 -0.365800 1.453500
v 8.449700 -0.365800 1.450000
v 9.049700 -0.365800 1.502800
v 9.649700 -0.365800 1.514000
v 10.249700 -0.365800 1.375200
v 10.849700 -0.365800 1.377900
v 11.449700 -0.365800 1.035500
v 12.049700 -0.365800 1.228800
v 12.649700 -0.365800 1.495500
v 13.249700 -0.365800 1.532100
v 13.849700 -0.365800 1.771000
v 14.449700 -0.365800 1.900600
v 15.049700 -0.365800 1.872400
v 15.649700 -0.365800 1.896200
v 16.249700 -0.365800 1.907400
v 16.849700 -0.365800 1.767400
v 17.449700 -0.365800 1.808800
v 18.049700 -0.365800 1.826600
v 18.649700 -0.365800 1.826600
v 19.249700 -0.365800 1.910400
v -19.150300 0.234200 1.168100
v -18.550300 0.234200 1.173700
v -17.950300 0.234200 1.185000
v -17.350300 0.234200 1.186900
v -16.750300 0.234200 1.184400
v -16.150300 0.234200 1.174300
v -15.550300 0.234200 1.151600
v -14.950300 0.234200 1.074700
v -14.350300 0.234200 0.939000
v -13.750300 0.234200 0.889500
v -13.150300 0.234200 0.856700
v -12.550300 0.234200 0.878000
v -11.950300 0.234200 0.876500
v -11.350300 0.234200 0.849900
v -10.750300 0.234200 0.805400
v -10.150300 0.234200 0.787900
v -9.550300 0.234200 0.751900
v -8.950300 0.234200 0.742300
v -8.350300 0.234200 0.901200
v -7.750300 0.234200 1.148400
v -7.150300 0.234200 1.291600
v -6.550300 0.234200 1.354900
v -5.950300 0.234200 1.360600
v -5.350300 0.234200 1.376500
v -4.750300 0.234200 1.383700
v -4.150300 0.234200 1.270500
v -3.550300 0.234200 1.118000
v -2.950300 0.234200 0.977000
v -2.350300 0.234200 0.865400
v -1.750300 0.234200 0.829300
v -1.150300 0.234200 0.837900
v -0.550300 0.234200 0.842000
v 0.049700 0.234200 0.852900
v 0.649700 0.234200 0.885800
v 1.249700 0.234200 1.159400
v 1.849700 0.234200 1.466700
v 2.449700 0.234200 1.566800
v 3.049700 0.234200 1.589000
v 3.649700 0.234200 1.580700
v 4.249700 0.234200 1.565100
v 4.849700 0.234200 1.472800
v 5.449700 0.234200 1.335000
v 6.049700 0.234200 1.294600
v 6.649700 0.234200 1.290500
v 7.249700 0.234200 1.355900
v 7.849700 0.234200 1.427400
v 8.449700 0.234200 1.444600
v 9.049700 0.234200 1.455300
v 9.649700 0.234200 1.459200
v 10.249700 0.234200 1.536400
v 10.849700 0.234200 1.459300
v 11.449700 0.234200 1.110400
v 12.049700 0.234200 1.025300
v 12.649700 0.234200 1.383000
v 13.249700 0.234200 1.535200
v 13.849700 0.234200 1.683100
v 14.449700 0.234200 1.879900
v 15.049700 0.234200 1.896900
v 15.649700 0.234200 1.884400
v 16.249700 0.234200 1.886100
v 16.849700 0.234200 1.762700
v 17.449700 0.234200 1.826500
v 18.049700 0.234200 1.826600
v 18.649700 0.234200 1.910400
v 19.249700 0.234200 1.920400
v -19.750300 0.834200 1.169200
v -19.150300 0.834200 1.174100
v -18.550300 0.834200 1.163700
v -17.950300 0.834200 1.180300
v -17.350300 0.834200 1.181400
v -16.750300 0.834200 1.203600
v -16.150300 0.834200 1.207300
v -15.550300 0.834200 1.140800
v -14.950300 0.834200 0.917000
v -14.350300 0.834200 0.805200
v -13.750300 0.834200 0.791600
v -13.150300 0.834200 0.790700
v -12.550300 0.834200 0.760200
v -11.950300 0.834200 0.790300
v -11.350300 0.834200 0.771900
v -10.750300 0.834200 0.780100
v -10.150300 0.834200 0.755700
v -9.550300 0.834200 0.726100
v -8.950300 0.834200 0.698600
v -8.350300 0.834200 0.718800
v -7.750300 0.834200 0.915700
v -7.150300 0.834200 1.232300
v -6.550300 0.834200 1.334300
v -5.950300 0.834200 1.342800
v -5.350300 0.834200 1.383100
v -4.750300 0.834200 1.311100
v -4.150300 0.834200 1.127700
v -3.550300 0.834200 0.933600
v -2.950300 0.834200 0.875200
v -2.350300 0.834200 0.842400
v -1.750300 0.834200 0.781700
v -1.150300 0.834200 0.791400
v -0.550300 0.834200 0.832700
v 0.049700 0.834200 0.856700
v 0.649700 0.834200 0.893000
v 1.249700 0.834200 1.173400
v 1.849700 0.834200 1.468500
v 2.449700 0.834200 1.552700
v 3.049700 0.834200 1.571500
v 3.649700 0.834200 1.546300
v 4.249700 0.834200 1.438300
v 4.849700 0.834200 1.286900
v 5.449700 0.834200 1.130200
v 6.049700 0.834200 1.065000
v 6.649700 0.834200 1.111400
v 7.249700 0.834200 1.157300
v 7.849700 0.834200 1.263400
v 8.449700 0.834200 1.376900
v 9.049700 0.834200 1.438000
v 9.649700 0.834200 1.463300
v 10.249700 0.834200 1.520900
v 10.849700 0.834200 1.513700
v 11.449700 0.834200 1.175700
v 12.049700 0.834200 0.909700
v 12.649700 0.834200 1.431000
v 13.249700 0.834200 1.541900
v 13.849700 0.834200 1.624700
v 14.449700 0.834200 1.863100
v 15.049700 0.834200 1.897700
v 15.649700 0.834200 1.906800
v 16.249700 0.834200 1.767400
v 16.849700 0.834200 1.808800
v 17.449700 0.834200 1.826600
v 18.049700 0.834200 1.910400
v 18.649700 0.834200 1.920200
v 19.249700 0.834200 1.960600
v -19.750300 1.434200 1.159900
v -19.150300 1.434200 1.183400
v -18.550300 1.434200 1.182000
v -17.950300 1.434200 1.192800
v -17.350300 1.434200 1.188800
v -16.750300 1.434200 1.220200
v -16.150300 1.434200 1.200000
v -15.550300 1.434200 1.135500
v -14.950300 1.434200 0.859200
v -14.350300 1.434200 0.794800
v -13.750300 1.434200 0.771300
v -13.150300 1.434200 0.778400
v -12.550300 1.434200 0.708500
v -11.950300 1.434200 0.707100
v -11.350300 1.434200 0.747400
v -10.750300 1.434200 0.751900
v -10.150300 1.434200 0.753100
v -9.550300 1.434200 0.728500
v -8.950300 1.434200 0.707400
v -8.350300 1.434200 0.717200
v -7.750300 1.434200 0.776100
v -7.150300 1.434200 1.123600
v -6.550300 1.434200 1.319200
v -5.950300 1.434200 1.346200
v -5.350300 1.434200 1.350500
v -4.750300 1.434200 1.225200
v -4.150300 1.434200 0.911000
v -3.550300 1.434200 0.826200
v -2.950300 1.434200 0.789800
v -2.350300 1.434200 0.667000
v -1.750300 1.434200 0.641500
v -1.150300 1.434200 0.838900
v -0.550300 1.434200 0.847800
v 0.049700 1.434200 0.884200
v 0.649700 1.434200 0.980000
v 1.249700 1.434200 1.309900
v 1.849700 1.434200 1.506200
v 2.449700 1.434200 1.534900
v 3.049700 1.434200 1.557300
v 3.649700 1.434200 1.536100
v 4.249700 1.434200 1.370600
v 4.849700 1.434200 1.146900
v 5.449700 1.434200 0.924300
v 6.049700 1.434200 0.890500
v 6.649700 1.434200 0.913100
v 7.249700 1.434200 0.979200
v 7.849700 1.434200 1.088900
v 8.449700 1.434200 1.218400
v 9.049700 1.434200 1.323700
v 9.649700 1.434200 1.409200
v 10.249700 1.434200 1.464900
v 10.849700 1.434200 1.506800
v 11.449700 1.434200 1.201600
v 12.049700 1.434200 0.973200
v 12.649700 1.434200 1.391200
v 13.249700 1.434200 1.483100
v 13.849700 1.434200 1.512900
v 14.449700 1.434200 1.762700
v 15.049700 1.434200 1.839000
v 15.649700 1.434200 1.863000
v 16.249700 1.434200 1.826900
v 16.849700 1.434200 1.825900
v 17.449700 1.434200 1.911100
v 18.049700 1.434200 1.920200
v 18.649700 1.434200 1.956500
v 19.249700 1.434200 1.957800
v -19.750300 2.034100 1.179900
v -19.150300 2.034100 1.192700
v -18.550300 2.034100 1.207500
v -17.950300 2.034100 1.204300
v -17.350300 2.034100 1.199300
v -16.750300 2.034100 1.228000
v -16.150300 2.034100 1.261800
v -15.550300 2.034100 1.156400
v -14.950300 2.034100 0.878100
v -14.350300 2.034100 0.822900
v -13.750300 2.034100 0.824000
v -13.150300 2.034100 0.797300
v -12.550300 2.034100 0.657800
v -11.950300 2.034100 0.679000
v -11.350300 2.034100 0.655400
v -10.750300 2.034100 0.720400
v -10.150300 2.034100 0.744300
v -9.550300 2.034100 0.744100
v -8.950300 2.034100 0.685900
v -8.350300 2.034100 0.631900
v -7.750300 2.034100 0.750200
v -7.150300 2.034100 1.041200
v -6.550300 2.034100 1.296100
v -5.950300 2.034100 1.352900
v -5.350300 2.034100 1.323800
v -4.750300 2.034100 1.144800
v -4.150300 2.034100 0.861500
v -3.550300 2.034100 0.811400
v -2.950300 2.034100 0.805700
v -2.350300 2.034100 0.759000
v -1.750300 2.034100 0.756700
v -1.150300 2.034100 0.804600
v -0.550300 2.034100 0.865400
v 0.049700 2.034100 0.938500
v 0.649700 2.034100 1.215700
v 1.249700 2.034100 1.388300
v 1.849700 2.034100 1.510300
v 2.449700 2.034100 1.526800
v 3.049700 2.034100 1.549900
v 3.649700 2.034100 1.489700
v 4.249700 2.034100 1.378500
v 4.849700 2.034100 1.173400
v 5.449700 2.034100 0.987400
v 6.049700 2.034100 0.835700
v 6.649700 2.034100 0.831700
v 7.249700 2.034100 0.852900
v 7.849700 2.034100 0.925200
v 8.449700 2.034100 1.046300
v 9.049700 2.034100 1.209000
v 9.649700 2.034100 1.338300
v 10.249700 2.034100 1.434700
v 10.849700 2.034100 1.473300
v 11.449700 2.034100 1.123300
v 12.049700 2.034100 1.079900
v 12.649700 2.034100 1.422800
v 13.249700 2.034100 1.480000
v 13.849700 2.034100 1.458300
v 14.449700 2.034100 1.543500
v 15.049700 2.034100 1.689200
v 15.649700 2.034100 1.800000
v 16.249700 2.034100 1.830200
v 16.849700 2.034100 1.857800
v 17.449700 2.034100 1.920700
v 18.049700 2.034100 1.956100
v 18.649700 2.034100 1.961300
v -19.750300 2.634100 1.186000
v -19.150300 2.634100 1.195400
v -18.550300 2.634100 1.208700
v -17.950300 2.634100 1.220300
v -17.350300 2.634100 1.207300
v -16.750300 2.634100 1.221700
v -16.150300 2.634100 1.263600
v -15.550300 2.634100 1.170900
v -14.950300 2.634100 0.868400
v -14.350300 2.634100 0.819500
v -13.750300 2.634100 0.796000
v -13.150300 2.634100 0.800200
v -12.550300 2.634100 0.802600
v -11.950300 2.634100 0.615800
v -11.350300 2.634100 0.734900
v -10.750300 2.634100 0.746900
v -10.150300 2.634100 0.728000
v -9.550300 2.634100 0.563300
v -8.950300 2.634100 0.740000
v -8.350300 2.634100 0.737400
v -7.750300 2.634100 0.778700
v -7.150300 2.634100 1.012800
v -6.550300 2.634100 1.298900
v -5.950300 2.634100 1.337900
v -5.350300 2.634100 1.330700
v -4.750300 2.634100 1.203300
v -4.150300 2.634100 0.936300
v -3.550300 2.634100 0.813200
v -2.950300 2.634100 0.788300
v -2.350300 2.634100 0.800800
v -1.750300 2.634100 0.847000
v -1.150300 2.634100 0.841100
v -0.550300 2.634100 0.937100
v 0.049700 2.634100 1.133000
v 0.649700 2.634100 1.352700
v 1.249700 2.634100 1.480200
v 1.849700 2.634100 1.516100
v 2.449700 2.634100 1.530600
v 3.049700 2.634100 1.538500
v 3.649700 2.634100 1.525200
v 4.249700 2.634100 1.565300
v 4.849700 2.634100 1.532500
v 5.449700 2.634100 1.414100
v 6.049700 2.634100 1.331700
v 6.649700 2.634100 1.306200
v 7.249700 2.634100 1.154500
v 7.849700 2.634100 0.857700
v 8.449700 2.634100 0.929800
v 9.049700 2.634100 1.083900
v 9.649700 2.634100 1.276100
v 10.249700 2.634100 1.446700
v 10.849700 2.634100 1.466800
v 11.449700 2.634100 1.158200
v 12.049700 2.634100 1.179600
v 12.649700 2.634100 1.417800
v 13.249700 2.634100 1.469300
v 13.849700 2.634100 1.502000
v 14.449700 2.634100 1.517900
v 15.049700 2.634100 1.513900
v 15.649700 2.634100 1.577000
v 16.249700 2.634100 1.621200
v 16.849700 2.634100 1.772700
v 17.449700 2.634100 1.922600
v 18.049700 2.634100 1.949000
v 18.649700 2.634100 1.970600
v -20.350300 3.234100 1.264300
v -19.750300 3.234100 1.225500
v -19.150300 3.234100 1.225500
v -18.550300 3.234100 1.211400
v -17.950300 3.234100 1.225400
v -17.350300 3.234100 1.228500
v -16.750300 3.234100 1.247100
v -16.150300 3.234100 1.239900
v -15.550300 3.234100 1.160500
v -14.950300 3.234100 0.913400
v -14.350300 3.234100 0.810500
v -13.750300 3.234100 0.792000
v -13.150300 3.234100 0.797600
v -12.550300 3.234100 0.764900
v -11.950300 3.234100 0.755200
v -11.350300 3.234100 0.667900
v -10.750300 3.234100 0.752000
v -10.150300 3.234100 0.746000
v -9.550300 3.234100 0.741900
v -8.950300 3.234100 0.720000
v -8.350300 3.234100 0.762900
v -7.750300 3.234100 0.816300
v -7.150300 3.234100 1.106200
v -6.550300 3.234100 1.289100
v -5.950300 3.234100 1.312900
v -5.350300 3.234100 1.327900
v -4.750300 3.234100 1.262300
v -4.150300 3.234100 1.164400
v -3.550300 3.234100 0.984700
v -2.950300 3.234100 0.862800
v -2.350300 3.234100 0.881100
v -1.750300 3.234100 0.966200
v -1.150300 3.234100 1.096500
v -0.550300 3.234100 1.208800
v 0.049700 3.234100 1.328000
v 0.649700 3.234100 1.446400
v 1.249700 3.234100 1.493200
v 1.849700 3.234100 1.499700
v 2.449700 3.234100 1.533100
v 3.049700 3.234100 1.558400
v 3.649700 3.234100 1.609400
v 4.249700 3.234100 1.742100
v 4.849700 3.234100 1.854700
v 5.449700 3.234100 1.914900
v 6.049700 3.234100 1.835900
v 6.649700 3.234100 1.754400
v 7.249700 3.234100 1.595800
v 7.849700 3.234100 1.277900
v 8.449700 3.234100 0.884500
v 9.049700 3.234100 0.954500
v 9.649700 3.234100 1.171500
v 10.249700 3.234100 1.409800
v 10.849700 3.234100 1.473200
v 11.449700 3.234100 1.229300
v 12.049700 3.234100 0.900000
v 12.649700 3.234100 1.280800
v 13.249700 3.234100 1.466500
v 13.849700 3.234100 1.512100
v 14.449700 3.234100 1.541100
v 15.049700 3.234100 1.548000
v 15.649700 3.234100 1.549100
v 16.249700 3.234100 1.573200
v 16.849700 3.234100 1.638000
v 17.449700 3.234100 1.723700
v 18.049700 3.234100 1.963000
v 18.649700 3.234100 1.962800
v -20.350300 3.834100 1.284000
v -19.750300 3.834100 1.238700
v -19.150300 3.834100 1.221200
v -18.550300 3.834100 1.220200
v -17.950300 3.834100 1.222900
v -17.350300 3.834100 1.217200
v -16.750300 3.834100 1.225100
v -16.150300 3.834100 1.224100
v -15.550300 3.834100 1.202400
v -14.950300 3.834100 1.012100
v -14.350300 3.834100 0.820700
v -13.750300 3.834100 0.792300
v -13.150300 3.834100 0.762300
v -12.550300 3.834100 0.782900
v -11.950300 3.834100 0.759400
v -11.350300 3.834100 0.781100
v -10.750300 3.834100 0.758800
v -10.150300 3.834100 0.753100
v -9.550300 3.834100 0.738400
v -8.950300 3.834100 0.789000
v -8.350300 3.834100 0.929300
v -7.750300 3.834100 1.082000
v -7.150300 3.834100 1.233700
v -6.550300 3.834100 1.287800
v -5.950300 3.834100 1.293100
v -5.350300 3.834100 1.314500
v -4.750300 3.834100 1.248000
v -4.150300 3.834100 1.250100
v -3.550300 3.834100 1.195600
v -2.950300 3.834100 1.102800
v -2.350300 3.834100 1.111300
v -1.750300 3.834100 1.257100
v -1.150300 3.834100 1.314600
v -0.550300 3.834100 1.398400
v 0.049700 3.834100 1.457400
v 0.649700 3.834100 1.482000
v 1.249700 3.834100 1.486000
v 1.849700 3.834100 1.481200
v 2.449700 3.834100 1.491800
v 3.049700 3.834100 1.549500
v 3.649700 3.834100 1.680700
v 4.249700 3.834100 1.859500
v 4.849700 3.834100 2.027500
v 5.449700 3.834100 2.086000
v 6.049700 3.834100 2.072100
v 6.649700 3.834100 2.018500
v 7.249700 3.834100 1.900600
v 7.849700 3.834100 1.586300
v 8.449700 3.834100 1.175800
v 9.049700 3.834100 0.900700
v 9.649700 3.834100 1.118600
v 10.249700 3.834100 1.367700
v 10.849700 3.834100 1.432600
v 11.449700 3.834100 1.211100
v 12.049700 3.834100 1.142300
v 12.649700 3.834100 0.869600
v 13.249700 3.834100 1.285300
v 13.849700 3.834100 1.444600
v 14.449700 3.834100 1.519700
v 15.049700 3.834100 1.548600
v 15.649700 3.834100 1.541700
v 16.249700 3.834100 1.561100
v 16.849700 3.834100 1.588500
v 17.449700 3.834100 1.657600
v 18.049700 3.834100 1.880200
v 18.649700 3.834100 1.840100
v -20.350300 4.434100 1.294900
v -19.750300 4.434100 1.244300
v -19.150300 4.434100 1.238000
v -18.550300 4.434100 1.235800
v -17.950300 4.434100 1.239300
v -17.350300 4.434100 1.225700
v -16.750300 4.434100 1.225000
v -16.150300 4.434100 1.230800
v -15.550300 4.434100 1.235300
v -14.950300 4.434100 1.132200
v -14.350300 4.434100 0.898000
v -13.750300 4.434100 0.800500
v -13.150300 4.434100 0.791400
v -12.550300 4.434100 0.768300
v -11.950300 4.434100 0.765800
v -11.350300 4.434100 0.793300
v -10.750300 4.434100 0.764600
v -10.150300 4.434100 0.826000
v -9.550300 4.434100 0.909800
v -8.950300 4.434100 1.066400
v -8.350300 4.434100 1.161900
v -7.750300 4.434100 1.253400
v -7.150300 4.434100 1.300100
v -6.550300 4.434100 1.298300
v -5.950300 4.434100 1.291900
v -5.350300 4.434100 1.325300
v -4.750300 4.434100 1.304600
v -4.150300 4.434100 1.319800
v -3.550300 4.434100 1.296800
v -2.950300 4.434100 1.282900
v -2.350300 4.434100 1.290500
v -1.750300 4.434100 1.365000
v -1.150300 4.434100 1.430900
v -0.550300 4.434100 1.473100
v 0.049700 4.434100 1.481200
v 0.649700 4.434100 1.472900
v 1.249700 4.434100 1.462000
v 1.849700 4.434100 1.456500
v 2.449700 4.434100 1.404100
v 3.049700 4.434100 1.376200
v 3.649700 4.434100 1.405900
v 4.249700 4.434100 1.772400
v 4.849700 4.434100 2.033600
v 5.449700 4.434100 2.111700
v 6.049700 4.434100 2.089800
v 6.649700 4.434100 2.060300
v 7.249700 4.434100 2.026600
v 7.849700 4.434100 1.791200
v 8.449700 4.434100 1.339300
v 9.049700 4.434100 0.913500
v 9.649700 4.434100 1.058900
v 10.249700 4.434100 1.329300
v 10.849700 4.434100 1.392700
v 11.449700 4.434100 1.188700
v 12.049700 4.434100 1.151400
v 12.649700 4.434100 1.197700
v 13.249700 4.434100 1.129100
v 13.849700 4.434100 0.875300
v 14.449700 4.434100 1.200600
v 15.049700 4.434100 1.363100
v 15.649700 4.434100 1.416600
v 16.249700 4.434100 1.417600
v 16.849700 4.434100 1.476000
v 17.449700 4.434100 1.576800
v 18.049700 4.434100 1.676300
v 18.649700 4.434100 1.663500
v -20.350300 5.034100 1.308100
v -19.750300 5.034100 1.262500
v -19.150300 5.034100 1.252100
v -18.550300 5.034100 1.237300
v -17.950300 5.034100 1.240400
v -17.350300 5.034100 1.229300
v -16.750300 5.034100 1.221800
v -16.150300 5.034100 1.222800
v -15.550300 5.034100 1.234700
v -14.950300 5.034100 1.051200
v -14.350300 5.034100 1.144500
v -13.750300 5.034100 1.041100
v -13.150300 5.034100 0.944500
v -12.550300 5.034100 0.881300
v -11.950300 5.034100 0.881600
v -11.350300 5.034100 0.983900
v -10.750300 5.034100 1.092100
v -10.150300 5.034100 1.122500
v -9.550300 5.034100 1.182700
v -8.950300 5.034100 1.216500
v -8.350300 5.034100 1.267200
v -7.750300 5.034100 1.282600
v -7.150300 5.034100 1.293100
v -6.550300 5.034100 1.293600
v -5.950300 5.034100 1.299000
v -5.350300 5.034100 1.287400
v -4.750300 5.034100 1.330100
v -4.150300 5.034100 1.296000
v -3.550300 5.034100 1.340700
v -2.950300 5.034100 1.363900
v -2.350300 5.034100 1.355800
v -1.750300 5.034100 1.376900
v -1.150300 5.034100 1.411200
v -0.550300 5.034100 1.444700
v 0.049700 5.034100 1.435100
v 0.649700 5.034100 1.450200
v 1.249700 5.034100 1.439000
v 1.849700 5.034100 1.386000
v 2.449700 5.034100 1.256200
v 3.049700 5.034100 1.091300
v 3.649700 5.034100 0.935000
v 4.249700 5.034100 1.453500
v 4.849700 5.034100 1.906600
v 5.449700 5.034100 2.060600
v 6.049700 5.034100 2.127900
v 6.649700 5.034100 2.109400
v 7.249700 5.034100 2.089300
v 7.849700 5.034100 1.880700
v 8.449700 5.034100 1.426100
v 9.049700 5.034100 0.973100
v 9.649700 5.034100 1.017300
v 10.249700 5.034100 1.307000
v 10.849700 5.034100 1.401800
v 11.449700 5.034100 1.224500
v 12.049700 5.034100 1.200000
v 12.649700 5.034100 1.293200
v 13.249700 5.034100 1.335300
v 13.849700 5.034100 1.288500
v 14.449700 5.034100 1.264600
v 15.049700 5.034100 1.122300
v 15.649700 5.034100 0.921300
v 16.249700 5.034100 0.900200
v 16.849700 5.034100 1.116100
v 17.449700 5.034100 1.252000
v 18.049700 5.034100 1.390300
v -20.350300 5.634100 1.327700
v -19.750300 5.634100 1.283200
v -19.150300 5.634100 1.250400
v -18.550300 5.634100 1.231400
v -17.950300 5.634100 1.238600
v -17.350300 5.634100 1.236300
v -16.750300 5.634100 1.213000
v -16.150300 5.634100 1.223200
v -15.550300 5.634100 1.214700
v -14.950300 5.634100 1.223000
v -14.350300 5.634100 1.174800
v -13.750300 5.634100 1.155900
v -13.150300 5.634100 1.178000
v -12.550300 5.634100 1.173800
v -11.950300 5.634100 1.186500
v -11.350300 5.634100 1.203400
v -10.750300 5.634100 1.157800
v -10.150300 5.634100 1.231200
v -9.550300 5.634100 1.201500
v -8.950300 5.634100 1.245000
v -8.350300 5.634100 1.256000
v -7.750300 5.634100 1.279900
v -7.150300 5.634100 1.289500
v -6.550300 5.634100 1.296000
v -5.950300 5.634100 1.294200
v -5.350300 5.634100 1.291500
v -4.750300 5.634100 1.294000
v -4.150300 5.634100 1.324300
v -3.550300 5.634100 1.336300
v -2.950300 5.634100 1.320000
v -2.350300 5.634100 1.328200
v -1.750300 5.634100 1.341300
v -1.150300 5.634100 1.365800
v -0.550300 5.634100 1.378800
v 0.049700 5.634100 1.373700
v 0.649700 5.634100 1.430500
v 1.249700 5.634100 1.402000
v 1.849700 5.634100 1.295600
v 2.449700 5.634100 1.131200
v 3.049700 5.634100 0.903300
v 3.649700 5.634100 0.772800
v 4.249700 5.634100 1.264800
v 4.849700 5.634100 1.741400
v 5.449700 5.634100 2.061700
v 6.049700 5.634100 2.106100
v 6.649700 5.634100 2.136500
v 7.249700 5.634100 2.080800
v 7.849700 5.634100 1.828200
v 8.449700 5.634100 1.362900
v 9.049700 5.634100 0.964000
v 9.649700 5.634100 1.032300
v 10.249700 5.634100 1.345400
v 10.849700 5.634100 1.498100
v 11.449700 5.634100 1.367400
v 12.049700 5.634100 1.425600
v 12.649700 5.634100 1.531300
v 13.249700 5.634100 1.583400
v 13.849700 5.634100 1.581300
v 14.449700 5.634100 1.524300
v 15.049700 5.634100 1.442800
v 15.649700 5.634100 1.411500
v 16.249700 5.634100 1.386300
v 16.849700 5.634100 1.366100
v 17.449700 5.634100 1.257500
v 18.049700 5.634100 0.924100
v -20.950300 6.234100 1.333600
v -20.350300 6.234100 1.336500
v -19.750300 6.234100 1.320500
v -19.150300 6.234100 1.244400
v -18.550300 6.234100 1.220900
v -17.950300 6.234100 1.225900
v -17.350300 6.234100 1.219900
v -16.750300 6.234100 1.196100
v -16.150300 6.234100 1.195300
v -15.550300 6.234100 1.199000
v -14.950300 6.234100 1.195600
v -14.350300 6.234100 1.207000
v -13.750300 6.234100 1.218800
v -13.150300 6.234100 1.220300
v -12.550300 6.234100 1.225900
v -11.950300 6.234100 1.252900
v -11.350300 6.234100 1.248100
v -10.750300 6.234100 1.241500
v -10.150300 6.234100 1.250500
v -9.550300 6.234100 1.259500
v -8.950300 6.234100 1.245200
v -8.350300 6.234100 1.269300
v -7.750300 6.234100 1.267200
v -7.150300 6.234100 1.285300
v -6.550300 6.234100 1.280000
v -5.950300 6.234100 1.288400
v -5.350300 6.234100 1.304500
v -4.750300 6.234100 1.298800
v -4.150300 6.234100 1.301400
v -3.550300 6.234100 1.303200
v -2.950300 6.234100 1.318000
v -2.350300 6.234100 1.309900
v -1.750300 6.234100 1.345300
v -1.150300 6.234100 1.329500
v -0.550300 6.234100 1.352100
v 0.049700 6.234100 1.363800
v 0.649700 6.234100 1.383000
v 1.249700 6.234100 1.333300
v 1.849700 6.234100 1.150800
v 2.449700 6.234100 0.970700
v 3.049700 6.234100 0.813100
v 3.649700 6.234100 0.713500
v 4.249700 6.234100 1.079000
v 4.849700 6.234100 1.532100
v 5.449700 6.234100 1.928400
v 6.049700 6.234100 2.088800
v 6.649700 6.234100 2.052400
v 7.249700 6.234100 1.914500
v 7.849700 6.234100 1.594800
v 8.449700 6.234100 1.256100
v 9.049700 6.234100 0.990000
v 9.649700 6.234100 1.216300
v 10.249700 6.234100 1.486600
v 10.849700 6.234100 1.644800
v 11.449700 6.234100 1.620800
v 12.049700 6.234100 1.662500
v 12.649700 6.234100 1.756800
v 13.249700 6.234100 1.763400
v 13.849700 6.234100 1.725500
v 14.449700 6.234100 1.745300
v 15.049700 6.234100 1.732200
v 15.649700 6.234100 1.693200
v 16.249700 6.234100 1.685500
v 16.849700 6.234100 1.617400
v 17.449700 6.234100 1.560900
v 18.049700 6.234100 1.358400
v -20.950300 6.834100 1.347500
v -20.350300 6.834100 1.326700
v -19.750300 6.834100 1.269600
v -19.150300 6.834100 1.200300
v -18.550300 6.834100 1.172300
v -17.950300 6.834100 1.221200
v -17.350300 6.834100 1.187800
v -16.750300 6.834100 1.179000
v -16.150300 6.834100 1.180400
v -15.550300 6.834100 1.187000
v -14.950300 6.834100 1.196500
v -14.350300 6.834100 1.205500
v -13.750300 6.834100 1.212200
v -13.150300 6.834100 1.193200
v -12.550300 6.834100 1.206900
v -11.950300 6.834100 1.237400
v -11.350300 6.834100 1.225700
v -10.750300 6.834100 1.230200
v -10.150300 6.834100 1.242200
v -9.550300 6.834100 1.251900
v -8.950300 6.834100 1.249700
v -8.350300 6.834100 1.275300
v -7.750300 6.834100 1.282200
v -7.150300 6.834100 1.295900
v -6.550300 6.834100 1.283500
v -5.950300 6.834100 1.276200
v -5.350300 6.834100 1.273500
v -4.750300 6.834100 1.282400
v -4.150300 6.834100 1.282800
v -3.550300 6.834100 1.301900
v -2.950300 6.834100 1.300800
v -2.350300 6.834100 1.303900
v -1.750300 6.834100 1.339000
v -1.150300 6.834100 1.333200
v -0.550300 6.834100 1.341600
v 0.049700 6.834100 1.351700
v 0.649700 6.834100 1.374300
v 1.249700 6.834100 1.335400
v 1.849700 6.834100 1.133500
v 2.449700 6.834100 0.927000
v 3.049700 6.834100 0.804400
v 3.649700 6.834100 0.721000
v 4.249700 6.834100 0.868700
v 4.849700 6.834100 1.277100
v 5.449700 6.834100 1.594000
v 6.049700 6.834100 1.760400
v 6.649700 6.834100 1.782100
v 7.249700 6.834100 1.649200
v 7.849700 6.834100 1.334900
v 8.449700 6.834100 1.048000
v 9.049700 6.834100 1.070300
v 9.649700 6.834100 1.371100
v 10.249700 6.834100 1.620200
v 10.849700 6.834100 1.695500
v 11.449700 6.834100 1.750500
v 12.049700 6.834100 1.773200
v 12.649700 6.834100 1.787300
v 13.249700 6.834100 1.815800
v 13.849700 6.834100 1.844300
v 14.449700 6.834100 1.839100
v 15.049700 6.834100 1.813300
v 15.649700 6.834100 1.788400
v 16.249700 6.834100 1.810000
v 16.849700 6.834100 1.781100
v 17.449700 6.834100 1.730200
v 18.049700 6.834100 1.686400
v -20.950300 7.434100 1.321400
v -20.350300 7.434100 1.330900
v -19.750300 7.434100 1.304100
v -19.150300 7.434100 1.141300
v -18.550300 7.434100 1.044900
v -17.950300 7.434100 1.011200
v -17.350300 7.434100 1.165700
v -16.750300 7.434100 1.119300
v -16.150300 7.434100 1.152900
v -15.550300 7.434100 1.177600
v -14.950300 7.434100 1.183100
v -14.350300 7.434100 1.171700
v -13.750300 7.434100 1.196000
v -13.150300 7.434100 1.188200
v -12.550300 7.434100 1.201700
v -11.950300 7.434100 1.221600
v -11.350300 7.434100 1.230700
v -10.750300 7.434100 1.232300
v -10.150300 7.434100 1.234000
v -9.550300 7.434100 1.259800
v -8.950300 7.434100 1.254800
v -8.350300 7.434100 1.230000
v -7.750300 7.434100 1.277800
v -7.150300 7.434100 1.291400
v -6.550300 7.434100 1.280200
v -5.950300 7.434100 1.285200
v -5.350300 7.434100 1.235000
v -4.750300 7.434100 1.261700
v -4.150300 7.434100 1.277100
v -3.550300 7.434100 1.249900
v -2.950300 7.434100 1.152100
v -2.350300 7.434100 1.146700
v -1.750300 7.434100 1.290500
v -1.150300 7.434100 1.350400
v -0.550300 7.434100 1.325900
v 0.049700 7.434100 1.336100
v 0.649700 7.434100 1.361400
v 1.249700 7.434100 1.363700
v 1.849700 7.434100 1.209500
v 2.449700 7.434100 0.971900
v 3.049700 7.434100 0.602700
v 3.649700 7.434100 0.809100
v 4.249700 7.434100 0.733100
v 4.849700 7.434100 0.912300
v 5.449700 7.434100 1.174200
v 6.049700 7.434100 1.320500
v 6.649700 7.434100 1.367000
v 7.249700 7.434100 1.239500
v 7.849700 7.434100 1.018300
v 8.449700 7.434100 0.913800
v 9.049700 7.434100 1.149700
v 9.649700 7.434100 1.397800
v 10.249700 7.434100 1.430600
v 10.849700 7.434100 1.549700
v 11.449700 7.434100 1.666600
v 12.049700 7.434100 1.756300
v 12.649700 7.434100 1.795100
v 13.249700 7.434100 1.833000
v 13.849700 7.434100 1.850000
v 14.449700 7.434100 1.849600
v 15.049700 7.434100 1.823400
v 15.649700 7.434100 1.808100
v 16.249700 7.434100 1.811200
v 16.849700 7.434100 1.825200
v 17.449700 7.434100 1.824400
v -20.950300 8.034100 1.319800
v -20.350300 8.034100 1.340300
v -19.750300 8.034100 1.339900
v -19.150300 8.034100 1.223600
v -18.550300 8.034100 1.115900
v -17.950300 8.034100 0.978400
v -17.350300 8.034100 1.009900
v -16.750300 8.034100 1.026600
v -16.150300 8.034100 1.173600
v -15.550300 8.034100 1.152100
v -14.950300 8.034100 1.137700
v -14.350300 8.034100 1.139300
v -13.750300 8.034100 1.130700
v -13.150300 8.034100 1.178300
v -12.550300 8.034100 1.183800
v -11.950300 8.034100 1.192800
v -11.350300 8.034100 1.211000
v -10.750300 8.034100 1.195600
v -10.150300 8.034100 1.218400
v -9.550300 8.034100 1.241400
v -8.950300 8.034100 1.237700
v -8.350300 8.034100 1.203900
v -7.750300 8.034100 1.174700
v -7.150300 8.034100 1.256300
v -6.550300 8.034100 1.280000
v -5.950300 8.034100 1.266900
v -5.350300 8.034100 1.184100
v -4.750300 8.034100 1.251100
v -4.150300 8.034100 1.235500
v -3.550300 8.034100 1.186800
v -2.950300 8.034100 1.079300
v -2.350300 8.034100 1.046800
v -1.750300 8.034100 1.179500
v -1.150300 8.034100 1.296900
v -0.550300 8.034100 1.337500
v 0.049700 8.034100 1.353600
v 0.649700 8.034100 1.356600
v 1.249700 8.034100 1.382300
v 1.849700 8.034100 1.341600
v 2.449700 8.034100 1.165000
v 3.049700 8.034100 0.945000
v 3.649700 8.034100 0.874200
v 4.249700 8.034100 0.847100
v 4.849700 8.034100 0.779500
v 5.449700 8.034100 0.796600
v 6.049700 8.034100 0.882500
v 6.649700 8.034100 0.905200
v 7.249700 8.034100 0.889400
v 7.849700 8.034100 0.869100
v 8.449700 8.034100 1.009500
v 9.049700 8.034100 1.208200
v 9.649700 8.034100 1.370000
v 10.249700 8.034100 1.286600
v 10.849700 8.034100 1.292200
v 11.449700 8.034100 1.382900
v 12.049700 8.034100 1.697700
v 12.649700 8.034100 1.782400
v 13.249700 8.034100 1.832000
v 13.849700 8.034100 1.843400
v 14.449700 8.034100 1.848900
v 15.049700 8.034100 1.819900
v 15.649700 8.034100 1.818800
v 16.249700 8.034100 1.825100
v 16.849700 8.034100 1.811400
v 17.449700 8.034100 1.801800
v -20.950300 8.634100 1.297900
v -20.350300 8.634100 1.327000
v -19.750300 8.634100 1.382200
v -19.150300 8.634100 1.335500
v -18.550300 8.634100 1.221500
v -17.950300 8.634100 1.137500
v -17.350300 8.634100 1.098400
v -16.750300 8.634100 0.985000
v -16.150300 8.634100 1.116500
v -15.550300 8.634100 1.143500
v -14.950300 8.634100 1.122500
v -14.350300 8.634100 1.103800
v -13.750300 8.634100 1.110500
v -13.150300 8.634100 1.135900
v -12.550300 8.634100 1.150700
v -11.950300 8.634100 1.142300
v -11.350300 8.634100 1.162000
v -10.750300 8.634100 1.161700
v -10.150300 8.634100 1.195500
v -9.550300 8.634100 1.238400
v -8.950300 8.634100 1.177500
v -8.350300 8.634100 1.093600
v -7.750300 8.634100 1.067300
v -7.150300 8.634100 1.219100
v -6.550300 8.634100 1.192500
v -5.950300 8.634100 1.212900
v -5.350300 8.634100 1.198100
v -4.750300 8.634100 1.150100
v -4.150300 8.634100 1.120100
v -3.550300 8.634100 1.064000
v -2.950300 8.634100 0.994000
v -2.350300 8.634100 0.964700
v -1.750300 8.634100 0.896300
v -1.150300 8.634100 1.039800
v -0.550300 8.634100 1.332600
v 0.049700 8.634100 1.360700
v 0.649700 8.634100 1.372700
v 1.249700 8.634100 1.390900
v 1.849700 8.634100 1.428300
v 2.449700 8.634100 1.334900
v 3.049700 8.634100 1.063100
v 3.649700 8.634100 0.762700
v 4.249700 8.634100 0.901900
v 4.849700 8.634100 0.906700
v 5.449700 8.634100 0.867200
v 6.049700 8.634100 0.897400
v 6.649700 8.634100 0.881800
v 7.249700 8.634100 0.925000
v 7.849700 8.634100 1.025200
v 8.449700 8.634100 1.067800
v 9.049700 8.634100 1.090000
v 9.649700 8.634100 1.175000
v 10.249700 8.634100 1.281800
v 10.849700 8.634100 1.377200
v 11.449700 8.634100 1.431900
v 12.049700 8.634100 1.611900
v 12.649700 8.634100 1.727700
v 13.249700 8.634100 1.791500
v 13.849700 8.634100 1.808400
v 14.449700 8.634100 1.805000
v 15.049700 8.634100 1.782200
v 15.649700 8.634100 1.796300
v 16.249700 8.634100 1.806700
v 16.849700 8.634100 1.755800
v 17.449700 8.634100 1.702000
v -17.350300 9.234100 1.173300
v -16.750300 9.234100 1.085100
v -16.150300 9.234100 1.112500
v -15.550300 9.234100 1.144500
v -14.950300 9.234100 1.067400
v -14.350300 9.234100 1.039100
v -13.750300 9.234100 1.028500
v -13.150300 9.234100 1.034900
v -12.550300 9.234100 1.064100
v -11.950300 9.234100 1.078800
v -11.350300 9.234100 1.129100
v -10.750300 9.234100 1.150700
v -10.150300 9.234100 1.176700
v -9.550300 9.234100 1.162400
v -8.950300 9.234100 1.027400
v -8.350300 9.234100 1.026000
v -7.750300 9.234100 1.018500
v -7.150300 9.234100 1.156100
v -6.550300 9.234100 1.150400
v -5.950300 9.234100 1.138300
v -5.350300 9.234100 1.125700
v -4.750300 9.234100 1.066800
v -4.150300 9.234100 1.022900
v -3.550300 9.234100 1.004600
v -2.950300 9.234100 0.929300
v -2.350300 9.234100 0.860000
v -1.750300 9.234100 0.604800
v -1.150300 9.234100 1.118100
v -0.550300 9.234100 1.340900
v 0.049700 9.234100 1.379400
v 0.649700 9.234100 1.405500
v 1.249700 9.234100 1.438100
v 1.849700 9.234100 1.477000
v 2.449700 9.234100 1.404000
v 3.049700 9.234100 1.199200
v 3.649700 9.234100 0.944100
v 4.249700 9.234100 0.687500
v 4.849700 9.234100 0.885700
v 5.449700 9.234100 0.964300
v 6.049700 9.234100 1.012400
v 6.649700 9.234100 1.055700
v 7.249700 9.234100 1.046900
v 7.849700 9.234100 0.948900
v 8.449700 9.234100 0.670100
v 9.049700 9.234100 0.869000
v 9.649700 9.234100 0.785200
v 10.249700 9.234100 0.965600
v 10.849700 9.234100 1.102300
v 11.449700 9.234100 1.270900
v 12.049700 9.234100 1.416500
v 12.649700 9.234100 1.522100
v 13.249700 9.234100 1.617700
v 13.849700 9.234100 1.671100
v 14.449700 9.234100 1.681700
v 15.049700 9.234100 1.645600
v 15.649700 9.234100 1.640000
v 16.249700 9.234100 1.622000
v 16.849700 9.234100 1.588400
v 17.449700 9.234100 1.488900
v -13.750300 9.834100 0.926100
v -13.150300 9.834100 0.957100
v -12.550300 9.834100 0.964000
v -11.950300 9.834100 1.001200
v -11.350300 9.834100 1.024600
v -10.750300 9.834100 1.060000
v -10.150300 9.834100 0.998800
v -9.550300 9.834100 1.116100
v -8.950300 9.834100 0.952000
v -8.350300 9.834100 0.951800
v -7.750300 9.834100 1.030000
v -7.150300 9.834100 0.925200
v -6.550300 9.834100 1.100400
v -5.950300 9.834100 1.078600
v -5.350300 9.834100 1.027600
v -4.750300 9.834100 0.951700
v -4.150300 9.834100 0.917700
v -3.550300 9.834100 0.800500
v -2.950300 9.834100 0.719400
v -2.350300 9.834100 0.862100
v -1.750300 9.834100 1.007500
v -1.150300 9.834100 1.235000
v -0.550300 9.834100 1.372200
v 0.049700 9.834100 1.405200
v 0.649700 9.834100 1.433600
v 1.249700 9.834100 1.461400
v 1.849700 9.834100 1.487000
v 2.449700 9.834100 1.485100
v 3.049700 9.834100 1.375100
v 3.649700 9.834100 1.170400
v 4.249700 9.834100 1.011100
v 4.849700 9.834100 0.653100
v 5.449700 9.834100 0.854400
v 6.049700 9.834100 0.904900
v 6.649700 9.834100 0.922500
v 7.249700 9.834100 0.691400
v 7.849700 9.834100 1.004600
v 8.449700 9.834100 1.078100
v 9.049700 9.834100 1.272900
v 9.649700 9.834100 1.301700
v 10.249700 9.834100 1.248100
v 10.849700 9.834100 1.166000
v 11.449700 9.834100 1.070500
v 12.049700 9.834100 0.781400
v 12.649700 9.834100 1.077000
v 13.249700 9.834100 1.227800
v 13.849700 9.834100 1.332100
v 14.449700 9.834100 1.365500
v 15.049700 9.834100 1.293000
v 15.649700 9.834100 1.232800
v 16.249700 9.834100 1.220000
v 16.849700 9.834100 1.004800
v 17.449700 9.834100 0.931200
v -10.150300 10.434100 0.993500
v -9.550300 10.434100 1.003300
v -8.950300 10.434100 0.890300
v -8.350300 10.434100 0.881100
v -7.750300 10.434100 0.901700
v -7.150300 10.434100 0.949100
v -6.550300 10.434100 1.049800
v -5.950300 10.434100 1.008500
v -5.350300 10.434100 0.938700
v -4.750300 10.434100 0.870200
v -4.150300 10.434100 0.746800
v -3.550300 10.434100 0.631200
v -2.950300 10.434100 0.917100
v -2.350300 10.434100 1.069200
v -1.750300 10.434100 1.183300
v -1.150300 10.434100 1.318000
v -0.550300 10.434100 1.374800
v 0.049700 10.434100 1.391700
v 0.649700 10.434100 1.440900
v 1.249700 10.434100 1.468300
v 1.849700 10.434100 1.493800
v 2.449700 10.434100 1.480200
v 3.049700 10.434100 1.453200
v 3.649700 10.434100 1.382800
v 4.249700 10.434100 1.289800
v 4.849700 10.434100 1.172600
v 5.449700 10.434100 1.092400
v 6.049700 10.434100 1.057300
v 6.649700 10.434100 1.120100
v 7.249700 10.434100 1.170900
v 7.849700 10.434100 1.248600
v 8.449700 10.434100 1.382100
v 9.049700 10.434100 1.494200
v 9.649700 10.434100 1.509400
v 10.249700 10.434100 1.494900
v 10.849700 10.434100 1.472000
v 11.449700 10.434100 1.407400
v 12.049700 10.434100 1.308900
v 12.649700 10.434100 1.214300
v 13.249700 10.434100 1.066800
v 13.849700 10.434100 1.127100
v 14.449700 10.434100 0.836900
v 15.049700 10.434100 0.782400
v 15.649700 10.434100 1.066900
v 16.249700 10.434100 1.307200
v 16.849700 10.434100 1.368500
v -5.950300 11.034100 0.931500
v -5.350300 11.034100 0.775400
v -4.750300 11.034100 0.634200
v -4.150300 11.034100 0.948000
v -3.550300 11.034100 1.055900
v -2.950300 11.034100 1.200300
v -2.350300 11.034100 1.253200
v -1.750300 11.034100 1.331900
v -1.150300 11.034100 1.356800
v -0.550300 11.034100 1.386100
v 0.049700 11.034100 1.399600
v 0.649700 11.034100 1.444200
v 1.249700 11.034100 1.469900
v 1.849700 11.034100 1.487500
v 2.449700 11.034100 1.492500
v 3.049700 11.034100 1.472600
v 3.649700 11.034100 1.478300
v 4.249700 11.034100 1.459800
v 4.849700 11.034100 1.418600
v 5.449700 11.034100 1.360600
v 6.049700 11.034100 1.370800
v 6.649700 11.034100 1.404700
v 7.249700 11.034100 1.398600
v 7.849700 11.034100 1.497300
v 8.449700 11.034100 1.513300
v 9.049700 11.034100 1.583200
v 9.649700 11.034100 1.582500
v 10.249700 11.034100 1.646900
v 10.849700 11.034100 1.657000
v 11.449700 11.034100 1.626100
v 12.049700 11.034100 1.576700
v 12.649700 11.034100 1.517800
v 13.249700 11.034100 1.413100
v 13.849700 11.034100 1.374300
v 14.449700 11.034100 1.411100
v 15.049700 11.034100 1.432300
v 15.649700 11.034100 1.501400
v 16.249700 11.034100 1.626900
v 16.849700 11.034100 1.720600
v -2.350300 11.634100 1.358900
v -1.750300 11.634100 1.358300
v -1.150300 11.634100 1.369400
v -0.550300 11.634100 1.383800
v 0.049700 11.634100 1.395700
v 0.649700 11.634100 1.434000
v 1.249700 11.634100 1.461200
v 1.849700 11.634100 1.476900
v 2.449700 11.634100 1.493100
v 3.049700 11.634100 1.496000
v 3.649700 11.634100 1.523400
v 4.249700 11.634100 1.510800
v 4.849700 11.634100 1.486400
v 5.449700 11.634100 1.530200
v 6.049700 11.634100 1.507400
v 6.649700 11.634100 1.502800
v 7.249700 11.634100 1.547200
v 7.849700 11.634100 1.520800
v 8.449700 11.634100 1.567200
v 9.049700 11.634100 1.583900
v 9.649700 11.634100 1.604400
v 10.249700 11.634100 1.631300
v 10.849700 11.634100 1.673400
v 11.449700 11.634100 1.654800
v 12.049700 11.634100 1.659600
v 12.649700 11.634100 1.719300
v 13.249700 11.634100 1.674100
v 13.849700 11.634100 1.656900
v 14.449700 11.634100 1.670700
v 15.049700 11.634100 1.690200
v 15.649700 11.634100 1.803400
v 16.249700 11.634100 1.844600
v 16.849700 11.634100 1.892800
v 1.249700 12.234100 1.461500
v 1.849700 12.234100 1.483100
v 2.449700 12.234100 1.494700
v 3.049700 12.234100 1.509400
v 3.649700 12.234100 1.523900
v 4.249700 12.234100 1.522300
v 4.849700 12.234100 1.525400
v 5.449700 12.234100 1.527800
v 6.049700 12.234100 1.529800
v 6.649700 12.234100 1.524800
v 7.249700 12.234100 1.525500
v 7.849700 12.234100 1.534100
v 8.449700 12.234100 1.559100
v 9.049700 12.234100 1.588100
v 9.649700 12.234100 1.621700
v 10.249700 12.234100 1.661200
v 10.849700 12.234100 1.651800
v 11.449700 12.234100 1.692100
v 12.049700 12.234100 1.723900
v 12.649700 12.234100 1.757100
v 13.249700 12.234100 1.785500
v 13.849700 12.234100 1.773400
v 14.449700 12.234100 1.801600
v 15.049700 12.234100 1.837400
v 15.649700 12.234100 1.839500
v 16.249700 12.234100 1.862200
v 16.849700 12.234100 1.873900
v 4.849700 12.834100 1.518700
v 5.449700 12.834100 1.521900
v 6.049700 12.834100 1.515500
v 6.649700 12.834100 1.520800
v 7.249700 12.834100 1.523400
v 7.849700 12.834100 1.539500
v 8.449700 12.834100 1.553600
v 9.049700 12.834100 1.589900
v 9.649700 12.834100 1.640400
v 10.249700 12.834100 1.640200
v 10.849700 12.834100 1.648200
v 11.449700 12.834100 1.686300
v 12.049700 12.834100 1.724300
v 12.649700 12.834100 1.774700
v 13.249700 12.834100 1.780500
v 13.849700 12.834100 1.815200
v 14.449700 12.834100 1.807800
v 15.049700 12.834100 1.837500
v 15.649700 12.834100 1.839200
v 16.249700 12.834100 1.892100
v 8.449700 13.434100 1.553600
v 9.049700 13.434100 1.589900
v 9.649700 13.434100 1.640400
v 10.249700 13.434100 1.640200
v 10.849700 13.434100 1.648200
v 11.449700 13.434100 1.686300
v 12.049700 13.434100 1.741000
v 12.649700 13.434100 1.776200
v 13.249700 13.434100 1.780500
v 13.849700 13.434100 1.815200
v 14.449700 13.434100 1.812500
v 15.049700 13.434100 1.836600
v 15.649700 13.434100 1.841500
v 16.249700 13.434100 1.892100
v 12.049700 14.034100 1.741200
v 12.649700 14.034100 1.776200
v 13.249700 14.034100 1.780500
v 13.849700 14.034100 1.815200
v 14.449700 14.034100 1.812600
v 15.049700 14.034100 1.808400
v 15.649700 14.034100 1.889300
v 16.249700 14.034100 1.892100
v 16.249700 14.634100 1.892100
vn -0.163499 0.165120 0.972627
vn -0.125237 0.059284 0.990354
vn -0.064558 0.016917 0.997771
vn -0.007777 -0.002556 0.999966
vn -0.035406 -0.001613 0.999372
vn -0.027647 -0.025482 0.999293
vn -0.185369 0.095160 0.978051
vn -0.182265 0.132887 0.974228
vn -0.096354 0.100284 0.990282
vn -0.021108 0.092810 0.995460
vn -0.042930 0.074366 0.996307
vn -0.035282 0.062383 0.997428
vn 0.014767 0.121900 0.992432
vn 0.000387 0.131081 0.991372
vn -0.026870 0.122159 0.992147
vn -0.042527 0.115868 0.992354
vn -0.055546 0.140911 0.988463
vn -0.040459 0.117200 0.992284
vn -0.047131 0.115099 0.992235
vn 0.004743 -0.050517 0.998712
vn -0.024855 -0.055433 0.998153
vn -0.118631 0.030475 0.992471
vn -0.087435 0.108315 0.990264
vn -0.022431 0.115265 0.993081
vn -0.057158 0.119460 0.991192
vn -0.034765 0.136522 0.990027
vn 0.056245 0.206637 0.976800
vn -0.012201 0.268636 0.963165
vn -0.073917 0.183332 0.980268
vn 0.010758 0.128178 0.991693
vn -0.048254 0.229800 0.972041
vn -0.074843 0.207293 0.975412
vn -0.041779 0.153772 0.987223
vn -0.047222 0.172239 0.983923
vn -0.058834 0.159670 0.985416
vn -0.026147 0.135060 0.990492
vn -0.000501 0.095439 0.995435
vn -0.000725 0.049712 0.998763
vn -0.006995 0.038304 0.999242
vn 0.016765 -0.033133 0.999310
vn -0.003330 -0.024730 0.999689
vn -0.033365 -0.003802 0.999436
vn -0.058433 0.042714 0.997377
vn -0.029734 0.047283 0.998439
vn -0.027512 0.053757 0.998175
vn 0.052010 0.146728 0.987809
vn 0.157916 0.243541 0.956948
vn 0.018781 0.294389 0.955501
vn -0.189824 0.293060 0.937061
vn -0.020297 0.199284 0.979732
vn 0.063742 0.192748 0.979176
vn -0.092418 0.282318 0.954859
vn -0.090241 0.299819 0.949719
vn -0.078005 0.246913 0.965893
vn -0.087380 0.157790 0.983599
vn -0.043342 0.109691 0.993020
vn -0.032194 0.097609 0.994704
vn -0.020512 0.056200 0.998209
vn -0.022681 0.033767 0.999172
vn -0.036683 0.025640 0.998998
vn -0.036790 0.016805 0.999182
vn -0.013997 -0.014275 0.999800
vn -0.007443 -0.020217 0.999768
vn -0.022378 -0.011610 0.999682
vn -0.039802 0.001832 0.999206
vn -0.001467 0.022995 0.999734
vn 0.017799 -0.006690 0.999819
vn -0.010413 0.012913 0.999862
vn -0.035229 0.033093 0.998831
vn -0.038687 0.038684 0.998502
vn -0.006328 0.028895 0.999562
vn 0.183851 0.049315 0.981716
vn 0.245784 0.196375 0.949225
vn 0.027552 0.290077 0.956607
vn -0.198085 0.280185 0.939286
vn -0.130313 0.250611 0.959277
vn 0.057308 0.123392 0.990702
vn -0.009384 0.103449 0.994590
vn -0.045082 0.179308 0.982760
vn -0.104256 0.250652 0.962447
vn -0.178611 0.271988 0.945580
vn -0.082187 0.230367 0.969627
vn -0.037359 0.219156 0.974974
vn -0.072952 0.193005 0.978482
vn -0.063497 0.103123 0.992640
vn -0.036421 0.034310 0.998747
vn -0.049358 0.027759 0.998395
vn -0.034966 0.004735 0.999377
vn -0.011470 -0.016469 0.999799
vn -0.011747 -0.017663 0.999775
vn -0.025389 -0.010231 0.999625
vn -0.029375 -0.006442 0.999548
vn -0.024157 -0.002778 0.999704
vn -0.020931 0.001268 0.999780
vn -0.023925 0.017487 0.999561
vn -0.007999 0.003944 0.999960
vn -0.015997 0.010165 0.999820
vn -0.065598 0.078124 0.994783
vn -0.019898 0.040405 0.998985
vn 0.006000 0.007499 0.999954
vn -0.016544 0.025510 0.999538
vn -0.019716 0.053523 0.998372
vn -0.011000 0.095934 0.995327
vn 0.147143 0.053977 0.987641
vn 0.364682 -0.044943 0.930047
vn 0.188566 0.094075 0.977544
vn -0.198861 0.272531 0.941372
vn -0.195088 0.269224 0.943111
vn -0.096651 0.204170 0.974152
vn -0.021940 0.080444 0.996518
vn -0.004351 0.049323 0.998773
vn -0.029134 0.060792 0.997725
vn -0.098601 0.155571 0.982891
vn -0.069568 0.254240 0.964636
vn -0.015971 0.283086 0.958962
vn -0.090957 0.331933 0.938908
vn -0.162299 0.341700 0.925689
vn -0.152465 0.219484 0.963629
vn -0.071244 0.070565 0.994960
vn -0.067028 0.028303 0.997350
vn -0.025981 -0.005253 0.999649
vn -0.009999 -0.013498 0.999859
vn -0.020327 -0.011747 0.999724
vn -0.020105 -0.007443 0.999770
vn -0.023269 0.009384 0.999685
vn -0.013386 0.014102 0.999811
vn -0.014315 0.033027 0.999352
vn -0.017296 0.043056 0.998923
vn -0.021302 0.029589 0.999335
vn 0.092679 -0.029701 0.995253
vn -0.049698 -0.079572 0.995589
vn -0.143724 0.051825 0.988260
vn -0.044296 0.067968 0.996704
vn -0.051041 0.019348 0.998509
vn -0.031793 -0.038951 0.998735
vn -0.049844 0.024302 0.998461
vn -0.055255 0.048676 0.997285
vn -0.001561 0.039008 0.999238
vn 0.013011 0.058683 0.998192
vn 0.046267 0.123628 0.991249
vn 0.070011 0.239492 0.968371
vn 0.067927 0.333558 0.940279
vn 0.184486 0.168441 0.968294
vn 0.295392 -0.117332 0.948144
vn 0.022494 0.028934 0.999328
vn -0.226371 0.215807 0.949833
vn -0.090231 0.208785 0.973790
vn -0.142900 0.248047 0.958150
vn -0.053911 0.114023 0.992014
vn -0.016410 0.058691 0.998141
vn -0.023867 0.069189 0.997318
vn -0.020007 0.103848 0.994392
vn 0.010659 0.124557 0.992155
vn -0.004813 0.160425 0.987036
vn -0.104005 0.255700 0.961145
vn -0.272405 0.316747 0.908552
vn -0.223222 0.196620 0.954732
vn -0.104547 0.088818 0.990546
vn -0.065396 0.061497 0.995963
vn -0.020028 0.015987 0.999672
vn -0.014578 0.004827 0.999882
vn -0.007199 0.019359 0.999787
vn 0.004944 0.048272 0.998822
vn 0.009020 0.096865 0.995257
vn 0.022534 0.146973 0.988884
vn -0.019736 0.184112 0.982707
vn -0.055060 0.157366 0.986004
vn -0.023460 0.075481 0.996871
vn 0.018145 -0.051084 0.998530
vn -0.083705 0.021298 0.996263
vn -0.053175 0.114399 0.992011
vn -0.077691 0.101444 0.991803
vn -0.093349 0.042909 0.994708
vn -0.026160 0.007093 0.999633
vn -0.045899 0.039519 0.998164
vn -0.049912 -0.021908 0.998513
vn -0.028131 -0.016605 0.999466
vn -0.033116 0.037563 0.998745
vn -0.020151 0.034472 0.999202
vn -0.102884 -0.159900 0.981757
vn -0.056860 -0.040970 0.997541
vn -0.025951 0.004848 0.999651
vn 0.007778 0.038023 0.999247
vn 0.090381 0.096793 0.991192
vn 0.161280 0.226550 0.960554
vn 0.227344 0.368489 0.901405
vn 0.140774 0.499199 0.854975
vn -0.095888 0.495030 0.863569
vn -0.067832 0.147715 0.986701
vn 0.240882 -0.186845 0.952400
vn -0.028991 0.131376 0.990909
vn -0.153632 0.223686 0.962477
vn -0.089999 0.127205 0.987785
vn -0.151905 0.218190 0.964011
vn -0.077980 0.158124 0.984335
vn -0.031316 0.082340 0.996112
vn 0.011209 0.076940 0.996973
vn 0.026974 0.121273 0.992253
vn 0.020576 0.139128 0.990061
vn -0.026691 0.141529 0.989574
vn -0.209311 0.206585 0.955778
vn -0.328414 0.264334 0.906792
vn -0.171475 0.181443 0.968336
vn -0.087026 0.116743 0.989342
vn -0.064755 0.090912 0.993751
vn -0.011842 0.066322 0.997728
vn 0.028275 0.099625 0.994623
vn 0.052064 0.156895 0.986242
vn 0.095357 0.230510 0.968386
vn 0.090274 0.334349 0.938116
vn -0.024963 0.365596 0.930439
vn -0.135257 0.275509 0.951735
vn -0.117957 0.182484 0.976108
vn -0.028424 0.159803 0.986740
vn 0.012202 0.210642 0.977487
vn 0.009349 0.277682 0.960628
vn -0.086043 0.315732 0.944939
vn -0.171181 0.290190 0.941534
vn -0.100440 0.150929 0.983429
vn -0.046843 0.050594 0.997620
vn -0.058894 0.039735 0.997473
vn -0.030474 0.034638 0.998935
vn -0.011460 0.048668 0.998749
vn -0.038594 0.061591 0.997355
vn -0.003584 0.055190 0.998469
vn 0.075020 0.068101 0.994854
vn 0.251940 0.118058 0.960515
vn 0.412058 0.145033 0.899541
vn 0.598909 0.126225 0.790807
vn -0.475355 -0.013080 0.879697
vn -0.819892 -0.087233 0.565833
vn -0.007665 -0.081541 0.996641
vn -0.029747 -0.067745 0.997259
vn 0.015933 -0.029612 0.999434
vn 0.041196 0.008137 0.999118
vn 0.201265 0.063029 0.977507
vn 0.311743 0.194843 0.929975
vn 0.356919 0.270983 0.893967
vn 0.220439 0.294359 0.929924
vn -0.196398 0.292877 0.935762
vn -0.410523 0.222853 0.884199
vn 0.036249 0.019937 0.999144
vn 0.268472 -0.136828 0.953520
vn -0.098530 0.091115 0.990954
vn -0.139384 0.214297 0.966772
vn -0.030280 0.248747 0.968095
vn -0.158122 0.327567 0.931503
vn -0.106688 0.197679 0.974444
vn 0.008340 0.121828 0.992516
vn 0.060541 0.089941 0.994105
vn 0.123659 0.178813 0.976081
vn -0.061987 0.330401 0.941803
vn -0.125948 0.279221 0.951931
vn -0.277704 0.346158 0.896134
vn -0.284029 0.338987 0.896892
vn -0.141433 0.231963 0.962388
vn -0.092768 0.192887 0.976826
vn -0.002222 0.181129 0.983457
vn 0.092096 0.216701 0.971884
vn 0.108588 0.277115 0.954681
vn 0.160630 0.284371 0.945162
vn 0.156504 0.261569 0.952412
vn -0.039592 0.257803 0.965386
vn -0.260548 0.262303 0.929146
vn -0.141620 0.234959 0.961633
vn 0.052633 0.303396 0.951410
vn 0.121131 0.426704 0.896243
vn 0.043132 0.498568 0.865777
vn -0.072524 0.487665 0.870013
vn -0.216745 0.445495 0.868652
vn -0.282068 0.346552 0.894617
vn -0.174630 0.162592 0.971117
vn -0.065895 0.041297 0.996972
vn -0.025939 0.042374 0.998765
vn 0.000187 0.042535 0.999095
vn -0.045419 0.054250 0.997494
vn -0.029796 0.051290 0.998239
vn 0.092857 0.055497 0.994132
vn 0.234070 0.110659 0.965901
vn 0.434796 0.155749 0.886958
vn 0.502188 0.178090 0.846222
vn -0.142180 0.026840 0.989477
vn -0.695784 -0.015128 0.718092
vn -0.179487 -0.009041 0.983719
vn -0.152607 0.088586 0.984309
vn -0.027051 0.011605 0.999567
vn -0.002667 0.005833 0.999979
vn -0.000167 0.000333 1.000000
vn 0.000000 0.000000 1.000000
vn -0.003055 0.009276 0.999952
vn -0.013135 0.009691 0.999867
vn 0.020511 -0.004555 0.999779
vn 0.079835 0.011570 0.996741
vn 0.222156 0.003308 0.975005
vn 0.379424 -0.060844 0.923220
vn 0.349368 -0.104477 0.931143
vn 0.181441 -0.189177 0.965034
vn -0.179674 -0.205193 0.962088
vn -0.361298 -0.068446 0.929935
vn -0.129677 0.065588 0.989385
vn 0.144203 -0.063309 0.987521
vn 0.073720 -0.217237 0.973331
vn -0.018724 -0.117787 0.992862
vn 0.092031 0.021261 0.995529
vn -0.055797 0.190494 0.980101
vn -0.235901 0.340522 0.910163
vn -0.103468 0.235174 0.966430
vn 0.045319 0.137465 0.989469
vn 0.131959 0.039886 0.990452
vn 0.090179 -0.059236 0.994162
vn -0.090315 0.124953 0.988044
vn -0.140286 0.337247 0.930905
vn -0.339557 0.445109 0.828600
vn -0.228394 0.366298 0.902032
vn -0.112869 0.319041 0.940996
vn -0.008003 0.290473 0.956850
vn 0.123111 0.272459 0.954259
vn 0.126074 0.253684 0.959036
vn 0.109067 0.211439 0.971287
vn 0.040909 0.119351 0.992009
vn -0.049112 -0.009751 0.998746
vn -0.167703 0.076166 0.982891
vn -0.052714 0.277539 0.959267
vn 0.173347 0.407030 0.896815
vn 0.224105 0.475056 0.850940
vn 0.077890 0.524466 0.847861
vn -0.137178 0.507130 0.850882
vn -0.309768 0.408396 0.858636
vn -0.406136 0.293771 0.865305
vn -0.338367 0.184594 0.922731
vn -0.144187 0.072439 0.986896
vn -0.028571 0.027435 0.999215
vn -0.010423 0.016349 0.999812
vn -0.023951 0.006938 0.999689
vn -0.015523 0.039751 0.999089
vn 0.123507 0.071553 0.989761
vn 0.293149 0.119767 0.948535
vn 0.484889 0.144108 0.862621
vn 0.321630 0.061268 0.944881
vn -0.197998 -0.293869 0.935114
vn -0.639846 -0.038488 0.767539
vn -0.226991 -0.009620 0.973849
vn -0.087795 0.032888 0.995596
vn -0.077273 0.102129 0.991765
vn -0.005005 0.083795 0.996470
vn -0.026325 0.057583 0.997994
vn -0.001933 0.009166 0.999956
vn -0.002944 0.006389 0.999975
vn -0.000167 0.000333 1.000000
vn 0.000000 0.000000 1.000000
vn 0.000000 0.000000 1.000000
vn 0.000000 0.000000 1.000000
vn 0.000000 0.000000 1.000000
vn 0.045823 0.062243 0.997009
vn 0.009965 0.099762 0.994961
vn 0.008231 0.132824 0.991105
vn 0.088636 0.102008 0.990827
vn 0.141306 0.064330 0.987874
vn 0.225599 -0.096259 0.969453
vn 0.219090 -0.295932 0.929744
vn 0.150835 -0.361382 0.920137
vn -0.102011 -0.273737 0.956379
vn -0.163174 -0.168683 0.972070
vn -0.076355 -0.042241 0.996186
vn 0.028324 -0.077738 0.996571
vn -0.037388 -0.112664 0.992929
vn 0.055442 -0.153755 0.986552
vn 0.030503 -0.194196 0.980488
vn 0.152499 -0.350903 0.923911
vn -0.050867 -0.168785 0.984339
vn -0.156083 0.085239 0.984059
vn -0.059463 0.048336 0.997060
vn -0.037521 -0.025543 0.998969
vn -0.044099 -0.188095 0.981160
vn 0.064776 -0.302181 0.951047
vn 0.196517 -0.171602 0.965367
vn -0.127374 0.189244 0.973634
vn -0.350352 0.384768 0.853936
vn -0.133926 0.310077 0.941231
vn -0.037386 0.329368 0.943461
vn 0.066856 0.294061 0.953446
vn 0.064297 0.212535 0.975036
vn 0.008528 0.110342 0.993857
vn -0.028540 0.009079 0.999551
vn -0.074861 0.018745 0.997018
vn 0.027932 0.109849 0.993556
vn 0.149149 0.313386 0.937840
vn 0.265717 0.416013 0.869671
vn 0.245659 0.414864 0.876094
vn 0.076712 0.384221 0.920049
vn -0.209231 0.350318 0.912962
vn -0.413848 0.281962 0.865579
vn -0.509115 0.183965 0.840808
vn -0.411821 0.098130 0.905966
vn -0.215998 0.079075 0.973187
vn -0.043660 0.043170 0.998113
vn -0.018776 0.032651 0.999290
vn -0.030935 0.026074 0.999181
vn 0.033364 0.035111 0.998826
vn 0.183364 0.117468 0.976002
vn 0.341548 0.198173 0.918734
vn 0.442556 0.179103 0.878673
vn -0.035706 0.040221 0.998553
vn -0.461201 -0.274390 0.843803
vn -0.423464 -0.169358 0.889941
vn -0.213469 0.032095 0.976422
vn -0.028578 0.026716 0.999234
vn -0.023292 0.069305 0.997324
vn -0.002703 0.107486 0.994203
vn -0.050028 0.133073 0.989843
vn -0.058845 0.125233 0.990381
vn -0.005921 0.085683 0.996305
vn -0.003897 0.083253 0.996521
vn -0.023692 0.056300 0.998133
vn -0.002777 0.006221 0.999977
vn -0.000222 0.000444 1.000000
vn 0.000000 0.000000 1.000000
vn 0.000000 0.000000 1.000000
vn 0.068102 0.084655 0.994080
vn 0.084345 0.084143 0.992878
vn 0.073848 0.075182 0.994432
vn 0.046974 0.112099 0.992586
vn 0.010554 0.118955 0.992844
vn 0.072831 0.025390 0.997021
vn 0.069285 -0.032760 0.997059
vn 0.116246 -0.088386 0.989280
vn 0.153228 -0.131072 0.979460
vn 0.050643 -0.110660 0.992567
vn -0.130142 0.008711 0.991457
vn -0.062016 -0.029375 0.997643
vn -0.032381 -0.072560 0.996838
vn -0.017991 -0.084477 0.996263
vn 0.027623 -0.098090 0.994794
vn -0.021181 -0.094136 0.995334
vn -0.060552 -0.155089 0.986043
vn 0.056134 -0.303131 0.951294
vn 0.026338 -0.320748 0.946798
vn -0.084550 -0.168144 0.982130
vn -0.053422 -0.148850 0.987416
vn -0.098022 -0.116818 0.988304
vn -0.003853 -0.111336 0.993775
vn 0.198747 -0.269194 0.942356
vn 0.199735 -0.321704 0.925534
vn -0.145701 0.046935 0.988215
vn -0.223887 0.281533 0.933067
vn 0.049780 0.256542 0.965250
vn -0.069649 0.272034 0.959764
vn 0.009866 0.042206 0.999060
vn -0.013886 0.127934 0.991685
vn -0.053089 0.229928 0.971759
vn -0.038784 0.240681 0.969829
vn 0.176615 0.269116 0.946775
vn 0.283903 0.371187 0.884092
vn 0.240004 0.360697 0.901274
vn 0.173013 0.213463 0.961509
vn 0.000995 0.095811 0.995399
vn -0.259937 0.014966 0.965510
vn -0.448811 -0.016449 0.893475
vn -0.547940 0.030538 0.835960
vn -0.444669 0.049596 0.894321
vn -0.206236 0.054633 0.976976
vn -0.072814 0.067257 0.995075
vn -0.025819 0.039077 0.998903
vn -0.032073 0.037332 0.998788
vn 0.064785 0.048856 0.996703
vn 0.282618 0.086434 0.955331
vn 0.407274 0.154005 0.900228
vn 0.294335 0.111123 0.949220
vn -0.151655 -0.133312 0.979402
vn -0.541546 -0.097518 0.834996
vn -0.332085 -0.017361 0.943090
vn -0.128419 0.014954 0.991607
vn -0.058407 0.056656 0.996684
vn 0.004076 0.048338 0.998823
vn -0.000499 0.044613 0.999004
vn -0.001858 0.046578 0.998913
vn -0.042087 0.102812 0.993810
vn -0.019758 0.129505 0.991382
vn -0.003272 0.125769 0.992054
vn -0.048363 0.150019 0.987499
vn -0.052353 0.151093 0.987132
vn -0.006357 0.127362 0.991836
vn -0.001255 0.123025 0.992403
vn 0.000000 0.080766 0.996733
vn 0.064239 -0.056322 0.996344
vn 0.079482 -0.027466 0.996458
vn 0.044358 -0.023341 0.998743
vn 0.052831 -0.069142 0.996207
vn 0.008851 -0.043157 0.999029
vn -0.002060 -0.031841 0.999491
vn 0.069094 -0.053598 0.996169
vn 0.136950 -0.035824 0.989930
vn 0.116713 -0.008398 0.993130
vn 0.082009 -0.071016 0.994098
vn -0.094721 -0.061108 0.993627
vn -0.117660 -0.081577 0.989698
vn -0.043441 -0.106737 0.993338
vn -0.037575 -0.108590 0.993376
vn -0.012924 -0.122515 0.992382
vn -0.010785 -0.158108 0.987363
vn -0.065272 -0.116153 0.991084
vn -0.024351 -0.079857 0.996509
vn -0.006203 -0.124640 0.992183
vn 0.006001 -0.173325 0.984846
vn -0.004231 -0.138325 0.990378
vn -0.027669 -0.052556 0.998235
vn -0.062160 -0.031914 0.997556
vn 0.009660 -0.117106 0.993072
vn 0.160274 -0.280194 0.946469
vn 0.205908 -0.333393 0.920028
vn -0.065849 -0.058561 0.996110
vn -0.024060 0.029794 0.999266
vn -0.071590 -0.012606 0.997354
vn -0.103740 0.090660 0.990464
vn 0.199066 0.168539 0.965384
vn 0.127255 0.400076 0.907604
vn -0.073778 0.481914 0.873107
vn 0.182885 0.380734 0.906419
vn 0.333202 0.395957 0.855683
vn 0.075885 0.395360 0.915386
vn -0.084634 0.116859 0.989536
vn -0.127579 -0.181894 0.975007
vn -0.293525 -0.268683 0.917416
vn -0.421432 -0.238569 0.874917
vn -0.460634 -0.157747 0.873460
vn -0.388021 -0.016430 0.921504
vn -0.185489 0.076975 0.979627
vn -0.086386 0.086519 0.992498
vn -0.048166 0.061750 0.996929
vn -0.026706 0.049836 0.998400
vn 0.075282 0.048442 0.995985
vn 0.306696 0.040369 0.950951
vn 0.431466 0.036780 0.901379
vn 0.190792 0.079721 0.978388
vn -0.348451 -0.019432 0.937125
vn -0.450300 -0.120009 0.884776
vn -0.252956 -0.024618 0.967165
vn -0.125841 0.028730 0.991634
vn -0.037699 0.015066 0.999176
vn 0.000000 0.025741 0.999669
vn 0.000000 0.025741 0.999669
vn -0.000222 0.026185 0.999657
vn -0.000305 0.027017 0.999635
vn -0.009124 0.045556 0.998920
vn -0.000111 0.054911 0.998491
vn -0.000803 0.056616 0.998396
vn -0.023233 0.103545 0.994353
vn -0.003534 0.132597 0.991164
vn -0.002693 0.136486 0.990638
vn -0.003299 0.172553 0.984995
vn 0.001213 -0.023778 0.999717
vn 0.051077 -0.087835 0.994825
vn 0.078319 -0.095112 0.992381
vn 0.020302 -0.030372 0.999332
vn 0.048868 -0.071252 0.996261
vn 0.025633 -0.042990 0.998747
vn 0.074404 -0.018736 0.997052
vn 0.110511 -0.042384 0.992971
vn 0.118823 -0.086501 0.989140
vn 0.007907 -0.100456 0.994910
vn -0.061898 -0.128227 0.989811
vn -0.181619 -0.131961 0.974475
vn -0.014065 -0.184380 0.982754
vn -0.024788 -0.098127 0.994865
vn -0.026876 -0.092047 0.995392
vn -0.014501 -0.110017 0.993824
vn -0.015248 -0.102410 0.994625
vn -0.014116 -0.089793 0.995860
vn -0.020597 -0.079045 0.996658
vn -0.008317 -0.064976 0.997852
vn 0.026024 -0.054980 0.998148
vn -0.002838 -0.056557 0.998395
vn -0.054430 -0.059825 0.996724
vn -0.070988 -0.047574 0.996342
vn 0.024829 -0.112600 0.993330
vn 0.135732 -0.227670 0.964232
vn 0.164803 -0.308147 0.936955
vn -0.087300 -0.143055 0.985857
vn 0.005231 -0.141586 0.989912
vn 0.092099 -0.005171 0.995736
vn 0.402131 0.161211 0.901278
vn 0.233894 0.270897 0.933760
vn -0.136757 0.242943 0.960352
vn 0.069145 0.160502 0.984611
vn 0.380185 0.048576 0.923634
vn 0.017565 0.020622 0.999633
vn -0.382879 -0.032321 0.923233
vn -0.356637 -0.246358 0.901176
vn -0.310016 -0.364445 0.878106
vn -0.331369 -0.314770 0.889446
vn -0.354188 -0.190015 0.915667
vn -0.275678 -0.069008 0.958770
vn -0.121164 0.029836 0.992184
vn -0.082311 0.087856 0.992727
vn -0.084594 0.075169 0.993576
vn -0.033141 0.039648 0.998664
vn 0.056095 0.024007 0.998137
vn 0.274476 -0.022153 0.961339
vn 0.428484 -0.064702 0.901230
vn 0.338912 -0.002265 0.940815
vn -0.344621 0.207789 0.915456
vn -0.532644 0.143700 0.834051
vn -0.203867 0.011365 0.978933
vn -0.087235 0.054506 0.994696
vn -0.047611 0.111346 0.992641
vn 0.000000 0.101235 0.994863
vn 0.000000 0.101235 0.994863
vn 0.000000 0.101235 0.994863
vn 0.000000 0.101235 0.994863
vn 0.000000 0.101235 0.994863
vn 0.000000 0.101235 0.994863
vn 0.000000 0.101235 0.994863
vn 0.000000 0.101235 0.994863
vn 0.000000 0.101235 0.994863
vn -0.000626 0.062599 0.998039
vn -0.002499 0.026490 0.999646
vn -0.025658 0.002443 0.999668
vn 0.008321 0.007341 0.999938
vn 0.132862 0.019696 0.990939
vn 0.047168 0.082381 0.995484
vn -0.015378 0.041111 0.999036
vn 0.034465 -0.032258 0.998885
vn 0.066229 -0.045121 0.996784
vn 0.059915 -0.052989 0.996796
vn 0.080379 -0.123420 0.989094
vn -0.000020 -0.145886 0.989301
vn -0.038304 -0.141754 0.989161
vn -0.196364 -0.060484 0.978664
vn -0.039002 -0.081315 0.995925
vn 0.091823 -0.074027 0.993020
vn -0.009462 0.045053 0.998940
vn -0.050324 0.065212 0.996602
vn -0.059773 -0.019307 0.998025
vn -0.014331 -0.095905 0.995287
vn -0.027097 -0.115648 0.992921
vn 0.022855 -0.120325 0.992471
vn 0.036571 -0.087812 0.995465
vn -0.000666 -0.073268 0.997312
vn -0.056776 -0.069907 0.995936
vn -0.061201 -0.063281 0.996117
vn -0.037714 -0.068516 0.996937
vn 0.029761 -0.120783 0.992233
vn 0.095509 -0.229418 0.968631
vn 0.073024 -0.294354 0.952903
vn 0.031696 -0.242466 0.969642
vn 0.186785 -0.170315 0.967525
vn 0.398296 -0.203174 0.894472
vn 0.230141 -0.259017 0.938054
vn -0.146398 -0.271248 0.951311
vn -0.047179 -0.253987 0.966056
vn 0.246683 -0.343268 0.906264
vn -0.002756 -0.465739 0.884918
vn -0.365713 -0.411009 0.835060
vn -0.413488 -0.364020 0.834576
vn -0.304846 -0.369409 0.877842
vn -0.246244 -0.330898 0.910972
vn -0.218766 -0.238829 0.946098
vn -0.175637 -0.093731 0.979983
vn -0.047294 -0.014448 0.998777
vn -0.037235 0.040790 0.998474
vn -0.109934 0.081882 0.990560
vn -0.067123 0.049628 0.996510
vn 0.016775 0.007368 0.999832
vn 0.209090 -0.059412 0.976090
vn 0.405407 -0.120848 0.906113
vn 0.487071 -0.057059 0.871497
vn -0.213572 0.125330 0.968855
vn -0.578748 0.103942 0.808855
vn -0.311876 0.116090 0.943004
vn -0.031181 0.032500 0.998985
vn -0.003479 0.067894 0.997686
vn 0.000556 0.095323 0.995446
vn -0.002063 0.094133 0.995558
vn 0.000167 0.090204 0.995923
vn 0.000028 0.090563 0.995891
vn 0.000000 0.090619 0.995886
vn 0.000000 0.090619 0.995886
vn 0.000000 0.090619 0.995886
vn 0.000000 0.090619 0.995886
vn 0.000000 0.090619 0.995886
vn 0.000000 0.120714 0.992687
vn -0.028532 0.028135 0.999197
vn 0.022728 0.014960 0.999630
vn 0.131049 -0.022886 0.991112
vn 0.088971 -0.050903 0.994733
vn -0.074991 -0.018149 0.997019
vn -0.028860 -0.030737 0.999111
vn 0.058735 -0.067812 0.995968
vn 0.064308 -0.069504 0.995507
vn 0.013327 -0.056235 0.998329
vn -0.023786 -0.112655 0.993349
vn -0.039749 -0.165343 0.985435
vn -0.057061 -0.127441 0.990203
vn -0.072758 0.003231 0.997344
vn 0.094967 -0.050258 0.994211
vn 0.083475 -0.085790 0.992810
vn -0.030514 -0.016677 0.999395
vn -0.110407 0.060711 0.992030
vn -0.123348 0.036564 0.991690
vn -0.055550 -0.075894 0.995567
vn 0.014234 -0.115703 0.993182
vn 0.059950 -0.123473 0.990535
vn 0.015693 -0.112878 0.993485
vn -0.049052 -0.091985 0.994552
vn -0.059976 -0.094735 0.993694
vn -0.047443 -0.100541 0.993801
vn -0.015651 -0.100425 0.994821
vn -0.013309 -0.129088 0.991544
vn -0.002330 -0.225652 0.974205
vn 0.004438 -0.297457 0.954725
vn 0.146754 -0.370106 0.917325
vn 0.280947 -0.436042 0.854948
vn 0.178725 -0.532166 0.827561
vn -0.058841 -0.535033 0.842780
vn -0.022495 -0.451825 0.891823
vn 0.102063 -0.496034 0.862284
vn -0.055384 -0.561403 0.825687
vn -0.258337 -0.520583 0.813791
vn -0.335359 -0.420487 0.843045
vn -0.264469 -0.336861 0.903649
vn -0.186176 -0.268498 0.945118
vn -0.105518 -0.196717 0.974766
vn -0.051199 -0.095408 0.994121
vn -0.011179 -0.033413 0.999379
vn 0.007853 -0.029690 0.999528
vn -0.068698 0.017051 0.997492
vn -0.103986 0.052420 0.993196
vn -0.031165 0.022522 0.999260
vn 0.146530 -0.014789 0.989096
vn 0.367279 -0.048558 0.928843
vn 0.558014 -0.079264 0.826037
vn -0.122420 0.025932 0.992140
vn -0.574228 -0.001029 0.818694
vn -0.307121 0.021602 0.951425
vn -0.082707 0.048053 0.995415
vn 0.013074 0.015494 0.999794
vn 0.000861 0.009861 0.999951
vn -0.003333 0.011832 0.999924
vn -0.003777 0.012054 0.999920
vn 0.000389 0.009971 0.999950
vn 0.000056 0.010137 0.999949
vn 0.000000 0.010165 0.999948
vn -0.000139 0.010026 0.999950
vn 0.000000 0.009749 0.999952
vn -0.003110 0.006638 0.999973
vn 0.000000 0.000333 1.000000
vn -0.019991 0.019158 0.999617
vn -0.015361 0.034430 0.999289
vn 0.004931 0.038080 0.999263
vn 0.023603 0.010564 0.999666
vn 0.053492 -0.104385 0.993097
vn -0.017389 -0.109785 0.993803
vn -0.007384 -0.054596 0.998481
vn 0.025268 -0.058618 0.997961
vn 0.081574 -0.095118 0.992118
vn 0.003545 -0.084460 0.996421
vn -0.049635 -0.102904 0.993452
vn -0.087244 -0.074183 0.993421
vn -0.002144 -0.112813 0.993614
vn 0.009210 -0.057773 0.998287
vn 0.054193 0.006595 0.998509
vn 0.010753 -0.003903 0.999935
vn 0.032155 -0.083520 0.995987
vn -0.039132 -0.070774 0.996725
vn -0.101740 -0.014504 0.994705
vn -0.136127 0.024203 0.990396
vn -0.031760 -0.026359 0.999148
vn 0.032628 -0.090072 0.995401
vn 0.027250 -0.133219 0.990712
vn -0.043532 -0.126749 0.990979
vn -0.065636 -0.129458 0.989410
vn -0.047952 -0.121912 0.991382
vn -0.007289 -0.117809 0.993010
vn -0.028654 -0.107069 0.993839
vn -0.072567 -0.101324 0.992203
vn -0.050907 -0.134195 0.989646
vn 0.047903 -0.197241 0.979184
vn 0.160579 -0.319194 0.933986
vn 0.107325 -0.451300 0.885895
vn -0.006743 -0.473155 0.880953
vn 0.007646 -0.451738 0.892118
vn 0.029089 -0.479171 0.877239
vn -0.080378 -0.482779 0.872046
vn -0.188381 -0.434466 0.880768
vn -0.229918 -0.327658 0.916394
vn -0.167579 -0.219471 0.961119
vn -0.094134 -0.134229 0.986469
vn -0.036874 -0.059841 0.997527
vn 0.013180 -0.023234 0.999643
vn -0.019014 -0.019235 0.999634
vn 0.004342 -0.052705 0.998601
vn -0.017427 -0.037990 0.999126
vn -0.077733 0.014121 0.996874
vn -0.038817 0.049352 0.998027
vn 0.133957 0.065687 0.988808
vn 0.363374 0.070979 0.928935
vn 0.464007 0.005316 0.885816
vn -0.029606 -0.182136 0.982827
vn -0.591007 -0.002538 0.806663
vn -0.276198 0.007351 0.961073
vn -0.087726 0.015359 0.996026
vn 0.000306 0.018051 0.999837
vn -0.000250 0.013915 0.999903
vn -0.001888 0.010360 0.999945
vn -0.002361 0.009221 0.999955
vn 0.000167 0.010332 0.999947
vn 0.000028 0.010110 0.999949
vn 0.000000 0.010082 0.999949
vn -0.000278 0.010221 0.999948
vn -0.000278 0.010221 0.999948
vn 0.021132 0.040421 0.998959
vn -0.012379 0.067521 0.997641
vn -0.017494 0.016327 0.999714
vn -0.008469 0.014857 0.999854
vn 0.000338 0.025398 0.999677
vn -0.000648 0.018273 0.999833
vn -0.003278 0.003388 0.999989
vn 0.006221 -0.005361 0.999966
vn 0.008165 -0.008998 0.999926
vn -0.002024 0.001051 0.999997
vn 0.028766 -0.033246 0.999033
vn 0.009734 -0.077641 0.996934
vn -0.055865 -0.070834 0.995923
vn -0.035769 -0.056792 0.997745
vn -0.026503 -0.023353 0.999376
vn 0.060377 -0.029900 0.997728
vn 0.094060 -0.038523 0.994821
vn 0.044567 0.021764 0.998769
vn -0.003497 0.086252 0.996267
vn -0.065556 0.104423 0.992370
vn -0.070087 0.068414 0.995192
vn -0.128630 0.087064 0.987863
vn -0.075447 0.056298 0.995559
vn -0.042685 -0.010837 0.999030
vn -0.012651 -0.079106 0.996786
vn -0.045243 -0.101138 0.993843
vn -0.061430 -0.104978 0.992575
vn -0.037304 -0.099206 0.994367
vn -0.009196 -0.105891 0.994335
vn -0.016677 -0.112355 0.993528
vn -0.042629 -0.084387 0.995521
vn -0.064238 -0.036147 0.997280
vn -0.025821 -0.042544 0.998761
vn 0.031207 -0.107156 0.993752
vn 0.027755 -0.181135 0.983066
vn -0.020982 -0.217894 0.975747
vn -0.005405 -0.255486 0.966798
vn -0.006839 -0.297706 0.954633
vn -0.048372 -0.301231 0.952323
vn -0.106705 -0.244484 0.963764
vn -0.112626 -0.144066 0.983138
vn -0.079276 -0.048288 0.995682
vn -0.038770 -0.003144 0.999243
vn -0.007542 0.021852 0.999733
vn 0.012164 0.014746 0.999817
vn -0.038408 0.005928 0.999245
vn -0.026515 -0.019269 0.999463
vn 0.015926 -0.028846 0.999457
vn -0.025863 0.008676 0.999628
vn 0.004004 0.050181 0.998732
vn 0.178852 0.118478 0.976716
vn 0.371342 0.170627 0.912684
vn 0.259354 0.124462 0.957729
vn -0.117335 -0.160193 0.980087
vn -0.512644 -0.082789 0.854600
vn -0.249521 -0.005852 0.968352
vn -0.077980 0.056468 0.995354
vn -0.001999 0.059282 0.998239
vn -0.000555 0.060304 0.998180
vn -0.005043 0.062515 0.998031
vn -0.005156 0.062511 0.998031
vn -0.000610 0.060230 0.998184
vn 0.000000 0.059925 0.998203
vn 0.000000 0.059925 0.998203
vn 0.007954 0.067723 0.997672
vn 0.001098 0.084855 0.996393
vn 0.041038 0.044192 0.998180
vn 0.073067 0.092113 0.993064
vn -0.015553 -0.000890 0.999879
vn -0.014580 0.008497 0.999858
vn 0.003831 -0.002998 0.999988
vn -0.001555 -0.005387 0.999984
vn -0.012415 0.001999 0.999921
vn -0.002111 -0.002862 0.999994
vn 0.008025 -0.006305 0.999948
vn 0.016691 -0.003388 0.999855
vn -0.002134 0.016519 0.999861
vn -0.010324 -0.004490 0.999937
vn -0.046486 -0.010792 0.998861
vn -0.026818 -0.011746 0.999571
vn -0.018605 -0.013023 0.999742
vn 0.029273 -0.039922 0.998774
vn 0.058185 -0.083848 0.994778
vn 0.087251 -0.145337 0.985528
vn 0.049412 -0.133743 0.989783
vn -0.011293 -0.094949 0.995418
vn -0.063133 -0.050033 0.996750
vn -0.094237 0.011780 0.995480
vn -0.146222 0.047188 0.988126
vn -0.104470 0.013608 0.994435
vn -0.056016 -0.013375 0.998340
vn -0.045653 -0.030559 0.998490
vn -0.059848 -0.025324 0.997886
vn -0.045995 -0.023434 0.998667
vn -0.027725 -0.039954 0.998817
vn -0.020479 -0.051658 0.998455
vn 0.001377 -0.047057 0.998891
vn -0.021130 -0.001861 0.999775
vn -0.042581 0.021814 0.998855
vn -0.006443 -0.002447 0.999976
vn 0.015992 -0.012328 0.999796
vn -0.047386 0.010811 0.998818
vn -0.045627 -0.021054 0.998737
vn -0.048937 -0.039607 0.998016
vn -0.042030 -0.065347 0.996977
vn -0.052832 -0.060389 0.996776
vn -0.035996 -0.019927 0.999153
vn -0.030374 0.018972 0.999359
vn -0.025796 0.038456 0.998927
vn 0.001244 0.046190 0.998932
vn -0.008783 0.045957 0.998905
vn -0.041627 0.023066 0.998867
vn -0.046877 0.020389 0.998693
vn 0.007491 -0.006981 0.999948
vn 0.012841 -0.020021 0.999717
vn 0.042764 0.023622 0.998806
vn 0.264560 0.072372 0.961650
vn 0.427565 0.171697 0.887529
vn 0.084401 0.200518 0.976048
vn -0.301116 -0.033793 0.952989
vn -0.448205 -0.052113 0.892410
vn -0.224574 -0.041891 0.973556
vn -0.019025 -0.039718 0.999030
vn 0.000639 -0.008919 0.999960
vn 0.000166 -0.007737 0.999970
vn 0.023925 0.017834 0.999555
vn -0.001736 0.071436 0.997444
vn -0.000304 0.075333 0.997158
vn 0.000111 0.075744 0.997127
vn 0.008770 0.084696 0.996368
vn 0.011068 0.089320 0.995942
vn 0.018462 0.078036 0.996780
vn 0.004981 0.113531 0.993522
vn -0.004054 -0.006611 0.999970
vn -0.005888 -0.007221 0.999957
vn -0.007639 0.000778 0.999971
vn -0.005307 -0.007802 0.999955
vn -0.003583 -0.007665 0.999964
vn -0.003971 -0.001224 0.999991
vn 0.009416 -0.004000 0.999948
vn 0.019940 -0.001888 0.999799
vn 0.011388 -0.000278 0.999935
vn -0.020781 0.009601 0.999738
vn -0.051641 0.011254 0.998602
vn -0.038163 -0.003525 0.999265
vn -0.025986 -0.015827 0.999537
vn -0.015353 -0.027264 0.999510
vn 0.011208 -0.067916 0.997628
vn 0.020390 -0.108497 0.993888
vn 0.035591 -0.159047 0.986629
vn -0.001251 -0.184914 0.982754
vn -0.042609 -0.170977 0.984353
vn -0.022103 -0.176108 0.984123
vn -0.074909 -0.103168 0.991839
vn -0.091094 -0.024630 0.995538
vn -0.058429 -0.004962 0.998279
vn -0.047661 -0.003719 0.998857
vn -0.050788 0.003884 0.998702
vn -0.041858 0.019868 0.998926
vn -0.032539 0.031421 0.998976
vn -0.015029 0.045034 0.998872
vn 0.016994 0.066262 0.997658
vn 0.019248 0.094101 0.995377
vn -0.035952 0.124794 0.991531
vn -0.053255 0.107345 0.992795
vn -0.006264 0.032645 0.999447
vn -0.023122 0.001699 0.999731
vn -0.061724 0.023560 0.997815
vn -0.042186 0.030866 0.998633
vn -0.056686 0.043378 0.997449
vn -0.038562 0.046564 0.998171
vn -0.028258 0.052903 0.998200
vn -0.008878 0.040304 0.999148
vn -0.019878 0.050075 0.998548
vn 0.008020 0.043732 0.999011
vn -0.008421 0.048146 0.998805
vn -0.067410 0.043054 0.996796
vn -0.047104 0.023649 0.998610
vn -0.025470 0.031711 0.999172
vn 0.032351 0.038254 0.998744
vn 0.062488 0.067615 0.995753
vn 0.311969 0.044347 0.949057
vn 0.519269 0.095293 0.849282
vn 0.001883 0.179513 0.983754
vn -0.462041 0.009328 0.886810
vn -0.399388 -0.060366 0.914792
vn -0.239794 0.014775 0.970711
vn -0.026567 0.016863 0.999505
vn 0.001001 0.015711 0.999876
vn 0.000444 0.015248 0.999884
vn 0.048695 -0.009272 0.998771
vn 0.040089 -0.019399 0.999008
vn 0.000639 -0.014331 0.999897
vn 0.031630 0.017219 0.999351
vn 0.000267 0.054067 0.998537
vn 0.007752 0.023851 0.999685
vn -0.001767 0.016594 0.999861
vn 0.002500 0.002500 0.999994
vn -0.001419 -0.034227 0.999413
vn -0.015622 -0.010207 0.999826
vn -0.004943 -0.002945 0.999983
vn -0.000889 0.001778 0.999998
vn -0.011886 0.007109 0.999904
vn -0.000196 -0.002360 0.999997
vn -0.000972 0.000778 0.999999
vn 0.012855 0.012876 0.999834
vn 0.015780 0.021329 0.999648
vn 0.007554 0.006721 0.999949
vn -0.013327 -0.006081 0.999893
vn -0.037730 0.013125 0.999202
vn -0.054657 0.035978 0.997857
vn -0.043162 0.012919 0.998985
vn -0.027954 -0.011471 0.999543
vn 0.069286 0.056712 0.995984
vn -0.076560 0.133606 0.988073
vn -0.003010 -0.038693 0.999247
vn -0.005390 -0.066606 0.997765
vn -0.023401 -0.060141 0.997916
vn -0.034814 -0.049598 0.998162
vn -0.015613 -0.055269 0.998349
vn -0.047803 -0.021852 0.998618
vn -0.052446 0.007045 0.998599
vn -0.040943 0.019783 0.998966
vn -0.031797 0.045212 0.998471
vn -0.006135 0.082347 0.996585
vn -0.014161 0.131471 0.991219
vn 0.019815 0.162067 0.986581
vn 0.068869 0.227784 0.971273
vn 0.056284 0.299888 0.952312
vn -0.036261 0.308061 0.950675
vn -0.103626 0.257996 0.960573
vn -0.098984 0.183405 0.978041
vn -0.073914 0.075905 0.994372
vn -0.046011 0.010477 0.998886
vn -0.037271 0.012516 0.999227
vn -0.033081 0.022301 0.999204
vn -0.036435 0.043709 0.998380
vn -0.020040 0.045972 0.998742
vn -0.008046 0.064983 0.997854
vn -0.013432 0.090387 0.995816
vn -0.015602 0.086465 0.996133
vn -0.004203 0.059125 0.998242
vn -0.067921 0.075131 0.994858
vn -0.073859 0.066155 0.995072
vn 0.012271 0.048918 0.998727
vn 0.081586 0.104729 0.991149
vn 0.066946 0.156174 0.985458
vn 0.261821 0.107597 0.959100
vn 0.553716 0.037918 0.831842
vn -0.022956 0.041013 0.998895
vn -0.534696 -0.042705 0.843965
vn -0.382605 -0.014723 0.923795
vn -0.175902 0.018793 0.984228
vn -0.018033 0.026042 0.999498
vn 0.023918 0.032861 0.999174
vn 0.000028 0.043904 0.999036
vn -0.000528 0.043856 0.999038
vn -0.002845 -0.003197 0.999991
vn 0.018591 -0.005521 0.999812
vn 0.050982 0.017995 0.998537
vn 0.022843 0.007615 0.999710
vn -0.026479 0.011611 0.999582
vn -0.004943 -0.004860 0.999976
vn 0.000000 0.000000 1.000000
vn 0.005276 -0.011600 0.999919
vn -0.002917 -0.015659 0.999873
vn 0.000806 -0.006360 0.999979
vn 0.007027 0.000611 0.999975
vn -0.007023 0.007636 0.999946
vn -0.020156 0.007827 0.999766
vn 0.011712 -0.006694 0.999909
vn 0.031380 0.009686 0.999461
vn 0.014655 0.017266 0.999744
vn -0.005998 0.006906 0.999958
vn -0.014702 0.019800 0.999696
vn -0.000680 0.042325 0.999104
vn -0.028921 0.091028 0.995428
vn -0.057918 0.121886 0.990853
vn -0.064370 0.110301 0.991812
vn 0.135748 -0.007476 0.990715
vn 0.007286 0.054212 0.998503
vn -0.157028 0.150705 0.976028
vn -0.067024 0.055555 0.996203
vn -0.017246 -0.039858 0.999057
vn -0.024196 -0.030272 0.999249
vn -0.016245 -0.019490 0.999678
vn -0.020631 -0.017047 0.999642
vn -0.037828 -0.005442 0.999269
vn -0.005481 0.011976 0.999913
vn 0.018704 0.074941 0.997013
vn 0.044831 0.137137 0.989537
vn 0.055274 0.205474 0.977100
vn 0.070390 0.286620 0.955455
vn 0.141271 0.328127 0.934010
vn 0.110431 0.353189 0.929012
vn -0.038568 0.386165 0.921623
vn -0.172417 0.395621 0.902084
vn -0.215547 0.295637 0.930666
vn -0.188247 0.142382 0.971746
vn -0.101917 0.037042 0.994103
vn -0.051147 -0.003381 0.998685
vn -0.020366 -0.023797 0.999509
vn -0.016893 -0.001524 0.999856
vn 0.006366 0.041227 0.999130
vn 0.007852 0.079536 0.996801
vn 0.025720 0.084124 0.996123
vn -0.010861 0.126843 0.991863
vn -0.019661 0.148054 0.988784
vn -0.035092 0.151693 0.987805
vn -0.095341 0.184658 0.978167
vn -0.011160 0.133781 0.990948
vn 0.088071 0.055399 0.994572
vn 0.105643 0.019154 0.994220
vn 0.207548 0.058120 0.976497
vn 0.520014 0.018197 0.853964
vn -0.040909 0.008029 0.999131
vn -0.518867 0.018078 0.854664
vn -0.305743 0.113624 0.945310
vn -0.193949 0.138461 0.971191
vn -0.068777 0.039757 0.996840
vn 0.007872 -0.020956 0.999749
vn -0.000277 -0.034482 0.999405
vn -0.000500 -0.034786 0.999395
vn -0.016202 -0.028022 0.999476
vn 0.084683 -0.014330 0.996305
vn 0.034580 0.050417 0.998129
vn -0.001430 -0.005149 0.999986
vn -0.027523 -0.012832 0.999539
vn -0.023144 -0.023144 0.999464
vn 0.000000 -0.046207 0.998932
vn 0.003833 -0.005499 0.999978
vn 0.000028 0.001528 0.999999
vn 0.004055 0.003889 0.999984
vn 0.006166 0.001833 0.999979
vn 0.003194 -0.000805 0.999995
vn -0.021122 0.016515 0.999640
vn 0.011043 0.016960 0.999795
vn 0.033104 0.015881 0.999326
vn 0.017763 0.012051 0.999770
vn -0.006621 0.030945 0.999499
vn 0.025385 0.051068 0.998373
vn 0.044533 0.101620 0.993826
vn 0.042900 0.171988 0.984164
vn -0.011465 0.259173 0.965763
vn -0.063764 0.317412 0.946141
vn -0.050816 0.318755 0.946474
vn 0.058784 0.138771 0.988578
vn -0.116547 0.117389 0.986223
vn -0.113804 0.117230 0.986563
vn -0.030393 0.140343 0.989636
vn -0.085636 0.146251 0.985534
vn -0.014470 -0.005803 0.999878
vn -0.014526 -0.007527 0.999866
vn -0.030499 0.004292 0.999526
vn 0.023152 0.017247 0.999583
vn 0.098666 0.066572 0.992891
vn 0.106765 0.147457 0.983289
vn 0.137527 0.200019 0.970092
vn 0.149370 0.261976 0.953445
vn 0.137399 0.277495 0.950851
vn 0.084293 0.219332 0.972002
vn -0.013137 0.172386 0.984942
vn -0.111732 0.227850 0.967264
vn -0.333132 0.298856 0.894264
vn -0.339695 0.166936 0.925602
vn -0.181692 0.052331 0.981962
vn -0.057939 0.013241 0.998232
vn -0.036893 0.019521 0.999129
vn 0.012932 0.014235 0.999815
vn 0.059767 0.027360 0.997837
vn 0.055808 0.089303 0.994440
vn 0.008480 0.121413 0.992566
vn 0.023696 0.095243 0.995172
vn 0.006575 0.112067 0.993679
vn -0.007864 0.140072 0.990110
vn -0.053504 0.190464 0.980235
vn -0.086719 0.227737 0.969853
vn -0.025714 0.175264 0.984186
vn 0.090669 0.093650 0.991468
vn 0.181717 0.059521 0.981548
vn 0.486851 -0.075935 0.870178
vn 0.048188 -0.083590 0.995334
vn -0.486508 0.099161 0.868031
vn -0.209922 0.148668 0.966349
vn -0.259683 0.201109 0.944521
vn -0.198336 0.094956 0.975523
vn -0.019164 -0.000657 0.999816
vn -0.006412 -0.002169 0.999977
vn -0.003665 -0.017744 0.999836
vn 0.035942 0.015383 0.999235
vn 0.047539 0.062050 0.996940
vn 0.065095 -0.017578 0.997724
vn -0.046828 -0.008586 0.998866
vn -0.028124 -0.028040 0.999211
vn -0.034706 -0.034706 0.998795
vn -0.069495 -0.069495 0.995159
vn 0.005224 0.009552 0.999941
vn 0.004278 -0.003556 0.999985
vn 0.004222 -0.006776 0.999968
vn 0.003860 -0.009220 0.999950
vn 0.004416 -0.008666 0.999953
vn 0.006721 0.004804 0.999966
vn 0.025191 0.047239 0.998566
vn 0.058746 0.112653 0.991896
vn 0.033021 0.171907 0.984560
vn 0.028360 0.207657 0.977791
vn 0.031393 0.221023 0.974763
vn 0.066061 0.184776 0.980558
vn 0.106540 0.154964 0.982158
vn 0.084829 0.181927 0.979646
vn 0.006256 0.248987 0.968487
vn -0.029733 0.314992 0.948629
vn -0.035586 0.362527 0.931294
vn -0.167211 0.371585 0.913217
vn -0.223035 0.235762 0.945871
vn -0.019217 0.043165 0.998883
vn -0.050519 0.036359 0.998061
vn -0.168910 0.073513 0.982886
vn -0.022021 -0.001112 0.999757
vn -0.013054 -0.007305 0.999888
vn 0.055552 0.019931 0.998257
vn 0.159894 0.069115 0.984712
vn 0.178902 0.129771 0.975271
vn 0.172356 0.178319 0.968760
vn 0.162882 0.172926 0.971373
vn 0.093550 0.129328 0.987179
vn 0.022330 0.072222 0.997139
vn -0.036472 0.055256 0.997806
vn -0.043421 0.051213 0.997743
vn -0.278109 0.108700 0.954379
vn -0.442199 0.134900 0.886714
vn -0.246868 0.069720 0.966538
vn -0.071628 0.025355 0.997109
vn -0.019740 0.027857 0.999417
vn 0.013767 0.041467 0.999045
vn 0.067419 0.055797 0.996163
vn 0.122415 0.080863 0.989179
vn 0.038541 0.166876 0.985224
vn 0.001938 0.201584 0.979469
vn -0.011665 0.167775 0.985756
vn -0.011397 0.102166 0.994702
vn 0.002219 0.066502 0.997784
vn -0.047133 0.112485 0.992535
vn -0.046375 0.147643 0.987953
vn 0.036905 0.103968 0.993896
vn 0.115640 0.045447 0.992251
vn 0.330270 -0.039037 0.943079
vn 0.202358 -0.086451 0.975488
vn -0.426022 0.147534 0.892602
vn -0.238894 0.097545 0.966134
vn -0.212663 0.067955 0.974760
vn -0.302990 0.107209 0.946944
vn -0.072346 0.012858 0.997297
vn 0.005905 -0.009322 0.999939
vn -0.019685 0.007633 0.999777
vn 0.103313 -0.003760 0.994642
vn 0.035318 0.056796 0.997761
vn 0.000867 -0.002840 0.999996
vn -0.050691 -0.035974 0.998066
vn -0.049082 -0.049082 0.997588
vn -0.092583 -0.051819 0.994356
vn -0.000443 0.013829 0.999904
vn -0.011913 0.016995 0.999785
vn -0.005972 0.001028 0.999982
vn -0.004414 -0.014081 0.999891
vn 0.004468 -0.029175 0.999564
vn 0.039073 -0.021824 0.998998
vn 0.111599 0.059149 0.991991
vn 0.151915 0.165987 0.974356
vn 0.102344 0.230669 0.967635
vn 0.051021 0.250994 0.966643
vn 0.022182 0.255775 0.966482
vn -0.009945 0.249711 0.968269
vn 0.040754 0.180343 0.982759
vn 0.062301 0.107324 0.992270
vn 0.052988 0.063288 0.996588
vn 0.028448 0.093868 0.995178
vn 0.030275 0.133326 0.990610
vn -0.098192 0.223816 0.969672
vn -0.299181 0.327459 0.896248
vn -0.304698 0.258549 0.916685
vn -0.080934 -0.063798 0.994676
vn -0.121575 -0.059633 0.990789
vn -0.028445 0.006182 0.999576
vn 0.004803 0.013901 0.999892
vn 0.104693 0.073175 0.991809
vn 0.211646 0.143404 0.966768
vn 0.206159 0.171285 0.963411
vn 0.172585 0.137768 0.975312
vn 0.132595 0.103369 0.985765
vn 0.040481 0.076438 0.996252
vn -0.014388 0.034473 0.999302
vn -0.020739 0.012993 0.999700
vn -0.045465 0.025518 0.998640
vn -0.234002 0.016725 0.972092
vn -0.446902 0.043453 0.893527
vn -0.295533 0.043083 0.954361
vn -0.093658 0.025614 0.995275
vn -0.006558 0.025179 0.999661
vn 0.043276 0.062938 0.997079
vn 0.104556 0.126869 0.986394
vn 0.177344 0.182827 0.967018
vn 0.129460 0.250260 0.959484
vn 0.009540 0.294777 0.955519
vn -0.044039 0.288299 0.956527
vn -0.101993 0.258044 0.960734
vn -0.073206 0.152540 0.985582
vn -0.031314 0.052393 0.998135
vn -0.029717 0.036253 0.998901
vn -0.063785 0.045452 0.996928
vn 0.038279 -0.077867 0.996229
vn 0.296935 -0.131873 0.945748
vn 0.369853 -0.059948 0.927154
vn -0.297871 0.129980 0.945716
vn -0.352203 0.079828 0.932513
vn -0.194851 0.040352 0.980002
vn -0.306263 0.079985 0.948581
vn -0.159007 0.043602 0.986314
vn 0.002793 -0.014519 0.999891
vn 0.037361 0.019970 0.999102
vn 0.052292 0.067811 0.996327
vn 0.065514 -0.017141 0.997704
vn -0.070009 -0.031713 0.997042
vn -0.053998 -0.053914 0.997084
vn -0.063030 -0.062863 0.996030
vn -0.057312 -0.074099 0.995603
vn -0.023654 -0.000006 0.999720
vn 0.007206 -0.017870 0.999814
vn -0.007998 -0.009747 0.999921
vn -0.011858 -0.003611 0.999923
vn -0.022178 -0.004356 0.999745
vn -0.008081 -0.016328 0.999834
vn 0.055357 -0.018108 0.998302
vn 0.231820 0.014675 0.972648
vn 0.216691 0.121468 0.968654
vn 0.110989 0.125873 0.985818
vn 0.019581 0.104912 0.994289
vn 0.045756 0.084506 0.995372
vn -0.005050 0.134084 0.990957
vn -0.016987 0.132204 0.991077
vn 0.011714 0.088177 0.996036
vn 0.021014 0.051937 0.998429
vn 0.041644 0.025650 0.998803
vn 0.047516 0.019455 0.998681
vn 0.003996 0.026951 0.999629
vn -0.171663 0.144368 0.974520
vn -0.394904 0.253242 0.883130
vn -0.299467 0.146917 0.942727
vn -0.085637 0.035039 0.995710
vn -0.029832 0.022738 0.999296
vn 0.047132 0.042903 0.997967
vn 0.212432 0.138642 0.967291
vn 0.248470 0.233726 0.940019
vn 0.182621 0.215356 0.959308
vn 0.120382 0.197728 0.972837
vn 0.088628 0.172752 0.980970
vn -0.013347 0.094872 0.995400
vn -0.033166 0.008441 0.999414
vn -0.047445 0.002020 0.998872
vn -0.062767 -0.038653 0.997279
vn -0.254338 -0.085353 0.963342
vn -0.408434 -0.087514 0.908583
vn -0.281886 -0.019683 0.959246
vn -0.090542 0.021092 0.995669
vn 0.003273 0.024353 0.999698
vn 0.120007 0.047974 0.991613
vn 0.202065 0.151024 0.967658
vn 0.241538 0.255714 0.936093
vn 0.159412 0.307799 0.938002
vn 0.014624 0.318514 0.947805
vn -0.064895 0.306393 0.949691
vn -0.125935 0.291508 0.948242
vn -0.168348 0.272026 0.947450
vn -0.126372 0.196110 0.972405
vn -0.073680 0.105390 0.991698
vn -0.062322 0.047878 0.996907
vn -0.060743 0.040314 0.997339
vn 0.271288 -0.027116 0.962116
vn 0.441390 -0.074436 0.894223
vn -0.178800 0.019151 0.983699
vn -0.401706 0.035943 0.915063
vn -0.155623 0.046017 0.986744
vn -0.272393 0.113914 0.955419
vn -0.216383 0.094285 0.971745
vn -0.035577 0.048814 0.998174
vn 0.084258 -0.004306 0.996435
vn 0.053169 0.021696 0.998350
vn -0.022744 -0.025962 0.999404
vn -0.076299 -0.062187 0.995144
vn -0.061812 -0.061812 0.996172
vn -0.051329 -0.047920 0.997531
vn -0.050364 -0.026179 0.998388
vn -0.033201 -0.011108 0.999387
vn -0.017742 -0.014832 0.999733
vn -0.001445 -0.030097 0.999546
vn -0.006996 -0.021329 0.999748
vn -0.023474 -0.015579 0.999603
vn -0.021797 -0.032705 0.999227
vn 0.074680 -0.040344 0.996391
vn 0.267024 -0.011134 0.963626
vn 0.251552 0.014662 0.967733
vn 0.079000 -0.008540 0.996838
vn 0.020267 -0.020271 0.999589
vn 0.072878 0.016102 0.997211
vn 0.041926 0.067893 0.996811
vn -0.023098 0.100990 0.994619
vn -0.037333 0.095737 0.994706
vn -0.012065 0.042372 0.999029
vn 0.019823 0.009833 0.999755
vn 0.049684 -0.003288 0.998760
vn 0.028917 0.029883 0.999135
vn -0.075813 0.052296 0.995750
vn -0.327237 0.104668 0.939128
vn -0.410984 0.134939 0.901601
vn -0.162461 0.047626 0.985565
vn -0.011665 0.005996 0.999914
vn 0.102882 0.053650 0.993246
vn 0.315552 0.108406 0.942696
vn 0.264509 0.164836 0.950192
vn 0.118954 0.118685 0.985781
vn 0.116105 0.042510 0.992327
vn 0.091470 0.035883 0.995161
vn -0.088746 0.069175 0.993649
vn -0.129121 0.023772 0.991344
vn -0.056724 -0.046304 0.997316
vn -0.149588 -0.110025 0.982608
vn -0.269207 -0.194845 0.943167
vn -0.367029 -0.132193 0.920768
vn -0.199776 -0.055962 0.978242
vn -0.057974 0.005951 0.998300
vn 0.010754 0.029811 0.999498
vn 0.138497 0.033071 0.989811
vn 0.289028 0.027667 0.956921
vn 0.322391 0.060187 0.944691
vn 0.218220 0.126987 0.967602
vn 0.024518 0.200767 0.979332
vn -0.065716 0.230445 0.970864
vn -0.124830 0.257883 0.958078
vn -0.185184 0.269493 0.945029
vn -0.196080 0.249972 0.948191
vn -0.153965 0.184978 0.970607
vn -0.110626 0.107953 0.987982
vn -0.080452 0.071769 0.994171
vn 0.221392 0.057734 0.973474
vn 0.367783 0.002206 0.929909
vn -0.097979 -0.109594 0.989136
vn -0.378629 -0.010621 0.925488
vn -0.091346 0.060153 0.994001
vn -0.188624 0.160262 0.968884
vn -0.265404 0.232506 0.935682
vn -0.093666 0.157459 0.983073
vn -0.004123 0.074459 0.997216
vn 0.050714 -0.031214 0.998225
vn -0.075279 -0.046276 0.996088
vn -0.066781 -0.066626 0.995541
vn -0.049748 -0.049997 0.997510
vn -0.034830 -0.036288 0.998734
vn -0.034708 -0.027896 0.999008
vn -0.019438 -0.015994 0.999683
vn -0.025544 -0.012550 0.999595
vn -0.009278 -0.021853 0.999718
vn 0.005165 -0.024575 0.999685
vn -0.016041 -0.011724 0.999803
vn -0.054996 -0.004247 0.998478
vn 0.070223 -0.041267 0.996677
vn 0.293970 -0.033365 0.955232
vn 0.257857 -0.009330 0.966138
vn 0.054295 -0.011142 0.998463
vn 0.019548 -0.022251 0.999561
vn 0.087336 -0.065214 0.994042
vn 0.132734 -0.035929 0.990500
vn -0.030769 0.042594 0.998619
vn -0.037319 0.007111 0.999278
vn -0.045097 0.032567 0.998452
vn 0.030953 0.071358 0.996970
vn -0.006311 0.074761 0.997182
vn 0.068567 -0.051192 0.996332
vn -0.049210 -0.013073 0.998703
vn -0.289572 0.028947 0.956718
vn -0.430604 0.060651 0.900501
vn -0.226315 0.036470 0.973371
vn -0.020788 0.009082 0.999743
vn 0.145831 -0.006696 0.989287
vn 0.340839 -0.000130 0.940122
vn 0.284829 0.006614 0.958555
vn 0.061174 0.025710 0.997796
vn 0.035665 -0.006596 0.999342
vn 0.047611 -0.102837 0.993558
vn -0.016464 -0.147991 0.988852
vn -0.139046 -0.052979 0.988868
vn -0.128032 -0.090784 0.987606
vn -0.246683 -0.169918 0.954083
vn -0.288160 -0.229667 0.929633
vn -0.247971 -0.152204 0.956736
vn -0.132136 -0.027843 0.990840
vn -0.032146 0.004411 0.999473
vn 0.017942 0.002889 0.999835
vn 0.088383 -0.041359 0.995228
vn 0.218855 -0.176556 0.959651
vn 0.286849 -0.286047 0.914273
vn 0.248745 -0.347966 0.903906
vn 0.095816 -0.322307 0.941774
vn 0.018372 -0.236107 0.971553
vn -0.000972 -0.036352 0.999339
vn -0.152686 0.189026 0.970029
vn -0.223909 0.227652 0.947649
vn -0.232933 0.188493 0.954051
vn -0.191401 0.099645 0.976441
vn -0.095264 0.031276 0.994961
vn 0.220259 0.021615 0.975202
vn 0.269816 0.003642 0.962905
vn -0.152381 -0.088207 0.984378
vn -0.314300 -0.036847 0.948608
vn -0.054046 -0.013230 0.998451
vn -0.047589 0.013808 0.998772
vn -0.184112 0.186575 0.965035
vn -0.170221 0.285424 0.943164
vn -0.092883 0.246312 0.964730
vn -0.060962 0.149050 0.986949
vn -0.090286 0.027180 0.995545
vn -0.085181 -0.013198 0.996278
vn -0.031056 -0.021230 0.999292
vn -0.025916 -0.027755 0.999279
vn -0.010439 -0.041997 0.999063
vn -0.012254 -0.020649 0.999712
vn -0.021828 -0.004332 0.999752
vn 0.000802 -0.017939 0.999839
vn -0.004550 -0.027707 0.999606
vn -0.037202 -0.006267 0.999288
vn 0.040388 0.016787 0.999043
vn 0.296205 -0.013814 0.955024
vn 0.279662 -0.019715 0.959896
vn 0.060542 0.010673 0.998109
vn 0.008856 0.019434 0.999772
vn 0.012824 0.018066 0.999755
vn 0.137300 -0.093296 0.986126
vn 0.051447 -0.060250 0.996857
vn -0.088558 0.008500 0.996035
vn -0.012441 -0.044466 0.998933
vn 0.092717 -0.055163 0.994163
vn 0.000102 0.011136 0.999938
vn -0.088355 0.020590 0.995876
vn -0.021375 -0.097374 0.995018
vn -0.250958 -0.088760 0.963920
vn -0.386469 -0.039361 0.921462
vn -0.241059 0.018043 0.970343
vn -0.037513 0.022195 0.999050
vn 0.099682 -0.014091 0.994920
vn 0.277531 -0.120120 0.953178
vn 0.316079 -0.212622 0.924600
vn 0.126207 -0.132783 0.983077
vn 0.003409 -0.054158 0.998527
vn -0.042729 -0.095097 0.994551
vn -0.056747 -0.192165 0.979721
vn -0.090151 -0.246437 0.964957
vn -0.200322 -0.236686 0.950711
vn -0.264101 -0.244097 0.933095
vn -0.263932 -0.173831 0.948748
vn -0.136823 -0.089166 0.986574
vn -0.070570 -0.020054 0.997305
vn -0.024046 -0.010635 0.999654
vn -0.017593 -0.028973 0.999425
vn -0.033775 -0.110289 0.993326
vn -0.005618 -0.284240 0.958737
vn 0.103107 -0.485386 0.868199
vn 0.146776 -0.594294 0.790741
vn 0.096398 -0.620538 0.778229
vn 0.112686 -0.607504 0.786283
vn 0.259936 -0.529278 0.807649
vn 0.164190 -0.210817 0.963638
vn -0.173142 0.139928 0.974906
vn -0.279871 0.190781 0.940890
vn -0.287214 0.129897 0.949018
vn -0.146845 0.028331 0.988754
vn 0.199103 -0.021478 0.979743
vn 0.319653 0.020212 0.947319
vn -0.215375 0.109670 0.970354
vn -0.286239 0.049066 0.956901
vn -0.075102 0.006060 0.997157
vn -0.029019 -0.033308 0.999024
vn -0.031996 -0.020345 0.999281
vn -0.071047 0.089137 0.993482
vn -0.093933 0.192350 0.976820
vn -0.129250 0.230223 0.964516
vn -0.188637 0.223302 0.956322
vn -0.172493 0.119930 0.977682
vn -0.036412 -0.002195 0.999334
vn -0.026876 0.003106 0.999634
vn 0.069883 -0.027337 0.997181
vn 0.023432 -0.025632 0.999397
vn 0.005499 -0.027715 0.999601
vn -0.004395 -0.014046 0.999892
vn -0.011137 0.000944 0.999938
vn -0.010635 -0.000803 0.999943
vn -0.010051 -0.003383 0.999944
vn 0.042223 0.003307 0.999103
vn 0.247779 -0.035914 0.968151
vn 0.309960 -0.075039 0.947784
vn 0.088150 -0.013031 0.996022
vn 0.022020 0.014348 0.999655
vn 0.008161 0.017154 0.999820
vn 0.029402 0.010483 0.999513
vn 0.095953 -0.097174 0.990631
vn -0.025828 -0.065489 0.997519
vn -0.044692 0.009787 0.998953
vn 0.014939 -0.014383 0.999785
vn 0.043120 -0.117156 0.992177
vn -0.097758 -0.120537 0.987884
vn -0.092014 -0.166113 0.981804
vn -0.226695 -0.196230 0.953993
vn -0.318070 -0.124594 0.939845
vn -0.185970 -0.013379 0.982464
vn -0.038277 0.031290 0.998777
vn 0.048350 0.019894 0.998632
vn 0.123935 -0.046837 0.991184
vn 0.225004 -0.230326 0.946743
vn 0.209807 -0.316214 0.925197
vn 0.058366 -0.271366 0.960705
vn -0.095536 -0.257601 0.961517
vn -0.140530 -0.289083 0.946933
vn -0.146555 -0.324716 0.934388
vn -0.159178 -0.335121 0.928631
vn -0.182170 -0.249040 0.951206
vn -0.148213 -0.119371 0.981725
vn -0.062966 -0.023761 0.997733
vn -0.035025 0.027198 0.999016
vn -0.052524 0.028469 0.998214
vn -0.080214 -0.026520 0.996425
vn -0.143710 -0.121816 0.982094
vn -0.185598 -0.224325 0.956677
vn -0.098081 -0.343147 0.934147
vn 0.035742 -0.451240 0.891686
vn 0.107352 -0.513774 0.851183
vn 0.147046 -0.514695 0.844669
vn 0.315812 -0.500377 0.806155
vn 0.451134 -0.462325 0.763370
vn 0.184277 -0.190564 0.964224
vn -0.249536 0.123072 0.960513
vn -0.348603 0.125435 0.928839
vn -0.222286 0.080974 0.971613
vn 0.146492 0.034094 0.988624
vn 0.382126 -0.083674 0.920314
vn 0.064989 0.101169 0.992744
vn -0.405105 0.348069 0.845422
vn -0.178158 0.150385 0.972442
vn -0.071039 0.038246 0.996740
vn -0.032363 -0.003980 0.999468
vn -0.001417 -0.023641 0.999720
vn -0.036823 0.013461 0.999231
vn -0.068908 0.054588 0.996128
vn -0.141411 0.130526 0.981308
vn -0.265180 0.194357 0.944407
vn -0.119213 0.121401 0.985419
vn -0.011830 0.063658 0.997902
vn 0.078187 -0.020044 0.996737
vn 0.047323 -0.020553 0.998668
vn 0.010884 -0.014938 0.999829
vn 0.001999 -0.016913 0.999855
vn 0.001555 -0.012525 0.999920
vn -0.001889 0.002277 0.999996
vn -0.010607 0.013547 0.999852
vn 0.013350 0.002039 0.999909
vn 0.163134 -0.068100 0.984251
vn 0.322878 -0.144239 0.935385
vn 0.172049 -0.075597 0.982183
vn 0.040067 -0.015616 0.999075
vn 0.010078 0.007421 0.999922
vn 0.011389 0.006136 0.999916
vn -0.003943 -0.014274 0.999890
vn 0.031940 -0.071377 0.996938
vn -0.024793 -0.058235 0.997995
vn -0.010124 -0.092191 0.995690
vn -0.059293 -0.163085 0.984829
vn -0.120021 -0.238982 0.963578
vn -0.188486 -0.270703 0.944030
vn -0.184923 -0.286484 0.940069
vn -0.181741 -0.173708 0.967882
vn -0.080036 -0.039619 0.996004
vn -0.030697 0.009019 0.999488
vn 0.026417 -0.008667 0.999613
vn 0.049567 -0.038968 0.998010
vn 0.061774 -0.109219 0.992096
vn 0.128235 -0.235590 0.963355
vn 0.073243 -0.321892 0.943939
vn -0.105253 -0.305632 0.946314
vn -0.145944 -0.295131 0.944245
vn -0.120204 -0.270301 0.955243
vn -0.108811 -0.205087 0.972677
vn -0.075495 -0.131416 0.988449
vn -0.045177 -0.043211 0.998044
vn -0.010999 0.014315 0.999837
vn 0.009509 0.050138 0.998697
vn -0.038864 0.122748 0.991677
vn -0.115964 0.179187 0.976957
vn -0.266040 0.119515 0.956524
vn -0.287975 -0.038088 0.956880
vn -0.173568 -0.133879 0.975680
vn -0.034381 -0.157687 0.986891
vn 0.065433 -0.190863 0.979434
vn 0.120964 -0.253441 0.959758
vn 0.307262 -0.325814 0.894111
vn 0.493410 -0.332866 0.803584
vn 0.496692 -0.274576 0.823350
vn -0.041727 -0.031901 0.998620
vn -0.365695 0.081746 0.927138
vn -0.244536 0.068058 0.967249
vn 0.118612 0.062231 0.990989
vn 0.228473 0.030072 0.973086
vn 0.236779 -0.195326 0.951727
vn -0.136052 -0.013889 0.990604
vn -0.248837 0.386797 0.887957
vn -0.192698 0.396795 0.897453
vn -0.103511 0.238398 0.965636
vn -0.028211 0.139155 0.989869
vn -0.007451 0.111349 0.993753
vn -0.048354 0.117429 0.991903
vn -0.098227 0.113985 0.988615
vn -0.202938 0.144646 0.968449
vn -0.152916 0.217650 0.963974
vn 0.043558 0.206659 0.977443
vn 0.081262 -0.023415 0.996418
vn 0.046966 -0.020139 0.998693
vn 0.013688 -0.019131 0.999723
vn -0.001306 -0.014469 0.999894
vn 0.007942 -0.015051 0.999855
vn 0.011608 -0.010386 0.999879
vn -0.005305 0.001694 0.999984
vn -0.008749 0.000916 0.999961
vn 0.109319 0.002353 0.994004
vn 0.202973 -0.089201 0.975113
vn 0.246810 -0.258211 0.934030
vn 0.090108 -0.192123 0.977225
vn 0.043146 -0.132131 0.990293
vn 0.008324 -0.093685 0.995567
vn -0.034859 -0.113735 0.992899
vn -0.034911 -0.192362 0.980703
vn -0.019023 -0.247057 0.968814
vn -0.091125 -0.261921 0.960777
vn -0.131353 -0.289650 0.948076
vn -0.158582 -0.293428 0.942736
vn -0.139430 -0.255770 0.956630
vn -0.117970 -0.166061 0.979034
vn -0.065744 -0.077294 0.994838
vn -0.011930 -0.023548 0.999652
vn -0.013216 0.004301 0.999903
vn -0.024813 0.008250 0.999658
vn 0.030862 -0.041828 0.998648
vn -0.008689 -0.053220 0.998545
vn 0.028829 -0.121314 0.992195
vn 0.030294 -0.186442 0.981999
vn -0.052809 -0.183621 0.981578
vn -0.125586 -0.107366 0.986256
vn -0.084706 -0.074267 0.993634
vn -0.048179 -0.044418 0.997851
vn -0.020415 -0.001944 0.999790
vn 0.006945 0.017441 0.999824
vn 0.022662 0.048087 0.998586
vn 0.068314 0.099074 0.992732
vn 0.084246 0.207091 0.974688
vn 0.023546 0.367171 0.929856
vn -0.311272 0.446968 0.838647
vn -0.437094 0.275205 0.856277
vn -0.262404 0.098941 0.959872
vn -0.065774 0.001627 0.997833
vn 0.037472 -0.051651 0.997962
vn 0.055336 -0.072498 0.995832
vn 0.226989 -0.135195 0.964468
vn 0.495238 -0.187683 0.848242
vn 0.579680 -0.168716 0.797186
vn 0.182628 -0.066423 0.980936
vn -0.345595 0.054606 0.936794
vn -0.264394 0.045232 0.963353
vn 0.103875 0.018138 0.994425
vn 0.194465 -0.010356 0.980855
vn -0.011435 -0.052016 0.998581
vn 0.061078 -0.270435 0.960799
vn 0.080104 -0.225916 0.970848
vn -0.060458 0.073987 0.995425
vn -0.215056 0.310511 0.925923
vn -0.064787 0.410038 0.909765
vn -0.020229 0.450326 0.892635
vn -0.081425 0.422663 0.902622
vn -0.122091 0.352743 0.927721
vn -0.157383 0.305719 0.939024
vn -0.157577 0.299844 0.940884
vn 0.042108 0.301874 0.952418
vn 0.075143 -0.029624 0.996733
vn 0.054142 -0.024751 0.998226
vn 0.021022 -0.010301 0.999726
vn 0.005108 -0.000971 0.999986
vn 0.004110 -0.001972 0.999990
vn 0.020577 -0.003748 0.999781
vn 0.000972 0.005555 0.999984
vn -0.006414 0.010663 0.999923
vn 0.087015 -0.030868 0.995729
vn 0.088374 -0.055627 0.994533
vn 0.067194 -0.152819 0.985967
vn 0.123053 -0.309227 0.942994
vn 0.085902 -0.337937 0.937240
vn 0.035940 -0.326924 0.944367
vn -0.058156 -0.304393 0.950770
vn -0.107797 -0.264967 0.958213
vn -0.087935 -0.279478 0.956117
vn -0.055332 -0.296463 0.953440
vn -0.084235 -0.233946 0.968594
vn -0.090823 -0.163509 0.982352
vn -0.069057 -0.091246 0.993431
vn -0.042216 -0.042546 0.998202
vn -0.020856 -0.002886 0.999778
vn -0.002278 0.004555 0.999987
vn 0.005971 -0.001110 0.999982
vn -0.027153 0.026744 0.999273
vn -0.007395 0.008510 0.999936
vn -0.013436 -0.008364 0.999875
vn -0.026772 -0.003133 0.999637
vn -0.006845 -0.024881 0.999667
vn -0.012975 -0.033293 0.999361
vn -0.058134 0.007702 0.998279
vn -0.059374 0.050953 0.996935
vn -0.023507 0.074621 0.996935
vn -0.020947 0.072808 0.997126
vn 0.008052 0.046573 0.998882
vn 0.067606 0.064292 0.995638
vn 0.144557 0.127447 0.981255
vn 0.228054 0.211634 0.950370
vn 0.206179 0.320660 0.924482
vn -0.255304 0.411874 0.874746
vn -0.574917 0.336065 0.746009
vn -0.422375 0.209180 0.881954
vn -0.153588 0.067297 0.985841
vn -0.029292 -0.002525 0.999568
vn 0.044981 -0.050404 0.997715
vn 0.197072 -0.029431 0.979947
vn 0.479353 -0.020136 0.877391
vn 0.594614 -0.027524 0.803540
vn 0.270926 -0.052064 0.961191
vn -0.290299 -0.012489 0.956854
vn -0.309348 -0.024134 0.950643
vn 0.060631 -0.090094 0.994086
vn 0.147274 -0.159090 0.976218
vn -0.053815 -0.217384 0.974601
vn -0.098555 -0.253440 0.962317
vn 0.020200 -0.336407 0.941500
vn 0.105557 -0.454319 0.884563
vn 0.026680 -0.352033 0.935607
vn 0.145614 -0.172736 0.974145
vn 0.118801 -0.051790 0.991566
vn -0.105592 0.062648 0.992434
vn -0.169958 0.167383 0.971132
vn -0.080316 0.362356 0.928573
vn -0.176023 0.500750 0.847506
vn 0.058159 -0.036382 0.997644
vn 0.076411 -0.035823 0.996433
vn 0.038158 0.001451 0.999271
vn 0.009273 0.013110 0.999871
vn -0.001917 0.014247 0.999897
vn 0.023902 0.010409 0.999660
vn 0.009578 0.020076 0.999753
vn -0.002247 0.022069 0.999754
vn -0.002245 0.027319 0.999624
vn 0.066458 -0.079160 0.994644
vn 0.007822 -0.098299 0.995126
vn 0.025814 -0.117491 0.992738
vn 0.013426 -0.191416 0.981417
vn 0.003878 -0.257201 0.966350
vn -0.014534 -0.277738 0.960547
vn -0.009148 -0.240442 0.970620
vn -0.048320 -0.145685 0.988150
vn -0.034984 -0.104498 0.993910
vn -0.020541 -0.072447 0.997161
vn -0.046277 -0.024823 0.998620
vn -0.032842 -0.005565 0.999445
vn -0.027900 0.012825 0.999528
vn -0.010388 0.009526 0.999901
vn -0.005082 0.010164 0.999935
vn -0.003471 0.001611 0.999993
vn 0.004916 -0.009499 0.999943
vn -0.030738 0.022544 0.999273
vn -0.014525 0.016217 0.999763
vn -0.014107 0.013518 0.999809
vn 0.000332 0.031751 0.999496
vn -0.019394 0.036536 0.999144
vn -0.022324 0.035246 0.999129
vn -0.036534 0.062521 0.997375
vn -0.016878 0.066557 0.997640
vn -0.031197 0.070779 0.997004
vn -0.006018 0.073179 0.997301
vn 0.125297 0.102140 0.986848
vn 0.205745 0.177337 0.962403
vn 0.279155 0.196154 0.939998
vn 0.256564 0.193629 0.946933
vn -0.201544 0.213762 0.955869
vn -0.610610 0.235332 0.756158
vn -0.542036 0.238294 0.805862
vn -0.266646 0.112773 0.957174
vn -0.049972 0.044551 0.997756
vn 0.056188 0.081927 0.995053
vn 0.244117 0.141065 0.959431
vn 0.468296 0.162975 0.868411
vn 0.557217 0.084439 0.826062
vn 0.207454 -0.046397 0.977144
vn -0.274273 -0.136137 0.951967
vn -0.350796 -0.134358 0.926763
vn -0.033198 -0.208757 0.977404
vn 0.073854 -0.295643 0.952440
vn -0.102988 -0.335541 0.936379
vn -0.107198 -0.344880 0.932506
vn -0.026922 -0.324037 0.945661
vn 0.036583 -0.346482 0.937343
vn 0.079461 -0.392145 0.916465
vn 0.100453 -0.436807 0.893929
vn 0.071647 -0.506463 0.859280
vn 0.042941 -0.532012 0.845647
vn 0.025944 -0.439932 0.897656
vn 0.226528 -0.318105 0.920594
vn 0.287333 0.024422 0.957519
vn 0.014908 -0.003409 0.999883
vn 0.035825 0.025641 0.999029
vn 0.082327 0.017237 0.996456
vn 0.071862 0.030903 0.996936
vn 0.002029 0.035709 0.999360
vn 0.007820 0.021490 0.999738
vn 0.019620 0.035188 0.999188
vn 0.019731 0.027567 0.999425
vn -0.006273 0.031785 0.999475
vn -0.000444 0.022878 0.999738
vn -0.009246 0.019486 0.999767
vn -0.001414 -0.007575 0.999970
vn 0.003120 -0.032553 0.999465
vn -0.013885 -0.020539 0.999693
vn -0.025401 -0.025745 0.999346
vn -0.012586 -0.036336 0.999260
vn 0.000391 -0.027570 0.999620
vn 0.007887 -0.049938 0.998721
vn -0.032968 -0.027041 0.999091
vn 0.011754 -0.034481 0.999336
vn -0.024641 -0.020331 0.999490
vn -0.017186 -0.014942 0.999741
vn -0.019325 -0.007919 0.999782
vn -0.006330 -0.001000 0.999979
vn -0.001498 0.011497 0.999933
vn -0.012352 0.023041 0.999658
vn -0.007493 0.016149 0.999842
vn 0.000916 0.007997 0.999968
vn -0.016149 0.022066 0.999626
vn -0.012237 0.030218 0.999468
vn -0.000047 0.021513 0.999769
vn -0.027154 0.015795 0.999506
vn -0.012890 0.005324 0.999903
vn -0.012891 0.019880 0.999719
vn -0.025445 0.034069 0.999096
vn -0.022014 0.022042 0.999515
vn 0.011971 0.033292 0.999374
vn 0.186699 0.054098 0.980927
vn 0.275036 0.115508 0.954470
vn 0.255093 0.147495 0.955601
vn 0.220817 0.092760 0.970894
vn -0.127130 0.104254 0.986392
vn -0.557344 0.241564 0.794364
vn -0.539025 0.314116 0.781526
vn -0.374363 0.346651 0.860050
vn -0.080696 0.278645 0.956998
vn 0.117342 0.256541 0.959384
vn 0.312437 0.297482 0.902157
vn 0.433988 0.318261 0.842831
vn 0.398781 0.192601 0.896593
vn 0.039909 -0.072484 0.996571
vn -0.332077 -0.212983 0.918892
vn -0.315405 -0.200403 0.927555
vn -0.127342 -0.179646 0.975454
vn 0.017747 -0.270609 0.962526
vn -0.091661 -0.257434 0.961939
vn -0.089732 -0.211235 0.973308
vn -0.004895 -0.216940 0.976173
vn 0.011600 -0.216444 0.976226
vn 0.018209 -0.228833 0.973295
vn 0.055107 -0.275339 0.959767
vn 0.026648 -0.302844 0.952667
vn 0.053529 -0.332954 0.941422
vn 0.083493 -0.336019 0.938147
vn 0.164496 -0.380489 0.910038
vn 0.328915 -0.477475 0.814759
vn 0.017834 0.004440 0.999831
vn 0.049777 -0.010292 0.998707
vn 0.118199 0.028366 0.992585
vn 0.100865 0.105418 0.989299
vn 0.004746 0.164155 0.986423
vn -0.049269 0.132593 0.989945
vn 0.037926 0.047886 0.998133
vn 0.001427 0.059054 0.998254
vn -0.011071 0.030894 0.999461
vn -0.011497 0.019745 0.999739
vn -0.006163 0.019652 0.999788
vn -0.018623 0.023829 0.999543
vn 0.005719 0.014470 0.999879
vn -0.001221 0.021100 0.999777
vn -0.031606 0.025336 0.999179
vn -0.020446 0.021263 0.999565
vn 0.004888 0.013382 0.999899
vn -0.007804 0.013606 0.999877
vn -0.021713 0.010107 0.999713
vn -0.005277 0.000722 0.999986
vn -0.002115 0.009326 0.999954
vn -0.037947 0.021708 0.999044
vn -0.014637 -0.006303 0.999873
vn -0.002636 -0.006637 0.999975
vn 0.011026 -0.005555 0.999924
vn 0.017130 0.011496 0.999787
vn -0.015304 0.047677 0.998746
vn -0.007854 0.030785 0.999495
vn -0.003983 0.032449 0.999465
vn 0.016325 0.074984 0.997051
vn -0.003769 0.133210 0.991081
vn -0.057038 0.105862 0.992744
vn -0.042600 0.027196 0.998722
vn 0.009744 -0.005496 0.999937
vn -0.019381 0.017854 0.999653
vn -0.028423 0.021874 0.999357
vn 0.003044 0.007521 0.999967
vn 0.184130 -0.034300 0.982303
vn 0.324408 -0.042634 0.944956
vn 0.312993 0.058664 0.947942
vn 0.104662 0.098403 0.989628
vn 0.015277 -0.014307 0.999781
vn -0.391032 0.243437 0.887599
vn -0.469908 0.405330 0.784152
vn -0.334248 0.490651 0.804699
vn -0.135157 0.529382 0.837549
vn 0.091372 0.500096 0.861136
vn 0.290500 0.450843 0.844009
vn 0.381533 0.364661 0.849385
vn 0.154092 0.222841 0.962600
vn -0.167437 -0.036451 0.985209
vn -0.347213 -0.066526 0.935424
vn -0.272500 0.028447 0.961735
vn -0.146503 0.037857 0.988486
vn -0.061350 -0.034272 0.997528
vn -0.042580 -0.088887 0.995131
vn -0.060081 -0.056294 0.996605
vn -0.038153 -0.048587 0.998090
vn -0.002516 -0.085593 0.996327
vn 0.018996 -0.092760 0.995507
vn 0.035908 -0.081567 0.996021
vn 0.011688 -0.085985 0.996228
vn 0.002146 -0.107123 0.994243
vn 0.061960 -0.171988 0.983149
vn 0.081462 -0.239871 0.967381
vn 0.179170 -0.369857 0.911649
vn -0.021938 0.010155 0.999708
vn 0.015484 -0.010236 0.999828
vn 0.149892 -0.061774 0.986771
vn 0.188886 -0.040708 0.981155
vn 0.116945 0.056530 0.991528
vn -0.083892 0.204684 0.975226
vn -0.050162 0.176470 0.983027
vn -0.030071 0.084130 0.996001
vn -0.026752 0.027368 0.999267
vn -0.014593 0.039584 0.999110
vn 0.000195 0.044205 0.999022
vn -0.007227 0.058488 0.998262
vn -0.024102 0.057178 0.998073
vn 0.000583 0.017746 0.999842
vn -0.024846 0.022204 0.999445
vn -0.029606 0.031660 0.999060
vn 0.001583 0.022731 0.999740
vn -0.009404 0.022131 0.999711
vn -0.024980 0.017738 0.999531
vn -0.013212 0.012854 0.999830
vn 0.026530 0.011705 0.999579
vn -0.011511 0.066443 0.997724
vn -0.058035 0.081056 0.995019
vn -0.011704 0.023247 0.999661
vn 0.010527 0.008276 0.999910
vn 0.049869 0.020122 0.998553
vn -0.004759 0.049984 0.998739
vn -0.021492 0.039580 0.998985
vn 0.019882 0.049407 0.998581
vn 0.092685 0.084872 0.992072
vn 0.065798 0.162310 0.984544
vn -0.110109 0.208650 0.971772
vn -0.150735 0.142570 0.978240
vn -0.029097 0.030199 0.999120
vn 0.001131 -0.007356 0.999972
vn -0.023351 0.004635 0.999717
vn -0.028732 0.008994 0.999547
vn 0.103647 -0.057413 0.992956
vn 0.301932 -0.164688 0.938997
vn 0.400113 -0.213686 0.891206
vn 0.122847 -0.090292 0.988310
vn -0.035360 -0.065684 0.997214
vn -0.075397 0.020535 0.996942
vn -0.304810 0.353339 0.884444
vn -0.268722 0.533547 0.801945
vn -0.127331 0.586125 0.800153
vn 0.036918 0.575848 0.816723
vn 0.200820 0.486262 0.850424
vn 0.201799 0.304153 0.931004
vn -0.052181 0.084458 0.995060
vn -0.301236 -0.032161 0.953007
vn -0.202788 0.019977 0.979019
vn -0.144173 0.235070 0.961227
vn -0.164522 0.328197 0.930171
vn -0.198514 0.238853 0.950548
vn -0.100134 0.067929 0.992652
vn -0.060178 0.007669 0.998158
vn -0.041533 -0.009322 0.999094
vn -0.018656 -0.004080 0.999818
vn 0.024259 -0.006054 0.999687
vn 0.030506 -0.009549 0.999489
vn 0.011934 -0.023546 0.999652
vn -0.011693 -0.010027 0.999881
vn 0.003336 -0.010831 0.999936
vn 0.028837 -0.063654 0.997555
vn -0.038903 0.020418 0.999034
vn -0.029091 -0.009138 0.999535
vn 0.083778 -0.076036 0.993579
vn 0.195188 -0.142615 0.970341
vn 0.180542 -0.159771 0.970504
vn 0.076581 -0.111171 0.990846
vn -0.036929 0.056105 0.997742
vn -0.111816 0.131387 0.985005
vn -0.084313 0.047180 0.995322
vn 0.018919 0.017409 0.999669
vn 0.010777 0.050525 0.998665
vn 0.005190 0.055849 0.998426
vn -0.035273 0.067985 0.997063
vn -0.031274 0.056177 0.997931
vn -0.009463 0.045038 0.998940
vn -0.026049 0.062467 0.997707
vn -0.003985 0.055474 0.998452
vn -0.013908 0.050978 0.998603
vn -0.037770 0.032365 0.998762
vn -0.001045 0.032900 0.999458
vn 0.045117 0.078012 0.995931
vn 0.048838 0.109015 0.992840
vn -0.082396 0.132335 0.987774
vn -0.054204 0.092270 0.994258
vn -0.008327 0.073004 0.997297
vn 0.055663 0.036284 0.997790
vn 0.036297 0.053266 0.997920
vn -0.027417 0.106986 0.993882
vn 0.046384 0.122518 0.991382
vn 0.111718 0.136015 0.984388
vn 0.111106 0.126352 0.985744
vn -0.030582 0.191667 0.980983
vn -0.204268 0.292216 0.934283
vn -0.171409 0.188715 0.966957
vn -0.032442 0.009088 0.999432
vn -0.016771 -0.021353 0.999631
vn -0.028010 -0.013524 0.999516
vn -0.002839 -0.037634 0.999288
vn 0.181125 -0.166558 0.969254
vn 0.328830 -0.246518 0.911647
vn 0.311218 -0.241142 0.919236
vn -0.041567 -0.075490 0.996280
vn 0.070981 -0.144753 0.986919
vn -0.008944 -0.050005 0.998709
vn -0.125015 0.172564 0.977033
vn -0.087209 0.295552 0.951338
vn -0.027121 0.321165 0.946635
vn 0.022369 0.221601 0.974881
vn -0.020932 0.065486 0.997634
vn -0.160414 -0.013140 0.986962
vn -0.276531 0.057844 0.959263
vn -0.134486 0.104503 0.985390
vn 0.007911 0.065578 0.997816
vn -0.098776 0.112070 0.988779
vn -0.282289 0.201016 0.938033
vn -0.254884 0.158291 0.953928
vn -0.102218 0.064356 0.992678
vn -0.048983 0.036210 0.998143
vn -0.013161 0.035531 0.999282
vn 0.019465 0.037008 0.999125
vn 0.020065 0.029293 0.999369
vn -0.001527 0.012633 0.999919
vn 0.017339 0.014904 0.999739
vn 0.023881 0.061991 0.997791
vn 0.011058 0.075050 0.997118
vn -0.048411 0.036433 0.998163
vn -0.058065 0.026892 0.997951
vn -0.004521 -0.039589 0.999206
vn 0.149807 -0.143872 0.978192
vn 0.164795 -0.174246 0.970814
vn 0.138962 -0.226551 0.964035
vn 0.105021 -0.166723 0.980395
vn -0.022657 -0.055444 0.998205
vn -0.135243 0.044505 0.989812
vn 0.023955 0.035318 0.999089
vn 0.033829 0.059187 0.997674
vn 0.009142 0.082270 0.996568
vn -0.017100 0.093983 0.995427
vn -0.043369 0.108305 0.993171
vn -0.009091 0.095329 0.995404
vn -0.022616 0.081329 0.996431
vn -0.021777 0.062416 0.997813
vn -0.021524 0.043704 0.998813
vn -0.044803 0.053458 0.997564
vn 0.039793 0.090443 0.995106
vn 0.080892 0.133831 0.987697
vn 0.071790 0.127561 0.989229
vn -0.096725 0.132953 0.986391
vn -0.087829 0.095797 0.991518
vn 0.000350 0.102379 0.994745
vn 0.004047 0.115044 0.993352
vn 0.073797 0.070102 0.994806
vn 0.036845 0.124138 0.991581
vn 0.056419 0.160189 0.985473
vn 0.102808 0.148445 0.983562
vn 0.102468 0.144072 0.984248
vn 0.126862 0.198694 0.971816
vn -0.182495 0.286941 0.940404
vn -0.313187 0.156280 0.936745
vn -0.183763 0.054522 0.981457
vn -0.033969 -0.022058 0.999179
vn -0.026621 -0.042171 0.998756
vn -0.048701 -0.048833 0.997619
vn 0.061698 -0.095913 0.993476
vn 0.286023 -0.180954 0.940982
vn 0.400224 -0.212353 0.891475
vn 0.167409 -0.002477 0.985884
vn -0.120314 0.116462 0.985881
vn 0.015613 -0.099797 0.994885
vn -0.012922 -0.158209 0.987321
vn -0.043717 -0.137520 0.989534
vn -0.019356 -0.118314 0.992788
vn -0.048256 -0.059035 0.997089
vn -0.000738 0.040697 0.999171
vn -0.122891 0.175285 0.976818
vn -0.086949 0.258975 0.961962
vn -0.180565 0.392045 0.902052
vn -0.116929 0.282768 0.952034
vn -0.126431 0.138045 0.982323
vn -0.189951 0.086857 0.977944
vn -0.263145 0.187749 0.946311
vn -0.144610 0.207156 0.967561
vn -0.072005 0.167809 0.983186
vn -0.013462 0.138956 0.990207
vn 0.022697 0.138422 0.990113
vn 0.014391 0.149613 0.988640
vn -0.008256 0.156996 0.987565
vn 0.029440 0.160567 0.986586
vn 0.087234 0.181582 0.979499
vn 0.063348 0.197670 0.978220
vn 0.144340 -0.122575 0.981907
vn 0.094694 -0.150360 0.984086
vn -0.104776 -0.050729 0.993201
vn 0.009781 0.001117 0.999952
vn 0.069860 0.060472 0.995722
vn 0.031820 0.101911 0.994284
vn -0.013108 0.134978 0.990762
vn -0.028366 0.148145 0.988559
vn -0.038319 0.151412 0.987728
vn -0.039809 0.130165 0.990693
vn -0.054694 0.117840 0.991525
vn -0.009296 0.112907 0.993562
vn -0.046718 0.121348 0.991510
vn 0.113582 0.092820 0.989183
vn 0.090346 0.163699 0.982365
vn 0.006513 0.115818 0.993249
vn -0.032514 0.099333 0.994523
vn -0.155686 0.180276 0.971217
vn 0.023247 0.084906 0.996118
vn 0.022071 0.112715 0.993382
vn 0.063895 0.145405 0.987307
vn 0.078652 0.156968 0.984467
vn 0.073816 0.187399 0.979506
vn 0.087262 0.222301 0.971065
vn 0.062085 0.162155 0.984810
vn 0.133935 -0.016828 0.990847
vn -0.149186 -0.053805 0.987344
vn -0.414415 -0.048935 0.908771
vn -0.222329 -0.049283 0.973725
vn -0.051480 -0.034765 0.998069
vn -0.043577 -0.045408 0.998018
vn -0.051749 -0.050900 0.997362
vn 0.008713 -0.067887 0.997655
vn 0.201841 -0.139780 0.969392
vn 0.351212 -0.230373 0.907512
vn 0.361313 -0.309513 0.879576
vn 0.075017 -0.026241 0.996837
vn -0.195882 0.213602 0.957081
vn -0.073132 0.042253 0.996427
vn -0.063904 0.005639 0.997940
vn 0.046427 0.032585 0.998390
vn -0.024332 0.037898 0.998985
vn 0.142645 -0.116995 0.982835
vn -0.014735 -0.082814 0.996456
vn -0.072774 -0.102959 0.992020
vn -0.064713 -0.060015 0.996098
vn -0.177281 0.094186 0.979643
vn -0.158132 0.238278 0.958237
vn -0.099571 0.388958 0.915859
vn -0.221765 0.489219 0.843496
vn -0.162427 0.448022 0.879144
vn -0.115991 0.411042 0.904207
vn -0.045602 0.365174 0.929822
vn 0.031978 0.347546 0.937118
vn 0.042401 0.375022 0.926046
vn 0.011117 0.407195 0.913274
vn 0.071090 0.448318 0.891043
vn 0.092902 0.497074 0.862721
vn 0.123569 0.434515 0.892147
vn -0.050864 0.168016 0.984471
vn -0.024291 0.141777 0.989600
vn -0.040146 0.152457 0.987494
vn -0.041338 0.140253 0.989252
vn -0.059684 0.156880 0.985813
vn 0.002254 0.156854 0.987619
vn -0.066839 0.182553 0.980921
vn 0.061048 0.151980 0.986496
vn 0.127558 0.107270 0.986013
vn -0.047741 0.135392 0.989641
vn 0.004179 0.077817 0.996959
vn -0.098913 0.117562 0.988127
vn -0.066435 0.134346 0.988705
vn 0.062576 0.109741 0.991988
vn 0.091624 0.141013 0.985759
vn 0.109245 0.179551 0.977664
vn 0.123351 0.223999 0.966752
vn 0.042016 0.177591 0.983207
vn -0.053736 0.006536 0.998534
vn -0.166377 -0.103363 0.980630
vn -0.173682 -0.304342 0.936595
vn -0.315351 -0.195309 0.928659
vn -0.156065 -0.046029 0.986674
vn -0.058355 -0.017522 0.998142
vn -0.046016 -0.028700 0.998528
vn -0.045740 -0.026428 0.998604
vn -0.020165 -0.014433 0.999692
vn 0.088549 -0.065684 0.993904
vn 0.235260 -0.208008 0.949413
vn 0.268769 -0.333756 0.903532
vn 0.316617 -0.443065 0.838718
vn 0.016980 -0.262427 0.964802
vn -0.146378 -0.046064 0.988156
vn -0.068452 -0.046418 0.996574
vn 0.077752 -0.112601 0.990594
vn -0.059284 -0.077007 0.995266
vn -0.200450 -0.157224 0.967006
vn -0.101542 -0.413347 0.904894
vn -0.156407 -0.447091 0.880708
vn 0.032646 -0.489258 0.871528
vn 0.028178 -0.455996 0.889536
vn 0.070353 -0.344477 0.936155
vn 0.173227 -0.204132 0.963495
vn -0.009776 0.047732 0.998812
vn -0.202965 0.314695 0.927239
vn -0.163739 0.420963 0.892177
vn -0.009918 0.479687 0.877384
vn 0.026914 0.569085 0.821838
vn 0.015795 0.511209 0.859311
vn -0.022925 0.349082 0.936812
vn 0.101388 0.162574 0.981473
vn 0.205601 0.415888 0.885870
vn 0.104107 0.685343 0.720740
vn -0.016331 0.008832 0.999828
vn -0.007788 0.125876 0.992015
vn 0.154209 0.128347 0.979667
vn -0.006167 0.112114 0.993676
vn -0.079310 0.177922 0.980843
vn -0.023906 0.044098 0.998741
vn -0.127013 0.042279 0.991000
vn 0.116689 0.140525 0.983177
vn 0.125541 0.215766 0.968341
vn 0.051942 0.139142 0.988909
vn 0.109684 -0.093001 0.989606
vn -0.091494 -0.141407 0.985714
vn -0.215330 -0.256481 0.942258
vn -0.195551 -0.293030 0.935892
vn -0.176712 -0.236211 0.955498
vn -0.171070 -0.115340 0.978484
vn -0.081845 -0.032737 0.996107
vn -0.058149 0.001463 0.998307
vn -0.057468 -0.002588 0.998344
vn -0.041961 -0.004995 0.999107
vn -0.015101 -0.005610 0.999870
vn 0.028591 -0.011380 0.999526
vn 0.081970 -0.078265 0.993557
vn 0.144283 -0.228168 0.962872
vn 0.157943 -0.346113 0.924802
vn 0.182015 -0.477640 0.859494
vn 0.002460 -0.448712 0.893673
vn -0.036980 -0.370965 0.927910
vn -0.062336 -0.347510 0.935602
vn -0.041319 -0.445829 0.894164
vn -0.185586 -0.390458 0.901721
vn -0.165166 -0.307649 0.937055
vn -0.115882 -0.259527 0.958758
vn -0.025800 -0.249175 0.968115
vn 0.030732 -0.312643 0.949373
vn 0.073229 -0.369972 0.926152
vn 0.117089 -0.418964 0.900422
vn 0.164644 -0.508761 0.845018
vn 0.072864 -0.426887 0.901365
vn 0.012923 -0.192376 0.981236
vn 0.063533 -0.101765 0.992778
vn 0.178165 -0.102112 0.978688
vn -0.127005 -0.022651 0.991643
vn -0.281659 -0.085855 0.955666
vn -0.174430 -0.253931 0.951364
vn 0.036184 -0.394329 0.918257
vn 0.249865 0.123252 0.960404
vn 0.195037 0.214268 0.957105
vn -0.038555 0.331075 0.942816
vn -0.150682 -0.107778 0.982690
vn -0.070033 -0.494554 0.866321
vn -0.225450 -0.467260 0.854892
vn -0.115034 -0.246591 0.962268
vn -0.090084 -0.147216 0.984993
vn -0.070689 -0.068010 0.995177
vn -0.042776 -0.014654 0.998977
vn -0.047531 -0.002531 0.998867
vn -0.060151 0.004053 0.998181
vn -0.036002 0.005969 0.999334
vn -0.024127 0.008774 0.999670
vn 0.011240 -0.011908 0.999866
vn 0.007779 -0.039678 0.999182
vn 0.029760 -0.096873 0.994852
vn 0.064121 -0.164024 0.984370
vn 0.070848 -0.255333 0.964254
vn 0.051447 -0.327408 0.943482
vn -0.013211 -0.326063 0.945256
vn -0.042700 -0.316547 0.947615
vn -0.055881 -0.278586 0.958784
vn -0.094951 -0.216691 0.971612
vn -0.087579 -0.165669 0.982285
vn -0.074150 -0.090863 0.993099
vn -0.046837 -0.072704 0.996253
vn -0.049111 -0.098593 0.993915
vn 0.022655 -0.157401 0.987275
vn 0.059147 -0.203278 0.977333
vn 0.065741 -0.292924 0.953873
vn 0.117669 -0.388803 0.913776
vn 0.110488 -0.443487 0.889445
vn -0.018688 -0.418888 0.907845
vn 0.022074 -0.497280 0.867309
vn -0.059139 -0.576652 0.814847
vn -0.162716 -0.523621 0.836268
vn -0.177337 -0.409903 0.894724
vn -0.125037 -0.416894 0.900314
vn 0.000985 -0.173495 0.984834
vn -0.049316 -0.087320 0.994959
vn -0.027977 -0.028642 0.999198
vn -0.030869 -0.004443 0.999514
vn -0.035349 0.005607 0.999359
vn -0.061039 0.013474 0.998044
vn -0.035275 0.007027 0.999353
vn -0.025824 0.004414 0.999657
vn -0.016080 -0.002000 0.999869
vn -0.015324 -0.020737 0.999668
vn -0.009355 -0.034971 0.999345
vn 0.024764 -0.057922 0.998014
vn -0.000006 -0.072555 0.997364
vn 0.003132 -0.115021 0.993358
vn 0.013638 -0.138597 0.990255
vn -0.031533 -0.097342 0.994751
vn -0.010829 -0.099419 0.994987
vn -0.045504 -0.058468 0.997252
vn -0.047473 -0.033032 0.998326
vn -0.049289 -0.022448 0.998532
vn -0.037056 -0.030237 0.998856
vn -0.053484 -0.008056 0.998536
vn -0.027016 -0.003161 0.999630
vn 0.007424 -0.058941 0.998234
vn -0.031162 -0.099571 0.994542
vn -0.001066 -0.181375 0.983413
vn 0.063287 -0.279304 0.958115
vn 0.003938 -0.309647 0.950843
vn -0.036688 -0.315475 0.948224
vn -0.076334 -0.289141 0.954238
vn -0.106525 -0.244059 0.963892
vn -0.084609 -0.195719 0.977003
vn -0.102702 -0.196603 0.975089
vn -0.035977 -0.000500 0.999353
vn -0.027155 -0.007053 0.999606
vn -0.023604 -0.005221 0.999708
vn -0.017828 -0.015773 0.999717
vn -0.022374 -0.007998 0.999718
vn 0.006165 -0.013053 0.999896
vn 0.004415 -0.025586 0.999663
vn -0.012810 -0.002232 0.999915
vn 0.006521 -0.002713 0.999975
vn 0.002943 -0.015630 0.999874
vn -0.021941 0.005594 0.999744
vn -0.015251 -0.002832 0.999880
vn -0.052889 0.003352 0.998595
vn -0.053351 -0.006267 0.998556
vn -0.046178 -0.015326 0.998816
vn -0.026377 -0.008739 0.999614
vn -0.039379 0.007284 0.999198
vn -0.045394 -0.011591 0.998902
vn -0.051325 -0.050982 0.997380
vn -0.052236 -0.047053 0.997526
vn -0.006427 -0.080377 0.996744
vn -0.002117 -0.119163 0.992872
vn -0.047357 -0.106728 0.993160
vn -0.026695 -0.115657 0.992930
vn -0.059531 -0.068033 0.995905
vn -0.040875 -0.042090 0.998277
vn -0.049808 0.001035 0.998758
vn -0.005333 0.011166 0.999923
vn 0.000444 0.010277 0.999947
vn -0.000499 0.019163 0.999816
vn -0.001610 0.012387 0.999922
vn -0.010775 0.004555 0.999932
vn -0.021550 -0.004833 0.999756
vn -0.049264 0.001862 0.998784
vn -0.070118 0.000527 0.997539
vn -0.037136 -0.010883 0.999251
vn -0.017504 0.006458 0.999826
vn -0.033537 0.007832 0.999407
vn -0.068498 -0.000415 0.997651
vn -0.067556 -0.008287 0.997681
vn -0.041549 -0.010716 0.999079
vn -0.039982 -0.002113 0.999198
vn -0.011049 -0.023107 0.999672
vn -0.026905 -0.017394 0.999487
vn -0.028720 -0.001915 0.999586
vn -0.044848 -0.001138 0.998993
vn -0.071177 -0.016422 0.997329
vn -0.060390 0.000000 0.998175
vn -0.068221 0.000000 0.997670
vn -0.055846 0.000000 0.998439
vn -0.004222 0.000000 0.999991
vn -0.030021 0.000000 0.999549
vn -0.072518 0.000000 0.997367
vn -0.065875 -0.011177 0.997765
vn -0.037072 -0.005464 0.999298
vn -0.032878 -0.000417 0.999459
vn -0.026659 -0.000028 0.999645
vn -0.008652 0.005155 0.999949
vn -0.046658 0.001536 0.998910
vn -0.032020 -0.027534 0.999108
vn -0.085299 -0.001273 0.996355
vn -0.058234 -0.000333 0.998303
vn -0.041334 -0.000111 0.999145
vn -0.024030 0.000000 0.999711
vn -0.037063 0.000000 0.999313
vn 0.005278 -0.000111 0.999986
vn -0.055632 0.031152 0.997965
vn -0.048932 -0.037567 0.998095
vn -0.044414 -0.039770 0.998221
vn 0.000000 0.000000 1.000000
f 1//1 2//2 8//8
f 1//1 8//8 7//7
f 2//2 3//3 9//9
f 2//2 9//9 8//8
f 3//3 4//4 10//10
f 3//3 10//10 9//9
f 4//4 5//5 11//11
f 4//4 11//11 10//10
f 5//5 6//6 12//12
f 5//5 12//12 11//11
f 7//7 8//8 22//22
f 7//7 22//22 21//21
f 8//8 9//9 23//23
f 8//8 23//23 22//22
f 9//9 10//10 24//24
f 9//9 24//24 23//23
f 10//10 11//11 25//25
f 10//10 25//25 24//24
f 11//11 12//12 26//26
f 11//11 26//26 25//25
f 12//12 13//13 27//27
f 12//12 27//27 26//26
f 13//13 14//14 28//28
f 13//13 28//28 27//27
f 14//14 15//15 29//29
f 14//14 29//29 28//28
f 15//15 16//16 30//30
f 15//15 30//30 29//29
f 16//16 17//17 31//31
f 16//16 31//31 30//30
f 17//17 18//18 32//32
f 17//17 32//32 31//31
f 18//18 19//19 33//33
f 18//18 33//33 32//32
f 20//20 21//21 41//41
f 20//20 41//41 40//40
f 21//21 22//22 42//42
f 21//21 42//42 41//41
f 22//22 23//23 43//43
f 22//22 43//43 42//42
f 23//23 24//24 44//44
f 23//23 44//44 43//43
f 24//24 25//25 45//45
f 24//24 45//45 44//44
f 25//25 26//26 46//46
f 25//25 46//46 45//45
f 26//26 27//27 47//47
f 26//26 47//47 46//46
f 27//27 28//28 48//48
f 27//27 48//48 47//47
f 28//28 29//29 49//49
f 28//28 49//49 48//48
f 29//29 30//30 50//50
f 29//29 50//50 49//49
f 30//30 31//31 51//51
f 30//30 51//51 50//50
f 31//31 32//32 52//52
f 31//31 52//52 51//51
f 32//32 33//33 53//53
f 32//32 53//53 52//52
f 33//33 34//34 54//54
f 33//33 54//54 53//53
f 34//34 35//35 55//55
f 34//34 55//55 54//54
f 35//35 36//36 56//56
f 35//35 56//56 55//55
f 36//36 37//37 57//57
f 36//36 57//57 56//56
f 37//37 38//38 58//58
f 37//37 58//58 57//57
f 38//38 39//39 59//59
f 38//38 59//59 58//58
f 40//40 41//41 67//67
f 40//40 67//67 66//66
f 41//41 42//42 68//68
f 41//41 68//68 67//67
f 42//42 43//43 69//69
f 42//42 69//69 68//68
f 43//43 44//44 70//70
f 43//43 70//70 69//69
f 44//44 45//45 71//71
f 44//44 71//71 70//70
f 45//45 46//46 72//72
f 45//45 72//72 71//71
f 46//46 47//47 73//73
f 46//46 73//73 72//72
f 47//47 48//48 74//74
f 47//47 74//74 73//73
f 48//48 49//49 75//75
f 48//48 75//75 74//74
f 49//49 50//50 76//76
f 49//49 76//76 75//75
f 50//50 51//51 77//77
f 50//50 77//77 76//76
f 51//51 52//52 78//78
f 51//51 78//78 77//77
f 52//52 53//53 79//79
f 52//52 79//79 78//78
f 53//53 54//54 80//80
f 53//53 80//80 79//79
f 54//54 55//55 81//81
f 54//54 81//81 80//80
f 55//55 56//56 82//82
f 55//55 82//82 81//81
f 56//56 57//57 83//83
f 56//56 83//83 82//82
f 57//57 58//58 84//84
f 57//57 84//84 83//83
f 58//58 59//59 85//85
f 58//58 85//85 84//84
f 59//59 60//60 86//86
f 59//59 86//86 85//85
f 60//60 61//61 87//87
f 60//60 87//87 86//86
f 61//61 62//62 88//88
f 61//61 88//88 87//87
f 62//62 63//63 89//89
f 62//62 89//89 88//88
f 63//63 64//64 90//90
f 63//63 90//90 89//89
f 64//64 65//65 91//91
f 64//64 91//91 90//90
f 66//66 67//67 99//99
f 66//66 99//99 98//98
f 67//67 68//68 100//100
f 67//67 100//100 99//99
f 68//68 69//69 101//101
f 68//68 101//101 100//100
f 69//69 70//70 102//102
f 69//69 102//102 101//101
f 70//70 71//71 103//103
f 70//70 103//103 102//102
f 71//71 72//72 104//104
f 71//71 104//104 103//103
f 72//72 73//73 105//105
f 72//72 105//105 104//104
f 73//73 74//74 106//106
f 73//73 106//106 105//105
f 74//74 75//75 107//107
f 74//74 107//107 106//106
f 75//75 76//76 108//108
f 75//75 108//108 107//107
f 76//76 77//77 109//109
f 76//76 109//109 108//108
f 77//77 78//78 110//110
f 77//77 110//110 109//109
f 78//78 79//79 111//111
f 78//78 111//111 110//110
f 79//79 80//80 112//112
f 79//79 112//112 111//111
f 80//80 81//81 113//113
f 80//80 113//113 112//112
f 81//81 82//82 114//114
f 81//81 114//114 113//113
f 82//82 83//83 115//115
f 82//82 115//115 114//114
f 83//83 84//84 116//116
f 83//83 116//116 115//115
f 84//84 85//85 117//117
f 84//84 117//117 116//116
f 85//85 86//86 118//118
f 85//85 118//118 117//117
f 86//86 87//87 119//119
f 86//86 119//119 118//118
f 87//87 88//88 120//120
f 87//87 120//120 119//119
f 88//88 89//89 121//121
f 88//88 121//121 120//120
f 89//89 90//90 122//122
f 89//89 122//122 121//121
f 90//90 91//91 123//123
f 90//90 123//123 122//122
f 91//91 92//92 124//124
f 91//91 124//124 123//123
f 92//92 93//93 125//125
f 92//92 125//125 124//124
f 93//93 94//94 126//126
f 93//93 126//126 125//125
f 94//94 95//95 127//127
f 94//94 127//127 126//126
f 95//95 96//96 128//128
f 95//95 128//128 127//127
f 96//96 97//97 129//129
f 96//96 129//129 128//128
f 98//98 99//99 137//137
f 98//98 137//137 136//136
f 99//99 100//100 138//138
f 99//99 138//138 137//137
f 100//100 101//101 139//139
f 100//100 139//139 138//138
f 101//101 102//102 140//140
f 101//101 140//140 139//139
f 102//102 103//103 141//141
f 102//102 141//141 140//140
f 103//103 104//104 142//142
f 103//103 142//142 141//141
f 104//104 105//105 143//143
f 104//104 143//143 142//142
f 105//105 106//106 144//144
f 105//105 144//144 143//143
f 106//106 107//107 145//145
f 106//106 145//145 144//144
f 107//107 108//108 146//146
f 107//107 146//146 145//145
f 108//108 109//109 147//147
f 108//108 147//147 146//146
f 109//109 110//110 148//148
f 109//109 148//148 147//147
f 110//110 111//111 149//149
f 110//110 149//149 148//148
f 111//111 112//112 150//150
f 111//111 150//150 149//149
f 112//112 113//113 151//151
f 112//112 151//151 150//150
f 113//113 114//114 152//152
f 113//113 152//152 151//151
f 114//114 115//115 153//153
f 114//114 153//153 152//152
f 115//115 116//116 154//154
f 115//115 154//154 153//153
f 116//116 117//117 155//155
f 116//116 155//155 154//154
f 117//117 118//118 156//156
f 117//117 156//156 155//155
f 118//118 119//119 157//157
f 118//118 157//157 156//156
f 119//119 120//120 158//158
f 119//119 158//158 157//157
f 120//120 121//121 159//159
f 120//120 159//159 158//158
f 121//121 122//122 160//160
f 121//121 160//160 159//159
f 122//122 123//123 161//161
f 122//122 161//161 160//160
f 123//123 124//124 162//162
f 123//123 162//162 161//161
f 124//124 125//125 163//163
f 124//124 163//163 162//162
f 125//125 126//126 164//164
f 125//125 164//164 163//163
f 126//126 127//127 165//165
f 126//126 165//165 164//164
f 127//127 128//128 166//166
f 127//127 166//166 165//165
f 128//128 129//129 167//167
f 128//128 167//167 166//166
f 129//129 130//130 168//168
f 129//129 168//168 167//167
f 130//130 131//131 169//169
f 130//130 169//169 168//168
f 131//131 132//132 170//170
f 131//131 170//170 169//169
f 132//132 133//133 171//171
f 132//132 171//171 170//170
f 133//133 134//134 172//172
f 133//133 172//172 171//171
f 134//134 135//135 173//173
f 134//134 173//173 172//172
f 136//136 137//137 182//182
f 136//136 182//182 181//181
f 137//137 138//138 183//183
f 137//137 183//183 182//182
f 138//138 139//139 184//184
f 138//138 184//184 183//183
f 139//139 140//140 185//185
f 139//139 185//185 184//184
f 140//140 141//141 186//186
f 140//140 186//186 185//185
f 141//141 142//142 187//187
f 141//141 187//187 186//186
f 142//142 143//143 188//188
f 142//142 188//188 187//187
f 143//143 144//144 189//189
f 143//143 189//189 188//188
f 144//144 145//145 190//190
f 144//144 190//190 189//189
f 145//145 146//146 191//191
f 145//145 191//191 190//190
f 146//146 147//147 192//192
f 146//146 192//192 191//191
f 147//147 148//148 193//193
f 147//147 193//193 192//192
f 148//148 149//149 194//194
f 148//148 194//194 193//193
f 149//149 150//150 195//195
f 149//149 195//195 194//194
f 150//150 151//151 196//196
f 150//150 196//196 195//195
f 151//151 152//152 197//197
f 151//151 197//197 196//196
f 152//152 153//153 198//198
f 152//152 198//198 197//197
f 153//153 154//154 199//199
f 153//153 199//199 198//198
f 154//154 155//155 200//200
f 154//154 200//200 199//199
f 155//155 156//156 201//201
f 155//155 201//201 200//200
f 156//156 157//157 202//202
f 156//156 202//202 201//201
f 157//157 158//158 203//203
f 157//157 203//203 202//202
f 158//158 159//159 204//204
f 158//158 204//204 203//203
f 159//159 160//160 205//205
f 159//159 205//205 204//204
f 160//160 161//161 206//206
f 160//160 206//206 205//205
f 161//161 162//162 207//207
f 161//161 207//207 206//206
f 162//162 163//163 208//208
f 162//162 208//208 207//207
f 163//163 164//164 209//209
f 163//163 209//209 208//208
f 164//164 165//165 210//210
f 164//164 210//210 209//209
f 165//165 166//166 211//211
f 165//165 211//211 210//210
f 166//166 167//167 212//212
f 166//166 212//212 211//211
f 167//167 168//168 213//213
f 167//167 213//213 212//212
f 168//168 169//169 214//214
f 168//168 214//214 213//213
f 169//169 170//170 215//215
f 169//169 215//215 214//214
f 170//170 171//171 216//216
f 170//170 216//216 215//215
f 171//171 172//172 217//217
f 171//171 217//217 216//216
f 172//172 173//173 218//218
f 172//172 218//218 217//217
f 173//173 174//174 219//219
f 173//173 219//219 218//218
f 174//174 175//175 220//220
f 174//174 220//220 219//219
f 175//175 176//176 221//221
f 175//175 221//221 220//220
f 176//176 177//177 222//222
f 176//176 222//222 221//221
f 177//177 178//178 223//223
f 177//177 223//223 222//222
f 178//178 179//179 224//224
f 178//178 224//224 223//223
f 180//180 181//181 233//233
f 180//180 233//233 232//232
f 181//181 182//182 234//234
f 181//181 234//234 233//233
f 182//182 183//183 235//235
f 182//182 235//235 234//234
f 183//183 184//184 236//236
f 183//183 236//236 235//235
f 184//184 185//185 237//237
f 184//184 237//237 236//236
f 185//185 186//186 238//238
f 185//185 238//238 237//237
f 186//186 187//187 239//239
f 186//186 239//239 238//238
f 187//187 188//188 240//240
f 187//187 240//240 239//239
f 188//188 189//189 241//241
f 188//188 241//241 240//240
f 189//189 190//190 242//242
f 189//189 242//242 241//241
f 190//190 191//191 243//243
f 190//190 243//243 242//242
f 191//191 192//192 244//244
f 191//191 244//244 243//243
f 192//192 193//193 245//245
f 192//192 245//245 244//244
f 193//193 194//194 246//246
f 193//193 246//246 245//245
f 194//194 195//195 247//247
f 194//194 247//247 246//246
f 195//195 196//196 248//248
f 195//195 248//248 247//247
f 196//196 197//197 249//249
f 196//196 249//249 248//248
f 197//197 198//198 250//250
f 197//197 250//250 249//249
f 198//198 199//199 251//251
f 198//198 251//251 250//250
f 199//199 200//200 252//252
f 199//199 252//252 251//251
f 200//200 201//201 253//253
f 200//200 253//253 252//252
f 201//201 202//202 254//254
f 201//201 254//254 253//253
f 202//202 203//203 255//255
f 202//202 255//255 254//254
f 203//203 204//204 256//256
f 203//203 256//256 255//255
f 204//204 205//205 257//257
f 204//204 257//257 256//256
f 205//205 206//206 258//258
f 205//205 258//258 257//257
f 206//206 207//207 259//259
f 206//206 259//259 258//258
f 207//207 208//208 260//260
f 207//207 260//260 259//259
f 208//208 209//209 261//261
f 208//208 261//261 260//260
f 209//209 210//210 262//262
f 209//209 262//262 261//261
f 210//210 211//211 263//263
f 210//210 263//263 262//262
f 211//211 212//212 264//264
f 211//211 264//264 263//263
f 212//212 213//213 265//265
f 212//212 265//265 264//264
f 213//213 214//214 266//266
f 213//213 266//266 265//265
f 214//214 215//215 267//267
f 214//214 267//267 266//266
f 215//215 216//216 268//268
f 215//215 268//268 267//267
f 216//216 217//217 269//269
f 216//216 269//269 268//268
f 217//217 218//218 270//270
f 217//217 270//270 269//269
f 218//218 219//219 271//271
f 218//218 271//271 270//270
f 219//219 220//220 272//272
f 219//219 272//272 271//271
f 220//220 221//221 273//273
f 220//220 273//273 272//272
f 221//221 222//222 274//274
f 221//221 274//274 273//273
f 222//222 223//223 275//275
f 222//222 275//275 274//274
f 223//223 224//224 276//276
f 223//223 276//276 275//275
f 224//224 225//225 277//277
f 224//224 277//277 276//276
f 225//225 226//226 278//278
f 225//225 278//278 277//277
f 226//226 227//227 279//279
f 226//226 279//279 278//278
f 227//227 228//228 280//280
f 227//227 280//280 279//279
f 228//228 229//229 281//281
f 228//228 281//281 280//280
f 229//229 230//230 282//282
f 229//229 282//282 281//281
f 230//230 231//231 283//283
f 230//230 283//283 282//282
f 232//232 233//233 291//291
f 232//232 291//291 290//290
f 233//233 234//234 292//292
f 233//233 292//292 291//291
f 234//234 235//235 293//293
f 234//234 293//293 292//292
f 235//235 236//236 294//294
f 235//235 294//294 293//293
f 236//236 237//237 295//295
f 236//236 295//295 294//294
f 237//237 238//238 296//296
f 237//237 296//296 295//295
f 238//238 239//239 297//297
f 238//238 297//297 296//296
f 239//239 240//240 298//298
f 239//239 298//298 297//297
f 240//240 241//241 299//299
f 240//240 299//299 298//298
f 241//241 242//242 300//300
f 241//241 300//300 299//299
f 242//242 243//243 301//301
f 242//242 301//301 300//300
f 243//243 244//244 302//302
f 243//243 302//302 301//301
f 244//244 245//245 303//303
f 244//244 303//303 302//302
f 245//245 246//246 304//304
f 245//245 304//304 303//303
f 246//246 247//247 305//305
f 246//246 305//305 304//304
f 247//247 248//248 306//306
f 247//247 306//306 305//305
f 248//248 249//249 307//307
f 248//248 307//307 306//306
f 249//249 250//250 308//308
f 249//249 308//308 307//307
f 250//250 251//251 309//309
f 250//250 309//309 308//308
f 251//251 252//252 310//310
f 251//251 310//310 309//309
f 252//252 253//253 311//311
f 252//252 311//311 310//310
f 253//253 254//254 312//312
f 253//253 312//312 311//311
f 254//254 255//255 313//313
f 254//254 313//313 312//312
f 255//255 256//256 314//314
f 255//255 314//314 313//313
f 256//256 257//257 315//315
f 256//256 315//315 314//314
f 257//257 258//258 316//316
f 257//257 316//316 315//315
f 258//258 259//259 317//317
f 258//258 317//317 316//316
f 259//259 260//260 318//318
f 259//259 318//318 317//317
f 260//260 261//261 319//319
f 260//260 319//319 318//318
f 261//261 262//262 320//320
f 261//261 320//320 319//319
f 262//262 263//263 321//321
f 262//262 321//321 320//320
f 263//263 264//264 322//322
f 263//263 322//322 321//321
f 264//264 265//265 323//323
f 264//264 323//323 322//322
f 265//265 266//266 324//324
f 265//265 324//324 323//323
f 266//266 267//267 325//325
f 266//266 325//325 324//324
f 267//267 268//268 326//326
f 267//267 326//326 325//325
f 268//268 269//269 327//327
f 268//268 327//327 326//326
f 269//269 270//270 328//328
f 269//269 328//328 327//327
f 270//270 271//271 329//329
f 270//270 329//329 328//328
f 271//271 272//272 330//330
f 271//271 330//330 329//329
f 272//272 273//273 331//331
f 272//272 331//331 330//330
f 273//273 274//274 332//332
f 273//273 332//332 331//331
f 274//274 275//275 333//333
f 274//274 333//333 332//332
f 275//275 276//276 334//334
f 275//275 334//334 333//333
f 276//276 277//277 335//335
f 276//276 335//335 334//334
f 277//277 278//278 336//336
f 277//277 336//336 335//335
f 278//278 279//279 337//337
f 278//278 337//337 336//336
f 279//279 280//280 338//338
f 279//279 338//338 337//337
f 280//280 281//281 339//339
f 280//280 339//339 338//338
f 281//281 282//282 340//340
f 281//281 340//340 339//339
f 282//282 283//283 341//341
f 282//282 341//341 340//340
f 283//283 284//284 342//342
f 283//283 342//342 341//341
f 284//284 285//285 343//343
f 284//284 343//343 342//342
f 285//285 286//286 344//344
f 285//285 344//344 343//343
f 286//286 287//287 345//345
f 286//286 345//345 344//344
f 287//287 288//288 346//346
f 287//287 346//346 345//345
f 288//288 289//289 347//347
f 288//288 347//347 346//346
f 290//290 291//291 355//355
f 290//290 355//355 354//354
f 291//291 292//292 356//356
f 291//291 356//356 355//355
f 292//292 293//293 357//357
f 292//292 357//357 356//356
f 293//293 294//294 358//358
f 293//293 358//358 357//357
f 294//294 295//295 359//359
f 294//294 359//359 358//358
f 295//295 296//296 360//360
f 295//295 360//360 359//359
f 296//296 297//297 361//361
f 296//296 361//361 360//360
f 297//297 298//298 362//362
f 297//297 362//362 361//361
f 298//298 299//299 363//363
f 298//298 363//363 362//362
f 299//299 300//300 364//364
f 299//299 364//364 363//363
f 300//300 301//301 365//365
f 300//300 365//365 364//364
f 301//301 302//302 366//366
f 301//301 366//366 365//365
f 302//302 303//303 367//367
f 302//302 367//367 366//366
f 303//303 304//304 368//368
f 303//303 368//368 367//367
f 304//304 305//305 369//369
f 304//304 369//369 368//368
f 305//305 306//306 370//370
f 305//305 370//370 369//369
f 306//306 307//307 371//371
f 306//306 371//371 370//370
f 307//307 308//308 372//372
f 307//307 372//372 371//371
f 308//308 309//309 373//373
f 308//308 373//373 372//372
f 309//309 310//310 374//374
f 309//309 374//374 373//373
f 310//310 311//311 375//375
f 310//310 375//375 374//374
f 311//311 312//312 376//376
f 311//311 376//376 375//375
f 312//312 313//313 377//377
f 312//312 377//377 376//376
f 313//313 314//314 378//378
f 313//313 378//378 377//377
f 314//314 315//315 379//379
f 314//314 379//379 378//378
f 315//315 316//316 380//380
f 315//315 380//380 379//379
f 316//316 317//317 381//381
f 316//316 381//381 380//380
f 317//317 318//318 382//382
f 317//317 382//382 381//381
f 318//318 319//319 383//383
f 318//318 383//383 382//382
f 319//319 320//320 384//384
f 319//319 384//384 383//383
f 320//320 321//321 385//385
f 320//320 385//385 384//384
f 321//321 322//322 386//386
f 321//321 386//386 385//385
f 322//322 323//323 387//387
f 322//322 387//387 386//386
f 323//323 324//324 388//388
f 323//323 388//388 387//387
f 324//324 325//325 389//389
f 324//324 389//389 388//388
f 325//325 326//326 390//390
f 325//325 390//390 389//389
f 326//326 327//327 391//391
f 326//326 391//391 390//390
f 327//327 328//328 392//392
f 327//327 392//392 391//391
f 328//328 329//329 393//393
f 328//328 393//393 392//392
f 329//329 330//330 394//394
f 329//329 394//394 393//393
f 330//330 331//331 395//395
f 330//330 395//395 394//394
f 331//331 332//332 396//396
f 331//331 396//396 395//395
f 332//332 333//333 397//397
f 332//332 397//397 396//396
f 333//333 334//334 398//398
f 333//333 398//398 397//397
f 334//334 335//335 399//399
f 334//334 399//399 398//398
f 335//335 336//336 400//400
f 335//335 400//400 399//399
f 336//336 337//337 401//401
f 336//336 401//401 400//400
f 337//337 338//338 402//402
f 337//337 402//402 401//401
f 338//338 339//339 403//403
f 338//338 403//403 402//402
f 339//339 340//340 404//404
f 339//339 404//404 403//403
f 340//340 341//341 405//405
f 340//340 405//405 404//404
f 341//341 342//342 406//406
f 341//341 406//406 405//405
f 342//342 343//343 407//407
f 342//342 407//407 406//406
f 343//343 344//344 408//408
f 343//343 408//408 407//407
f 344//344 345//345 409//409
f 344//344 409//409 408//408
f 345//345 346//346 410//410
f 345//345 410//410 409//409
f 346//346 347//347 411//411
f 346//346 411//411 410//410
f 347//347 348//348 412//412
f 347//347 412//412 411//411
f 348//348 349//349 413//413
f 348//348 413//413 412//412
f 349//349 350//350 414//414
f 349//349 414//414 413//413
f 350//350 351//351 415//415
f 350//350 415//415 414//414
f 351//351 352//352 416//416
f 351//351 416//416 415//415
f 352//352 353//353 417//417
f 352//352 417//417 416//416
f 354//354 355//355 421//421
f 354//354 421//421 420//420
f 355//355 356//356 422//422
f 355//355 422//422 421//421
f 356//356 357//357 423//423
f 356//356 423//423 422//422
f 357//357 358//358 424//424
f 357//357 424//424 423//423
f 358//358 359//359 425//425
f 358//358 425//425 424//424
f 359//359 360//360 426//426
f 359//359 426//426 425//425
f 360//360 361//361 427//427
f 360//360 427//427 426//426
f 361//361 362//362 428//428
f 361//361 428//428 427//427
f 362//362 363//363 429//429
f 362//362 429//429 428//428
f 363//363 364//364 430//430
f 363//363 430//430 429//429
f 364//364 365//365 431//431
f 364//364 431//431 430//430
f 365//365 366//366 432//432
f 365//365 432//432 431//431
f 366//366 367//367 433//433
f 366//366 433//433 432//432
f 367//367 368//368 434//434
f 367//367 434//434 433//433
f 368//368 369//369 435//435
f 368//368 435//435 434//434
f 369//369 370//370 436//436
f 369//369 436//436 435//435
f 370//370 371//371 437//437
f 370//370 437//437 436//436
f 371//371 372//372 438//438
f 371//371 438//438 437//437
f 372//372 373//373 439//439
f 372//372 439//439 438//438
f 373//373 374//374 440//440
f 373//373 440//440 439//439
f 374//374 375//375 441//441
f 374//374 441//441 440//440
f 375//375 376//376 442//442
f 375//375 442//442 441//441
f 376//376 377//377 443//443
f 376//376 443//443 442//442
f 377//377 378//378 444//444
f 377//377 444//444 443//443
f 378//378 379//379 445//445
f 378//378 445//445 444//444
f 379//379 380//380 446//446
f 379//379 446//446 445//445
f 380//380 381//381 447//447
f 380//380 447//447 446//446
f 381//381 382//382 448//448
f 381//381 448//448 447//447
f 382//382 383//383 449//449
f 382//382 449//449 448//448
f 383//383 384//384 450//450
f 383//383 450//450 449//449
f 384//384 385//385 451//451
f 384//384 451//451 450//450
f 385//385 386//386 452//452
f 385//385 452//452 451//451
f 386//386 387//387 453//453
f 386//386 453//453 452//452
f 387//387 388//388 454//454
f 387//387 454//454 453//453
f 388//388 389//389 455//455
f 388//388 455//455 454//454
f 389//389 390//390 456//456
f 389//389 456//456 455//455
f 390//390 391//391 457//457
f 390//390 457//457 456//456
f 391//391 392//392 458//458
f 391//391 458//458 457//457
f 392//392 393//393 459//459
f 392//392 459//459 458//458
f 393//393 394//394 460//460
f 393//393 460//460 459//459
f 394//394 395//395 461//461
f 394//394 461//461 460//460
f 395//395 396//396 462//462
f 395//395 462//462 461//461
f 396//396 397//397 463//463
f 396//396 463//463 462//462
f 397//397 398//398 464//464
f 397//397 464//464 463//463
f 398//398 399//399 465//465
f 398//398 465//465 464//464
f 399//399 400//400 466//466
f 399//399 466//466 465//465
f 400//400 401//401 467//467
f 400//400 467//467 466//466
f 401//401 402//402 468//468
f 401//401 468//468 467//467
f 402//402 403//403 469//469
f 402//402 469//469 468//468
f 403//403 404//404 470//470
f 403//403 470//470 469//469
f 404//404 405//405 471//471
f 404//404 471//471 470//470
f 405//405 406//406 472//472
f 405//405 472//472 471//471
f 406//406 407//407 473//473
f 406//406 473//473 472//472
f 407//407 408//408 474//474
f 407//407 474//474 473//473
f 408//408 409//409 475//475
f 408//408 475//475 474//474
f 409//409 410//410 476//476
f 409//409 476//476 475//475
f 410//410 411//411 477//477
f 410//410 477//477 476//476
f 411//411 412//412 478//478
f 411//411 478//478 477//477
f 412//412 413//413 479//479
f 412//412 479//479 478//478
f 413//413 414//414 480//480
f 413//413 480//480 479//479
f 414//414 415//415 481//481
f 414//414 481//481 480//480
f 415//415 416//416 482//482
f 415//415 482//482 481//481
f 416//416 417//417 483//483
f 416//416 483//483 482//482
f 417//417 418//418 484//484
f 417//417 484//484 483//483
f 419//419 420//420 486//486
f 419//419 486//486 485//485
f 420//420 421//421 487//487
f 420//420 487//487 486//486
f 421//421 422//422 488//488
f 421//421 488//488 487//487
f 422//422 423//423 489//489
f 422//422 489//489 488//488
f 423//423 424//424 490//490
f 423//423 490//490 489//489
f 424//424 425//425 491//491
f 424//424 491//491 490//490
f 425//425 426//426 492//492
f 425//425 492//492 491//491
f 426//426 427//427 493//493
f 426//426 493//493 492//492
f 427//427 428//428 494//494
f 427//427 494//494 493//493
f 428//428 429//429 495//495
f 428//428 495//495 494//494
f 429//429 430//430 496//496
f 429//429 496//496 495//495
f 430//430 431//431 497//497
f 430//430 497//497 496//496
f 431//431 432//432 498//498
f 431//431 498//498 497//497
f 432//432 433//433 499//499
f 432//432 499//499 498//498
f 433//433 434//434 500//500
f 433//433 500//500 499//499
f 434//434 435//435 501//501
f 434//434 501//501 500//500
f 435//435 436//436 502//502
f 435//435 502//502 501//501
f 436//436 437//437 503//503
f 436//436 503//503 502//502
f 437//437 438//438 504//504
f 437//437 504//504 503//503
f 438//438 439//439 505//505
f 438//438 505//505 504//504
f 439//439 440//440 506//506
f 439//439 506//506 505//505
f 440//440 441//441 507//507
f 440//440 507//507 506//506
f 441//441 442//442 508//508
f 441//441 508//508 507//507
f 442//442 443//443 509//509
f 442//442 509//509 508//508
f 443//443 444//444 510//510
f 443//443 510//510 509//509
f 444//444 445//445 511//511
f 444//444 511//511 510//510
f 445//445 446//446 512//512
f 445//445 512//512 511//511
f 446//446 447//447 513//513
f 446//446 513//513 512//512
f 447//447 448//448 514//514
f 447//447 514//514 513//513
f 448//448 449//449 515//515
f 448//448 515//515 514//514
f 449//449 450//450 516//516
f 449//449 516//516 515//515
f 450//450 451//451 517//517
f 450//450 517//517 516//516
f 451//451 452//452 518//518
f 451//451 518//518 517//517
f 452//452 453//453 519//519
f 452//452 519//519 518//518
f 453//453 454//454 520//520
f 453//453 520//520 519//519
f 454//454 455//455 521//521
f 454//454 521//521 520//520
f 455//455 456//456 522//522
f 455//455 522//522 521//521
f 456//456 457//457 523//523
f 456//456 523//523 522//522
f 457//457 458//458 524//524
f 457//457 524//524 523//523
f 458//458 459//459 525//525
f 458//458 525//525 524//524
f 459//459 460//460 526//526
f 459//459 526//526 525//525
f 460//460 461//461 527//527
f 460//460 527//527 526//526
f 461//461 462//462 528//528
f 461//461 528//528 527//527
f 462//462 463//463 529//529
f 462//462 529//529 528//528
f 463//463 464//464 530//530
f 463//463 530//530 529//529
f 464//464 465//465 531//531
f 464//464 531//531 530//530
f 465//465 466//466 532//532
f 465//465 532//532 531//531
f 466//466 467//467 533//533
f 466//466 533//533 532//532
f 467//467 468//468 534//534
f 467//467 534//534 533//533
f 468//468 469//469 535//535
f 468//468 535//535 534//534
f 469//469 470//470 536//536
f 469//469 536//536 535//535
f 470//470 471//471 537//537
f 470//470 537//537 536//536
f 471//471 472//472 538//538
f 471//471 538//538 537//537
f 472//472 473//473 539//539
f 472//472 539//539 538//538
f 473//473 474//474 540//540
f 473//473 540//540 539//539
f 474//474 475//475 541//541
f 474//474 541//541 540//540
f 475//475 476//476 542//542
f 475//475 542//542 541//541
f 476//476 477//477 543//543
f 476//476 543//543 542//542
f 477//477 478//478 544//544
f 477//477 544//544 543//543
f 478//478 479//479 545//545
f 478//478 545//545 544//544
f 479//479 480//480 546//546
f 479//479 546//546 545//545
f 480//480 481//481 547//547
f 480//480 547//547 546//546
f 481//481 482//482 548//548
f 481//481 548//548 547//547
f 482//482 483//483 549//549
f 482//482 549//549 548//548
f 483//483 484//484 550//550
f 483//483 550//550 549//549
f 485//485 486//486 552//552
f 485//485 552//552 551//551
f 486//486 487//487 553//553
f 486//486 553//553 552//552
f 487//487 488//488 554//554
f 487//487 554//554 553//553
f 488//488 489//489 555//555
f 488//488 555//555 554//554
f 489//489 490//490 556//556
f 489//489 556//556 555//555
f 490//490 491//491 557//557
f 490//490 557//557 556//556
f 491//491 492//492 558//558
f 491//491 558//558 557//557
f 492//492 493//493 559//559
f 492//492 559//559 558//558
f 493//493 494//494 560//560
f 493//493 560//560 559//559
f 494//494 495//495 561//561
f 494//494 561//561 560//560
f 495//495 496//496 562//562
f 495//495 562//562 561//561
f 496//496 497//497 563//563
f 496//496 563//563 562//562
f 497//497 498//498 564//564
f 497//497 564//564 563//563
f 498//498 499//499 565//565
f 498//498 565//565 564//564
f 499//499 500//500 566//566
f 499//499 566//566 565//565
f 500//500 501//501 567//567
f 500//500 567//567 566//566
f 501//501 502//502 568//568
f 501//501 568//568 567//567
f 502//502 503//503 569//569
f 502//502 569//569 568//568
f 503//503 504//504 570//570
f 503//503 570//570 569//569
f 504//504 505//505 571//571
f 504//504 571//571 570//570
f 505//505 506//506 572//572
f 505//505 572//572 571//571
f 506//506 507//507 573//573
f 506//506 573//573 572//572
f 507//507 508//508 574//574
f 507//507 574//574 573//573
f 508//508 509//509 575//575
f 508//508 575//575 574//574
f 509//509 510//510 576//576
f 509//509 576//576 575//575
f 510//510 511//511 577//577
f 510//510 577//577 576//576
f 511//511 512//512 578//578
f 511//511 578//578 577//577
f 512//512 513//513 579//579
f 512//512 579//579 578//578
f 513//513 514//514 580//580
f 513//513 580//580 579//579
f 514//514 515//515 581//581
f 514//514 581//581 580//580
f 515//515 516//516 582//582
f 515//515 582//582 581//581
f 516//516 517//517 583//583
f 516//516 583//583 582//582
f 517//517 518//518 584//584
f 517//517 584//584 583//583
f 518//518 519//519 585//585
f 518//518 585//585 584//584
f 519//519 520//520 586//586
f 519//519 586//586 585//585
f 520//520 521//521 587//587
f 520//520 587//587 586//586
f 521//521 522//522 588//588
f 521//521 588//588 587//587
f 522//522 523//523 589//589
f 522//522 589//589 588//588
f 523//523 524//524 590//590
f 523//523 590//590 589//589
f 524//524 525//525 591//591
f 524//524 591//591 590//590
f 525//525 526//526 592//592
f 525//525 592//592 591//591
f 526//526 527//527 593//593
f 526//526 593//593 592//592
f 527//527 528//528 594//594
f 527//527 594//594 593//593
f 528//528 529//529 595//595
f 528//528 595//595 594//594
f 529//529 530//530 596//596
f 529//529 596//596 595//595
f 530//530 531//531 597//597
f 530//530 597//597 596//596
f 531//531 532//532 598//598
f 531//531 598//598 597//597
f 532//532 533//533 599//599
f 532//532 599//599 598//598
f 533//533 534//534 600//600
f 533//533 600//600 599//599
f 534//534 535//535 601//601
f 534//534 601//601 600//600
f 535//535 536//536 602//602
f 535//535 602//602 601//601
f 536//536 537//537 603//603
f 536//536 603//603 602//602
f 537//537 538//538 604//604
f 537//537 604//604 603//603
f 538//538 539//539 605//605
f 538//538 605//605 604//604
f 539//539 540//540 606//606
f 539//539 606//606 605//605
f 540//540 541//541 607//607
f 540//540 607//607 606//606
f 541//541 542//542 608//608
f 541//541 608//608 607//607
f 542//542 543//543 609//609
f 542//542 609//609 608//608
f 543//543 544//544 610//610
f 543//543 610//610 609//609
f 544//544 545//545 611//611
f 544//544 611//611 610//610
f 545//545 546//546 612//612
f 545//545 612//612 611//611
f 546//546 547//547 613//613
f 546//546 613//613 612//612
f 547//547 548//548 614//614
f 547//547 614//614 613//613
f 548//548 549//549 615//615
f 548//548 615//615 614//614
f 549//549 550//550 616//616
f 549//549 616//616 615//615
f 551//551 552//552 618//618
f 551//551 618//618 617//617
f 552//552 553//553 619//619
f 552//552 619//619 618//618
f 553//553 554//554 620//620
f 553//553 620//620 619//619
f 554//554 555//555 621//621
f 554//554 621//621 620//620
f 555//555 556//556 622//622
f 555//555 622//622 621//621
f 556//556 557//557 623//623
f 556//556 623//623 622//622
f 557//557 558//558 624//624
f 557//557 624//624 623//623
f 558//558 559//559 625//625
f 558//558 625//625 624//624
f 559//559 560//560 626//626
f 559//559 626//626 625//625
f 560//560 561//561 627//627
f 560//560 627//627 626//626
f 561//561 562//562 628//628
f 561//561 628//628 627//627
f 562//562 563//563 629//629
f 562//562 629//629 628//628
f 563//563 564//564 630//630
f 563//563 630//630 629//629
f 564//564 565//565 631//631
f 564//564 631//631 630//630
f 565//565 566//566 632//632
f 565//565 632//632 631//631
f 566//566 567//567 633//633
f 566//566 633//633 632//632
f 567//567 568//568 634//634
f 567//567 634//634 633//633
f 568//568 569//569 635//635
f 568//568 635//635 634//634
f 569//569 570//570 636//636
f 569//569 636//636 635//635
f 570//570 571//571 637//637
f 570//570 637//637 636//636
f 571//571 572//572 638//638
f 571//571 638//638 637//637
f 572//572 573//573 639//639
f 572//572 639//639 638//638
f 573//573 574//574 640//640
f 573//573 640//640 639//639
f 574//574 575//575 641//641
f 574//574 641//641 640//640
f 575//575 576//576 642//642
f 575//575 642//642 641//641
f 576//576 577//577 643//643
f 576//576 643//643 642//642
f 577//577 578//578 644//644
f 577//577 644//644 643//643
f 578//578 579//579 645//645
f 578//578 645//645 644//644
f 579//579 580//580 646//646
f 579//579 646//646 645//645
f 580//580 581//581 647//647
f 580//580 647//647 646//646
f 581//581 582//582 648//648
f 581//581 648//648 647//647
f 582//582 583//583 649//649
f 582//582 649//649 648//648
f 583//583 584//584 650//650
f 583//583 650//650 649//649
f 584//584 585//585 651//651
f 584//584 651//651 650//650
f 585//585 586//586 652//652
f 585//585 652//652 651//651
f 586//586 587//587 653//653
f 586//586 653//653 652//652
f 587//587 588//588 654//654
f 587//587 654//654 653//653
f 588//588 589//589 655//655
f 588//588 655//655 654//654
f 589//589 590//590 656//656
f 589//589 656//656 655//655
f 590//590 591//591 657//657
f 590//590 657//657 656//656
f 591//591 592//592 658//658
f 591//591 658//658 657//657
f 592//592 593//593 659//659
f 592//592 659//659 658//658
f 593//593 594//594 660//660
f 593//593 660//660 659//659
f 594//594 595//595 661//661
f 594//594 661//661 660//660
f 595//595 596//596 662//662
f 595//595 662//662 661//661
f 596//596 597//597 663//663
f 596//596 663//663 662//662
f 597//597 598//598 664//664
f 597//597 664//664 663//663
f 598//598 599//599 665//665
f 598//598 665//665 664//664
f 599//599 600//600 666//666
f 599//599 666//666 665//665
f 600//600 601//601 667//667
f 600//600 667//667 666//666
f 601//601 602//602 668//668
f 601//601 668//668 667//667
f 602//602 603//603 669//669
f 602//602 669//669 668//668
f 603//603 604//604 670//670
f 603//603 670//670 669//669
f 604//604 605//605 671//671
f 604//604 671//671 670//670
f 605//605 606//606 672//672
f 605//605 672//672 671//671
f 606//606 607//607 673//673
f 606//606 673//673 672//672
f 607//607 608//608 674//674
f 607//607 674//674 673//673
f 608//608 609//609 675//675
f 608//608 675//675 674//674
f 609//609 610//610 676//676
f 609//609 676//676 675//675
f 610//610 611//611 677//677
f 610//610 677//677 676//676
f 611//611 612//612 678//678
f 611//611 678//678 677//677
f 612//612 613//613 679//679
f 612//612 679//679 678//678
f 613//613 614//614 680//680
f 613//613 680//680 679//679
f 614//614 615//615 681//681
f 614//614 681//681 680//680
f 617//617 618//618 683//683
f 617//617 683//683 682//682
f 618//618 619//619 684//684
f 618//618 684//684 683//683
f 619//619 620//620 685//685
f 619//619 685//685 684//684
f 620//620 621//621 686//686
f 620//620 686//686 685//685
f 621//621 622//622 687//687
f 621//621 687//687 686//686
f 622//622 623//623 688//688
f 622//622 688//688 687//687
f 623//623 624//624 689//689
f 623//623 689//689 688//688
f 624//624 625//625 690//690
f 624//624 690//690 689//689
f 625//625 626//626 691//691
f 625//625 691//691 690//690
f 626//626 627//627 692//692
f 626//626 692//692 691//691
f 627//627 628//628 693//693
f 627//627 693//693 692//692
f 628//628 629//629 694//694
f 628//628 694//694 693//693
f 629//629 630//630 695//695
f 629//629 695//695 694//694
f 630//630 631//631 696//696
f 630//630 696//696 695//695
f 631//631 632//632 697//697
f 631//631 697//697 696//696
f 632//632 633//633 698//698
f 632//632 698//698 697//697
f 633//633 634//634 699//699
f 633//633 699//699 698//698
f 634//634 635//635 700//700
f 634//634 700//700 699//699
f 635//635 636//636 701//701
f 635//635 701//701 700//700
f 636//636 637//637 702//702
f 636//636 702//702 701//701
f 637//637 638//638 703//703
f 637//637 703//703 702//702
f 638//638 639//639 704//704
f 638//638 704//704 703//703
f 639//639 640//640 705//705
f 639//639 705//705 704//704
f 640//640 641//641 706//706
f 640//640 706//706 705//705
f 641//641 642//642 707//707
f 641//641 707//707 706//706
f 642//642 643//643 708//708
f 642//642 708//708 707//707
f 643//643 644//644 709//709
f 643//643 709//709 708//708
f 644//644 645//645 710//710
f 644//644 710//710 709//709
f 645//645 646//646 711//711
f 645//645 711//711 710//710
f 646//646 647//647 712//712
f 646//646 712//712 711//711
f 647//647 648//648 713//713
f 647//647 713//713 712//712
f 648//648 649//649 714//714
f 648//648 714//714 713//713
f 649//649 650//650 715//715
f 649//649 715//715 714//714
f 650//650 651//651 716//716
f 650//650 716//716 715//715
f 651//651 652//652 717//717
f 651//651 717//717 716//716
f 652//652 653//653 718//718
f 652//652 718//718 717//717
f 653//653 654//654 719//719
f 653//653 719//719 718//718
f 654//654 655//655 720//720
f 654//654 720//720 719//719
f 655//655 656//656 721//721
f 655//655 721//721 720//720
f 656//656 657//657 722//722
f 656//656 722//722 721//721
f 657//657 658//658 723//723
f 657//657 723//723 722//722
f 658//658 659//659 724//724
f 658//658 724//724 723//723
f 659//659 660//660 725//725
f 659//659 725//725 724//724
f 660//660 661//661 726//726
f 660//660 726//726 725//725
f 661//661 662//662 727//727
f 661//661 727//727 726//726
f 662//662 663//663 728//728
f 662//662 728//728 727//727
f 663//663 664//664 729//729
f 663//663 729//729 728//728
f 664//664 665//665 730//730
f 664//664 730//730 729//729
f 665//665 666//666 731//731
f 665//665 731//731 730//730
f 666//666 667//667 732//732
f 666//666 732//732 731//731
f 667//667 668//668 733//733
f 667//667 733//733 732//732
f 668//668 669//669 734//734
f 668//668 734//734 733//733
f 669//669 670//670 735//735
f 669//669 735//735 734//734
f 670//670 671//671 736//736
f 670//670 736//736 735//735
f 671//671 672//672 737//737
f 671//671 737//737 736//736
f 672//672 673//673 738//738
f 672//672 738//738 737//737
f 673//673 674//674 739//739
f 673//673 739//739 738//738
f 674//674 675//675 740//740
f 674//674 740//740 739//739
f 675//675 676//676 741//741
f 675//675 741//741 740//740
f 676//676 677//677 742//742
f 676//676 742//742 741//741
f 677//677 678//678 743//743
f 677//677 743//743 742//742
f 678//678 679//679 744//744
f 678//678 744//744 743//743
f 679//679 680//680 745//745
f 679//679 745//745 744//744
f 680//680 681//681 746//746
f 680//680 746//746 745//745
f 682//682 683//683 749//749
f 682//682 749//749 748//748
f 683//683 684//684 750//750
f 683//683 750//750 749//749
f 684//684 685//685 751//751
f 684//684 751//751 750//750
f 685//685 686//686 752//752
f 685//685 752//752 751//751
f 686//686 687//687 753//753
f 686//686 753//753 752//752
f 687//687 688//688 754//754
f 687//687 754//754 753//753
f 688//688 689//689 755//755
f 688//688 755//755 754//754
f 689//689 690//690 756//756
f 689//689 756//756 755//755
f 690//690 691//691 757//757
f 690//690 757//757 756//756
f 691//691 692//692 758//758
f 691//691 758//758 757//757
f 692//692 693//693 759//759
f 692//692 759//759 758//758
f 693//693 694//694 760//760
f 693//693 760//760 759//759
f 694//694 695//695 761//761
f 694//694 761//761 760//760
f 695//695 696//696 762//762
f 695//695 762//762 761//761
f 696//696 697//697 763//763
f 696//696 763//763 762//762
f 697//697 698//698 764//764
f 697//697 764//764 763//763
f 698//698 699//699 765//765
f 698//698 765//765 764//764
f 699//699 700//700 766//766
f 699//699 766//766 765//765
f 700//700 701//701 767//767
f 700//700 767//767 766//766
f 701//701 702//702 768//768
f 701//701 768//768 767//767
f 702//702 703//703 769//769
f 702//702 769//769 768//768
f 703//703 704//704 770//770
f 703//703 770//770 769//769
f 704//704 705//705 771//771
f 704//704 771//771 770//770
f 705//705 706//706 772//772
f 705//705 772//772 771//771
f 706//706 707//707 773//773
f 706//706 773//773 772//772
f 707//707 708//708 774//774
f 707//707 774//774 773//773
f 708//708 709//709 775//775
f 708//708 775//775 774//774
f 709//709 710//710 776//776
f 709//709 776//776 775//775
f 710//710 711//711 777//777
f 710//710 777//777 776//776
f 711//711 712//712 778//778
f 711//711 778//778 777//777
f 712//712 713//713 779//779
f 712//712 779//779 778//778
f 713//713 714//714 780//780
f 713//713 780//780 779//779
f 714//714 715//715 781//781
f 714//714 781//781 780//780
f 715//715 716//716 782//782
f 715//715 782//782 781//781
f 716//716 717//717 783//783
f 716//716 783//783 782//782
f 717//717 718//718 784//784
f 717//717 784//784 783//783
f 718//718 719//719 785//785
f 718//718 785//785 784//784
f 719//719 720//720 786//786
f 719//719 786//786 785//785
f 720//720 721//721 787//787
f 720//720 787//787 786//786
f 721//721 722//722 788//788
f 721//721 788//788 787//787
f 722//722 723//723 789//789
f 722//722 789//789 788//788
f 723//723 724//724 790//790
f 723//723 790//790 789//789
f 724//724 725//725 791//791
f 724//724 791//791 790//790
f 725//725 726//726 792//792
f 725//725 792//792 791//791
f 726//726 727//727 793//793
f 726//726 793//793 792//792
f 727//727 728//728 794//794
f 727//727 794//794 793//793
f 728//728 729//729 795//795
f 728//728 795//795 794//794
f 729//729 730//730 796//796
f 729//729 796//796 795//795
f 730//730 731//731 797//797
f 730//730 797//797 796//796
f 731//731 732//732 798//798
f 731//731 798//798 797//797
f 732//732 733//733 799//799
f 732//732 799//799 798//798
f 733//733 734//734 800//800
f 733//733 800//800 799//799
f 734//734 735//735 801//801
f 734//734 801//801 800//800
f 735//735 736//736 802//802
f 735//735 802//802 801//801
f 736//736 737//737 803//803
f 736//736 803//803 802//802
f 737//737 738//738 804//804
f 737//737 804//804 803//803
f 738//738 739//739 805//805
f 738//738 805//805 804//804
f 739//739 740//740 806//806
f 739//739 806//806 805//805
f 740//740 741//741 807//807
f 740//740 807//807 806//806
f 741//741 742//742 808//808
f 741//741 808//808 807//807
f 742//742 743//743 809//809
f 742//742 809//809 808//808
f 743//743 744//744 810//810
f 743//743 810//810 809//809
f 744//744 745//745 811//811
f 744//744 811//811 810//810
f 745//745 746//746 812//812
f 745//745 812//812 811//811
f 747//747 748//748 814//814
f 747//747 814//814 813//813
f 748//748 749//749 815//815
f 748//748 815//815 814//814
f 749//749 750//750 816//816
f 749//749 816//816 815//815
f 750//750 751//751 817//817
f 750//750 817//817 816//816
f 751//751 752//752 818//818
f 751//751 818//818 817//817
f 752//752 753//753 819//819
f 752//752 819//819 818//818
f 753//753 754//754 820//820
f 753//753 820//820 819//819
f 754//754 755//755 821//821
f 754//754 821//821 820//820
f 755//755 756//756 822//822
f 755//755 822//822 821//821
f 756//756 757//757 823//823
f 756//756 823//823 822//822
f 757//757 758//758 824//824
f 757//757 824//824 823//823
f 758//758 759//759 825//825
f 758//758 825//825 824//824
f 759//759 760//760 826//826
f 759//759 826//826 825//825
f 760//760 761//761 827//827
f 760//760 827//827 826//826
f 761//761 762//762 828//828
f 761//761 828//828 827//827
f 762//762 763//763 829//829
f 762//762 829//829 828//828
f 763//763 764//764 830//830
f 763//763 830//830 829//829
f 764//764 765//765 831//831
f 764//764 831//831 830//830
f 765//765 766//766 832//832
f 765//765 832//832 831//831
f 766//766 767//767 833//833
f 766//766 833//833 832//832
f 767//767 768//768 834//834
f 767//767 834//834 833//833
f 768//768 769//769 835//835
f 768//768 835//835 834//834
f 769//769 770//770 836//836
f 769//769 836//836 835//835
f 770//770 771//771 837//837
f 770//770 837//837 836//836
f 771//771 772//772 838//838
f 771//771 838//838 837//837
f 772//772 773//773 839//839
f 772//772 839//839 838//838
f 773//773 774//774 840//840
f 773//773 840//840 839//839
f 774//774 775//775 841//841
f 774//774 841//841 840//840
f 775//775 776//776 842//842
f 775//775 842//842 841//841
f 776//776 777//777 843//843
f 776//776 843//843 842//842
f 777//777 778//778 844//844
f 777//777 844//844 843//843
f 778//778 779//779 845//845
f 778//778 845//845 844//844
f 779//779 780//780 846//846
f 779//779 846//846 845//845
f 780//780 781//781 847//847
f 780//780 847//847 846//846
f 781//781 782//782 848//848
f 781//781 848//848 847//847
f 782//782 783//783 849//849
f 782//782 849//849 848//848
f 783//783 784//784 850//850
f 783//783 850//850 849//849
f 784//784 785//785 851//851
f 784//784 851//851 850//850
f 785//785 786//786 852//852
f 785//785 852//852 851//851
f 786//786 787//787 853//853
f 786//786 853//853 852//852
f 787//787 788//788 854//854
f 787//787 854//854 853//853
f 788//788 789//789 855//855
f 788//788 855//855 854//854
f 789//789 790//790 856//856
f 789//789 856//856 855//855
f 790//790 791//791 857//857
f 790//790 857//857 856//856
f 791//791 792//792 858//858
f 791//791 858//858 857//857
f 792//792 793//793 859//859
f 792//792 859//859 858//858
f 793//793 794//794 860//860
f 793//793 860//860 859//859
f 794//794 795//795 861//861
f 794//794 861//861 860//860
f 795//795 796//796 862//862
f 795//795 862//862 861//861
f 796//796 797//797 863//863
f 796//796 863//863 862//862
f 797//797 798//798 864//864
f 797//797 864//864 863//863
f 798//798 799//799 865//865
f 798//798 865//865 864//864
f 799//799 800//800 866//866
f 799//799 866//866 865//865
f 800//800 801//801 867//867
f 800//800 867//867 866//866
f 801//801 802//802 868//868
f 801//801 868//868 867//867
f 802//802 803//803 869//869
f 802//802 869//869 868//868
f 803//803 804//804 870//870
f 803//803 870//870 869//869
f 804//804 805//805 871//871
f 804//804 871//871 870//870
f 805//805 806//806 872//872
f 805//805 872//872 871//871
f 806//806 807//807 873//873
f 806//806 873//873 872//872
f 807//807 808//808 874//874
f 807//807 874//874 873//873
f 808//808 809//809 875//875
f 808//808 875//875 874//874
f 809//809 810//810 876//876
f 809//809 876//876 875//875
f 810//810 811//811 877//877
f 810//810 877//877 876//876
f 811//811 812//812 878//878
f 811//811 878//878 877//877
f 813//813 814//814 880//880
f 813//813 880//880 879//879
f 814//814 815//815 881//881
f 814//814 881//881 880//880
f 815//815 816//816 882//882
f 815//815 882//882 881//881
f 816//816 817//817 883//883
f 816//816 883//883 882//882
f 817//817 818//818 884//884
f 817//817 884//884 883//883
f 818//818 819//819 885//885
f 818//818 885//885 884//884
f 819//819 820//820 886//886
f 819//819 886//886 885//885
f 820//820 821//821 887//887
f 820//820 887//887 886//886
f 821//821 822//822 888//888
f 821//821 888//888 887//887
f 822//822 823//823 889//889
f 822//822 889//889 888//888
f 823//823 824//824 890//890
f 823//823 890//890 889//889
f 824//824 825//825 891//891
f 824//824 891//891 890//890
f 825//825 826//826 892//892
f 825//825 892//892 891//891
f 826//826 827//827 893//893
f 826//826 893//893 892//892
f 827//827 828//828 894//894
f 827//827 894//894 893//893
f 828//828 829//829 895//895
f 828//828 895//895 894//894
f 829//829 830//830 896//896
f 829//829 896//896 895//895
f 830//830 831//831 897//897
f 830//830 897//897 896//896
f 831//831 832//832 898//898
f 831//831 898//898 897//897
f 832//832 833//833 899//899
f 832//832 899//899 898//898
f 833//833 834//834 900//900
f 833//833 900//900 899//899
f 834//834 835//835 901//901
f 834//834 901//901 900//900
f 835//835 836//836 902//902
f 835//835 902//902 901//901
f 836//836 837//837 903//903
f 836//836 903//903 902//902
f 837//837 838//838 904//904
f 837//837 904//904 903//903
f 838//838 839//839 905//905
f 838//838 905//905 904//904
f 839//839 840//840 906//906
f 839//839 906//906 905//905
f 840//840 841//841 907//907
f 840//840 907//907 906//906
f 841//841 842//842 908//908
f 841//841 908//908 907//907
f 842//842 843//843 909//909
f 842//842 909//909 908//908
f 843//843 844//844 910//910
f 843//843 910//910 909//909
f 844//844 845//845 911//911
f 844//844 911//911 910//910
f 845//845 846//846 912//912
f 845//845 912//912 911//911
f 846//846 847//847 913//913
f 846//846 913//913 912//912
f 847//847 848//848 914//914
f 847//847 914//914 913//913
f 848//848 849//849 915//915
f 848//848 915//915 914//914
f 849//849 850//850 916//916
f 849//849 916//916 915//915
f 850//850 851//851 917//917
f 850//850 917//917 916//916
f 851//851 852//852 918//918
f 851//851 918//918 917//917
f 852//852 853//853 919//919
f 852//852 919//919 918//918
f 853//853 854//854 920//920
f 853//853 920//920 919//919
f 854//854 855//855 921//921
f 854//854 921//921 920//920
f 855//855 856//856 922//922
f 855//855 922//922 921//921
f 856//856 857//857 923//923
f 856//856 923//923 922//922
f 857//857 858//858 924//924
f 857//857 924//924 923//923
f 858//858 859//859 925//925
f 858//858 925//925 924//924
f 859//859 860//860 926//926
f 859//859 926//926 925//925
f 860//860 861//861 927//927
f 860//860 927//927 926//926
f 861//861 862//862 928//928
f 861//861 928//928 927//927
f 862//862 863//863 929//929
f 862//862 929//929 928//928
f 863//863 864//864 930//930
f 863//863 930//930 929//929
f 864//864 865//865 931//931
f 864//864 931//931 930//930
f 865//865 866//866 932//932
f 865//865 932//932 931//931
f 866//866 867//867 933//933
f 866//866 933//933 932//932
f 867//867 868//868 934//934
f 867//867 934//934 933//933
f 868//868 869//869 935//935
f 868//868 935//935 934//934
f 869//869 870//870 936//936
f 869//869 936//936 935//935
f 870//870 871//871 937//937
f 870//870 937//937 936//936
f 871//871 872//872 938//938
f 871//871 938//938 937//937
f 872//872 873//873 939//939
f 872//872 939//939 938//938
f 873//873 874//874 940//940
f 873//873 940//940 939//939
f 874//874 875//875 941//941
f 874//874 941//941 940//940
f 875//875 876//876 942//942
f 875//875 942//942 941//941
f 876//876 877//877 943//943
f 876//876 943//943 942//942
f 879//879 880//880 945//945
f 879//879 945//945 944//944
f 880//880 881//881 946//946
f 880//880 946//946 945//945
f 881//881 882//882 947//947
f 881//881 947//947 946//946
f 882//882 883//883 948//948
f 882//882 948//948 947//947
f 883//883 884//884 949//949
f 883//883 949//949 948//948
f 884//884 885//885 950//950
f 884//884 950//950 949//949
f 885//885 886//886 951//951
f 885//885 951//951 950//950
f 886//886 887//887 952//952
f 886//886 952//952 951//951
f 887//887 888//888 953//953
f 887//887 953//953 952//952
f 888//888 889//889 954//954
f 888//888 954//954 953//953
f 889//889 890//890 955//955
f 889//889 955//955 954//954
f 890//890 891//891 956//956
f 890//890 956//956 955//955
f 891//891 892//892 957//957
f 891//891 957//957 956//956
f 892//892 893//893 958//958
f 892//892 958//958 957//957
f 893//893 894//894 959//959
f 893//893 959//959 958//958
f 894//894 895//895 960//960
f 894//894 960//960 959//959
f 895//895 896//896 961//961
f 895//895 961//961 960//960
f 896//896 897//897 962//962
f 896//896 962//962 961//961
f 897//897 898//898 963//963
f 897//897 963//963 962//962
f 898//898 899//899 964//964
f 898//898 964//964 963//963
f 899//899 900//900 965//965
f 899//899 965//965 964//964
f 900//900 901//901 966//966
f 900//900 966//966 965//965
f 901//901 902//902 967//967
f 901//901 967//967 966//966
f 902//902 903//903 968//968
f 902//902 968//968 967//967
f 903//903 904//904 969//969
f 903//903 969//969 968//968
f 904//904 905//905 970//970
f 904//904 970//970 969//969
f 905//905 906//906 971//971
f 905//905 971//971 970//970
f 906//906 907//907 972//972
f 906//906 972//972 971//971
f 907//907 908//908 973//973
f 907//907 973//973 972//972
f 908//908 909//909 974//974
f 908//908 974//974 973//973
f 909//909 910//910 975//975
f 909//909 975//975 974//974
f 910//910 911//911 976//976
f 910//910 976//976 975//975
f 911//911 912//912 977//977
f 911//911 977//977 976//976
f 912//912 913//913 978//978
f 912//912 978//978 977//977
f 913//913 914//914 979//979
f 913//913 979//979 978//978
f 914//914 915//915 980//980
f 914//914 980//980 979//979
f 915//915 916//916 981//981
f 915//915 981//981 980//980
f 916//916 917//917 982//982
f 916//916 982//982 981//981
f 917//917 918//918 983//983
f 917//917 983//983 982//982
f 918//918 919//919 984//984
f 918//918 984//984 983//983
f 919//919 920//920 985//985
f 919//919 985//985 984//984
f 920//920 921//921 986//986
f 920//920 986//986 985//985
f 921//921 922//922 987//987
f 921//921 987//987 986//986
f 922//922 923//923 988//988
f 922//922 988//988 987//987
f 923//923 924//924 989//989
f 923//923 989//989 988//988
f 924//924 925//925 990//990
f 924//924 990//990 989//989
f 925//925 926//926 991//991
f 925//925 991//991 990//990
f 926//926 927//927 992//992
f 926//926 992//992 991//991
f 927//927 928//928 993//993
f 927//927 993//993 992//992
f 928//928 929//929 994//994
f 928//928 994//994 993//993
f 929//929 930//930 995//995
f 929//929 995//995 994//994
f 930//930 931//931 996//996
f 930//930 996//996 995//995
f 931//931 932//932 997//997
f 931//931 997//997 996//996
f 932//932 933//933 998//998
f 932//932 998//998 997//997
f 933//933 934//934 999//999
f 933//933 999//999 998//998
f 934//934 935//935 1000//1000
f 934//934 1000//1000 999//999
f 935//935 936//936 1001//1001
f 935//935 1001//1001 1000//1000
f 936//936 937//937 1002//1002
f 936//936 1002//1002 1001//1001
f 937//937 938//938 1003//1003
f 937//937 1003//1003 1002//1002
f 938//938 939//939 1004//1004
f 938//938 1004//1004 1003//1003
f 939//939 940//940 1005//1005
f 939//939 1005//1005 1004//1004
f 940//940 941//941 1006//1006
f 940//940 1006//1006 1005//1005
f 941//941 942//942 1007//1007
f 941//941 1007//1007 1006//1006
f 942//942 943//943 1008//1008
f 942//942 1008//1008 1007//1007
f 944//944 945//945 1011//1011
f 944//944 1011//1011 1010//1010
f 945//945 946//946 1012//1012
f 945//945 1012//1012 1011//1011
f 946//946 947//947 1013//1013
f 946//946 1013//1013 1012//1012
f 947//947 948//948 1014//1014
f 947//947 1014//1014 1013//1013
f 948//948 949//949 1015//1015
f 948//948 1015//1015 1014//1014
f 949//949 950//950 1016//1016
f 949//949 1016//1016 1015//1015
f 950//950 951//951 1017//1017
f 950//950 1017//1017 1016//1016
f 951//951 952//952 1018//1018
f 951//951 1018//1018 1017//1017
f 952//952 953//953 1019//1019
f 952//952 1019//1019 1018//1018
f 953//953 954//954 1020//1020
f 953//953 1020//1020 1019//1019
f 954//954 955//955 1021//1021
f 954//954 1021//1021 1020//1020
f 955//955 956//956 1022//1022
f 955//955 1022//1022 1021//1021
f 956//956 957//957 1023//1023
f 956//956 1023//1023 1022//1022
f 957//957 958//958 1024//1024
f 957//957 1024//1024 1023//1023
f 958//958 959//959 1025//1025
f 958//958 1025//1025 1024//1024
f 959//959 960//960 1026//1026
f 959//959 1026//1026 1025//1025
f 960//960 961//961 1027//1027
f 960//960 1027//1027 1026//1026
f 961//961 962//962 1028//1028
f 961//961 1028//1028 1027//1027
f 962//962 963//963 1029//1029
f 962//962 1029//1029 1028//1028
f 963//963 964//964 1030//1030
f 963//963 1030//1030 1029//1029
f 964//964 965//965 1031//1031
f 964//964 1031//1031 1030//1030
f 965//965 966//966 1032//1032
f 965//965 1032//1032 1031//1031
f 966//966 967//967 1033//1033
f 966//966 1033//1033 1032//1032
f 967//967 968//968 1034//1034
f 967//967 1034//1034 1033//1033
f 968//968 969//969 1035//1035
f 968//968 1035//1035 1034//1034
f 969//969 970//970 1036//1036
f 969//969 1036//1036 1035//1035
f 970//970 971//971 1037//1037
f 970//970 1037//1037 1036//1036
f 971//971 972//972 1038//1038
f 971//971 1038//1038 1037//1037
f 972//972 973//973 1039//1039
f 972//972 1039//1039 1038//1038
f 973//973 974//974 1040//1040
f 973//973 1040//1040 1039//1039
f 974//974 975//975 1041//1041
f 974//974 1041//1041 1040//1040
f 975//975 976//976 1042//1042
f 975//975 1042//1042 1041//1041
f 976//976 977//977 1043//1043
f 976//976 1043//1043 1042//1042
f 977//977 978//978 1044//1044
f 977//977 1044//1044 1043//1043
f 978//978 979//979 1045//1045
f 978//978 1045//1045 1044//1044
f 979//979 980//980 1046//1046
f 979//979 1046//1046 1045//1045
f 980//980 981//981 1047//1047
f 980//980 1047//1047 1046//1046
f 981//981 982//982 1048//1048
f 981//981 1048//1048 1047//1047
f 982//982 983//983 1049//1049
f 982//982 1049//1049 1048//1048
f 983//983 984//984 1050//1050
f 983//983 1050//1050 1049//1049
f 984//984 985//985 1051//1051
f 984//984 1051//1051 1050//1050
f 985//985 986//986 1052//1052
f 985//985 1052//1052 1051//1051
f 986//986 987//987 1053//1053
f 986//986 1053//1053 1052//1052
f 987//987 988//988 1054//1054
f 987//987 1054//1054 1053//1053
f 988//988 989//989 1055//1055
f 988//988 1055//1055 1054//1054
f 989//989 990//990 1056//1056
f 989//989 1056//1056 1055//1055
f 990//990 991//991 1057//1057
f 990//990 1057//1057 1056//1056
f 991//991 992//992 1058//1058
f 991//991 1058//1058 1057//1057
f 992//992 993//993 1059//1059
f 992//992 1059//1059 1058//1058
f 993//993 994//994 1060//1060
f 993//993 1060//1060 1059//1059
f 994//994 995//995 1061//1061
f 994//994 1061//1061 1060//1060
f 995//995 996//996 1062//1062
f 995//995 1062//1062 1061//1061
f 996//996 997//997 1063//1063
f 996//996 1063//1063 1062//1062
f 997//997 998//998 1064//1064
f 997//997 1064//1064 1063//1063
f 998//998 999//999 1065//1065
f 998//998 1065//1065 1064//1064
f 999//999 1000//1000 1066//1066
f 999//999 1066//1066 1065//1065
f 1000//1000 1001//1001 1067//1067
f 1000//1000 1067//1067 1066//1066
f 1001//1001 1002//1002 1068//1068
f 1001//1001 1068//1068 1067//1067
f 1002//1002 1003//1003 1069//1069
f 1002//1002 1069//1069 1068//1068
f 1003//1003 1004//1004 1070//1070
f 1003//1003 1070//1070 1069//1069
f 1004//1004 1005//1005 1071//1071
f 1004//1004 1071//1071 1070//1070
f 1005//1005 1006//1006 1072//1072
f 1005//1005 1072//1072 1071//1071
f 1006//1006 1007//1007 1073//1073
f 1006//1006 1073//1073 1072//1072
f 1007//1007 1008//1008 1074//1074
f 1007//1007 1074//1074 1073//1073
f 1009//1009 1010//1010 1076//1076
f 1009//1009 1076//1076 1075//1075
f 1010//1010 1011//1011 1077//1077
f 1010//1010 1077//1077 1076//1076
f 1011//1011 1012//1012 1078//1078
f 1011//1011 1078//1078 1077//1077
f 1012//1012 1013//1013 1079//1079
f 1012//1012 1079//1079 1078//1078
f 1013//1013 1014//1014 1080//1080
f 1013//1013 1080//1080 1079//1079
f 1014//1014 1015//1015 1081//1081
f 1014//1014 1081//1081 1080//1080
f 1015//1015 1016//1016 1082//1082
f 1015//1015 1082//1082 1081//1081
f 1016//1016 1017//1017 1083//1083
f 1016//1016 1083//1083 1082//1082
f 1017//1017 1018//1018 1084//1084
f 1017//1017 1084//1084 1083//1083
f 1018//1018 1019//1019 1085//1085
f 1018//1018 1085//1085 1084//1084
f 1019//1019 1020//1020 1086//1086
f 1019//1019 1086//1086 1085//1085
f 1020//1020 1021//1021 1087//1087
f 1020//1020 1087//1087 1086//1086
f 1021//1021 1022//1022 1088//1088
f 1021//1021 1088//1088 1087//1087
f 1022//1022 1023//1023 1089//1089
f 1022//1022 1089//1089 1088//1088
f 1023//1023 1024//1024 1090//1090
f 1023//1023 1090//1090 1089//1089
f 1024//1024 1025//1025 1091//1091
f 1024//1024 1091//1091 1090//1090
f 1025//1025 1026//1026 1092//1092
f 1025//1025 1092//1092 1091//1091
f 1026//1026 1027//1027 1093//1093
f 1026//1026 1093//1093 1092//1092
f 1027//1027 1028//1028 1094//1094
f 1027//1027 1094//1094 1093//1093
f 1028//1028 1029//1029 1095//1095
f 1028//1028 1095//1095 1094//1094
f 1029//1029 1030//1030 1096//1096
f 1029//1029 1096//1096 1095//1095
f 1030//1030 1031//1031 1097//1097
f 1030//1030 1097//1097 1096//1096
f 1031//1031 1032//1032 1098//1098
f 1031//1031 1098//1098 1097//1097
f 1032//1032 1033//1033 1099//1099
f 1032//1032 1099//1099 1098//1098
f 1033//1033 1034//1034 1100//1100
f 1033//1033 1100//1100 1099//1099
f 1034//1034 1035//1035 1101//1101
f 1034//1034 1101//1101 1100//1100
f 1035//1035 1036//1036 1102//1102
f 1035//1035 1102//1102 1101//1101
f 1036//1036 1037//1037 1103//1103
f 1036//1036 1103//1103 1102//1102
f 1037//1037 1038//1038 1104//1104
f 1037//1037 1104//1104 1103//1103
f 1038//1038 1039//1039 1105//1105
f 1038//1038 1105//1105 1104//1104
f 1039//1039 1040//1040 1106//1106
f 1039//1039 1106//1106 1105//1105
f 1040//1040 1041//1041 1107//1107
f 1040//1040 1107//1107 1106//1106
f 1041//1041 1042//1042 1108//1108
f 1041//1041 1108//1108 1107//1107
f 1042//1042 1043//1043 1109//1109
f 1042//1042 1109//1109 1108//1108
f 1043//1043 1044//1044 1110//1110
f 1043//1043 1110//1110 1109//1109
f 1044//1044 1045//1045 1111//1111
f 1044//1044 1111//1111 1110//1110
f 1045//1045 1046//1046 1112//1112
f 1045//1045 1112//1112 1111//1111
f 1046//1046 1047//1047 1113//1113
f 1046//1046 1113//1113 1112//1112
f 1047//1047 1048//1048 1114//1114
f 1047//1047 1114//1114 1113//1113
f 1048//1048 1049//1049 1115//1115
f 1048//1048 1115//1115 1114//1114
f 1049//1049 1050//1050 1116//1116
f 1049//1049 1116//1116 1115//1115
f 1050//1050 1051//1051 1117//1117
f 1050//1050 1117//1117 1116//1116
f 1051//1051 1052//1052 1118//1118
f 1051//1051 1118//1118 1117//1117
f 1052//1052 1053//1053 1119//1119
f 1052//1052 1119//1119 1118//1118
f 1053//1053 1054//1054 1120//1120
f 1053//1053 1120//1120 1119//1119
f 1054//1054 1055//1055 1121//1121
f 1054//1054 1121//1121 1120//1120
f 1055//1055 1056//1056 1122//1122
f 1055//1055 1122//1122 1121//1121
f 1056//1056 1057//1057 1123//1123
f 1056//1056 1123//1123 1122//1122
f 1057//1057 1058//1058 1124//1124
f 1057//1057 1124//1124 1123//1123
f 1058//1058 1059//1059 1125//1125
f 1058//1058 1125//1125 1124//1124
f 1059//1059 1060//1060 1126//1126
f 1059//1059 1126//1126 1125//1125
f 1060//1060 1061//1061 1127//1127
f 1060//1060 1127//1127 1126//1126
f 1061//1061 1062//1062 1128//1128
f 1061//1061 1128//1128 1127//1127
f 1062//1062 1063//1063 1129//1129
f 1062//1062 1129//1129 1128//1128
f 1063//1063 1064//1064 1130//1130
f 1063//1063 1130//1130 1129//1129
f 1064//1064 1065//1065 1131//1131
f 1064//1064 1131//1131 1130//1130
f 1065//1065 1066//1066 1132//1132
f 1065//1065 1132//1132 1131//1131
f 1066//1066 1067//1067 1133//1133
f 1066//1066 1133//1133 1132//1132
f 1067//1067 1068//1068 1134//1134
f 1067//1067 1134//1134 1133//1133
f 1068//1068 1069//1069 1135//1135
f 1068//1068 1135//1135 1134//1134
f 1069//1069 1070//1070 1136//1136
f 1069//1069 1136//1136 1135//1135
f 1070//1070 1071//1071 1137//1137
f 1070//1070 1137//1137 1136//1136
f 1071//1071 1072//1072 1138//1138
f 1071//1071 1138//1138 1137//1137
f 1072//1072 1073//1073 1139//1139
f 1072//1072 1139//1139 1138//1138
f 1073//1073 1074//1074 1140//1140
f 1073//1073 1140//1140 1139//1139
f 1075//1075 1076//1076 1142//1142
f 1075//1075 1142//1142 1141//1141
f 1076//1076 1077//1077 1143//1143
f 1076//1076 1143//1143 1142//1142
f 1077//1077 1078//1078 1144//1144
f 1077//1077 1144//1144 1143//1143
f 1078//1078 1079//1079 1145//1145
f 1078//1078 1145//1145 1144//1144
f 1079//1079 1080//1080 1146//1146
f 1079//1079 1146//1146 1145//1145
f 1080//1080 1081//1081 1147//1147
f 1080//1080 1147//1147 1146//1146
f 1081//1081 1082//1082 1148//1148
f 1081//1081 1148//1148 1147//1147
f 1082//1082 1083//1083 1149//1149
f 1082//1082 1149//1149 1148//1148
f 1083//1083 1084//1084 1150//1150
f 1083//1083 1150//1150 1149//1149
f 1084//1084 1085//1085 1151//1151
f 1084//1084 1151//1151 1150//1150
f 1085//1085 1086//1086 1152//1152
f 1085//1085 1152//1152 1151//1151
f 1086//1086 1087//1087 1153//1153
f 1086//1086 1153//1153 1152//1152
f 1087//1087 1088//1088 1154//1154
f 1087//1087 1154//1154 1153//1153
f 1088//1088 1089//1089 1155//1155
f 1088//1088 1155//1155 1154//1154
f 1089//1089 1090//1090 1156//1156
f 1089//1089 1156//1156 1155//1155
f 1090//1090 1091//1091 1157//1157
f 1090//1090 1157//1157 1156//1156
f 1091//1091 1092//1092 1158//1158
f 1091//1091 1158//1158 1157//1157
f 1092//1092 1093//1093 1159//1159
f 1092//1092 1159//1159 1158//1158
f 1093//1093 1094//1094 1160//1160
f 1093//1093 1160//1160 1159//1159
f 1094//1094 1095//1095 1161//1161
f 1094//1094 1161//1161 1160//1160
f 1095//1095 1096//1096 1162//1162
f 1095//1095 1162//1162 1161//1161
f 1096//1096 1097//1097 1163//1163
f 1096//1096 1163//1163 1162//1162
f 1097//1097 1098//1098 1164//1164
f 1097//1097 1164//1164 1163//1163
f 1098//1098 1099//1099 1165//1165
f 1098//1098 1165//1165 1164//1164
f 1099//1099 1100//1100 1166//1166
f 1099//1099 1166//1166 1165//1165
f 1100//1100 1101//1101 1167//1167
f 1100//1100 1167//1167 1166//1166
f 1101//1101 1102//1102 1168//1168
f 1101//1101 1168//1168 1167//1167
f 1102//1102 1103//1103 1169//1169
f 1102//1102 1169//1169 1168//1168
f 1103//1103 1104//1104 1170//1170
f 1103//1103 1170//1170 1169//1169
f 1104//1104 1105//1105 1171//1171
f 1104//1104 1171//1171 1170//1170
f 1105//1105 1106//1106 1172//1172
f 1105//1105 1172//1172 1171//1171
f 1106//1106 1107//1107 1173//1173
f 1106//1106 1173//1173 1172//1172
f 1107//1107 1108//1108 1174//1174
f 1107//1107 1174//1174 1173//1173
f 1108//1108 1109//1109 1175//1175
f 1108//1108 1175//1175 1174//1174
f 1109//1109 1110//1110 1176//1176
f 1109//1109 1176//1176 1175//1175
f 1110//1110 1111//1111 1177//1177
f 1110//1110 1177//1177 1176//1176
f 1111//1111 1112//1112 1178//1178
f 1111//1111 1178//1178 1177//1177
f 1112//1112 1113//1113 1179//1179
f 1112//1112 1179//1179 1178//1178
f 1113//1113 1114//1114 1180//1180
f 1113//1113 1180//1180 1179//1179
f 1114//1114 1115//1115 1181//1181
f 1114//1114 1181//1181 1180//1180
f 1115//1115 1116//1116 1182//1182
f 1115//1115 1182//1182 1181//1181
f 1116//1116 1117//1117 1183//1183
f 1116//1116 1183//1183 1182//1182
f 1117//1117 1118//1118 1184//1184
f 1117//1117 1184//1184 1183//1183
f 1118//1118 1119//1119 1185//1185
f 1118//1118 1185//1185 1184//1184
f 1119//1119 1120//1120 1186//1186
f 1119//1119 1186//1186 1185//1185
f 1120//1120 1121//1121 1187//1187
f 1120//1120 1187//1187 1186//1186
f 1121//1121 1122//1122 1188//1188
f 1121//1121 1188//1188 1187//1187
f 1122//1122 1123//1123 1189//1189
f 1122//1122 1189//1189 1188//1188
f 1123//1123 1124//1124 1190//1190
f 1123//1123 1190//1190 1189//1189
f 1124//1124 1125//1125 1191//1191
f 1124//1124 1191//1191 1190//1190
f 1125//1125 1126//1126 1192//1192
f 1125//1125 1192//1192 1191//1191
f 1126//1126 1127//1127 1193//1193
f 1126//1126 1193//1193 1192//1192
f 1127//1127 1128//1128 1194//1194
f 1127//1127 1194//1194 1193//1193
f 1128//1128 1129//1129 1195//1195
f 1128//1128 1195//1195 1194//1194
f 1129//1129 1130//1130 1196//1196
f 1129//1129 1196//1196 1195//1195
f 1130//1130 1131//1131 1197//1197
f 1130//1130 1197//1197 1196//1196
f 1131//1131 1132//1132 1198//1198
f 1131//1131 1198//1198 1197//1197
f 1132//1132 1133//1133 1199//1199
f 1132//1132 1199//1199 1198//1198
f 1133//1133 1134//1134 1200//1200
f 1133//1133 1200//1200 1199//1199
f 1134//1134 1135//1135 1201//1201
f 1134//1134 1201//1201 1200//1200
f 1135//1135 1136//1136 1202//1202
f 1135//1135 1202//1202 1201//1201
f 1136//1136 1137//1137 1203//1203
f 1136//1136 1203//1203 1202//1202
f 1137//1137 1138//1138 1204//1204
f 1137//1137 1204//1204 1203//1203
f 1138//1138 1139//1139 1205//1205
f 1138//1138 1205//1205 1204//1204
f 1139//1139 1140//1140 1206//1206
f 1139//1139 1206//1206 1205//1205
f 1141//1141 1142//1142 1208//1208
f 1141//1141 1208//1208 1207//1207
f 1142//1142 1143//1143 1209//1209
f 1142//1142 1209//1209 1208//1208
f 1143//1143 1144//1144 1210//1210
f 1143//1143 1210//1210 1209//1209
f 1144//1144 1145//1145 1211//1211
f 1144//1144 1211//1211 1210//1210
f 1145//1145 1146//1146 1212//1212
f 1145//1145 1212//1212 1211//1211
f 1146//1146 1147//1147 1213//1213
f 1146//1146 1213//1213 1212//1212
f 1147//1147 1148//1148 1214//1214
f 1147//1147 1214//1214 1213//1213
f 1148//1148 1149//1149 1215//1215
f 1148//1148 1215//1215 1214//1214
f 1149//1149 1150//1150 1216//1216
f 1149//1149 1216//1216 1215//1215
f 1150//1150 1151//1151 1217//1217
f 1150//1150 1217//1217 1216//1216
f 1151//1151 1152//1152 1218//1218
f 1151//1151 1218//1218 1217//1217
f 1152//1152 1153//1153 1219//1219
f 1152//1152 1219//1219 1218//1218
f 1153//1153 1154//1154 1220//1220
f 1153//1153 1220//1220 1219//1219
f 1154//1154 1155//1155 1221//1221
f 1154//1154 1221//1221 1220//1220
f 1155//1155 1156//1156 1222//1222
f 1155//1155 1222//1222 1221//1221
f 1156//1156 1157//1157 1223//1223
f 1156//1156 1223//1223 1222//1222
f 1157//1157 1158//1158 1224//1224
f 1157//1157 1224//1224 1223//1223
f 1158//1158 1159//1159 1225//1225
f 1158//1158 1225//1225 1224//1224
f 1159//1159 1160//1160 1226//1226
f 1159//1159 1226//1226 1225//1225
f 1160//1160 1161//1161 1227//1227
f 1160//1160 1227//1227 1226//1226
f 1161//1161 1162//1162 1228//1228
f 1161//1161 1228//1228 1227//1227
f 1162//1162 1163//1163 1229//1229
f 1162//1162 1229//1229 1228//1228
f 1163//1163 1164//1164 1230//1230
f 1163//1163 1230//1230 1229//1229
f 1164//1164 1165//1165 1231//1231
f 1164//1164 1231//1231 1230//1230
f 1165//1165 1166//1166 1232//1232
f 1165//1165 1232//1232 1231//1231
f 1166//1166 1167//1167 1233//1233
f 1166//1166 1233//1233 1232//1232
f 1167//1167 1168//1168 1234//1234
f 1167//1167 1234//1234 1233//1233
f 1168//1168 1169//1169 1235//1235
f 1168//1168 1235//1235 1234//1234
f 1169//1169 1170//1170 1236//1236
f 1169//1169 1236//1236 1235//1235
f 1170//1170 1171//1171 1237//1237
f 1170//1170 1237//1237 1236//1236
f 1171//1171 1172//1172 1238//1238
f 1171//1171 1238//1238 1237//1237
f 1172//1172 1173//1173 1239//1239
f 1172//1172 1239//1239 1238//1238
f 1173//1173 1174//1174 1240//1240
f 1173//1173 1240//1240 1239//1239
f 1174//1174 1175//1175 1241//1241
f 1174//1174 1241//1241 1240//1240
f 1175//1175 1176//1176 1242//1242
f 1175//1175 1242//1242 1241//1241
f 1176//1176 1177//1177 1243//1243
f 1176//1176 1243//1243 1242//1242
f 1177//1177 1178//1178 1244//1244
f 1177//1177 1244//1244 1243//1243
f 1178//1178 1179//1179 1245//1245
f 1178//1178 1245//1245 1244//1244
f 1179//1179 1180//1180 1246//1246
f 1179//1179 1246//1246 1245//1245
f 1180//1180 1181//1181 1247//1247
f 1180//1180 1247//1247 1246//1246
f 1181//1181 1182//1182 1248//1248
f 1181//1181 1248//1248 1247//1247
f 1182//1182 1183//1183 1249//1249
f 1182//1182 1249//1249 1248//1248
f 1183//1183 1184//1184 1250//1250
f 1183//1183 1250//1250 1249//1249
f 1184//1184 1185//1185 1251//1251
f 1184//1184 1251//1251 1250//1250
f 1185//1185 1186//1186 1252//1252
f 1185//1185 1252//1252 1251//1251
f 1186//1186 1187//1187 1253//1253
f 1186//1186 1253//1253 1252//1252
f 1187//1187 1188//1188 1254//1254
f 1187//1187 1254//1254 1253//1253
f 1188//1188 1189//1189 1255//1255
f 1188//1188 1255//1255 1254//1254
f 1189//1189 1190//1190 1256//1256
f 1189//1189 1256//1256 1255//1255
f 1190//1190 1191//1191 1257//1257
f 1190//1190 1257//1257 1256//1256
f 1191//1191 1192//1192 1258//1258
f 1191//1191 1258//1258 1257//1257
f 1192//1192 1193//1193 1259//1259
f 1192//1192 1259//1259 1258//1258
f 1193//1193 1194//1194 1260//1260
f 1193//1193 1260//1260 1259//1259
f 1194//1194 1195//1195 1261//1261
f 1194//1194 1261//1261 1260//1260
f 1195//1195 1196//1196 1262//1262
f 1195//1195 1262//1262 1261//1261
f 1196//1196 1197//1197 1263//1263
f 1196//1196 1263//1263 1262//1262
f 1197//1197 1198//1198 1264//1264
f 1197//1197 1264//1264 1263//1263
f 1198//1198 1199//1199 1265//1265
f 1198//1198 1265//1265 1264//1264
f 1199//1199 1200//1200 1266//1266
f 1199//1199 1266//1266 1265//1265
f 1200//1200 1201//1201 1267//1267
f 1200//1200 1267//1267 1266//1266
f 1201//1201 1202//1202 1268//1268
f 1201//1201 1268//1268 1267//1267
f 1202//1202 1203//1203 1269//1269
f 1202//1202 1269//1269 1268//1268
f 1203//1203 1204//1204 1270//1270
f 1203//1203 1270//1270 1269//1269
f 1204//1204 1205//1205 1271//1271
f 1204//1204 1271//1271 1270//1270
f 1207//1207 1208//1208 1273//1273
f 1207//1207 1273//1273 1272//1272
f 1208//1208 1209//1209 1274//1274
f 1208//1208 1274//1274 1273//1273
f 1209//1209 1210//1210 1275//1275
f 1209//1209 1275//1275 1274//1274
f 1210//1210 1211//1211 1276//1276
f 1210//1210 1276//1276 1275//1275
f 1211//1211 1212//1212 1277//1277
f 1211//1211 1277//1277 1276//1276
f 1212//1212 1213//1213 1278//1278
f 1212//1212 1278//1278 1277//1277
f 1213//1213 1214//1214 1279//1279
f 1213//1213 1279//1279 1278//1278
f 1214//1214 1215//1215 1280//1280
f 1214//1214 1280//1280 1279//1279
f 1215//1215 1216//1216 1281//1281
f 1215//1215 1281//1281 1280//1280
f 1216//1216 1217//1217 1282//1282
f 1216//1216 1282//1282 1281//1281
f 1217//1217 1218//1218 1283//1283
f 1217//1217 1283//1283 1282//1282
f 1218//1218 1219//1219 1284//1284
f 1218//1218 1284//1284 1283//1283
f 1219//1219 1220//1220 1285//1285
f 1219//1219 1285//1285 1284//1284
f 1220//1220 1221//1221 1286//1286
f 1220//1220 1286//1286 1285//1285
f 1221//1221 1222//1222 1287//1287
f 1221//1221 1287//1287 1286//1286
f 1222//1222 1223//1223 1288//1288
f 1222//1222 1288//1288 1287//1287
f 1223//1223 1224//1224 1289//1289
f 1223//1223 1289//1289 1288//1288
f 1224//1224 1225//1225 1290//1290
f 1224//1224 1290//1290 1289//1289
f 1225//1225 1226//1226 1291//1291
f 1225//1225 1291//1291 1290//1290
f 1226//1226 1227//1227 1292//1292
f 1226//1226 1292//1292 1291//1291
f 1227//1227 1228//1228 1293//1293
f 1227//1227 1293//1293 1292//1292
f 1228//1228 1229//1229 1294//1294
f 1228//1228 1294//1294 1293//1293
f 1229//1229 1230//1230 1295//1295
f 1229//1229 1295//1295 1294//1294
f 1230//1230 1231//1231 1296//1296
f 1230//1230 1296//1296 1295//1295
f 1231//1231 1232//1232 1297//1297
f 1231//1231 1297//1297 1296//1296
f 1232//1232 1233//1233 1298//1298
f 1232//1232 1298//1298 1297//1297
f 1233//1233 1234//1234 1299//1299
f 1233//1233 1299//1299 1298//1298
f 1234//1234 1235//1235 1300//1300
f 1234//1234 1300//1300 1299//1299
f 1235//1235 1236//1236 1301//1301
f 1235//1235 1301//1301 1300//1300
f 1236//1236 1237//1237 1302//1302
f 1236//1236 1302//1302 1301//1301
f 1237//1237 1238//1238 1303//1303
f 1237//1237 1303//1303 1302//1302
f 1238//1238 1239//1239 1304//1304
f 1238//1238 1304//1304 1303//1303
f 1239//1239 1240//1240 1305//1305
f 1239//1239 1305//1305 1304//1304
f 1240//1240 1241//1241 1306//1306
f 1240//1240 1306//1306 1305//1305
f 1241//1241 1242//1242 1307//1307
f 1241//1241 1307//1307 1306//1306
f 1242//1242 1243//1243 1308//1308
f 1242//1242 1308//1308 1307//1307
f 1243//1243 1244//1244 1309//1309
f 1243//1243 1309//1309 1308//1308
f 1244//1244 1245//1245 1310//1310
f 1244//1244 1310//1310 1309//1309
f 1245//1245 1246//1246 1311//1311
f 1245//1245 1311//1311 1310//1310
f 1246//1246 1247//1247 1312//1312
f 1246//1246 1312//1312 1311//1311
f 1247//1247 1248//1248 1313//1313
f 1247//1247 1313//1313 1312//1312
f 1248//1248 1249//1249 1314//1314
f 1248//1248 1314//1314 1313//1313
f 1249//1249 1250//1250 1315//1315
f 1249//1249 1315//1315 1314//1314
f 1250//1250 1251//1251 1316//1316
f 1250//1250 1316//1316 1315//1315
f 1251//1251 1252//1252 1317//1317
f 1251//1251 1317//1317 1316//1316
f 1252//1252 1253//1253 1318//1318
f 1252//1252 1318//1318 1317//1317
f 1253//1253 1254//1254 1319//1319
f 1253//1253 1319//1319 1318//1318
f 1254//1254 1255//1255 1320//1320
f 1254//1254 1320//1320 1319//1319
f 1255//1255 1256//1256 1321//1321
f 1255//1255 1321//1321 1320//1320
f 1256//1256 1257//1257 1322//1322
f 1256//1256 1322//1322 1321//1321
f 1257//1257 1258//1258 1323//1323
f 1257//1257 1323//1323 1322//1322
f 1258//1258 1259//1259 1324//1324
f 1258//1258 1324//1324 1323//1323
f 1259//1259 1260//1260 1325//1325
f 1259//1259 1325//1325 1324//1324
f 1260//1260 1261//1261 1326//1326
f 1260//1260 1326//1326 1325//1325
f 1261//1261 1262//1262 1327//1327
f 1261//1261 1327//1327 1326//1326
f 1262//1262 1263//1263 1328//1328
f 1262//1262 1328//1328 1327//1327
f 1263//1263 1264//1264 1329//1329
f 1263//1263 1329//1329 1328//1328
f 1264//1264 1265//1265 1330//1330
f 1264//1264 1330//1330 1329//1329
f 1265//1265 1266//1266 1331//1331
f 1265//1265 1331//1331 1330//1330
f 1266//1266 1267//1267 1332//1332
f 1266//1266 1332//1332 1331//1331
f 1267//1267 1268//1268 1333//1333
f 1267//1267 1333//1333 1332//1332
f 1268//1268 1269//1269 1334//1334
f 1268//1268 1334//1334 1333//1333
f 1269//1269 1270//1270 1335//1335
f 1269//1269 1335//1335 1334//1334
f 1270//1270 1271//1271 1336//1336
f 1270//1270 1336//1336 1335//1335
f 1272//1272 1273//1273 1339//1339
f 1272//1272 1339//1339 1338//1338
f 1273//1273 1274//1274 1340//1340
f 1273//1273 1340//1340 1339//1339
f 1274//1274 1275//1275 1341//1341
f 1274//1274 1341//1341 1340//1340
f 1275//1275 1276//1276 1342//1342
f 1275//1275 1342//1342 1341//1341
f 1276//1276 1277//1277 1343//1343
f 1276//1276 1343//1343 1342//1342
f 1277//1277 1278//1278 1344//1344
f 1277//1277 1344//1344 1343//1343
f 1278//1278 1279//1279 1345//1345
f 1278//1278 1345//1345 1344//1344
f 1279//1279 1280//1280 1346//1346
f 1279//1279 1346//1346 1345//1345
f 1280//1280 1281//1281 1347//1347
f 1280//1280 1347//1347 1346//1346
f 1281//1281 1282//1282 1348//1348
f 1281//1281 1348//1348 1347//1347
f 1282//1282 1283//1283 1349//1349
f 1282//1282 1349//1349 1348//1348
f 1283//1283 1284//1284 1350//1350
f 1283//1283 1350//1350 1349//1349
f 1284//1284 1285//1285 1351//1351
f 1284//1284 1351//1351 1350//1350
f 1285//1285 1286//1286 1352//1352
f 1285//1285 1352//1352 1351//1351
f 1286//1286 1287//1287 1353//1353
f 1286//1286 1353//1353 1352//1352
f 1287//1287 1288//1288 1354//1354
f 1287//1287 1354//1354 1353//1353
f 1288//1288 1289//1289 1355//1355
f 1288//1288 1355//1355 1354//1354
f 1289//1289 1290//1290 1356//1356
f 1289//1289 1356//1356 1355//1355
f 1290//1290 1291//1291 1357//1357
f 1290//1290 1357//1357 1356//1356
f 1291//1291 1292//1292 1358//1358
f 1291//1291 1358//1358 1357//1357
f 1292//1292 1293//1293 1359//1359
f 1292//1292 1359//1359 1358//1358
f 1293//1293 1294//1294 1360//1360
f 1293//1293 1360//1360 1359//1359
f 1294//1294 1295//1295 1361//1361
f 1294//1294 1361//1361 1360//1360
f 1295//1295 1296//1296 1362//1362
f 1295//1295 1362//1362 1361//1361
f 1296//1296 1297//1297 1363//1363
f 1296//1296 1363//1363 1362//1362
f 1297//1297 1298//1298 1364//1364
f 1297//1297 1364//1364 1363//1363
f 1298//1298 1299//1299 1365//1365
f 1298//1298 1365//1365 1364//1364
f 1299//1299 1300//1300 1366//1366
f 1299//1299 1366//1366 1365//1365
f 1300//1300 1301//1301 1367//1367
f 1300//1300 1367//1367 1366//1366
f 1301//1301 1302//1302 1368//1368
f 1301//1301 1368//1368 1367//1367
f 1302//1302 1303//1303 1369//1369
f 1302//1302 1369//1369 1368//1368
f 1303//1303 1304//1304 1370//1370
f 1303//1303 1370//1370 1369//1369
f 1304//1304 1305//1305 1371//1371
f 1304//1304 1371//1371 1370//1370
f 1305//1305 1306//1306 1372//1372
f 1305//1305 1372//1372 1371//1371
f 1306//1306 1307//1307 1373//1373
f 1306//1306 1373//1373 1372//1372
f 1307//1307 1308//1308 1374//1374
f 1307//1307 1374//1374 1373//1373
f 1308//1308 1309//1309 1375//1375
f 1308//1308 1375//1375 1374//1374
f 1309//1309 1310//1310 1376//1376
f 1309//1309 1376//1376 1375//1375
f 1310//1310 1311//1311 1377//1377
f 1310//1310 1377//1377 1376//1376
f 1311//1311 1312//1312 1378//1378
f 1311//1311 1378//1378 1377//1377
f 1312//1312 1313//1313 1379//1379
f 1312//1312 1379//1379 1378//1378
f 1313//1313 1314//1314 1380//1380
f 1313//1313 1380//1380 1379//1379
f 1314//1314 1315//1315 1381//1381
f 1314//1314 1381//1381 1380//1380
f 1315//1315 1316//1316 1382//1382
f 1315//1315 1382//1382 1381//1381
f 1316//1316 1317//1317 1383//1383
f 1316//1316 1383//1383 1382//1382
f 1317//1317 1318//1318 1384//1384
f 1317//1317 1384//1384 1383//1383
f 1318//1318 1319//1319 1385//1385
f 1318//1318 1385//1385 1384//1384
f 1319//1319 1320//1320 1386//1386
f 1319//1319 1386//1386 1385//1385
f 1320//1320 1321//1321 1387//1387
f 1320//1320 1387//1387 1386//1386
f 1321//1321 1322//1322 1388//1388
f 1321//1321 1388//1388 1387//1387
f 1322//1322 1323//1323 1389//1389
f 1322//1322 1389//1389 1388//1388
f 1323//1323 1324//1324 1390//1390
f 1323//1323 1390//1390 1389//1389
f 1324//1324 1325//1325 1391//1391
f 1324//1324 1391//1391 1390//1390
f 1325//1325 1326//1326 1392//1392
f 1325//1325 1392//1392 1391//1391
f 1326//1326 1327//1327 1393//1393
f 1326//1326 1393//1393 1392//1392
f 1327//1327 1328//1328 1394//1394
f 1327//1327 1394//1394 1393//1393
f 1328//1328 1329//1329 1395//1395
f 1328//1328 1395//1395 1394//1394
f 1329//1329 1330//1330 1396//1396
f 1329//1329 1396//1396 1395//1395
f 1330//1330 1331//1331 1397//1397
f 1330//1330 1397//1397 1396//1396
f 1331//1331 1332//1332 1398//1398
f 1331//1331 1398//1398 1397//1397
f 1332//1332 1333//1333 1399//1399
f 1332//1332 1399//1399 1398//1398
f 1333//1333 1334//1334 1400//1400
f 1333//1333 1400//1400 1399//1399
f 1334//1334 1335//1335 1401//1401
f 1334//1334 1401//1401 1400//1400
f 1335//1335 1336//1336 1402//1402
f 1335//1335 1402//1402 1401//1401
f 1337//1337 1338//1338 1404//1404
f 1337//1337 1404//1404 1403//1403
f 1338//1338 1339//1339 1405//1405
f 1338//1338 1405//1405 1404//1404
f 1339//1339 1340//1340 1406//1406
f 1339//1339 1406//1406 1405//1405
f 1340//1340 1341//1341 1407//1407
f 1340//1340 1407//1407 1406//1406
f 1341//1341 1342//1342 1408//1408
f 1341//1341 1408//1408 1407//1407
f 1342//1342 1343//1343 1409//1409
f 1342//1342 1409//1409 1408//1408
f 1343//1343 1344//1344 1410//1410
f 1343//1343 1410//1410 1409//1409
f 1344//1344 1345//1345 1411//1411
f 1344//1344 1411//1411 1410//1410
f 1345//1345 1346//1346 1412//1412
f 1345//1345 1412//1412 1411//1411
f 1346//1346 1347//1347 1413//1413
f 1346//1346 1413//1413 1412//1412
f 1347//1347 1348//1348 1414//1414
f 1347//1347 1414//1414 1413//1413
f 1348//1348 1349//1349 1415//1415
f 1348//1348 1415//1415 1414//1414
f 1349//1349 1350//1350 1416//1416
f 1349//1349 1416//1416 1415//1415
f 1350//1350 1351//1351 1417//1417
f 1350//1350 1417//1417 1416//1416
f 1351//1351 1352//1352 1418//1418
f 1351//1351 1418//1418 1417//1417
f 1352//1352 1353//1353 1419//1419
f 1352//1352 1419//1419 1418//1418
f 1353//1353 1354//1354 1420//1420
f 1353//1353 1420//1420 1419//1419
f 1354//1354 1355//1355 1421//1421
f 1354//1354 1421//1421 1420//1420
f 1355//1355 1356//1356 1422//1422
f 1355//1355 1422//1422 1421//1421
f 1356//1356 1357//1357 1423//1423
f 1356//1356 1423//1423 1422//1422
f 1357//1357 1358//1358 1424//1424
f 1357//1357 1424//1424 1423//1423
f 1358//1358 1359//1359 1425//1425
f 1358//1358 1425//1425 1424//1424
f 1359//1359 1360//1360 1426//1426
f 1359//1359 1426//1426 1425//1425
f 1360//1360 1361//1361 1427//1427
f 1360//1360 1427//1427 1426//1426
f 1361//1361 1362//1362 1428//1428
f 1361//1361 1428//1428 1427//1427
f 1362//1362 1363//1363 1429//1429
f 1362//1362 1429//1429 1428//1428
f 1363//1363 1364//1364 1430//1430
f 1363//1363 1430//1430 1429//1429
f 1364//1364 1365//1365 1431//1431
f 1364//1364 1431//1431 1430//1430
f 1365//1365 1366//1366 1432//1432
f 1365//1365 1432//1432 1431//1431
f 1366//1366 1367//1367 1433//1433
f 1366//1366 1433//1433 1432//1432
f 1367//1367 1368//1368 1434//1434
f 1367//1367 1434//1434 1433//1433
f 1368//1368 1369//1369 1435//1435
f 1368//1368 1435//1435 1434//1434
f 1369//1369 1370//1370 1436//1436
f 1369//1369 1436//1436 1435//1435
f 1370//1370 1371//1371 1437//1437
f 1370//1370 1437//1437 1436//1436
f 1371//1371 1372//1372 1438//1438
f 1371//1371 1438//1438 1437//1437
f 1372//1372 1373//1373 1439//1439
f 1372//1372 1439//1439 1438//1438
f 1373//1373 1374//1374 1440//1440
f 1373//1373 1440//1440 1439//1439
f 1374//1374 1375//1375 1441//1441
f 1374//1374 1441//1441 1440//1440
f 1375//1375 1376//1376 1442//1442
f 1375//1375 1442//1442 1441//1441
f 1376//1376 1377//1377 1443//1443
f 1376//1376 1443//1443 1442//1442
f 1377//1377 1378//1378 1444//1444
f 1377//1377 1444//1444 1443//1443
f 1378//1378 1379//1379 1445//1445
f 1378//1378 1445//1445 1444//1444
f 1379//1379 1380//1380 1446//1446
f 1379//1379 1446//1446 1445//1445
f 1380//1380 1381//1381 1447//1447
f 1380//1380 1447//1447 1446//1446
f 1381//1381 1382//1382 1448//1448
f 1381//1381 1448//1448 1447//1447
f 1382//1382 1383//1383 1449//1449
f 1382//1382 1449//1449 1448//1448
f 1383//1383 1384//1384 1450//1450
f 1383//1383 1450//1450 1449//1449
f 1384//1384 1385//1385 1451//1451
f 1384//1384 1451//1451 1450//1450
f 1385//1385 1386//1386 1452//1452
f 1385//1385 1452//1452 1451//1451
f 1386//1386 1387//1387 1453//1453
f 1386//1386 1453//1453 1452//1452
f 1387//1387 1388//1388 1454//1454
f 1387//1387 1454//1454 1453//1453
f 1388//1388 1389//1389 1455//1455
f 1388//1388 1455//1455 1454//1454
f 1389//1389 1390//1390 1456//1456
f 1389//1389 1456//1456 1455//1455
f 1390//1390 1391//1391 1457//1457
f 1390//1390 1457//1457 1456//1456
f 1391//1391 1392//1392 1458//1458
f 1391//1391 1458//1458 1457//1457
f 1392//1392 1393//1393 1459//1459
f 1392//1392 1459//1459 1458//1458
f 1393//1393 1394//1394 1460//1460
f 1393//1393 1460//1460 1459//1459
f 1394//1394 1395//1395 1461//1461
f 1394//1394 1461//1461 1460//1460
f 1395//1395 1396//1396 1462//1462
f 1395//1395 1462//1462 1461//1461
f 1396//1396 1397//1397 1463//1463
f 1396//1396 1463//1463 1462//1462
f 1397//1397 1398//1398 1464//1464
f 1397//1397 1464//1464 1463//1463
f 1398//1398 1399//1399 1465//1465
f 1398//1398 1465//1465 1464//1464
f 1399//1399 1400//1400 1466//1466
f 1399//1399 1466//1466 1465//1465
f 1400//1400 1401//1401 1467//1467
f 1400//1400 1467//1467 1466//1466
f 1401//1401 1402//1402 1468//1468
f 1401//1401 1468//1468 1467//1467
f 1403//1403 1404//1404 1470//1470
f 1403//1403 1470//1470 1469//1469
f 1404//1404 1405//1405 1471//1471
f 1404//1404 1471//1471 1470//1470
f 1405//1405 1406//1406 1472//1472
f 1405//1405 1472//1472 1471//1471
f 1406//1406 1407//1407 1473//1473
f 1406//1406 1473//1473 1472//1472
f 1407//1407 1408//1408 1474//1474
f 1407//1407 1474//1474 1473//1473
f 1408//1408 1409//1409 1475//1475
f 1408//1408 1475//1475 1474//1474
f 1409//1409 1410//1410 1476//1476
f 1409//1409 1476//1476 1475//1475
f 1410//1410 1411//1411 1477//1477
f 1410//1410 1477//1477 1476//1476
f 1411//1411 1412//1412 1478//1478
f 1411//1411 1478//1478 1477//1477
f 1412//1412 1413//1413 1479//1479
f 1412//1412 1479//1479 1478//1478
f 1413//1413 1414//1414 1480//1480
f 1413//1413 1480//1480 1479//1479
f 1414//1414 1415//1415 1481//1481
f 1414//1414 1481//1481 1480//1480
f 1415//1415 1416//1416 1482//1482
f 1415//1415 1482//1482 1481//1481
f 1416//1416 1417//1417 1483//1483
f 1416//1416 1483//1483 1482//1482
f 1417//1417 1418//1418 1484//1484
f 1417//1417 1484//1484 1483//1483
f 1418//1418 1419//1419 1485//1485
f 1418//1418 1485//1485 1484//1484
f 1419//1419 1420//1420 1486//1486
f 1419//1419 1486//1486 1485//1485
f 1420//1420 1421//1421 1487//1487
f 1420//1420 1487//1487 1486//1486
f 1421//1421 1422//1422 1488//1488
f 1421//1421 1488//1488 1487//1487
f 1422//1422 1423//1423 1489//1489
f 1422//1422 1489//1489 1488//1488
f 1423//1423 1424//1424 1490//1490
f 1423//1423 1490//1490 1489//1489
f 1424//1424 1425//1425 1491//1491
f 1424//1424 1491//1491 1490//1490
f 1425//1425 1426//1426 1492//1492
f 1425//1425 1492//1492 1491//1491
f 1426//1426 1427//1427 1493//1493
f 1426//1426 1493//1493 1492//1492
f 1427//1427 1428//1428 1494//1494
f 1427//1427 1494//1494 1493//1493
f 1428//1428 1429//1429 1495//1495
f 1428//1428 1495//1495 1494//1494
f 1429//1429 1430//1430 1496//1496
f 1429//1429 1496//1496 1495//1495
f 1430//1430 1431//1431 1497//1497
f 1430//1430 1497//1497 1496//1496
f 1431//1431 1432//1432 1498//1498
f 1431//1431 1498//1498 1497//1497
f 1432//1432 1433//1433 1499//1499
f 1432//1432 1499//1499 1498//1498
f 1433//1433 1434//1434 1500//1500
f 1433//1433 1500//1500 1499//1499
f 1434//1434 1435//1435 1501//1501
f 1434//1434 1501//1501 1500//1500
f 1435//1435 1436//1436 1502//1502
f 1435//1435 1502//1502 1501//1501
f 1436//1436 1437//1437 1503//1503
f 1436//1436 1503//1503 1502//1502
f 1437//1437 1438//1438 1504//1504
f 1437//1437 1504//1504 1503//1503
f 1438//1438 1439//1439 1505//1505
f 1438//1438 1505//1505 1504//1504
f 1439//1439 1440//1440 1506//1506
f 1439//1439 1506//1506 1505//1505
f 1440//1440 1441//1441 1507//1507
f 1440//1440 1507//1507 1506//1506
f 1441//1441 1442//1442 1508//1508
f 1441//1441 1508//1508 1507//1507
f 1442//1442 1443//1443 1509//1509
f 1442//1442 1509//1509 1508//1508
f 1443//1443 1444//1444 1510//1510
f 1443//1443 1510//1510 1509//1509
f 1444//1444 1445//1445 1511//1511
f 1444//1444 1511//1511 1510//1510
f 1445//1445 1446//1446 1512//1512
f 1445//1445 1512//1512 1511//1511
f 1446//1446 1447//1447 1513//1513
f 1446//1446 1513//1513 1512//1512
f 1447//1447 1448//1448 1514//1514
f 1447//1447 1514//1514 1513//1513
f 1448//1448 1449//1449 1515//1515
f 1448//1448 1515//1515 1514//1514
f 1449//1449 1450//1450 1516//1516
f 1449//1449 1516//1516 1515//1515
f 1450//1450 1451//1451 1517//1517
f 1450//1450 1517//1517 1516//1516
f 1451//1451 1452//1452 1518//1518
f 1451//1451 1518//1518 1517//1517
f 1452//1452 1453//1453 1519//1519
f 1452//1452 1519//1519 1518//1518
f 1453//1453 1454//1454 1520//1520
f 1453//1453 1520//1520 1519//1519
f 1454//1454 1455//1455 1521//1521
f 1454//1454 1521//1521 1520//1520
f 1455//1455 1456//1456 1522//1522
f 1455//1455 1522//1522 1521//1521
f 1456//1456 1457//1457 1523//1523
f 1456//1456 1523//1523 1522//1522
f 1457//1457 1458//1458 1524//1524
f 1457//1457 1524//1524 1523//1523
f 1458//1458 1459//1459 1525//1525
f 1458//1458 1525//1525 1524//1524
f 1459//1459 1460//1460 1526//1526
f 1459//1459 1526//1526 1525//1525
f 1460//1460 1461//1461 1527//1527
f 1460//1460 1527//1527 1526//1526
f 1461//1461 1462//1462 1528//1528
f 1461//1461 1528//1528 1527//1527
f 1462//1462 1463//1463 1529//1529
f 1462//1462 1529//1529 1528//1528
f 1463//1463 1464//1464 1530//1530
f 1463//1463 1530//1530 1529//1529
f 1464//1464 1465//1465 1531//1531
f 1464//1464 1531//1531 1530//1530
f 1465//1465 1466//1466 1532//1532
f 1465//1465 1532//1532 1531//1531
f 1466//1466 1467//1467 1533//1533
f 1466//1466 1533//1533 1532//1532
f 1469//1469 1470//1470 1535//1535
f 1469//1469 1535//1535 1534//1534
f 1470//1470 1471//1471 1536//1536
f 1470//1470 1536//1536 1535//1535
f 1471//1471 1472//1472 1537//1537
f 1471//1471 1537//1537 1536//1536
f 1472//1472 1473//1473 1538//1538
f 1472//1472 1538//1538 1537//1537
f 1473//1473 1474//1474 1539//1539
f 1473//1473 1539//1539 1538//1538
f 1474//1474 1475//1475 1540//1540
f 1474//1474 1540//1540 1539//1539
f 1475//1475 1476//1476 1541//1541
f 1475//1475 1541//1541 1540//1540
f 1476//1476 1477//1477 1542//1542
f 1476//1476 1542//1542 1541//1541
f 1477//1477 1478//1478 1543//1543
f 1477//1477 1543//1543 1542//1542
f 1478//1478 1479//1479 1544//1544
f 1478//1478 1544//1544 1543//1543
f 1479//1479 1480//1480 1545//1545
f 1479//1479 1545//1545 1544//1544
f 1480//1480 1481//1481 1546//1546
f 1480//1480 1546//1546 1545//1545
f 1481//1481 1482//1482 1547//1547
f 1481//1481 1547//1547 1546//1546
f 1482//1482 1483//1483 1548//1548
f 1482//1482 1548//1548 1547//1547
f 1483//1483 1484//1484 1549//1549
f 1483//1483 1549//1549 1548//1548
f 1484//1484 1485//1485 1550//1550
f 1484//1484 1550//1550 1549//1549
f 1485//1485 1486//1486 1551//1551
f 1485//1485 1551//1551 1550//1550
f 1486//1486 1487//1487 1552//1552
f 1486//1486 1552//1552 1551//1551
f 1487//1487 1488//1488 1553//1553
f 1487//1487 1553//1553 1552//1552
f 1488//1488 1489//1489 1554//1554
f 1488//1488 1554//1554 1553//1553
f 1489//1489 1490//1490 1555//1555
f 1489//1489 1555//1555 1554//1554
f 1490//1490 1491//1491 1556//1556
f 1490//1490 1556//1556 1555//1555
f 1491//1491 1492//1492 1557//1557
f 1491//1491 1557//1557 1556//1556
f 1492//1492 1493//1493 1558//1558
f 1492//1492 1558//1558 1557//1557
f 1493//1493 1494//1494 1559//1559
f 1493//1493 1559//1559 1558//1558
f 1494//1494 1495//1495 1560//1560
f 1494//1494 1560//1560 1559//1559
f 1495//1495 1496//1496 1561//1561
f 1495//1495 1561//1561 1560//1560
f 1496//1496 1497//1497 1562//1562
f 1496//1496 1562//1562 1561//1561
f 1497//1497 1498//1498 1563//1563
f 1497//1497 1563//1563 1562//1562
f 1498//1498 1499//1499 1564//1564
f 1498//1498 1564//1564 1563//1563
f 1499//1499 1500//1500 1565//1565
f 1499//1499 1565//1565 1564//1564
f 1500//1500 1501//1501 1566//1566
f 1500//1500 1566//1566 1565//1565
f 1501//1501 1502//1502 1567//1567
f 1501//1501 1567//1567 1566//1566
f 1502//1502 1503//1503 1568//1568
f 1502//1502 1568//1568 1567//1567
f 1503//1503 1504//1504 1569//1569
f 1503//1503 1569//1569 1568//1568
f 1504//1504 1505//1505 1570//1570
f 1504//1504 1570//1570 1569//1569
f 1505//1505 1506//1506 1571//1571
f 1505//1505 1571//1571 1570//1570
f 1506//1506 1507//1507 1572//1572
f 1506//1506 1572//1572 1571//1571
f 1507//1507 1508//1508 1573//1573
f 1507//1507 1573//1573 1572//1572
f 1508//1508 1509//1509 1574//1574
f 1508//1508 1574//1574 1573//1573
f 1509//1509 1510//1510 1575//1575
f 1509//1509 1575//1575 1574//1574
f 1510//1510 1511//1511 1576//1576
f 1510//1510 1576//1576 1575//1575
f 1511//1511 1512//1512 1577//1577
f 1511//1511 1577//1577 1576//1576
f 1512//1512 1513//1513 1578//1578
f 1512//1512 1578//1578 1577//1577
f 1513//1513 1514//1514 1579//1579
f 1513//1513 1579//1579 1578//1578
f 1514//1514 1515//1515 1580//1580
f 1514//1514 1580//1580 1579//1579
f 1515//1515 1516//1516 1581//1581
f 1515//1515 1581//1581 1580//1580
f 1516//1516 1517//1517 1582//1582
f 1516//1516 1582//1582 1581//1581
f 1517//1517 1518//1518 1583//1583
f 1517//1517 1583//1583 1582//1582
f 1518//1518 1519//1519 1584//1584
f 1518//1518 1584//1584 1583//1583
f 1519//1519 1520//1520 1585//1585
f 1519//1519 1585//1585 1584//1584
f 1520//1520 1521//1521 1586//1586
f 1520//1520 1586//1586 1585//1585
f 1521//1521 1522//1522 1587//1587
f 1521//1521 1587//1587 1586//1586
f 1522//1522 1523//1523 1588//1588
f 1522//1522 1588//1588 1587//1587
f 1523//1523 1524//1524 1589//1589
f 1523//1523 1589//1589 1588//1588
f 1524//1524 1525//1525 1590//1590
f 1524//1524 1590//1590 1589//1589
f 1525//1525 1526//1526 1591//1591
f 1525//1525 1591//1591 1590//1590
f 1526//1526 1527//1527 1592//1592
f 1526//1526 1592//1592 1591//1591
f 1527//1527 1528//1528 1593//1593
f 1527//1527 1593//1593 1592//1592
f 1528//1528 1529//1529 1594//1594
f 1528//1528 1594//1594 1593//1593
f 1529//1529 1530//1530 1595//1595
f 1529//1529 1595//1595 1594//1594
f 1530//1530 1531//1531 1596//1596
f 1530//1530 1596//1596 1595//1595
f 1531//1531 1532//1532 1597//1597
f 1531//1531 1597//1597 1596//1596
f 1532//1532 1533//1533 1598//1598
f 1532//1532 1598//1598 1597//1597
f 1534//1534 1535//1535 1601//1601
f 1534//1534 1601//1601 1600//1600
f 1535//1535 1536//1536 1602//1602
f 1535//1535 1602//1602 1601//1601
f 1536//1536 1537//1537 1603//1603
f 1536//1536 1603//1603 1602//1602
f 1537//1537 1538//1538 1604//1604
f 1537//1537 1604//1604 1603//1603
f 1538//1538 1539//1539 1605//1605
f 1538//1538 1605//1605 1604//1604
f 1539//1539 1540//1540 1606//1606
f 1539//1539 1606//1606 1605//1605
f 1540//1540 1541//1541 1607//1607
f 1540//1540 1607//1607 1606//1606
f 1541//1541 1542//1542 1608//1608
f 1541//1541 1608//1608 1607//1607
f 1542//1542 1543//1543 1609//1609
f 1542//1542 1609//1609 1608//1608
f 1543//1543 1544//1544 1610//1610
f 1543//1543 1610//1610 1609//1609
f 1544//1544 1545//1545 1611//1611
f 1544//1544 1611//1611 1610//1610
f 1545//1545 1546//1546 1612//1612
f 1545//1545 1612//1612 1611//1611
f 1546//1546 1547//1547 1613//1613
f 1546//1546 1613//1613 1612//1612
f 1547//1547 1548//1548 1614//1614
f 1547//1547 1614//1614 1613//1613
f 1548//1548 1549//1549 1615//1615
f 1548//1548 1615//1615 1614//1614
f 1549//1549 1550//1550 1616//1616
f 1549//1549 1616//1616 1615//1615
f 1550//1550 1551//1551 1617//1617
f 1550//1550 1617//1617 1616//1616
f 1551//1551 1552//1552 1618//1618
f 1551//1551 1618//1618 1617//1617
f 1552//1552 1553//1553 1619//1619
f 1552//1552 1619//1619 1618//1618
f 1553//1553 1554//1554 1620//1620
f 1553//1553 1620//1620 1619//1619
f 1554//1554 1555//1555 1621//1621
f 1554//1554 1621//1621 1620//1620
f 1555//1555 1556//1556 1622//1622
f 1555//1555 1622//1622 1621//1621
f 1556//1556 1557//1557 1623//1623
f 1556//1556 1623//1623 1622//1622
f 1557//1557 1558//1558 1624//1624
f 1557//1557 1624//1624 1623//1623
f 1558//1558 1559//1559 1625//1625
f 1558//1558 1625//1625 1624//1624
f 1559//1559 1560//1560 1626//1626
f 1559//1559 1626//1626 1625//1625
f 1560//1560 1561//1561 1627//1627
f 1560//1560 1627//1627 1626//1626
f 1561//1561 1562//1562 1628//1628
f 1561//1561 1628//1628 1627//1627
f 1562//1562 1563//1563 1629//1629
f 1562//1562 1629//1629 1628//1628
f 1563//1563 1564//1564 1630//1630
f 1563//1563 1630//1630 1629//1629
f 1564//1564 1565//1565 1631//1631
f 1564//1564 1631//1631 1630//1630
f 1565//1565 1566//1566 1632//1632
f 1565//1565 1632//1632 1631//1631
f 1566//1566 1567//1567 1633//1633
f 1566//1566 1633//1633 1632//1632
f 1567//1567 1568//1568 1634//1634
f 1567//1567 1634//1634 1633//1633
f 1568//1568 1569//1569 1635//1635
f 1568//1568 1635//1635 1634//1634
f 1569//1569 1570//1570 1636//1636
f 1569//1569 1636//1636 1635//1635
f 1570//1570 1571//1571 1637//1637
f 1570//1570 1637//1637 1636//1636
f 1571//1571 1572//1572 1638//1638
f 1571//1571 1638//1638 1637//1637
f 1572//1572 1573//1573 1639//1639
f 1572//1572 1639//1639 1638//1638
f 1573//1573 1574//1574 1640//1640
f 1573//1573 1640//1640 1639//1639
f 1574//1574 1575//1575 1641//1641
f 1574//1574 1641//1641 1640//1640
f 1575//1575 1576//1576 1642//1642
f 1575//1575 1642//1642 1641//1641
f 1576//1576 1577//1577 1643//1643
f 1576//1576 1643//1643 1642//1642
f 1577//1577 1578//1578 1644//1644
f 1577//1577 1644//1644 1643//1643
f 1578//1578 1579//1579 1645//1645
f 1578//1578 1645//1645 1644//1644
f 1579//1579 1580//1580 1646//1646
f 1579//1579 1646//1646 1645//1645
f 1580//1580 1581//1581 1647//1647
f 1580//1580 1647//1647 1646//1646
f 1581//1581 1582//1582 1648//1648
f 1581//1581 1648//1648 1647//1647
f 1582//1582 1583//1583 1649//1649
f 1582//1582 1649//1649 1648//1648
f 1583//1583 1584//1584 1650//1650
f 1583//1583 1650//1650 1649//1649
f 1584//1584 1585//1585 1651//1651
f 1584//1584 1651//1651 1650//1650
f 1585//1585 1586//1586 1652//1652
f 1585//1585 1652//1652 1651//1651
f 1586//1586 1587//1587 1653//1653
f 1586//1586 1653//1653 1652//1652
f 1587//1587 1588//1588 1654//1654
f 1587//1587 1654//1654 1653//1653
f 1588//1588 1589//1589 1655//1655
f 1588//1588 1655//1655 1654//1654
f 1589//1589 1590//1590 1656//1656
f 1589//1589 1656//1656 1655//1655
f 1590//1590 1591//1591 1657//1657
f 1590//1590 1657//1657 1656//1656
f 1591//1591 1592//1592 1658//1658
f 1591//1591 1658//1658 1657//1657
f 1592//1592 1593//1593 1659//1659
f 1592//1592 1659//1659 1658//1658
f 1593//1593 1594//1594 1660//1660
f 1593//1593 1660//1660 1659//1659
f 1594//1594 1595//1595 1661//1661
f 1594//1594 1661//1661 1660//1660
f 1595//1595 1596//1596 1662//1662
f 1595//1595 1662//1662 1661//1661
f 1596//1596 1597//1597 1663//1663
f 1596//1596 1663//1663 1662//1662
f 1597//1597 1598//1598 1664//1664
f 1597//1597 1664//1664 1663//1663
f 1599//1599 1600//1600 1666//1666
f 1599//1599 1666//1666 1665//1665
f 1600//1600 1601//1601 1667//1667
f 1600//1600 1667//1667 1666//1666
f 1601//1601 1602//1602 1668//1668
f 1601//1601 1668//1668 1667//1667
f 1602//1602 1603//1603 1669//1669
f 1602//1602 1669//1669 1668//1668
f 1603//1603 1604//1604 1670//1670
f 1603//1603 1670//1670 1669//1669
f 1604//1604 1605//1605 1671//1671
f 1604//1604 1671//1671 1670//1670
f 1605//1605 1606//1606 1672//1672
f 1605//1605 1672//1672 1671//1671
f 1606//1606 1607//1607 1673//1673
f 1606//1606 1673//1673 1672//1672
f 1607//1607 1608//1608 1674//1674
f 1607//1607 1674//1674 1673//1673
f 1608//1608 1609//1609 1675//1675
f 1608//1608 1675//1675 1674//1674
f 1609//1609 1610//1610 1676//1676
f 1609//1609 1676//1676 1675//1675
f 1610//1610 1611//1611 1677//1677
f 1610//1610 1677//1677 1676//1676
f 1611//1611 1612//1612 1678//1678
f 1611//1611 1678//1678 1677//1677
f 1612//1612 1613//1613 1679//1679
f 1612//1612 1679//1679 1678//1678
f 1613//1613 1614//1614 1680//1680
f 1613//1613 1680//1680 1679//1679
f 1614//1614 1615//1615 1681//1681
f 1614//1614 1681//1681 1680//1680
f 1615//1615 1616//1616 1682//1682
f 1615//1615 1682//1682 1681//1681
f 1616//1616 1617//1617 1683//1683
f 1616//1616 1683//1683 1682//1682
f 1617//1617 1618//1618 1684//1684
f 1617//1617 1684//1684 1683//1683
f 1618//1618 1619//1619 1685//1685
f 1618//1618 1685//1685 1684//1684
f 1619//1619 1620//1620 1686//1686
f 1619//1619 1686//1686 1685//1685
f 1620//1620 1621//1621 1687//1687
f 1620//1620 1687//1687 1686//1686
f 1621//1621 1622//1622 1688//1688
f 1621//1621 1688//1688 1687//1687
f 1622//1622 1623//1623 1689//1689
f 1622//1622 1689//1689 1688//1688
f 1623//1623 1624//1624 1690//1690
f 1623//1623 1690//1690 1689//1689
f 1624//1624 1625//1625 1691//1691
f 1624//1624 1691//1691 1690//1690
f 1625//1625 1626//1626 1692//1692
f 1625//1625 1692//1692 1691//1691
f 1626//1626 1627//1627 1693//1693
f 1626//1626 1693//1693 1692//1692
f 1627//1627 1628//1628 1694//1694
f 1627//1627 1694//1694 1693//1693
f 1628//1628 1629//1629 1695//1695
f 1628//1628 1695//1695 1694//1694
f 1629//1629 1630//1630 1696//1696
f 1629//1629 1696//1696 1695//1695
f 1630//1630 1631//1631 1697//1697
f 1630//1630 1697//1697 1696//1696
f 1631//1631 1632//1632 1698//1698
f 1631//1631 1698//1698 1697//1697
f 1632//1632 1633//1633 1699//1699
f 1632//1632 1699//1699 1698//1698
f 1633//1633 1634//1634 1700//1700
f 1633//1633 1700//1700 1699//1699
f 1634//1634 1635//1635 1701//1701
f 1634//1634 1701//1701 1700//1700
f 1635//1635 1636//1636 1702//1702
f 1635//1635 1702//1702 1701//1701
f 1636//1636 1637//1637 1703//1703
f 1636//1636 1703//1703 1702//1702
f 1637//1637 1638//1638 1704//1704
f 1637//1637 1704//1704 1703//1703
f 1638//1638 1639//1639 1705//1705
f 1638//1638 1705//1705 1704//1704
f 1639//1639 1640//1640 1706//1706
f 1639//1639 1706//1706 1705//1705
f 1640//1640 1641//1641 1707//1707
f 1640//1640 1707//1707 1706//1706
f 1641//1641 1642//1642 1708//1708
f 1641//1641 1708//1708 1707//1707
f 1642//1642 1643//1643 1709//1709
f 1642//1642 1709//1709 1708//1708
f 1643//1643 1644//1644 1710//1710
f 1643//1643 1710//1710 1709//1709
f 1644//1644 1645//1645 1711//1711
f 1644//1644 1711//1711 1710//1710
f 1645//1645 1646//1646 1712//1712
f 1645//1645 1712//1712 1711//1711
f 1646//1646 1647//1647 1713//1713
f 1646//1646 1713//1713 1712//1712
f 1647//1647 1648//1648 1714//1714
f 1647//1647 1714//1714 1713//1713
f 1648//1648 1649//1649 1715//1715
f 1648//1648 1715//1715 1714//1714
f 1649//1649 1650//1650 1716//1716
f 1649//1649 1716//1716 1715//1715
f 1650//1650 1651//1651 1717//1717
f 1650//1650 1717//1717 1716//1716
f 1651//1651 1652//1652 1718//1718
f 1651//1651 1718//1718 1717//1717
f 1652//1652 1653//1653 1719//1719
f 1652//1652 1719//1719 1718//1718
f 1653//1653 1654//1654 1720//1720
f 1653//1653 1720//1720 1719//1719
f 1654//1654 1655//1655 1721//1721
f 1654//1654 1721//1721 1720//1720
f 1655//1655 1656//1656 1722//1722
f 1655//1655 1722//1722 1721//1721
f 1656//1656 1657//1657 1723//1723
f 1656//1656 1723//1723 1722//1722
f 1657//1657 1658//1658 1724//1724
f 1657//1657 1724//1724 1723//1723
f 1658//1658 1659//1659 1725//1725
f 1658//1658 1725//1725 1724//1724
f 1659//1659 1660//1660 1726//1726
f 1659//1659 1726//1726 1725//1725
f 1660//1660 1661//1661 1727//1727
f 1660//1660 1727//1727 1726//1726
f 1661//1661 1662//1662 1728//1728
f 1661//1661 1728//1728 1727//1727
f 1662//1662 1663//1663 1729//1729
f 1662//1662 1729//1729 1728//1728
f 1663//1663 1664//1664 1730//1730
f 1663//1663 1730//1730 1729//1729
f 1665//1665 1666//1666 1732//1732
f 1665//1665 1732//1732 1731//1731
f 1666//1666 1667//1667 1733//1733
f 1666//1666 1733//1733 1732//1732
f 1667//1667 1668//1668 1734//1734
f 1667//1667 1734//1734 1733//1733
f 1668//1668 1669//1669 1735//1735
f 1668//1668 1735//1735 1734//1734
f 1669//1669 1670//1670 1736//1736
f 1669//1669 1736//1736 1735//1735
f 1670//1670 1671//1671 1737//1737
f 1670//1670 1737//1737 1736//1736
f 1671//1671 1672//1672 1738//1738
f 1671//1671 1738//1738 1737//1737
f 1672//1672 1673//1673 1739//1739
f 1672//1672 1739//1739 1738//1738
f 1673//1673 1674//1674 1740//1740
f 1673//1673 1740//1740 1739//1739
f 1674//1674 1675//1675 1741//1741
f 1674//1674 1741//1741 1740//1740
f 1675//1675 1676//1676 1742//1742
f 1675//1675 1742//1742 1741//1741
f 1676//1676 1677//1677 1743//1743
f 1676//1676 1743//1743 1742//1742
f 1677//1677 1678//1678 1744//1744
f 1677//1677 1744//1744 1743//1743
f 1678//1678 1679//1679 1745//1745
f 1678//1678 1745//1745 1744//1744
f 1679//1679 1680//1680 1746//1746
f 1679//1679 1746//1746 1745//1745
f 1680//1680 1681//1681 1747//1747
f 1680//1680 1747//1747 1746//1746
f 1681//1681 1682//1682 1748//1748
f 1681//1681 1748//1748 1747//1747
f 1682//1682 1683//1683 1749//1749
f 1682//1682 1749//1749 1748//1748
f 1683//1683 1684//1684 1750//1750
f 1683//1683 1750//1750 1749//1749
f 1684//1684 1685//1685 1751//1751
f 1684//1684 1751//1751 1750//1750
f 1685//1685 1686//1686 1752//1752
f 1685//1685 1752//1752 1751//1751
f 1686//1686 1687//1687 1753//1753
f 1686//1686 1753//1753 1752//1752
f 1687//1687 1688//1688 1754//1754
f 1687//1687 1754//1754 1753//1753
f 1688//1688 1689//1689 1755//1755
f 1688//1688 1755//1755 1754//1754
f 1689//1689 1690//1690 1756//1756
f 1689//1689 1756//1756 1755//1755
f 1690//1690 1691//1691 1757//1757
f 1690//1690 1757//1757 1756//1756
f 1691//1691 1692//1692 1758//1758
f 1691//1691 1758//1758 1757//1757
f 1692//1692 1693//1693 1759//1759
f 1692//1692 1759//1759 1758//1758
f 1693//1693 1694//1694 1760//1760
f 1693//1693 1760//1760 1759//1759
f 1694//1694 1695//1695 1761//1761
f 1694//1694 1761//1761 1760//1760
f 1695//1695 1696//1696 1762//1762
f 1695//1695 1762//1762 1761//1761
f 1696//1696 1697//1697 1763//1763
f 1696//1696 1763//1763 1762//1762
f 1697//1697 1698//1698 1764//1764
f 1697//1697 1764//1764 1763//1763
f 1698//1698 1699//1699 1765//1765
f 1698//1698 1765//1765 1764//1764
f 1699//1699 1700//1700 1766//1766
f 1699//1699 1766//1766 1765//1765
f 1700//1700 1701//1701 1767//1767
f 1700//1700 1767//1767 1766//1766
f 1701//1701 1702//1702 1768//1768
f 1701//1701 1768//1768 1767//1767
f 1702//1702 1703//1703 1769//1769
f 1702//1702 1769//1769 1768//1768
f 1703//1703 1704//1704 1770//1770
f 1703//1703 1770//1770 1769//1769
f 1704//1704 1705//1705 1771//1771
f 1704//1704 1771//1771 1770//1770
f 1705//1705 1706//1706 1772//1772
f 1705//1705 1772//1772 1771//1771
f 1706//1706 1707//1707 1773//1773
f 1706//1706 1773//1773 1772//1772
f 1707//1707 1708//1708 1774//1774
f 1707//1707 1774//1774 1773//1773
f 1708//1708 1709//1709 1775//1775
f 1708//1708 1775//1775 1774//1774
f 1709//1709 1710//1710 1776//1776
f 1709//1709 1776//1776 1775//1775
f 1710//1710 1711//1711 1777//1777
f 1710//1710 1777//1777 1776//1776
f 1711//1711 1712//1712 1778//1778
f 1711//1711 1778//1778 1777//1777
f 1712//1712 1713//1713 1779//1779
f 1712//1712 1779//1779 1778//1778
f 1713//1713 1714//1714 1780//1780
f 1713//1713 1780//1780 1779//1779
f 1714//1714 1715//1715 1781//1781
f 1714//1714 1781//1781 1780//1780
f 1715//1715 1716//1716 1782//1782
f 1715//1715 1782//1782 1781//1781
f 1716//1716 1717//1717 1783//1783
f 1716//1716 1783//1783 1782//1782
f 1717//1717 1718//1718 1784//1784
f 1717//1717 1784//1784 1783//1783
f 1718//1718 1719//1719 1785//1785
f 1718//1718 1785//1785 1784//1784
f 1719//1719 1720//1720 1786//1786
f 1719//1719 1786//1786 1785//1785
f 1720//1720 1721//1721 1787//1787
f 1720//1720 1787//1787 1786//1786
f 1721//1721 1722//1722 1788//1788
f 1721//1721 1788//1788 1787//1787
f 1722//1722 1723//1723 1789//1789
f 1722//1722 1789//1789 1788//1788
f 1723//1723 1724//1724 1790//1790
f 1723//1723 1790//1790 1789//1789
f 1724//1724 1725//1725 1791//1791
f 1724//1724 1791//1791 1790//1790
f 1725//1725 1726//1726 1792//1792
f 1725//1725 1792//1792 1791//1791
f 1726//1726 1727//1727 1793//1793
f 1726//1726 1793//1793 1792//1792
f 1727//1727 1728//1728 1794//1794
f 1727//1727 1794//1794 1793//1793
f 1728//1728 1729//1729 1795//1795
f 1728//1728 1795//1795 1794//1794
f 1729//1729 1730//1730 1796//1796
f 1729//1729 1796//1796 1795//1795
f 1731//1731 1732//1732 1798//1798
f 1731//1731 1798//1798 1797//1797
f 1732//1732 1733//1733 1799//1799
f 1732//1732 1799//1799 1798//1798
f 1733//1733 1734//1734 1800//1800
f 1733//1733 1800//1800 1799//1799
f 1734//1734 1735//1735 1801//1801
f 1734//1734 1801//1801 1800//1800
f 1735//1735 1736//1736 1802//1802
f 1735//1735 1802//1802 1801//1801
f 1736//1736 1737//1737 1803//1803
f 1736//1736 1803//1803 1802//1802
f 1737//1737 1738//1738 1804//1804
f 1737//1737 1804//1804 1803//1803
f 1738//1738 1739//1739 1805//1805
f 1738//1738 1805//1805 1804//1804
f 1739//1739 1740//1740 1806//1806
f 1739//1739 1806//1806 1805//1805
f 1740//1740 1741//1741 1807//1807
f 1740//1740 1807//1807 1806//1806
f 1741//1741 1742//1742 1808//1808
f 1741//1741 1808//1808 1807//1807
f 1742//1742 1743//1743 1809//1809
f 1742//1742 1809//1809 1808//1808
f 1743//1743 1744//1744 1810//1810
f 1743//1743 1810//1810 1809//1809
f 1744//1744 1745//1745 1811//1811
f 1744//1744 1811//1811 1810//1810
f 1745//1745 1746//1746 1812//1812
f 1745//1745 1812//1812 1811//1811
f 1746//1746 1747//1747 1813//1813
f 1746//1746 1813//1813 1812//1812
f 1747//1747 1748//1748 1814//1814
f 1747//1747 1814//1814 1813//1813
f 1748//1748 1749//1749 1815//1815
f 1748//1748 1815//1815 1814//1814
f 1749//1749 1750//1750 1816//1816
f 1749//1749 1816//1816 1815//1815
f 1750//1750 1751//1751 1817//1817
f 1750//1750 1817//1817 1816//1816
f 1751//1751 1752//1752 1818//1818
f 1751//1751 1818//1818 1817//1817
f 1752//1752 1753//1753 1819//1819
f 1752//1752 1819//1819 1818//1818
f 1753//1753 1754//1754 1820//1820
f 1753//1753 1820//1820 1819//1819
f 1754//1754 1755//1755 1821//1821
f 1754//1754 1821//1821 1820//1820
f 1755//1755 1756//1756 1822//1822
f 1755//1755 1822//1822 1821//1821
f 1756//1756 1757//1757 1823//1823
f 1756//1756 1823//1823 1822//1822
f 1757//1757 1758//1758 1824//1824
f 1757//1757 1824//1824 1823//1823
f 1758//1758 1759//1759 1825//1825
f 1758//1758 1825//1825 1824//1824
f 1759//1759 1760//1760 1826//1826
f 1759//1759 1826//1826 1825//1825
f 1760//1760 1761//1761 1827//1827
f 1760//1760 1827//1827 1826//1826
f 1761//1761 1762//1762 1828//1828
f 1761//1761 1828//1828 1827//1827
f 1762//1762 1763//1763 1829//1829
f 1762//1762 1829//1829 1828//1828
f 1763//1763 1764//1764 1830//1830
f 1763//1763 1830//1830 1829//1829
f 1764//1764 1765//1765 1831//1831
f 1764//1764 1831//1831 1830//1830
f 1765//1765 1766//1766 1832//1832
f 1765//1765 1832//1832 1831//1831
f 1766//1766 1767//1767 1833//1833
f 1766//1766 1833//1833 1832//1832
f 1767//1767 1768//1768 1834//1834
f 1767//1767 1834//1834 1833//1833
f 1768//1768 1769//1769 1835//1835
f 1768//1768 1835//1835 1834//1834
f 1769//1769 1770//1770 1836//1836
f 1769//1769 1836//1836 1835//1835
f 1770//1770 1771//1771 1837//1837
f 1770//1770 1837//1837 1836//1836
f 1771//1771 1772//1772 1838//1838
f 1771//1771 1838//1838 1837//1837
f 1772//1772 1773//1773 1839//1839
f 1772//1772 1839//1839 1838//1838
f 1773//1773 1774//1774 1840//1840
f 1773//1773 1840//1840 1839//1839
f 1774//1774 1775//1775 1841//1841
f 1774//1774 1841//1841 1840//1840
f 1775//1775 1776//1776 1842//1842
f 1775//1775 1842//1842 1841//1841
f 1776//1776 1777//1777 1843//1843
f 1776//1776 1843//1843 1842//1842
f 1777//1777 1778//1778 1844//1844
f 1777//1777 1844//1844 1843//1843
f 1778//1778 1779//1779 1845//1845
f 1778//1778 1845//1845 1844//1844
f 1779//1779 1780//1780 1846//1846
f 1779//1779 1846//1846 1845//1845
f 1780//1780 1781//1781 1847//1847
f 1780//1780 1847//1847 1846//1846
f 1781//1781 1782//1782 1848//1848
f 1781//1781 1848//1848 1847//1847
f 1782//1782 1783//1783 1849//1849
f 1782//1782 1849//1849 1848//1848
f 1783//1783 1784//1784 1850//1850
f 1783//1783 1850//1850 1849//1849
f 1784//1784 1785//1785 1851//1851
f 1784//1784 1851//1851 1850//1850
f 1785//1785 1786//1786 1852//1852
f 1785//1785 1852//1852 1851//1851
f 1786//1786 1787//1787 1853//1853
f 1786//1786 1853//1853 1852//1852
f 1787//1787 1788//1788 1854//1854
f 1787//1787 1854//1854 1853//1853
f 1788//1788 1789//1789 1855//1855
f 1788//1788 1855//1855 1854//1854
f 1789//1789 1790//1790 1856//1856
f 1789//1789 1856//1856 1855//1855
f 1790//1790 1791//1791 1857//1857
f 1790//1790 1857//1857 1856//1856
f 1791//1791 1792//1792 1858//1858
f 1791//1791 1858//1858 1857//1857
f 1792//1792 1793//1793 1859//1859
f 1792//1792 1859//1859 1858//1858
f 1793//1793 1794//1794 1860//1860
f 1793//1793 1860//1860 1859//1859
f 1794//1794 1795//1795 1861//1861
f 1794//1794 1861//1861 1860//1860
f 1797//1797 1798//1798 1863//1863
f 1797//1797 1863//1863 1862//1862
f 1798//1798 1799//1799 1864//1864
f 1798//1798 1864//1864 1863//1863
f 1799//1799 1800//1800 1865//1865
f 1799//1799 1865//1865 1864//1864
f 1800//1800 1801//1801 1866//1866
f 1800//1800 1866//1866 1865//1865
f 1801//1801 1802//1802 1867//1867
f 1801//1801 1867//1867 1866//1866
f 1802//1802 1803//1803 1868//1868
f 1802//1802 1868//1868 1867//1867
f 1803//1803 1804//1804 1869//1869
f 1803//1803 1869//1869 1868//1868
f 1804//1804 1805//1805 1870//1870
f 1804//1804 1870//1870 1869//1869
f 1805//1805 1806//1806 1871//1871
f 1805//1805 1871//1871 1870//1870
f 1806//1806 1807//1807 1872//1872
f 1806//1806 1872//1872 1871//1871
f 1807//1807 1808//1808 1873//1873
f 1807//1807 1873//1873 1872//1872
f 1808//1808 1809//1809 1874//1874
f 1808//1808 1874//1874 1873//1873
f 1809//1809 1810//1810 1875//1875
f 1809//1809 1875//1875 1874//1874
f 1810//1810 1811//1811 1876//1876
f 1810//1810 1876//1876 1875//1875
f 1811//1811 1812//1812 1877//1877
f 1811//1811 1877//1877 1876//1876
f 1812//1812 1813//1813 1878//1878
f 1812//1812 1878//1878 1877//1877
f 1813//1813 1814//1814 1879//1879
f 1813//1813 1879//1879 1878//1878
f 1814//1814 1815//1815 1880//1880
f 1814//1814 1880//1880 1879//1879
f 1815//1815 1816//1816 1881//1881
f 1815//1815 1881//1881 1880//1880
f 1816//1816 1817//1817 1882//1882
f 1816//1816 1882//1882 1881//1881
f 1817//1817 1818//1818 1883//1883
f 1817//1817 1883//1883 1882//1882
f 1818//1818 1819//1819 1884//1884
f 1818//1818 1884//1884 1883//1883
f 1819//1819 1820//1820 1885//1885
f 1819//1819 1885//1885 1884//1884
f 1820//1820 1821//1821 1886//1886
f 1820//1820 1886//1886 1885//1885
f 1821//1821 1822//1822 1887//1887
f 1821//1821 1887//1887 1886//1886
f 1822//1822 1823//1823 1888//1888
f 1822//1822 1888//1888 1887//1887
f 1823//1823 1824//1824 1889//1889
f 1823//1823 1889//1889 1888//1888
f 1824//1824 1825//1825 1890//1890
f 1824//1824 1890//1890 1889//1889
f 1825//1825 1826//1826 1891//1891
f 1825//1825 1891//1891 1890//1890
f 1826//1826 1827//1827 1892//1892
f 1826//1826 1892//1892 1891//1891
f 1827//1827 1828//1828 1893//1893
f 1827//1827 1893//1893 1892//1892
f 1828//1828 1829//1829 1894//1894
f 1828//1828 1894//1894 1893//1893
f 1829//1829 1830//1830 1895//1895
f 1829//1829 1895//1895 1894//1894
f 1830//1830 1831//1831 1896//1896
f 1830//1830 1896//1896 1895//1895
f 1831//1831 1832//1832 1897//1897
f 1831//1831 1897//1897 1896//1896
f 1832//1832 1833//1833 1898//1898
f 1832//1832 1898//1898 1897//1897
f 1833//1833 1834//1834 1899//1899
f 1833//1833 1899//1899 1898//1898
f 1834//1834 1835//1835 1900//1900
f 1834//1834 1900//1900 1899//1899
f 1835//1835 1836//1836 1901//1901
f 1835//1835 1901//1901 1900//1900
f 1836//1836 1837//1837 1902//1902
f 1836//1836 1902//1902 1901//1901
f 1837//1837 1838//1838 1903//1903
f 1837//1837 1903//1903 1902//1902
f 1838//1838 1839//1839 1904//1904
f 1838//1838 1904//1904 1903//1903
f 1839//1839 1840//1840 1905//1905
f 1839//1839 1905//1905 1904//1904
f 1840//1840 1841//1841 1906//1906
f 1840//1840 1906//1906 1905//1905
f 1841//1841 1842//1842 1907//1907
f 1841//1841 1907//1907 1906//1906
f 1842//1842 1843//1843 1908//1908
f 1842//1842 1908//1908 1907//1907
f 1843//1843 1844//1844 1909//1909
f 1843//1843 1909//1909 1908//1908
f 1844//1844 1845//1845 1910//1910
f 1844//1844 1910//1910 1909//1909
f 1845//1845 1846//1846 1911//1911
f 1845//1845 1911//1911 1910//1910
f 1846//1846 1847//1847 1912//1912
f 1846//1846 1912//1912 1911//1911
f 1847//1847 1848//1848 1913//1913
f 1847//1847 1913//1913 1912//1912
f 1848//1848 1849//1849 1914//1914
f 1848//1848 1914//1914 1913//1913
f 1849//1849 1850//1850 1915//1915
f 1849//1849 1915//1915 1914//1914
f 1850//1850 1851//1851 1916//1916
f 1850//1850 1916//1916 1915//1915
f 1851//1851 1852//1852 1917//1917
f 1851//1851 1917//1917 1916//1916
f 1852//1852 1853//1853 1918//1918
f 1852//1852 1918//1918 1917//1917
f 1853//1853 1854//1854 1919//1919
f 1853//1853 1919//1919 1918//1918
f 1854//1854 1855//1855 1920//1920
f 1854//1854 1920//1920 1919//1919
f 1855//1855 1856//1856 1921//1921
f 1855//1855 1921//1921 1920//1920
f 1856//1856 1857//1857 1922//1922
f 1856//1856 1922//1922 1921//1921
f 1857//1857 1858//1858 1923//1923
f 1857//1857 1923//1923 1922//1922
f 1858//1858 1859//1859 1924//1924
f 1858//1858 1924//1924 1923//1923
f 1859//1859 1860//1860 1925//1925
f 1859//1859 1925//1925 1924//1924
f 1860//1860 1861//1861 1926//1926
f 1860//1860 1926//1926 1925//1925
f 1862//1862 1863//1863 1929//1929
f 1862//1862 1929//1929 1928//1928
f 1863//1863 1864//1864 1930//1930
f 1863//1863 1930//1930 1929//1929
f 1864//1864 1865//1865 1931//1931
f 1864//1864 1931//1931 1930//1930
f 1865//1865 1866//1866 1932//1932
f 1865//1865 1932//1932 1931//1931
f 1866//1866 1867//1867 1933//1933
f 1866//1866 1933//1933 1932//1932
f 1867//1867 1868//1868 1934//1934
f 1867//1867 1934//1934 1933//1933
f 1868//1868 1869//1869 1935//1935
f 1868//1868 1935//1935 1934//1934
f 1869//1869 1870//1870 1936//1936
f 1869//1869 1936//1936 1935//1935
f 1870//1870 1871//1871 1937//1937
f 1870//1870 1937//1937 1936//1936
f 1871//1871 1872//1872 1938//1938
f 1871//1871 1938//1938 1937//1937
f 1872//1872 1873//1873 1939//1939
f 1872//1872 1939//1939 1938//1938
f 1873//1873 1874//1874 1940//1940
f 1873//1873 1940//1940 1939//1939
f 1874//1874 1875//1875 1941//1941
f 1874//1874 1941//1941 1940//1940
f 1875//1875 1876//1876 1942//1942
f 1875//1875 1942//1942 1941//1941
f 1876//1876 1877//1877 1943//1943
f 1876//1876 1943//1943 1942//1942
f 1877//1877 1878//1878 1944//1944
f 1877//1877 1944//1944 1943//1943
f 1878//1878 1879//1879 1945//1945
f 1878//1878 1945//1945 1944//1944
f 1879//1879 1880//1880 1946//1946
f 1879//1879 1946//1946 1945//1945
f 1880//1880 1881//1881 1947//1947
f 1880//1880 1947//1947 1946//1946
f 1881//1881 1882//1882 1948//1948
f 1881//1881 1948//1948 1947//1947
f 1882//1882 1883//1883 1949//1949
f 1882//1882 1949//1949 1948//1948
f 1883//1883 1884//1884 1950//1950
f 1883//1883 1950//1950 1949//1949
f 1884//1884 1885//1885 1951//1951
f 1884//1884 1951//1951 1950//1950
f 1885//1885 1886//1886 1952//1952
f 1885//1885 1952//1952 1951//1951
f 1886//1886 1887//1887 1953//1953
f 1886//1886 1953//1953 1952//1952
f 1887//1887 1888//1888 1954//1954
f 1887//1887 1954//1954 1953//1953
f 1888//1888 1889//1889 1955//1955
f 1888//1888 1955//1955 1954//1954
f 1889//1889 1890//1890 1956//1956
f 1889//1889 1956//1956 1955//1955
f 1890//1890 1891//1891 1957//1957
f 1890//1890 1957//1957 1956//1956
f 1891//1891 1892//1892 1958//1958
f 1891//1891 1958//1958 1957//1957
f 1892//1892 1893//1893 1959//1959
f 1892//1892 1959//1959 1958//1958
f 1893//1893 1894//1894 1960//1960
f 1893//1893 1960//1960 1959//1959
f 1894//1894 1895//1895 1961//1961
f 1894//1894 1961//1961 1960//1960
f 1895//1895 1896//1896 1962//1962
f 1895//1895 1962//1962 1961//1961
f 1896//1896 1897//1897 1963//1963
f 1896//1896 1963//1963 1962//1962
f 1897//1897 1898//1898 1964//1964
f 1897//1897 1964//1964 1963//1963
f 1898//1898 1899//1899 1965//1965
f 1898//1898 1965//1965 1964//1964
f 1899//1899 1900//1900 1966//1966
f 1899//1899 1966//1966 1965//1965
f 1900//1900 1901//1901 1967//1967
f 1900//1900 1967//1967 1966//1966
f 1901//1901 1902//1902 1968//1968
f 1901//1901 1968//1968 1967//1967
f 1902//1902 1903//1903 1969//1969
f 1902//1902 1969//1969 1968//1968
f 1903//1903 1904//1904 1970//1970
f 1903//1903 1970//1970 1969//1969
f 1904//1904 1905//1905 1971//1971
f 1904//1904 1971//1971 1970//1970
f 1905//1905 1906//1906 1972//1972
f 1905//1905 1972//1972 1971//1971
f 1906//1906 1907//1907 1973//1973
f 1906//1906 1973//1973 1972//1972
f 1907//1907 1908//1908 1974//1974
f 1907//1907 1974//1974 1973//1973
f 1908//1908 1909//1909 1975//1975
f 1908//1908 1975//1975 1974//1974
f 1909//1909 1910//1910 1976//1976
f 1909//1909 1976//1976 1975//1975
f 1910//1910 1911//1911 1977//1977
f 1910//1910 1977//1977 1976//1976
f 1911//1911 1912//1912 1978//1978
f 1911//1911 1978//1978 1977//1977
f 1912//1912 1913//1913 1979//1979
f 1912//1912 1979//1979 1978//1978
f 1913//1913 1914//1914 1980//1980
f 1913//1913 1980//1980 1979//1979
f 1914//1914 1915//1915 1981//1981
f 1914//1914 1981//1981 1980//1980
f 1915//1915 1916//1916 1982//1982
f 1915//1915 1982//1982 1981//1981
f 1916//1916 1917//1917 1983//1983
f 1916//1916 1983//1983 1982//1982
f 1917//1917 1918//1918 1984//1984
f 1917//1917 1984//1984 1983//1983
f 1918//1918 1919//1919 1985//1985
f 1918//1918 1985//1985 1984//1984
f 1919//1919 1920//1920 1986//1986
f 1919//1919 1986//1986 1985//1985
f 1920//1920 1921//1921 1987//1987
f 1920//1920 1987//1987 1986//1986
f 1921//1921 1922//1922 1988//1988
f 1921//1921 1988//1988 1987//1987
f 1922//1922 1923//1923 1989//1989
f 1922//1922 1989//1989 1988//1988
f 1923//1923 1924//1924 1990//1990
f 1923//1923 1990//1990 1989//1989
f 1924//1924 1925//1925 1991//1991
f 1924//1924 1991//1991 1990//1990
f 1925//1925 1926//1926 1992//1992
f 1925//1925 1992//1992 1991//1991
f 1927//1927 1928//1928 1994//1994
f 1927//1927 1994//1994 1993//1993
f 1928//1928 1929//1929 1995//1995
f 1928//1928 1995//1995 1994//1994
f 1929//1929 1930//1930 1996//1996
f 1929//1929 1996//1996 1995//1995
f 1930//1930 1931//1931 1997//1997
f 1930//1930 1997//1997 1996//1996
f 1931//1931 1932//1932 1998//1998
f 1931//1931 1998//1998 1997//1997
f 1932//1932 1933//1933 1999//1999
f 1932//1932 1999//1999 1998//1998
f 1933//1933 1934//1934 2000//2000
f 1933//1933 2000//2000 1999//1999
f 1934//1934 1935//1935 2001//2001
f 1934//1934 2001//2001 2000//2000
f 1935//1935 1936//1936 2002//2002
f 1935//1935 2002//2002 2001//2001
f 1936//1936 1937//1937 2003//2003
f 1936//1936 2003//2003 2002//2002
f 1937//1937 1938//1938 2004//2004
f 1937//1937 2004//2004 2003//2003
f 1938//1938 1939//1939 2005//2005
f 1938//1938 2005//2005 2004//2004
f 1939//1939 1940//1940 2006//2006
f 1939//1939 2006//2006 2005//2005
f 1940//1940 1941//1941 2007//2007
f 1940//1940 2007//2007 2006//2006
f 1941//1941 1942//1942 2008//2008
f 1941//1941 2008//2008 2007//2007
f 1942//1942 1943//1943 2009//2009
f 1942//1942 2009//2009 2008//2008
f 1943//1943 1944//1944 2010//2010
f 1943//1943 2010//2010 2009//2009
f 1944//1944 1945//1945 2011//2011
f 1944//1944 2011//2011 2010//2010
f 1945//1945 1946//1946 2012//2012
f 1945//1945 2012//2012 2011//2011
f 1946//1946 1947//1947 2013//2013
f 1946//1946 2013//2013 2012//2012
f 1947//1947 1948//1948 2014//2014
f 1947//1947 2014//2014 2013//2013
f 1948//1948 1949//1949 2015//2015
f 1948//1948 2015//2015 2014//2014
f 1949//1949 1950//1950 2016//2016
f 1949//1949 2016//2016 2015//2015
f 1950//1950 1951//1951 2017//2017
f 1950//1950 2017//2017 2016//2016
f 1951//1951 1952//1952 2018//2018
f 1951//1951 2018//2018 2017//2017
f 1952//1952 1953//1953 2019//2019
f 1952//1952 2019//2019 2018//2018
f 1953//1953 1954//1954 2020//2020
f 1953//1953 2020//2020 2019//2019
f 1954//1954 1955//1955 2021//2021
f 1954//1954 2021//2021 2020//2020
f 1955//1955 1956//1956 2022//2022
f 1955//1955 2022//2022 2021//2021
f 1956//1956 1957//1957 2023//2023
f 1956//1956 2023//2023 2022//2022
f 1957//1957 1958//1958 2024//2024
f 1957//1957 2024//2024 2023//2023
f 1958//1958 1959//1959 2025//2025
f 1958//1958 2025//2025 2024//2024
f 1959//1959 1960//1960 2026//2026
f 1959//1959 2026//2026 2025//2025
f 1960//1960 1961//1961 2027//2027
f 1960//1960 2027//2027 2026//2026
f 1961//1961 1962//1962 2028//2028
f 1961//1961 2028//2028 2027//2027
f 1962//1962 1963//1963 2029//2029
f 1962//1962 2029//2029 2028//2028
f 1963//1963 1964//1964 2030//2030
f 1963//1963 2030//2030 2029//2029
f 1964//1964 1965//1965 2031//2031
f 1964//1964 2031//2031 2030//2030
f 1965//1965 1966//1966 2032//2032
f 1965//1965 2032//2032 2031//2031
f 1966//1966 1967//1967 2033//2033
f 1966//1966 2033//2033 2032//2032
f 1967//1967 1968//1968 2034//2034
f 1967//1967 2034//2034 2033//2033
f 1968//1968 1969//1969 2035//2035
f 1968//1968 2035//2035 2034//2034
f 1969//1969 1970//1970 2036//2036
f 1969//1969 2036//2036 2035//2035
f 1970//1970 1971//1971 2037//2037
f 1970//1970 2037//2037 2036//2036
f 1971//1971 1972//1972 2038//2038
f 1971//1971 2038//2038 2037//2037
f 1972//1972 1973//1973 2039//2039
f 1972//1972 2039//2039 2038//2038
f 1973//1973 1974//1974 2040//2040
f 1973//1973 2040//2040 2039//2039
f 1974//1974 1975//1975 2041//2041
f 1974//1974 2041//2041 2040//2040
f 1975//1975 1976//1976 2042//2042
f 1975//1975 2042//2042 2041//2041
f 1976//1976 1977//1977 2043//2043
f 1976//1976 2043//2043 2042//2042
f 1977//1977 1978//1978 2044//2044
f 1977//1977 2044//2044 2043//2043
f 1978//1978 1979//1979 2045//2045
f 1978//1978 2045//2045 2044//2044
f 1979//1979 1980//1980 2046//2046
f 1979//1979 2046//2046 2045//2045
f 1980//1980 1981//1981 2047//2047
f 1980//1980 2047//2047 2046//2046
f 1981//1981 1982//1982 2048//2048
f 1981//1981 2048//2048 2047//2047
f 1982//1982 1983//1983 2049//2049
f 1982//1982 2049//2049 2048//2048
f 1983//1983 1984//1984 2050//2050
f 1983//1983 2050//2050 2049//2049
f 1984//1984 1985//1985 2051//2051
f 1984//1984 2051//2051 2050//2050
f 1985//1985 1986//1986 2052//2052
f 1985//1985 2052//2052 2051//2051
f 1986//1986 1987//1987 2053//2053
f 1986//1986 2053//2053 2052//2052
f 1987//1987 1988//1988 2054//2054
f 1987//1987 2054//2054 2053//2053
f 1988//1988 1989//1989 2055//2055
f 1988//1988 2055//2055 2054//2054
f 1989//1989 1990//1990 2056//2056
f 1989//1989 2056//2056 2055//2055
f 1990//1990 1991//1991 2057//2057
f 1990//1990 2057//2057 2056//2056
f 1991//1991 1992//1992 2058//2058
f 1991//1991 2058//2058 2057//2057
f 1993//1993 1994//1994 2060//2060
f 1993//1993 2060//2060 2059//2059
f 1994//1994 1995//1995 2061//2061
f 1994//1994 2061//2061 2060//2060
f 1995//1995 1996//1996 2062//2062
f 1995//1995 2062//2062 2061//2061
f 1996//1996 1997//1997 2063//2063
f 1996//1996 2063//2063 2062//2062
f 1997//1997 1998//1998 2064//2064
f 1997//1997 2064//2064 2063//2063
f 1998//1998 1999//1999 2065//2065
f 1998//1998 2065//2065 2064//2064
f 1999//1999 2000//2000 2066//2066
f 1999//1999 2066//2066 2065//2065
f 2000//2000 2001//2001 2067//2067
f 2000//2000 2067//2067 2066//2066
f 2001//2001 2002//2002 2068//2068
f 2001//2001 2068//2068 2067//2067
f 2002//2002 2003//2003 2069//2069
f 2002//2002 2069//2069 2068//2068
f 2003//2003 2004//2004 2070//2070
f 2003//2003 2070//2070 2069//2069
f 2004//2004 2005//2005 2071//2071
f 2004//2004 2071//2071 2070//2070
f 2005//2005 2006//2006 2072//2072
f 2005//2005 2072//2072 2071//2071
f 2006//2006 2007//2007 2073//2073
f 2006//2006 2073//2073 2072//2072
f 2007//2007 2008//2008 2074//2074
f 2007//2007 2074//2074 2073//2073
f 2008//2008 2009//2009 2075//2075
f 2008//2008 2075//2075 2074//2074
f 2009//2009 2010//2010 2076//2076
f 2009//2009 2076//2076 2075//2075
f 2010//2010 2011//2011 2077//2077
f 2010//2010 2077//2077 2076//2076
f 2011//2011 2012//2012 2078//2078
f 2011//2011 2078//2078 2077//2077
f 2012//2012 2013//2013 2079//2079
f 2012//2012 2079//2079 2078//2078
f 2013//2013 2014//2014 2080//2080
f 2013//2013 2080//2080 2079//2079
f 2014//2014 2015//2015 2081//2081
f 2014//2014 2081//2081 2080//2080
f 2015//2015 2016//2016 2082//2082
f 2015//2015 2082//2082 2081//2081
f 2016//2016 2017//2017 2083//2083
f 2016//2016 2083//2083 2082//2082
f 2017//2017 2018//2018 2084//2084
f 2017//2017 2084//2084 2083//2083
f 2018//2018 2019//2019 2085//2085
f 2018//2018 2085//2085 2084//2084
f 2019//2019 2020//2020 2086//2086
f 2019//2019 2086//2086 2085//2085
f 2020//2020 2021//2021 2087//2087
f 2020//2020 2087//2087 2086//2086
f 2021//2021 2022//2022 2088//2088
f 2021//2021 2088//2088 2087//2087
f 2022//2022 2023//2023 2089//2089
f 2022//2022 2089//2089 2088//2088
f 2023//2023 2024//2024 2090//2090
f 2023//2023 2090//2090 2089//2089
f 2024//2024 2025//2025 2091//2091
f 2024//2024 2091//2091 2090//2090
f 2025//2025 2026//2026 2092//2092
f 2025//2025 2092//2092 2091//2091
f 2026//2026 2027//2027 2093//2093
f 2026//2026 2093//2093 2092//2092
f 2027//2027 2028//2028 2094//2094
f 2027//2027 2094//2094 2093//2093
f 2028//2028 2029//2029 2095//2095
f 2028//2028 2095//2095 2094//2094
f 2029//2029 2030//2030 2096//2096
f 2029//2029 2096//2096 2095//2095
f 2030//2030 2031//2031 2097//2097
f 2030//2030 2097//2097 2096//2096
f 2031//2031 2032//2032 2098//2098
f 2031//2031 2098//2098 2097//2097
f 2032//2032 2033//2033 2099//2099
f 2032//2032 2099//2099 2098//2098
f 2033//2033 2034//2034 2100//2100
f 2033//2033 2100//2100 2099//2099
f 2034//2034 2035//2035 2101//2101
f 2034//2034 2101//2101 2100//2100
f 2035//2035 2036//2036 2102//2102
f 2035//2035 2102//2102 2101//2101
f 2036//2036 2037//2037 2103//2103
f 2036//2036 2103//2103 2102//2102
f 2037//2037 2038//2038 2104//2104
f 2037//2037 2104//2104 2103//2103
f 2038//2038 2039//2039 2105//2105
f 2038//2038 2105//2105 2104//2104
f 2039//2039 2040//2040 2106//2106
f 2039//2039 2106//2106 2105//2105
f 2040//2040 2041//2041 2107//2107
f 2040//2040 2107//2107 2106//2106
f 2041//2041 2042//2042 2108//2108
f 2041//2041 2108//2108 2107//2107
f 2042//2042 2043//2043 2109//2109
f 2042//2042 2109//2109 2108//2108
f 2043//2043 2044//2044 2110//2110
f 2043//2043 2110//2110 2109//2109
f 2044//2044 2045//2045 2111//2111
f 2044//2044 2111//2111 2110//2110
f 2045//2045 2046//2046 2112//2112
f 2045//2045 2112//2112 2111//2111
f 2046//2046 2047//2047 2113//2113
f 2046//2046 2113//2113 2112//2112
f 2047//2047 2048//2048 2114//2114
f 2047//2047 2114//2114 2113//2113
f 2048//2048 2049//2049 2115//2115
f 2048//2048 2115//2115 2114//2114
f 2049//2049 2050//2050 2116//2116
f 2049//2049 2116//2116 2115//2115
f 2050//2050 2051//2051 2117//2117
f 2050//2050 2117//2117 2116//2116
f 2051//2051 2052//2052 2118//2118
f 2051//2051 2118//2118 2117//2117
f 2052//2052 2053//2053 2119//2119
f 2052//2052 2119//2119 2118//2118
f 2053//2053 2054//2054 2120//2120
f 2053//2053 2120//2120 2119//2119
f 2054//2054 2055//2055 2121//2121
f 2054//2054 2121//2121 2120//2120
f 2055//2055 2056//2056 2122//2122
f 2055//2055 2122//2122 2121//2121
f 2056//2056 2057//2057 2123//2123
f 2056//2056 2123//2123 2122//2122
f 2059//2059 2060//2060 2125//2125
f 2059//2059 2125//2125 2124//2124
f 2060//2060 2061//2061 2126//2126
f 2060//2060 2126//2126 2125//2125
f 2061//2061 2062//2062 2127//2127
f 2061//2061 2127//2127 2126//2126
f 2062//2062 2063//2063 2128//2128
f 2062//2062 2128//2128 2127//2127
f 2063//2063 2064//2064 2129//2129
f 2063//2063 2129//2129 2128//2128
f 2064//2064 2065//2065 2130//2130
f 2064//2064 2130//2130 2129//2129
f 2065//2065 2066//2066 2131//2131
f 2065//2065 2131//2131 2130//2130
f 2066//2066 2067//2067 2132//2132
f 2066//2066 2132//2132 2131//2131
f 2067//2067 2068//2068 2133//2133
f 2067//2067 2133//2133 2132//2132
f 2068//2068 2069//2069 2134//2134
f 2068//2068 2134//2134 2133//2133
f 2069//2069 2070//2070 2135//2135
f 2069//2069 2135//2135 2134//2134
f 2070//2070 2071//2071 2136//2136
f 2070//2070 2136//2136 2135//2135
f 2071//2071 2072//2072 2137//2137
f 2071//2071 2137//2137 2136//2136
f 2072//2072 2073//2073 2138//2138
f 2072//2072 2138//2138 2137//2137
f 2073//2073 2074//2074 2139//2139
f 2073//2073 2139//2139 2138//2138
f 2074//2074 2075//2075 2140//2140
f 2074//2074 2140//2140 2139//2139
f 2075//2075 2076//2076 2141//2141
f 2075//2075 2141//2141 2140//2140
f 2076//2076 2077//2077 2142//2142
f 2076//2076 2142//2142 2141//2141
f 2077//2077 2078//2078 2143//2143
f 2077//2077 2143//2143 2142//2142
f 2078//2078 2079//2079 2144//2144
f 2078//2078 2144//2144 2143//2143
f 2079//2079 2080//2080 2145//2145
f 2079//2079 2145//2145 2144//2144
f 2080//2080 2081//2081 2146//2146
f 2080//2080 2146//2146 2145//2145
f 2081//2081 2082//2082 2147//2147
f 2081//2081 2147//2147 2146//2146
f 2082//2082 2083//2083 2148//2148
f 2082//2082 2148//2148 2147//2147
f 2083//2083 2084//2084 2149//2149
f 2083//2083 2149//2149 2148//2148
f 2084//2084 2085//2085 2150//2150
f 2084//2084 2150//2150 2149//2149
f 2085//2085 2086//2086 2151//2151
f 2085//2085 2151//2151 2150//2150
f 2086//2086 2087//2087 2152//2152
f 2086//2086 2152//2152 2151//2151
f 2087//2087 2088//2088 2153//2153
f 2087//2087 2153//2153 2152//2152
f 2088//2088 2089//2089 2154//2154
f 2088//2088 2154//2154 2153//2153
f 2089//2089 2090//2090 2155//2155
f 2089//2089 2155//2155 2154//2154
f 2090//2090 2091//2091 2156//2156
f 2090//2090 2156//2156 2155//2155
f 2091//2091 2092//2092 2157//2157
f 2091//2091 2157//2157 2156//2156
f 2092//2092 2093//2093 2158//2158
f 2092//2092 2158//2158 2157//2157
f 2093//2093 2094//2094 2159//2159
f 2093//2093 2159//2159 2158//2158
f 2094//2094 2095//2095 2160//2160
f 2094//2094 2160//2160 2159//2159
f 2095//2095 2096//2096 2161//2161
f 2095//2095 2161//2161 2160//2160
f 2096//2096 2097//2097 2162//2162
f 2096//2096 2162//2162 2161//2161
f 2097//2097 2098//2098 2163//2163
f 2097//2097 2163//2163 2162//2162
f 2098//2098 2099//2099 2164//2164
f 2098//2098 2164//2164 2163//2163
f 2099//2099 2100//2100 2165//2165
f 2099//2099 2165//2165 2164//2164
f 2100//2100 2101//2101 2166//2166
f 2100//2100 2166//2166 2165//2165
f 2101//2101 2102//2102 2167//2167
f 2101//2101 2167//2167 2166//2166
f 2102//2102 2103//2103 2168//2168
f 2102//2102 2168//2168 2167//2167
f 2103//2103 2104//2104 2169//2169
f 2103//2103 2169//2169 2168//2168
f 2104//2104 2105//2105 2170//2170
f 2104//2104 2170//2170 2169//2169
f 2105//2105 2106//2106 2171//2171
f 2105//2105 2171//2171 2170//2170
f 2106//2106 2107//2107 2172//2172
f 2106//2106 2172//2172 2171//2171
f 2107//2107 2108//2108 2173//2173
f 2107//2107 2173//2173 2172//2172
f 2108//2108 2109//2109 2174//2174
f 2108//2108 2174//2174 2173//2173
f 2109//2109 2110//2110 2175//2175
f 2109//2109 2175//2175 2174//2174
f 2110//2110 2111//2111 2176//2176
f 2110//2110 2176//2176 2175//2175
f 2111//2111 2112//2112 2177//2177
f 2111//2111 2177//2177 2176//2176
f 2112//2112 2113//2113 2178//2178
f 2112//2112 2178//2178 2177//2177
f 2113//2113 2114//2114 2179//2179
f 2113//2113 2179//2179 2178//2178
f 2114//2114 2115//2115 2180//2180
f 2114//2114 2180//2180 2179//2179
f 2115//2115 2116//2116 2181//2181
f 2115//2115 2181//2181 2180//2180
f 2116//2116 2117//2117 2182//2182
f 2116//2116 2182//2182 2181//2181
f 2117//2117 2118//2118 2183//2183
f 2117//2117 2183//2183 2182//2182
f 2118//2118 2119//2119 2184//2184
f 2118//2118 2184//2184 2183//2183
f 2119//2119 2120//2120 2185//2185
f 2119//2119 2185//2185 2184//2184
f 2120//2120 2121//2121 2186//2186
f 2120//2120 2186//2186 2185//2185
f 2121//2121 2122//2122 2187//2187
f 2121//2121 2187//2187 2186//2186
f 2122//2122 2123//2123 2188//2188
f 2122//2122 2188//2188 2187//2187
f 2124//2124 2125//2125 2190//2190
f 2124//2124 2190//2190 2189//2189
f 2125//2125 2126//2126 2191//2191
f 2125//2125 2191//2191 2190//2190
f 2126//2126 2127//2127 2192//2192
f 2126//2126 2192//2192 2191//2191
f 2127//2127 2128//2128 2193//2193
f 2127//2127 2193//2193 2192//2192
f 2128//2128 2129//2129 2194//2194
f 2128//2128 2194//2194 2193//2193
f 2129//2129 2130//2130 2195//2195
f 2129//2129 2195//2195 2194//2194
f 2130//2130 2131//2131 2196//2196
f 2130//2130 2196//2196 2195//2195
f 2131//2131 2132//2132 2197//2197
f 2131//2131 2197//2197 2196//2196
f 2132//2132 2133//2133 2198//2198
f 2132//2132 2198//2198 2197//2197
f 2133//2133 2134//2134 2199//2199
f 2133//2133 2199//2199 2198//2198
f 2134//2134 2135//2135 2200//2200
f 2134//2134 2200//2200 2199//2199
f 2135//2135 2136//2136 2201//2201
f 2135//2135 2201//2201 2200//2200
f 2136//2136 2137//2137 2202//2202
f 2136//2136 2202//2202 2201//2201
f 2137//2137 2138//2138 2203//2203
f 2137//2137 2203//2203 2202//2202
f 2138//2138 2139//2139 2204//2204
f 2138//2138 2204//2204 2203//2203
f 2139//2139 2140//2140 2205//2205
f 2139//2139 2205//2205 2204//2204
f 2140//2140 2141//2141 2206//2206
f 2140//2140 2206//2206 2205//2205
f 2141//2141 2142//2142 2207//2207
f 2141//2141 2207//2207 2206//2206
f 2142//2142 2143//2143 2208//2208
f 2142//2142 2208//2208 2207//2207
f 2143//2143 2144//2144 2209//2209
f 2143//2143 2209//2209 2208//2208
f 2144//2144 2145//2145 2210//2210
f 2144//2144 2210//2210 2209//2209
f 2145//2145 2146//2146 2211//2211
f 2145//2145 2211//2211 2210//2210
f 2146//2146 2147//2147 2212//2212
f 2146//2146 2212//2212 2211//2211
f 2147//2147 2148//2148 2213//2213
f 2147//2147 2213//2213 2212//2212
f 2148//2148 2149//2149 2214//2214
f 2148//2148 2214//2214 2213//2213
f 2149//2149 2150//2150 2215//2215
f 2149//2149 2215//2215 2214//2214
f 2150//2150 2151//2151 2216//2216
f 2150//2150 2216//2216 2215//2215
f 2151//2151 2152//2152 2217//2217
f 2151//2151 2217//2217 2216//2216
f 2152//2152 2153//2153 2218//2218
f 2152//2152 2218//2218 2217//2217
f 2153//2153 2154//2154 2219//2219
f 2153//2153 2219//2219 2218//2218
f 2154//2154 2155//2155 2220//2220
f 2154//2154 2220//2220 2219//2219
f 2155//2155 2156//2156 2221//2221
f 2155//2155 2221//2221 2220//2220
f 2156//2156 2157//2157 2222//2222
f 2156//2156 2222//2222 2221//2221
f 2157//2157 2158//2158 2223//2223
f 2157//2157 2223//2223 2222//2222
f 2158//2158 2159//2159 2224//2224
f 2158//2158 2224//2224 2223//2223
f 2159//2159 2160//2160 2225//2225
f 2159//2159 2225//2225 2224//2224
f 2160//2160 2161//2161 2226//2226
f 2160//2160 2226//2226 2225//2225
f 2161//2161 2162//2162 2227//2227
f 2161//2161 2227//2227 2226//2226
f 2162//2162 2163//2163 2228//2228
f 2162//2162 2228//2228 2227//2227
f 2163//2163 2164//2164 2229//2229
f 2163//2163 2229//2229 2228//2228
f 2164//2164 2165//2165 2230//2230
f 2164//2164 2230//2230 2229//2229
f 2165//2165 2166//2166 2231//2231
f 2165//2165 2231//2231 2230//2230
f 2166//2166 2167//2167 2232//2232
f 2166//2166 2232//2232 2231//2231
f 2167//2167 2168//2168 2233//2233
f 2167//2167 2233//2233 2232//2232
f 2168//2168 2169//2169 2234//2234
f 2168//2168 2234//2234 2233//2233
f 2169//2169 2170//2170 2235//2235
f 2169//2169 2235//2235 2234//2234
f 2170//2170 2171//2171 2236//2236
f 2170//2170 2236//2236 2235//2235
f 2171//2171 2172//2172 2237//2237
f 2171//2171 2237//2237 2236//2236
f 2172//2172 2173//2173 2238//2238
f 2172//2172 2238//2238 2237//2237
f 2173//2173 2174//2174 2239//2239
f 2173//2173 2239//2239 2238//2238
f 2174//2174 2175//2175 2240//2240
f 2174//2174 2240//2240 2239//2239
f 2175//2175 2176//2176 2241//2241
f 2175//2175 2241//2241 2240//2240
f 2176//2176 2177//2177 2242//2242
f 2176//2176 2242//2242 2241//2241
f 2177//2177 2178//2178 2243//2243
f 2177//2177 2243//2243 2242//2242
f 2178//2178 2179//2179 2244//2244
f 2178//2178 2244//2244 2243//2243
f 2179//2179 2180//2180 2245//2245
f 2179//2179 2245//2245 2244//2244
f 2180//2180 2181//2181 2246//2246
f 2180//2180 2246//2246 2245//2245
f 2181//2181 2182//2182 2247//2247
f 2181//2181 2247//2247 2246//2246
f 2182//2182 2183//2183 2248//2248
f 2182//2182 2248//2248 2247//2247
f 2183//2183 2184//2184 2249//2249
f 2183//2183 2249//2249 2248//2248
f 2184//2184 2185//2185 2250//2250
f 2184//2184 2250//2250 2249//2249
f 2185//2185 2186//2186 2251//2251
f 2185//2185 2251//2251 2250//2250
f 2186//2186 2187//2187 2252//2252
f 2186//2186 2252//2252 2251//2251
f 2187//2187 2188//2188 2253//2253
f 2187//2187 2253//2253 2252//2252
f 2195//2195 2196//2196 2255//2255
f 2195//2195 2255//2255 2254//2254
f 2196//2196 2197//2197 2256//2256
f 2196//2196 2256//2256 2255//2255
f 2197//2197 2198//2198 2257//2257
f 2197//2197 2257//2257 2256//2256
f 2198//2198 2199//2199 2258//2258
f 2198//2198 2258//2258 2257//2257
f 2199//2199 2200//2200 2259//2259
f 2199//2199 2259//2259 2258//2258
f 2200//2200 2201//2201 2260//2260
f 2200//2200 2260//2260 2259//2259
f 2201//2201 2202//2202 2261//2261
f 2201//2201 2261//2261 2260//2260
f 2202//2202 2203//2203 2262//2262
f 2202//2202 2262//2262 2261//2261
f 2203//2203 2204//2204 2263//2263
f 2203//2203 2263//2263 2262//2262
f 2204//2204 2205//2205 2264//2264
f 2204//2204 2264//2264 2263//2263
f 2205//2205 2206//2206 2265//2265
f 2205//2205 2265//2265 2264//2264
f 2206//2206 2207//2207 2266//2266
f 2206//2206 2266//2266 2265//2265
f 2207//2207 2208//2208 2267//2267
f 2207//2207 2267//2267 2266//2266
f 2208//2208 2209//2209 2268//2268
f 2208//2208 2268//2268 2267//2267
f 2209//2209 2210//2210 2269//2269
f 2209//2209 2269//2269 2268//2268
f 2210//2210 2211//2211 2270//2270
f 2210//2210 2270//2270 2269//2269
f 2211//2211 2212//2212 2271//2271
f 2211//2211 2271//2271 2270//2270
f 2212//2212 2213//2213 2272//2272
f 2212//2212 2272//2272 2271//2271
f 2213//2213 2214//2214 2273//2273
f 2213//2213 2273//2273 2272//2272
f 2214//2214 2215//2215 2274//2274
f 2214//2214 2274//2274 2273//2273
f 2215//2215 2216//2216 2275//2275
f 2215//2215 2275//2275 2274//2274
f 2216//2216 2217//2217 2276//2276
f 2216//2216 2276//2276 2275//2275
f 2217//2217 2218//2218 2277//2277
f 2217//2217 2277//2277 2276//2276
f 2218//2218 2219//2219 2278//2278
f 2218//2218 2278//2278 2277//2277
f 2219//2219 2220//2220 2279//2279
f 2219//2219 2279//2279 2278//2278
f 2220//2220 2221//2221 2280//2280
f 2220//2220 2280//2280 2279//2279
f 2221//2221 2222//2222 2281//2281
f 2221//2221 2281//2281 2280//2280
f 2222//2222 2223//2223 2282//2282
f 2222//2222 2282//2282 2281//2281
f 2223//2223 2224//2224 2283//2283
f 2223//2223 2283//2283 2282//2282
f 2224//2224 2225//2225 2284//2284
f 2224//2224 2284//2284 2283//2283
f 2225//2225 2226//2226 2285//2285
f 2225//2225 2285//2285 2284//2284
f 2226//2226 2227//2227 2286//2286
f 2226//2226 2286//2286 2285//2285
f 2227//2227 2228//2228 2287//2287
f 2227//2227 2287//2287 2286//2286
f 2228//2228 2229//2229 2288//2288
f 2228//2228 2288//2288 2287//2287
f 2229//2229 2230//2230 2289//2289
f 2229//2229 2289//2289 2288//2288
f 2230//2230 2231//2231 2290//2290
f 2230//2230 2290//2290 2289//2289
f 2231//2231 2232//2232 2291//2291
f 2231//2231 2291//2291 2290//2290
f 2232//2232 2233//2233 2292//2292
f 2232//2232 2292//2292 2291//2291
f 2233//2233 2234//2234 2293//2293
f 2233//2233 2293//2293 2292//2292
f 2234//2234 2235//2235 2294//2294
f 2234//2234 2294//2294 2293//2293
f 2235//2235 2236//2236 2295//2295
f 2235//2235 2295//2295 2294//2294
f 2236//2236 2237//2237 2296//2296
f 2236//2236 2296//2296 2295//2295
f 2237//2237 2238//2238 2297//2297
f 2237//2237 2297//2297 2296//2296
f 2238//2238 2239//2239 2298//2298
f 2238//2238 2298//2298 2297//2297
f 2239//2239 2240//2240 2299//2299
f 2239//2239 2299//2299 2298//2298
f 2240//2240 2241//2241 2300//2300
f 2240//2240 2300//2300 2299//2299
f 2241//2241 2242//2242 2301//2301
f 2241//2241 2301//2301 2300//2300
f 2242//2242 2243//2243 2302//2302
f 2242//2242 2302//2302 2301//2301
f 2243//2243 2244//2244 2303//2303
f 2243//2243 2303//2303 2302//2302
f 2244//2244 2245//2245 2304//2304
f 2244//2244 2304//2304 2303//2303
f 2245//2245 2246//2246 2305//2305
f 2245//2245 2305//2305 2304//2304
f 2246//2246 2247//2247 2306//2306
f 2246//2246 2306//2306 2305//2305
f 2247//2247 2248//2248 2307//2307
f 2247//2247 2307//2307 2306//2306
f 2248//2248 2249//2249 2308//2308
f 2248//2248 2308//2308 2307//2307
f 2249//2249 2250//2250 2309//2309
f 2249//2249 2309//2309 2308//2308
f 2250//2250 2251//2251 2310//2310
f 2250//2250 2310//2310 2309//2309
f 2251//2251 2252//2252 2311//2311
f 2251//2251 2311//2311 2310//2310
f 2252//2252 2253//2253 2312//2312
f 2252//2252 2312//2312 2311//2311
f 2260//2260 2261//2261 2314//2314
f 2260//2260 2314//2314 2313//2313
f 2261//2261 2262//2262 2315//2315
f 2261//2261 2315//2315 2314//2314
f 2262//2262 2263//2263 2316//2316
f 2262//2262 2316//2316 2315//2315
f 2263//2263 2264//2264 2317//2317
f 2263//2263 2317//2317 2316//2316
f 2264//2264 2265//2265 2318//2318
f 2264//2264 2318//2318 2317//2317
f 2265//2265 2266//2266 2319//2319
f 2265//2265 2319//2319 2318//2318
f 2266//2266 2267//2267 2320//2320
f 2266//2266 2320//2320 2319//2319
f 2267//2267 2268//2268 2321//2321
f 2267//2267 2321//2321 2320//2320
f 2268//2268 2269//2269 2322//2322
f 2268//2268 2322//2322 2321//2321
f 2269//2269 2270//2270 2323//2323
f 2269//2269 2323//2323 2322//2322
f 2270//2270 2271//2271 2324//2324
f 2270//2270 2324//2324 2323//2323
f 2271//2271 2272//2272 2325//2325
f 2271//2271 2325//2325 2324//2324
f 2272//2272 2273//2273 2326//2326
f 2272//2272 2326//2326 2325//2325
f 2273//2273 2274//2274 2327//2327
f 2273//2273 2327//2327 2326//2326
f 2274//2274 2275//2275 2328//2328
f 2274//2274 2328//2328 2327//2327
f 2275//2275 2276//2276 2329//2329
f 2275//2275 2329//2329 2328//2328
f 2276//2276 2277//2277 2330//2330
f 2276//2276 2330//2330 2329//2329
f 2277//2277 2278//2278 2331//2331
f 2277//2277 2331//2331 2330//2330
f 2278//2278 2279//2279 2332//2332
f 2278//2278 2332//2332 2331//2331
f 2279//2279 2280//2280 2333//2333
f 2279//2279 2333//2333 2332//2332
f 2280//2280 2281//2281 2334//2334
f 2280//2280 2334//2334 2333//2333
f 2281//2281 2282//2282 2335//2335
f 2281//2281 2335//2335 2334//2334
f 2282//2282 2283//2283 2336//2336
f 2282//2282 2336//2336 2335//2335
f 2283//2283 2284//2284 2337//2337
f 2283//2283 2337//2337 2336//2336
f 2284//2284 2285//2285 2338//2338
f 2284//2284 2338//2338 2337//2337
f 2285//2285 2286//2286 2339//2339
f 2285//2285 2339//2339 2338//2338
f 2286//2286 2287//2287 2340//2340
f 2286//2286 2340//2340 2339//2339
f 2287//2287 2288//2288 2341//2341
f 2287//2287 2341//2341 2340//2340
f 2288//2288 2289//2289 2342//2342
f 2288//2288 2342//2342 2341//2341
f 2289//2289 2290//2290 2343//2343
f 2289//2289 2343//2343 2342//2342
f 2290//2290 2291//2291 2344//2344
f 2290//2290 2344//2344 2343//2343
f 2291//2291 2292//2292 2345//2345
f 2291//2291 2345//2345 2344//2344
f 2292//2292 2293//2293 2346//2346
f 2292//2292 2346//2346 2345//2345
f 2293//2293 2294//2294 2347//2347
f 2293//2293 2347//2347 2346//2346
f 2294//2294 2295//2295 2348//2348
f 2294//2294 2348//2348 2347//2347
f 2295//2295 2296//2296 2349//2349
f 2295//2295 2349//2349 2348//2348
f 2296//2296 2297//2297 2350//2350
f 2296//2296 2350//2350 2349//2349
f 2297//2297 2298//2298 2351//2351
f 2297//2297 2351//2351 2350//2350
f 2298//2298 2299//2299 2352//2352
f 2298//2298 2352//2352 2351//2351
f 2299//2299 2300//2300 2353//2353
f 2299//2299 2353//2353 2352//2352
f 2300//2300 2301//2301 2354//2354
f 2300//2300 2354//2354 2353//2353
f 2301//2301 2302//2302 2355//2355
f 2301//2301 2355//2355 2354//2354
f 2302//2302 2303//2303 2356//2356
f 2302//2302 2356//2356 2355//2355
f 2303//2303 2304//2304 2357//2357
f 2303//2303 2357//2357 2356//2356
f 2304//2304 2305//2305 2358//2358
f 2304//2304 2358//2358 2357//2357
f 2305//2305 2306//2306 2359//2359
f 2305//2305 2359//2359 2358//2358
f 2306//2306 2307//2307 2360//2360
f 2306//2306 2360//2360 2359//2359
f 2307//2307 2308//2308 2361//2361
f 2307//2307 2361//2361 2360//2360
f 2308//2308 2309//2309 2362//2362
f 2308//2308 2362//2362 2361//2361
f 2309//2309 2310//2310 2363//2363
f 2309//2309 2363//2363 2362//2362
f 2310//2310 2311//2311 2364//2364
f 2310//2310 2364//2364 2363//2363
f 2311//2311 2312//2312 2365//2365
f 2311//2311 2365//2365 2364//2364
f 2319//2319 2320//2320 2367//2367
f 2319//2319 2367//2367 2366//2366
f 2320//2320 2321//2321 2368//2368
f 2320//2320 2368//2368 2367//2367
f 2321//2321 2322//2322 2369//2369
f 2321//2321 2369//2369 2368//2368
f 2322//2322 2323//2323 2370//2370
f 2322//2322 2370//2370 2369//2369
f 2323//2323 2324//2324 2371//2371
f 2323//2323 2371//2371 2370//2370
f 2324//2324 2325//2325 2372//2372
f 2324//2324 2372//2372 2371//2371
f 2325//2325 2326//2326 2373//2373
f 2325//2325 2373//2373 2372//2372
f 2326//2326 2327//2327 2374//2374
f 2326//2326 2374//2374 2373//2373
f 2327//2327 2328//2328 2375//2375
f 2327//2327 2375//2375 2374//2374
f 2328//2328 2329//2329 2376//2376
f 2328//2328 2376//2376 2375//2375
f 2329//2329 2330//2330 2377//2377
f 2329//2329 2377//2377 2376//2376
f 2330//2330 2331//2331 2378//2378
f 2330//2330 2378//2378 2377//2377
f 2331//2331 2332//2332 2379//2379
f 2331//2331 2379//2379 2378//2378
f 2332//2332 2333//2333 2380//2380
f 2332//2332 2380//2380 2379//2379
f 2333//2333 2334//2334 2381//2381
f 2333//2333 2381//2381 2380//2380
f 2334//2334 2335//2335 2382//2382
f 2334//2334 2382//2382 2381//2381
f 2335//2335 2336//2336 2383//2383
f 2335//2335 2383//2383 2382//2382
f 2336//2336 2337//2337 2384//2384
f 2336//2336 2384//2384 2383//2383
f 2337//2337 2338//2338 2385//2385
f 2337//2337 2385//2385 2384//2384
f 2338//2338 2339//2339 2386//2386
f 2338//2338 2386//2386 2385//2385
f 2339//2339 2340//2340 2387//2387
f 2339//2339 2387//2387 2386//2386
f 2340//2340 2341//2341 2388//2388
f 2340//2340 2388//2388 2387//2387
f 2341//2341 2342//2342 2389//2389
f 2341//2341 2389//2389 2388//2388
f 2342//2342 2343//2343 2390//2390
f 2342//2342 2390//2390 2389//2389
f 2343//2343 2344//2344 2391//2391
f 2343//2343 2391//2391 2390//2390
f 2344//2344 2345//2345 2392//2392
f 2344//2344 2392//2392 2391//2391
f 2345//2345 2346//2346 2393//2393
f 2345//2345 2393//2393 2392//2392
f 2346//2346 2347//2347 2394//2394
f 2346//2346 2394//2394 2393//2393
f 2347//2347 2348//2348 2395//2395
f 2347//2347 2395//2395 2394//2394
f 2348//2348 2349//2349 2396//2396
f 2348//2348 2396//2396 2395//2395
f 2349//2349 2350//2350 2397//2397
f 2349//2349 2397//2397 2396//2396
f 2350//2350 2351//2351 2398//2398
f 2350//2350 2398//2398 2397//2397
f 2351//2351 2352//2352 2399//2399
f 2351//2351 2399//2399 2398//2398
f 2352//2352 2353//2353 2400//2400
f 2352//2352 2400//2400 2399//2399
f 2353//2353 2354//2354 2401//2401
f 2353//2353 2401//2401 2400//2400
f 2354//2354 2355//2355 2402//2402
f 2354//2354 2402//2402 2401//2401
f 2355//2355 2356//2356 2403//2403
f 2355//2355 2403//2403 2402//2402
f 2356//2356 2357//2357 2404//2404
f 2356//2356 2404//2404 2403//2403
f 2357//2357 2358//2358 2405//2405
f 2357//2357 2405//2405 2404//2404
f 2358//2358 2359//2359 2406//2406
f 2358//2358 2406//2406 2405//2405
f 2359//2359 2360//2360 2407//2407
f 2359//2359 2407//2407 2406//2406
f 2360//2360 2361//2361 2408//2408
f 2360//2360 2408//2408 2407//2407
f 2361//2361 2362//2362 2409//2409
f 2361//2361 2409//2409 2408//2408
f 2362//2362 2363//2363 2410//2410
f 2362//2362 2410//2410 2409//2409
f 2363//2363 2364//2364 2411//2411
f 2363//2363 2411//2411 2410//2410
f 2373//2373 2374//2374 2413//2413
f 2373//2373 2413//2413 2412//2412
f 2374//2374 2375//2375 2414//2414
f 2374//2374 2414//2414 2413//2413
f 2375//2375 2376//2376 2415//2415
f 2375//2375 2415//2415 2414//2414
f 2376//2376 2377//2377 2416//2416
f 2376//2376 2416//2416 2415//2415
f 2377//2377 2378//2378 2417//2417
f 2377//2377 2417//2417 2416//2416
f 2378//2378 2379//2379 2418//2418
f 2378//2378 2418//2418 2417//2417
f 2379//2379 2380//2380 2419//2419
f 2379//2379 2419//2419 2418//2418
f 2380//2380 2381//2381 2420//2420
f 2380//2380 2420//2420 2419//2419
f 2381//2381 2382//2382 2421//2421
f 2381//2381 2421//2421 2420//2420
f 2382//2382 2383//2383 2422//2422
f 2382//2382 2422//2422 2421//2421
f 2383//2383 2384//2384 2423//2423
f 2383//2383 2423//2423 2422//2422
f 2384//2384 2385//2385 2424//2424
f 2384//2384 2424//2424 2423//2423
f 2385//2385 2386//2386 2425//2425
f 2385//2385 2425//2425 2424//2424
f 2386//2386 2387//2387 2426//2426
f 2386//2386 2426//2426 2425//2425
f 2387//2387 2388//2388 2427//2427
f 2387//2387 2427//2427 2426//2426
f 2388//2388 2389//2389 2428//2428
f 2388//2388 2428//2428 2427//2427
f 2389//2389 2390//2390 2429//2429
f 2389//2389 2429//2429 2428//2428
f 2390//2390 2391//2391 2430//2430
f 2390//2390 2430//2430 2429//2429
f 2391//2391 2392//2392 2431//2431
f 2391//2391 2431//2431 2430//2430
f 2392//2392 2393//2393 2432//2432
f 2392//2392 2432//2432 2431//2431
f 2393//2393 2394//2394 2433//2433
f 2393//2393 2433//2433 2432//2432
f 2394//2394 2395//2395 2434//2434
f 2394//2394 2434//2434 2433//2433
f 2395//2395 2396//2396 2435//2435
f 2395//2395 2435//2435 2434//2434
f 2396//2396 2397//2397 2436//2436
f 2396//2396 2436//2436 2435//2435
f 2397//2397 2398//2398 2437//2437
f 2397//2397 2437//2437 2436//2436
f 2398//2398 2399//2399 2438//2438
f 2398//2398 2438//2438 2437//2437
f 2399//2399 2400//2400 2439//2439
f 2399//2399 2439//2439 2438//2438
f 2400//2400 2401//2401 2440//2440
f 2400//2400 2440//2440 2439//2439
f 2401//2401 2402//2402 2441//2441
f 2401//2401 2441//2441 2440//2440
f 2402//2402 2403//2403 2442//2442
f 2402//2402 2442//2442 2441//2441
f 2403//2403 2404//2404 2443//2443
f 2403//2403 2443//2443 2442//2442
f 2404//2404 2405//2405 2444//2444
f 2404//2404 2444//2444 2443//2443
f 2405//2405 2406//2406 2445//2445
f 2405//2405 2445//2445 2444//2444
f 2406//2406 2407//2407 2446//2446
f 2406//2406 2446//2446 2445//2445
f 2407//2407 2408//2408 2447//2447
f 2407//2407 2447//2447 2446//2446
f 2408//2408 2409//2409 2448//2448
f 2408//2408 2448//2448 2447//2447
f 2409//2409 2410//2410 2449//2449
f 2409//2409 2449//2449 2448//2448
f 2410//2410 2411//2411 2450//2450
f 2410//2410 2450//2450 2449//2449
f 2418//2418 2419//2419 2452//2452
f 2418//2418 2452//2452 2451//2451
f 2419//2419 2420//2420 2453//2453
f 2419//2419 2453//2453 2452//2452
f 2420//2420 2421//2421 2454//2454
f 2420//2420 2454//2454 2453//2453
f 2421//2421 2422//2422 2455//2455
f 2421//2421 2455//2455 2454//2454
f 2422//2422 2423//2423 2456//2456
f 2422//2422 2456//2456 2455//2455
f 2423//2423 2424//2424 2457//2457
f 2423//2423 2457//2457 2456//2456
f 2424//2424 2425//2425 2458//2458
f 2424//2424 2458//2458 2457//2457
f 2425//2425 2426//2426 2459//2459
f 2425//2425 2459//2459 2458//2458
f 2426//2426 2427//2427 2460//2460
f 2426//2426 2460//2460 2459//2459
f 2427//2427 2428//2428 2461//2461
f 2427//2427 2461//2461 2460//2460
f 2428//2428 2429//2429 2462//2462
f 2428//2428 2462//2462 2461//2461
f 2429//2429 2430//2430 2463//2463
f 2429//2429 2463//2463 2462//2462
f 2430//2430 2431//2431 2464//2464
f 2430//2430 2464//2464 2463//2463
f 2431//2431 2432//2432 2465//2465
f 2431//2431 2465//2465 2464//2464
f 2432//2432 2433//2433 2466//2466
f 2432//2432 2466//2466 2465//2465
f 2433//2433 2434//2434 2467//2467
f 2433//2433 2467//2467 2466//2466
f 2434//2434 2435//2435 2468//2468
f 2434//2434 2468//2468 2467//2467
f 2435//2435 2436//2436 2469//2469
f 2435//2435 2469//2469 2468//2468
f 2436//2436 2437//2437 2470//2470
f 2436//2436 2470//2470 2469//2469
f 2437//2437 2438//2438 2471//2471
f 2437//2437 2471//2471 2470//2470
f 2438//2438 2439//2439 2472//2472
f 2438//2438 2472//2472 2471//2471
f 2439//2439 2440//2440 2473//2473
f 2439//2439 2473//2473 2472//2472
f 2440//2440 2441//2441 2474//2474
f 2440//2440 2474//2474 2473//2473
f 2441//2441 2442//2442 2475//2475
f 2441//2441 2475//2475 2474//2474
f 2442//2442 2443//2443 2476//2476
f 2442//2442 2476//2476 2475//2475
f 2443//2443 2444//2444 2477//2477
f 2443//2443 2477//2477 2476//2476
f 2444//2444 2445//2445 2478//2478
f 2444//2444 2478//2478 2477//2477
f 2445//2445 2446//2446 2479//2479
f 2445//2445 2479//2479 2478//2478
f 2446//2446 2447//2447 2480//2480
f 2446//2446 2480//2480 2479//2479
f 2447//2447 2448//2448 2481//2481
f 2447//2447 2481//2481 2480//2480
f 2448//2448 2449//2449 2482//2482
f 2448//2448 2482//2482 2481//2481
f 2449//2449 2450//2450 2483//2483
f 2449//2449 2483//2483 2482//2482
f 2457//2457 2458//2458 2485//2485
f 2457//2457 2485//2485 2484//2484
f 2458//2458 2459//2459 2486//2486
f 2458//2458 2486//2486 2485//2485
f 2459//2459 2460//2460 2487//2487
f 2459//2459 2487//2487 2486//2486
f 2460//2460 2461//2461 2488//2488
f 2460//2460 2488//2488 2487//2487
f 2461//2461 2462//2462 2489//2489
f 2461//2461 2489//2489 2488//2488
f 2462//2462 2463//2463 2490//2490
f 2462//2462 2490//2490 2489//2489
f 2463//2463 2464//2464 2491//2491
f 2463//2463 2491//2491 2490//2490
f 2464//2464 2465//2465 2492//2492
f 2464//2464 2492//2492 2491//2491
f 2465//2465 2466//2466 2493//2493
f 2465//2465 2493//2493 2492//2492
f 2466//2466 2467//2467 2494//2494
f 2466//2466 2494//2494 2493//2493
f 2467//2467 2468//2468 2495//2495
f 2467//2467 2495//2495 2494//2494
f 2468//2468 2469//2469 2496//2496
f 2468//2468 2496//2496 2495//2495
f 2469//2469 2470//2470 2497//2497
f 2469//2469 2497//2497 2496//2496
f 2470//2470 2471//2471 2498//2498
f 2470//2470 2498//2498 2497//2497
f 2471//2471 2472//2472 2499//2499
f 2471//2471 2499//2499 2498//2498
f 2472//2472 2473//2473 2500//2500
f 2472//2472 2500//2500 2499//2499
f 2473//2473 2474//2474 2501//2501
f 2473//2473 2501//2501 2500//2500
f 2474//2474 2475//2475 2502//2502
f 2474//2474 2502//2502 2501//2501
f 2475//2475 2476//2476 2503//2503
f 2475//2475 2503//2503 2502//2502
f 2476//2476 2477//2477 2504//2504
f 2476//2476 2504//2504 2503//2503
f 2477//2477 2478//2478 2505//2505
f 2477//2477 2505//2505 2504//2504
f 2478//2478 2479//2479 2506//2506
f 2478//2478 2506//2506 2505//2505
f 2479//2479 2480//2480 2507//2507
f 2479//2479 2507//2507 2506//2506
f 2480//2480 2481//2481 2508//2508
f 2480//2480 2508//2508 2507//2507
f 2481//2481 2482//2482 2509//2509
f 2481//2481 2509//2509 2508//2508
f 2482//2482 2483//2483 2510//2510
f 2482//2482 2510//2510 2509//2509
f 2490//2490 2491//2491 2512//2512
f 2490//2490 2512//2512 2511//2511
f 2491//2491 2492//2492 2513//2513
f 2491//2491 2513//2513 2512//2512
f 2492//2492 2493//2493 2514//2514
f 2492//2492 2514//2514 2513//2513
f 2493//2493 2494//2494 2515//2515
f 2493//2493 2515//2515 2514//2514
f 2494//2494 2495//2495 2516//2516
f 2494//2494 2516//2516 2515//2515
f 2495//2495 2496//2496 2517//2517
f 2495//2495 2517//2517 2516//2516
f 2496//2496 2497//2497 2518//2518
f 2496//2496 2518//2518 2517//2517
f 2497//2497 2498//2498 2519//2519
f 2497//2497 2519//2519 2518//2518
f 2498//2498 2499//2499 2520//2520
f 2498//2498 2520//2520 2519//2519
f 2499//2499 2500//2500 2521//2521
f 2499//2499 2521//2521 2520//2520
f 2500//2500 2501//2501 2522//2522
f 2500//2500 2522//2522 2521//2521
f 2501//2501 2502//2502 2523//2523
f 2501//2501 2523//2523 2522//2522
f 2502//2502 2503//2503 2524//2524
f 2502//2502 2524//2524 2523//2523
f 2503//2503 2504//2504 2525//2525
f 2503//2503 2525//2525 2524//2524
f 2504//2504 2505//2505 2526//2526
f 2504//2504 2526//2526 2525//2525
f 2505//2505 2506//2506 2527//2527
f 2505//2505 2527//2527 2526//2526
f 2506//2506 2507//2507 2528//2528
f 2506//2506 2528//2528 2527//2527
f 2507//2507 2508//2508 2529//2529
f 2507//2507 2529//2529 2528//2528
f 2508//2508 2509//2509 2530//2530
f 2508//2508 2530//2530 2529//2529
f 2517//2517 2518//2518 2532//2532
f 2517//2517 2532//2532 2531//2531
f 2518//2518 2519//2519 2533//2533
f 2518//2518 2533//2533 2532//2532
f 2519//2519 2520//2520 2534//2534
f 2519//2519 2534//2534 2533//2533
f 2520//2520 2521//2521 2535//2535
f 2520//2520 2535//2535 2534//2534
f 2521//2521 2522//2522 2536//2536
f 2521//2521 2536//2536 2535//2535
f 2522//2522 2523//2523 2537//2537
f 2522//2522 2537//2537 2536//2536
f 2523//2523 2524//2524 2538//2538
f 2523//2523 2538//2538 2537//2537
f 2524//2524 2525//2525 2539//2539
f 2524//2524 2539//2539 2538//2538
f 2525//2525 2526//2526 2540//2540
f 2525//2525 2540//2540 2539//2539
f 2526//2526 2527//2527 2541//2541
f 2526//2526 2541//2541 2540//2540
f 2527//2527 2528//2528 2542//2542
f 2527//2527 2542//2542 2541//2541
f 2528//2528 2529//2529 2543//2543
f 2528//2528 2543//2543 2542//2542
f 2529//2529 2530//2530 2544//2544
f 2529//2529 2544//2544 2543//2543
f 2537//2537 2538//2538 2546//2546
f 2537//2537 2546//2546 2545//2545
f 2538//2538 2539//2539 2547//2547
f 2538//2538 2547//2547 2546//2546
f 2539//2539 2540//2540 2548//2548
f 2539//2539 2548//2548 2547//2547
f 2540//2540 2541//2541 2549//2549
f 2540//2540 2549//2549 2548//2548
f 2541//2541 2542//2542 2550//2550
f 2541//2541 2550//2550 2549//2549
f 2542//2542 2543//2543 2551//2551
f 2542//2542 2551//2551 2550//2550
f 2543//2543 2544//2544 2552//2552
f 2543//2543 2552//2552 2551//2551
