# Blender 4.5.1 LTS
# www.blender.org
mtllib rock_9.mtl
o namaqualand_stones_01_e_LOD0
v 0.006059 0.006158 -0.050089
v 0.006887 0.007751 -0.049668
v 0.006539 0.004568 -0.050578
v 0.004502 0.006385 -0.047077
v 0.005348 0.005054 -0.049026
v 0.005849 0.002482 -0.049395
v 0.005262 0.003591 -0.048723
v 0.005101 -0.000002 -0.049638
v 0.003907 0.000734 -0.050443
v 0.003236 0.003853 -0.048302
v 0.002876 0.001724 -0.049750
v 0.001939 0.004808 -0.047765
v 0.000462 0.003360 -0.048725
v 0.001296 0.005955 -0.047204
v -0.000729 0.005178 -0.047430
v 0.002267 0.006981 -0.045815
v -0.001243 0.007396 -0.045716
v 0.002005 0.009186 -0.044619
v -0.003698 0.009161 -0.045162
v -0.003669 0.006734 -0.046143
v -0.000568 0.009878 -0.044640
v -0.002360 0.011005 -0.043656
v 0.000069 0.012653 -0.042337
v 0.002000 0.011374 -0.043684
v 0.004029 0.011527 -0.043850
v 0.001505 0.013922 -0.042325
v 0.003750 0.013209 -0.042802
v 0.005646 0.014239 -0.044778
v 0.002660 0.016855 -0.041136
v 0.003480 0.015074 -0.042185
v 0.006176 0.016735 -0.041403
v 0.005350 0.015749 -0.043579
v 0.009403 0.015506 -0.042429
v 0.007069 0.013403 -0.045507
v 0.007108 0.011162 -0.046914
v 0.005476 0.010717 -0.046075
v 0.009148 0.012670 -0.045782
v 0.005920 0.012059 -0.045931
v 0.012066 0.012473 -0.046052
v 0.011035 0.013597 -0.044968
v 0.009023 0.011136 -0.047275
v 0.007682 0.009958 -0.049198
v 0.009497 0.009693 -0.048790
v 0.011657 0.010650 -0.047602
v 0.013623 0.011028 -0.045867
v 0.010362 0.008837 -0.048563
v 0.008852 0.007036 -0.047273
v 0.009311 0.006290 -0.049120
v 0.009764 0.008270 -0.046300
v 0.011510 0.009254 -0.045886
v 0.014529 0.009750 -0.044783
v 0.011292 0.007517 -0.045025
v 0.012823 0.008595 -0.045292
v 0.009570 0.006766 -0.046039
v 0.007653 0.004630 -0.047381
v 0.009408 0.005122 -0.045983
v 0.009055 0.002339 -0.046454
v 0.011440 0.003829 -0.045132
v 0.012631 0.006445 -0.044814
v 0.013954 0.004622 -0.044824
v 0.012917 0.001808 -0.044770
v 0.015155 0.000978 -0.044512
v 0.013429 -0.000149 -0.045002
v 0.011209 0.000004 -0.045595
v 0.014301 -0.001962 -0.044773
v 0.012314 -0.003372 -0.045878
v 0.010545 -0.001460 -0.046554
v 0.009211 0.000089 -0.046715
v 0.006659 0.002397 -0.048137
v 0.008951 -0.002009 -0.047636
v 0.006722 -0.000868 -0.048355
v 0.007247 -0.003619 -0.049076
v 0.005792 -0.002625 -0.049259
v 0.002977 -0.002567 -0.050857
v 0.004788 -0.004449 -0.050094
v 0.003530 -0.005365 -0.050944
v 0.004957 -0.007545 -0.051526
v 0.007458 -0.007211 -0.049630
v 0.002135 -0.005114 -0.052355
v 0.000913 -0.003888 -0.052800
v 0.003147 -0.007776 -0.052451
v 0.001423 -0.007081 -0.053717
v 0.000912 -0.008493 -0.054733
v -0.000582 -0.006293 -0.053948
v 0.003145 -0.010435 -0.053145
v 0.005784 -0.010257 -0.051008
v 0.002419 -0.012561 -0.053301
v 0.001552 -0.011169 -0.054377
v 0.004643 -0.011923 -0.052274
v 0.005806 -0.012569 -0.051427
v 0.003900 -0.013456 -0.053026
v 0.006717 -0.014574 -0.050712
v 0.004613 -0.016613 -0.053357
v 0.003109 -0.014474 -0.053691
v 0.001150 -0.015504 -0.055463
v 0.002839 -0.016152 -0.054573
v 0.000888 -0.017131 -0.055804
v 0.003856 -0.017898 -0.054333
v 0.005742 -0.020157 -0.052876
v 0.003599 -0.019757 -0.054490
v 0.001914 -0.018127 -0.054819
v 0.007112 -0.019067 -0.052389
v 0.007215 -0.021500 -0.053304
v 0.005972 -0.016674 -0.051878
v 0.006858 -0.017304 -0.051047
v 0.009040 -0.019082 -0.051058
v 0.010674 -0.019788 -0.049854
v 0.010039 -0.020980 -0.051037
v 0.008254 -0.016746 -0.050532
v 0.008985 -0.021904 -0.052409
v 0.007672 -0.024429 -0.053445
v 0.011019 -0.022755 -0.051219
v 0.010477 -0.024934 -0.052375
v 0.013285 -0.023500 -0.050249
v 0.012998 -0.021136 -0.048782
v 0.015524 -0.022918 -0.047737
v 0.013668 -0.019042 -0.047246
v 0.011138 -0.018039 -0.048979
v 0.010236 -0.016093 -0.049237
v 0.012068 -0.016339 -0.047904
v 0.014692 -0.016811 -0.046219
v 0.010881 -0.014302 -0.048176
v 0.012749 -0.013443 -0.046801
v 0.014296 -0.011829 -0.045512
v 0.015595 -0.013886 -0.045440
v 0.010346 -0.012147 -0.048062
v 0.013038 -0.011248 -0.046326
v 0.014875 -0.009292 -0.044549
v 0.011595 -0.009574 -0.046889
v 0.011813 -0.006039 -0.046497
v 0.014147 -0.007928 -0.045256
v 0.009209 -0.010131 -0.048515
v 0.008988 -0.007339 -0.048404
v 0.008658 -0.004821 -0.048782
v 0.009998 -0.005669 -0.047684
v 0.007219 -0.012346 -0.050242
v 0.008863 -0.013941 -0.049980
v 0.017174 -0.006582 -0.044267
v 0.013573 -0.006747 -0.045978
v 0.015539 -0.005210 -0.044534
v 0.018605 -0.003904 -0.044176
v 0.016999 -0.001688 -0.044777
v 0.014381 -0.004818 -0.045401
v 0.015487 -0.002816 -0.045363
v 0.016396 0.000136 -0.044851
v 0.018502 -0.001811 -0.044396
v 0.018112 0.000467 -0.044577
v 0.019469 0.000820 -0.043895
v 0.020733 -0.002620 -0.043355
v 0.022922 -0.000772 -0.041984
v 0.021308 0.000061 -0.042478
v 0.021727 -0.004516 -0.042707
v 0.019407 -0.006017 -0.043258
v 0.021216 -0.008414 -0.042696
v 0.017272 -0.008690 -0.044092
v 0.019523 -0.007640 -0.043346
v 0.019276 -0.009233 -0.043437
v 0.021639 -0.009986 -0.043201
v 0.018358 -0.010651 -0.044128
v 0.017695 -0.013369 -0.045026
v 0.016475 -0.011108 -0.044538
v 0.020413 -0.012557 -0.043696
v 0.021927 -0.013677 -0.043359
v 0.018616 -0.015081 -0.044831
v 0.020448 -0.015545 -0.043948
v 0.020190 -0.018284 -0.044561
v 0.022106 -0.017111 -0.043625
v 0.018208 -0.017277 -0.045208
v 0.017124 -0.017186 -0.045677
v 0.017954 -0.019481 -0.045155
v 0.018046 -0.022273 -0.045664
v 0.019582 -0.022657 -0.044461
v 0.020966 -0.020605 -0.043784
v 0.015810 -0.020245 -0.046384
v 0.016122 -0.023697 -0.046792
v 0.015967 -0.025543 -0.048336
v 0.017159 -0.025772 -0.046518
v 0.019674 -0.024309 -0.044897
v 0.018081 -0.025506 -0.045332
v 0.014623 -0.026911 -0.047035
v 0.015706 -0.027067 -0.044538
v 0.012578 -0.026916 -0.049982
v 0.014910 -0.025949 -0.049413
v 0.011924 -0.028172 -0.047773
v 0.013307 -0.028379 -0.045523
v 0.011539 -0.028780 -0.046099
v 0.013100 -0.028934 -0.044005
v 0.012089 -0.031182 -0.043507
v 0.016081 -0.027762 -0.042997
v 0.015913 -0.029749 -0.042174
v 0.013992 -0.029884 -0.043011
v 0.010702 -0.029697 -0.044870
v 0.010357 -0.029652 -0.047088
v 0.009326 -0.030698 -0.044997
v 0.010255 -0.032256 -0.043840
v 0.007037 -0.032489 -0.044737
v 0.009190 -0.032727 -0.041190
v 0.012464 -0.032421 -0.042631
v 0.014837 -0.031675 -0.042230
v 0.014487 -0.032462 -0.040933
v 0.012431 -0.032350 -0.040339
v 0.015409 -0.032192 -0.038045
v 0.012669 -0.032864 -0.038656
v 0.013746 -0.032298 -0.036012
v 0.010133 -0.032497 -0.037944
v 0.010560 -0.032323 -0.034672
v 0.007452 -0.031996 -0.038384
v 0.008704 -0.032170 -0.036129
v 0.006671 -0.031621 -0.035454
v 0.007547 -0.031441 -0.033099
v 0.005131 -0.030769 -0.031758
v 0.010501 -0.031508 -0.030510
v 0.008253 -0.030889 -0.030570
v 0.006535 -0.030326 -0.028196
v 0.009594 -0.030739 -0.027712
v 0.012174 -0.030626 -0.025509
v 0.010176 -0.030646 -0.025698
v 0.008168 -0.030065 -0.025821
v 0.012940 -0.031373 -0.028281
v 0.015192 -0.031770 -0.028171
v 0.013604 -0.031310 -0.026557
v 0.013145 -0.031592 -0.030468
v 0.015844 -0.031986 -0.031775
v 0.012482 -0.031861 -0.033498
v 0.014521 -0.032083 -0.033250
v 0.016366 -0.032289 -0.035586
v 0.019663 -0.032069 -0.036667
v 0.018809 -0.032231 -0.033453
v 0.018964 -0.031996 -0.031362
v 0.021444 -0.032520 -0.032669
v 0.021950 -0.032230 -0.036168
v 0.023938 -0.031179 -0.036976
v 0.022725 -0.029603 -0.038293
v 0.024305 -0.032228 -0.032236
v 0.024939 -0.032256 -0.033968
v 0.025553 -0.030771 -0.032633
v 0.026382 -0.029210 -0.035641
v 0.025625 -0.031101 -0.035661
v 0.025154 -0.029873 -0.036706
v 0.024638 -0.028517 -0.038713
v 0.026070 -0.028772 -0.036957
v 0.025881 -0.029100 -0.037967
v 0.026064 -0.026138 -0.039582
v 0.025669 -0.027337 -0.039714
v 0.024507 -0.026552 -0.041084
v 0.024728 -0.025092 -0.040514
v 0.023059 -0.028563 -0.039641
v 0.019665 -0.030188 -0.039016
v 0.020552 -0.028004 -0.041054
v 0.022052 -0.027170 -0.041997
v 0.019759 -0.026260 -0.044259
v 0.022616 -0.025778 -0.043104
v 0.019010 -0.027386 -0.042964
v 0.019528 -0.029376 -0.039831
v 0.016955 -0.029022 -0.041636
v 0.016438 -0.029405 -0.040318
v 0.016184 -0.031249 -0.041457
v 0.015972 -0.030806 -0.039207
v 0.016818 -0.030885 -0.038708
v 0.020987 -0.022463 -0.044028
v 0.023302 -0.023052 -0.042500
v 0.023852 -0.024171 -0.041701
v 0.025523 -0.021908 -0.040697
v 0.026006 -0.019485 -0.040953
v 0.022797 -0.019962 -0.042013
v 0.027490 -0.022355 -0.039642
v 0.029569 -0.018431 -0.040746
v 0.027638 -0.019755 -0.040611
v 0.030409 -0.020410 -0.039873
v 0.028635 -0.024800 -0.038551
v 0.029120 -0.023057 -0.039080
v 0.030917 -0.022055 -0.039301
v 0.029795 -0.023483 -0.037841
v 0.030473 -0.021922 -0.036285
v 0.028974 -0.025501 -0.037326
v 0.028431 -0.025644 -0.033795
v 0.027809 -0.026885 -0.037503
v 0.027249 -0.027499 -0.035193
v 0.026669 -0.028221 -0.031938
v 0.024418 -0.032183 -0.028660
v 0.028023 -0.025431 -0.031921
v 0.025644 -0.029824 -0.028826
v 0.027862 -0.025913 -0.028988
v 0.029218 -0.023384 -0.030582
v 0.027836 -0.027570 -0.025634
v 0.027011 -0.028085 -0.027197
v 0.029558 -0.024283 -0.027040
v 0.029676 -0.023031 -0.027995
v 0.031125 -0.021019 -0.028132
v 0.030077 -0.021394 -0.031749
v 0.031628 -0.018936 -0.030435
v 0.032150 -0.019308 -0.026646
v 0.033607 -0.015655 -0.027916
v 0.034620 -0.013966 -0.025879
v 0.031909 -0.020487 -0.023607
v 0.030572 -0.023220 -0.023875
v 0.033886 -0.016513 -0.023223
v 0.035488 -0.012383 -0.024986
v 0.032735 -0.017991 -0.021664
v 0.034849 -0.013017 -0.021796
v 0.034156 -0.016395 -0.021601
v 0.032579 -0.016499 -0.016296
v 0.033251 -0.017118 -0.018132
v 0.034258 -0.014211 -0.018594
v 0.033331 -0.013765 -0.014174
v 0.035422 -0.010600 -0.016279
v 0.035700 -0.011721 -0.020163
v 0.036004 -0.010486 -0.021544
v 0.036488 -0.009811 -0.024558
v 0.036701 -0.008826 -0.021793
v 0.036063 -0.008391 -0.018005
v 0.035200 -0.009906 -0.017385
v 0.036154 -0.009018 -0.014105
v 0.036649 -0.008611 -0.010838
v 0.034424 -0.012239 -0.011517
v 0.037590 -0.006231 -0.015588
v 0.039109 -0.004627 -0.012140
v 0.039712 -0.002653 -0.014792
v 0.038411 -0.004310 -0.018120
v 0.039504 -0.002952 -0.017400
v 0.037042 -0.005939 -0.019683
v 0.038927 -0.004457 -0.022637
v 0.039279 -0.005087 -0.024444
v 0.039394 -0.003628 -0.020339
v 0.040629 -0.001466 -0.021795
v 0.041949 -0.000101 -0.023481
v 0.042414 0.000050 -0.019088
v 0.042746 0.001432 -0.021714
v 0.044805 0.004503 -0.023948
v 0.043109 0.001973 -0.024459
v 0.043602 0.003301 -0.018949
v 0.045204 0.005896 -0.021379
v 0.045807 0.006705 -0.019948
v 0.046725 0.006986 -0.023580
v 0.048438 0.009877 -0.023581
v 0.047604 0.008055 -0.025381
v 0.045687 0.005008 -0.026234
v 0.046399 0.004923 -0.028430
v 0.044311 0.003177 -0.027840
v 0.042700 0.000304 -0.029221
v 0.044931 0.003082 -0.031547
v 0.041964 0.000797 -0.026577
v 0.040171 -0.003327 -0.026861
v 0.040512 -0.002351 -0.024694
v 0.038721 -0.006317 -0.029010
v 0.041442 -0.002495 -0.030249
v 0.039867 -0.003942 -0.029391
v 0.040311 -0.005182 -0.030744
v 0.040966 -0.005231 -0.033241
v 0.039718 -0.007419 -0.032005
v 0.037898 -0.009286 -0.030201
v 0.037755 -0.010003 -0.033085
v 0.037224 -0.010918 -0.037499
v 0.038858 -0.008317 -0.035948
v 0.036413 -0.012379 -0.032066
v 0.034469 -0.014672 -0.033688
v 0.034873 -0.014319 -0.036394
v 0.034008 -0.016248 -0.037857
v 0.035890 -0.013620 -0.038638
v 0.032982 -0.017481 -0.033923
v 0.034793 -0.014900 -0.038975
v 0.033553 -0.013865 -0.039283
v 0.033108 -0.017183 -0.039360
v 0.031809 -0.014689 -0.040140
v 0.030740 -0.017817 -0.040242
v 0.032091 -0.019443 -0.039630
v 0.031850 -0.018835 -0.036283
v 0.030582 -0.021557 -0.033859
v 0.029485 -0.015149 -0.040766
v 0.027422 -0.013952 -0.041227
v 0.028396 -0.013449 -0.040756
v 0.029990 -0.013580 -0.040710
v 0.026786 -0.015638 -0.040947
v 0.028624 -0.016897 -0.040790
v 0.026792 -0.017629 -0.041081
v 0.025405 -0.016454 -0.041164
v 0.026484 -0.017189 -0.040733
v 0.024162 -0.017034 -0.041894
v 0.025045 -0.014605 -0.041063
v 0.023287 -0.017930 -0.042129
v 0.023767 -0.014549 -0.042761
v 0.025014 -0.013132 -0.042269
v 0.023880 -0.011065 -0.042370
v 0.023433 -0.008865 -0.042182
v 0.026055 -0.011516 -0.041417
v 0.026146 -0.009558 -0.040979
v 0.025825 -0.007243 -0.040985
v 0.029544 -0.010026 -0.040636
v 0.027493 -0.007786 -0.040564
v 0.028920 -0.007565 -0.040104
v 0.027924 -0.006224 -0.039661
v 0.028230 -0.004377 -0.038995
v 0.030110 -0.005442 -0.039014
v 0.026141 -0.003759 -0.039943
v 0.028441 -0.001390 -0.038510
v 0.024198 -0.004149 -0.041317
v 0.025470 -0.002535 -0.040506
v 0.027174 0.000562 -0.039261
v 0.025810 0.000538 -0.040340
v 0.023964 -0.002453 -0.041280
v 0.025469 0.002897 -0.040915
v 0.024728 0.001119 -0.040662
v 0.028962 0.002657 -0.038840
v 0.031061 0.004108 -0.037419
v 0.031233 0.000777 -0.037606
v 0.029471 0.000502 -0.038325
v 0.029687 0.005252 -0.038928
v 0.026968 0.004473 -0.040035
v 0.025096 0.004414 -0.041149
v 0.026728 0.005798 -0.040648
v 0.024244 0.006694 -0.042059
v 0.029305 0.007425 -0.039244
v 0.026100 0.008373 -0.040472
v 0.023295 0.008800 -0.041940
v 0.027572 0.010034 -0.039375
v 0.025048 0.010750 -0.040495
v 0.026649 0.012097 -0.038970
v 0.023266 0.010690 -0.041259
v 0.024510 0.012561 -0.040572
v 0.025563 0.013395 -0.039462
v 0.023517 0.013788 -0.041016
v 0.026678 0.014175 -0.038138
v 0.024695 0.015260 -0.039253
v 0.021313 0.014966 -0.040517
v 0.022929 0.016736 -0.038537
v 0.026871 0.014699 -0.038148
v 0.026339 0.016811 -0.037752
v 0.025371 0.018585 -0.036713
v 0.027649 0.019189 -0.035684
v 0.029126 0.016176 -0.036158
v 0.029967 0.018041 -0.035610
v 0.030370 0.015180 -0.036006
v 0.032321 0.018119 -0.034935
v 0.032273 0.016171 -0.035137
v 0.031893 0.013390 -0.035920
v 0.033892 0.015414 -0.035180
v 0.034666 0.017486 -0.033990
v 0.036296 0.014996 -0.033728
v 0.035499 0.019250 -0.032993
v 0.036853 0.017980 -0.032498
v 0.033331 0.019982 -0.033642
v 0.034158 0.022417 -0.032150
v 0.031332 0.020799 -0.034329
v 0.029839 0.022134 -0.034214
v 0.031697 0.022238 -0.033308
v 0.030245 0.020038 -0.034753
v 0.027279 0.023561 -0.033267
v 0.028709 0.019214 -0.035136
v 0.026657 0.021320 -0.034940
v 0.024498 0.021429 -0.034130
v 0.026037 0.023504 -0.030997
v 0.023092 0.018624 -0.036326
v 0.022918 0.020942 -0.034017
v 0.023671 0.022341 -0.031881
v 0.023213 0.023455 -0.032555
v 0.024896 0.024373 -0.030055
v 0.023175 0.025122 -0.031373
v 0.026347 0.024945 -0.028288
v 0.025485 0.026480 -0.028754
v 0.025191 0.024667 -0.026789
v 0.024733 0.026687 -0.029970
v 0.028462 0.024855 -0.031383
v 0.025457 0.024884 -0.025969
v 0.028808 0.024144 -0.027621
v 0.029956 0.023551 -0.027785
v 0.028978 0.023498 -0.025127
v 0.027317 0.024265 -0.025141
v 0.027070 0.023798 -0.023761
v 0.028048 0.022916 -0.022214
v 0.030683 0.021890 -0.024573
v 0.032458 0.020803 -0.023224
v 0.027845 0.022268 -0.020812
v 0.030842 0.021000 -0.021394
v 0.034162 0.021089 -0.025779
v 0.031986 0.021742 -0.027793
v 0.032980 0.023468 -0.031304
v 0.034517 0.021012 -0.029200
v 0.031292 0.023518 -0.029988
v 0.031898 0.023967 -0.032747
v 0.030291 0.024037 -0.030464
v 0.029270 0.024707 -0.032860
v 0.035233 0.021135 -0.030626
v 0.036081 0.020832 -0.029268
v 0.036160 0.020832 -0.031735
v 0.038074 0.020969 -0.029341
v 0.036571 0.020422 -0.024438
v 0.038356 0.020347 -0.025979
v 0.040635 0.020091 -0.026305
v 0.040015 0.021090 -0.029423
v 0.039444 0.019393 -0.024288
v 0.042809 0.018767 -0.024658
v 0.040914 0.019200 -0.023317
v 0.038845 0.018529 -0.020290
v 0.036806 0.019864 -0.022439
v 0.042363 0.019544 -0.026489
v 0.043618 0.019896 -0.027465
v 0.043999 0.018229 -0.026095
v 0.045403 0.017478 -0.024716
v 0.044157 0.018029 -0.023646
v 0.046730 0.017239 -0.026911
v 0.047669 0.017107 -0.025530
v 0.050326 0.015744 -0.026842
v 0.048974 0.015330 -0.028230
v 0.046785 0.017321 -0.027912
v 0.044546 0.018832 -0.028300
v 0.042710 0.017343 -0.029619
v 0.041674 0.020347 -0.029125
v 0.045688 0.016654 -0.028305
v 0.044727 0.016630 -0.028835
v 0.044089 0.015739 -0.029856
v 0.044559 0.013851 -0.029970
v 0.046383 0.013674 -0.029605
v 0.046994 0.015380 -0.028785
v 0.040968 0.016422 -0.030299
v 0.042173 0.014235 -0.030698
v 0.039295 0.015123 -0.031505
v 0.043174 0.011988 -0.030396
v 0.041037 0.012550 -0.031165
v 0.043774 0.010571 -0.029737
v 0.039403 0.012673 -0.032436
v 0.037696 0.015057 -0.032745
v 0.037164 0.013144 -0.033409
v 0.040549 0.009622 -0.031970
v 0.037824 0.010520 -0.033554
v 0.035027 0.011156 -0.035203
v 0.035651 0.008647 -0.035381
v 0.038217 0.008393 -0.033930
v 0.036028 0.012848 -0.034493
v 0.033838 0.012747 -0.035746
v 0.033417 0.009867 -0.036432
v 0.032029 0.008616 -0.037642
v 0.030830 0.012156 -0.037388
v 0.029750 0.013847 -0.037010
v 0.028735 0.012607 -0.037810
v 0.029309 0.010154 -0.038653
v 0.033867 0.006333 -0.036535
v 0.032093 0.005611 -0.037457
v 0.034553 0.004388 -0.035551
v 0.032401 0.003177 -0.036495
v 0.033343 0.001742 -0.036359
v 0.036371 0.002761 -0.034824
v 0.034380 -0.000483 -0.036984
v 0.032452 -0.002509 -0.036965
v 0.035797 0.000879 -0.035924
v 0.037396 -0.000273 -0.035584
v 0.037618 0.002573 -0.034092
v 0.035610 -0.001266 -0.036264
v 0.033665 -0.003662 -0.037625
v 0.037934 -0.002898 -0.035432
v 0.039906 -0.002075 -0.034915
v 0.040912 -0.005538 -0.034682
v 0.038448 -0.005723 -0.035887
v 0.035097 -0.003992 -0.036912
v 0.036778 -0.005547 -0.037027
v 0.037248 -0.007999 -0.036908
v 0.035199 -0.006696 -0.038024
v 0.034534 -0.009300 -0.038422
v 0.034107 -0.006254 -0.037987
v 0.035716 -0.009852 -0.037660
v 0.033307 -0.010279 -0.039269
v 0.035157 -0.012111 -0.038865
v 0.031802 -0.011953 -0.039853
v 0.031716 -0.009236 -0.039962
v 0.030674 -0.007651 -0.039446
v 0.032356 -0.007400 -0.038402
v 0.032163 -0.005997 -0.037826
v 0.030314 -0.003691 -0.038235
v 0.041634 -0.002411 -0.034092
v 0.041359 -0.003299 -0.034753
v 0.043132 0.000694 -0.032936
v 0.041592 -0.000177 -0.033776
v 0.042555 -0.000570 -0.031749
v 0.043755 0.002167 -0.032176
v 0.041764 0.003824 -0.031822
v 0.040704 0.002365 -0.032612
v 0.043983 0.005544 -0.031027
v 0.043192 0.005875 -0.030663
v 0.046544 0.005200 -0.029877
v 0.044474 0.008157 -0.029844
v 0.048128 0.007599 -0.028991
v 0.042556 0.008408 -0.030798
v 0.046410 0.009774 -0.029339
v 0.049049 0.011794 -0.028581
v 0.046504 0.011722 -0.029160
v 0.048509 0.009931 -0.028905
v 0.049963 0.009576 -0.028502
v 0.050114 0.011420 -0.025373
v 0.050984 0.011576 -0.027599
v 0.052255 0.014244 -0.025927
v 0.050957 0.013000 -0.027893
v 0.048537 0.013747 -0.028771
v 0.051088 0.015018 -0.023508
v 0.050703 0.016180 -0.025305
v 0.052150 0.014004 -0.023956
v 0.051654 0.013625 -0.022150
v 0.051103 0.014475 -0.020775
v 0.051987 0.013085 -0.020013
v 0.050585 0.011591 -0.021667
v 0.050438 0.013902 -0.018107
v 0.050244 0.010964 -0.015632
v 0.051164 0.012056 -0.017229
v 0.048832 0.009367 -0.017905
v 0.047397 0.007438 -0.017859
v 0.048608 0.009504 -0.016017
v 0.049743 0.010211 -0.013087
v 0.046643 0.006973 -0.011789
v 0.046363 0.005999 -0.015048
v 0.045312 0.005140 -0.013017
v 0.045471 0.004995 -0.017448
v 0.043930 0.002613 -0.015643
v 0.044652 0.004328 -0.010771
v 0.042968 0.000556 -0.013940
v 0.044142 0.002625 -0.011598
v 0.041215 -0.001349 -0.011143
v 0.045843 0.003552 -0.009213
v 0.043395 0.001026 -0.010364
v 0.043138 0.000912 -0.008234
v 0.045366 0.003239 -0.006833
v 0.042199 -0.001039 -0.005731
v 0.041331 -0.002105 -0.007419
v 0.043645 0.001353 -0.005015
v 0.042977 -0.000093 -0.003410
v 0.043806 0.001390 -0.001727
v 0.044543 0.001987 0.001705
v 0.046229 0.004040 -0.001776
v 0.042180 -0.000970 -0.000478
v 0.046352 0.004387 -0.005065
v 0.047935 0.006578 -0.005081
v 0.047323 0.006467 -0.007744
v 0.049252 0.007585 -0.006570
v 0.047708 0.007767 -0.009729
v 0.049328 0.009533 -0.009007
v 0.048444 0.010198 -0.008689
v 0.049248 0.010859 -0.010720
v 0.048461 0.008738 -0.006045
v 0.046527 0.011148 -0.008307
v 0.046639 0.010130 -0.006426
v 0.048435 0.007572 -0.003728
v 0.047414 0.009319 -0.003236
v 0.048060 0.009090 -0.000827
v 0.044274 0.010439 -0.004129
v 0.045570 0.010338 -0.000777
v 0.043116 0.010966 -0.000699
v 0.046027 0.009600 0.002488
v 0.042230 0.011540 0.001508
v 0.047025 0.008800 0.004201
v 0.048551 0.008854 0.001615
v 0.043327 0.010832 0.004736
v 0.039383 0.012628 0.005724
v 0.040035 0.012296 0.002876
v 0.041189 0.011382 0.007373
v 0.044027 0.009755 0.005836
v 0.045247 0.008924 0.008773
v 0.043999 0.009610 0.009189
v 0.042637 0.010686 0.007792
v 0.042885 0.010499 0.010183
v 0.040404 0.012260 0.010724
v 0.038777 0.013130 0.010434
v 0.039199 0.012704 0.012465
v 0.041881 0.011321 0.012301
v 0.039172 0.012587 0.007833
v 0.037394 0.013241 0.005858
v 0.036198 0.014169 0.006360
v 0.034596 0.015083 0.006920
v 0.034966 0.015418 0.008844
v 0.036193 0.014427 0.010137
v 0.035284 0.013775 0.003572
v 0.037686 0.012878 0.002836
v 0.036424 0.013131 0.000816
v 0.040500 0.012291 -0.000974
v 0.038976 0.012763 -0.001911
v 0.041640 0.011285 -0.004206
v 0.036399 0.014077 -0.001604
v 0.036468 0.014110 -0.004232
v 0.033469 0.014899 -0.001638
v 0.034966 0.014771 -0.002846
v 0.037608 0.013146 -0.003557
v 0.035652 0.013820 0.000044
v 0.033624 0.014586 0.000258
v 0.031354 0.016080 -0.001477
v 0.031022 0.015332 0.001443
v 0.032277 0.014807 0.002067
v 0.033248 0.014735 0.003357
v 0.031886 0.015725 0.004456
v 0.032975 0.015352 0.005884
v 0.033220 0.015933 0.008597
v 0.032462 0.015358 0.007570
v 0.029723 0.016738 0.008485
v 0.030778 0.016239 0.009002
v 0.029371 0.016626 0.006102
v 0.027515 0.017445 0.007241
v 0.029335 0.017437 0.003344
v 0.026602 0.018675 0.004353
v 0.026139 0.019221 0.002145
v 0.024004 0.019495 0.006731
v 0.023348 0.019946 0.003819
v 0.023022 0.020726 0.001445
v 0.023847 0.022042 0.007415
v 0.023596 0.022378 0.004422
v 0.023246 0.022671 0.002132
v 0.023771 0.023548 0.006564
v 0.023767 0.024777 0.006230
v 0.023465 0.024291 0.002537
v 0.021993 0.024938 0.000651
v 0.021699 0.026544 0.001936
v 0.022771 0.024911 0.003672
v 0.022508 0.026773 0.004135
v 0.022821 0.026328 0.005798
v 0.022551 0.027310 0.007381
v 0.023426 0.025458 0.008631
v 0.024395 0.024005 0.011633
v 0.024060 0.023375 0.009007
v 0.023378 0.025875 0.011878
v 0.022091 0.028430 0.009295
v 0.021675 0.029782 0.010748
v 0.021555 0.030295 0.007781
v 0.022133 0.028517 0.011362
v 0.022290 0.028887 0.014519
v 0.023096 0.026054 0.014708
v 0.023246 0.025140 0.016209
v 0.022200 0.027418 0.015766
v 0.024451 0.023369 0.014661
v 0.024745 0.021776 0.011959
v 0.025328 0.021039 0.014238
v 0.023399 0.024133 0.017839
v 0.024703 0.022417 0.016427
v 0.024082 0.024209 0.019308
v 0.025189 0.020996 0.018046
v 0.025712 0.020004 0.016472
v 0.025496 0.021313 0.020608
v 0.025433 0.018929 0.018456
v 0.025910 0.019236 0.019828
v 0.027960 0.019083 0.017758
v 0.026700 0.018381 0.021687
v 0.028670 0.018242 0.019713
v 0.030916 0.017797 0.020365
v 0.029397 0.018660 0.018203
v 0.029306 0.017863 0.021951
v 0.030902 0.017225 0.024497
v 0.028798 0.017801 0.023649
v 0.027339 0.017889 0.024907
v 0.029548 0.016270 0.026695
v 0.027686 0.017165 0.026559
v 0.028627 0.016362 0.028123
v 0.031646 0.015692 0.029815
v 0.032881 0.016517 0.026323
v 0.031940 0.016893 0.023955
v 0.034648 0.015214 0.028879
v 0.034772 0.015736 0.025229
v 0.036486 0.015169 0.025892
v 0.037378 0.015942 0.022886
v 0.035468 0.016361 0.022398
v 0.033428 0.016095 0.019455
v 0.035832 0.014726 0.020304
v 0.032562 0.017133 0.021898
v 0.037838 0.014638 0.022185
v 0.039570 0.012810 0.021002
v 0.039717 0.014324 0.023861
v 0.040311 0.014662 0.026025
v 0.041484 0.013992 0.025490
v 0.041793 0.013005 0.021660
v 0.037972 0.015285 0.025261
v 0.038154 0.014432 0.026893
v 0.036678 0.014415 0.030221
v 0.039456 0.013612 0.029873
v 0.040598 0.013412 0.027313
v 0.042323 0.011906 0.029191
v 0.043349 0.012198 0.028298
v 0.044372 0.012822 0.025838
v 0.045325 0.011010 0.029682
v 0.043258 0.010975 0.031996
v 0.045641 0.009177 0.033025
v 0.045848 0.009476 0.031362
v 0.041821 0.011654 0.033429
v 0.043521 0.010377 0.034928
v 0.041046 0.012308 0.031748
v 0.037936 0.013266 0.033680
v 0.040244 0.012535 0.034539
v 0.038176 0.013755 0.032145
v 0.035428 0.014518 0.033284
v 0.036726 0.014000 0.034671
v 0.034191 0.014621 0.035933
v 0.034037 0.014872 0.032110
v 0.031539 0.015547 0.031754
v 0.031684 0.015554 0.034952
v 0.029381 0.015998 0.031384
v 0.030593 0.015292 0.032910
v 0.033965 0.015480 0.031110
v 0.030071 0.017259 0.034124
v 0.028752 0.018149 0.031293
v 0.030706 0.018113 0.035245
v 0.031881 0.017541 0.037523
v 0.029857 0.018761 0.033825
v 0.029865 0.021200 0.035777
v 0.031014 0.019540 0.036646
v 0.028867 0.021347 0.032623
v 0.028779 0.023018 0.032520
v 0.029476 0.022720 0.034712
v 0.029019 0.020823 0.031090
v 0.027423 0.020970 0.028531
v 0.028340 0.018770 0.029107
v 0.027881 0.023461 0.030321
v 0.026700 0.025312 0.030086
v 0.027152 0.023047 0.028414
v 0.027272 0.022660 0.026985
v 0.025134 0.025998 0.027244
v 0.026021 0.023139 0.026399
v 0.026702 0.021557 0.024647
v 0.026262 0.020394 0.022435
v 0.027452 0.020001 0.025568
v 0.025796 0.023040 0.023156
v 0.024562 0.023689 0.021422
v 0.024056 0.025622 0.022425
v 0.025175 0.025165 0.025227
v 0.024011 0.027690 0.023565
v 0.023613 0.028784 0.022348
v 0.023711 0.027420 0.020305
v 0.024122 0.027966 0.025882
v 0.023652 0.030011 0.024652
v 0.024177 0.029409 0.025872
v 0.025272 0.028792 0.028747
v 0.022802 0.029386 0.027438
v 0.020566 0.030086 0.026290
v 0.022037 0.030455 0.023318
v 0.018483 0.030264 0.027541
v 0.020391 0.030498 0.023944
v 0.021229 0.030712 0.021299
v 0.017697 0.031246 0.025681
v 0.019470 0.030713 0.021693
v 0.018836 0.030424 0.024094
v 0.016756 0.030969 0.024450
v 0.017281 0.030879 0.021865
v 0.018538 0.031052 0.020219
v 0.015824 0.031695 0.023464
v 0.015627 0.030840 0.021071
v 0.015979 0.031793 0.019030
v 0.017340 0.031485 0.019923
v 0.012320 0.029762 0.025013
v 0.012985 0.029042 0.021282
v 0.013419 0.031192 0.020005
v 0.013848 0.031909 0.018491
v 0.011632 0.030735 0.019374
v 0.011788 0.030217 0.020773
v 0.009745 0.030171 0.019120
v 0.010392 0.029185 0.022025
v 0.008471 0.029087 0.021561
v 0.010745 0.028173 0.023460
v 0.009458 0.028318 0.026370
v 0.008307 0.028411 0.024283
v 0.006082 0.028862 0.023211
v 0.006762 0.028499 0.024817
v 0.005959 0.027234 0.026202
v 0.003607 0.028001 0.024553
v 0.007709 0.027683 0.026210
v 0.007089 0.026834 0.027854
v 0.004008 0.026271 0.027414
v 0.007647 0.029200 0.031858
v 0.002825 0.025328 0.030201
v 0.004212 0.026191 0.030847
v 0.001805 0.024964 0.032580
v 0.004143 0.028032 0.033951
v 0.001887 0.027017 0.036653
v 0.001515 0.025954 0.034605
v 0.004861 0.028553 0.037418
v 0.007954 0.029940 0.033647
v 0.005555 0.029395 0.034863
v 0.006419 0.028274 0.036600
v 0.008238 0.028141 0.037224
v 0.008997 0.029485 0.034751
v 0.006328 0.028700 0.040564
v 0.005005 0.028159 0.039876
v 0.003438 0.027911 0.038561
v 0.001535 0.026780 0.038653
v 0.003796 0.027894 0.042264
v 0.001066 0.027495 0.042254
v 0.004454 0.027669 0.043711
v 0.000286 0.026641 0.040588
v -0.001700 0.026215 0.039629
v -0.002270 0.026757 0.041487
v -0.000456 0.026512 0.038368
v -0.000413 0.025775 0.037195
v -0.003324 0.026637 0.040123
v -0.004890 0.026142 0.040329
v -0.005804 0.026952 0.042149
v -0.005605 0.025750 0.037443
v -0.003012 0.025616 0.034611
v -0.006598 0.026058 0.038855
v -0.006004 0.025553 0.035034
v -0.007476 0.026027 0.036447
v -0.009350 0.024933 0.034525
v -0.008595 0.024610 0.033705
v -0.009005 0.025670 0.037310
v -0.011050 0.026080 0.036625
v -0.009253 0.026910 0.040352
v -0.010388 0.026155 0.038029
v -0.013764 0.026610 0.039070
v -0.012657 0.025883 0.035780
v -0.014732 0.026056 0.036542
v -0.011923 0.026242 0.039865
v -0.012574 0.026702 0.041121
v -0.014607 0.025676 0.041394
v -0.011931 0.026513 0.041948
v -0.015516 0.026487 0.040004
v -0.017290 0.027113 0.039090
v -0.015380 0.026824 0.037761
v -0.017262 0.025806 0.041020
v -0.016253 0.024761 0.041502
v -0.018758 0.025179 0.041132
v -0.020031 0.026450 0.040046
v -0.020511 0.027008 0.038395
v -0.021583 0.026612 0.039246
v -0.020180 0.024874 0.040706
v -0.019244 0.022451 0.040783
v -0.021917 0.023476 0.039467
v -0.024696 0.022451 0.037830
v -0.021033 0.022550 0.039645
v -0.023068 0.021366 0.038681
v -0.023420 0.024207 0.038005
v -0.025613 0.026378 0.037021
v -0.024376 0.026775 0.037758
v -0.023031 0.027320 0.036452
v -0.025886 0.027546 0.034820
v -0.024406 0.027187 0.033859
v -0.027882 0.027911 0.034001
v -0.027393 0.027078 0.035594
v -0.027979 0.025354 0.035229
v -0.026303 0.024376 0.036758
v -0.028928 0.027258 0.035151
v -0.030608 0.027246 0.033681
v -0.030554 0.027126 0.034074
v -0.031903 0.024131 0.033470
v -0.031194 0.025095 0.034148
v -0.032812 0.028059 0.032142
v -0.033333 0.024769 0.031345
v -0.032551 0.027551 0.030420
v -0.036981 0.023937 0.029506
v -0.034246 0.022602 0.030876
v -0.033432 0.023198 0.032293
v -0.034481 0.025794 0.030054
v -0.037697 0.028627 0.028918
v -0.036931 0.026084 0.028811
v -0.035254 0.028553 0.029891
v -0.035928 0.029922 0.027676
v -0.033795 0.028824 0.029544
v -0.037863 0.030295 0.028970
v -0.038295 0.030920 0.027481
v -0.040114 0.026942 0.027309
v -0.041936 0.029472 0.026072
v -0.041217 0.030804 0.025644
v -0.040322 0.031784 0.025610
v -0.037727 0.031268 0.025976
v -0.037239 0.031554 0.022228
v -0.035570 0.030596 0.024881
v -0.039396 0.031746 0.023014
v -0.039979 0.029711 0.022433
v -0.038720 0.032260 0.021815
v -0.038853 0.030091 0.020669
v -0.039955 0.027024 0.021130
v -0.038432 0.028521 0.019179
v -0.037767 0.029732 0.017834
v -0.037514 0.032368 0.019664
v -0.035977 0.032300 0.020110
v -0.036097 0.030985 0.016991
v -0.036136 0.033238 0.018686
v -0.035584 0.034624 0.016990
v -0.035588 0.034190 0.018878
v -0.034274 0.033700 0.019335
v -0.033761 0.032466 0.019225
v -0.035497 0.032032 0.014700
v -0.035182 0.034118 0.014984
v -0.035683 0.029861 0.014595
v -0.033183 0.033589 0.012668
v -0.034250 0.030875 0.013684
v -0.033748 0.028332 0.009344
v -0.031532 0.033196 0.012171
v -0.032464 0.030540 0.010111
v -0.035495 0.027423 0.012333
v -0.034078 0.025054 0.008171
v -0.036033 0.024108 0.010535
v -0.036836 0.026512 0.014607
v -0.037245 0.024395 0.013569
v -0.037545 0.028530 0.016904
v -0.038857 0.026228 0.017857
v -0.039275 0.022581 0.016011
v -0.038346 0.023604 0.015021
v -0.040019 0.025844 0.020114
v -0.039613 0.023279 0.017505
v -0.039752 0.024379 0.018671
v -0.040700 0.023135 0.019457
v -0.040342 0.024877 0.020275
v -0.041111 0.026552 0.022940
v -0.042563 0.022798 0.022584
v -0.042479 0.024597 0.024333
v -0.042651 0.026082 0.025658
v -0.041531 0.023016 0.024644
v -0.041271 0.021667 0.023993
v -0.042842 0.020738 0.023112
v -0.038509 0.022787 0.027082
v -0.038643 0.024409 0.027612
v -0.038282 0.019626 0.027530
v -0.036809 0.021819 0.029813
v -0.039377 0.019782 0.025280
v -0.040985 0.017914 0.024630
v -0.039492 0.017015 0.025640
v -0.041991 0.019178 0.023371
v -0.044367 0.018114 0.021256
v -0.042131 0.017392 0.023380
v -0.041646 0.015219 0.023056
v -0.043641 0.015171 0.021011
v -0.041802 0.013392 0.022581
v -0.044839 0.012576 0.019261
v -0.045305 0.014840 0.019304
v -0.043188 0.011777 0.020430
v -0.044185 0.010759 0.019435
v -0.043271 0.008116 0.019236
v -0.041307 0.011069 0.022385
v -0.041422 0.008018 0.021278
v -0.043208 0.005366 0.018629
v -0.040611 0.009857 0.023168
v -0.039951 0.007796 0.023351
v -0.040976 0.005055 0.020487
v -0.040320 0.006081 0.022640
v -0.039442 0.004510 0.023257
v -0.038323 0.007450 0.024290
v -0.039973 0.002687 0.021897
v -0.038718 -0.000041 0.021425
v -0.038689 0.002279 0.023315
v -0.041018 0.001807 0.019129
v -0.039760 -0.000691 0.020220
v -0.042242 0.003730 0.018804
v -0.040839 -0.000616 0.018291
v -0.042733 0.002230 0.018114
v -0.042892 0.000772 0.016744
v -0.044207 0.002735 0.016553
v -0.044807 0.003648 0.016482
v -0.044396 0.001388 0.015600
v -0.044520 0.006523 0.017339
v -0.045504 0.008640 0.017023
v -0.046765 0.007731 0.015046
v -0.046140 0.005940 0.015509
v -0.047697 0.005131 0.014782
v -0.046532 0.005650 0.012996
v -0.048130 0.004250 0.013718
v -0.048445 0.002419 0.013554
v -0.046421 0.002028 0.015244
v -0.045508 -0.000653 0.015531
v -0.044310 -0.001935 0.015643
v -0.046957 0.000890 0.014609
v -0.048540 0.000352 0.013657
v -0.047175 -0.000976 0.014586
v -0.046378 -0.002991 0.015676
v -0.048008 -0.003608 0.014848
v -0.048945 -0.002145 0.014359
v -0.050747 -0.004468 0.013389
v -0.051095 -0.002454 0.012602
v -0.049896 -0.000721 0.012831
v -0.048912 -0.000171 0.011696
v -0.047231 0.002856 0.011501
v -0.047739 -0.000152 0.009467
v -0.049275 -0.003090 0.009728
v -0.048533 -0.005135 0.007194
v -0.050789 -0.005026 0.011151
v -0.049977 -0.005635 0.009019
v -0.046996 -0.001950 0.006483
v -0.045767 -0.003522 0.003262
v -0.045551 -0.001052 0.005121
v -0.047398 -0.004986 0.004803
v -0.045937 0.002049 0.008494
v -0.044971 0.001435 0.006103
v -0.043862 0.004183 0.007252
v -0.045246 0.006339 0.011408
v -0.046086 0.004680 0.010988
v -0.046456 0.002505 0.010246
v -0.043275 0.006624 0.008278
v -0.044866 0.007813 0.011349
v -0.045125 0.009405 0.013471
v -0.043815 0.011665 0.013205
v -0.046338 0.010302 0.016227
v -0.043785 0.008656 0.010318
v -0.042861 0.008656 0.008569
v -0.041692 0.011000 0.009981
v -0.042848 0.013757 0.013634
v -0.040180 0.010997 0.007828
v -0.040844 0.012757 0.010514
v -0.041144 0.014323 0.011823
v -0.039231 0.015240 0.010116
v -0.039080 0.012787 0.007137
v -0.037935 0.011623 0.004938
v -0.036953 0.015818 0.006525
v -0.039280 0.010133 0.006206
v -0.038995 0.009304 0.004231
v -0.041317 0.007891 0.005752
v -0.041255 0.009160 0.007072
v -0.042072 0.007509 0.007465
v -0.041859 0.006440 0.005921
v -0.041135 0.004986 0.004141
v -0.040083 0.007172 0.003935
v -0.038988 0.007299 0.002614
v -0.040417 0.004274 0.001653
v -0.037741 0.008056 0.000130
v -0.038644 0.004504 -0.001674
v -0.037248 0.007954 -0.002437
v -0.036747 0.009823 -0.001043
v -0.036872 0.012296 0.002023
v -0.036038 0.011818 -0.001237
v -0.034923 0.010843 -0.004602
v -0.036012 0.008382 -0.004596
v -0.035322 0.008235 -0.006432
v -0.037669 0.005780 -0.002838
v -0.038124 0.002651 -0.004535
v -0.037928 0.004596 -0.004310
v -0.037451 0.003899 -0.007430
v -0.035306 0.006558 -0.007703
v -0.034146 0.009300 -0.009197
v -0.035611 0.005964 -0.008889
v -0.033958 0.010110 -0.007518
v -0.033975 0.011789 -0.005662
v -0.032965 0.011790 -0.008737
v -0.032805 0.010163 -0.011451
v -0.030885 0.012927 -0.013421
v -0.032588 0.013245 -0.008187
v -0.031175 0.012847 -0.011325
v -0.028585 0.014914 -0.013858
v -0.029011 0.015116 -0.011023
v -0.030843 0.014655 -0.009906
v -0.029191 0.017894 -0.009380
v -0.031160 0.015159 -0.007632
v -0.031340 0.016133 -0.005954
v -0.034165 0.013128 -0.004141
v -0.029963 0.018254 -0.005728
v -0.031763 0.016513 -0.002993
v -0.033109 0.017238 0.001075
v -0.032221 0.019543 0.000658
v -0.030791 0.019430 -0.002671
v -0.034157 0.014473 -0.001485
v -0.034647 0.015241 0.000583
v -0.035351 0.014326 0.000153
v -0.035072 0.011708 -0.002894
v -0.036490 0.014520 0.004741
v -0.034709 0.017159 0.004423
v -0.035868 0.017703 0.007133
v -0.033946 0.019239 0.004534
v -0.035100 0.020346 0.006466
v -0.033557 0.021264 0.004787
v -0.037094 0.019260 0.009220
v -0.036385 0.021386 0.009177
v -0.032071 0.024040 0.004048
v -0.032645 0.021266 0.003118
v -0.030758 0.025985 0.003174
v -0.032191 0.022957 0.002015
v -0.030992 0.021235 -0.001479
v -0.030688 0.023648 -0.000512
v -0.029076 0.024536 -0.002508
v -0.027836 0.026468 -0.003076
v -0.027809 0.028290 -0.001434
v -0.029530 0.026378 0.000644
v -0.030041 0.028173 0.002996
v -0.028881 0.028181 -0.000052
v -0.027380 0.031523 0.000202
v -0.028420 0.030119 0.002122
v -0.029596 0.030729 0.004895
v -0.027725 0.032298 0.002498
v -0.026660 0.035010 0.002175
v -0.027053 0.034252 0.003732
v -0.024936 0.034130 -0.000942
v -0.022621 0.034559 -0.001488
v -0.025988 0.030103 -0.004115
v -0.024016 0.033921 -0.005220
v -0.023839 0.034966 -0.003775
v -0.024527 0.035758 0.000464
v -0.022843 0.035270 0.001152
v -0.022866 0.035612 -0.000263
v -0.024180 0.035224 0.002083
v -0.022948 0.034815 0.003692
v -0.024782 0.034935 0.003690
v -0.026104 0.034863 0.006358
v -0.023911 0.033683 0.006439
v -0.022457 0.033036 0.010714
v -0.021175 0.033524 0.007197
v -0.024332 0.033397 0.009587
v -0.025436 0.034482 0.008878
v -0.022080 0.034540 0.005586
v -0.020644 0.035108 0.004643
v -0.019775 0.034546 0.005976
v -0.018357 0.034269 0.007492
v -0.018061 0.034850 0.004311
v -0.019982 0.034881 0.003207
v -0.018667 0.034509 0.001534
v -0.016580 0.034219 0.005808
v -0.016117 0.034176 0.002165
v -0.013667 0.034010 0.003810
v -0.016323 0.034523 -0.001712
v -0.014488 0.034676 -0.000871
v -0.011505 0.034137 0.001305
v -0.011107 0.034445 -0.000905
v -0.015512 0.035153 -0.003776
v -0.011750 0.035601 -0.004423
v -0.008333 0.034933 -0.001435
v -0.011992 0.036565 -0.006154
v -0.010079 0.036172 -0.005147
v -0.007792 0.036440 -0.005643
v -0.009502 0.036193 -0.008059
v -0.007353 0.036589 -0.008369
v -0.009168 0.036831 -0.009583
v -0.008011 0.035761 -0.006555
v -0.011661 0.036319 -0.008160
v -0.013323 0.037290 -0.009066
v -0.013943 0.036432 -0.005793
v -0.012538 0.036762 -0.009208
v -0.014929 0.037434 -0.011575
v -0.011113 0.037385 -0.011515
v -0.012600 0.037155 -0.012280
v -0.010371 0.038297 -0.012375
v -0.012713 0.038631 -0.014567
v -0.014405 0.038335 -0.013266
v -0.016194 0.037711 -0.015138
v -0.016537 0.038308 -0.012367
v -0.019091 0.037948 -0.011630
v -0.017400 0.037837 -0.009789
v -0.019248 0.038073 -0.010581
v -0.018132 0.037835 -0.013694
v -0.016081 0.037894 -0.008641
v -0.015554 0.037209 -0.007157
v -0.018940 0.036471 -0.006381
v -0.019797 0.037804 -0.008852
v -0.021615 0.036187 -0.008344
v -0.022109 0.036382 -0.006759
v -0.023086 0.036044 -0.005065
v -0.022400 0.033051 -0.008626
v -0.019974 0.035222 -0.004511
v -0.017874 0.034927 -0.002834
v -0.021326 0.034326 -0.002673
v -0.020164 0.035163 -0.002012
v -0.020993 0.034753 -0.000108
v -0.018590 0.034779 -0.000790
v -0.021492 0.035246 0.001741
v -0.016234 0.035818 -0.005451
v -0.019521 0.034853 -0.012749
v -0.021947 0.031603 -0.009961
v -0.020223 0.035763 -0.010870
v -0.024362 0.030341 -0.006780
v -0.023819 0.028920 -0.009379
v -0.025424 0.027271 -0.008214
v -0.026129 0.027195 -0.006435
v -0.025062 0.025809 -0.008537
v -0.023069 0.028166 -0.010209
v -0.021789 0.029863 -0.011826
v -0.023169 0.026283 -0.012658
v -0.019684 0.031476 -0.014369
v -0.019796 0.029464 -0.016546
v -0.022907 0.025864 -0.014842
v -0.025022 0.023455 -0.012207
v -0.024834 0.022344 -0.013557
v -0.021834 0.026482 -0.016390
v -0.023247 0.022682 -0.018502
v -0.025502 0.020966 -0.015481
v -0.020248 0.027641 -0.019239
v -0.022112 0.025436 -0.018754
v -0.020696 0.026190 -0.021389
v -0.022518 0.022318 -0.020920
v -0.021097 0.024933 -0.023340
v -0.023295 0.021664 -0.022394
v -0.023855 0.019609 -0.023054
v -0.024389 0.020837 -0.018598
v -0.025682 0.018002 -0.019326
v -0.025243 0.017476 -0.023173
v -0.023694 0.018073 -0.026228
v -0.025794 0.015034 -0.025891
v -0.027360 0.014505 -0.022996
v -0.026412 0.015331 -0.021960
v -0.025782 0.017044 -0.021752
v -0.027950 0.016603 -0.015214
v -0.027831 0.015259 -0.017765
v -0.028491 0.012729 -0.018130
v -0.028821 0.013904 -0.015615
v -0.029085 0.011943 -0.019996
v -0.029629 0.011411 -0.016975
v -0.030913 0.008840 -0.019490
v -0.029897 0.008655 -0.021317
v -0.029848 0.010252 -0.022835
v -0.029317 0.011997 -0.021562
v -0.028571 0.012465 -0.023906
v -0.027032 0.011156 -0.026618
v -0.028481 0.009620 -0.025689
v -0.025395 0.013595 -0.027322
v -0.023245 0.016312 -0.029210
v -0.025214 0.010369 -0.031546
v -0.021889 0.015913 -0.031734
v -0.019022 0.020708 -0.032012
v -0.019165 0.018369 -0.033975
v -0.021022 0.019620 -0.029798
v -0.021500 0.014829 -0.034046
v -0.020877 0.013765 -0.036130
v -0.022081 0.012233 -0.035371
v -0.020156 0.015443 -0.035323
v -0.018326 0.012817 -0.037955
v -0.017710 0.015875 -0.035999
v -0.016975 0.016179 -0.036705
v -0.015673 0.017877 -0.035812
v -0.015874 0.013788 -0.038282
v -0.014350 0.017799 -0.036776
v -0.013887 0.013912 -0.039061
v -0.017289 0.011352 -0.039683
v -0.015292 0.011981 -0.039298
v -0.016674 0.009358 -0.041236
v -0.013921 0.011250 -0.040679
v -0.014594 0.009006 -0.041830
v -0.012620 0.012581 -0.041069
v -0.013365 0.010979 -0.042086
v -0.010655 0.008879 -0.043530
v -0.010619 0.011893 -0.042188
v -0.009661 0.011298 -0.042622
v -0.013803 0.009448 -0.042990
v -0.014644 0.006903 -0.044039
v -0.016293 0.006991 -0.043018
v -0.017271 0.007546 -0.042225
v -0.018131 0.005721 -0.043469
v -0.017887 0.004631 -0.044457
v -0.019788 0.004103 -0.043584
v -0.020064 0.005973 -0.042069
v -0.015550 0.005011 -0.044787
v -0.017138 0.003024 -0.045869
v -0.014927 0.003078 -0.046370
v -0.014452 0.005233 -0.046072
v -0.012607 0.002297 -0.047844
v -0.011722 0.005661 -0.046420
v -0.011738 0.007106 -0.044684
v -0.009051 0.007472 -0.045460
v -0.006486 0.006358 -0.045939
v -0.006230 0.009053 -0.044749
v -0.009531 0.005780 -0.046399
v -0.008371 0.003828 -0.047271
v -0.010445 0.003752 -0.046931
v -0.010472 0.001477 -0.048495
v -0.009384 0.002299 -0.048332
v -0.007755 0.000597 -0.049759
v -0.009746 -0.000184 -0.049613
v -0.007004 0.002679 -0.048231
v -0.004770 0.003295 -0.048262
v -0.004639 0.001717 -0.049751
v -0.006529 -0.000126 -0.050341
v -0.005310 0.004828 -0.047321
v -0.003528 0.003420 -0.048496
v -0.001636 0.002650 -0.049043
v -0.002651 0.000504 -0.050591
v 0.000317 0.001281 -0.050179
v 0.001179 0.000156 -0.050709
v -0.001708 -0.001502 -0.051793
v 0.000562 -0.002284 -0.052554
v -0.002672 -0.002787 -0.052664
v -0.004155 -0.000134 -0.051010
v -0.005745 -0.001887 -0.051752
v -0.004646 -0.003085 -0.052851
v -0.005065 -0.004771 -0.053662
v -0.008302 -0.002299 -0.051742
v -0.007968 -0.004323 -0.052948
v -0.010015 -0.003243 -0.051844
v -0.008454 -0.001504 -0.050699
v -0.010746 -0.006310 -0.053112
v -0.011474 -0.003986 -0.052038
v -0.011551 -0.002037 -0.050862
v -0.013080 -0.001934 -0.050808
v -0.012161 -0.000396 -0.049493
v -0.014238 -0.004500 -0.052266
v -0.015479 -0.003638 -0.052107
v -0.016045 -0.005663 -0.053440
v -0.015833 -0.007007 -0.053774
v -0.013206 -0.005954 -0.052914
v -0.014706 -0.009518 -0.054523
v -0.012724 -0.007977 -0.054018
v -0.010659 -0.008564 -0.054642
v -0.012715 -0.010255 -0.055231
v -0.011603 -0.012196 -0.056800
v -0.013196 -0.011546 -0.055858
v -0.010662 -0.010235 -0.055987
v -0.009959 -0.011938 -0.056772
v -0.009175 -0.010134 -0.056425
v -0.007329 -0.012341 -0.057348
v -0.008066 -0.006938 -0.054589
v -0.008016 -0.009781 -0.056153
v -0.006565 -0.010933 -0.057744
v -0.006318 -0.009233 -0.056293
v -0.003353 -0.010024 -0.056897
v -0.004367 -0.007817 -0.055520
v -0.001662 -0.009440 -0.056287
v -0.002373 -0.006871 -0.054943
v -0.001777 -0.005555 -0.054292
v -0.000815 -0.008409 -0.054823
v -0.002580 -0.004138 -0.053318
v -0.000594 -0.012451 -0.057212
v -0.000288 -0.010649 -0.056149
v -0.002885 -0.011593 -0.057507
v -0.003508 -0.013109 -0.057827
v -0.000765 -0.014606 -0.057487
v -0.001719 -0.016133 -0.058175
v -0.003231 -0.016694 -0.057812
v -0.004424 -0.013767 -0.057163
v -0.005347 -0.016200 -0.057642
v -0.006268 -0.014463 -0.057074
v -0.009739 -0.014992 -0.057245
v -0.008071 -0.017033 -0.057899
v -0.009619 -0.019805 -0.058517
v -0.010508 -0.016772 -0.057877
v -0.007449 -0.018425 -0.058451
v -0.007198 -0.020949 -0.058860
v -0.004746 -0.019264 -0.058321
v -0.002552 -0.018533 -0.057796
v -0.003933 -0.020955 -0.058736
v -0.005690 -0.022298 -0.058720
v -0.006138 -0.023837 -0.058463
v -0.008403 -0.022540 -0.058148
v -0.002921 -0.022179 -0.058125
v -0.001133 -0.021567 -0.057537
v -0.004037 -0.024638 -0.058760
v -0.001446 -0.023311 -0.058002
v -0.001122 -0.019587 -0.057951
v 0.001109 -0.019256 -0.056028
v -0.000869 -0.016906 -0.056675
v 0.000511 -0.021651 -0.057262
v 0.001012 -0.023498 -0.056645
v 0.003223 -0.021300 -0.055563
v 0.004121 -0.024073 -0.055522
v 0.005237 -0.022051 -0.054451
v 0.006092 -0.026355 -0.054957
v 0.003747 -0.026312 -0.055672
v 0.002153 -0.025928 -0.055982
v 0.003960 -0.027677 -0.055951
v 0.002393 -0.028797 -0.056155
v -0.000735 -0.026100 -0.057130
v -0.002230 -0.025386 -0.058190
v 0.000319 -0.028955 -0.057617
v -0.002089 -0.027963 -0.058974
v -0.000501 -0.030446 -0.058517
v 0.001137 -0.031264 -0.057561
v 0.001175 -0.032142 -0.055921
v 0.002716 -0.031263 -0.056386
v -0.000210 -0.032498 -0.057445
v 0.000815 -0.033036 -0.054429
v -0.002684 -0.032511 -0.057943
v -0.001624 -0.032532 -0.054811
v -0.002071 -0.032392 -0.058884
v -0.005013 -0.031557 -0.059616
v -0.003277 -0.028903 -0.059693
v -0.004057 -0.030052 -0.059446
v -0.005424 -0.028911 -0.059987
v -0.004502 -0.027034 -0.058927
v -0.005772 -0.026096 -0.059114
v -0.007193 -0.027675 -0.058801
v -0.007620 -0.029988 -0.058880
v -0.011927 -0.030404 -0.059447
v -0.011222 -0.028506 -0.058302
v -0.009006 -0.031553 -0.058871
v -0.006597 -0.031629 -0.058944
v -0.006944 -0.031651 -0.054459
v -0.007433 -0.031213 -0.056562
v -0.004414 -0.031832 -0.056516
v -0.004604 -0.031792 -0.054415
v -0.005275 -0.032053 -0.052832
v -0.002412 -0.032278 -0.053339
v -0.003251 -0.032127 -0.050433
v -0.001523 -0.033124 -0.051749
v 0.001646 -0.033225 -0.052212
v -0.000185 -0.032918 -0.048332
v 0.003052 -0.033416 -0.050232
v 0.002499 -0.033301 -0.047391
v -0.002785 -0.032733 -0.044829
v -0.002815 -0.032486 -0.047962
v 0.001644 -0.032994 -0.045147
v -0.000411 -0.032962 -0.045309
v 0.001410 -0.032718 -0.042960
v -0.001145 -0.032362 -0.044169
v -0.001887 -0.032198 -0.041942
v -0.000446 -0.032006 -0.039612
v -0.005109 -0.032167 -0.043284
v -0.003254 -0.031807 -0.040272
v -0.005220 -0.031706 -0.040698
v -0.008224 -0.031543 -0.042099
v -0.005263 -0.030585 -0.038006
v -0.007667 -0.031183 -0.038812
v -0.006901 -0.030409 -0.035889
v -0.009245 -0.030734 -0.037926
v -0.009397 -0.031344 -0.040371
v -0.010105 -0.030742 -0.043169
v -0.010982 -0.030471 -0.040757
v -0.011376 -0.030693 -0.038724
v -0.012954 -0.030001 -0.038831
v -0.011193 -0.029814 -0.036417
v -0.009174 -0.030263 -0.035231
v -0.015346 -0.029265 -0.037406
v -0.011909 -0.029541 -0.034548
v -0.015051 -0.029224 -0.034667
v -0.013748 -0.028787 -0.032317
v -0.009900 -0.029085 -0.031626
v -0.012651 -0.029045 -0.030598
v -0.011707 -0.028270 -0.027612
v -0.014253 -0.028086 -0.028751
v -0.015684 -0.028397 -0.030227
v -0.009769 -0.028915 -0.029148
v -0.009088 -0.028688 -0.026300
v -0.007044 -0.029419 -0.027683
v -0.005390 -0.029883 -0.029415
v -0.006855 -0.029963 -0.032333
v -0.004331 -0.030200 -0.032504
v -0.007001 -0.029850 -0.033932
v -0.003945 -0.030694 -0.035476
v 0.000080 -0.031090 -0.035298
v -0.002128 -0.030863 -0.035856
v -0.001816 -0.030269 -0.033343
v 0.001211 -0.029752 -0.031752
v -0.000570 -0.029827 -0.030260
v 0.001446 -0.030260 -0.034003
v 0.002824 -0.030982 -0.034137
v 0.001059 -0.031927 -0.037312
v 0.003742 -0.029910 -0.030759
v 0.004857 -0.031489 -0.035479
v 0.004864 -0.031903 -0.037190
v 0.003692 -0.032548 -0.039040
v 0.006759 -0.032243 -0.040516
v 0.000985 -0.032636 -0.039900
v 0.003527 -0.032854 -0.041045
v 0.004973 -0.032854 -0.043757
v 0.005115 -0.032939 -0.047048
v 0.005940 -0.031855 -0.047431
v 0.003943 -0.032100 -0.051258
v 0.008755 -0.029847 -0.047686
v 0.006580 -0.030905 -0.049177
v 0.007976 -0.028995 -0.049854
v 0.006589 -0.029545 -0.051573
v 0.004813 -0.031003 -0.052048
v 0.005396 -0.029285 -0.053159
v 0.003835 -0.029471 -0.055873
v 0.007007 -0.027504 -0.054906
v 0.008674 -0.028227 -0.052675
v 0.010479 -0.027076 -0.053310
v 0.008783 -0.026269 -0.053853
v 0.013103 -0.026233 -0.051147
v 0.010590 -0.027668 -0.050255
v 0.003023 -0.029405 -0.028000
v 0.001608 -0.029324 -0.026048
v 0.005062 -0.030119 -0.026120
v 0.000883 -0.029835 -0.029501
v -0.001994 -0.029103 -0.028126
v -0.003017 -0.030022 -0.030159
v -0.004974 -0.029100 -0.025768
v -0.003141 -0.029327 -0.024523
v -0.000507 -0.029151 -0.026954
v 0.000006 -0.028764 -0.025102
v 0.002022 -0.029144 -0.022841
v -0.000489 -0.029188 -0.023358
v 0.000041 -0.029072 -0.021408
v -0.002671 -0.029457 -0.021920
v -0.002251 -0.029346 -0.019723
v -0.004656 -0.029491 -0.021579
v -0.007088 -0.028947 -0.021383
v -0.004509 -0.029265 -0.018744
v -0.001702 -0.029167 -0.017298
v -0.003531 -0.029097 -0.014907
v -0.005204 -0.028710 -0.017211
v -0.006465 -0.028905 -0.018648
v -0.008726 -0.028056 -0.019736
v -0.008470 -0.027845 -0.017060
v -0.005556 -0.028346 -0.015244
v -0.006090 -0.028243 -0.014072
v -0.005372 -0.028944 -0.012880
v -0.007467 -0.027981 -0.011724
v -0.003527 -0.029008 -0.012204
v -0.005519 -0.028992 -0.009526
v -0.002956 -0.030226 -0.008095
v -0.008383 -0.028115 -0.009321
v -0.007518 -0.028269 -0.007678
v -0.005259 -0.029144 -0.007866
v -0.006435 -0.029133 -0.005971
v -0.003935 -0.029572 -0.005984
v -0.004015 -0.029499 -0.003806
v -0.001892 -0.029737 -0.003900
v -0.000055 -0.029868 -0.002898
v -0.000908 -0.029888 -0.001495
v 0.000351 -0.030225 -0.008332
v 0.001635 -0.029923 -0.005579
v 0.005503 -0.029821 -0.003440
v 0.006559 -0.029696 -0.006014
v 0.003553 -0.030074 -0.007130
v 0.001742 -0.029894 -0.001768
v 0.003801 -0.030129 0.002523
v 0.001986 -0.029866 0.000477
v 0.007048 -0.029825 -0.001577
v 0.009226 -0.030576 0.000046
v 0.008327 -0.030624 -0.003101
v 0.007052 -0.030411 0.001423
v 0.009467 -0.030679 0.002118
v 0.008549 -0.030853 0.004546
v 0.004712 -0.030533 0.004600
v 0.005733 -0.031192 0.007804
v 0.008066 -0.031107 0.006553
v 0.003793 -0.030755 0.008698
v 0.001478 -0.030317 0.006136
v 0.000897 -0.029992 0.003368
v -0.002491 -0.029910 0.004891
v 0.000006 -0.029390 0.001764
v -0.001849 -0.030041 0.003761
v -0.005824 -0.030025 0.003822
v -0.002018 -0.029657 0.001179
v -0.004024 -0.029723 0.001439
v -0.005197 -0.029226 0.000416
v -0.004641 -0.029517 -0.001152
v -0.007596 -0.028631 -0.002189
v -0.010438 -0.027720 -0.003572
v -0.008334 -0.028764 0.000496
v -0.010525 -0.028067 0.001465
v -0.012057 -0.027770 0.000505
v -0.007395 -0.028895 -0.003917
v -0.010004 -0.027156 -0.005310
v -0.013942 -0.027244 -0.002910
v -0.012150 -0.026947 -0.006556
v -0.009623 -0.027724 -0.006545
v -0.009803 -0.027335 -0.007824
v -0.011131 -0.027816 -0.009304
v -0.014166 -0.027335 -0.008980
v -0.014264 -0.027345 -0.011719
v -0.010395 -0.027778 -0.010736
v -0.014058 -0.027970 -0.007838
v -0.016838 -0.027130 -0.005225
v -0.016470 -0.026591 -0.008740
v -0.014704 -0.027594 -0.005070
v -0.014992 -0.027071 -0.001576
v -0.018506 -0.026681 -0.003279
v -0.015810 -0.026731 -0.000909
v -0.012481 -0.027332 -0.000880
v -0.014633 -0.027253 0.001261
v -0.015041 -0.027837 0.002539
v -0.016846 -0.027538 0.000575
v -0.018107 -0.027750 0.002202
v -0.018349 -0.027043 0.000390
v -0.019692 -0.026690 -0.002374
v -0.021022 -0.027226 -0.000121
v -0.020443 -0.027421 0.001822
v -0.017808 -0.028143 0.004926
v -0.018441 -0.028353 0.007203
v -0.018904 -0.028994 0.005844
v -0.015959 -0.028829 0.005891
v -0.016322 -0.028501 0.003660
v -0.020694 -0.028321 0.003547
v -0.022143 -0.029252 0.006545
v -0.023002 -0.028872 0.005566
v -0.021934 -0.027263 0.003459
v -0.024392 -0.028503 0.006027
v -0.023773 -0.026945 0.004219
v -0.023484 -0.026636 0.001039
v -0.022440 -0.026428 -0.001565
v -0.025535 -0.026062 -0.000077
v -0.025420 -0.026517 0.002275
v -0.025252 -0.026989 0.004326
v -0.026831 -0.026216 0.001937
v -0.026903 -0.027672 0.003825
v -0.028928 -0.028839 0.005327
v -0.028321 -0.027366 0.001780
v -0.026784 -0.028365 0.006047
v -0.028242 -0.029287 0.009037
v -0.029955 -0.027542 0.006194
v -0.028060 -0.028218 0.007543
v -0.030386 -0.027948 0.008248
v -0.032734 -0.027920 0.008935
v -0.031034 -0.029181 0.010848
v -0.033515 -0.028624 0.005289
v -0.033842 -0.028751 0.003511
v -0.035004 -0.029429 0.005702
v -0.032265 -0.029303 0.004165
v -0.032559 -0.029188 0.002192
v -0.030543 -0.029249 0.003486
v -0.031477 -0.028106 0.000393
v -0.030160 -0.028348 0.002077
v -0.029796 -0.027137 -0.000233
v -0.032064 -0.027894 -0.001244
v -0.027944 -0.025794 -0.000570
v -0.030461 -0.025978 -0.002637
v -0.028853 -0.025745 -0.004737
v -0.033181 -0.027974 -0.002447
v -0.032630 -0.026901 -0.004443
v -0.031052 -0.026018 -0.004768
v -0.033042 -0.027080 -0.007452
v -0.030366 -0.024729 -0.006535
v -0.028180 -0.025017 -0.007110
v -0.030080 -0.024325 -0.009201
v -0.032448 -0.025907 -0.009088
v -0.034179 -0.026966 -0.010319
v -0.033325 -0.025585 -0.011676
v -0.035326 -0.027705 -0.011752
v -0.034151 -0.025980 -0.013934
v -0.031610 -0.024232 -0.011522
v -0.033071 -0.024222 -0.015242
v -0.029322 -0.024493 -0.011815
v -0.030733 -0.024258 -0.015531
v -0.029399 -0.024507 -0.014313
v -0.032124 -0.024213 -0.016965
v -0.029963 -0.024518 -0.018913
v -0.027474 -0.024735 -0.016878
v -0.027771 -0.024732 -0.014905
v -0.027323 -0.024578 -0.013193
v -0.024367 -0.024822 -0.014354
v -0.026179 -0.024728 -0.016022
v -0.024229 -0.025810 -0.017458
v -0.025361 -0.025566 -0.015557
v -0.024237 -0.025467 -0.019439
v -0.026389 -0.024998 -0.019334
v -0.027575 -0.025080 -0.022735
v -0.029066 -0.025049 -0.020972
v -0.025712 -0.025172 -0.022199
v -0.023462 -0.026240 -0.023096
v -0.024589 -0.025867 -0.026481
v -0.026054 -0.025420 -0.024806
v -0.024501 -0.025933 -0.021382
v -0.021685 -0.026467 -0.018049
v -0.021569 -0.026586 -0.020016
v -0.019311 -0.026743 -0.019012
v -0.022003 -0.027000 -0.022552
v -0.019828 -0.026987 -0.021612
v -0.018990 -0.026748 -0.023148
v -0.017721 -0.027036 -0.021777
v -0.018233 -0.027149 -0.024275
v -0.016741 -0.027539 -0.020134
v -0.015932 -0.027378 -0.022424
v -0.014347 -0.027819 -0.024281
v -0.012512 -0.027627 -0.021315
v -0.014658 -0.027867 -0.019996
v -0.013846 -0.028059 -0.018357
v -0.015683 -0.027554 -0.018411
v -0.016571 -0.026870 -0.016088
v -0.015435 -0.027471 -0.015030
v -0.018614 -0.026837 -0.016355
v -0.022431 -0.026272 -0.015904
v -0.018956 -0.026745 -0.014204
v -0.017190 -0.026844 -0.013072
v -0.015760 -0.026862 -0.011577
v -0.018480 -0.026557 -0.010086
v -0.020084 -0.026544 -0.012989
v -0.023101 -0.026244 -0.012449
v -0.020834 -0.025967 -0.011111
v -0.022401 -0.026165 -0.009476
v -0.024117 -0.026064 -0.007194
v -0.024579 -0.025790 -0.012179
v -0.022260 -0.026038 -0.007697
v -0.022098 -0.026209 -0.004588
v -0.020744 -0.026203 -0.005976
v -0.018941 -0.026138 -0.007648
v -0.025123 -0.026057 -0.004456
v -0.026099 -0.025263 -0.006994
v -0.027283 -0.025913 -0.002666
v -0.026449 -0.025291 -0.010496
v -0.023441 -0.025933 -0.014050
v -0.013957 -0.027463 -0.013525
v -0.012476 -0.027167 -0.015514
v -0.010348 -0.027788 -0.019581
v -0.011088 -0.027582 -0.013658
v -0.009248 -0.027848 -0.013658
v -0.010312 -0.027866 -0.022652
v -0.009153 -0.028027 -0.023564
v -0.011350 -0.027813 -0.023712
v -0.015215 -0.027435 -0.026410
v -0.013557 -0.028232 -0.026818
v -0.018834 -0.026968 -0.026869
v -0.017121 -0.027456 -0.028387
v -0.018499 -0.027627 -0.031197
v -0.019453 -0.026878 -0.030676
v -0.016638 -0.027454 -0.029866
v -0.016520 -0.028361 -0.032139
v -0.018549 -0.028010 -0.033742
v -0.020497 -0.027988 -0.033077
v -0.018135 -0.028681 -0.036132
v -0.022036 -0.027799 -0.033663
v -0.019654 -0.028268 -0.037231
v -0.016302 -0.028823 -0.035314
v -0.017669 -0.029287 -0.037688
v -0.016293 -0.028759 -0.038399
v -0.019230 -0.028684 -0.038214
v -0.016720 -0.028969 -0.040452
v -0.018251 -0.029181 -0.042824
v -0.016579 -0.029212 -0.043995
v -0.020087 -0.028903 -0.041048
v -0.014735 -0.030095 -0.039814
v -0.014264 -0.030180 -0.041935
v -0.015434 -0.029797 -0.044960
v -0.012728 -0.030035 -0.044816
v -0.012539 -0.030042 -0.042066
v -0.011123 -0.030354 -0.044920
v -0.010608 -0.030294 -0.047700
v -0.013908 -0.029856 -0.047561
v -0.015094 -0.030014 -0.049247
v -0.008822 -0.030934 -0.045923
v -0.009036 -0.030562 -0.049780
v -0.013242 -0.030271 -0.052457
v -0.011349 -0.030620 -0.050328
v -0.009508 -0.031021 -0.053000
v -0.010749 -0.030626 -0.054819
v -0.006915 -0.031261 -0.051146
v -0.008965 -0.031260 -0.054749
v -0.009803 -0.031088 -0.057068
v -0.011003 -0.031247 -0.059254
v -0.012929 -0.030653 -0.055514
v -0.013360 -0.029585 -0.055539
v -0.014790 -0.030221 -0.052503
v -0.015126 -0.029354 -0.053542
v -0.014869 -0.027592 -0.053278
v -0.014688 -0.028773 -0.055756
v -0.017334 -0.029648 -0.050735
v -0.016182 -0.028695 -0.051357
v -0.017706 -0.027715 -0.051509
v -0.018540 -0.028670 -0.050880
v -0.020382 -0.029475 -0.048372
v -0.018827 -0.029924 -0.049367
v -0.020259 -0.028856 -0.050832
v -0.020443 -0.027867 -0.052743
v -0.023188 -0.028193 -0.052740
v -0.017628 -0.027534 -0.055253
v -0.016768 -0.027056 -0.052759
v -0.022119 -0.028774 -0.054913
v -0.024450 -0.028574 -0.055296
v -0.023982 -0.027627 -0.052462
v -0.022179 -0.028584 -0.056843
v -0.018719 -0.028398 -0.057816
v -0.020271 -0.028894 -0.059686
v -0.016447 -0.028205 -0.058115
v -0.018217 -0.028789 -0.061078
v -0.016162 -0.028259 -0.060074
v -0.015623 -0.027403 -0.056110
v -0.013108 -0.027424 -0.057474
v -0.013744 -0.027844 -0.059372
v -0.011807 -0.027255 -0.058678
v -0.015018 -0.025565 -0.059651
v -0.013142 -0.024100 -0.058751
v -0.015059 -0.022988 -0.059517
v -0.011398 -0.024118 -0.058954
v -0.010887 -0.026045 -0.058952
v -0.011083 -0.021865 -0.059058
v -0.013420 -0.020916 -0.059364
v -0.014171 -0.017862 -0.058981
v -0.016049 -0.021839 -0.060045
v -0.017047 -0.019051 -0.060215
v -0.011720 -0.018456 -0.058906
v -0.012368 -0.015001 -0.058400
v -0.015122 -0.015603 -0.058058
v -0.013724 -0.012703 -0.056501
v -0.015759 -0.011059 -0.055800
v -0.015153 -0.014259 -0.056901
v -0.016659 -0.013427 -0.056804
v -0.015236 -0.012242 -0.055865
v -0.017371 -0.015509 -0.057472
v -0.018717 -0.013978 -0.056759
v -0.019311 -0.010698 -0.054815
v -0.020695 -0.015792 -0.057064
v -0.019782 -0.012918 -0.055882
v -0.018294 -0.017070 -0.058164
v -0.021370 -0.017354 -0.058263
v -0.019519 -0.018329 -0.059039
v -0.016349 -0.018316 -0.059967
v -0.015173 -0.017738 -0.059424
v -0.019928 -0.021328 -0.060830
v -0.018157 -0.019722 -0.060622
v -0.022481 -0.019204 -0.059123
v -0.022634 -0.022261 -0.060437
v -0.020932 -0.020498 -0.059467
v -0.023041 -0.017095 -0.057899
v -0.024087 -0.020034 -0.057322
v -0.025777 -0.021243 -0.054999
v -0.024705 -0.019292 -0.055703
v -0.025746 -0.023529 -0.056025
v -0.023818 -0.022443 -0.057950
v -0.024327 -0.025418 -0.059692
v -0.024488 -0.024190 -0.057302
v -0.024898 -0.026786 -0.057444
v -0.025413 -0.025152 -0.055959
v -0.026442 -0.026417 -0.055255
v -0.027239 -0.028259 -0.053937
v -0.028203 -0.025112 -0.053469
v -0.025252 -0.028726 -0.057166
v -0.023702 -0.029127 -0.058083
v -0.023989 -0.028093 -0.058881
v -0.023161 -0.027821 -0.060255
v -0.022599 -0.027354 -0.061758
v -0.023859 -0.024773 -0.061125
v -0.022235 -0.024407 -0.061165
v -0.022248 -0.025259 -0.060852
v -0.020811 -0.025018 -0.061178
v -0.020751 -0.021758 -0.060216
v -0.017922 -0.024838 -0.060387
v -0.019840 -0.026701 -0.061008
v -0.019896 -0.029209 -0.061797
v -0.022347 -0.029444 -0.059932
v -0.021605 -0.029094 -0.061791
v -0.017722 -0.022942 -0.060544
v -0.029885 -0.025014 -0.051047
v -0.027562 -0.022835 -0.053411
v -0.028577 -0.027570 -0.051558
v -0.026729 -0.027012 -0.050402
v -0.029833 -0.026934 -0.048909
v -0.031331 -0.027220 -0.046423
v -0.030650 -0.026682 -0.044860
v -0.031531 -0.025229 -0.047301
v -0.029643 -0.026877 -0.045756
v -0.027360 -0.026384 -0.048283
v -0.030792 -0.023293 -0.049190
v -0.031242 -0.022532 -0.047566
v -0.028882 -0.020797 -0.049953
v -0.029103 -0.023253 -0.051349
v -0.030088 -0.020034 -0.046218
v -0.032170 -0.018141 -0.043423
v -0.029457 -0.017036 -0.046515
v -0.029794 -0.018753 -0.047410
v -0.032405 -0.022507 -0.045321
v -0.031896 -0.020429 -0.044303
v -0.034180 -0.019839 -0.042059
v -0.034781 -0.023053 -0.042726
v -0.033577 -0.022919 -0.043711
v -0.034569 -0.025106 -0.043808
v -0.034683 -0.024559 -0.041346
v -0.033390 -0.026990 -0.042036
v -0.033298 -0.025184 -0.045338
v -0.033004 -0.026988 -0.043616
v -0.031745 -0.026171 -0.041273
v -0.033974 -0.026303 -0.040048
v -0.030328 -0.027286 -0.043118
v -0.031075 -0.026797 -0.040316
v -0.029623 -0.026912 -0.039222
v -0.031529 -0.026549 -0.038368
v -0.029325 -0.027587 -0.041276
v -0.026555 -0.027481 -0.041356
v -0.027858 -0.027723 -0.044930
v -0.027437 -0.027565 -0.039560
v -0.024436 -0.027493 -0.039055
v -0.027390 -0.027225 -0.037634
v -0.025835 -0.027352 -0.037726
v -0.025241 -0.027380 -0.035923
v -0.026916 -0.025379 -0.036353
v -0.023645 -0.028442 -0.035973
v -0.022262 -0.028378 -0.037531
v -0.024460 -0.027877 -0.034766
v -0.024367 -0.025291 -0.034702
v -0.025856 -0.025019 -0.033380
v -0.024050 -0.025011 -0.031048
v -0.022255 -0.025805 -0.031766
v -0.028916 -0.025548 -0.035946
v -0.023980 -0.026606 -0.033213
v -0.031065 -0.025249 -0.034112
v -0.029904 -0.025417 -0.033282
v -0.032522 -0.025535 -0.036409
v -0.035795 -0.025387 -0.034953
v -0.035626 -0.025464 -0.037075
v -0.035516 -0.025705 -0.037840
v -0.033839 -0.025783 -0.033420
v -0.034168 -0.025670 -0.031592
v -0.035965 -0.025212 -0.032245
v -0.037626 -0.024754 -0.030003
v -0.037850 -0.024753 -0.032389
v -0.035359 -0.024969 -0.029669
v -0.032610 -0.025609 -0.030391
v -0.032660 -0.025253 -0.028361
v -0.035389 -0.025021 -0.027566
v -0.035419 -0.025101 -0.025650
v -0.037657 -0.024171 -0.025402
v -0.038283 -0.023761 -0.027070
v -0.032235 -0.024998 -0.025964
v -0.030220 -0.024637 -0.025832
v -0.030854 -0.025379 -0.024175
v -0.030826 -0.025173 -0.027969
v -0.032803 -0.024738 -0.023629
v -0.032224 -0.024970 -0.021458
v -0.034018 -0.024413 -0.021007
v -0.035420 -0.024723 -0.023362
v -0.037004 -0.024466 -0.022736
v -0.036127 -0.024152 -0.019854
v -0.036498 -0.024194 -0.017594
v -0.034530 -0.024483 -0.017283
v -0.033544 -0.024614 -0.019302
v -0.035086 -0.023772 -0.019153
v -0.038533 -0.023870 -0.020530
v -0.038924 -0.024265 -0.018673
v -0.040948 -0.024613 -0.018959
v -0.039103 -0.023588 -0.022775
v -0.042862 -0.023625 -0.020579
v -0.041790 -0.023247 -0.023504
v -0.043490 -0.023365 -0.021969
v -0.045857 -0.023052 -0.018904
v -0.043643 -0.024162 -0.018452
v -0.045108 -0.023476 -0.022181
v -0.044269 -0.021493 -0.022838
v -0.043812 -0.023395 -0.025262
v -0.042566 -0.022998 -0.028541
v -0.042295 -0.023781 -0.027386
v -0.043271 -0.021228 -0.025465
v -0.042232 -0.018974 -0.025161
v -0.041647 -0.020347 -0.028449
v -0.040838 -0.017606 -0.026565
v -0.039779 -0.018892 -0.029864
v -0.041975 -0.022676 -0.030410
v -0.040301 -0.021958 -0.031670
v -0.038432 -0.020274 -0.033768
v -0.039508 -0.022554 -0.033797
v -0.041511 -0.023334 -0.031477
v -0.041300 -0.023980 -0.029264
v -0.040308 -0.025129 -0.035679
v -0.042083 -0.024429 -0.031486
v -0.040625 -0.024835 -0.031721
v -0.040887 -0.025131 -0.033835
v -0.038485 -0.025319 -0.034644
v -0.037118 -0.024097 -0.038194
v -0.038460 -0.024706 -0.038264
v -0.038708 -0.023225 -0.037012
v -0.036877 -0.022433 -0.037512
v -0.037607 -0.021246 -0.036270
v -0.037164 -0.020326 -0.036802
v -0.036515 -0.018313 -0.036783
v -0.035855 -0.020556 -0.037275
v -0.034802 -0.019343 -0.039971
v -0.035028 -0.021511 -0.040734
v -0.035828 -0.018228 -0.038913
v -0.035993 -0.021655 -0.039238
v -0.035943 -0.023335 -0.039522
v -0.035714 -0.024545 -0.039643
v -0.034661 -0.017288 -0.040174
v -0.034179 -0.015419 -0.037632
v -0.033700 -0.015303 -0.040078
v -0.032490 -0.013496 -0.040724
v -0.031921 -0.016593 -0.041272
v -0.030701 -0.015810 -0.043399
v -0.034109 -0.019189 -0.041191
v -0.030105 -0.014141 -0.042379
v -0.029069 -0.013727 -0.044034
v -0.030972 -0.012024 -0.040994
v -0.030501 -0.011991 -0.042493
v -0.028747 -0.011598 -0.044483
v -0.029094 -0.013023 -0.045915
v -0.026311 -0.006441 -0.042776
v -0.026991 -0.008260 -0.044059
v -0.027122 -0.010199 -0.047094
v -0.029375 -0.009552 -0.041636
v -0.028146 -0.011613 -0.047097
v -0.027577 -0.013065 -0.048857
v -0.026401 -0.010921 -0.049115
v -0.026770 -0.012082 -0.050301
v -0.024009 -0.009355 -0.051666
v -0.025738 -0.008556 -0.046869
v -0.024011 -0.008029 -0.050548
v -0.023129 -0.007200 -0.049859
v -0.022640 -0.007961 -0.052064
v -0.023513 -0.010434 -0.053062
v -0.021372 -0.007242 -0.051963
v -0.020222 -0.008383 -0.053904
v -0.017567 -0.008706 -0.054115
v -0.021718 -0.009753 -0.054436
v -0.019477 -0.006739 -0.053805
v -0.018219 -0.005052 -0.052834
v -0.019439 -0.004964 -0.052510
v -0.020925 -0.005395 -0.050015
v -0.019537 -0.004173 -0.049595
v -0.021553 -0.003080 -0.048037
v -0.023408 -0.006227 -0.047758
v -0.024670 -0.005518 -0.044186
v -0.024597 -0.007848 -0.046588
v -0.022991 -0.004918 -0.046778
v -0.023622 -0.002881 -0.044261
v -0.022301 -0.000178 -0.044624
v -0.023866 -0.000831 -0.043346
v -0.023484 0.003618 -0.040592
v -0.026258 -0.003956 -0.040502
v -0.025487 -0.001577 -0.040557
v -0.024926 0.000934 -0.040269
v -0.022469 0.001959 -0.043292
v -0.020912 0.000003 -0.046428
v -0.021832 0.003040 -0.043391
v -0.019588 0.002568 -0.045144
v -0.022094 0.005589 -0.040500
v -0.020679 0.006995 -0.040768
v -0.020861 0.008830 -0.038593
v -0.023956 0.005113 -0.038626
v -0.023431 0.006489 -0.038215
v -0.021833 0.006941 -0.038989
v -0.023293 0.007988 -0.037327
v -0.023988 0.008018 -0.035290
v -0.022356 0.009553 -0.036483
v -0.023614 0.009907 -0.034593
v -0.024962 0.008378 -0.033326
v -0.025866 0.003378 -0.035543
v -0.027277 0.007339 -0.030245
v -0.027932 0.004282 -0.032267
v -0.028941 0.003405 -0.029882
v -0.029777 0.000614 -0.032582
v -0.028839 0.005955 -0.028648
v -0.029998 0.004077 -0.028174
v -0.029760 0.006016 -0.026283
v -0.028408 0.008546 -0.027160
v -0.031042 0.003877 -0.025855
v -0.030900 0.005095 -0.024344
v -0.029618 0.008252 -0.023815
v -0.031196 0.006042 -0.021936
v -0.031826 0.004068 -0.023168
v -0.032468 0.005345 -0.021128
v -0.033884 0.001765 -0.022575
v -0.034436 0.003449 -0.020919
v -0.032026 0.006248 -0.019329
v -0.033406 0.001810 -0.024197
v -0.032966 0.000375 -0.026564
v -0.031741 0.001974 -0.026600
v -0.034867 0.000698 -0.024189
v -0.035180 0.001086 -0.022326
v -0.036147 -0.002241 -0.024844
v -0.034778 -0.002038 -0.027327
v -0.033818 -0.001968 -0.028485
v -0.034197 -0.003632 -0.029266
v -0.035925 -0.005509 -0.027462
v -0.035785 -0.008126 -0.029272
v -0.034521 -0.007322 -0.031139
v -0.036142 -0.005295 -0.025818
v -0.036685 -0.007276 -0.026633
v -0.037162 -0.010405 -0.027735
v -0.037736 -0.007638 -0.025383
v -0.036967 -0.006558 -0.024534
v -0.038382 -0.005135 -0.020820
v -0.037988 -0.007179 -0.023108
v -0.037118 -0.004202 -0.023012
v -0.037277 -0.002634 -0.020998
v -0.036732 -0.000764 -0.020043
v -0.037894 -0.001841 -0.018842
v -0.036374 0.000328 -0.019063
v -0.038293 -0.004485 -0.018452
v -0.037451 -0.000945 -0.016286
v -0.036163 0.001408 -0.017057
v -0.037841 -0.002583 -0.016963
v -0.038563 -0.002358 -0.014445
v -0.038804 -0.003671 -0.014799
v -0.039492 -0.004802 -0.017137
v -0.040552 -0.006151 -0.013997
v -0.039735 -0.002854 -0.011624
v -0.040757 -0.005238 -0.010718
v -0.039957 -0.002682 -0.009538
v -0.040677 -0.003427 -0.007555
v -0.042368 -0.008150 -0.010792
v -0.042091 -0.007148 -0.008855
v -0.042123 -0.005195 -0.006495
v -0.043139 -0.007195 -0.006041
v -0.042700 -0.005521 -0.004383
v -0.042661 -0.004361 -0.003344
v -0.043748 -0.006873 -0.004048
v -0.044794 -0.006603 -0.000987
v -0.044841 -0.008951 -0.003717
v -0.047218 -0.013092 -0.004696
v -0.046531 -0.009213 -0.001226
v -0.047224 -0.011051 -0.002936
v -0.044523 -0.010305 -0.006410
v -0.043593 -0.009090 -0.008018
v -0.045427 -0.012249 -0.008840
v -0.045102 -0.013712 -0.011501
v -0.044055 -0.011324 -0.011723
v -0.046192 -0.013841 -0.008411
v -0.043074 -0.009813 -0.012583
v -0.041971 -0.010084 -0.015668
v -0.041504 -0.008151 -0.014476
v -0.040991 -0.008640 -0.016592
v -0.039708 -0.007683 -0.018679
v -0.041661 -0.011370 -0.017505
v -0.040270 -0.010247 -0.020424
v -0.040380 -0.006868 -0.016568
v -0.038856 -0.007527 -0.020634
v -0.038860 -0.009486 -0.022633
v -0.040579 -0.011942 -0.019580
v -0.039866 -0.013625 -0.022737
v -0.038098 -0.011415 -0.025086
v -0.038221 -0.009721 -0.025178
v -0.038506 -0.013744 -0.026754
v -0.040217 -0.015231 -0.024182
v -0.039600 -0.015662 -0.026642
v -0.040978 -0.015071 -0.021911
v -0.042284 -0.018530 -0.022945
v -0.043642 -0.019953 -0.021128
v -0.042616 -0.017291 -0.019535
v -0.043404 -0.015654 -0.016252
v -0.041573 -0.014083 -0.019659
v -0.042444 -0.015329 -0.017971
v -0.043824 -0.019527 -0.018173
v -0.046565 -0.020087 -0.013678
v -0.044993 -0.018305 -0.015223
v -0.046795 -0.021670 -0.015150
v -0.047924 -0.023750 -0.015107
v -0.046520 -0.023777 -0.016463
v -0.049355 -0.022982 -0.012344
v -0.048376 -0.020409 -0.011041
v -0.048639 -0.018611 -0.009041
v -0.050671 -0.020940 -0.008249
v -0.047406 -0.018335 -0.011555
v -0.046960 -0.016048 -0.010300
v -0.045991 -0.017702 -0.013763
v -0.045302 -0.015275 -0.012719
v -0.044695 -0.016025 -0.014026
v -0.043419 -0.013809 -0.015201
v -0.043692 -0.012561 -0.013928
v -0.047648 -0.015923 -0.007593
v -0.049052 -0.015682 -0.004204
v -0.049462 -0.017982 -0.006112
v -0.050397 -0.017800 -0.003473
v -0.052127 -0.020575 -0.005182
v -0.052118 -0.018163 -0.001069
v -0.053400 -0.021484 -0.003418
v -0.054275 -0.024001 -0.004645
v -0.052504 -0.023672 -0.007946
v -0.055445 -0.028003 -0.006571
v -0.055748 -0.026394 -0.004756
v -0.053924 -0.027775 -0.008937
v -0.051721 -0.025303 -0.010934
v -0.050937 -0.022723 -0.009534
v -0.049534 -0.025341 -0.014031
v -0.052832 -0.027575 -0.011570
v -0.050523 -0.026647 -0.011596
v -0.052228 -0.028095 -0.010379
v -0.053402 -0.029067 -0.009781
v -0.052754 -0.029242 -0.007469
v -0.054785 -0.028700 -0.008546
v -0.053606 -0.030088 -0.006904
v -0.052806 -0.030140 -0.004790
v -0.054826 -0.031670 -0.003539
v -0.054731 -0.029751 -0.006114
v -0.055029 -0.030593 -0.004957
v -0.056334 -0.028860 -0.005096
v -0.056954 -0.028990 -0.002975
v -0.056239 -0.026387 -0.003154
v -0.054978 -0.030829 -0.002071
v -0.056792 -0.027944 -0.001545
v -0.057337 -0.026461 0.000713
v -0.056331 -0.028820 0.000574
v -0.054890 -0.030772 -0.000238
v -0.054801 -0.030122 0.000851
v -0.053087 -0.031452 -0.000067
v -0.049789 -0.030953 -0.000675
v -0.052359 -0.030970 -0.001611
v -0.050947 -0.032419 0.000855
v -0.052303 -0.031442 0.002018
v -0.051221 -0.031791 0.003312
v -0.052977 -0.030580 0.003238
v -0.050299 -0.033048 0.002192
v -0.055468 -0.029780 0.002295
v -0.055675 -0.028938 0.003574
v -0.057443 -0.027300 0.002923
v -0.058692 -0.025829 0.002630
v -0.058107 -0.026864 0.004674
v -0.058484 -0.025145 0.006025
v -0.056671 -0.027859 0.005652
v -0.057500 -0.027350 0.006315
v -0.057519 -0.025112 0.004435
v -0.057557 -0.024349 0.003585
v -0.057688 -0.023603 0.005571
v -0.057298 -0.023917 0.006906
v -0.057147 -0.022201 0.006288
v -0.056161 -0.022283 0.004048
v -0.055455 -0.020819 0.005214
v -0.055109 -0.020708 0.002999
v -0.056684 -0.022912 0.002493
v -0.057196 -0.025011 0.000468
v -0.056067 -0.023339 0.000226
v -0.054671 -0.021078 0.000399
v -0.054581 -0.019369 0.002135
v -0.053245 -0.017297 0.001740
v -0.054658 -0.018201 0.003591
v -0.054374 -0.017957 0.005338
v -0.053563 -0.015646 0.005038
v -0.053234 -0.015174 0.004478
v -0.052151 -0.012851 0.006320
v -0.052455 -0.013503 0.004685
v -0.051236 -0.014368 0.002554
v -0.053656 -0.015096 0.007333
v -0.052803 -0.014086 0.009208
v -0.053512 -0.013069 0.008323
v -0.053473 -0.016711 0.008839
v -0.052319 -0.017395 0.009590
v -0.053590 -0.017313 0.007097
v -0.053700 -0.019042 0.008350
v -0.053083 -0.014803 0.009880
v -0.051812 -0.013176 0.009826
v -0.051116 -0.016455 0.010379
v -0.051312 -0.014124 0.010827
v -0.052139 -0.010913 0.010406
v -0.049730 -0.016903 0.011543
v -0.049855 -0.011980 0.011917
v -0.049034 -0.015098 0.012373
v -0.048001 -0.015552 0.014043
v -0.048473 -0.017789 0.013055
v -0.048735 -0.013304 0.013076
v -0.047961 -0.013506 0.014766
v -0.048796 -0.010390 0.013216
v -0.047693 -0.010328 0.015150
v -0.048011 -0.008664 0.014273
v -0.050414 -0.007365 0.013071
v -0.047630 -0.006228 0.014843
v -0.050834 -0.010201 0.011809
v -0.049485 -0.005575 0.013820
v -0.050368 -0.005938 0.011989
v -0.051599 -0.007514 0.011226
v -0.051962 -0.008904 0.011030
v -0.051361 -0.009429 0.008658
v -0.050543 -0.007811 0.008772
v -0.049646 -0.009399 0.006459
v -0.048512 -0.006835 0.005947
v -0.047731 -0.007486 0.003526
v -0.049187 -0.009711 0.004802
v -0.050269 -0.011792 0.003722
v -0.049022 -0.010884 0.002855
v -0.047373 -0.008966 0.001498
v -0.046209 -0.006963 0.000966
v -0.048443 -0.011789 -0.000663
v -0.049622 -0.015453 -0.002474
v -0.049880 -0.013947 0.000404
v -0.045068 -0.004922 0.001200
v -0.044101 -0.002664 0.001083
v -0.043825 -0.004051 -0.000872
v -0.041751 -0.001437 -0.000539
v -0.042103 -0.000192 0.001486
v -0.041218 0.000990 0.000712
v -0.041103 -0.000899 -0.002198
v -0.043690 -0.001442 0.002378
v -0.042738 0.001346 0.003648
v -0.042467 0.003064 0.004265
v -0.039606 0.000715 -0.003679
v -0.040671 -0.002339 -0.005622
v -0.039785 -0.000153 -0.006012
v -0.039116 -0.000557 -0.008795
v -0.037787 0.002095 -0.008846
v -0.038152 -0.000107 -0.011279
v -0.036744 0.002053 -0.012021
v -0.035032 0.004132 -0.011803
v -0.034967 0.003765 -0.015851
v -0.034681 0.006628 -0.010532
v -0.033851 0.005423 -0.015623
v -0.033383 0.006275 -0.012546
v -0.032184 0.007669 -0.014999
v -0.032265 0.009002 -0.013174
v -0.030542 0.011566 -0.015224
v -0.032452 0.007356 -0.017629
v -0.030575 0.008639 -0.017675
v -0.033928 0.004837 -0.018801
v -0.036446 0.001472 -0.013955
v -0.039721 0.003403 -0.000184
v -0.052675 -0.012007 0.009423
v -0.046735 -0.008149 0.015484
v -0.046352 -0.004963 0.015894
v -0.044201 -0.007294 0.016536
v -0.044834 -0.004845 0.016063
v -0.043302 -0.003707 0.015979
v -0.042424 -0.004749 0.016824
v -0.040668 -0.007019 0.017713
v -0.042338 -0.008502 0.017051
v -0.041584 -0.003919 0.016956
v -0.041837 -0.001815 0.016893
v -0.038860 -0.002416 0.019975
v -0.038751 -0.004725 0.019050
v -0.039242 -0.007107 0.018394
v -0.040445 -0.002658 0.018568
v -0.038020 -0.007853 0.019332
v -0.039423 -0.008901 0.019327
v -0.038854 -0.010565 0.020100
v -0.040707 -0.010736 0.019317
v -0.041292 -0.009255 0.017846
v -0.043108 -0.010357 0.017882
v -0.042211 -0.011901 0.018082
v -0.042131 -0.014224 0.018723
v -0.044173 -0.011582 0.017145
v -0.041372 -0.012077 0.019247
v -0.039844 -0.013389 0.020200
v -0.038718 -0.013874 0.020177
v -0.040669 -0.014964 0.019501
v -0.041722 -0.017294 0.018306
v -0.039120 -0.017295 0.019565
v -0.037417 -0.015506 0.019909
v -0.040441 -0.017954 0.018272
v -0.036162 -0.018401 0.020639
v -0.037911 -0.020188 0.019722
v -0.038625 -0.022747 0.017907
v -0.040653 -0.020535 0.017026
v -0.035696 -0.021634 0.020225
v -0.036417 -0.023224 0.019232
v -0.033970 -0.025344 0.020054
v -0.036392 -0.025753 0.018544
v -0.036799 -0.028588 0.018019
v -0.037919 -0.025573 0.017646
v -0.034592 -0.028961 0.018872
v -0.033283 -0.027880 0.019621
v -0.032751 -0.030353 0.019350
v -0.031376 -0.027561 0.020878
v -0.030206 -0.029262 0.020564
v -0.029965 -0.026525 0.022395
v -0.032447 -0.023726 0.021881
v -0.028466 -0.028260 0.023018
v -0.028963 -0.028327 0.021132
v -0.026996 -0.028418 0.022211
v -0.028170 -0.025735 0.024079
v -0.026507 -0.028033 0.024585
v -0.023327 -0.028226 0.026139
v -0.024460 -0.028350 0.024105
v -0.026184 -0.026166 0.025301
v -0.025209 -0.025449 0.026932
v -0.027337 -0.024770 0.026717
v -0.026650 -0.025560 0.026779
v -0.023219 -0.027162 0.026897
v -0.021006 -0.026841 0.027423
v -0.023152 -0.026031 0.027256
v -0.024927 -0.024457 0.028578
v -0.023506 -0.024881 0.028964
v -0.020808 -0.025558 0.028232
v -0.022213 -0.025677 0.029711
v -0.019519 -0.024145 0.030475
v -0.020672 -0.024706 0.030745
v -0.019407 -0.024030 0.032458
v -0.021890 -0.023103 0.030553
v -0.020481 -0.020648 0.032273
v -0.022117 -0.021374 0.030728
v -0.024779 -0.021840 0.028433
v -0.023317 -0.018405 0.030274
v -0.025551 -0.018830 0.027621
v -0.026165 -0.022504 0.027218
v -0.024402 -0.017924 0.029260
v -0.025081 -0.016644 0.028102
v -0.023002 -0.016247 0.029857
v -0.020979 -0.015415 0.032613
v -0.021994 -0.013733 0.031422
v -0.023719 -0.013962 0.029922
v -0.022063 -0.017134 0.031252
v -0.021943 -0.019519 0.030810
v -0.019663 -0.018734 0.032775
v -0.019142 -0.017255 0.033301
v -0.017574 -0.019317 0.034121
v -0.018800 -0.021070 0.033431
v -0.018674 -0.023145 0.033164
v -0.015202 -0.022587 0.035464
v -0.015972 -0.024056 0.034408
v -0.014200 -0.023316 0.034848
v -0.015516 -0.018919 0.035583
v -0.013279 -0.019035 0.036401
v -0.013311 -0.021278 0.036448
v -0.010666 -0.020408 0.036678
v -0.011644 -0.017750 0.037007
v -0.012040 -0.022210 0.035797
v -0.010205 -0.021745 0.036308
v -0.010962 -0.023617 0.033321
v -0.009890 -0.022349 0.035114
v -0.012949 -0.022847 0.033521
v -0.015802 -0.023920 0.030659
v -0.014152 -0.024260 0.031042
v -0.012524 -0.023706 0.031646
v -0.012249 -0.025227 0.030808
v -0.010407 -0.024264 0.031552
v -0.008200 -0.023438 0.032233
v -0.006413 -0.024314 0.031912
v -0.008963 -0.026472 0.029471
v -0.010166 -0.025983 0.030041
v -0.011591 -0.026829 0.029400
v -0.013375 -0.026302 0.029594
v -0.011366 -0.028363 0.027303
v -0.012691 -0.027723 0.027658
v -0.012239 -0.029062 0.026082
v -0.014730 -0.029052 0.026108
v -0.013948 -0.027847 0.028287
v -0.015689 -0.027442 0.028398
v -0.017547 -0.026690 0.028547
v -0.015543 -0.025885 0.030049
v -0.018129 -0.027865 0.027611
v -0.019105 -0.025874 0.028821
v -0.019914 -0.028360 0.026061
v -0.017446 -0.028809 0.025496
v -0.019452 -0.028489 0.023920
v -0.016305 -0.028760 0.022716
v -0.013778 -0.029107 0.024085
v -0.011285 -0.029798 0.023489
v -0.012090 -0.029496 0.021596
v -0.008816 -0.029376 0.020753
v -0.013338 -0.029232 0.018816
v -0.011171 -0.029339 0.018343
v -0.010583 -0.029071 0.016361
v -0.007895 -0.029704 0.017950
v -0.009950 -0.029874 0.015660
v -0.005682 -0.029805 0.014825
v -0.004973 -0.029687 0.018453
v -0.006105 -0.029683 0.016502
v -0.007299 -0.029958 0.019604
v -0.005427 -0.029919 0.020997
v -0.005619 -0.029937 0.025482
v -0.007003 -0.029863 0.022726
v -0.004189 -0.029926 0.020087
v -0.003723 -0.029358 0.021967
v -0.003080 -0.029819 0.024470
v -0.001261 -0.029668 0.021352
v -0.001360 -0.029725 0.022822
v 0.001202 -0.030030 0.023603
v 0.001667 -0.030293 0.020056
v -0.001608 -0.029556 0.019017
v -0.002131 -0.030366 0.016418
v -0.000059 -0.030113 0.016774
v 0.000691 -0.030256 0.014096
v 0.001885 -0.030638 0.017152
v 0.003356 -0.029654 0.014264
v 0.003759 -0.031139 0.015887
v 0.005117 -0.031455 0.018251
v 0.003018 -0.030741 0.019395
v 0.004387 -0.030447 0.019976
v 0.003458 -0.031084 0.021928
v 0.002554 -0.030878 0.023584
v 0.004930 -0.031146 0.023582
v 0.006536 -0.031228 0.021535
v 0.008481 -0.032169 0.021347
v 0.007796 -0.031185 0.023599
v 0.008546 -0.031781 0.019988
v 0.006556 -0.031479 0.019824
v 0.006749 -0.032442 0.018526
v 0.008525 -0.032337 0.017889
v 0.010219 -0.032503 0.019394
v 0.012591 -0.031759 0.020569
v 0.010625 -0.031663 0.021831
v 0.011078 -0.032124 0.019337
v 0.011482 -0.033129 0.016669
v 0.011867 -0.033235 0.015098
v 0.014278 -0.031410 0.015900
v 0.010872 -0.033077 0.014122
v 0.008275 -0.032745 0.015763
v 0.013553 -0.031132 0.016963
v 0.016458 -0.030259 0.016759
v 0.015619 -0.030451 0.019040
v 0.014143 -0.029227 0.022077
v 0.017080 -0.029344 0.019495
v 0.018148 -0.027140 0.020721
v 0.016255 -0.028665 0.021747
v 0.019973 -0.026130 0.019229
v 0.021435 -0.023806 0.021239
v 0.022038 -0.025098 0.016466
v 0.018512 -0.025605 0.023275
v 0.019631 -0.027329 0.016538
v 0.023326 -0.023405 0.017914
v 0.026627 -0.020471 0.017536
v 0.024378 -0.023294 0.015291
v 0.024680 -0.021108 0.019479
v 0.023412 -0.021277 0.023190
v 0.026705 -0.019124 0.020215
v 0.030160 -0.016234 0.019780
v 0.025157 -0.018925 0.024351
v 0.027586 -0.017685 0.023458
v 0.028618 -0.018679 0.017407
v 0.027477 -0.019541 0.015421
v 0.031121 -0.016427 0.016832
v 0.029050 -0.017338 0.014982
v 0.028079 -0.018749 0.012901
v 0.030117 -0.016173 0.015341
v 0.030391 -0.017729 0.011681
v 0.031893 -0.016111 0.013079
v 0.033142 -0.014430 0.014512
v 0.033535 -0.013951 0.013031
v 0.031753 -0.016710 0.010072
v 0.031400 -0.014731 0.015447
v 0.032899 -0.014738 0.017382
v 0.033853 -0.013430 0.016237
v 0.034330 -0.013511 0.017393
v 0.033063 -0.013739 0.020358
v 0.036014 -0.011745 0.019682
v 0.034372 -0.011045 0.023049
v 0.031581 -0.015147 0.021245
v 0.032490 -0.013024 0.021793
v 0.030432 -0.015096 0.025997
v 0.030380 -0.015388 0.023304
v 0.032935 -0.012122 0.024577
v 0.035494 -0.010609 0.025756
v 0.029789 -0.016054 0.028761
v 0.032492 -0.013144 0.028025
v 0.033370 -0.012706 0.030320
v 0.036487 -0.010462 0.029330
v 0.038578 -0.009440 0.031868
v 0.038056 -0.008945 0.026085
v 0.038884 -0.008875 0.028123
v 0.040044 -0.007394 0.030566
v 0.035989 -0.011480 0.031432
v 0.034284 -0.011817 0.032397
v 0.035348 -0.010097 0.034725
v 0.037173 -0.008824 0.035801
v 0.037016 -0.009623 0.038051
v 0.040118 -0.006312 0.036442
v 0.034826 -0.010868 0.035951
v 0.039844 -0.008029 0.034625
v 0.041638 -0.006660 0.033738
v 0.041553 -0.006319 0.031518
v 0.043341 -0.005596 0.034741
v 0.044209 -0.004087 0.036621
v 0.045798 -0.002433 0.037986
v 0.045300 -0.002696 0.032836
v 0.046247 -0.000885 0.034239
v 0.046802 -0.001516 0.036579
v 0.043109 -0.004044 0.038165
v 0.041146 -0.006020 0.039019
v 0.044983 -0.001899 0.038693
v 0.043608 -0.003936 0.040878
v 0.040620 -0.006323 0.041108
v 0.045506 -0.001849 0.042358
v 0.043123 -0.004098 0.044124
v 0.041500 -0.004555 0.044165
v 0.043267 -0.004019 0.046352
v 0.041825 -0.004262 0.046556
v 0.045377 -0.001954 0.045994
v 0.042636 -0.002038 0.046590
v 0.042867 -0.000359 0.046660
v 0.043860 0.000623 0.046924
v 0.046498 -0.000731 0.046505
v 0.046943 0.000337 0.047001
v 0.048359 0.001138 0.045631
v 0.047533 0.000033 0.042041
v 0.048912 0.002671 0.043641
v 0.046695 -0.000471 0.038442
v 0.047748 0.000911 0.038646
v 0.048838 0.001865 0.040767
v 0.047725 0.001835 0.039425
v 0.048645 0.002981 0.039470
v 0.049513 0.003166 0.041353
v 0.048199 0.004234 0.042646
v 0.047719 0.004888 0.038743
v 0.046767 0.005334 0.036637
v 0.045603 0.006688 0.037226
v 0.045110 0.007536 0.038352
v 0.047314 0.005580 0.040463
v 0.045794 0.007264 0.040719
v 0.046647 0.005294 0.043002
v 0.045984 0.004352 0.045359
v 0.045615 0.006457 0.043776
v 0.046940 0.004263 0.044496
v 0.046991 0.002606 0.046345
v 0.044432 0.001704 0.046853
v 0.045622 0.002794 0.046603
v 0.044621 0.004321 0.046430
v 0.043134 0.004220 0.046863
v 0.040188 0.004145 0.046540
v 0.041008 0.006603 0.046375
v 0.044469 0.006453 0.046743
v 0.042835 0.007072 0.046724
v 0.041544 0.008478 0.046444
v 0.042232 0.009039 0.046454
v 0.044629 0.008228 0.046941
v 0.043421 0.008281 0.045409
v 0.045216 0.007446 0.045278
v 0.043747 0.007986 0.043778
v 0.041867 0.009565 0.044608
v 0.044362 0.008264 0.041805
v 0.042193 0.010248 0.042039
v 0.040001 0.010901 0.043715
v 0.041730 0.010206 0.039733
v 0.039405 0.011226 0.041160
v 0.037218 0.012371 0.043142
v 0.035124 0.013896 0.039197
v 0.038519 0.011896 0.038975
v 0.034749 0.013777 0.041251
v 0.033597 0.014582 0.037993
v 0.035051 0.013141 0.043992
v 0.032574 0.015406 0.039914
v 0.033492 0.014949 0.043667
v 0.034047 0.015549 0.046084
v 0.033560 0.016628 0.044498
v 0.032065 0.017784 0.042379
v 0.032053 0.020984 0.043448
v 0.032188 0.019674 0.041880
v 0.031808 0.019081 0.040244
v 0.033282 0.018563 0.045199
v 0.034003 0.019431 0.046906
v 0.034369 0.017694 0.047298
v 0.033423 0.020725 0.046047
v 0.032914 0.022825 0.047021
v 0.032823 0.022436 0.045458
v 0.033715 0.022229 0.048071
v 0.031998 0.022626 0.049321
v 0.034039 0.021345 0.049637
v 0.035119 0.019281 0.049095
v 0.034906 0.018001 0.049675
v 0.033435 0.019476 0.049902
v 0.034880 0.014970 0.048595
v 0.034391 0.017449 0.049949
v 0.032886 0.017233 0.050038
v 0.034982 0.015370 0.049388
v 0.033932 0.014583 0.049303
v 0.031065 0.014136 0.049162
v 0.030816 0.014983 0.049615
v 0.034644 0.012925 0.049328
v 0.031934 0.011434 0.048977
v 0.036560 0.011801 0.048464
v 0.034890 0.010767 0.048498
v 0.036086 0.013911 0.048393
v 0.035744 0.012857 0.047082
v 0.035401 0.013682 0.046671
v 0.035790 0.012661 0.044967
v 0.037432 0.011872 0.045710
v 0.036348 0.011785 0.046841
v 0.037524 0.010410 0.047537
v 0.038903 0.009686 0.047276
v 0.035137 0.008644 0.047235
v 0.038264 0.011378 0.044687
v 0.037290 0.008553 0.047113
v 0.037541 0.006223 0.046916
v 0.039281 0.007414 0.046822
v 0.035793 0.005105 0.046770
v 0.034438 0.006166 0.047149
v 0.037672 0.004607 0.046742
v 0.037408 0.002780 0.046925
v 0.038668 -0.000059 0.046712
v 0.040766 0.001101 0.047116
v 0.040346 0.002470 0.046922
v 0.034208 0.003786 0.047106
v 0.035675 0.001888 0.047036
v 0.035678 -0.000880 0.047283
v 0.033396 0.001831 0.047168
v 0.031125 0.003572 0.047179
v 0.032374 0.000617 0.047181
v 0.030459 0.000775 0.047274
v 0.030137 0.002593 0.047223
v 0.032064 -0.001479 0.046771
v 0.034192 -0.002436 0.047002
v 0.032627 -0.003062 0.046724
v 0.034202 -0.004784 0.046878
v 0.036927 -0.003136 0.046863
v 0.036756 -0.003905 0.047368
v 0.039576 -0.003766 0.046814
v 0.037633 -0.006718 0.047532
v 0.035566 -0.005078 0.047584
v 0.035083 -0.007710 0.047101
v 0.033814 -0.008859 0.047936
v 0.035484 -0.009182 0.046220
v 0.033207 -0.007268 0.047635
v 0.033268 -0.009861 0.046551
v 0.030636 -0.009732 0.047402
v 0.034340 -0.010549 0.043946
v 0.030626 -0.011714 0.045818
v 0.030689 -0.012363 0.044942
v 0.029028 -0.010496 0.045998
v 0.028575 -0.012199 0.044889
v 0.027069 -0.010539 0.045035
v 0.028214 -0.013758 0.044026
v 0.027062 -0.012259 0.044242
v 0.026168 -0.013987 0.043611
v 0.025429 -0.011656 0.045051
v 0.025080 -0.013133 0.044209
v 0.023367 -0.015479 0.043403
v 0.024236 -0.015504 0.043074
v 0.024622 -0.012768 0.045164
v 0.025062 -0.010661 0.046073
v 0.023303 -0.012567 0.045041
v 0.021231 -0.013138 0.043973
v 0.022123 -0.012697 0.046145
v 0.022558 -0.014700 0.043464
v 0.020300 -0.015513 0.043299
v 0.020595 -0.017421 0.043021
v 0.018030 -0.016931 0.043274
v 0.022663 -0.017066 0.043398
v 0.019399 -0.014477 0.044646
v 0.018006 -0.013952 0.045096
v 0.018748 -0.012483 0.045527
v 0.020047 -0.012491 0.045889
v 0.016903 -0.014745 0.043627
v 0.016382 -0.013101 0.045754
v 0.016643 -0.017296 0.042344
v 0.014088 -0.016736 0.043363
v 0.015826 -0.016113 0.042982
v 0.014006 -0.014441 0.044421
v 0.013055 -0.012164 0.044291
v 0.015779 -0.011597 0.045718
v 0.012211 -0.014016 0.043525
v 0.011683 -0.016199 0.042364
v 0.013382 -0.017453 0.041400
v 0.009874 -0.016930 0.040778
v 0.010071 -0.015440 0.042281
v 0.012253 -0.017829 0.039983
v 0.012454 -0.020135 0.037994
v 0.010288 -0.017875 0.038830
v 0.013748 -0.019062 0.040232
v 0.011377 -0.019183 0.038083
v 0.010299 -0.020694 0.036450
v 0.007771 -0.019918 0.036558
v 0.005056 -0.021348 0.035151
v 0.008523 -0.021324 0.035393
v 0.007241 -0.018321 0.037557
v 0.004620 -0.019852 0.036425
v 0.001629 -0.020884 0.035843
v 0.001500 -0.021382 0.034944
v 0.005322 -0.019112 0.038441
v 0.003236 -0.019575 0.036847
v 0.001163 -0.018228 0.038120
v 0.003885 -0.018032 0.039014
v 0.001455 -0.019388 0.036618
v -0.000216 -0.020063 0.035259
v -0.000246 -0.018969 0.036490
v -0.000472 -0.018662 0.038538
v -0.003025 -0.019589 0.036107
v -0.001771 -0.020084 0.035805
v -0.002373 -0.021151 0.034702
v -0.005912 -0.020736 0.034063
v -0.001785 -0.021913 0.034702
v -0.003222 -0.021367 0.033299
v -0.004801 -0.021747 0.032435
v -0.006001 -0.022637 0.031805
v -0.003293 -0.022564 0.031343
v -0.005666 -0.024439 0.031216
v -0.005342 -0.025217 0.029996
v -0.006834 -0.022923 0.032890
v -0.004041 -0.024536 0.031274
v -0.002031 -0.024015 0.032822
v -0.003259 -0.025870 0.030053
v -0.002633 -0.027014 0.029383
v -0.004764 -0.026184 0.029971
v -0.001070 -0.024899 0.031261
v 0.000423 -0.022461 0.034378
v 0.000740 -0.024940 0.031870
v 0.001947 -0.023128 0.033066
v -0.000775 -0.026887 0.030218
v 0.000989 -0.026440 0.030140
v -0.001433 -0.028488 0.028700
v -0.003195 -0.028808 0.028149
v -0.001106 -0.029634 0.027061
v 0.000841 -0.029290 0.026913
v 0.001853 -0.028000 0.028318
v 0.003697 -0.027933 0.027594
v 0.004750 -0.027082 0.029121
v 0.002821 -0.026115 0.030501
v 0.001363 -0.029781 0.025797
v 0.006333 -0.027483 0.028846
v 0.007313 -0.028658 0.028100
v 0.004795 -0.029207 0.026344
v 0.007864 -0.028943 0.027293
v 0.003898 -0.030038 0.024856
v 0.005713 -0.029715 0.025288
v 0.007546 -0.030141 0.026384
v 0.008272 -0.030596 0.024855
v 0.008731 -0.030440 0.026055
v 0.009421 -0.032230 0.024833
v 0.009398 -0.031962 0.023000
v 0.009844 -0.031164 0.025731
v 0.011264 -0.031655 0.025068
v 0.012949 -0.029656 0.022347
v 0.012142 -0.030857 0.025378
v 0.014975 -0.029518 0.024916
v 0.012109 -0.028855 0.027088
v 0.010203 -0.029666 0.026712
v 0.014228 -0.029859 0.027141
v 0.015407 -0.028543 0.028454
v 0.014132 -0.027336 0.029150
v 0.016163 -0.026602 0.030001
v 0.014306 -0.025806 0.031523
v 0.012412 -0.026749 0.029225
v 0.011938 -0.024990 0.032259
v 0.009507 -0.028346 0.028078
v 0.009644 -0.027137 0.029329
v 0.010951 -0.025653 0.030835
v 0.010937 -0.023925 0.032910
v 0.008673 -0.024218 0.032062
v 0.007573 -0.025789 0.031089
v 0.008584 -0.027042 0.030410
v 0.007257 -0.023362 0.033136
v 0.005592 -0.024996 0.031619
v 0.005414 -0.026105 0.030345
v 0.005212 -0.022620 0.033467
v 0.002913 -0.024357 0.031971
v 0.007706 -0.022362 0.034557
v 0.010713 -0.022240 0.034177
v 0.009653 -0.022213 0.035347
v 0.012028 -0.021767 0.036488
v 0.013944 -0.021412 0.037878
v 0.012363 -0.022771 0.034362
v 0.014126 -0.022840 0.034033
v 0.015878 -0.021689 0.037389
v 0.016715 -0.022471 0.035821
v 0.017433 -0.023348 0.035608
v 0.014803 -0.024266 0.033290
v 0.018292 -0.021763 0.037568
v 0.019794 -0.022722 0.036625
v 0.022004 -0.023355 0.034564
v 0.019182 -0.023745 0.035412
v 0.020360 -0.021678 0.036457
v 0.022185 -0.021231 0.037391
v 0.023453 -0.022099 0.035417
v 0.024294 -0.021624 0.037150
v 0.026009 -0.021146 0.034243
v 0.025350 -0.020612 0.035496
v 0.024485 -0.022250 0.034466
v 0.026382 -0.019850 0.031670
v 0.023843 -0.022070 0.031131
v 0.023026 -0.023608 0.033036
v 0.022774 -0.023444 0.031006
v 0.020652 -0.025172 0.033750
v 0.018673 -0.025953 0.031936
v 0.017494 -0.024564 0.033170
v 0.017076 -0.027229 0.029424
v 0.019687 -0.025499 0.029987
v 0.021695 -0.024272 0.027425
v 0.021485 -0.024682 0.029532
v 0.018631 -0.025840 0.028148
v 0.019828 -0.024551 0.026523
v 0.017054 -0.027448 0.026881
v 0.017914 -0.025824 0.026607
v 0.020529 -0.023908 0.023897
v 0.016434 -0.028152 0.024216
v 0.015030 -0.028593 0.023352
v 0.017568 -0.026507 0.022660
v 0.021460 -0.023226 0.025498
v 0.023450 -0.021742 0.025317
v 0.023405 -0.022478 0.027606
v 0.024974 -0.020597 0.028990
v 0.027805 -0.017592 0.029153
v 0.024817 -0.019812 0.025073
v 0.028234 -0.016993 0.027068
v 0.030109 -0.016542 0.030523
v 0.030044 -0.017335 0.033590
v 0.031340 -0.014977 0.031882
v 0.028713 -0.018370 0.032619
v 0.027382 -0.019058 0.033970
v 0.026815 -0.019542 0.036140
v 0.028829 -0.016996 0.036455
v 0.027835 -0.018306 0.037198
v 0.030568 -0.016243 0.037312
v 0.030940 -0.015342 0.035181
v 0.033036 -0.013715 0.036826
v 0.032047 -0.014396 0.033783
v 0.033550 -0.012414 0.035273
v 0.034925 -0.011771 0.039286
v 0.032730 -0.013537 0.039100
v 0.033429 -0.012868 0.041370
v 0.036572 -0.010804 0.040645
v 0.035244 -0.011600 0.041884
v 0.037469 -0.009127 0.042371
v 0.036226 -0.008145 0.045121
v 0.038003 -0.007445 0.043854
v 0.039876 -0.006235 0.045496
v 0.040604 -0.005549 0.046832
v 0.040288 -0.006711 0.043661
v 0.038455 -0.008511 0.040145
v 0.038490 -0.007889 0.038364
v 0.030821 -0.012812 0.043183
v 0.029209 -0.014284 0.041619
v 0.029823 -0.015653 0.039813
v 0.027251 -0.015092 0.044209
v 0.028163 -0.017162 0.039975
v 0.027997 -0.016294 0.041923
v 0.026088 -0.019034 0.040974
v 0.026638 -0.018780 0.041843
v 0.026836 -0.018927 0.038993
v 0.027069 -0.016081 0.043593
v 0.025603 -0.017346 0.044129
v 0.024683 -0.019395 0.043841
v 0.024295 -0.016828 0.043185
v 0.022870 -0.018530 0.044244
v 0.023696 -0.020312 0.041727
v 0.024890 -0.020467 0.040461
v 0.025300 -0.021189 0.038329
v 0.022707 -0.020330 0.040067
v 0.021782 -0.019440 0.042015
v 0.020262 -0.020454 0.038964
v 0.019043 -0.020954 0.039007
v 0.019526 -0.019362 0.041430
v 0.016421 -0.019809 0.040349
v 0.017934 -0.018974 0.042093
v 0.017142 -0.020782 0.039015
v 0.019486 -0.018776 0.041960
v 0.020942 -0.018811 0.043674
v 0.015871 -0.018368 0.041612
v 0.014391 -0.020124 0.039181
v 0.031690 -0.015078 0.039023
v -0.001891 -0.030243 0.025452
v -0.003590 -0.029989 0.026299
v -0.005770 -0.027980 0.027472
v -0.008285 -0.027241 0.028142
v -0.006267 -0.026256 0.029023
v -0.008258 -0.028218 0.027521
v -0.007269 -0.029534 0.025888
v -0.009452 -0.029587 0.025347
v -0.009141 -0.029395 0.023386
v -0.006289 -0.019796 0.035331
v -0.007924 -0.021522 0.035537
v -0.008415 -0.020464 0.037152
v -0.006448 -0.019750 0.036909
v -0.007488 -0.018104 0.037447
v -0.006678 -0.018100 0.036648
v -0.005417 -0.019311 0.037548
v -0.004131 -0.016537 0.038669
v -0.002727 -0.018091 0.038049
v -0.004263 -0.019222 0.036579
v -0.005839 -0.017755 0.037652
v -0.006985 -0.016465 0.038120
v -0.009383 -0.017849 0.037418
v -0.010423 -0.015564 0.037413
v -0.007091 -0.015344 0.038352
v -0.005229 -0.015366 0.039197
v -0.006630 -0.013923 0.039011
v -0.003562 -0.014414 0.039960
v -0.005499 -0.011948 0.040106
v -0.009418 -0.012582 0.038414
v -0.007360 -0.011033 0.039424
v -0.003964 -0.009861 0.041257
v -0.002847 -0.013326 0.040467
v -0.005317 -0.010000 0.041151
v -0.007501 -0.008563 0.039557
v -0.009228 -0.008202 0.038264
v -0.007032 -0.007000 0.040821
v -0.008435 -0.005909 0.039361
v -0.012331 -0.006634 0.036548
v -0.011172 -0.008669 0.036880
v -0.006621 -0.004845 0.040847
v -0.011627 -0.003377 0.037858
v -0.007809 -0.003374 0.040041
v -0.009456 -0.002375 0.039676
v -0.008543 -0.000234 0.040471
v -0.009967 0.001303 0.040043
v -0.011380 -0.000066 0.039036
v -0.013887 -0.000076 0.037523
v -0.012149 0.001281 0.038709
v -0.014765 0.001766 0.038213
v -0.011182 0.004024 0.039759
v -0.013311 0.003866 0.039117
v -0.014175 0.007065 0.039504
v -0.011814 0.005114 0.039990
v -0.015436 0.004348 0.038225
v -0.011938 0.004615 0.038887
v -0.016480 0.002470 0.037513
v -0.018158 0.004310 0.036868
v -0.016460 0.006478 0.038196
v -0.018440 0.006429 0.037205
v -0.016503 0.008344 0.038559
v -0.013548 0.008877 0.040739
v -0.019419 0.008245 0.037769
v -0.018555 0.009036 0.038718
v -0.017213 0.010558 0.038987
v -0.015700 0.010317 0.039257
v -0.014238 0.010181 0.040039
v -0.016320 0.012534 0.039658
v -0.016306 0.013977 0.040077
v -0.014769 0.012967 0.040564
v -0.018282 0.011083 0.039335
v -0.018122 0.013260 0.039192
v -0.018657 0.015575 0.039280
v -0.017106 0.016415 0.039750
v -0.019917 0.012489 0.038852
v -0.021417 0.009680 0.037076
v -0.021832 0.011860 0.037335
v -0.020728 0.017373 0.038547
v -0.021122 0.014190 0.038159
v -0.021695 0.013637 0.037361
v -0.023261 0.012253 0.036372
v -0.023832 0.014385 0.037349
v -0.025083 0.016892 0.036913
v -0.024453 0.012809 0.036327
v -0.023234 0.016812 0.038512
v -0.021857 0.015482 0.038650
v -0.025646 0.015654 0.035991
v -0.026200 0.018016 0.036338
v -0.027711 0.016000 0.034420
v -0.025837 0.014295 0.035340
v -0.027291 0.017588 0.035343
v -0.026333 0.019115 0.035829
v -0.029717 0.018691 0.033861
v -0.028086 0.019665 0.034815
v -0.026538 0.021153 0.036013
v -0.028304 0.021483 0.034983
v -0.027670 0.023948 0.035561
v -0.029053 0.022829 0.035017
v -0.030184 0.021618 0.034052
v -0.030391 0.023882 0.034406
v -0.031290 0.020384 0.033365
v -0.033455 0.019886 0.032027
v -0.031324 0.017873 0.032803
v -0.031695 0.015592 0.031744
v -0.030070 0.016114 0.032756
v -0.032629 0.017151 0.031347
v -0.033639 0.017380 0.031594
v -0.033188 0.014808 0.030622
v -0.035060 0.014955 0.029591
v -0.033284 0.011672 0.029737
v -0.032375 0.012956 0.030608
v -0.036000 0.013360 0.028691
v -0.037826 0.014724 0.026777
v -0.037988 0.012572 0.026151
v -0.035902 0.011680 0.028095
v -0.036251 0.008937 0.026531
v -0.038178 0.009601 0.024851
v -0.034522 0.010441 0.028199
v -0.032445 0.009093 0.029496
v -0.033627 0.007475 0.028187
v -0.034734 0.005513 0.025699
v -0.032077 0.003997 0.027594
v -0.030619 0.006643 0.029396
v -0.029630 0.009612 0.031104
v -0.029229 0.007375 0.030616
v -0.030328 0.005034 0.028908
v -0.030702 0.002258 0.027793
v -0.029247 0.003793 0.030386
v -0.027162 0.003339 0.031347
v -0.026784 0.001513 0.031292
v -0.028622 0.001584 0.030215
v -0.027451 0.006070 0.031297
v -0.027831 0.008373 0.031593
v -0.025869 0.004620 0.032547
v -0.025760 0.006632 0.032910
v -0.024057 0.005919 0.034252
v -0.025907 0.008544 0.033954
v -0.027384 0.009925 0.033042
v -0.025246 0.011068 0.035385
v -0.026283 0.012297 0.034787
v -0.028609 0.011437 0.031735
v -0.028952 0.013540 0.033002
v -0.028090 0.014348 0.033836
v -0.030157 0.012915 0.031818
v -0.030992 0.010812 0.030855
v -0.024350 0.007765 0.034832
v -0.023664 0.010448 0.036137
v -0.023546 0.009037 0.035729
v -0.021223 0.007543 0.036578
v -0.022698 0.006931 0.035594
v -0.021936 0.004147 0.034886
v -0.021436 0.005496 0.036001
v -0.020168 0.005060 0.036227
v -0.020713 0.002518 0.034648
v -0.018240 0.001467 0.036077
v -0.020670 0.000681 0.034186
v -0.022916 0.002439 0.033500
v -0.024635 0.001380 0.032383
v -0.022451 -0.000006 0.032985
v -0.020724 -0.002355 0.033499
v -0.024038 -0.001415 0.031777
v -0.025506 -0.000545 0.031251
v -0.024170 -0.004008 0.031625
v -0.022992 -0.003267 0.032152
v -0.020780 -0.005024 0.032713
v -0.021289 -0.007972 0.032540
v -0.019123 -0.005124 0.033792
v -0.022720 -0.006449 0.032041
v -0.019310 -0.007337 0.033225
v -0.016402 -0.006963 0.034966
v -0.017125 -0.009381 0.034199
v -0.019356 -0.010231 0.033250
v -0.017957 -0.012349 0.033912
v -0.021293 -0.010313 0.032057
v -0.020726 -0.012999 0.032642
v -0.018997 -0.014288 0.033176
v -0.016495 -0.016869 0.034181
v -0.015929 -0.013492 0.034896
v -0.014400 -0.013065 0.036039
v -0.014834 -0.010742 0.035015
v -0.014688 -0.016813 0.035634
v -0.013259 -0.013280 0.036692
v -0.013035 -0.016744 0.036958
v -0.011554 -0.014884 0.037890
v -0.009958 -0.013986 0.037684
v -0.010416 -0.011225 0.037331
v -0.013286 -0.010710 0.035569
v -0.012649 -0.009568 0.036148
v -0.014276 -0.008860 0.035856
v -0.014516 -0.006309 0.035897
v -0.016923 -0.004888 0.034921
v -0.014279 -0.004833 0.036002
v -0.015320 -0.002768 0.036082
v -0.015677 -0.000293 0.036982
v -0.017464 -0.002167 0.035534
v -0.018341 -0.003691 0.034683
v -0.019260 -0.000845 0.034656
v -0.017494 -0.000026 0.035683
v -0.023351 -0.010497 0.030835
v -0.023123 -0.008104 0.031073
v -0.024837 -0.010338 0.029093
v -0.024406 -0.005879 0.030866
v -0.026048 -0.003608 0.030305
v -0.026145 -0.006716 0.029979
v -0.027600 -0.003843 0.029519
v -0.027809 -0.006626 0.029283
v -0.026638 -0.008883 0.028752
v -0.028396 -0.009126 0.027202
v -0.028716 -0.007599 0.028020
v -0.026821 -0.012198 0.028044
v -0.024837 -0.012704 0.029423
v -0.027699 -0.011977 0.027101
v -0.028091 -0.013688 0.026760
v -0.029667 -0.010792 0.026046
v -0.029835 -0.013816 0.025118
v -0.027715 -0.016615 0.026307
v -0.027929 -0.019287 0.025251
v -0.027286 -0.018702 0.026676
v -0.029301 -0.016499 0.025421
v -0.029502 -0.019652 0.024398
v -0.030920 -0.017853 0.024272
v -0.031311 -0.015938 0.024347
v -0.032337 -0.014017 0.023995
v -0.033950 -0.014829 0.023999
v -0.032966 -0.017020 0.023991
v -0.033608 -0.019145 0.023586
v -0.034272 -0.017634 0.023521
v -0.035584 -0.017156 0.021348
v -0.035699 -0.016253 0.022594
v -0.034603 -0.019376 0.022491
v -0.033188 -0.022121 0.022046
v -0.032103 -0.020747 0.023567
v -0.029890 -0.023670 0.023785
v -0.031336 -0.023228 0.022851
v -0.028874 -0.022108 0.024365
v -0.027226 -0.022654 0.026356
v -0.027412 -0.020542 0.026400
v -0.036696 -0.014740 0.020873
v -0.035910 -0.013334 0.022769
v -0.034276 -0.012886 0.023763
v -0.036442 -0.011098 0.022191
v -0.036245 -0.013775 0.021208
v -0.034556 -0.011046 0.023739
v -0.032214 -0.012186 0.024329
v -0.030874 -0.010189 0.024945
v -0.034658 -0.008881 0.023257
v -0.031903 -0.008810 0.024356
v -0.033883 -0.006667 0.023727
v -0.030611 -0.007789 0.026328
v -0.031988 -0.006183 0.025416
v -0.033005 -0.006465 0.023330
v -0.029516 -0.005311 0.027452
v -0.032352 -0.004408 0.025189
v -0.032458 -0.002688 0.026309
v -0.033952 -0.003691 0.024678
v -0.034582 -0.005166 0.023300
v -0.031003 -0.003455 0.027060
v -0.029098 -0.002681 0.028681
v -0.031276 -0.002043 0.027587
v -0.033708 -0.000561 0.026223
v -0.029501 0.000499 0.028366
v -0.032486 0.001350 0.027499
v -0.032514 0.000143 0.027258
v -0.033849 0.001928 0.026738
v -0.035825 0.001897 0.025133
v -0.033970 0.003714 0.026325
v -0.036160 0.003502 0.024365
v -0.037295 0.003671 0.023610
v -0.037683 0.001170 0.022436
v -0.035977 0.000049 0.024213
v -0.034734 -0.001781 0.024723
v -0.037146 -0.001590 0.022700
v -0.037394 -0.005394 0.020816
v -0.036145 -0.003663 0.022798
v -0.036008 -0.005181 0.021856
v -0.037306 -0.007097 0.021281
v -0.035983 -0.007798 0.021742
v -0.036920 -0.009105 0.021404
v -0.037549 -0.010998 0.020138
v -0.035995 0.006471 0.025403
v -0.036918 0.007961 0.025095
v -0.029133 -0.000578 0.029622
v -0.027243 -0.001129 0.030324
v -0.026716 0.000264 0.030739
v -0.039749 0.012095 0.023721
v -0.039617 0.014326 0.024626
v -0.036244 0.016504 0.028726
v -0.037247 0.017721 0.028040
v -0.037122 0.019849 0.028996
v -0.035809 0.019135 0.029865
v -0.034521 0.016488 0.030388
v -0.034011 0.020126 0.031334
v -0.035711 0.022656 0.030029
v -0.025530 0.019467 0.036714
v -0.024455 0.020489 0.037562
v -0.023047 0.019013 0.038491
v -0.024905 0.018483 0.037216
v -0.021825 0.018179 0.039160
v -0.020118 0.021141 0.039606
v -0.019580 0.019845 0.039396
v -0.019330 0.018544 0.039258
v -0.017843 0.019702 0.040271
v -0.015322 0.018919 0.041073
v -0.017374 0.017512 0.039649
v -0.017435 0.021441 0.041342
v -0.015668 0.022516 0.041577
v -0.014123 0.024760 0.042360
v -0.013789 0.021947 0.041948
v -0.012057 0.019916 0.042814
v -0.013832 0.018717 0.042294
v -0.012032 0.022771 0.043109
v -0.009203 0.023921 0.042989
v -0.010915 0.025313 0.042597
v -0.010012 0.019555 0.043375
v -0.009442 0.021896 0.043442
v -0.007387 0.020500 0.043514
v -0.006822 0.022693 0.043274
v -0.005316 0.025018 0.042919
v -0.007019 0.024230 0.043090
v -0.004393 0.022383 0.043663
v -0.001693 0.022711 0.043849
v -0.001763 0.021503 0.044392
v -0.004020 0.020586 0.043928
v -0.002211 0.024287 0.043587
v -0.003184 0.025637 0.042519
v -0.000376 0.026056 0.042861
v 0.000717 0.022720 0.044443
v 0.001222 0.025599 0.043380
v 0.002697 0.023166 0.044770
v 0.003889 0.025259 0.044147
v 0.006106 0.025830 0.044795
v 0.005146 0.023818 0.044838
v 0.007724 0.023035 0.045510
v 0.008214 0.025161 0.044986
v 0.005385 0.022189 0.045212
v 0.003916 0.020472 0.046004
v 0.002331 0.020954 0.045090
v 0.005716 0.020844 0.046008
v 0.007020 0.018755 0.046971
v 0.007708 0.020926 0.046265
v 0.009150 0.023476 0.045738
v 0.010742 0.020821 0.046561
v 0.009459 0.019595 0.047259
v 0.011710 0.019327 0.048136
v 0.011060 0.017936 0.048266
v 0.009085 0.017945 0.047436
v 0.010060 0.016302 0.048127
v 0.006916 0.017045 0.046926
v 0.009499 0.014804 0.048542
v 0.011953 0.015337 0.049160
v 0.013612 0.014439 0.049400
v 0.013486 0.012863 0.049409
v 0.010921 0.013441 0.049123
v 0.014658 0.016567 0.048905
v 0.017564 0.016636 0.049524
v 0.016399 0.014342 0.049865
v 0.016044 0.017790 0.048786
v 0.013909 0.018988 0.048052
v 0.012937 0.020451 0.047702
v 0.016709 0.019815 0.048485
v 0.014608 0.020342 0.048035
v 0.013940 0.022039 0.047282
v 0.016559 0.021418 0.048143
v 0.018000 0.022708 0.047785
v 0.019084 0.019590 0.048715
v 0.016127 0.024665 0.046843
v 0.019411 0.020905 0.048835
v 0.022020 0.021825 0.048855
v 0.020168 0.023805 0.047762
v 0.021214 0.018741 0.049227
v 0.022507 0.020500 0.049525
v 0.024220 0.021787 0.049225
v 0.023771 0.019532 0.049527
v 0.023471 0.017196 0.049344
v 0.025825 0.020963 0.049662
v 0.026381 0.019298 0.049650
v 0.025262 0.017932 0.049238
v 0.024649 0.016080 0.050153
v 0.026767 0.016260 0.049896
v 0.028593 0.016072 0.050264
v 0.027764 0.017925 0.049931
v 0.027213 0.015161 0.049742
v 0.025035 0.013403 0.049664
v 0.027240 0.013928 0.049479
v 0.023542 0.014980 0.049828
v 0.022781 0.013511 0.050149
v 0.022340 0.016063 0.049790
v 0.020078 0.017307 0.049219
v 0.020216 0.016212 0.049801
v 0.019081 0.014420 0.049949
v 0.018100 0.012432 0.050195
v 0.020880 0.012023 0.050079
v 0.021048 0.008635 0.049947
v 0.019376 0.009461 0.049997
v 0.022167 0.010778 0.050145
v 0.023860 0.011095 0.050020
v 0.023147 0.008728 0.050131
v 0.022030 0.006520 0.049651
v 0.022460 0.008293 0.049441
v 0.025959 0.007927 0.049816
v 0.024078 0.007317 0.049635
v 0.026079 0.009710 0.050007
v 0.025932 0.011947 0.049694
v 0.028100 0.009495 0.049616
v 0.027099 0.011061 0.049324
v 0.029593 0.010475 0.049206
v 0.030030 0.013065 0.049196
v 0.028007 0.012644 0.049006
v 0.029446 0.008890 0.049139
v 0.031129 0.008601 0.048334
v 0.032874 0.009870 0.048383
v 0.032262 0.007446 0.047611
v 0.033588 0.007015 0.047049
v 0.032150 0.005580 0.047607
v 0.029196 0.006374 0.048195
v 0.030421 0.004524 0.047841
v 0.028431 0.003901 0.048230
v 0.027492 0.002375 0.047434
v 0.026232 0.003328 0.048965
v 0.026016 0.004927 0.049091
v 0.027332 0.006020 0.049038
v 0.024123 0.005935 0.049444
v 0.027505 0.007440 0.048916
v 0.023766 0.003588 0.049135
v 0.023512 0.000712 0.048950
v 0.025429 0.002042 0.048665
v 0.020950 0.004434 0.049605
v 0.021187 0.002789 0.049563
v 0.018860 0.002065 0.049687
v 0.021348 0.001112 0.049061
v 0.018554 0.003904 0.049652
v 0.017934 0.001043 0.049271
v 0.016161 0.003590 0.049228
v 0.018003 0.005792 0.049459
v 0.019952 0.005791 0.049957
v 0.018831 0.008046 0.049266
v 0.015160 0.006605 0.049403
v 0.016388 0.008054 0.049532
v 0.015350 0.009742 0.049667
v 0.017498 0.009304 0.049364
v 0.016999 0.010906 0.050031
v 0.015389 0.012201 0.049803
v 0.014207 0.011105 0.049348
v 0.013793 0.009018 0.049720
v 0.012585 0.011667 0.049831
v 0.010775 0.010048 0.049345
v 0.008600 0.013655 0.048339
v 0.007432 0.010654 0.048323
v 0.005715 0.012276 0.047426
v 0.005632 0.008554 0.048330
v 0.008513 0.008923 0.048933
v 0.005017 0.010840 0.047453
v 0.002241 0.009958 0.046643
v 0.002627 0.011490 0.046655
v 0.003075 0.008758 0.047285
v 0.003304 0.007310 0.047149
v 0.000638 0.007943 0.046490
v -0.002027 0.006077 0.046065
v 0.000162 0.009468 0.045442
v -0.002007 0.008565 0.045817
v 0.000277 0.006572 0.046693
v -0.000608 0.004262 0.046142
v 0.000841 0.004937 0.046287
v 0.002193 0.004769 0.047026
v 0.001582 0.002654 0.046557
v -0.001125 0.001284 0.045597
v 0.002607 0.001950 0.045807
v 0.004015 0.003888 0.047804
v 0.003827 0.003447 0.046501
v 0.006540 0.003019 0.047885
v 0.005197 0.002107 0.047036
v 0.004729 -0.000120 0.045763
v 0.005825 0.000477 0.047070
v 0.005498 -0.002353 0.046293
v 0.003865 -0.001820 0.045641
v 0.004726 -0.003889 0.045433
v 0.001550 -0.002359 0.044696
v 0.003774 -0.005149 0.044734
v 0.002692 -0.000633 0.045318
v 0.001584 -0.005326 0.044550
v 0.001392 -0.000646 0.045404
v 0.000053 -0.000278 0.044939
v -0.001058 -0.003062 0.043674
v -0.003236 -0.004444 0.042270
v -0.002580 -0.001518 0.042703
v -0.000792 -0.005768 0.043422
v -0.001197 0.000235 0.043799
v -0.003374 0.001393 0.043953
v -0.003889 -0.000358 0.042639
v -0.004435 -0.004130 0.041796
v -0.005431 -0.002584 0.041137
v -0.006035 0.001952 0.043074
v -0.006358 -0.000782 0.041931
v -0.008029 0.001162 0.041477
v -0.006810 0.004045 0.043114
v -0.009963 0.003442 0.040913
v -0.008951 0.004772 0.041750
v -0.011427 0.007054 0.041184
v -0.008938 0.006783 0.042336
v -0.006331 0.006909 0.043669
v -0.009913 0.008958 0.042548
v -0.005797 0.009078 0.044263
v -0.007757 0.010274 0.043897
v -0.010163 0.010679 0.042622
v -0.012823 0.011006 0.041095
v -0.010975 0.011835 0.041684
v -0.013354 0.012231 0.041259
v -0.011006 0.014473 0.041633
v -0.012949 0.013767 0.042154
v -0.014035 0.015117 0.042143
v -0.011368 0.015471 0.043170
v -0.011938 0.018141 0.043054
v -0.009716 0.016253 0.042999
v -0.009229 0.013918 0.042667
v -0.012945 0.016730 0.042676
v -0.008471 0.012042 0.043436
v -0.007183 0.014259 0.043622
v -0.005594 0.011682 0.044787
v -0.005974 0.016620 0.044148
v -0.005162 0.014036 0.044408
v -0.003113 0.016260 0.044289
v -0.002727 0.014352 0.044990
v -0.002238 0.012140 0.045120
v 0.000022 0.012676 0.045480
v -0.002828 0.010812 0.045368
v -0.004598 0.010318 0.044746
v -0.003591 0.007978 0.045329
v -0.003118 0.004256 0.045687
v -0.005541 0.004499 0.044260
v -0.002172 0.003205 0.045409
v -0.003274 0.003117 0.044529
v 0.000764 0.014923 0.045609
v 0.001446 0.013350 0.046090
v 0.002567 0.015432 0.046692
v 0.003540 0.013040 0.046222
v 0.004014 0.015510 0.046858
v 0.005269 0.013723 0.047201
v 0.005889 0.015159 0.047246
v 0.004579 0.018072 0.046572
v 0.007269 0.013276 0.047885
v 0.002706 0.019438 0.045603
v 0.002540 0.016776 0.045946
v 0.000876 0.017881 0.045375
v 0.001030 0.016722 0.045389
v -0.000319 0.016533 0.045058
v -0.001045 0.017221 0.045108
v -0.001007 0.019778 0.044604
v -0.002356 0.018278 0.044281
v -0.005406 0.019060 0.043638
v -0.006812 0.018515 0.043651
v -0.008013 0.017722 0.043338
v 0.001065 0.019793 0.045211
v -0.015749 0.016144 0.041076
v -0.005019 -0.005371 0.041093
v -0.004474 -0.006361 0.041672
v -0.002281 -0.007979 0.042186
v -0.003871 -0.008100 0.041750
v -0.001539 -0.010174 0.041836
v -0.001000 -0.008093 0.042858
v 0.001414 -0.007048 0.044128
v 0.001431 -0.008816 0.043487
v 0.000641 -0.009909 0.042817
v -0.000018 -0.012336 0.041397
v 0.002128 -0.011144 0.042497
v 0.004332 -0.011733 0.042804
v 0.002987 -0.012377 0.041527
v 0.003942 -0.010131 0.043170
v 0.003331 -0.007676 0.043710
v 0.005854 -0.012206 0.042498
v 0.006512 -0.009001 0.044046
v 0.007524 -0.010716 0.043467
v 0.008797 -0.007954 0.045133
v 0.009071 -0.011612 0.044250
v 0.007123 -0.012738 0.042340
v 0.007715 -0.014266 0.041961
v 0.009171 -0.014261 0.042326
v 0.006032 -0.013865 0.041689
v 0.003449 -0.013872 0.040851
v 0.004407 -0.015321 0.040338
v 0.007292 -0.015707 0.040597
v 0.006279 -0.017506 0.039740
v 0.007143 -0.017020 0.039754
v 0.003581 -0.016785 0.040219
v 0.001942 -0.014267 0.040727
v 0.001857 -0.016367 0.040237
v 0.001594 -0.017805 0.039500
v -0.001337 -0.016720 0.039362
v -0.002429 -0.015323 0.040036
v -0.000057 -0.014577 0.040646
v -0.001465 -0.014052 0.040267
v -0.002063 -0.011923 0.041573
v 0.011018 -0.013330 0.044098
v 0.010702 -0.010973 0.045217
v 0.012150 -0.011431 0.045202
v 0.014098 -0.010248 0.045739
v 0.012421 -0.009416 0.046755
v 0.010826 -0.008014 0.046471
v 0.014325 -0.008619 0.046735
v 0.012532 -0.006626 0.047112
v 0.013926 -0.006014 0.047339
v 0.010353 -0.005013 0.046590
v 0.012554 -0.004052 0.047472
v 0.015089 -0.003480 0.048169
v 0.013350 -0.002442 0.048396
v 0.010717 -0.002998 0.048100
v 0.008942 -0.001934 0.047852
v 0.011287 -0.001162 0.048612
v 0.009130 -0.004810 0.047031
v 0.008096 -0.005921 0.045804
v 0.006208 -0.004106 0.045720
v 0.007331 -0.002263 0.047139
v 0.007504 0.000723 0.047994
v 0.008344 -0.000315 0.048483
v 0.008776 0.002831 0.048931
v 0.010868 0.001287 0.048998
v 0.010489 0.003085 0.049105
v 0.012884 0.005058 0.049146
v 0.011531 0.006999 0.049694
v 0.009847 0.005897 0.049680
v 0.007933 0.004963 0.049063
v 0.013340 0.002833 0.048809
v 0.014619 0.000539 0.048745
v 0.015446 0.002094 0.049102
v 0.016368 -0.000429 0.049527
v 0.014014 -0.001746 0.049061
v 0.017273 -0.001357 0.049214
v 0.018203 -0.003336 0.048586
v 0.018632 -0.001200 0.048382
v 0.020605 -0.002736 0.048354
v 0.019419 -0.000975 0.048581
v 0.019932 0.000916 0.049194
v 0.020792 -0.000406 0.048359
v 0.022171 -0.002029 0.048240
v 0.022314 -0.003827 0.048096
v 0.024218 -0.002860 0.047628
v 0.024547 -0.000602 0.048151
v 0.025857 -0.002645 0.047924
v 0.026024 -0.000523 0.047862
v 0.025926 0.001105 0.047449
v 0.027821 -0.000185 0.047554
v 0.028257 -0.002028 0.047333
v 0.029287 -0.000505 0.046936
v 0.030360 -0.002991 0.047000
v 0.029006 -0.003669 0.046780
v 0.031270 -0.005882 0.046795
v 0.032555 -0.005780 0.047214
v 0.031440 -0.008551 0.047536
v 0.029955 -0.006659 0.047115
v 0.028327 -0.007657 0.047465
v 0.028217 -0.005508 0.047520
v 0.026830 -0.006364 0.047065
v 0.025980 -0.005058 0.047532
v 0.024166 -0.004888 0.047813
v 0.022924 -0.006402 0.047719
v 0.023949 -0.008514 0.047502
v 0.026723 -0.008042 0.047420
v 0.024859 -0.009842 0.047435
v 0.027952 -0.009653 0.046793
v 0.023081 -0.010945 0.047518
v 0.021519 -0.008300 0.047023
v 0.021077 -0.010416 0.046913
v 0.018933 -0.008134 0.047103
v 0.018798 -0.011082 0.046642
v 0.020379 -0.006904 0.046891
v 0.017680 -0.010051 0.046600
v 0.017237 -0.011608 0.045605
v 0.017094 -0.007579 0.047048
v 0.016117 -0.008414 0.047275
v 0.018624 -0.005810 0.047471
v 0.016170 -0.004946 0.047690
v 0.019278 -0.004017 0.048389
v 0.020310 -0.005132 0.047308
v 0.012260 0.000261 0.048894
v 0.007253 0.006649 0.049113
v 0.006453 0.005170 0.048697
v 0.004500 0.005483 0.048086
v 0.005748 0.006898 0.048243
v 0.010400 0.008372 0.049425
v 0.006755 -0.007135 0.044556
v 0.004813 -0.006856 0.044689
v 0.017617 0.018440 0.049215
v 0.029326 0.018281 0.049728
v 0.029083 0.019611 0.049594
v 0.028795 0.022242 0.049225
v 0.027262 0.022081 0.049215
v 0.030302 0.020506 0.049636
v 0.027417 0.019823 0.049231
v 0.031413 0.019419 0.049959
v 0.030831 0.017232 0.049978
v 0.025061 0.022845 0.049035
v 0.026399 0.024703 0.047519
v 0.029131 0.024249 0.046309
v 0.028291 0.025108 0.044340
v 0.029468 0.023839 0.048097
v 0.023576 0.025195 0.047231
v 0.024772 0.025298 0.045974
v 0.026979 0.025933 0.043244
v 0.025201 0.026880 0.043746
v 0.023336 0.027250 0.044244
v 0.021265 0.027897 0.044329
v 0.022091 0.028426 0.042411
v 0.022172 0.027104 0.045829
v 0.019669 0.027636 0.045772
v 0.020955 0.026140 0.046713
v 0.017827 0.027697 0.045912
v 0.022154 0.024179 0.047780
v 0.014618 0.028220 0.044991
v 0.016619 0.028618 0.044178
v 0.018341 0.028011 0.044625
v 0.018390 0.028983 0.042545
v 0.019530 0.029062 0.040162
v 0.014546 0.028677 0.042356
v 0.015122 0.028800 0.039738
v 0.016020 0.029474 0.038030
v 0.012061 0.029488 0.037543
v 0.013083 0.029108 0.040496
v 0.011289 0.029197 0.039469
v 0.012815 0.028640 0.042833
v 0.011079 0.028710 0.041569
v 0.008014 0.028634 0.043368
v 0.009775 0.028586 0.043801
v 0.007166 0.027483 0.043989
v 0.012857 0.028535 0.044448
v 0.012443 0.027635 0.044817
v 0.011452 0.025779 0.045303
v 0.012357 0.022544 0.046481
v 0.008948 0.028933 0.039649
v 0.006592 0.028411 0.042205
v 0.009824 0.029251 0.037490
v 0.010092 0.030252 0.035404
v 0.012056 0.030812 0.034486
v 0.010618 0.030805 0.033908
v 0.009946 0.030892 0.031103
v 0.012772 0.031425 0.032944
v 0.015039 0.031869 0.030329
v 0.012866 0.031915 0.029675
v 0.016560 0.031653 0.032244
v 0.014755 0.030957 0.033677
v 0.012866 0.030120 0.035948
v 0.014014 0.029725 0.036340
v 0.017301 0.030982 0.033478
v 0.017082 0.030428 0.036238
v 0.020473 0.031373 0.032905
v 0.019921 0.030445 0.035586
v 0.019751 0.029813 0.036783
v 0.020069 0.029408 0.038120
v 0.023427 0.030530 0.034743
v 0.023062 0.029347 0.037341
v 0.022182 0.028507 0.040173
v 0.024601 0.028453 0.038080
v 0.024388 0.029796 0.036380
v 0.025870 0.028009 0.036317
v 0.024353 0.030158 0.034553
v 0.025818 0.027923 0.033599
v 0.023009 0.030672 0.033661
v 0.022125 0.031051 0.031811
v 0.024028 0.028712 0.031829
v 0.025282 0.028120 0.031398
v 0.023779 0.029205 0.028904
v 0.023739 0.029815 0.030794
v 0.021492 0.030176 0.029582
v 0.020176 0.031206 0.030348
v 0.018118 0.031639 0.028813
v 0.015520 0.031808 0.028190
v 0.014687 0.032073 0.026671
v 0.017134 0.031684 0.030688
v 0.013543 0.030831 0.025976
v 0.011612 0.030632 0.028651
v 0.026414 0.026202 0.033052
v 0.025457 0.026908 0.029498
v 0.028131 0.025334 0.034018
v 0.027249 0.026685 0.037491
v 0.027737 0.025715 0.035404
v 0.029183 0.024125 0.035517
v 0.029341 0.024867 0.038016
v 0.029730 0.023010 0.039295
v 0.030253 0.024559 0.040835
v 0.029150 0.025862 0.040145
v 0.027114 0.026821 0.039249
v 0.030445 0.022369 0.037939
v 0.029679 0.023633 0.037102
v 0.029297 0.022460 0.035985
v 0.031101 0.021107 0.039457
v 0.032429 0.018955 0.039174
v 0.030888 0.022408 0.040924
v 0.031493 0.020563 0.041361
v 0.032047 0.022341 0.043145
v 0.030739 0.024389 0.042417
v 0.030957 0.024162 0.043668
v 0.029508 0.024953 0.042185
v 0.031263 0.023950 0.045421
v 0.027441 0.026275 0.041808
v 0.025743 0.027152 0.040650
v 0.026377 0.027586 0.042575
v 0.024809 0.027992 0.042549
v 0.024166 0.028249 0.040895
v 0.025825 0.028199 0.039084
v 0.032892 0.016584 0.038924
v 0.017821 0.029969 0.037733
v -0.007668 0.025999 0.042685
v -0.007848 0.026971 0.041138
v -0.009704 0.026402 0.042466
v 0.038420 -0.001938 0.046650
v 0.039790 -0.001374 0.046433
v 0.040743 0.010145 0.046752
v 0.037176 0.013670 0.037076
v 0.038921 0.013019 0.035960
v 0.040740 0.011082 0.038015
v 0.042056 0.011128 0.036174
v 0.043466 0.009682 0.038381
v 0.044656 0.008290 0.036499
v 0.044370 0.008792 0.039681
v 0.045962 0.007305 0.034560
v 0.045395 0.008525 0.034274
v 0.046429 0.007121 0.032335
v 0.046484 0.005136 0.032941
v 0.048008 0.007792 0.030586
v 0.045567 0.006482 0.033328
v 0.046519 0.004920 0.034781
v 0.046435 0.002845 0.034668
v 0.046648 0.003658 0.036104
v 0.047398 0.001895 0.037388
v 0.047063 0.001822 0.034685
v 0.047372 0.002320 0.033180
v 0.047413 -0.000335 0.035494
v 0.047677 0.000761 0.032761
v 0.047113 0.000501 0.037184
v 0.047626 0.001528 0.029953
v 0.046260 -0.000208 0.032391
v 0.047859 0.002096 0.031029
v 0.047908 0.003939 0.031568
v 0.049482 0.003817 0.030570
v 0.049214 0.005761 0.030075
v 0.049062 0.003545 0.028570
v 0.050331 0.005087 0.029113
v 0.048836 0.006811 0.028972
v 0.049177 0.004239 0.024966
v 0.050765 0.005696 0.026948
v 0.051502 0.006492 0.025218
v 0.049158 0.007340 0.025931
v 0.050468 0.007213 0.024939
v 0.051726 0.007286 0.023085
v 0.049738 0.008908 0.023144
v 0.048232 0.011079 0.022080
v 0.049908 0.009711 0.020944
v 0.047046 0.009703 0.024685
v 0.047716 0.008332 0.026294
v 0.045984 0.010612 0.027280
v 0.048537 0.007638 0.026992
v 0.047590 0.008928 0.029183
v 0.046482 0.010431 0.029189
v 0.044392 0.012161 0.025164
v 0.045780 0.010879 0.024752
v 0.046765 0.010911 0.023416
v 0.044970 0.012180 0.022457
v 0.042747 0.012990 0.023902
v 0.043770 0.012327 0.020104
v 0.045665 0.011850 0.020636
v 0.048205 0.010833 0.020482
v 0.047183 0.010782 0.019610
v 0.045040 0.010764 0.017618
v 0.049722 0.009227 0.019085
v 0.049458 0.008696 0.017128
v 0.046836 0.009923 0.016072
v 0.049099 0.007965 0.015295
v 0.047497 0.009447 0.014007
v 0.045293 0.010536 0.015892
v 0.045613 0.009657 0.012767
v 0.044397 0.009887 0.011663
v 0.046381 0.008823 0.011358
v 0.043660 0.010822 0.013828
v 0.043283 0.011305 0.017207
v 0.043772 0.011032 0.015757
v 0.041198 0.011659 0.015037
v 0.040025 0.012070 0.017227
v 0.040412 0.012306 0.014804
v 0.038373 0.013277 0.016490
v 0.038491 0.012766 0.013760
v 0.036501 0.014622 0.015945
v 0.036045 0.014738 0.012891
v 0.033517 0.016206 0.013766
v 0.034378 0.015335 0.015345
v 0.033754 0.016300 0.011689
v 0.031412 0.016741 0.012113
v 0.028646 0.016671 0.011482
v 0.032050 0.016479 0.014699
v 0.029378 0.017633 0.014486
v 0.027221 0.018821 0.015758
v 0.026940 0.017512 0.011470
v 0.030276 0.017489 0.015686
v 0.031756 0.017434 0.017623
v 0.032970 0.016380 0.016698
v 0.034910 0.015377 0.016611
v 0.035600 0.014769 0.018524
v 0.037640 0.013541 0.018386
v 0.040600 0.011943 0.019280
v 0.041550 0.012157 0.020212
v 0.042922 0.011265 0.019569
v 0.024968 0.020296 0.011696
v 0.025461 0.019867 0.014499
v 0.026572 0.018025 0.009707
v 0.025710 0.018387 0.008914
v 0.024171 0.019772 0.008954
v 0.024513 0.021647 0.010174
v 0.048420 0.008549 0.012014
v 0.047203 0.007826 0.009211
v 0.047070 0.007994 0.006201
v 0.048401 0.005779 0.008626
v 0.048703 0.005013 0.010546
v 0.045766 0.003276 0.007066
v 0.046604 0.003481 0.010837
v 0.048352 0.006443 0.005982
v 0.045430 0.003892 0.003948
v 0.048655 0.007513 0.004471
v 0.046636 0.004213 0.005591
v 0.046706 0.005560 0.004445
v 0.047275 0.006522 0.001266
v 0.048740 0.007714 0.002716
v 0.048736 0.007446 -0.001304
v 0.049605 0.008245 0.000483
v 0.045240 0.003527 0.001516
v 0.043965 0.002107 0.003286
v 0.044113 0.000914 0.006654
v 0.042992 -0.000526 0.002327
v 0.042250 -0.001348 0.004622
v 0.040653 -0.003366 0.002691
v 0.040540 -0.003217 0.005977
v 0.038643 -0.006005 0.002787
v 0.039786 -0.004631 0.004902
v 0.040584 -0.003373 -0.000378
v 0.040932 -0.003607 -0.002328
v 0.039233 -0.006041 0.000334
v 0.038115 -0.007138 0.000472
v 0.038707 -0.006850 -0.002033
v 0.039954 -0.004955 -0.004037
v 0.037153 -0.008554 -0.005954
v 0.038555 -0.006202 -0.006215
v 0.038155 -0.008424 -0.003162
v 0.037349 -0.010005 -0.000953
v 0.036845 -0.010751 -0.003276
v 0.034791 -0.013782 -0.003706
v 0.035833 -0.012248 -0.002449
v 0.036062 -0.010322 -0.007112
v 0.033986 -0.013153 -0.007747
v 0.033830 -0.014925 -0.006975
v 0.033426 -0.014458 -0.009221
v 0.032605 -0.015557 -0.010129
v 0.031877 -0.017386 -0.008430
v 0.031689 -0.018244 -0.011483
v 0.032764 -0.016428 -0.013325
v 0.031809 -0.019094 -0.015560
v 0.031252 -0.020931 -0.019150
v 0.030444 -0.019924 -0.011928
v 0.030278 -0.022217 -0.016071
v 0.031277 -0.021840 -0.020146
v 0.029017 -0.025320 -0.017689
v 0.029389 -0.022317 -0.011269
v 0.029626 -0.023661 -0.013345
v 0.028432 -0.026200 -0.013465
v 0.027814 -0.026240 -0.010470
v 0.028846 -0.023983 -0.007987
v 0.028858 -0.022714 -0.005873
v 0.027591 -0.025148 -0.006596
v 0.027690 -0.023483 -0.003029
v 0.025656 -0.026997 -0.004037
v 0.026603 -0.027907 -0.008527
v 0.027367 -0.028134 -0.012332
v 0.025795 -0.030769 -0.010820
v 0.025335 -0.028622 -0.007206
v 0.024518 -0.031369 -0.008146
v 0.022642 -0.032345 -0.006217
v 0.024035 -0.030237 -0.006529
v 0.022685 -0.033785 -0.008743
v 0.023737 -0.033419 -0.010707
v 0.021092 -0.032870 -0.005910
v 0.022617 -0.030416 -0.003681
v 0.018670 -0.032509 -0.003818
v 0.018774 -0.032567 -0.005232
v 0.019340 -0.033004 -0.007949
v 0.018730 -0.032274 -0.007599
v 0.017352 -0.032607 -0.009834
v 0.016386 -0.032008 -0.007902
v 0.015110 -0.032328 -0.011217
v 0.014531 -0.032386 -0.007217
v 0.015864 -0.032355 -0.006061
v 0.012531 -0.031476 -0.005284
v 0.016098 -0.032578 -0.003526
v 0.016503 -0.032040 -0.001668
v 0.014903 -0.031647 -0.002563
v 0.012497 -0.031507 -0.003829
v 0.013614 -0.030874 -0.000580
v 0.011487 -0.030762 -0.001197
v 0.014334 -0.031933 0.001386
v 0.012338 -0.030590 0.002229
v 0.011079 -0.031133 0.004616
v 0.012648 -0.031902 0.003784
v 0.015057 -0.032440 0.002916
v 0.013510 -0.032052 0.004635
v 0.010200 -0.032029 0.007187
v 0.015888 -0.032992 0.005139
v 0.013372 -0.032838 0.006512
v 0.013245 -0.033534 0.008724
v 0.016066 -0.033053 0.007146
v 0.018899 -0.032633 0.004825
v 0.018350 -0.031274 0.007394
v 0.014243 -0.032208 0.009752
v 0.014390 -0.033173 0.011554
v 0.015082 -0.032024 0.011164
v 0.016657 -0.031256 0.012259
v 0.019988 -0.029351 0.011519
v 0.017701 -0.031393 0.009025
v 0.018445 -0.029542 0.012730
v 0.021646 -0.026783 0.013195
v 0.017864 -0.029219 0.015427
v 0.016367 -0.030540 0.014475
v 0.014790 -0.032432 0.013473
v 0.013005 -0.032092 0.013734
v 0.012651 -0.033280 0.011988
v 0.010112 -0.032362 0.012001
v 0.009208 -0.032084 0.009876
v 0.011743 -0.033021 0.009635
v 0.006434 -0.031220 0.009708
v 0.008442 -0.031614 0.011068
v 0.008741 -0.032247 0.013442
v 0.007463 -0.031198 0.011539
v 0.004835 -0.031123 0.012558
v 0.006327 -0.031917 0.013441
v 0.005531 -0.031713 0.014771
v 0.007206 -0.032352 0.017441
v 0.005473 -0.031404 0.017164
v 0.003110 -0.029962 0.012518
v 0.002789 -0.029875 0.010669
v 0.001241 -0.029731 0.012742
v -0.001981 -0.030448 0.011351
v -0.004864 -0.030768 0.013361
v -0.002686 -0.030231 0.014350
v -0.001282 -0.030601 0.008636
v -0.004517 -0.030480 0.010317
v -0.006493 -0.030511 0.007497
v -0.003474 -0.030508 0.006210
v -0.007551 -0.030341 0.010337
v -0.006965 -0.030278 0.012831
v -0.009451 -0.030404 0.013843
v -0.011681 -0.029464 0.014741
v -0.010156 -0.029765 0.011647
v -0.009264 -0.030251 0.009542
v -0.011978 -0.029599 0.012305
v -0.011020 -0.030368 0.009295
v -0.013337 -0.029873 0.009409
v -0.012314 -0.030083 0.007321
v -0.009996 -0.030074 0.007403
v -0.010657 -0.029586 0.005145
v -0.008971 -0.029598 0.006012
v -0.009317 -0.029529 0.004112
v -0.007148 -0.029475 0.003180
v -0.013333 -0.028872 0.005647
v -0.014000 -0.029023 0.007793
v -0.016295 -0.028904 0.008824
v -0.018081 -0.028490 0.009456
v -0.015261 -0.029050 0.010951
v -0.018803 -0.028372 0.013842
v -0.018500 -0.028302 0.012378
v -0.014873 -0.029427 0.012702
v -0.015744 -0.029188 0.014999
v -0.017143 -0.028224 0.015796
v -0.016575 -0.028374 0.019708
v -0.013962 -0.029276 0.017200
v -0.017581 -0.028216 0.018047
v -0.021185 -0.027742 0.020547
v -0.024753 -0.028339 0.021560
v -0.020576 -0.027841 0.017989
v -0.025039 -0.028139 0.018711
v -0.021605 -0.027792 0.022927
v -0.027043 -0.028805 0.018970
v -0.025055 -0.028218 0.016746
v -0.023737 -0.029114 0.013231
v -0.028906 -0.029238 0.015461
v -0.021606 -0.028124 0.014071
v -0.026762 -0.029643 0.014056
v -0.028858 -0.029389 0.014126
v -0.031457 -0.029284 0.013987
v -0.027793 -0.029429 0.011276
v -0.025523 -0.029152 0.010048
v -0.022136 -0.028664 0.011490
v -0.022770 -0.029026 0.009047
v -0.020440 -0.029236 0.008838
v -0.032327 -0.029427 0.011524
v -0.032969 -0.028834 0.012528
v -0.033389 -0.030577 0.015008
v -0.031222 -0.029404 0.016293
v -0.030887 -0.029149 0.018888
v -0.032450 -0.030462 0.016660
v -0.029376 -0.029112 0.017485
v -0.028815 -0.029114 0.019734
v -0.034391 -0.031665 0.017574
v -0.036899 -0.031516 0.017381
v -0.035581 -0.032038 0.015299
v -0.035495 -0.030506 0.018597
v -0.037546 -0.032278 0.013514
v -0.034888 -0.030732 0.013713
v -0.036551 -0.031257 0.012560
v -0.035661 -0.030053 0.011156
v -0.037650 -0.031434 0.010433
v -0.038972 -0.032336 0.011354
v -0.040684 -0.032585 0.011293
v -0.040156 -0.032897 0.009319
v -0.039540 -0.031860 0.012689
v -0.039553 -0.031548 0.014303
v -0.038492 -0.029863 0.016535
v -0.042173 -0.031203 0.012333
v -0.040433 -0.030065 0.015433
v -0.041306 -0.030758 0.014251
v -0.042183 -0.029405 0.014260
v -0.044591 -0.029776 0.013055
v -0.041948 -0.027343 0.015390
v -0.043840 -0.026198 0.014896
v -0.045845 -0.027465 0.013388
v -0.047667 -0.028902 0.011838
v -0.048351 -0.026428 0.011421
v -0.045054 -0.026393 0.014251
v -0.046831 -0.025959 0.012482
v -0.046436 -0.024402 0.013276
v -0.045881 -0.022359 0.013536
v -0.043313 -0.024421 0.014758
v -0.048018 -0.023787 0.012228
v -0.048822 -0.021106 0.012793
v -0.049557 -0.025257 0.010775
v -0.050782 -0.022733 0.010714
v -0.052077 -0.025724 0.009211
v -0.050893 -0.027762 0.009676
v -0.050043 -0.029537 0.010215
v -0.052910 -0.029856 0.008463
v -0.053028 -0.027753 0.008438
v -0.048547 -0.029740 0.010841
v -0.047296 -0.031893 0.010866
v -0.050213 -0.032021 0.009532
v -0.048575 -0.033122 0.008989
v -0.045711 -0.030855 0.011402
v -0.044879 -0.033176 0.009697
v -0.045250 -0.032298 0.010829
v -0.042028 -0.032435 0.010561
v -0.047637 -0.032965 0.008207
v -0.047066 -0.033549 0.006986
v -0.044529 -0.032919 0.007479
v -0.042857 -0.033184 0.007810
v -0.044921 -0.033097 0.005433
v -0.041848 -0.032653 0.006714
v -0.041118 -0.032656 0.005842
v -0.039798 -0.032488 0.007494
v -0.039268 -0.031497 0.004150
v -0.036813 -0.030692 0.007526
v -0.037208 -0.030860 0.005600
v -0.037141 -0.030707 0.003506
v -0.038492 -0.030737 0.001054
v -0.035928 -0.029851 0.002081
v -0.037128 -0.030514 -0.000038
v -0.037627 -0.029782 -0.004034
v -0.039865 -0.030304 -0.001622
v -0.036175 -0.029587 -0.002275
v -0.035699 -0.029378 -0.000405
v -0.033541 -0.028175 0.001757
v -0.035125 -0.028722 -0.002644
v -0.034449 -0.028706 -0.000084
v -0.033630 -0.028190 -0.000955
v -0.034225 -0.028161 -0.004639
v -0.037163 -0.029376 -0.006462
v -0.035346 -0.028851 -0.007337
v -0.038424 -0.028789 -0.008255
v -0.039156 -0.029288 -0.006129
v -0.041246 -0.028251 -0.006143
v -0.041338 -0.027513 -0.007295
v -0.039178 -0.029200 -0.003678
v -0.039770 -0.028999 -0.005042
v -0.041175 -0.029249 -0.004774
v -0.042374 -0.029043 -0.005980
v -0.043594 -0.027649 -0.008160
v -0.044786 -0.029069 -0.005359
v -0.042594 -0.029604 -0.004106
v -0.041164 -0.030076 -0.002718
v -0.042440 -0.029961 -0.000937
v -0.044977 -0.029260 -0.003614
v -0.044433 -0.030026 -0.001694
v -0.047394 -0.028613 -0.005430
v -0.046328 -0.029616 -0.003470
v -0.048338 -0.029007 -0.003507
v -0.046565 -0.030431 -0.001881
v -0.043952 -0.031053 0.000405
v -0.045503 -0.031614 0.000786
v -0.047453 -0.031137 0.000066
v -0.048815 -0.030274 -0.001358
v -0.050371 -0.030056 -0.002656
v -0.053150 -0.031283 -0.002581
v -0.049780 -0.028599 -0.004082
v -0.051724 -0.029498 -0.003800
v -0.050655 -0.028289 -0.005985
v -0.049508 -0.027383 -0.007701
v -0.047885 -0.027195 -0.008306
v -0.046716 -0.027730 -0.008200
v -0.048592 -0.027398 -0.010621
v -0.048653 -0.026402 -0.011728
v -0.046559 -0.026414 -0.010158
v -0.045753 -0.025263 -0.011248
v -0.045255 -0.027660 -0.008514
v -0.044642 -0.025366 -0.010030
v -0.047748 -0.025688 -0.013553
v -0.044545 -0.024790 -0.012042
v -0.047916 -0.025010 -0.016004
v -0.046289 -0.024673 -0.014425
v -0.042812 -0.024185 -0.014732
v -0.042058 -0.025361 -0.014683
v -0.043448 -0.025534 -0.011968
v -0.042292 -0.024500 -0.016705
v -0.040170 -0.025489 -0.017619
v -0.041084 -0.026192 -0.016303
v -0.038865 -0.026566 -0.017385
v -0.040816 -0.026835 -0.014088
v -0.039491 -0.027137 -0.015051
v -0.037612 -0.027167 -0.013182
v -0.036516 -0.026697 -0.014831
v -0.035655 -0.025212 -0.016077
v -0.037684 -0.025918 -0.017618
v -0.039467 -0.025338 -0.018974
v -0.034162 -0.025064 -0.015364
v -0.039629 -0.027062 -0.011762
v -0.038121 -0.027606 -0.009820
v -0.036683 -0.027540 -0.010952
v -0.035865 -0.028610 -0.009602
v -0.040644 -0.027064 -0.009964
v -0.041520 -0.026749 -0.009192
v -0.042284 -0.026266 -0.011222
v -0.043405 -0.026114 -0.010083
v -0.041835 -0.026705 -0.012606
v -0.046237 -0.031539 0.002142
v -0.048993 -0.032196 0.001357
v -0.049437 -0.033132 0.003909
v -0.046536 -0.032493 0.004589
v -0.044171 -0.032680 0.004030
v -0.044095 -0.031702 0.002070
v -0.041306 -0.031159 0.001897
v -0.040121 -0.030638 0.000599
v -0.050054 -0.031974 0.006672
v -0.048990 -0.033404 0.006655
v -0.051670 -0.031088 0.008986
v -0.051607 -0.031106 0.007094
v -0.052335 -0.030747 0.005773
v -0.054350 -0.029357 0.007435
v -0.054144 -0.030149 0.005108
v -0.055527 -0.028452 0.005896
v -0.055629 -0.026518 0.007287
v -0.054798 -0.026776 0.007854
v -0.054632 -0.024455 0.008514
v -0.055120 -0.022416 0.008666
v -0.052339 -0.020902 0.010132
v -0.054269 -0.020031 0.008407
v -0.055700 -0.021361 0.007845
v -0.053050 -0.023648 0.009069
v -0.054280 -0.019613 0.006217
v -0.051543 -0.018655 0.009695
v -0.049368 -0.019414 0.011495
v -0.046730 -0.019732 0.013736
v -0.050484 -0.020914 0.011418
v -0.043197 -0.022160 0.015616
v -0.046590 -0.016609 0.015247
v -0.043874 -0.019848 0.015361
v -0.045426 -0.017937 0.015207
v -0.043181 -0.019395 0.016471
v -0.043109 -0.017123 0.016678
v -0.045404 -0.014554 0.016158
v -0.045804 -0.012686 0.016077
v -0.043821 -0.014531 0.017047
v -0.044378 -0.009955 0.016162
v -0.045435 -0.009092 0.015955
v -0.041233 -0.022497 0.016762
v -0.040954 -0.025027 0.016176
v -0.039547 -0.025588 0.016908
v -0.039322 -0.027408 0.017045
v -0.039666 -0.028533 0.016088
v -0.033321 -0.027829 -0.006257
v -0.035141 -0.029639 0.008417
v -0.033538 -0.028823 0.010989
v -0.043834 -0.031896 0.011889
v -0.000198 -0.030573 0.006532
v -0.004135 -0.030372 0.015740
v 0.025550 -0.024364 0.010352
v 0.025709 -0.023494 0.012465
v 0.022992 -0.027788 0.009964
v 0.023737 -0.028362 0.006622
v 0.025345 -0.025944 0.008692
v 0.021100 -0.030054 0.007648
v 0.020987 -0.029802 0.009621
v 0.021027 -0.031172 0.005239
v 0.018850 -0.032298 0.001890
v 0.021128 -0.029630 0.000168
v 0.019816 -0.031365 0.001127
v 0.023650 -0.028346 0.003154
v 0.025421 -0.026172 -0.000427
v 0.025961 -0.025508 0.001281
v 0.022719 -0.028351 -0.000458
v 0.025219 -0.026353 0.004528
v 0.027307 -0.025146 0.005847
v 0.025345 -0.026707 0.007110
v 0.027881 -0.024123 0.007244
v 0.028061 -0.023020 0.006012
v 0.027110 -0.022597 0.009310
v 0.027303 -0.020840 0.010371
v 0.028914 -0.021764 0.007901
v 0.026102 -0.022157 0.011201
v 0.026583 -0.022217 0.013768
v 0.027584 -0.020101 0.012772
v 0.027324 -0.020292 0.014658
v 0.030057 -0.019984 0.007214
v 0.031417 -0.018173 0.008424
v 0.030420 -0.020792 0.005198
v 0.033073 -0.016697 0.006493
v 0.032709 -0.017566 0.003099
v 0.030995 -0.019489 0.003555
v 0.029083 -0.022337 0.003373
v 0.027331 -0.024601 0.002581
v 0.028340 -0.022059 -0.000461
v 0.029662 -0.021285 0.001326
v 0.030723 -0.019309 0.002094
v 0.030611 -0.019030 -0.001637
v 0.029944 -0.020308 -0.001864
v 0.029562 -0.020433 -0.005138
v 0.029411 -0.020998 -0.008860
v 0.032250 -0.017382 -0.003997
v 0.032087 -0.017569 -0.000414
v 0.033979 -0.014910 -0.002072
v 0.033908 -0.014998 0.000938
v 0.035251 -0.013611 -0.000542
v 0.036820 -0.011083 0.001268
v 0.034953 -0.013481 0.002227
v 0.035827 -0.012676 0.003716
v 0.033686 -0.015681 0.003450
v 0.035118 -0.013835 0.006704
v 0.033528 -0.015442 0.009276
v 0.035602 -0.012633 0.009558
v 0.036325 -0.011030 0.006920
v 0.036765 -0.011004 0.003693
v 0.036374 -0.009518 0.003235
v 0.038105 -0.008593 0.001307
v 0.037669 -0.008799 0.006786
v 0.036668 -0.008544 0.004028
v 0.037702 -0.007297 0.005243
v 0.039013 -0.005936 0.007355
v 0.040069 -0.004957 0.010084
v 0.040783 -0.003564 0.008015
v 0.038267 -0.006937 0.009303
v 0.038172 -0.007432 0.011495
v 0.040841 -0.004594 0.013397
v 0.040165 -0.006277 0.015109
v 0.038114 -0.008282 0.015547
v 0.037144 -0.008536 0.012697
v 0.036079 -0.010659 0.011103
v 0.037610 -0.009523 0.017720
v 0.035593 -0.011447 0.014883
v 0.034870 -0.012850 0.011145
v 0.033983 -0.013670 0.014964
v 0.039041 -0.009272 0.019804
v 0.041289 -0.006135 0.018687
v 0.039087 -0.008076 0.016848
v 0.041964 -0.004548 0.015517
v 0.040136 -0.008051 0.021505
v 0.042388 -0.004580 0.018652
v 0.042129 -0.005417 0.021681
v 0.041201 -0.006644 0.023658
v 0.043311 -0.003001 0.023774
v 0.043559 -0.002749 0.020816
v 0.044854 -0.001311 0.022938
v 0.046612 -0.000004 0.022185
v 0.046758 0.000274 0.019929
v 0.044077 -0.002798 0.018372
v 0.044927 -0.000915 0.017805
v 0.044583 -0.000480 0.014584
v 0.043452 -0.002512 0.016083
v 0.046888 0.001330 0.018300
v 0.046085 0.001301 0.015309
v 0.047788 0.004022 0.012191
v 0.048910 0.004648 0.013987
v 0.047781 0.002802 0.016853
v 0.045786 0.001689 0.011918
v 0.045245 0.002163 0.009148
v 0.044258 0.000297 0.010932
v 0.042514 -0.001941 0.013904
v 0.043691 -0.000485 0.007847
v 0.041869 -0.002458 0.011384
v 0.042734 -0.001160 0.006855
v 0.050021 0.005449 0.014819
v 0.049886 0.004568 0.017524
v 0.048657 0.002878 0.019975
v 0.050199 0.005220 0.018991
v 0.048895 0.003988 0.022015
v 0.047776 0.001636 0.021823
v 0.048051 0.001919 0.024389
v 0.048406 0.002863 0.027108
v 0.045944 -0.000793 0.025711
v 0.047593 0.001043 0.026057
v 0.045911 -0.001531 0.028096
v 0.047432 0.000907 0.027500
v 0.048068 0.001617 0.028861
v 0.046512 -0.000574 0.030664
v 0.044351 -0.003477 0.029729
v 0.043798 -0.002966 0.026596
v 0.042442 -0.005015 0.028868
v 0.040575 -0.006808 0.028428
v 0.041317 -0.005552 0.026057
v 0.039248 -0.008036 0.025262
v 0.039478 -0.008957 0.023799
v 0.037290 -0.009593 0.024090
v 0.037894 -0.010268 0.022055
v 0.050879 0.006196 0.020372
v 0.050432 0.005667 0.022962
v 0.052019 0.008224 0.021228
v 0.051455 0.007791 0.019370
v 0.051476 0.009276 0.020114
v 0.050781 0.005943 0.017102
v 0.048982 0.005621 0.011534
v 0.049349 0.007231 0.013315
v 0.024454 -0.027958 -0.002824
v 0.022660 -0.029447 -0.002058
v 0.025448 -0.028436 -0.004679
v 0.020080 -0.030522 -0.002199
v 0.020368 -0.031099 -0.001070
v 0.017708 -0.032184 -0.001612
v 0.019755 -0.032245 0.000210
v 0.016682 -0.032332 0.000809
v 0.009572 -0.030902 -0.003364
v 0.009575 -0.030849 -0.006043
v 0.011321 -0.031535 -0.006767
v 0.008463 -0.030538 -0.007962
v 0.011836 -0.031478 -0.008085
v 0.010426 -0.031508 -0.010175
v 0.011724 -0.031788 -0.010177
v 0.009372 -0.031014 -0.010653
v 0.013316 -0.032018 -0.010816
v 0.013544 -0.031954 -0.013860
v 0.011105 -0.031566 -0.013005
v 0.012865 -0.031861 -0.015954
v 0.011079 -0.030942 -0.016442
v 0.008970 -0.030653 -0.013122
v 0.008313 -0.030233 -0.017277
v 0.006876 -0.029747 -0.014946
v 0.006840 -0.030427 -0.013856
v 0.007089 -0.030383 -0.011017
v 0.006091 -0.030058 -0.008266
v 0.005307 -0.030409 -0.011395
v 0.003622 -0.030120 -0.009592
v 0.003507 -0.030212 -0.011960
v 0.004482 -0.030387 -0.014591
v 0.001971 -0.029856 -0.013536
v 0.004215 -0.029916 -0.015610
v 0.003528 -0.029792 -0.017474
v 0.000703 -0.029530 -0.015561
v 0.005726 -0.030238 -0.018351
v 0.006339 -0.029550 -0.021637
v 0.004081 -0.029292 -0.021222
v 0.007426 -0.030197 -0.019816
v 0.002625 -0.029280 -0.018954
v 0.000057 -0.029839 -0.018353
v 0.009703 -0.030018 -0.021011
v 0.008025 -0.029976 -0.022196
v 0.009550 -0.030878 -0.019832
v 0.011566 -0.030773 -0.019161
v 0.012446 -0.030689 -0.021030
v 0.013382 -0.031232 -0.024386
v 0.014333 -0.031265 -0.021716
v 0.015579 -0.031635 -0.019945
v 0.011551 -0.030232 -0.023361
v 0.010479 -0.030277 -0.023169
v 0.016224 -0.031936 -0.024857
v 0.017994 -0.032015 -0.022937
v 0.017922 -0.032080 -0.019317
v 0.015830 -0.032283 -0.017670
v 0.015137 -0.032294 -0.014758
v 0.017263 -0.032456 -0.016820
v 0.018221 -0.032625 -0.013980
v 0.019583 -0.032154 -0.013935
v 0.019818 -0.032289 -0.017415
v 0.018837 -0.032372 -0.011113
v 0.021044 -0.032890 -0.012737
v 0.021694 -0.033075 -0.010397
v 0.024168 -0.032976 -0.013752
v 0.022733 -0.032601 -0.015823
v 0.024989 -0.031512 -0.018060
v 0.025771 -0.030157 -0.014094
v 0.026872 -0.028925 -0.019970
v 0.027487 -0.026793 -0.016390
v 0.028284 -0.026772 -0.020699
v 0.030170 -0.024727 -0.021425
v 0.028925 -0.025882 -0.023166
v 0.026837 -0.029769 -0.021971
v 0.026676 -0.029794 -0.024633
v 0.024574 -0.032435 -0.018586
v 0.025342 -0.031431 -0.022711
v 0.025464 -0.030361 -0.025478
v 0.024282 -0.033207 -0.022304
v 0.024134 -0.032275 -0.024735
v 0.024456 -0.031336 -0.026469
v 0.022290 -0.032720 -0.027214
v 0.022416 -0.032981 -0.024528
v 0.020316 -0.032624 -0.026234
v 0.020753 -0.032456 -0.021709
v 0.019451 -0.032679 -0.024502
v 0.018972 -0.031994 -0.027603
v 0.017180 -0.032188 -0.029466
v 0.020541 -0.032592 -0.028834
v 0.022922 -0.032552 -0.030570
v 0.022042 -0.032859 -0.021496
v 0.020927 -0.032515 -0.019840
v 0.021885 -0.032443 -0.017500
v 0.023473 -0.033033 -0.019035
v 0.004984 -0.029353 -0.023518
v 0.006806 -0.029622 -0.024931
v -0.000610 -0.029702 -0.011851
v -0.001515 -0.029376 -0.014913
v -0.000988 -0.030300 -0.009673
v 0.037932 -0.007404 -0.008536
v 0.039985 -0.004475 -0.006579
v 0.038715 -0.005588 -0.009880
v -0.017576 -0.024203 0.030739
v -0.017333 -0.023938 0.032438
v -0.039439 -0.016709 -0.028628
v -0.038164 -0.015600 -0.029424
v -0.038359 -0.017971 -0.031696
v -0.036638 -0.014029 -0.031438
v -0.037147 -0.016318 -0.032840
v -0.036453 -0.011304 -0.029719
v -0.035917 -0.012051 -0.031529
v -0.034926 -0.012728 -0.032427
v -0.035186 -0.014390 -0.035328
v -0.036599 -0.016559 -0.034649
v -0.034454 -0.008875 -0.031258
v -0.033627 -0.009949 -0.033213
v -0.032604 -0.008011 -0.033155
v -0.031303 -0.006360 -0.034531
v -0.033456 -0.006311 -0.032672
v -0.031635 -0.004010 -0.032183
v -0.032820 -0.002891 -0.031001
v -0.030415 -0.004518 -0.034160
v -0.031124 -0.001208 -0.032749
v -0.030447 -0.002347 -0.034240
v -0.028676 -0.001347 -0.036192
v -0.029836 -0.004833 -0.036052
v -0.028286 -0.005655 -0.039851
v -0.031096 -0.008081 -0.036779
v -0.030739 -0.010647 -0.040197
v -0.032998 -0.012393 -0.037898
v -0.033538 -0.012044 -0.035246
v -0.026712 0.001089 -0.036858
v -0.024718 0.002971 -0.038113
v -0.032380 -0.000724 -0.029889
v -0.030440 0.001250 -0.029826
v -0.030870 0.002286 -0.028728
v -0.037496 -0.018126 -0.034227
v -0.020375 0.011581 -0.038370
v -0.020221 0.009429 -0.039474
v -0.018488 0.008946 -0.040624
v -0.018303 0.008131 -0.041746
v -0.019289 0.000544 -0.046513
v -0.017903 -0.000288 -0.047419
v -0.020109 -0.001653 -0.047666
v -0.015427 0.000058 -0.047469
v -0.016775 -0.001546 -0.048840
v -0.016650 0.001393 -0.046563
v -0.013889 0.001367 -0.047541
v -0.013684 -0.000515 -0.049422
v -0.015501 -0.000951 -0.049868
v -0.015252 -0.002167 -0.050807
v -0.016965 -0.002954 -0.051400
v -0.022898 -0.012422 -0.055637
v -0.023221 -0.011074 -0.054207
v -0.025332 -0.012015 -0.052404
v -0.026340 -0.014220 -0.051048
v -0.025004 -0.014845 -0.053529
v -0.024051 -0.013913 -0.054901
v -0.024630 -0.010846 -0.052772
v -0.024060 -0.015608 -0.055498
v -0.022777 -0.014020 -0.056376
v -0.022531 -0.015388 -0.057190
v -0.021433 -0.014027 -0.056230
v -0.024040 -0.017354 -0.055811
v -0.025218 -0.017581 -0.053542
v -0.026230 -0.019141 -0.052957
v -0.027053 -0.018065 -0.051016
v -0.026656 -0.015741 -0.050962
v -0.028111 -0.015971 -0.048725
v -0.028023 -0.018079 -0.049302
v -0.028837 -0.015647 -0.047797
v -0.029292 -0.015065 -0.045268
v -0.030285 -0.016569 -0.044495
v -0.027482 -0.019821 -0.051778
v -0.027587 -0.021856 -0.052111
v -0.039515 -0.023690 -0.030006
v -0.039278 -0.023545 -0.027816
v -0.040251 -0.023131 -0.025668
v -0.031598 -0.024757 -0.019523
v -0.029824 -0.024824 -0.022360
v -0.029009 -0.024350 -0.024439
v -0.027232 -0.024771 -0.027371
v -0.026348 -0.024348 -0.028537
v -0.028499 -0.024603 -0.028943
v -0.029448 -0.024841 -0.031681
v -0.026727 -0.024685 -0.031074
v -0.024469 -0.025237 -0.028849
v -0.021700 -0.026366 -0.029785
v -0.021681 -0.026744 -0.028431
v -0.022840 -0.026219 -0.025823
v -0.020183 -0.026923 -0.024899
v -0.022005 -0.028511 -0.040385
v -0.019867 -0.028960 -0.043649
v -0.023103 -0.028432 -0.043192
v -0.024338 -0.027684 -0.042181
v -0.019956 -0.029123 -0.047246
v -0.023836 -0.028103 -0.045031
v -0.022534 -0.028822 -0.047123
v -0.024342 -0.028399 -0.047749
v -0.022487 -0.029149 -0.049084
v -0.025169 -0.028193 -0.049647
v -0.025379 -0.027049 -0.049767
v -0.026535 -0.027803 -0.047440
v -0.025980 -0.028114 -0.045273
v -0.018252 -0.029457 -0.045749
v -0.019017 -0.029535 -0.047197
v -0.017004 -0.029341 -0.046870
v -0.017458 -0.029789 -0.049593
v -0.025970 -0.027818 -0.052709
v -0.007632 -0.025168 -0.058909
v -0.013455 -0.028359 -0.055920
v -0.005622 -0.031592 -0.048932
v -0.007093 -0.031437 -0.047071
v -0.005634 -0.031900 -0.045861
v -0.007921 -0.031883 -0.043448
v -0.007797 -0.028656 -0.023923
v -0.001415 -0.031626 -0.036164
v -0.002445 -0.031307 -0.038668
v 0.000454 -0.013555 -0.055768
v -0.008733 -0.006100 -0.053358
v 0.002701 -0.001278 -0.051152
v -0.004447 0.012145 -0.042877
v -0.007306 0.010395 -0.043303
v -0.006454 0.012288 -0.042711
v -0.005050 0.014300 -0.041160
v -0.002936 0.015400 -0.040866
v -0.009903 0.013757 -0.041034
v -0.006837 0.015391 -0.040189
v -0.005293 0.016380 -0.039840
v -0.001864 0.013335 -0.042215
v -0.000662 0.015394 -0.041347
v -0.001427 0.017211 -0.040299
v -0.003991 0.018087 -0.038872
v -0.001653 0.019691 -0.038439
v 0.001839 0.018911 -0.040008
v 0.005139 0.019401 -0.038460
v 0.002210 0.019807 -0.038301
v 0.004513 0.018197 -0.039993
v 0.007068 0.017820 -0.040724
v 0.009438 0.019005 -0.038207
v 0.008941 0.017081 -0.041168
v 0.011033 0.017227 -0.040518
v 0.012858 0.016899 -0.039977
v 0.013851 0.018151 -0.038980
v 0.012122 0.019433 -0.037598
v 0.012717 0.014700 -0.042657
v 0.013526 0.012898 -0.044953
v 0.014672 0.016311 -0.040713
v 0.016218 0.014957 -0.042196
v 0.015741 0.013078 -0.044323
v 0.016874 0.010975 -0.044353
v 0.018427 0.013848 -0.042732
v 0.015250 0.011556 -0.045409
v 0.017861 0.012145 -0.043627
v 0.019830 0.012571 -0.043058
v 0.019914 0.008945 -0.043160
v 0.017641 0.008942 -0.044758
v 0.021588 0.010370 -0.042098
v 0.017630 0.007452 -0.044699
v 0.020712 0.006389 -0.043861
v 0.022359 0.006370 -0.043028
v 0.021272 0.004055 -0.042843
v 0.019663 0.003883 -0.044233
v 0.015646 0.006117 -0.045268
v 0.017404 0.003734 -0.045048
v 0.015207 0.003962 -0.045736
v 0.015936 0.002393 -0.045620
v 0.013794 0.006046 -0.045547
v 0.015585 0.008877 -0.045287
v 0.013809 0.008818 -0.044208
v 0.023290 0.003670 -0.042252
v 0.022865 0.002152 -0.041893
v 0.021154 0.001530 -0.042720
v 0.021893 0.013570 -0.042106
v 0.018362 0.014786 -0.041491
v 0.019249 0.016685 -0.039759
v 0.016652 0.016886 -0.040379
v 0.017643 0.018490 -0.037006
v 0.015631 0.017900 -0.038706
v 0.014923 0.018959 -0.037097
v 0.019519 0.020185 -0.034557
v 0.014003 0.020032 -0.035876
v 0.014243 0.021465 -0.034839
v 0.015995 0.022158 -0.033289
v 0.017741 0.021360 -0.033905
v 0.011972 0.021561 -0.034524
v 0.010286 0.019872 -0.036168
v 0.007599 0.019881 -0.037213
v 0.007883 0.021507 -0.035507
v 0.006959 0.022293 -0.033832
v 0.010911 0.023348 -0.032443
v 0.004789 0.021226 -0.035821
v 0.001509 0.022014 -0.035827
v 0.003846 0.022939 -0.034204
v 0.000554 0.023887 -0.033898
v 0.004114 0.024390 -0.032099
v 0.000969 0.024666 -0.032161
v 0.004238 0.026119 -0.031166
v 0.001707 0.025918 -0.031466
v 0.006802 0.024321 -0.032093
v 0.006769 0.027364 -0.030561
v 0.008178 0.026495 -0.030882
v 0.009999 0.025089 -0.031946
v 0.014120 0.023244 -0.032426
v 0.010184 0.027430 -0.030300
v 0.012426 0.025613 -0.030910
v 0.015065 0.023430 -0.031800
v 0.013347 0.026913 -0.030435
v 0.016770 0.027586 -0.030456
v 0.011809 0.028666 -0.029004
v 0.014887 0.028911 -0.028961
v 0.018164 0.028876 -0.028692
v 0.014835 0.031264 -0.024833
v 0.016671 0.029559 -0.027641
v 0.011652 0.029687 -0.027785
v 0.012843 0.030346 -0.025934
v 0.010376 0.030662 -0.026032
v 0.010698 0.031844 -0.024967
v 0.011871 0.032319 -0.023963
v 0.011760 0.036632 -0.021243
v 0.009857 0.033564 -0.023002
v 0.013188 0.034054 -0.022443
v 0.016620 0.033199 -0.023673
v 0.015384 0.034610 -0.021758
v 0.014953 0.037406 -0.020459
v 0.017065 0.035653 -0.021390
v 0.018409 0.034628 -0.022567
v 0.019607 0.032725 -0.024341
v 0.019778 0.034018 -0.021075
v 0.018607 0.034401 -0.020453
v 0.018209 0.035994 -0.019994
v 0.020257 0.033168 -0.023199
v 0.020823 0.031462 -0.024210
v 0.021271 0.031203 -0.021459
v 0.022145 0.030205 -0.020168
v 0.020231 0.032868 -0.019663
v 0.021377 0.030946 -0.018216
v 0.022198 0.029626 -0.023237
v 0.021419 0.030570 -0.025534
v 0.022611 0.027798 -0.024355
v 0.022309 0.029091 -0.027489
v 0.023146 0.028325 -0.020060
v 0.023158 0.026708 -0.024589
v 0.024184 0.025191 -0.023200
v 0.024395 0.026715 -0.019217
v 0.023719 0.025270 -0.021518
v 0.023846 0.023771 -0.020339
v 0.023665 0.024491 -0.025322
v 0.023146 0.027701 -0.028784
v 0.022227 0.026580 -0.030156
v 0.021169 0.028570 -0.028412
v 0.020641 0.028711 -0.027078
v 0.019890 0.029148 -0.027537
v 0.019960 0.027336 -0.029514
v 0.017162 0.025564 -0.031499
v 0.020689 0.025005 -0.031533
v 0.019425 0.024211 -0.032358
v 0.021547 0.022981 -0.033404
v 0.019434 0.022497 -0.032891
v 0.017047 0.024018 -0.032483
v 0.019361 0.030387 -0.026908
v 0.017738 0.031426 -0.025843
v 0.022541 0.024294 -0.019754
v 0.025134 0.023508 -0.019914
v 0.024369 0.023031 -0.017323
v 0.021740 0.023766 -0.017163
v 0.022296 0.026031 -0.016386
v 0.021050 0.024332 -0.015738
v 0.023140 0.022861 -0.015280
v 0.021877 0.022902 -0.012940
v 0.023828 0.021638 -0.012590
v 0.025844 0.021859 -0.016043
v 0.025602 0.021179 -0.013946
v 0.027893 0.020676 -0.012566
v 0.027734 0.020438 -0.010863
v 0.026796 0.020881 -0.014360
v 0.027150 0.020899 -0.015882
v 0.025369 0.020908 -0.011559
v 0.024694 0.021303 -0.009956
v 0.022523 0.022888 -0.010713
v 0.025635 0.020566 -0.008771
v 0.023097 0.022258 -0.008004
v 0.022423 0.023526 -0.008625
v 0.022104 0.023781 -0.006495
v 0.023932 0.022030 -0.005911
v 0.022586 0.022881 -0.005485
v 0.025213 0.020802 -0.007088
v 0.027307 0.020287 -0.007874
v 0.025527 0.020344 -0.004645
v 0.027534 0.019519 -0.006352
v 0.027404 0.019115 -0.003511
v 0.029746 0.018347 -0.004273
v 0.028134 0.019900 -0.008940
v 0.029532 0.018626 -0.007035
v 0.028855 0.019738 -0.010253
v 0.030933 0.017393 -0.008609
v 0.031065 0.017544 -0.006506
v 0.030614 0.018642 -0.010003
v 0.029841 0.019385 -0.012223
v 0.032563 0.016862 -0.010458
v 0.031492 0.018834 -0.013198
v 0.029189 0.019842 -0.014448
v 0.033701 0.018828 -0.014915
v 0.031446 0.019965 -0.016010
v 0.033326 0.018064 -0.013431
v 0.035511 0.016301 -0.011748
v 0.035673 0.016837 -0.013521
v 0.036545 0.017305 -0.015160
v 0.038469 0.017015 -0.014886
v 0.038607 0.016434 -0.012586
v 0.035112 0.018563 -0.017619
v 0.037806 0.017765 -0.016875
v 0.036965 0.018626 -0.019536
v 0.039792 0.017627 -0.016451
v 0.040520 0.016356 -0.013918
v 0.041169 0.017492 -0.017140
v 0.041609 0.018089 -0.020247
v 0.043857 0.016984 -0.019319
v 0.043490 0.018001 -0.022072
v 0.042078 0.018395 -0.023073
v 0.044585 0.017317 -0.021879
v 0.046578 0.016534 -0.020796
v 0.048497 0.017081 -0.023776
v 0.048526 0.016188 -0.021272
v 0.050287 0.015852 -0.022845
v 0.048180 0.015230 -0.019009
v 0.048701 0.014073 -0.017386
v 0.045803 0.014319 -0.015527
v 0.045381 0.015858 -0.017804
v 0.043423 0.016713 -0.016956
v 0.042932 0.015726 -0.014786
v 0.041584 0.014886 -0.012811
v 0.044081 0.014530 -0.012850
v 0.047264 0.013440 -0.015136
v 0.043939 0.012917 -0.011652
v 0.046447 0.012442 -0.013158
v 0.042164 0.013846 -0.010839
v 0.042011 0.013317 -0.009600
v 0.040924 0.011813 -0.005822
v 0.038658 0.013656 -0.007534
v 0.042310 0.012128 -0.007691
v 0.044153 0.011618 -0.008493
v 0.044161 0.010729 -0.005920
v 0.045990 0.011571 -0.010367
v 0.045892 0.011951 -0.012058
v 0.047554 0.011394 -0.010745
v 0.048121 0.011764 -0.013507
v 0.049121 0.012641 -0.015680
v 0.035693 0.015049 -0.007696
v 0.039104 0.015121 -0.010327
v 0.036849 0.013759 -0.005776
v 0.038524 0.014267 -0.008876
v 0.037608 0.015723 -0.011769
v 0.035247 0.015215 -0.009368
v 0.032761 0.016315 -0.008326
v 0.033037 0.015743 -0.006987
v 0.035493 0.015059 -0.005257
v 0.032964 0.015556 -0.004048
v 0.031698 0.016671 -0.003455
v 0.030514 0.017683 -0.002116
v 0.029375 0.018223 -0.001450
v 0.026921 0.018419 -0.000141
v 0.029232 0.017183 0.000615
v 0.025548 0.020001 -0.001393
v 0.025597 0.020355 -0.002919
v 0.023440 0.021339 -0.002191
v 0.022486 0.021739 -0.004263
v 0.022196 0.021936 -0.001312
v 0.022056 0.023877 -0.001835
v 0.021844 0.025825 -0.001627
v 0.021838 0.025340 -0.003416
v 0.021888 0.024421 -0.003331
v 0.021924 0.024770 -0.006285
v 0.021276 0.027037 -0.008884
v 0.021676 0.026387 -0.006217
v 0.020866 0.026975 -0.003108
v 0.021089 0.027697 -0.006153
v 0.019953 0.029007 -0.002513
v 0.022462 0.030907 -0.004910
v 0.022807 0.028878 -0.007333
v 0.023554 0.028895 -0.009157
v 0.021055 0.026459 -0.010632
v 0.022938 0.031891 -0.008186
v 0.021785 0.032923 -0.010255
v 0.022620 0.031794 -0.011273
v 0.023494 0.030732 -0.010623
v 0.021779 0.032727 -0.006285
v 0.020943 0.033603 -0.008865
v 0.019914 0.034017 -0.007341
v 0.019417 0.034312 -0.010518
v 0.018835 0.035202 -0.012013
v 0.019152 0.035293 -0.007393
v 0.017954 0.036259 -0.010058
v 0.019086 0.034908 -0.013353
v 0.018996 0.035617 -0.014990
v 0.020098 0.033440 -0.014741
v 0.022196 0.031727 -0.013310
v 0.019364 0.033467 -0.016191
v 0.019002 0.034787 -0.017060
v 0.020294 0.033047 -0.017336
v 0.022138 0.031077 -0.015379
v 0.023056 0.028926 -0.015951
v 0.024234 0.027929 -0.014526
v 0.023598 0.029447 -0.013311
v 0.024371 0.028491 -0.012242
v 0.023847 0.027145 -0.016899
v 0.020561 0.025124 -0.013355
v 0.020442 0.025288 -0.009789
v 0.021266 0.023936 -0.011954
v 0.019961 0.024530 -0.014969
v 0.021170 0.023433 -0.010766
v 0.021324 0.023693 -0.009174
v 0.022664 0.028734 -0.018517
v 0.018360 0.036574 -0.017819
v 0.018606 0.036710 -0.016203
v 0.018347 0.034868 -0.017843
v 0.015627 0.037554 -0.016802
v 0.018754 0.036722 -0.014124
v 0.017327 0.037316 -0.015818
v 0.017970 0.037790 -0.013686
v 0.016489 0.038152 -0.013074
v 0.017050 0.036335 -0.012434
v 0.015534 0.038232 -0.014452
v 0.014530 0.038509 -0.013667
v 0.013510 0.039052 -0.014632
v 0.015343 0.038920 -0.016621
v 0.014448 0.038762 -0.018354
v 0.014477 0.040623 -0.014387
v 0.014395 0.040674 -0.016001
v 0.015909 0.037627 -0.018177
v 0.016824 0.036684 -0.019582
v 0.013565 0.042243 -0.016032
v 0.013569 0.041042 -0.013201
v 0.013030 0.042635 -0.014021
v 0.011877 0.042230 -0.012712
v 0.012228 0.041232 -0.011120
v 0.013405 0.039842 -0.013822
v 0.013029 0.039381 -0.011061
v 0.012918 0.039269 -0.012325
v 0.014808 0.039105 -0.011986
v 0.012694 0.040983 -0.009483
v 0.015075 0.038778 -0.009536
v 0.013778 0.036739 -0.008219
v 0.013627 0.037718 -0.007931
v 0.013812 0.039829 -0.008578
v 0.015955 0.038339 -0.011279
v 0.015032 0.036930 -0.009688
v 0.016963 0.035837 -0.007096
v 0.018181 0.035091 -0.005406
v 0.015904 0.035307 -0.004651
v 0.014267 0.036414 -0.006659
v 0.014359 0.035314 -0.003787
v 0.012390 0.035946 -0.005511
v 0.011637 0.037176 -0.008062
v 0.010094 0.036794 -0.006204
v 0.010759 0.039282 -0.006057
v 0.009705 0.039092 -0.005683
v 0.011741 0.040585 -0.007406
v 0.012028 0.039719 -0.007443
v 0.013273 0.038966 -0.007137
v 0.009030 0.039875 -0.007231
v 0.007014 0.039391 -0.006772
v 0.010728 0.040795 -0.008532
v 0.008424 0.040022 -0.009821
v 0.010546 0.041075 -0.010457
v 0.008926 0.039530 -0.011583
v 0.006104 0.039203 -0.008811
v 0.006850 0.039772 -0.011829
v 0.004661 0.038470 -0.008043
v 0.003746 0.038907 -0.009752
v 0.005168 0.040019 -0.012674
v 0.000852 0.038476 -0.009309
v 0.002385 0.039751 -0.012505
v 0.001856 0.038147 -0.007846
v -0.000420 0.036714 -0.006067
v -0.000317 0.037641 -0.007722
v 0.003084 0.037639 -0.005473
v 0.002791 0.038349 -0.006851
v 0.004525 0.038620 -0.006594
v 0.006282 0.038049 -0.005265
v 0.005784 0.036872 -0.003331
v 0.008550 0.038465 -0.004614
v 0.003831 0.037683 -0.002966
v 0.008312 0.036552 -0.004876
v 0.009209 0.036180 -0.003313
v 0.010801 0.035679 -0.001176
v 0.007106 0.036210 -0.001719
v 0.012804 0.035255 -0.002331
v 0.008931 0.035959 -0.000257
v 0.010694 0.035539 0.000760
v 0.007477 0.036279 0.001363
v 0.009135 0.035981 0.002440
v 0.008505 0.035929 0.004167
v 0.010768 0.035649 0.003047
v 0.010580 0.035596 0.006113
v 0.012692 0.035160 0.004854
v 0.012151 0.035324 0.002630
v 0.014922 0.034796 0.002291
v 0.012873 0.034855 0.001339
v 0.014799 0.035003 -0.000741
v 0.015125 0.034686 -0.002279
v 0.017053 0.034848 0.001475
v 0.016576 0.035079 -0.001670
v 0.018677 0.034600 -0.000968
v 0.018398 0.034884 -0.003335
v 0.020711 0.033947 -0.004609
v 0.020799 0.033760 -0.002409
v 0.020424 0.033832 0.000264
v 0.021600 0.032413 -0.000818
v 0.022113 0.031964 -0.002617
v 0.019375 0.033696 -0.000880
v 0.020483 0.031830 0.002091
v 0.019963 0.030501 0.000373
v 0.020956 0.028614 0.002596
v 0.020646 0.028097 -0.000455
v 0.020437 0.026773 -0.001986
v 0.021040 0.026066 0.000730
v 0.021237 0.030270 0.004066
v 0.021222 0.028158 0.004502
v 0.021325 0.029359 0.006115
v 0.021048 0.031175 0.005913
v 0.021124 0.033466 0.004683
v 0.020714 0.032377 0.003963
v 0.021763 0.033678 0.006662
v 0.020493 0.033051 0.009043
v 0.019587 0.033679 0.007118
v 0.022322 0.033050 0.008793
v 0.021771 0.032532 0.010370
v 0.022582 0.031944 0.012289
v 0.021493 0.032868 0.012634
v 0.022049 0.030919 0.013427
v 0.020572 0.032664 0.013906
v 0.022861 0.030268 0.016519
v 0.022190 0.031799 0.016131
v 0.019874 0.032136 0.015933
v 0.023307 0.030366 0.018760
v 0.019341 0.031560 0.016954
v 0.020752 0.030570 0.019452
v 0.019391 0.031527 0.018659
v 0.016733 0.031916 0.016051
v 0.018438 0.032108 0.015448
v 0.018230 0.032707 0.012287
v 0.019455 0.033152 0.009834
v 0.019611 0.032594 0.012572
v 0.016958 0.033011 0.014944
v 0.016764 0.033948 0.012267
v 0.017548 0.033509 0.010044
v 0.020211 0.032660 0.011507
v 0.015377 0.034504 0.010186
v 0.016741 0.034291 0.008180
v 0.017487 0.033994 0.007037
v 0.014699 0.034612 0.005099
v 0.016923 0.034168 0.004947
v 0.018889 0.034086 0.003867
v 0.019619 0.033968 0.002177
v 0.021580 0.033180 0.001502
v 0.014332 0.034779 0.006656
v 0.013093 0.034431 0.007029
v 0.012123 0.035264 0.006861
v 0.013083 0.035174 0.008549
v 0.010538 0.035493 0.008797
v 0.012702 0.034708 0.011424
v 0.014696 0.034592 0.013558
v 0.011082 0.034301 0.010823
v 0.012345 0.033957 0.012568
v 0.010251 0.033466 0.012955
v 0.012434 0.033412 0.015860
v 0.009255 0.032637 0.016266
v 0.013700 0.034247 0.014166
v 0.015431 0.033245 0.016258
v 0.012736 0.031758 0.017815
v 0.010318 0.032231 0.017579
v 0.008148 0.033152 0.014586
v 0.006240 0.032196 0.016092
v 0.007879 0.031251 0.017825
v 0.005693 0.031546 0.017721
v 0.005973 0.030252 0.018953
v 0.002037 0.029572 0.019509
v 0.003259 0.031055 0.017783
v 0.003895 0.029279 0.020474
v 0.005689 0.029838 0.020908
v 0.003853 0.029210 0.022080
v 0.002210 0.028352 0.022788
v -0.000072 0.027742 0.023204
v 0.001453 0.028563 0.021653
v 0.001959 0.027171 0.025057
v 0.002371 0.026559 0.026902
v -0.000450 0.026391 0.027404
v -0.001048 0.026834 0.025008
v -0.002599 0.025843 0.027605
v -0.002975 0.027745 0.023201
v -0.003467 0.026829 0.024742
v -0.004564 0.025379 0.027525
v -0.004336 0.027128 0.024887
v -0.006455 0.026748 0.025699
v -0.006388 0.027462 0.023842
v -0.006284 0.025329 0.028156
v -0.008228 0.026356 0.025349
v -0.010079 0.025358 0.027896
v -0.009150 0.024840 0.028904
v -0.004683 0.025110 0.030548
v -0.006950 0.024513 0.029888
v -0.007722 0.024814 0.031673
v -0.006448 0.024692 0.032418
v -0.005003 0.025346 0.032894
v -0.003631 0.025883 0.030922
v -0.003011 0.025557 0.033036
v -0.002293 0.026084 0.029352
v -0.000768 0.025220 0.032614
v -0.000467 0.026122 0.034890
v 0.000599 0.025829 0.029480
v -0.010225 0.024879 0.031237
v -0.010506 0.025168 0.032899
v -0.011937 0.025482 0.032403
v -0.012371 0.025159 0.029335
v -0.013270 0.025463 0.030767
v -0.013135 0.025564 0.026277
v -0.014925 0.025469 0.028450
v -0.017549 0.025783 0.029594
v -0.015323 0.025682 0.030527
v -0.015627 0.025830 0.026363
v -0.017110 0.025886 0.027364
v -0.018563 0.026583 0.025306
v -0.021086 0.026668 0.024879
v -0.017099 0.026432 0.022542
v -0.019629 0.026156 0.027549
v -0.020132 0.026737 0.029700
v -0.021686 0.026840 0.027443
v -0.022672 0.027362 0.027979
v -0.025106 0.027985 0.029233
v -0.025446 0.027558 0.027534
v -0.022513 0.027014 0.025607
v -0.022310 0.027393 0.030244
v -0.022897 0.027563 0.031700
v -0.022383 0.026997 0.033470
v -0.026452 0.027538 0.031927
v -0.019729 0.026500 0.032242
v -0.018142 0.025830 0.032035
v -0.018765 0.025913 0.033022
v -0.019780 0.026218 0.033940
v -0.020562 0.027149 0.036937
v -0.017872 0.026624 0.036888
v -0.018163 0.025893 0.035231
v -0.020759 0.026603 0.035701
v -0.016343 0.025865 0.033847
v -0.014641 0.025393 0.034574
v -0.015754 0.025855 0.032103
v -0.017847 0.025732 0.030742
v -0.011975 0.025443 0.033711
v -0.028908 0.027797 0.031731
v -0.026972 0.027186 0.030769
v -0.026585 0.027888 0.029703
v -0.029783 0.028248 0.030106
v -0.029257 0.028479 0.027810
v -0.026966 0.027461 0.028220
v -0.026182 0.028962 0.025285
v -0.028319 0.029138 0.026052
v -0.024464 0.027864 0.024365
v -0.024643 0.029519 0.023681
v -0.022509 0.027870 0.022948
v -0.024663 0.029974 0.022257
v -0.020442 0.027938 0.021934
v -0.023033 0.028593 0.021543
v -0.020888 0.028990 0.019280
v -0.023317 0.029636 0.019536
v -0.025533 0.029870 0.021424
v -0.025379 0.030490 0.019592
v -0.027320 0.030513 0.023171
v -0.026461 0.030972 0.021237
v -0.028869 0.031449 0.021068
v -0.027519 0.031510 0.019461
v -0.028860 0.032315 0.018465
v -0.026767 0.032947 0.016124
v -0.025587 0.031790 0.017744
v -0.031112 0.032056 0.020016
v -0.033342 0.032112 0.021094
v -0.031955 0.032815 0.019519
v -0.032124 0.031288 0.022354
v -0.029988 0.031560 0.021537
v -0.031144 0.031471 0.023402
v -0.029102 0.031177 0.023711
v -0.030820 0.029592 0.026776
v -0.031777 0.028332 0.029909
v -0.032250 0.029735 0.028125
v -0.032405 0.030709 0.024884
v -0.033992 0.029748 0.026045
v -0.034229 0.031119 0.024010
v -0.035510 0.031359 0.022092
v -0.031168 0.033508 0.017176
v -0.029284 0.033210 0.016820
v -0.030595 0.034640 0.014055
v -0.033252 0.034951 0.014981
v -0.032657 0.034564 0.016886
v -0.028456 0.033757 0.015551
v -0.029860 0.034881 0.013634
v -0.028734 0.035150 0.010995
v -0.026274 0.033958 0.013843
v -0.024478 0.033232 0.012776
v -0.026308 0.034419 0.012401
v -0.027776 0.034806 0.010214
v -0.027031 0.035149 0.008016
v -0.029223 0.034175 0.006932
v -0.030652 0.031292 0.007778
v -0.030661 0.033536 0.009391
v -0.027445 0.034560 0.005311
v -0.031041 0.028484 0.006082
v -0.032304 0.028513 0.007759
v -0.032431 0.026380 0.005953
v -0.021827 0.032891 0.012850
v -0.022406 0.031628 0.015785
v -0.023303 0.030277 0.017779
v -0.020562 0.029946 0.016707
v -0.024223 0.030992 0.017210
v -0.024722 0.032406 0.016376
v -0.019489 0.031826 0.014105
v -0.018532 0.030682 0.016240
v -0.016310 0.031235 0.015664
v -0.019120 0.033361 0.011429
v -0.017177 0.032991 0.011802
v -0.016514 0.032998 0.008014
v -0.018330 0.033439 0.009486
v -0.014010 0.032167 0.009960
v -0.015646 0.032095 0.012370
v -0.013775 0.031685 0.013242
v -0.014171 0.031001 0.014569
v -0.011679 0.031797 0.013847
v -0.012423 0.031484 0.010672
v -0.012044 0.032419 0.011389
v -0.011036 0.032490 0.012472
v -0.008982 0.032646 0.009535
v -0.008044 0.032087 0.013345
v -0.009879 0.031678 0.014794
v -0.008644 0.031611 0.016749
v -0.006685 0.031334 0.016539
v -0.009943 0.031207 0.017440
v -0.013332 0.031167 0.015319
v -0.012350 0.031107 0.017400
v -0.015297 0.030436 0.018174
v -0.017438 0.030371 0.018073
v -0.016989 0.028867 0.019363
v -0.012185 0.030449 0.019256
v -0.014666 0.029289 0.019523
v -0.015850 0.027542 0.022094
v -0.012776 0.028846 0.019981
v -0.011725 0.027925 0.022497
v -0.013677 0.027704 0.022746
v -0.009814 0.029947 0.020459
v -0.006995 0.029248 0.021282
v -0.009220 0.030453 0.019479
v -0.008826 0.028988 0.021671
v -0.009116 0.027832 0.023559
v -0.010611 0.026675 0.023013
v -0.012366 0.026749 0.023502
v -0.010674 0.026050 0.025345
v -0.014718 0.026738 0.022442
v -0.013844 0.026135 0.023961
v -0.007546 0.030564 0.017963
v -0.005866 0.030464 0.019289
v -0.003998 0.031777 0.017400
v -0.004521 0.028321 0.022246
v -0.004771 0.029946 0.020510
v -0.002928 0.030048 0.020261
v -0.002458 0.028533 0.022030
v -0.001184 0.030387 0.019180
v -0.000597 0.029112 0.021292
v 0.000745 0.029887 0.019209
v 0.002391 0.031767 0.016931
v 0.001714 0.031734 0.016366
v -0.001837 0.031816 0.016954
v 0.003620 0.032546 0.014915
v 0.000857 0.032307 0.015333
v -0.000371 0.032663 0.014440
v 0.003182 0.032546 0.013463
v 0.000642 0.032696 0.013238
v 0.001541 0.033367 0.011643
v -0.001612 0.032788 0.012618
v -0.000816 0.033705 0.010906
v -0.003704 0.033148 0.011039
v -0.003254 0.032614 0.014882
v -0.005005 0.032156 0.016187
v -0.005600 0.032274 0.011421
v -0.006455 0.031742 0.014339
v -0.006679 0.032987 0.009004
v -0.007175 0.033606 0.007432
v -0.004871 0.033280 0.008328
v -0.009628 0.033573 0.007837
v -0.009201 0.033704 0.005632
v -0.008028 0.034591 0.005804
v -0.010450 0.032641 0.008639
v -0.011670 0.032691 0.007312
v -0.013383 0.032951 0.005841
v -0.012713 0.032374 0.008619
v -0.015393 0.033410 0.007007
v -0.005919 0.034326 0.005003
v -0.007307 0.034773 0.004379
v -0.004495 0.033496 0.006773
v -0.000570 0.034388 0.006601
v -0.002078 0.033446 0.008707
v -0.003373 0.034224 0.005752
v -0.003940 0.035091 0.003579
v -0.001455 0.034533 0.004981
v -0.001912 0.035386 0.003234
v 0.000137 0.036546 0.001499
v 0.001991 0.035263 0.003721
v 0.001427 0.035037 0.005978
v 0.001468 0.034174 0.008553
v 0.002407 0.033862 0.009965
v 0.004550 0.034351 0.006114
v 0.005268 0.033943 0.007881
v 0.006164 0.036268 0.003371
v 0.007039 0.034941 0.006946
v 0.006827 0.036001 0.004625
v 0.008188 0.034157 0.009647
v 0.008761 0.035058 0.008267
v 0.008629 0.035816 0.006546
v 0.004914 0.033311 0.012257
v 0.008208 0.033440 0.011214
v 0.009947 0.034193 0.011125
v 0.004786 0.033729 0.010801
v 0.005995 0.033257 0.014068
v 0.005204 0.032418 0.016189
v 0.006234 0.036059 0.001766
v 0.003852 0.035878 0.003114
v 0.004722 0.036730 0.002290
v 0.002631 0.036747 0.001924
v 0.003369 0.037222 -0.000836
v 0.004970 0.036378 -0.001149
v 0.000163 0.036779 -0.000568
v 0.002131 0.036877 0.000245
v 0.000563 0.036833 -0.003067
v -0.001404 0.036662 -0.000794
v 0.000127 0.036221 -0.003883
v -0.003505 0.035701 -0.001869
v -0.002112 0.035829 -0.003818
v -0.002565 0.036723 -0.006006
v -0.004250 0.035789 -0.005361
v -0.005760 0.035086 -0.002975
v -0.006390 0.034979 -0.000726
v -0.005913 0.035905 -0.006240
v -0.004500 0.036081 -0.007168
v -0.004637 0.036627 -0.009038
v -0.002091 0.036886 -0.007858
v -0.002376 0.037154 -0.010003
v -0.001690 0.038441 -0.011469
v -0.004598 0.037318 -0.012322
v -0.003040 0.038011 -0.012315
v -0.003705 0.039100 -0.015484
v -0.002234 0.039066 -0.014123
v -0.005336 0.038598 -0.013942
v -0.004282 0.039838 -0.018079
v -0.007331 0.038974 -0.015664
v -0.007899 0.037652 -0.013015
v -0.006578 0.036856 -0.010577
v -0.007813 0.036977 -0.011584
v -0.006250 0.038593 -0.017434
v -0.008632 0.038547 -0.017106
v -0.010286 0.039139 -0.014744
v -0.010774 0.038307 -0.016727
v -0.011019 0.037354 -0.019187
v -0.009250 0.038139 -0.018463
v -0.013055 0.037134 -0.018819
v -0.013028 0.037958 -0.016560
v -0.015491 0.037013 -0.018790
v -0.012708 0.036243 -0.020182
v -0.014615 0.036586 -0.020548
v -0.016399 0.032797 -0.021663
v -0.016737 0.034307 -0.018457
v -0.014860 0.034642 -0.022673
v -0.012601 0.034673 -0.024040
v -0.014447 0.033358 -0.025260
v -0.012019 0.035748 -0.022991
v -0.008433 0.036424 -0.024162
v -0.009484 0.036678 -0.020993
v -0.010099 0.034977 -0.024522
v -0.010614 0.033816 -0.025560
v -0.007727 0.034321 -0.025664
v -0.005163 0.035692 -0.025451
v -0.005177 0.033478 -0.025943
v -0.006406 0.031989 -0.026843
v -0.008981 0.031423 -0.026843
v -0.006834 0.036287 -0.024131
v -0.003183 0.036480 -0.022810
v -0.007903 0.037058 -0.022242
v -0.006200 0.036449 -0.021021
v -0.004050 0.035650 -0.024657
v -0.001994 0.033587 -0.024236
v -0.002806 0.034322 -0.025748
v -0.001309 0.035473 -0.021377
v 0.001476 0.035787 -0.020178
v -0.000630 0.038206 -0.020345
v 0.000997 0.037289 -0.019780
v -0.001007 0.037696 -0.020121
v -0.000549 0.033394 -0.022049
v -0.002646 0.036520 -0.021455
v -0.003881 0.038305 -0.018716
v -0.005969 0.037269 -0.019261
v -0.001957 0.039974 -0.019587
v -0.001398 0.041110 -0.019276
v -0.002352 0.040912 -0.018439
v -0.002209 0.040186 -0.016946
v 0.000365 0.041444 -0.017877
v -0.000358 0.040882 -0.016223
v 0.001832 0.041221 -0.016698
v 0.001521 0.040563 -0.014599
v -0.000049 0.039817 -0.014218
v 0.001236 0.039808 -0.013253
v 0.001403 0.039380 -0.014248
v 0.000362 0.038727 -0.011537
v 0.004519 0.040593 -0.015039
v 0.004422 0.041476 -0.016684
v 0.005855 0.040289 -0.013932
v 0.009691 0.040344 -0.013119
v 0.007134 0.041784 -0.016076
v 0.008361 0.041271 -0.014710
v 0.010188 0.042051 -0.014260
v 0.008732 0.042946 -0.016980
v 0.011524 0.042880 -0.016777
v 0.007803 0.042089 -0.018484
v 0.006423 0.042554 -0.017512
v 0.010372 0.042912 -0.018682
v 0.010611 0.040411 -0.019603
v 0.011934 0.041610 -0.019582
v 0.012960 0.040580 -0.020154
v 0.013877 0.040526 -0.018504
v 0.014180 0.038296 -0.020086
v 0.011052 0.038319 -0.020859
v 0.009629 0.035211 -0.022480
v 0.007638 0.036483 -0.021601
v 0.008035 0.039104 -0.019898
v 0.008555 0.037381 -0.020780
v 0.006296 0.038768 -0.019576
v 0.005104 0.035106 -0.021784
v 0.005072 0.041715 -0.018532
v 0.004108 0.038017 -0.019778
v 0.004025 0.039894 -0.019434
v 0.003808 0.041727 -0.018242
v 0.001534 0.039650 -0.018850
v 0.007616 0.034334 -0.022794
v 0.002495 0.034003 -0.022123
v 0.004747 0.033111 -0.022992
v 0.000773 0.031077 -0.024686
v 0.008130 0.031555 -0.025192
v 0.004488 0.031247 -0.024667
v 0.003255 0.032549 -0.024029
v 0.001541 0.030656 -0.025702
v 0.006146 0.030287 -0.026692
v 0.006078 0.028532 -0.028225
v 0.002979 0.030669 -0.027541
v 0.007516 0.028735 -0.027706
v 0.005262 0.029045 -0.028832
v 0.000144 0.029237 -0.028016
v 0.002732 0.028366 -0.029411
v -0.000345 0.026782 -0.030912
v -0.001818 0.028958 -0.028318
v -0.001977 0.024397 -0.031487
v -0.001957 0.026885 -0.029888
v -0.004404 0.027540 -0.029111
v -0.003357 0.027428 -0.030339
v -0.003682 0.025904 -0.031848
v -0.003419 0.023527 -0.033555
v -0.005923 0.027443 -0.030444
v -0.006656 0.025082 -0.032508
v -0.005309 0.024431 -0.032993
v -0.006866 0.022858 -0.033766
v -0.004708 0.022473 -0.035233
v -0.008740 0.021229 -0.035640
v -0.009600 0.022169 -0.034486
v -0.009094 0.024008 -0.032810
v -0.012017 0.021536 -0.033768
v -0.007880 0.025726 -0.031675
v -0.010534 0.024038 -0.031819
v -0.008666 0.026789 -0.030452
v -0.011813 0.024659 -0.031234
v -0.009809 0.028126 -0.029136
v -0.012638 0.025625 -0.029755
v -0.014799 0.024210 -0.030636
v -0.014506 0.021747 -0.032432
v -0.012226 0.019709 -0.035960
v -0.016019 0.019657 -0.033831
v -0.017710 0.020717 -0.032638
v -0.012044 0.016605 -0.037799
v -0.008591 0.019978 -0.036635
v -0.008250 0.017741 -0.037676
v -0.010831 0.013913 -0.040353
v -0.008038 0.016359 -0.039316
v -0.004806 0.019515 -0.037379
v -0.003722 0.020910 -0.037137
v -0.001099 0.022290 -0.035969
v -0.002503 0.023174 -0.034651
v 0.000784 0.021106 -0.037539
v -0.011717 0.014195 -0.039560
v -0.013126 0.014447 -0.039630
v -0.015679 0.026213 -0.029504
v -0.017953 0.023484 -0.030758
v -0.017515 0.026890 -0.028799
v -0.018783 0.025134 -0.027673
v -0.020946 0.021699 -0.027654
v -0.020802 0.023826 -0.025734
v -0.018994 0.026829 -0.025280
v -0.016244 0.029730 -0.027456
v -0.018331 0.028460 -0.022382
v -0.016870 0.030661 -0.024583
v -0.017718 0.031367 -0.020210
v -0.018056 0.032802 -0.016788
v -0.017002 0.037546 -0.015859
v -0.014897 0.031856 -0.025984
v -0.011199 0.031720 -0.026558
v -0.014076 0.030879 -0.026852
v -0.012291 0.029524 -0.027749
v -0.006714 0.028759 -0.029155
v -0.005589 0.030243 -0.028168
v -0.002910 0.031008 -0.027782
v -0.001498 0.033130 -0.026308
v -0.000142 0.032364 -0.026820
v -0.000161 0.032131 -0.024413
v 0.011633 0.042664 -0.015072
v 0.010788 0.040502 -0.011836
v -0.007717 0.037535 -0.019676
v -0.007775 0.035388 0.001598
v -0.005636 0.035637 0.001218
v -0.003920 0.036258 -0.000915
v -0.006114 0.035304 0.002587
v -0.002592 0.036534 0.001212
v -0.008137 0.035512 0.003355
v -0.010857 0.034526 0.002839
v -0.017202 0.027607 0.022008
v -0.018640 0.028612 0.019920
v -0.018601 0.027240 0.021622
v -0.020049 0.033207 0.009212
v -0.032223 0.034773 0.012948
v 0.003930 0.026702 0.026212
v 0.022720 0.028004 0.018089
v 0.023785 0.029815 0.020244
v 0.024265 0.030339 0.022987
v 0.015240 0.037791 -0.011900
v 0.016857 0.037469 -0.012052
v 0.024611 0.019907 0.000341
v 0.035320 0.019609 -0.020824
v 0.034612 0.020473 -0.024102
v 0.033982 0.019756 -0.020887
v 0.033611 0.019526 -0.017127
v 0.031720 0.019859 -0.019783
v 0.029810 0.020903 -0.020134
v 0.030656 0.020229 -0.018169
v 0.028708 0.020489 -0.017993
v 0.032408 0.019671 -0.017140
v 0.026708 0.022095 -0.018276
v 0.021184 0.019987 -0.035114
v 0.021669 0.017095 -0.038640
v 0.022291 0.019556 -0.035432
v -0.027290 0.017899 -0.013286
v -0.027153 0.019065 -0.014482
v -0.026476 0.020762 -0.012548
v -0.028230 0.020703 -0.008988
v -0.028188 0.017997 -0.012303
v -0.027869 0.020267 -0.011111
v -0.026176 0.024902 -0.007521
v -0.028201 0.020887 -0.007599
v -0.029499 0.020526 -0.005399
v -0.028798 0.022958 -0.004603
v -0.027803 0.024195 -0.006007
v -0.028106 0.024983 -0.003684
v -0.038530 0.020868 0.013268
v -0.036978 0.022358 0.012196
v -0.038244 0.017917 0.010146
v -0.039948 0.018001 0.012513
v -0.041796 0.016112 0.014347
v -0.039845 0.019582 0.014566
v -0.040770 0.021643 0.018581
v -0.041567 0.019076 0.016750
v -0.042413 0.020245 0.019982
v -0.043034 0.017092 0.017776
v -0.043615 0.020286 0.021839
v -0.044488 0.014795 0.017441
v -0.044564 0.013037 0.016232
v -0.045611 0.012416 0.017601
v -0.044885 0.010398 0.017724
v -0.041707 0.027505 0.026695
v 0.040820 -0.001212 -0.013354
v 0.040618 -0.001302 -0.017022
v 0.042355 0.000520 -0.017425
v 0.041157 0.007490 -0.031264
v 0.039461 0.007376 -0.032719
v 0.041251 0.005134 -0.031412
v 0.039459 0.004563 -0.032790
v 0.037650 0.005217 -0.033834
v 0.039731 0.001652 -0.033683
v 0.039297 0.000324 -0.034489
v 0.036101 0.005896 -0.035176
v 0.038325 0.017343 -0.031433
v 0.039666 0.018007 -0.030458
v 0.038559 0.019552 -0.030579
v 0.040869 0.017976 -0.030168
v 0.024432 -0.006347 -0.041241
v 0.022369 -0.006242 -0.041773
v 0.023577 -0.007421 -0.041298
v 0.028404 -0.011941 -0.041216
v 0.027511 -0.013008 -0.040622
v 0.034609 -0.014396 -0.030826
v 0.036123 -0.012095 -0.028819
v 0.036797 -0.009729 -0.027837
v 0.037909 -0.007321 -0.026165
v 0.022819 -0.021859 -0.042692
v 0.016499 -0.015698 -0.045918
v 0.008200 0.004377 -0.048414
v 0.008194 0.003872 -0.049482
v 0.006616 0.008410 -0.048638
v 0.005530 0.009100 -0.046449
v 0.004449 0.008099 -0.045462
vn -0.5661 0.2780 -0.7760
vn -0.2964 0.3755 -0.8782
vn -0.1540 -0.1462 -0.9772
vn -0.5054 0.5257 -0.6843
vn -0.8693 0.0015 -0.4943
vn 0.0593 -0.2472 -0.9672
vn -0.5030 0.2390 -0.8306
vn 0.5787 0.0431 -0.8144
vn 0.3058 0.2883 -0.9074
vn -0.0780 0.4606 -0.8842
vn -0.0162 0.5456 -0.8379
vn 0.0158 0.4767 -0.8789
vn -0.0202 0.5511 -0.8342
vn -0.0290 0.6288 -0.7770
vn -0.0784 0.5659 -0.8207
vn -0.0563 0.6656 -0.7441
vn 0.0238 0.5091 -0.8604
vn -0.0115 0.4218 -0.9066
vn -0.0486 0.4893 -0.8707
vn -0.0579 0.4951 -0.8669
vn 0.0353 0.5047 -0.8626
vn 0.0110 0.6002 -0.7998
vn -0.1062 0.4635 -0.8797
vn -0.0877 0.4788 -0.8735
vn -0.4793 0.3653 -0.7980
vn -0.1587 0.3877 -0.9080
vn -0.4489 0.3415 -0.8258
vn -0.4224 0.4526 -0.7853
vn -0.0623 0.4870 -0.8712
vn -0.5519 0.3642 -0.7502
vn -0.0575 0.7248 -0.6866
vn -0.2682 0.7596 -0.5925
vn 0.1248 0.7366 -0.6647
vn 0.0036 0.5951 -0.8036
vn -0.3511 0.6207 -0.7010
vn -0.6987 0.2816 -0.6576
vn 0.0132 0.6945 -0.7193
vn -0.2117 0.1973 -0.9572
vn 0.2479 0.6367 -0.7302
vn 0.0675 0.7752 -0.6281
vn -0.0042 0.7458 -0.6662
vn -0.2436 0.5334 -0.8100
vn 0.2646 0.3955 -0.8795
vn 0.4316 0.3429 -0.8344
vn 0.4710 -0.0400 -0.8812
vn 0.6921 -0.2981 -0.6573
vn 0.8958 -0.4408 -0.0570
vn 0.8726 -0.2174 -0.4374
vn 0.6615 -0.5499 -0.5100
vn 0.5177 -0.6260 -0.5832
vn 0.1201 -0.2522 -0.9602
vn 0.4151 -0.2260 -0.8812
vn 0.4457 -0.5410 -0.7132
vn 0.6513 -0.2026 -0.7313
vn 0.9233 -0.3084 -0.2291
vn 0.5366 0.0039 -0.8439
vn 0.5171 0.0922 -0.8509
vn 0.3082 0.0599 -0.9494
vn -0.0612 0.0947 -0.9936
vn -0.3345 -0.2304 -0.9138
vn 0.2301 0.0535 -0.9717
vn -0.1701 -0.1175 -0.9784
vn 0.2464 0.0716 -0.9665
vn 0.4185 0.1609 -0.8939
vn 0.1262 0.1872 -0.9742
vn 0.4296 0.1770 -0.8855
vn 0.5121 0.2527 -0.8209
vn 0.4955 0.2054 -0.8439
vn 0.7237 -0.2106 -0.6572
vn 0.4809 0.2646 -0.8359
vn 0.5307 0.1622 -0.8319
vn 0.3693 0.2563 -0.8933
vn 0.4272 0.1703 -0.8880
vn 0.5958 0.0559 -0.8012
vn 0.3282 0.3437 -0.8799
vn 0.5813 0.3440 -0.7374
vn 0.5247 0.2217 -0.8219
vn 0.5417 0.1117 -0.8332
vn 0.6099 0.2926 -0.7365
vn 0.4557 0.2393 -0.8574
vn 0.5549 0.1806 -0.8121
vn 0.4989 0.3261 -0.8030
vn 0.4708 0.3328 -0.8171
vn 0.3095 0.3013 -0.9019
vn 0.6001 0.0678 -0.7971
vn 0.5948 0.1011 -0.7975
vn 0.5733 0.0984 -0.8134
vn 0.6924 0.0076 -0.7215
vn 0.5648 0.1161 -0.8170
vn 0.6329 0.0779 -0.7703
vn 0.4879 0.2208 -0.8445
vn 0.5092 0.1428 -0.8487
vn 0.6176 0.2644 -0.7408
vn 0.4958 0.2899 -0.8186
vn 0.6499 0.1512 -0.7449
vn 0.5362 0.2365 -0.8102
vn 0.5675 0.0075 -0.8233
vn 0.4847 0.0774 -0.8713
vn 0.3954 0.2282 -0.8897
vn 0.5345 0.2507 -0.8072
vn 0.4890 -0.0622 -0.8701
vn 0.5042 0.3390 -0.7942
vn 0.4062 0.2994 -0.8633
vn 0.6860 0.2541 -0.6818
vn 0.5719 0.1381 -0.8086
vn 0.5634 0.3799 -0.7336
vn 0.5813 0.3157 -0.7500
vn 0.6085 0.3645 -0.7049
vn 0.4346 0.1767 -0.8831
vn 0.5324 0.2372 -0.8126
vn 0.4443 0.2587 -0.8577
vn 0.5078 0.3532 -0.7857
vn 0.4504 0.3420 -0.8247
vn 0.5760 0.3487 -0.7393
vn 0.5675 0.3946 -0.7227
vn 0.7537 0.2746 -0.5971
vn 0.5491 0.2486 -0.7979
vn 0.6077 0.2144 -0.7647
vn 0.5816 0.1714 -0.7952
vn 0.5714 0.1800 -0.8007
vn 0.3759 0.1336 -0.9170
vn 0.5958 0.1986 -0.7782
vn 0.5106 0.1584 -0.8451
vn 0.4677 0.1968 -0.8617
vn 0.2585 0.2305 -0.9381
vn 0.5906 0.1715 -0.7885
vn 0.5487 0.1504 -0.8224
vn 0.3970 0.0278 -0.9174
vn 0.5354 0.0985 -0.8388
vn 0.4708 0.0637 -0.8799
vn 0.4898 -0.1173 -0.8639
vn 0.5701 0.1217 -0.8125
vn 0.5948 0.0321 -0.8032
vn 0.5392 0.1495 -0.8288
vn 0.5838 0.0707 -0.8088
vn 0.5175 0.1490 -0.8426
vn 0.4919 0.1728 -0.8533
vn 0.3107 -0.0596 -0.9486
vn 0.3468 -0.2085 -0.9144
vn 0.3812 -0.0815 -0.9209
vn 0.3329 -0.1404 -0.9325
vn 0.1684 0.0096 -0.9857
vn 0.4085 0.0283 -0.9123
vn 0.1381 0.0967 -0.9857
vn -0.1144 -0.1972 -0.9737
vn 0.3284 -0.0358 -0.9439
vn 0.3449 -0.0636 -0.9365
vn 0.5158 -0.0263 -0.8563
vn 0.4654 -0.0211 -0.8848
vn 0.4668 0.0502 -0.8829
vn 0.4841 0.0596 -0.8730
vn 0.4603 -0.0987 -0.8822
vn 0.3647 -0.0844 -0.9273
vn 0.3195 0.1902 -0.9283
vn 0.2606 0.0443 -0.9644
vn 0.3378 0.0476 -0.9400
vn 0.2844 0.1801 -0.9416
vn 0.2947 0.2081 -0.9327
vn 0.2567 0.1961 -0.9464
vn 0.2774 0.2122 -0.9370
vn 0.2111 0.2155 -0.9534
vn 0.3177 0.0961 -0.9433
vn 0.3125 0.0827 -0.9463
vn 0.4323 0.0905 -0.8972
vn 0.3602 0.1075 -0.9267
vn 0.3891 -0.0272 -0.9208
vn 0.5178 -0.0619 -0.8533
vn 0.3805 0.0316 -0.9242
vn 0.3595 0.0200 -0.9329
vn 0.4352 0.0077 -0.9003
vn 0.5240 0.1480 -0.8388
vn 0.4523 0.1796 -0.8736
vn 0.5185 -0.0037 -0.8551
vn 0.4816 0.1908 -0.8554
vn 0.7199 0.1952 -0.6661
vn 0.7738 -0.2416 -0.5856
vn 0.6588 -0.5264 -0.5374
vn 0.5006 -0.0461 -0.8645
vn 0.4644 -0.7195 -0.5164
vn 0.4852 -0.8189 -0.3065
vn 0.4075 -0.8218 -0.3983
vn 0.4326 -0.8521 -0.2946
vn 0.6975 -0.3924 -0.5996
vn 0.4439 -0.8270 -0.3449
vn 0.4378 -0.8514 -0.2887
vn 0.4831 -0.8455 -0.2276
vn 0.4613 -0.6521 -0.6016
vn 0.3923 -0.3970 -0.8298
vn 0.3180 -0.7005 -0.6389
vn 0.5160 -0.3059 -0.8001
vn 0.4067 -0.3487 -0.8444
vn 0.5183 -0.6780 -0.5212
vn 0.4551 -0.8010 -0.3889
vn 0.4438 -0.6744 -0.5901
vn 0.2457 -0.7754 -0.5817
vn 0.3029 -0.9249 -0.2299
vn -0.0534 -0.9986 -0.0003
vn 0.2189 -0.8611 -0.4590
vn 0.4430 -0.5699 -0.6920
vn 0.2691 -0.9538 -0.1338
vn 0.1089 -0.9878 -0.1116
vn 0.2868 -0.9419 -0.1748
vn 0.1134 -0.9927 -0.0407
vn 0.0297 -0.9945 0.1004
vn -0.1195 -0.9878 0.1003
vn -0.0455 -0.9884 0.1452
vn -0.0803 -0.9899 0.1171
vn -0.1933 -0.9771 0.0890
vn -0.1313 -0.9795 0.1528
vn -0.1878 -0.9639 0.1888
vn -0.2143 -0.9453 0.2460
vn -0.1348 -0.9749 0.1773
vn -0.1906 -0.9603 0.2035
vn -0.1606 -0.9799 0.1187
vn -0.1718 -0.9705 0.1691
vn -0.2416 -0.9651 0.1011
vn -0.1101 -0.9899 0.0891
vn -0.1948 -0.9721 0.1308
vn -0.1627 -0.9765 0.1414
vn -0.1906 -0.9808 0.0414
vn -0.2857 -0.9556 0.0723
vn -0.0860 -0.9924 0.0881
vn -0.0653 -0.9963 0.0559
vn 0.0003 -0.9878 0.1559
vn -0.0665 -0.9925 0.1023
vn 0.0139 -0.9999 0.0038
vn 0.0968 -0.9178 -0.3851
vn -0.0479 -0.9984 0.0308
vn -0.1053 -0.9942 -0.0223
vn -0.0269 -0.9985 -0.0487
vn 0.0844 -0.9032 -0.4209
vn 0.3210 -0.6872 -0.6517
vn 0.2116 -0.7094 -0.6723
vn 0.4379 -0.8986 0.0279
vn 0.5326 -0.8459 -0.0288
vn 0.8730 -0.4798 0.0877
vn 0.8740 -0.4374 -0.2116
vn 0.7522 -0.5631 -0.3422
vn 0.6399 -0.5440 -0.5428
vn 0.2470 -0.7306 -0.6365
vn 0.8046 -0.5495 -0.2249
vn 0.6159 -0.6717 -0.4117
vn 0.5872 -0.2743 -0.7615
vn 0.6436 -0.4251 -0.6364
vn 0.6489 -0.3204 -0.6902
vn 0.6797 -0.0632 -0.7307
vn 0.2937 -0.7599 -0.5799
vn 0.1772 -0.7394 -0.6496
vn 0.2380 -0.7958 -0.5568
vn 0.2996 -0.7557 -0.5823
vn 0.2856 -0.5853 -0.7589
vn 0.5563 -0.3155 -0.7687
vn 0.2089 -0.7883 -0.5787
vn 0.1478 -0.7509 -0.6436
vn 0.4772 -0.6998 -0.5316
vn 0.6389 -0.7331 -0.2333
vn 0.7922 -0.5104 -0.3345
vn 0.7729 -0.5491 -0.3180
vn 0.2279 -0.6909 -0.6860
vn 0.4444 0.1090 -0.8892
vn 0.6410 0.0348 -0.7668
vn 0.7413 -0.0905 -0.6650
vn 0.4846 -0.1166 -0.8669
vn 0.2752 -0.1820 -0.9440
vn 0.5763 -0.0211 -0.8170
vn 0.3053 -0.2660 -0.9143
vn 0.2248 -0.1384 -0.9645
vn 0.1477 -0.2625 -0.9536
vn 0.2189 -0.2731 -0.9367
vn 0.6074 -0.4021 -0.6851
vn 0.3331 -0.4729 -0.8157
vn 0.6474 -0.5430 -0.5349
vn 0.8292 -0.5168 -0.2128
vn 0.8991 -0.4304 0.0800
vn 0.8308 -0.5295 -0.1711
vn 0.8610 -0.4897 0.1370
vn 0.6893 -0.6452 -0.3295
vn 0.8396 -0.5433 0.0010
vn 0.8864 -0.4593 0.0578
vn 0.6163 -0.7791 0.1148
vn 0.8859 -0.4525 0.1018
vn 0.8598 -0.5105 0.0103
vn 0.8594 -0.4936 -0.1338
vn 0.8658 -0.4897 -0.1030
vn 0.8292 -0.5349 -0.1619
vn 0.8096 -0.5587 -0.1801
vn 0.8439 -0.4747 -0.2499
vn 0.7838 -0.5255 -0.3309
vn 0.8720 -0.4640 -0.1560
vn 0.8725 -0.4874 0.0334
vn 0.8696 -0.4914 -0.0476
vn 0.8972 -0.4226 -0.1283
vn 0.8728 -0.4868 -0.0353
vn 0.8802 -0.4725 -0.0434
vn 0.9092 -0.4162 -0.0082
vn 0.8981 -0.4295 -0.0947
vn 0.9067 -0.4189 -0.0492
vn 0.9150 -0.3965 0.0744
vn 0.8545 -0.5131 0.0807
vn 0.9345 -0.3545 0.0317
vn 0.9027 -0.4301 0.0122
vn 0.9457 -0.2712 0.1793
vn 0.9603 -0.1819 0.2115
vn 0.9032 -0.3890 0.1812
vn 0.9086 -0.4133 0.0609
vn 0.9652 -0.2615 0.0005
vn 0.9408 -0.3376 0.0304
vn 0.9356 -0.3456 0.0719
vn 0.9069 -0.4135 0.0808
vn 0.9098 -0.3790 0.1694
vn 0.9026 -0.4291 0.0334
vn 0.9974 -0.0634 0.0331
vn 0.8806 -0.4696 -0.0636
vn 0.8397 -0.5352 -0.0925
vn 0.8618 -0.5058 -0.0375
vn 0.8534 -0.5086 -0.1143
vn 0.8479 -0.5168 -0.1185
vn 0.8458 -0.5275 -0.0799
vn 0.7836 -0.6204 -0.0331
vn 0.8116 -0.5838 0.0209
vn 0.8691 -0.4840 0.1020
vn 0.8403 -0.5004 0.2083
vn 0.8808 -0.4471 0.1556
vn 0.8112 -0.5801 0.0741
vn 0.8183 -0.5715 0.0617
vn 0.8460 -0.5330 0.0155
vn 0.8415 -0.5400 0.0180
vn 0.8651 -0.5016 -0.0048
vn 0.8051 -0.5789 0.1293
vn 0.8198 -0.5726 -0.0098
vn 0.8561 -0.5085 -0.0926
vn 0.7938 -0.6009 0.0937
vn 0.7705 -0.6230 -0.1348
vn 0.8127 -0.5636 0.1479
vn 0.7601 -0.6468 0.0625
vn 0.8079 -0.5609 0.1806
vn 0.7519 -0.6312 0.1906
vn 0.7700 -0.6242 0.1319
vn 0.7454 -0.6484 0.1550
vn 0.8397 -0.5007 0.2101
vn 0.7686 -0.2057 -0.6057
vn 0.8354 -0.5401 0.1016
vn 0.8850 -0.4592 0.0773
vn 0.8831 -0.4668 0.0462
vn 0.8652 -0.4357 0.2480
vn 0.8679 -0.4620 0.1826
vn 0.8137 -0.5021 0.2928
vn 0.8298 -0.3951 0.3941
vn 0.9188 -0.3859 0.0829
vn 0.8477 -0.5135 0.1329
vn 0.8524 -0.4614 0.2460
vn 0.8345 -0.5508 0.0176
vn 0.7960 -0.1861 -0.5760
vn 0.8167 -0.2713 -0.5092
vn 0.8265 -0.5627 -0.0173
vn 0.8364 -0.5469 0.0375
vn 0.8446 -0.5280 0.0889
vn 0.8310 -0.5563 -0.0093
vn 0.7768 -0.3632 -0.5144
vn 0.8528 -0.5180 0.0667
vn 0.6942 -0.3599 -0.6233
vn 0.3232 0.0180 -0.9462
vn 0.7188 -0.3684 -0.5896
vn 0.3660 -0.0045 -0.9306
vn 0.3628 -0.0835 -0.9281
vn 0.7560 -0.3480 -0.5545
vn 0.8598 -0.5104 0.0171
vn 0.8766 -0.4666 0.1180
vn 0.1869 -0.0261 -0.9820
vn 0.2397 0.0846 -0.9671
vn 0.0664 0.0219 -0.9976
vn 0.2352 -0.0035 -0.9719
vn 0.0634 -0.0707 -0.9955
vn 0.0724 -0.0227 -0.9971
vn 0.1757 0.0257 -0.9841
vn 0.3430 0.1681 -0.9242
vn 0.0380 0.3978 -0.9167
vn 0.5188 -0.0887 -0.8503
vn 0.4166 -0.2654 -0.8695
vn 0.5401 -0.2335 -0.8085
vn 0.5494 -0.0607 -0.8333
vn 0.4390 -0.0892 -0.8940
vn 0.3940 0.1369 -0.9088
vn 0.3641 0.2557 -0.8956
vn 0.3455 0.1057 -0.9324
vn 0.2829 0.1371 -0.9493
vn 0.3286 0.1587 -0.9311
vn 0.2472 0.1466 -0.9578
vn 0.2454 0.2622 -0.9333
vn 0.2423 0.3431 -0.9075
vn 0.2911 0.3314 -0.8974
vn 0.3353 0.2257 -0.9147
vn 0.3519 0.3308 -0.8756
vn 0.5227 0.0864 -0.8481
vn 0.4243 0.0191 -0.9053
vn 0.4612 0.0349 -0.8866
vn 0.5321 -0.0115 -0.8466
vn 0.5320 -0.1613 -0.8313
vn 0.4889 -0.0675 -0.8697
vn 0.4951 0.0200 -0.8686
vn 0.4619 -0.1256 -0.8780
vn 0.3817 -0.0437 -0.9232
vn 0.4870 -0.1074 -0.8668
vn 0.5359 -0.1783 -0.8252
vn 0.4561 0.0055 -0.8899
vn 0.3843 -0.1240 -0.9148
vn 0.5220 -0.1456 -0.8404
vn 0.4776 -0.1646 -0.8630
vn 0.4987 -0.0979 -0.8612
vn 0.4732 -0.0811 -0.8772
vn 0.4754 0.0592 -0.8778
vn 0.4596 0.0829 -0.8842
vn 0.4558 0.2007 -0.8672
vn 0.4002 0.2696 -0.8758
vn 0.4026 0.2775 -0.8723
vn 0.4721 0.2071 -0.8569
vn 0.4931 0.3048 -0.8148
vn 0.4193 0.1543 -0.8946
vn 0.5701 0.1313 -0.8110
vn 0.6188 0.2784 -0.7345
vn 0.4574 0.4348 -0.7757
vn 0.4653 0.1110 -0.8782
vn 0.3850 0.4837 -0.7860
vn 0.2165 0.6866 -0.6940
vn 0.1880 0.6588 -0.7284
vn 0.4442 0.0864 -0.8918
vn 0.3694 0.4426 -0.8171
vn 0.0505 0.7640 -0.6432
vn 0.2497 0.4975 -0.8308
vn 0.3841 0.3032 -0.8721
vn 0.2030 0.2844 -0.9370
vn 0.3778 0.3086 -0.8729
vn 0.3485 0.2312 -0.9084
vn 0.2616 0.2105 -0.9419
vn 0.3444 0.3068 -0.8873
vn 0.3231 0.2798 -0.9041
vn 0.4383 0.2766 -0.8552
vn 0.5485 0.2052 -0.8106
vn 0.4814 0.3277 -0.8129
vn 0.5885 0.2826 -0.7575
vn 0.4110 0.3553 -0.8396
vn 0.6367 0.6655 -0.3895
vn 0.3047 0.3616 -0.8811
vn 0.0405 0.3414 -0.9390
vn 0.3825 0.3634 -0.8495
vn 0.1327 0.3213 -0.9376
vn -0.3063 0.7310 -0.6097
vn 0.2250 0.4491 -0.8647
vn -0.0869 0.4274 -0.8999
vn -0.2547 0.7169 -0.6490
vn -0.3005 0.8367 -0.4578
vn 0.0473 0.7432 -0.6674
vn -0.0033 0.6528 -0.7575
vn 0.4363 0.6041 -0.6668
vn 0.5544 0.4124 -0.7229
vn 0.4756 0.5755 -0.6653
vn 0.3111 0.5342 -0.7860
vn 0.4113 0.9113 -0.0171
vn 0.7293 0.6786 0.0872
vn 0.1113 0.9540 0.2785
vn 0.5278 0.5665 -0.6329
vn -0.0608 0.9941 -0.0893
vn 0.0271 0.9996 -0.0078
vn 0.3806 0.9097 0.1661
vn 0.5325 0.8151 0.2281
vn 0.4881 0.8331 0.2601
vn 0.3446 0.9348 0.0855
vn 0.3576 0.8844 0.3000
vn 0.4870 0.7991 0.3524
vn 0.4736 0.8449 0.2486
vn 0.3125 0.9157 0.2526
vn 0.4943 0.7938 0.3543
vn 0.3749 0.8744 0.3081
vn 0.2307 0.9633 0.1374
vn 0.4617 0.8516 0.2481
vn 0.5009 0.8458 0.1835
vn 0.3268 0.9262 0.1879
vn 0.4062 0.8540 0.3251
vn 0.4069 0.7792 -0.4768
vn 0.3313 0.9236 0.1927
vn 0.0339 0.8814 -0.4712
vn 0.4133 0.8898 0.1934
vn 0.0757 0.9950 0.0651
vn 0.5387 0.6931 -0.4789
vn 0.0614 0.9817 -0.1803
vn 0.1866 0.9601 0.2084
vn 0.1431 0.9596 0.2423
vn 0.2302 0.9042 0.3599
vn 0.2248 0.8884 -0.4003
vn 0.2121 0.9400 0.2671
vn 0.3713 0.9009 0.2248
vn 0.2322 0.9591 0.1616
vn 0.1680 0.9481 0.2699
vn 0.2161 0.9391 0.2672
vn 0.3444 0.7817 0.5199
vn 0.4612 0.8712 0.1681
vn 0.4620 0.8127 0.3551
vn 0.2960 0.9523 0.0744
vn 0.4190 0.8933 0.1625
vn 0.4611 0.8871 0.0198
vn 0.2528 0.9608 -0.1134
vn 0.5154 0.6649 -0.5406
vn 0.5079 0.3974 -0.7643
vn 0.5233 0.7095 -0.4720
vn 0.5661 0.5657 -0.5997
vn 0.3422 0.2873 -0.8946
vn 0.4105 0.7629 -0.4996
vn 0.2946 0.3902 -0.8723
vn 0.4333 0.4164 -0.7993
vn 0.3240 0.3464 -0.8803
vn 0.2700 0.0256 -0.9625
vn 0.2964 0.0224 -0.9548
vn 0.2878 0.3838 -0.8774
vn 0.3216 0.2431 -0.9152
vn 0.2926 0.1458 -0.9451
vn 0.4945 0.2690 -0.8265
vn 0.2979 -0.1682 -0.9397
vn 0.4876 0.1745 -0.8555
vn 0.3608 -0.0268 -0.9322
vn 0.5291 0.1968 -0.8254
vn 0.5551 0.2288 -0.7997
vn 0.5509 0.1774 -0.8155
vn 0.5624 0.0319 -0.8263
vn 0.5208 0.1686 -0.8369
vn 0.5172 0.1235 -0.8469
vn 0.5141 0.1146 -0.8500
vn 0.5777 0.0517 -0.8146
vn 0.5500 0.1614 -0.8194
vn 0.3470 0.1748 -0.9214
vn 0.4937 0.2215 -0.8409
vn 0.4965 0.1100 -0.8611
vn 0.4371 0.3524 -0.8275
vn 0.4073 0.3727 -0.8338
vn 0.3292 0.3386 -0.8814
vn 0.3749 0.2668 -0.8879
vn 0.5103 -0.1037 -0.8537
vn 0.4998 -0.1792 -0.8474
vn 0.4265 -0.1059 -0.8983
vn 0.4735 -0.0084 -0.8808
vn 0.3377 0.1981 -0.9202
vn 0.4737 0.1651 -0.8651
vn 0.1998 0.1911 -0.9610
vn 0.1108 0.2835 -0.9525
vn 0.3779 0.3104 -0.8723
vn 0.3638 0.2071 -0.9081
vn 0.4385 0.2570 -0.8612
vn 0.4400 0.0933 -0.8932
vn 0.2135 0.2092 -0.9543
vn 0.3540 0.1176 -0.9278
vn 0.3236 0.1306 -0.9371
vn 0.8241 -0.2985 -0.4814
vn 0.4940 0.1527 -0.8559
vn 0.3909 0.2062 -0.8970
vn 0.4460 0.2322 -0.8644
vn 0.4888 0.0894 -0.8678
vn 0.2753 0.1771 -0.9449
vn 0.4587 0.1170 -0.8808
vn 0.0886 0.2391 -0.9669
vn 0.4192 0.1726 -0.8914
vn 0.4128 0.0994 -0.9054
vn 0.3755 0.1340 -0.9171
vn 0.3574 0.0522 -0.9325
vn 0.3660 0.2173 -0.9049
vn 0.3874 0.3953 -0.8328
vn 0.3162 0.3748 -0.8715
vn 0.2444 0.2512 -0.9366
vn 0.3256 0.2444 -0.9134
vn 0.8673 -0.0482 -0.4955
vn 0.6776 -0.0041 -0.7354
vn 0.7820 -0.0123 -0.6231
vn 0.3677 0.2827 -0.8859
vn 0.8838 -0.4671 0.0271
vn 0.4828 0.0187 -0.8756
vn 0.2418 0.3503 -0.9049
vn 0.3943 0.3550 -0.8476
vn 0.1391 0.4063 -0.9031
vn 0.0778 0.3298 -0.9408
vn 0.7894 -0.2291 -0.5695
vn 0.3156 0.1576 -0.9357
vn 0.7270 -0.3748 -0.5754
vn 0.4464 0.0445 -0.8937
vn 0.2010 0.0607 -0.9777
vn 0.3169 0.0302 -0.9480
vn 0.2514 -0.0454 -0.9668
vn 0.2346 0.0540 -0.9706
vn 0.7798 -0.3786 -0.4986
vn 0.7825 -0.6048 0.1477
vn 0.8602 -0.3598 -0.3615
vn 0.9707 0.1319 -0.2006
vn 0.6216 0.0920 -0.7779
vn 0.3635 0.1298 -0.9225
vn 0.7781 0.5989 0.1896
vn 0.5948 0.8003 -0.0763
vn 0.9870 0.0375 0.1564
vn 0.9999 -0.0093 0.0129
vn 0.7215 0.6622 0.2023
vn 0.9957 -0.0131 0.0922
vn 0.5031 -0.7992 0.3288
vn 0.5468 0.6938 0.4687
vn 0.9320 -0.1654 0.3226
vn 0.9128 -0.0584 0.4042
vn 0.7459 -0.6657 -0.0238
vn 0.7949 -0.5840 -0.1646
vn 0.7383 -0.6731 0.0439
vn 0.9980 -0.0520 0.0352
vn 0.7628 -0.6433 -0.0652
vn 0.7942 -0.5983 0.1058
vn 0.8416 -0.5382 0.0447
vn 0.7725 -0.6238 -0.1192
vn 0.8537 -0.5126 -0.0915
vn 0.9096 -0.3070 -0.2800
vn 0.7881 -0.6144 -0.0376
vn 0.8734 -0.4620 -0.1540
vn 0.8025 -0.5866 -0.1091
vn 0.8653 -0.4197 -0.2742
vn 0.7472 -0.6505 -0.1358
vn 0.7761 -0.6302 -0.0230
vn 0.7779 -0.6283 0.0036
vn 0.8524 -0.5160 -0.0850
vn 0.8404 -0.5282 -0.1210
vn 0.8011 -0.5968 -0.0452
vn 0.8670 -0.4980 -0.0169
vn 0.7946 -0.6067 -0.0238
vn 0.8588 -0.4854 0.1638
vn 0.8102 -0.5846 0.0416
vn 0.8303 -0.5574 -0.0010
vn 0.7955 -0.6028 -0.0624
vn 0.7700 -0.6380 0.0127
vn 0.7479 -0.6248 -0.2243
vn 0.9547 -0.2937 0.0483
vn 0.7342 -0.6475 -0.2041
vn 0.9845 0.0742 0.1588
vn 0.5255 0.7554 0.3914
vn 0.6934 0.6826 0.2309
vn 0.7455 0.6088 0.2714
vn 0.3191 0.8959 0.3091
vn 0.4195 0.8595 0.2921
vn 0.9924 -0.0740 0.0981
vn 0.6205 0.7842 0.0014
vn 0.6221 0.7744 -0.1153
vn 0.3127 0.9492 0.0357
vn 0.3416 0.9388 0.0439
vn 0.3921 0.9199 -0.0023
vn 0.4063 0.9065 0.1146
vn 0.4122 0.9110 0.0161
vn 0.5259 0.8177 0.2341
vn 0.5591 0.7960 0.2318
vn 0.4855 0.8532 0.1905
vn 0.3687 0.9293 0.0225
vn 0.3147 0.9491 0.0111
vn 0.4859 0.8738 0.0181
vn 0.4960 0.8380 0.2272
vn 0.4807 0.8763 -0.0319
vn 0.5237 0.8495 -0.0637
vn 0.5301 0.8468 -0.0434
vn 0.5497 0.8324 -0.0702
vn 0.4979 0.8672 -0.0072
vn 0.4851 0.8743 -0.0142
vn 0.3772 0.9228 0.0784
vn 0.4576 0.8875 -0.0542
vn 0.4816 0.8746 -0.0568
vn 0.4791 0.8726 -0.0946
vn 0.4744 0.8637 -0.1703
vn 0.3571 0.9015 -0.2444
vn 0.4880 0.8651 -0.1155
vn 0.5376 0.8418 -0.0484
vn 0.3756 0.9178 -0.1285
vn 0.2832 0.9569 -0.0641
vn 0.4068 0.9058 0.1186
vn 0.3642 0.9308 -0.0315
vn 0.4087 0.8949 -0.1791
vn 0.3503 0.9366 -0.0074
vn 0.3879 0.9096 0.1488
vn 0.6095 0.7909 0.0541
vn 0.4041 0.8972 0.1780
vn 0.3268 0.9321 0.1559
vn 0.5020 0.8647 -0.0193
vn 0.4066 0.8930 0.1931
vn 0.3673 0.9239 0.1074
vn 0.5876 0.7473 0.3102
vn 0.5490 0.8354 -0.0251
vn 0.3554 0.9300 -0.0939
vn 0.4021 0.9058 -0.1334
vn 0.4751 0.8775 -0.0653
vn 0.2845 0.9510 -0.1210
vn 0.1370 0.9603 -0.2431
vn -0.0098 0.9828 -0.1842
vn 0.3757 0.9267 0.0115
vn 0.2572 0.9622 -0.0900
vn 0.4326 0.8975 0.0859
vn 0.4383 0.8953 0.0796
vn 0.5447 0.8380 0.0315
vn 0.4286 0.8882 0.1654
vn 0.4568 0.8869 0.0681
vn 0.8080 0.5874 -0.0454
vn 0.8255 0.5644 0.0094
vn 0.8514 0.5243 -0.0123
vn 0.9889 0.0259 -0.1461
vn 0.9928 -0.0484 -0.1095
vn 0.9578 0.0182 -0.2869
vn 0.9980 0.0371 -0.0505
vn 0.9615 0.2680 -0.0604
vn 0.9147 0.2965 -0.2747
vn 0.8844 0.3920 -0.2532
vn 0.8609 0.4050 -0.3078
vn 0.7892 0.5964 -0.1461
vn 0.8578 0.4586 -0.2320
vn 0.9142 0.3855 -0.1254
vn 0.9085 0.4054 -0.1010
vn 0.9308 0.3608 -0.0584
vn 0.9489 0.3129 -0.0415
vn 0.9718 0.1716 -0.1617
vn 0.8936 0.4486 0.0169
vn 0.9363 0.3513 -0.0046
vn 0.9970 0.0313 -0.0706
vn 0.9835 0.0539 -0.1727
vn 0.9352 0.3514 -0.0436
vn 0.9923 0.0706 -0.1018
vn 0.9054 0.4047 0.1283
vn 0.9253 0.3696 0.0849
vn 0.9852 0.1711 0.0066
vn 0.9161 0.3951 0.0678
vn 0.9744 0.1910 -0.1188
vn 0.9664 0.2409 -0.0902
vn 0.8710 0.4616 -0.1681
vn 0.9045 0.4247 0.0383
vn 0.9111 0.3479 -0.2210
vn 0.9583 0.2841 -0.0315
vn 0.7746 0.6298 0.0577
vn 0.9199 0.3237 -0.2215
vn 0.6470 0.7625 -0.0087
vn 0.7426 0.6602 -0.1129
vn 0.2917 0.9562 0.0225
vn 0.6553 0.7554 -0.0006
vn 0.2071 0.9488 0.2383
vn 0.3464 0.9348 0.0785
vn 0.3070 0.9516 0.0179
vn 0.1823 0.9765 0.1146
vn 0.1784 0.9545 0.2391
vn 0.2076 0.9575 0.2000
vn 0.7932 0.6089 0.0053
vn 0.1770 0.9489 0.2614
vn 0.8416 0.5396 -0.0226
vn 0.6521 0.7545 -0.0744
vn 0.1306 0.9851 0.1117
vn 0.2413 0.9544 0.1757
vn 0.3088 0.9437 0.1185
vn 0.2910 0.9500 0.1131
vn 0.2893 0.9384 0.1891
vn 0.2051 0.9450 0.2548
vn 0.3997 0.8684 -0.2934
vn 0.3500 0.9262 -0.1403
vn 0.5166 0.8485 -0.1145
vn 0.5179 0.8092 -0.2774
vn 0.3044 0.9525 0.0082
vn 0.5060 0.6775 -0.5337
vn 0.3324 0.8737 -0.3552
vn 0.4067 0.8714 -0.2744
vn 0.3782 0.8897 0.2559
vn 0.4190 0.9063 0.0562
vn 0.1705 0.9276 -0.3325
vn 0.2172 0.9474 0.2350
vn 0.2361 0.9211 0.3097
vn 0.3047 0.9456 0.1144
vn 0.4139 0.8986 0.1454
vn 0.3690 0.8548 0.3649
vn 0.2865 0.9118 0.2943
vn 0.2424 0.8950 0.3745
vn 0.6323 0.7699 -0.0870
vn 0.4927 0.8113 0.3146
vn 0.4835 0.8511 0.2047
vn 0.7477 0.5834 0.3172
vn 0.6059 0.7234 0.3312
vn 0.5259 0.8439 0.1059
vn 0.6217 0.7620 0.1810
vn 0.4827 0.8662 0.1292
vn 0.4072 0.9083 0.0964
vn 0.4338 0.8978 0.0760
vn 0.3847 0.8956 0.2234
vn 0.2842 0.9558 0.0754
vn 0.3754 0.9268 -0.0016
vn 0.2843 0.9553 0.0809
vn 0.2753 0.9421 0.1913
vn 0.1236 0.9832 0.1345
vn 0.5926 0.7667 -0.2469
vn 0.6907 0.7114 -0.1300
vn 0.3672 0.9182 -0.1485
vn 0.2587 0.9368 0.2356
vn 0.8553 0.2552 -0.4509
vn 0.9609 0.1160 -0.2516
vn 0.8869 0.0918 -0.4528
vn 0.8621 0.2773 -0.4242
vn 0.8988 0.1487 -0.4123
vn 0.8920 0.3144 -0.3249
vn 0.8683 0.3073 -0.3893
vn 0.9860 0.0725 -0.1504
vn 0.9108 0.3255 -0.2541
vn 0.9686 0.2063 -0.1384
vn 0.9769 0.0790 -0.1983
vn 0.9373 0.1765 -0.3005
vn 0.9429 0.1648 -0.2893
vn 0.8594 0.3687 -0.3542
vn 0.8159 0.5366 -0.2154
vn 0.9730 0.1882 -0.1333
vn 0.9042 0.2969 -0.3071
vn 0.8827 0.3966 -0.2523
vn 0.7457 0.5016 -0.4385
vn 0.9169 0.3114 -0.2498
vn 0.9386 0.2408 -0.2472
vn 0.9681 0.1320 -0.2130
vn 0.8826 0.3885 -0.2648
vn 0.8794 0.3984 -0.2606
vn 0.9440 0.2545 -0.2100
vn 0.9218 0.3522 -0.1618
vn 0.9652 0.2072 -0.1597
vn 0.9984 -0.0369 -0.0418
vn 0.9749 0.0898 -0.2036
vn 0.9727 0.1456 -0.1808
vn 0.6346 0.7604 0.1384
vn 0.7751 0.6316 -0.0175
vn 0.8039 0.5906 -0.0699
vn 0.2275 0.9730 0.0390
vn 0.1764 0.9658 0.1899
vn 0.1159 0.9897 0.0839
vn 0.5733 0.8074 -0.1395
vn 0.0778 0.9928 0.0916
vn 0.1309 0.9914 0.0088
vn 0.3191 0.9357 -0.1504
vn 0.0725 0.9932 0.0914
vn 0.0436 0.9809 -0.1897
vn 0.3512 0.9311 -0.0986
vn 0.1305 0.9914 0.0035
vn 0.1829 0.9393 0.2904
vn 0.0177 0.9906 -0.1355
vn -0.2019 0.9640 0.1730
vn 0.0818 0.9433 0.3217
vn 0.0978 0.9177 0.3851
vn -0.5354 0.8024 -0.2638
vn -0.2610 0.8676 0.4232
vn -0.2079 0.8078 0.5516
vn -0.2079 0.9008 0.3812
vn -0.2583 0.8416 0.4744
vn -0.0946 0.7774 0.6218
vn -0.1659 0.8288 0.5344
vn -0.0536 0.8416 0.5374
vn 0.0512 0.9243 0.3782
vn -0.2066 0.9747 0.0849
vn -0.4114 0.9058 -0.1016
vn 0.1016 0.9880 0.1165
vn -0.0049 0.9460 0.3241
vn -0.0875 0.9242 0.3717
vn -0.1832 0.8500 0.4940
vn -0.1968 0.8689 0.4543
vn -0.2937 0.8223 0.4874
vn -0.4516 0.8922 0.0014
vn -0.1035 0.9333 0.3439
vn -0.5553 0.7674 -0.3205
vn -0.1620 0.9795 0.1200
vn -0.5239 0.7943 -0.3077
vn -0.2305 0.9530 -0.1967
vn -0.5719 0.7692 -0.2851
vn -0.4595 0.8838 -0.0876
vn -0.2900 0.8616 -0.4166
vn -0.1364 0.9831 0.1225
vn -0.3560 0.9268 0.1193
vn -0.3295 0.9436 0.0325
vn 0.1073 0.9569 0.2699
vn -0.2993 0.9538 0.0263
vn -0.3757 0.8394 0.3927
vn -0.1845 0.9824 0.0293
vn -0.3040 0.9527 -0.0024
vn -0.4348 0.8835 0.1742
vn -0.3457 0.9372 -0.0473
vn -0.2144 0.9740 0.0727
vn -0.2484 0.9338 0.2575
vn -0.2324 0.6972 0.6781
vn -0.1644 0.9615 -0.2202
vn 0.1340 0.9815 0.1369
vn -0.0639 0.9806 0.1851
vn -0.1560 0.9385 -0.3080
vn -0.2416 0.9602 -0.1403
vn -0.0369 0.9781 -0.2047
vn -0.1221 0.9456 -0.3016
vn 0.0344 0.8971 0.4405
vn 0.0543 0.9908 -0.1237
vn -0.0489 0.9956 -0.0803
vn 0.0990 0.9733 -0.2069
vn -0.0643 0.9789 -0.1939
vn -0.0770 0.9825 -0.1695
vn 0.1023 0.9643 -0.2443
vn 0.0278 0.9848 -0.1717
vn 0.0204 0.9730 -0.2298
vn 0.0662 0.9793 -0.1912
vn -0.0277 0.9926 -0.1182
vn 0.0747 0.9759 -0.2048
vn 0.0836 0.9934 -0.0780
vn 0.0243 0.9745 -0.2229
vn 0.1391 0.9467 -0.2906
vn 0.0358 0.9825 -0.1829
vn -0.1344 0.9772 0.1646
vn -0.2564 0.6767 0.6902
vn -0.1529 0.7644 0.6263
vn -0.0057 0.9315 0.3636
vn 0.0562 0.9774 0.2037
vn 0.1810 0.9584 -0.2207
vn -0.0641 0.6219 0.7804
vn -0.2124 0.1739 0.9616
vn -0.2121 0.2286 0.9501
vn -0.2207 0.7108 0.6679
vn -0.0659 0.9710 0.2300
vn -0.3841 0.6355 0.6697
vn -0.4406 0.1125 0.8906
vn -0.4004 -0.2081 0.8924
vn -0.5415 -0.0105 0.8406
vn -0.5500 -0.0336 0.8345
vn -0.4330 -0.2791 0.8571
vn -0.4496 -0.1082 0.8866
vn -0.5016 0.1325 0.8549
vn -0.5073 0.3936 0.7667
vn -0.4074 0.5503 0.7289
vn 0.0395 0.9956 0.0855
vn 0.0456 0.9825 0.1805
vn 0.1138 0.9934 0.0147
vn -0.0273 0.9843 0.1744
vn -0.2795 0.5739 0.7697
vn -0.4949 0.0190 0.8687
vn -0.5983 -0.0009 0.8013
vn -0.3927 0.4675 0.7920
vn -0.0109 0.9667 0.2558
vn -0.4727 0.5356 0.6998
vn -0.6642 0.0496 0.7459
vn -0.6215 0.1070 0.7761
vn -0.6641 0.6489 0.3714
vn -0.7090 0.2603 0.6554
vn -0.6931 0.5536 0.4617
vn -0.6212 0.1113 0.7757
vn -0.6613 0.0575 0.7480
vn -0.7575 0.1300 0.6398
vn -0.4296 0.2340 0.8722
vn -0.5510 -0.0181 0.8343
vn -0.5046 -0.0051 0.8633
vn -0.1384 0.4183 0.8977
vn 0.3225 0.8923 0.3158
vn 0.0252 0.7946 0.6066
vn -0.4509 0.5747 0.6829
vn -0.1560 0.7760 0.6112
vn -0.4736 -0.0486 0.8794
vn -0.8786 0.3559 0.3186
vn -0.8147 0.5577 0.1591
vn -0.4096 0.8788 0.2449
vn 0.2702 0.9399 0.2087
vn 0.1937 0.9429 0.2708
vn 0.1899 0.9339 0.3030
vn -0.4894 0.8540 -0.1768
vn -0.8396 0.2915 -0.4584
vn -0.4181 0.9084 -0.0090
vn -0.8592 0.2676 -0.4362
vn -0.8407 0.3184 -0.4380
vn -0.8883 0.2397 -0.3917
vn -0.8068 0.3032 -0.5071
vn -0.5719 0.8061 -0.1525
vn -0.0040 0.9047 0.4260
vn -0.8543 0.3276 -0.4036
vn -0.7686 0.5875 0.2532
vn -0.6179 0.7862 -0.0000
vn -0.3847 0.6937 0.6090
vn -0.0237 0.4794 0.8773
vn -0.1458 0.6056 0.7823
vn -0.8534 0.1125 -0.5089
vn -0.7305 0.5322 -0.4279
vn -0.8022 0.3295 -0.4980
vn -0.4757 0.2126 -0.8536
vn -0.7008 0.2709 -0.6599
vn -0.7696 0.4065 -0.4924
vn -0.5424 0.6120 -0.5756
vn -0.7525 0.5079 -0.4192
vn -0.8328 0.3594 -0.4210
vn -0.8070 0.3332 -0.4876
vn -0.8506 0.3161 -0.4202
vn -0.8525 0.2900 -0.4348
vn -0.8561 0.2923 -0.4262
vn -0.8331 0.3178 -0.4527
vn -0.8561 0.3169 -0.4083
vn -0.8505 0.3361 -0.4046
vn -0.8197 0.3337 -0.4656
vn -0.8684 0.2978 -0.3964
vn -0.8721 0.3149 -0.3745
vn -0.8640 0.3007 -0.4038
vn -0.8292 0.3380 -0.4452
vn -0.8569 0.3049 -0.4156
vn -0.8555 0.2686 -0.4427
vn -0.9517 0.2988 -0.0709
vn -0.9984 -0.0551 -0.0116
vn -0.9568 -0.0646 0.2836
vn -0.6738 -0.3621 0.6442
vn -0.4773 -0.2605 0.8392
vn -0.7383 0.0239 0.6741
vn -0.7611 -0.1686 0.6264
vn -0.6229 -0.1929 0.7582
vn -0.8209 -0.0788 0.5656
vn -0.5515 -0.0247 0.8338
vn -0.7461 0.0101 0.6657
vn -0.6411 0.0065 0.7674
vn -0.6969 -0.1180 0.7074
vn -0.6359 -0.0383 0.7708
vn -0.9634 0.1620 0.2136
vn -0.7007 -0.1213 0.7030
vn -0.6735 -0.1989 0.7119
vn -0.6947 -0.2062 0.6891
vn -0.6774 -0.1877 0.7113
vn -0.7807 -0.2132 0.5874
vn -0.9699 0.1681 0.1760
vn -0.6806 -0.2037 0.7038
vn -0.7326 -0.2602 0.6290
vn -0.7363 -0.1881 0.6500
vn -0.7215 -0.1368 0.6788
vn -0.7809 -0.1943 0.5937
vn -0.7071 -0.2170 0.6730
vn -0.7176 -0.0811 0.6917
vn -0.6583 -0.1669 0.7340
vn -0.8008 -0.2403 0.5486
vn -0.7890 -0.1488 0.5961
vn -0.5642 -0.1748 0.8069
vn -0.4835 -0.1927 0.8539
vn -0.8209 -0.2933 0.4900
vn -0.6817 -0.3064 0.6644
vn -0.3032 -0.3923 0.8684
vn -0.7156 -0.2692 0.6445
vn -0.7220 -0.2451 0.6471
vn -0.5811 -0.2521 0.7738
vn -0.7803 -0.2053 0.5907
vn -0.6551 -0.3086 0.6896
vn -0.6855 -0.3317 0.6482
vn -0.6767 -0.3274 0.6595
vn -0.5049 -0.2008 0.8395
vn -0.4272 -0.2129 0.8787
vn -0.7344 -0.1833 0.6535
vn -0.7484 -0.1423 0.6478
vn -0.9782 0.1836 0.0970
vn -0.5961 -0.0004 0.8029
vn -0.8679 0.2716 0.4160
vn -0.7814 0.4358 -0.4466
vn -0.9126 0.3683 -0.1775
vn -0.9545 0.1796 0.2381
vn -0.5024 -0.1512 0.8513
vn -0.2113 0.1060 0.9717
vn -0.2255 0.0457 0.9732
vn -0.5838 -0.0354 0.8111
vn -0.5358 0.1376 0.8330
vn -0.4447 0.1789 0.8776
vn -0.3158 0.1612 0.9350
vn -0.4673 0.0418 0.8831
vn -0.4664 0.1977 0.8622
vn -0.8076 -0.2042 0.5532
vn -0.9444 0.3131 0.1007
vn -0.8473 0.4967 0.1879
vn -0.7790 0.4447 -0.4419
vn -0.7793 0.3940 -0.4874
vn -0.7938 0.4228 -0.4371
vn -0.8002 0.3501 -0.4869
vn -0.8210 0.3301 -0.4659
vn -0.9759 0.1370 -0.1697
vn -0.8277 0.3153 -0.4642
vn -0.7920 0.3923 -0.4678
vn -0.7710 0.4060 -0.4906
vn -0.7279 0.4407 -0.5253
vn -0.8349 0.3430 -0.4305
vn -0.7866 0.4405 -0.4326
vn -0.7509 0.4192 -0.5103
vn -0.7518 0.4372 -0.4936
vn -0.8093 0.3609 -0.4635
vn -0.7654 0.4369 -0.4726
vn -0.8022 0.3902 -0.4519
vn -0.7767 0.3532 -0.5215
vn -0.8531 0.3082 -0.4211
vn -0.8060 0.3819 -0.4521
vn -0.7531 0.4509 -0.4791
vn -0.9708 0.2116 0.1133
vn -0.7654 0.4303 -0.4785
vn -0.7479 0.3976 -0.5315
vn -0.6826 0.5289 -0.5044
vn -0.7466 0.4463 -0.4933
vn -0.7229 0.4521 -0.5226
vn -0.7293 0.4352 -0.5279
vn -0.7168 0.4160 -0.5596
vn -0.7821 0.3760 -0.4970
vn -0.7827 0.3695 -0.5008
vn -0.8354 0.4048 -0.3719
vn -0.7447 0.4547 -0.4885
vn -0.7205 0.4856 -0.4951
vn -0.7945 0.4621 -0.3940
vn -0.7733 0.4049 -0.4879
vn -0.6714 0.5097 -0.5379
vn -0.7700 0.3464 -0.5359
vn -0.7882 0.3364 -0.5153
vn -0.7681 0.4246 -0.4793
vn -0.7275 0.3541 -0.5877
vn -0.8240 0.4006 -0.4007
vn -0.8172 0.4037 -0.4114
vn -0.8889 0.3478 -0.2982
vn -0.8575 0.3588 -0.3687
vn -0.8726 0.3605 -0.3296
vn -0.8849 0.3464 -0.3115
vn -0.8669 0.4214 -0.2662
vn -0.8436 0.3876 -0.3717
vn -0.8504 0.3861 -0.3574
vn -0.8621 0.3556 -0.3610
vn -0.8536 0.3379 -0.3965
vn -0.8765 0.3125 -0.3663
vn -0.9000 0.3700 -0.2306
vn -0.9589 0.2661 -0.0980
vn -0.8733 0.4154 -0.2544
vn -0.8701 0.4541 -0.1918
vn -0.8907 0.3959 -0.2233
vn -0.8579 0.4492 -0.2495
vn -0.8886 0.3814 -0.2546
vn -0.8689 0.3383 -0.3614
vn -0.8651 0.4019 -0.3003
vn -0.8522 0.3558 -0.3837
vn -0.7764 0.5603 -0.2884
vn -0.8182 0.4630 -0.3409
vn -0.6640 0.7139 -0.2222
vn -0.8530 0.4945 -0.1668
vn -0.7907 0.4480 -0.4173
vn -0.7116 0.5254 -0.4664
vn -0.8802 0.3637 -0.3048
vn -0.7744 0.5408 -0.3284
vn -0.7963 0.5476 -0.2567
vn -0.8438 0.4556 -0.2835
vn -0.8647 0.4080 -0.2929
vn -0.8145 0.4950 -0.3026
vn -0.8172 0.4482 -0.3623
vn -0.9014 0.2358 -0.3632
vn -0.8953 0.2412 -0.3745
vn -0.7392 0.5619 -0.3714
vn -0.7326 0.6057 -0.3104
vn -0.7800 0.5683 -0.2620
vn -0.7660 0.5353 -0.3559
vn -0.8139 0.4390 -0.3805
vn -0.8098 0.4176 -0.4122
vn -0.7894 0.3414 -0.5101
vn -0.8167 0.2844 -0.5021
vn -0.8131 0.2522 -0.5246
vn -0.8084 0.2582 -0.5290
vn -0.7837 0.2224 -0.5799
vn -0.8293 0.3335 -0.4484
vn -0.8569 0.3637 -0.3653
vn -0.9130 0.2407 -0.3294
vn -0.8436 0.3433 -0.4128
vn -0.9145 0.3088 -0.2614
vn -0.8802 0.2366 -0.4115
vn -0.8263 0.3777 -0.4178
vn -0.8015 0.3775 -0.4639
vn -0.8429 0.3675 -0.3930
vn -0.8322 0.3410 -0.4372
vn -0.8667 0.3607 -0.3446
vn -0.8436 0.3765 -0.3830
vn -0.8434 0.2669 -0.4663
vn -0.8240 0.4566 -0.3354
vn -0.8500 0.4186 -0.3196
vn -0.8331 0.3840 -0.3981
vn -0.8518 0.4070 -0.3299
vn -0.6473 0.7553 -0.1025
vn -0.6366 0.7592 -0.1350
vn -0.6500 0.6479 -0.3972
vn -0.0138 0.9819 -0.1888
vn -0.8459 0.3717 -0.3825
vn -0.8636 0.3644 -0.3483
vn -0.5986 0.7949 0.0993
vn -0.2390 0.9484 -0.2084
vn 0.0346 0.9743 0.2226
vn 0.2311 0.9067 -0.3528
vn 0.0319 0.9727 0.2300
vn -0.0735 0.9703 0.2307
vn -0.0139 0.9779 0.2088
vn 0.1240 0.9919 -0.0263
vn 0.1911 0.9489 0.2511
vn 0.0411 0.9964 0.0741
vn -0.1102 0.9288 0.3539
vn 0.3951 0.9106 0.1215
vn 0.4679 0.8748 0.1256
vn -0.1811 0.8949 0.4079
vn -0.0071 0.9815 0.1914
vn -0.0644 0.9283 0.3663
vn 0.0763 0.9352 0.3459
vn 0.1848 0.9822 0.0349
vn 0.1813 0.9806 -0.0739
vn 0.1821 0.9833 0.0083
vn 0.2729 0.9404 0.2030
vn 0.0808 0.9959 0.0410
vn 0.0354 0.9748 0.2204
vn -0.0103 0.9839 0.1784
vn -0.0426 0.9840 0.1728
vn -0.1179 0.9929 0.0129
vn -0.0423 0.9755 0.2157
vn -0.0495 0.9427 0.3298
vn -0.0621 0.9168 0.3945
vn -0.0736 0.9885 0.1320
vn -0.0003 0.9873 0.1590
vn -0.0440 0.9666 0.2525
vn 0.1453 0.9881 -0.0502
vn 0.0178 0.9790 0.2032
vn -0.0197 0.9583 0.2850
vn 0.0215 0.9682 0.2492
vn 0.2923 0.9307 -0.2200
vn 0.1304 0.9787 0.1584
vn 0.3797 0.9250 0.0139
vn 0.0384 0.9021 0.4298
vn 0.2813 0.9582 0.0521
vn 0.2950 0.9319 0.2112
vn -0.1288 0.9099 0.3944
vn -0.0563 0.9228 0.3812
vn -0.0171 0.8392 0.5436
vn -0.1669 0.9848 0.0490
vn 0.0486 0.9722 0.2291
vn -0.1097 0.9727 -0.2046
vn 0.0297 0.9995 0.0140
vn -0.6353 0.7196 -0.2802
vn -0.0391 0.9942 0.0997
vn -0.4597 0.8841 -0.0839
vn -0.5779 0.7270 -0.3708
vn 0.0874 0.9700 0.2269
vn 0.0492 0.8911 0.4512
vn -0.0642 0.8697 0.4895
vn -0.3352 0.9278 0.1635
vn -0.8152 0.4453 -0.3704
vn -0.5720 0.8200 -0.0226
vn -0.4826 0.8693 0.1070
vn -0.8364 0.2593 -0.4830
vn -0.0721 0.8944 0.4414
vn 0.0240 0.9736 0.2270
vn -0.0766 0.9971 -0.0003
vn -0.0992 0.9701 -0.2214
vn -0.0401 0.9927 -0.1140
vn 0.1381 0.9842 0.1105
vn 0.0878 0.9961 0.0058
vn -0.0373 0.8741 0.4843
vn -0.8473 0.2717 -0.4563
vn -0.8291 0.3156 -0.4615
vn -0.8323 0.3173 -0.4544
vn -0.8029 0.3871 -0.4533
vn -0.7790 0.2813 -0.5604
vn -0.8339 0.1931 -0.5170
vn -0.8379 0.3333 -0.4322
vn -0.8107 0.3248 -0.4870
vn -0.8270 0.2264 -0.5145
vn -0.8333 0.3781 -0.4033
vn -0.8581 0.4525 -0.2428
vn -0.8337 0.3565 -0.4217
vn -0.8237 0.4832 -0.2967
vn -0.8423 0.4019 -0.3592
vn -0.8105 0.4575 -0.3659
vn -0.8182 0.4891 -0.3023
vn -0.8202 0.5066 -0.2658
vn -0.8403 0.4527 -0.2982
vn -0.8095 0.5344 -0.2430
vn -0.7896 0.5601 -0.2508
vn -0.8639 0.4583 -0.2091
vn -0.7998 0.5513 -0.2376
vn -0.8661 0.4833 -0.1276
vn -0.8260 0.5183 -0.2214
vn -0.9355 0.3498 0.0493
vn -0.8351 0.4858 -0.2583
vn -0.8165 0.5032 -0.2831
vn -0.8260 0.5139 -0.2316
vn -0.8275 0.5117 -0.2311
vn -0.7972 0.4957 -0.3446
vn -0.7837 0.4476 -0.4306
vn -0.7869 0.6121 -0.0786
vn -0.8515 0.5233 -0.0329
vn -0.8682 0.4450 -0.2195
vn -0.9184 0.3753 -0.1254
vn -0.8971 0.3798 -0.2256
vn -0.9124 0.4070 -0.0434
vn -0.8473 0.4437 -0.2919
vn -0.8818 0.4707 -0.0310
vn -0.8557 0.4525 -0.2508
vn -0.8890 0.4370 -0.1368
vn -0.9068 0.3379 -0.2520
vn -0.9669 0.1857 -0.1747
vn -0.8954 0.4438 0.0358
vn -0.8208 0.4360 -0.3690
vn -0.7771 0.4125 -0.4753
vn -0.8344 0.3532 -0.4231
vn -0.7937 0.3738 -0.4799
vn -0.7976 0.3939 -0.4568
vn -0.8068 0.4012 -0.4337
vn -0.7871 0.4514 -0.4205
vn -0.5643 0.5553 -0.6109
vn -0.5259 0.5398 -0.6573
vn -0.7726 0.4545 -0.4433
vn -0.7694 0.4741 -0.4280
vn -0.6131 0.4963 -0.6146
vn -0.7908 0.3631 -0.4928
vn -0.5272 0.5257 -0.6676
vn -0.2992 0.6097 -0.7340
vn -0.4413 0.4938 -0.7493
vn -0.5828 0.4606 -0.6695
vn -0.4057 0.6280 -0.6641
vn -0.3172 0.4720 -0.8226
vn -0.2881 0.5692 -0.7701
vn -0.5045 0.4589 -0.7314
vn -0.2071 0.5672 -0.7972
vn -0.2526 0.5279 -0.8109
vn -0.2284 0.5602 -0.7962
vn -0.5619 0.5423 -0.6247
vn -0.5280 0.6093 -0.5916
vn -0.4033 0.5838 -0.7047
vn -0.5087 0.5436 -0.6677
vn -0.1824 0.5389 -0.8224
vn -0.1772 0.5026 -0.8462
vn -0.1448 0.3963 -0.9066
vn -0.4233 0.5515 -0.7188
vn -0.3349 0.5758 -0.7459
vn -0.3442 0.6497 -0.6778
vn -0.2286 0.5486 -0.8042
vn -0.3672 0.5891 -0.7198
vn -0.3239 0.5855 -0.7432
vn -0.4192 0.5745 -0.7030
vn -0.4834 0.5434 -0.6863
vn -0.4459 0.5165 -0.7310
vn -0.2374 0.4905 -0.8385
vn -0.3889 0.3640 -0.8463
vn -0.4730 0.4941 -0.7295
vn -0.2328 0.4292 -0.8727
vn -0.1156 0.5451 -0.8303
vn -0.2383 0.6892 -0.6843
vn -0.1243 0.5901 -0.7977
vn -0.0803 0.4761 -0.8757
vn -0.1697 0.5383 -0.8255
vn -0.0120 0.4122 -0.9110
vn -0.0960 0.5167 -0.8508
vn -0.0452 0.4314 -0.9010
vn -0.1466 0.5212 -0.8407
vn -0.1832 0.5610 -0.8073
vn -0.1349 0.5278 -0.8386
vn -0.1580 0.5392 -0.8272
vn -0.1421 0.5771 -0.8042
vn -0.1900 0.5625 -0.8047
vn -0.1443 0.5844 -0.7985
vn -0.1905 0.5488 -0.8140
vn -0.1642 0.5471 -0.8208
vn -0.0823 0.5784 -0.8116
vn -0.0324 0.5723 -0.8194
vn -0.0049 0.5495 -0.8355
vn 0.0135 0.5314 -0.8470
vn 0.0697 0.4844 -0.8721
vn -0.0139 0.5564 -0.8308
vn 0.2015 0.4367 -0.8768
vn -0.0391 0.5149 -0.8564
vn -0.0988 0.5274 -0.8438
vn -0.1301 0.5484 -0.8260
vn -0.1187 0.5299 -0.8397
vn -0.0986 0.4962 -0.8626
vn -0.1824 0.5844 -0.7907
vn -0.1824 0.4041 -0.8963
vn -0.1774 0.4974 -0.8492
vn -0.0431 0.7192 -0.6935
vn -0.1043 0.4686 -0.8772
vn -0.0581 0.4552 -0.8885
vn -0.0447 0.5741 -0.8175
vn -0.0157 0.6018 -0.7985
vn -0.1070 0.6083 -0.7864
vn 0.1258 0.4490 -0.8846
vn 0.0398 0.5649 -0.8242
vn 0.1375 0.3995 -0.9064
vn 0.0925 0.2928 -0.9517
vn 0.0290 0.4343 -0.9003
vn -0.0067 0.4836 -0.8753
vn -0.1029 0.4806 -0.8709
vn -0.2288 0.5628 -0.7943
vn -0.2004 0.4967 -0.8445
vn -0.1004 0.4312 -0.8967
vn -0.1271 0.5204 -0.8444
vn -0.2571 0.5048 -0.8240
vn -0.1003 0.2223 -0.9698
vn -0.1482 0.4378 -0.8868
vn -0.2516 -0.0785 -0.9646
vn -0.2512 0.6011 -0.7587
vn -0.1247 0.4844 -0.8659
vn -0.2503 0.2788 -0.9272
vn -0.1182 0.5766 -0.8084
vn 0.0935 0.4604 -0.8828
vn -0.0201 0.5189 -0.8546
vn 0.2672 0.4795 -0.8359
vn 0.1782 0.4439 -0.8782
vn 0.1578 0.3807 -0.9112
vn 0.2570 0.5678 -0.7820
vn -0.1570 0.4562 -0.8759
vn 0.5545 0.1835 -0.8117
vn 0.5839 0.2572 -0.7700
vn 0.0326 0.2881 -0.9570
vn -0.0742 0.0218 -0.9970
vn 0.5446 0.0949 -0.8333
vn 0.2351 -0.3186 -0.9183
vn 0.0456 0.0007 -0.9990
vn -0.2653 -0.1544 -0.9517
vn -0.0159 0.2529 -0.9674
vn -0.0510 0.1140 -0.9922
vn 0.1461 0.2529 -0.9564
vn -0.0232 0.3035 -0.9525
vn 0.0960 0.1068 -0.9896
vn 0.2599 0.2377 -0.9359
vn -0.0205 0.2509 -0.9678
vn -0.0551 -0.0508 -0.9972
vn 0.0869 0.1966 -0.9766
vn 0.2253 0.2438 -0.9433
vn 0.1223 0.0109 -0.9924
vn 0.0412 -0.1259 -0.9912
vn -0.0122 0.1330 -0.9910
vn 0.0115 -0.0197 -0.9997
vn 0.2389 -0.0194 -0.9709
vn 0.2954 -0.0808 -0.9520
vn 0.1341 0.1368 -0.9815
vn 0.3766 0.0534 -0.9248
vn 0.3700 0.1678 -0.9137
vn 0.5760 0.2798 -0.7681
vn 0.3755 -0.3703 -0.8496
vn 0.3895 -0.0494 -0.9197
vn 0.4078 -0.0754 -0.9099
vn 0.5064 0.2396 -0.8284
vn 0.3981 0.0873 -0.9132
vn 0.5057 0.2820 -0.8153
vn 0.3630 0.2135 -0.9070
vn 0.2567 0.1342 -0.9571
vn 0.2898 0.0187 -0.9569
vn 0.2368 0.0763 -0.9686
vn 0.3476 0.1197 -0.9300
vn 0.5370 0.1176 -0.8353
vn 0.4029 0.0754 -0.9121
vn 0.5540 0.2435 -0.7961
vn 0.3817 0.2707 -0.8838
vn 0.4828 -0.0434 -0.8746
vn 0.5504 -0.3166 -0.7725
vn 0.5005 -0.7969 -0.3383
vn 0.6132 -0.4818 -0.6259
vn 0.3207 -0.8285 -0.4592
vn 0.2486 -0.9417 -0.2268
vn -0.1797 -0.9813 -0.0684
vn -0.2209 -0.9734 -0.0602
vn 0.1850 -0.7003 -0.6894
vn -0.0872 -0.6187 -0.7808
vn 0.2102 0.1156 -0.9708
vn 0.1655 -0.1648 -0.9723
vn -0.1129 0.0826 -0.9902
vn 0.2221 0.2647 -0.9384
vn -0.0071 0.1616 -0.9868
vn -0.2436 0.0422 -0.9690
vn -0.1816 0.0208 -0.9832
vn -0.5761 -0.0764 -0.8138
vn -0.4248 0.0385 -0.9045
vn -0.0179 -0.8268 -0.5622
vn -0.2162 -0.7936 -0.5687
vn -0.1816 -0.9833 -0.0138
vn -0.2768 -0.9609 -0.0033
vn -0.1941 -0.9810 0.0067
vn -0.1283 -0.9886 -0.0791
vn -0.1884 -0.9820 0.0092
vn -0.3468 -0.9353 -0.0696
vn -0.2804 -0.9597 0.0175
vn -0.3041 -0.9525 -0.0154
vn 0.2252 -0.9592 -0.1707
vn -0.1468 -0.9891 0.0143
vn 0.2911 -0.9373 -0.1916
vn -0.0270 -0.9978 0.0606
vn -0.1149 -0.9902 0.0796
vn -0.2181 -0.9717 -0.0904
vn -0.0373 -0.9946 0.0965
vn -0.0897 -0.9874 0.1302
vn -0.0939 -0.9915 0.0897
vn -0.0507 -0.9687 0.2428
vn -0.0798 -0.9869 0.1403
vn -0.2379 -0.9540 0.1823
vn -0.1344 -0.9871 0.0866
vn -0.1181 -0.9575 0.2631
vn -0.0826 -0.9671 0.2407
vn -0.2301 -0.9691 0.0888
vn -0.0321 -0.9691 0.2447
vn -0.0277 -0.9706 0.2392
vn 0.1198 -0.9599 0.2533
vn -0.1392 -0.9572 0.2538
vn -0.2313 -0.9719 0.0440
vn -0.3570 -0.9324 -0.0557
vn -0.3663 -0.9270 -0.0807
vn -0.3168 -0.9386 0.1368
vn -0.2400 -0.9612 0.1361
vn -0.2309 -0.9570 0.1755
vn -0.1161 -0.9692 0.2173
vn -0.1771 -0.9834 0.0392
vn -0.1511 -0.9788 0.1380
vn -0.1926 -0.9740 0.1195
vn -0.2016 -0.9730 0.1127
vn -0.1081 -0.9854 0.1313
vn -0.1344 -0.9776 0.1618
vn -0.1189 -0.9793 0.1641
vn -0.1927 -0.9534 0.2320
vn -0.3452 -0.9195 0.1879
vn -0.1668 -0.9765 0.1363
vn -0.2582 -0.9508 0.1710
vn -0.1209 -0.9822 0.1435
vn -0.0457 -0.9780 0.2034
vn -0.1838 -0.9828 0.0195
vn -0.0541 -0.9937 0.0980
vn -0.1014 -0.9850 0.1392
vn -0.1277 -0.9866 0.1018
vn -0.0447 -0.8956 0.4427
vn -0.2646 -0.9489 0.1723
vn 0.0128 -0.9752 0.2210
vn -0.0397 -0.9860 0.1621
vn 0.0152 -0.9882 0.1527
vn -0.2097 -0.8823 0.4214
vn -0.1814 -0.9297 0.3207
vn -0.0928 -0.9619 0.2574
vn -0.2400 -0.9415 0.2364
vn -0.0847 -0.9721 0.2188
vn 0.0114 -0.9679 0.2509
vn 0.0479 -0.9758 0.2135
vn 0.0122 -0.9952 0.0975
vn -0.2259 -0.9670 0.1180
vn 0.0511 -0.9969 0.0592
vn 0.1123 -0.9914 0.0667
vn 0.4294 -0.8864 -0.1729
vn 0.6014 -0.7263 -0.3329
vn 0.5912 -0.7391 -0.3227
vn 0.4541 -0.7870 -0.4176
vn 0.6016 -0.7340 -0.3152
vn 0.5342 -0.7812 -0.3230
vn 0.5496 -0.7532 -0.3615
vn 0.6662 -0.6458 -0.3728
vn 0.5805 -0.6925 -0.4283
vn 0.5413 -0.2717 -0.7957
vn 0.4476 -0.2942 -0.8444
vn 0.3943 -0.8567 -0.3327
vn 0.5781 -0.3408 -0.7414
vn 0.3859 0.3191 -0.8656
vn 0.6481 -0.3463 -0.6783
vn 0.3825 -0.8969 -0.2217
vn -0.1042 -0.9941 0.0298
vn -0.1541 -0.9811 0.1174
vn -0.1288 -0.9832 0.1294
vn 0.0281 -0.9964 0.0801
vn -0.0082 -0.9848 0.1737
vn 0.0551 -0.9771 0.2055
vn -0.0433 -0.9986 0.0290
vn -0.0064 -0.9988 -0.0492
vn -0.0525 -0.9922 0.1128
vn -0.0188 -0.9991 0.0368
vn -0.0596 -0.9982 0.0006
vn 0.0879 -0.9917 -0.0934
vn 0.0416 -0.9976 -0.0558
vn 0.0584 -0.9982 -0.0128
vn -0.0237 -0.9997 0.0114
vn -0.1046 -0.9945 -0.0016
vn -0.3134 -0.9493 0.0268
vn -0.1221 -0.9861 0.1123
vn -0.1322 -0.9896 0.0571
vn -0.1804 -0.9836 -0.0046
vn -0.2291 -0.9576 0.1746
vn -0.2599 -0.9545 0.1463
vn -0.2856 -0.9556 0.0725
vn -0.2201 -0.9726 0.0746
vn -0.2936 -0.9559 0.0112
vn -0.3454 -0.9339 -0.0925
vn -0.2907 -0.9525 -0.0906
vn -0.2416 -0.9685 -0.0609
vn -0.1523 -0.9847 -0.0847
vn -0.3262 -0.9417 -0.0823
vn -0.2222 -0.9749 -0.0126
vn -0.2270 -0.9739 -0.0022
vn -0.3177 -0.9447 -0.0814
vn -0.3570 -0.9327 -0.0506
vn -0.3023 -0.9495 -0.0843
vn -0.2357 -0.9697 0.0641
vn -0.1532 -0.9882 0.0055
vn -0.0850 -0.9959 0.0313
vn -0.0331 -0.9993 -0.0174
vn -0.0488 -0.9984 0.0294
vn 0.0145 -0.9996 0.0235
vn 0.0077 -0.9979 0.0636
vn -0.0737 -0.9972 -0.0113
vn -0.1529 -0.9877 0.0328
vn 0.0407 -0.9942 0.0998
vn -0.0056 -1.0000 -0.0061
vn -0.0865 -0.9899 -0.1126
vn -0.1408 -0.9899 0.0191
vn -0.2058 -0.9783 0.0256
vn -0.1223 -0.9925 -0.0058
vn -0.2868 -0.9572 0.0384
vn -0.1274 -0.9824 -0.1367
vn -0.0386 -0.9948 -0.0940
vn -0.1229 -0.9785 -0.1656
vn -0.1120 -0.9861 -0.1229
vn -0.1257 -0.9901 -0.0632
vn -0.2092 -0.9625 -0.1725
vn -0.3002 -0.9530 0.0400
vn -0.0420 -0.9971 -0.0633
vn -0.1038 -0.9839 -0.1457
vn 0.0304 -0.9875 -0.1547
vn -0.0712 -0.9941 -0.0818
vn 0.0303 -0.9992 -0.0266
vn -0.1446 -0.9680 -0.2052
vn 0.0240 -0.9988 -0.0418
vn -0.0596 -0.9637 -0.2604
vn -0.1859 -0.9787 -0.0874
vn -0.2021 -0.9791 0.0241
vn -0.2551 -0.9669 -0.0033
vn -0.2645 -0.9416 -0.2085
vn -0.2564 -0.9504 -0.1758
vn -0.2496 -0.9481 -0.1968
vn -0.2123 -0.9633 -0.1640
vn -0.3184 -0.9479 -0.0060
vn -0.3044 -0.9519 -0.0347
vn -0.0158 -0.9989 0.0451
vn 0.0814 -0.9864 0.1431
vn -0.3753 -0.9255 0.0502
vn -0.3012 -0.9517 0.0593
vn -0.0540 -0.9939 0.0964
vn -0.2533 -0.9399 -0.2291
vn -0.1686 -0.9852 0.0305
vn -0.1005 -0.9931 -0.0596
vn -0.0839 -0.9924 -0.0897
vn -0.2754 -0.9612 -0.0176
vn -0.2526 -0.9658 -0.0585
vn 0.0131 -0.9937 0.1117
vn -0.1764 -0.9817 0.0712
vn -0.1158 -0.9921 -0.0474
vn -0.1383 -0.9876 -0.0739
vn -0.2344 -0.9678 -0.0919
vn -0.0770 -0.9421 -0.3263
vn -0.0011 -0.9485 -0.3168
vn -0.0432 -0.9267 -0.3734
vn -0.7054 -0.7005 -0.1079
vn -0.0580 -0.9697 -0.2374
vn -0.0696 -0.9877 -0.1403
vn -0.1170 -0.9765 -0.1809
vn -0.0695 -0.9744 -0.2140
vn -0.0326 -0.9788 -0.2024
vn 0.1988 -0.9798 0.0221
vn 0.3678 -0.9227 -0.1157
vn -0.1193 -0.9838 -0.1335
vn -0.0042 -0.9703 -0.2417
vn -0.1138 -0.8677 -0.4838
vn -0.1157 -0.9870 -0.1112
vn -0.2909 -0.8582 -0.4230
vn -0.3824 -0.8294 -0.4072
vn -0.1601 -0.8973 -0.4113
vn -0.1979 -0.8699 -0.4518
vn -0.2144 -0.9672 -0.1365
vn -0.1649 -0.9761 -0.1418
vn -0.1332 -0.9872 -0.0877
vn -0.0388 -0.9628 -0.2674
vn 0.1629 -0.8951 -0.4151
vn 0.2036 -0.8921 -0.4033
vn 0.3539 -0.8648 -0.3563
vn 0.1463 -0.9386 0.3126
vn 0.4656 -0.7950 -0.3889
vn -0.0013 -0.9585 -0.2852
vn -0.1448 -0.9436 -0.2976
vn -0.0058 -0.9503 0.3114
vn -0.4112 -0.8226 -0.3927
vn -0.1003 -0.9524 -0.2879
vn 0.1989 -0.9677 -0.1547
vn -0.0967 -0.9611 -0.2586
vn 0.2154 -0.9631 0.1613
vn 0.1083 -0.9913 -0.0742
vn 0.5242 -0.8516 -0.0088
vn -0.1282 -0.9737 0.1882
vn -0.2153 -0.9080 -0.3593
vn 0.2893 -0.9427 -0.1660
vn 0.2134 -0.9262 -0.3107
vn 0.4092 -0.8342 -0.3696
vn 0.4317 -0.7966 -0.4231
vn 0.3470 -0.8881 -0.3014
vn 0.1855 -0.9577 -0.2201
vn 0.3488 -0.9065 -0.2377
vn -0.0180 -0.9765 -0.2148
vn 0.4332 -0.8822 -0.1845
vn 0.5807 -0.8075 -0.1032
vn 0.4001 -0.8954 -0.1952
vn 0.6499 -0.7230 -0.2344
vn 0.2550 -0.9209 -0.2947
vn -0.1703 -0.9675 -0.1868
vn 0.1016 -0.9879 -0.1169
vn 0.6104 -0.7523 -0.2478
vn 0.6550 -0.7163 -0.2406
vn 0.6464 -0.7345 -0.2064
vn 0.3156 -0.9091 -0.2719
vn 0.5684 -0.7431 -0.3531
vn 0.3122 -0.9307 -0.1905
vn 0.2867 -0.9388 -0.1910
vn -0.1508 -0.9880 -0.0323
vn -0.0914 -0.9958 0.0085
vn -0.1407 -0.9900 0.0084
vn 0.0085 -0.9965 0.0826
vn -0.0439 -0.9858 0.1620
vn -0.0864 -0.9955 0.0387
vn -0.0828 -0.9960 0.0330
vn -0.1470 -0.9866 -0.0712
vn -0.5614 -0.8099 0.1699
vn -0.2573 -0.9654 0.0420
vn -0.3320 -0.9334 -0.1364
vn -0.6257 -0.7270 0.2827
vn -0.3791 -0.9204 0.0958
vn -0.1368 -0.9882 0.0685
vn -0.1419 -0.9889 -0.0444
vn -0.0485 -0.9975 0.0519
vn -0.2591 -0.9644 0.0539
vn -0.3525 -0.9354 -0.0257
vn -0.3905 -0.9132 -0.1162
vn -0.2459 -0.9690 -0.0225
vn -0.4669 -0.8790 0.0967
vn -0.2210 -0.9747 0.0320
vn -0.1831 -0.9788 0.0922
vn -0.1560 -0.9869 0.0423
vn -0.2798 -0.9601 0.0019
vn -0.0262 -0.9996 0.0131
vn -0.1130 -0.9932 0.0292
vn -0.1848 -0.9823 -0.0310
vn -0.1733 -0.9835 0.0515
vn -0.2296 -0.9732 -0.0155
vn -0.1466 -0.9892 -0.0012
vn -0.0672 -0.9970 -0.0377
vn -0.0331 -0.9989 -0.0323
vn -0.0906 -0.9925 -0.0826
vn -0.0316 -0.9975 0.0636
vn -0.2392 -0.9676 0.0807
vn -0.2473 -0.9652 0.0852
vn -0.1992 -0.9790 0.0425
vn -0.1179 -0.9919 0.0477
vn -0.2050 -0.9788 -0.0042
vn -0.1112 -0.9930 0.0387
vn -0.1496 -0.9867 0.0629
vn -0.2187 -0.9686 0.1178
vn -0.1123 -0.9907 0.0774
vn -0.1338 -0.9868 0.0907
vn -0.1888 -0.9818 0.0202
vn -0.1052 -0.9940 0.0292
vn -0.0685 -0.9976 -0.0042
vn -0.1755 -0.9840 -0.0316
vn -0.3227 -0.9349 -0.1481
vn -0.0183 -0.9996 0.0211
vn -0.0694 -0.9951 -0.0705
vn -0.0610 -0.9944 -0.0858
vn -0.1271 -0.9919 -0.0000
vn -0.1096 -0.9897 -0.0925
vn -0.2239 -0.9686 -0.1084
vn -0.1078 -0.9942 0.0005
vn -0.2750 -0.9595 -0.0608
vn -0.4873 -0.8729 -0.0240
vn 0.1513 -0.9871 0.0529
vn -0.0069 -0.9987 0.0511
vn -0.0768 -0.9960 0.0454
vn -0.1452 -0.9874 -0.0623
vn -0.1235 -0.9922 -0.0161
vn -0.1099 -0.9935 0.0283
vn -0.2670 -0.9588 0.0970
vn -0.0754 -0.9939 0.0803
vn -0.2085 -0.9756 0.0693
vn -0.2088 -0.9678 0.1406
vn -0.1249 -0.9922 0.0024
vn -0.2277 -0.9667 0.1169
vn -0.2647 -0.9176 0.2967
vn -0.3551 -0.9079 0.2229
vn -0.4052 -0.9136 0.0344
vn -0.2539 -0.9478 0.1930
vn -0.1618 -0.9779 0.1326
vn -0.2071 -0.9486 0.2394
vn -0.2993 -0.9246 0.2357
vn -0.1697 -0.8840 0.4356
vn -0.1598 -0.9583 0.2369
vn -0.2445 -0.9616 0.1248
vn -0.1577 -0.9873 0.0196
vn -0.1453 -0.9873 -0.0648
vn -0.2003 -0.9726 0.1184
vn -0.2276 -0.9705 0.0799
vn -0.0536 -0.9957 0.0758
vn -0.1991 -0.9780 0.0631
vn -0.1298 -0.9894 0.0654
vn -0.3571 -0.8149 0.4564
vn -0.1317 -0.9912 -0.0148
vn -0.2500 -0.9682 -0.0047
vn -0.1212 -0.9922 -0.0294
vn -0.1004 -0.9949 -0.0021
vn -0.2338 -0.9711 -0.0476
vn -0.1824 -0.9832 0.0063
vn -0.1274 -0.9888 0.0772
vn -0.1008 -0.9889 0.1094
vn -0.3145 -0.9428 -0.1110
vn -0.1688 -0.9841 0.0557
vn -0.0979 -0.9930 0.0658
vn -0.2253 -0.9627 0.1502
vn -0.1962 -0.9786 0.0616
vn -0.1787 -0.9816 0.0670
vn -0.2524 -0.9626 0.0987
vn -0.2229 -0.9749 -0.0021
vn -0.1209 -0.9858 0.1161
vn -0.1505 -0.7403 -0.6552
vn -0.5047 -0.8529 -0.1337
vn -0.7086 -0.3647 -0.6041
vn -0.3095 -0.9380 -0.1564
vn -0.8526 -0.3089 -0.4215
vn -0.8044 -0.5138 -0.2983
vn -0.5549 -0.5528 -0.6217
vn -0.3795 -0.7309 -0.5672
vn -0.6249 -0.0960 -0.7748
vn -0.0128 -0.7435 -0.6686
vn -0.0845 -0.7342 -0.6737
vn -0.1846 -0.9822 0.0339
vn -0.2534 -0.9374 -0.2387
vn 0.0406 -0.9422 -0.3326
vn 0.1934 -0.9700 -0.1471
vn -0.3351 -0.9324 -0.1354
vn 0.1948 -0.9624 0.1893
vn -0.1026 -0.9561 -0.2745
vn 0.0346 -0.9914 0.1264
vn -0.0340 -0.9863 0.1612
vn -0.3671 -0.9302 -0.0029
vn 0.0528 -0.9951 0.0831
vn 0.1378 -0.9737 0.1815
vn 0.1697 -0.9686 0.1818
vn 0.1593 -0.9695 0.1865
vn 0.3917 -0.6385 -0.6625
vn 0.3776 -0.6716 -0.6374
vn -0.1293 -0.9897 0.0611
vn -0.1166 -0.9655 -0.2328
vn 0.3853 -0.6845 -0.6189
vn -0.0934 -0.4136 -0.9057
vn 0.3115 0.0596 -0.9484
vn 0.1585 -0.0327 -0.9868
vn 0.3216 -0.0813 -0.9434
vn 0.0478 -0.0139 -0.9988
vn -0.0390 -0.0482 -0.9981
vn 0.1844 -0.0188 -0.9827
vn 0.2012 0.0007 -0.9795
vn 0.1833 0.2449 -0.9521
vn 0.2989 -0.0507 -0.9529
vn 0.0690 0.3598 -0.9305
vn 0.2222 0.1638 -0.9611
vn 0.0871 0.3651 -0.9269
vn -0.1667 0.5340 -0.8289
vn -0.1655 0.4904 -0.8556
vn -0.0110 0.4565 -0.8896
vn -0.1705 0.4546 -0.8742
vn -0.0161 0.3703 -0.9288
vn -0.0736 0.2666 -0.9610
vn -0.0928 0.4414 -0.8925
vn -0.1839 0.4175 -0.8899
vn -0.0902 0.4217 -0.9022
vn -0.0467 0.4830 -0.8744
vn -0.1820 0.4485 -0.8751
vn -0.1560 0.5625 -0.8120
vn -0.0798 0.5557 -0.8276
vn -0.1385 0.5796 -0.8031
vn 0.0822 0.3172 -0.9448
vn 0.3202 0.3231 -0.8906
vn -0.3208 0.0556 -0.9455
vn -0.0204 0.3512 -0.9361
vn -0.4525 0.3506 -0.8200
vn -0.4338 0.3797 -0.8171
vn -0.5718 -0.2142 -0.7919
vn -0.5405 0.3928 -0.7440
vn -0.8295 0.1929 -0.5242
vn -0.8209 0.2774 -0.4992
vn -0.8502 0.2820 -0.4445
vn -0.7473 0.0639 -0.6614
vn -0.8537 0.1454 -0.5001
vn -0.9512 0.0550 -0.3035
vn -0.8828 0.1091 -0.4569
vn -0.8812 0.0646 -0.4683
vn -0.7006 0.0272 -0.7130
vn -0.7671 0.0096 -0.6414
vn -0.5845 -0.7907 -0.1820
vn -0.8070 0.0047 -0.5905
vn -0.6230 -0.6959 -0.3573
vn -0.2941 -0.9527 -0.0765
vn -0.7618 -0.3899 -0.5173
vn -0.6107 -0.6579 -0.4407
vn -0.4293 -0.0919 -0.8985
vn -0.6587 0.1979 -0.7259
vn 0.0056 0.0579 -0.9983
vn -0.0356 0.0783 -0.9963
vn 0.1169 0.1682 -0.9788
vn -0.2455 0.2457 -0.9378
vn 0.2310 0.0480 -0.9718
vn 0.2256 0.1547 -0.9619
vn 0.2873 -0.6231 -0.7275
vn -0.3290 -0.9345 -0.1356
vn -0.3097 -0.5925 -0.7436
vn 0.2155 -0.0698 -0.9740
vn -0.8832 -0.0925 -0.4599
vn -0.7791 0.3627 -0.5112
vn -0.5297 -0.8425 -0.0982
vn 0.0026 -0.9620 0.2729
vn -0.4784 -0.8600 -0.1774
vn -0.2789 -0.9269 -0.2511
vn -0.0884 -0.9960 0.0127
vn -0.8180 -0.1425 -0.5572
vn -0.1960 -0.9692 -0.1492
vn -0.2276 -0.9681 -0.1049
vn -0.8744 0.1763 -0.4520
vn -0.8302 0.3585 -0.4269
vn -0.7978 0.3483 -0.4921
vn -0.7551 0.3404 -0.5603
vn -0.8438 0.2782 -0.4590
vn -0.7546 0.3926 -0.5258
vn -0.9108 0.2688 -0.3133
vn -0.9355 0.1644 -0.3127
vn -0.7802 0.3561 -0.5143
vn -0.7074 0.2914 -0.6440
vn -0.8136 0.3630 -0.4542
vn -0.9049 0.1234 -0.4073
vn -0.7100 0.3311 -0.6215
vn -0.8773 -0.2627 -0.4016
vn -0.9265 -0.3058 -0.2193
vn -0.3049 -0.9501 0.0659
vn -0.7898 -0.1525 -0.5941
vn -0.4483 -0.8892 -0.0918
vn -0.1891 -0.9808 -0.0468
vn -0.4649 -0.8848 -0.0299
vn -0.4682 -0.8787 -0.0933
vn -0.3045 -0.9525 0.0107
vn -0.1881 -0.9325 0.3084
vn -0.1481 -0.9488 0.2790
vn -0.1921 -0.9766 0.0970
vn -0.0131 -0.9988 0.0474
vn -0.2508 -0.9601 -0.1239
vn -0.0871 -0.9912 0.0995
vn -0.2124 -0.9768 0.0270
vn -0.4020 -0.7736 0.4898
vn -0.0608 -0.9963 0.0604
vn -0.6233 -0.6785 0.3887
vn -0.2495 -0.8485 0.4666
vn -0.2551 -0.9644 -0.0695
vn -0.1524 -0.9876 0.0375
vn -0.6348 -0.6376 0.4364
vn -0.6076 -0.6289 0.4851
vn -0.0260 -0.9893 0.1435
vn -0.2766 -0.9603 -0.0366
vn -0.4646 -0.8416 0.2755
vn 0.0426 -0.9748 0.2190
vn -0.7099 -0.1816 0.6805
vn 0.0142 -0.9998 -0.0153
vn 0.0496 -0.9913 0.1222
vn -0.0510 -0.9827 0.1783
vn -0.0889 -0.9954 0.0369
vn -0.2865 -0.9579 0.0177
vn -0.4857 -0.8741 -0.0002
vn -0.0059 -0.9999 0.0162
vn -0.1061 -0.9894 0.0993
vn -0.2326 -0.9702 0.0676
vn -0.3265 -0.9399 0.0995
vn -0.1256 -0.9783 0.1649
vn -0.1401 -0.9869 0.0799
vn 0.0912 -0.9933 0.0707
vn -0.0059 -0.9964 0.0845
vn -0.1796 -0.9835 0.0227
vn -0.1601 -0.9867 0.0292
vn -0.3841 -0.9226 -0.0366
vn -0.3551 -0.9327 0.0630
vn 0.0152 -0.9991 0.0385
vn 0.1985 -0.9799 -0.0195
vn 0.1226 -0.9908 -0.0578
vn 0.1534 -0.9857 0.0699
vn -0.1560 -0.9858 0.0626
vn -0.1496 -0.9878 0.0422
vn -0.1609 -0.9864 0.0323
vn -0.0467 -0.9874 0.1512
vn -0.2500 -0.9656 0.0722
vn -0.0769 -0.9949 0.0655
vn 0.2404 -0.8675 -0.4355
vn -0.0880 -0.9937 0.0688
vn -0.1744 -0.9816 0.0779
vn 0.0129 -0.9956 0.0924
vn -0.0784 -0.9923 -0.0958
vn 0.3368 -0.6822 -0.6490
vn -0.1929 -0.8933 -0.4059
vn -0.2376 -0.9691 -0.0661
vn -0.1307 -0.9691 -0.2091
vn -0.0081 -0.9989 -0.0469
vn 0.0364 -0.9918 -0.1227
vn -0.8863 -0.2882 -0.3624
vn -0.2598 -0.9454 -0.1966
vn -0.7637 -0.5972 -0.2449
vn -0.8833 0.3964 -0.2502
vn -0.7509 -0.6208 -0.2253
vn -0.9072 -0.2236 -0.3564
vn -0.2972 -0.9518 -0.0754
vn -0.8878 0.3257 -0.3252
vn -0.8382 0.4855 -0.2485
vn -0.8003 0.4361 -0.4114
vn -0.8035 0.4820 -0.3494
vn -0.7898 0.4170 -0.4497
vn -0.9106 0.0587 -0.4090
vn -0.7412 0.4788 -0.4706
vn -0.8487 0.3537 -0.3931
vn -0.7817 0.4808 -0.3972
vn -0.8654 0.3901 -0.3145
vn -0.3286 -0.9428 0.0554
vn -0.7504 -0.4953 -0.4377
vn -0.9376 -0.3449 0.0436
vn -0.0210 -0.9611 0.2753
vn -0.4577 -0.8870 -0.0615
vn -0.0280 -0.9990 0.0343
vn -0.5166 -0.3053 -0.8000
vn -0.2304 -0.4142 -0.8805
vn -0.6591 0.4863 -0.5737
vn -0.6668 0.3714 -0.6461
vn -0.8086 0.3232 -0.4917
vn -0.6878 0.2162 -0.6930
vn -0.8553 0.2919 -0.4282
vn -0.7367 0.1913 -0.6486
vn -0.8780 0.0465 -0.4763
vn -0.9144 0.1894 -0.3577
vn -0.8949 0.1261 -0.4281
vn -0.8249 0.3865 -0.4124
vn -0.8507 -0.0538 -0.5230
vn -0.8882 -0.3425 -0.3064
vn -0.6893 0.2721 -0.6714
vn -0.8382 0.4339 -0.3305
vn -0.7490 0.3878 -0.5372
vn -0.7121 0.3300 -0.6197
vn -0.6756 0.3614 -0.6427
vn -0.7932 0.4574 -0.4022
vn -0.8039 0.3613 -0.4723
vn -0.7855 0.2120 -0.5813
vn -0.9319 0.2227 -0.2863
vn -0.7326 0.3657 -0.5741
vn -0.8667 0.1470 -0.4766
vn -0.8668 0.3570 -0.3482
vn -0.9574 0.2200 -0.1868
vn -0.6914 0.5050 -0.5166
vn -0.7635 0.5555 -0.3295
vn -0.7358 0.5683 -0.3682
vn -0.7498 0.4623 -0.4734
vn -0.8303 0.4202 -0.3661
vn -0.8502 0.2212 -0.4778
vn -0.7742 0.5087 -0.3767
vn -0.8550 0.3093 -0.4163
vn -0.6936 0.4939 -0.5244
vn -0.6242 0.7235 -0.2949
vn -0.6622 0.6415 -0.3872
vn -0.5936 0.7288 -0.3415
vn -0.5064 0.6455 -0.5718
vn -0.5647 0.5572 -0.6088
vn -0.5646 0.6371 -0.5246
vn -0.3074 0.4071 -0.8601
vn -0.0507 0.3244 -0.9446
vn -0.3460 0.6081 -0.7145
vn -0.3444 0.3649 -0.8650
vn -0.2189 0.6878 -0.6921
vn -0.2982 0.8976 -0.3247
vn -0.5764 0.6345 -0.5150
vn -0.4430 0.6591 -0.6078
vn -0.5974 0.4601 -0.6568
vn -0.7930 0.4681 -0.3899
vn -0.7823 0.3939 -0.4825
vn -0.6865 0.6634 -0.2975
vn -0.8188 0.4288 -0.3817
vn -0.7473 0.2846 -0.6004
vn -0.7443 0.3267 -0.5825
vn -0.7667 0.2877 -0.5740
vn -0.7746 0.4222 -0.4709
vn -0.7393 0.3963 -0.5445
vn -0.8555 0.2749 -0.4387
vn -0.8982 0.3068 -0.3149
vn -0.7388 0.3730 -0.5613
vn -0.4895 0.4882 -0.7225
vn -0.5957 0.5088 -0.6215
vn -0.3696 0.5558 -0.7446
vn -0.6351 0.5436 -0.5488
vn -0.5931 0.5222 -0.6128
vn -0.7495 0.3696 -0.5492
vn -0.8172 0.3766 -0.4363
vn -0.7129 0.4629 -0.5268
vn -0.6478 0.5478 -0.5294
vn -0.7261 0.4481 -0.5215
vn -0.7995 0.4425 -0.4062
vn -0.6888 0.4545 -0.5648
vn -0.7954 0.3676 -0.4819
vn -0.8025 0.3645 -0.4724
vn -0.7801 0.4177 -0.4658
vn -0.8028 0.4036 -0.4389
vn -0.8037 0.4016 -0.4390
vn -0.8211 0.3885 -0.4181
vn -0.7554 0.5074 -0.4145
vn -0.8353 0.3685 -0.4081
vn -0.7797 0.4393 -0.4462
vn -0.8592 0.3998 -0.3193
vn -0.8333 0.4081 -0.3730
vn -0.8142 0.4800 -0.3265
vn -0.8564 0.4309 -0.2844
vn -0.9182 0.2768 -0.2832
vn -0.7653 0.4968 -0.4093
vn -0.7092 0.5727 -0.4111
vn -0.7057 0.5942 -0.3858
vn -0.6437 0.6354 -0.4265
vn -0.7327 0.5484 -0.4030
vn -0.8106 0.5616 -0.1658
vn -0.6825 0.6329 -0.3654
vn -0.6908 0.5841 -0.4263
vn -0.7845 0.5103 -0.3522
vn -0.7008 0.6205 -0.3518
vn -0.7585 0.5631 -0.3280
vn -0.8894 0.3120 -0.3342
vn -0.7472 0.4504 -0.4888
vn -0.7393 0.4870 -0.4651
vn -0.8070 0.3483 -0.4769
vn -0.8976 0.2597 -0.3563
vn -0.8518 0.2488 -0.4610
vn -0.8261 0.1224 -0.5501
vn -0.9524 0.1865 -0.2411
vn -0.8583 0.3472 -0.3779
vn -0.8915 0.2227 -0.3946
vn -0.8361 0.4358 -0.3331
vn -0.8358 0.4367 -0.3329
vn -0.9055 0.2840 -0.3154
vn -0.8897 0.3294 -0.3160
vn -0.9090 0.2245 -0.3512
vn -0.8785 0.3589 -0.3153
vn -0.8431 0.4616 -0.2758
vn -0.9248 0.3540 -0.1394
vn -0.8456 0.4913 -0.2088
vn -0.8109 0.5690 -0.1365
vn -0.9024 0.4157 -0.1133
vn -0.8684 0.4832 -0.1111
vn -0.9577 0.2725 -0.0923
vn -0.8958 0.3533 -0.2696
vn -0.8777 0.4198 -0.2311
vn -0.7740 0.5854 -0.2414
vn -0.8627 0.4727 -0.1799
vn -0.8903 0.3930 -0.2303
vn -0.8820 0.4197 -0.2145
vn -0.8948 0.4116 -0.1730
vn -0.8651 0.4407 -0.2396
vn -0.8368 0.5191 -0.1740
vn -0.8598 0.4541 -0.2335
vn -0.8552 0.4384 -0.2764
vn -0.8620 0.4057 -0.3038
vn -0.8541 0.4350 -0.2851
vn -0.8241 0.4552 -0.3371
vn -0.8427 0.4322 -0.3209
vn -0.7985 0.4451 -0.4053
vn -0.7860 0.4865 -0.3816
vn -0.7977 0.4791 -0.3662
vn -0.7647 0.5361 -0.3575
vn -0.7672 0.4820 -0.4232
vn -0.8269 0.5113 -0.2342
vn -0.8436 0.5016 -0.1914
vn -0.8591 0.4483 -0.2469
vn -0.8568 0.3958 -0.3306
vn -0.8722 0.3757 -0.3133
vn -0.8586 0.4209 -0.2927
vn -0.8466 0.4620 -0.2641
vn -0.8614 0.3638 -0.3546
vn -0.8465 0.4552 -0.2763
vn -0.8763 0.3636 -0.3161
vn -0.8822 0.3141 -0.3509
vn -0.8777 0.2530 -0.4069
vn -0.8775 0.1443 -0.4574
vn -0.9107 0.3169 -0.2650
vn -0.8993 0.2672 -0.3462
vn -0.9069 0.2416 -0.3451
vn -0.8891 0.1671 -0.4261
vn -0.8655 0.3673 -0.3406
vn -0.9291 0.1806 -0.3227
vn -0.9491 0.0711 -0.3069
vn -0.8651 0.3728 -0.3355
vn -0.8442 0.4539 -0.2851
vn -0.8077 0.4879 -0.3310
vn -0.8564 0.3943 -0.3333
vn -0.8511 0.4893 -0.1904
vn -0.8501 0.4981 -0.1707
vn -0.8919 0.3582 -0.2760
vn -0.8564 0.2871 -0.4292
vn -0.8850 0.3694 -0.2832
vn -0.8774 0.3092 -0.3668
vn -0.8574 0.4207 -0.2963
vn -0.7944 0.3706 -0.4812
vn -0.8016 0.3154 -0.5078
vn -0.7814 0.4284 -0.4538
vn -0.7121 0.4009 -0.5764
vn -0.5652 -0.5657 -0.6005
vn -0.7420 0.4635 -0.4843
vn -0.7722 0.4255 -0.4719
vn -0.8105 0.4509 -0.3738
vn -0.7455 0.5030 -0.4373
vn -0.8414 0.3144 -0.4395
vn -0.8348 0.4427 -0.3272
vn -0.7766 0.3187 -0.5434
vn -0.8132 0.3740 -0.4459
vn -0.7867 0.3311 -0.5211
vn -0.8608 0.2460 -0.4454
vn -0.8651 0.3217 -0.3848
vn -0.8285 0.4696 -0.3050
vn -0.8167 0.4639 -0.3432
vn -0.7810 0.5206 -0.3450
vn -0.7591 0.5323 -0.3748
vn -0.7610 0.5350 -0.3669
vn -0.7615 0.5031 -0.4085
vn -0.8043 0.4907 -0.3351
vn -0.8053 0.4711 -0.3599
vn -0.7856 0.4419 -0.4332
vn -0.8869 0.0654 -0.4573
vn -0.8564 0.3868 -0.3419
vn -0.8011 0.3194 -0.5063
vn -0.7637 0.4586 -0.4544
vn -0.7538 0.4627 -0.4666
vn -0.6184 -0.3490 -0.7041
vn -0.5261 -0.3155 -0.7897
vn 0.2191 -0.8981 -0.3813
vn 0.4353 -0.8163 -0.3797
vn -0.2242 -0.7737 -0.5925
vn 0.5708 -0.7893 -0.2262
vn -0.8308 -0.1885 -0.5237
vn 0.0904 -0.9241 -0.3712
vn 0.5800 -0.7748 -0.2515
vn -0.2781 -0.9579 -0.0713
vn -0.6503 -0.5811 -0.4893
vn -0.6167 -0.6429 -0.4543
vn -0.8853 -0.1982 -0.4207
vn -0.9631 -0.2683 0.0204
vn -0.9036 0.3198 -0.2851
vn -0.5345 -0.8123 0.2335
vn -0.9803 -0.1959 -0.0231
vn -0.9267 -0.2489 -0.2815
vn -0.8461 -0.5251 0.0915
vn -0.5773 -0.7840 0.2282
vn -0.5537 -0.8072 0.2043
vn -0.2655 -0.9621 -0.0619
vn 0.1499 -0.8340 -0.5309
vn 0.1565 -0.9749 -0.1581
vn -0.1759 -0.9014 -0.3957
vn -0.5290 -0.8238 0.2039
vn -0.5919 -0.7761 0.2174
vn -0.4797 -0.8574 0.1862
vn -0.1764 -0.9782 -0.1096
vn -0.6182 -0.7677 0.1685
vn -0.6246 -0.7546 0.2012
vn -0.7343 -0.6644 -0.1389
vn -0.9914 0.0290 -0.1279
vn -0.9072 -0.4195 0.0323
vn -0.9642 0.0949 0.2475
vn -0.4580 -0.8172 0.3498
vn -0.5393 -0.6364 0.5516
vn -0.9715 0.2331 -0.0428
vn -0.8987 0.4377 -0.0285
vn -0.9127 0.4017 -0.0742
vn -0.7166 0.1071 0.6892
vn -0.8406 0.5212 0.1477
vn -0.8123 0.5659 -0.1413
vn -0.8362 0.5484 -0.0042
vn -0.9080 0.3848 -0.1661
vn -0.8295 0.5382 -0.1495
vn -0.8724 0.3307 -0.3601
vn -0.7994 0.5045 -0.3262
vn -0.8202 0.4862 -0.3015
vn -0.8782 0.3505 -0.3254
vn -0.7648 0.4947 -0.4126
vn -0.9123 0.3746 -0.1656
vn -0.9222 0.2957 0.2492
vn -0.9295 0.3663 -0.0430
vn -0.8195 0.4908 -0.2959
vn -0.7946 0.5341 -0.2885
vn -0.7908 0.5381 -0.2916
vn -0.7133 0.5395 -0.4474
vn -0.9892 0.1463 0.0065
vn -0.8723 0.2077 0.4426
vn -0.9400 0.3368 0.0540
vn -0.8980 -0.0399 0.4382
vn -0.5009 -0.2020 0.8416
vn -0.9766 0.1547 0.1493
vn -0.8222 0.2530 0.5099
vn -0.8320 0.1614 0.5307
vn -0.7775 0.0240 0.6285
vn -0.5550 -0.1788 0.8124
vn -0.6142 -0.0221 0.7888
vn -0.9150 0.0479 0.4005
vn -0.7027 -0.1016 0.7042
vn -0.6420 -0.1230 0.7568
vn -0.7473 -0.0679 0.6610
vn -0.7639 -0.1144 0.6351
vn -0.7271 -0.1912 0.6594
vn -0.8456 -0.0791 0.5279
vn -0.7357 -0.1179 0.6669
vn -0.7319 -0.1202 0.6708
vn -0.6648 0.0583 0.7447
vn -0.6702 -0.0306 0.7416
vn -0.7373 0.0178 0.6753
vn -0.5693 -0.0724 0.8189
vn -0.6370 -0.2177 0.7395
vn -0.6062 -0.1461 0.7818
vn -0.8913 0.0407 0.4515
vn -0.9585 0.2334 0.1635
vn -0.9353 0.1188 0.3333
vn -0.8351 0.4059 -0.3713
vn -0.8169 0.3378 -0.4676
vn -0.6793 0.6215 -0.3903
vn -0.8543 0.3084 -0.4184
vn -0.8525 0.3373 -0.3993
vn -0.8034 0.4645 -0.3726
vn -0.7161 0.5553 -0.4229
vn -0.7852 0.5063 -0.3566
vn -0.8336 0.4373 -0.3374
vn -0.7891 0.4451 -0.4233
vn -0.8328 0.4648 -0.3006
vn -0.7971 0.4734 -0.3749
vn -0.7932 0.5101 -0.3327
vn -0.8052 0.3909 -0.4459
vn -0.7368 0.5261 -0.4247
vn -0.7872 0.4497 -0.4221
vn -0.8055 0.4829 -0.3436
vn -0.7693 0.4370 -0.4661
vn -0.8421 0.3640 -0.3979
vn -0.8499 0.4471 -0.2790
vn -0.6940 0.5420 -0.4739
vn -0.7423 0.3796 -0.5521
vn -0.7503 0.4125 -0.5166
vn -0.8425 0.4671 -0.2683
vn -0.8705 0.4318 -0.2364
vn -0.8847 0.4366 -0.1635
vn -0.8734 0.4161 -0.2530
vn -0.8453 0.4635 -0.2658
vn -0.8496 0.4699 -0.2397
vn -0.8159 0.5295 -0.2322
vn -0.8048 0.5352 -0.2567
vn -0.8415 0.5309 -0.1000
vn -0.8410 0.3286 -0.4297
vn -0.8084 0.5826 -0.0841
vn -0.8420 0.4279 -0.3285
vn -0.8336 0.5225 -0.1790
vn -0.8620 0.3076 -0.4030
vn -0.8277 0.3348 -0.4503
vn -0.7334 0.6074 -0.3052
vn -0.8666 0.4909 -0.0892
vn -0.7316 0.6569 -0.1822
vn -0.8676 0.4573 -0.1955
vn -0.8523 0.3316 -0.4045
vn -0.9221 0.2052 0.3281
vn -0.5131 -0.0061 0.8583
vn -0.3705 0.0310 0.9283
vn -0.2941 -0.0074 0.9558
vn -0.1629 0.1712 0.9717
vn -0.3167 0.1750 0.9322
vn -0.3397 0.2037 0.9182
vn -0.4497 0.1637 0.8780
vn -0.4102 0.2058 0.8885
vn -0.5446 0.0019 0.8387
vn -0.6393 -0.1027 0.7620
vn -0.6896 -0.3224 0.6485
vn -0.7106 -0.1975 0.6752
vn -0.5043 0.1821 0.8441
vn -0.6989 -0.2599 0.6663
vn -0.6817 0.1107 0.7232
vn -0.4181 0.3587 0.8346
vn -0.1722 0.1952 0.9655
vn -0.5631 0.2816 0.7769
vn -0.5042 0.3110 0.8056
vn -0.4426 0.2352 0.8653
vn -0.5430 0.1755 0.8212
vn -0.6107 -0.0713 0.7887
vn -0.6134 0.1204 0.7805
vn -0.6312 0.1742 0.7558
vn -0.2587 -0.0685 0.9635
vn -0.2034 -0.1191 0.9718
vn -0.4110 -0.1826 0.8932
vn -0.5210 -0.3195 0.7915
vn -0.3918 -0.1784 0.9026
vn -0.3947 -0.2007 0.8966
vn -0.4137 -0.4552 0.7885
vn -0.5737 -0.1149 0.8110
vn -0.4936 -0.2460 0.8342
vn -0.5181 -0.2447 0.8196
vn -0.4391 -0.2197 0.8711
vn -0.5022 -0.2617 0.8242
vn -0.5056 -0.2855 0.8142
vn -0.5192 -0.2921 0.8032
vn -0.4839 -0.1791 0.8566
vn -0.4693 -0.1276 0.8737
vn -0.4535 -0.1181 0.8834
vn -0.3531 -0.0813 0.9321
vn -0.4612 -0.2135 0.8612
vn 0.0934 -0.7407 0.6653
vn -0.5118 -0.3443 0.7871
vn 0.2145 -0.9286 0.3028
vn -0.5802 -0.3071 0.7544
vn -0.5587 -0.3310 0.7605
vn -0.3702 -0.7570 0.5385
vn 0.1835 -0.9711 0.1529
vn -0.0106 -0.9910 0.1336
vn -0.6239 -0.3119 0.7166
vn -0.3771 -0.6968 0.6101
vn -0.2094 -0.8430 0.4954
vn 0.0317 -0.9983 0.0484
vn -0.4838 -0.5761 0.6589
vn -0.2279 -0.7851 0.5759
vn -0.8000 -0.2356 0.5518
vn -0.4598 -0.7681 0.4456
vn -0.2930 -0.4584 0.8390
vn -0.2104 -0.5756 0.7902
vn -0.2657 -0.6085 0.7478
vn -0.4352 -0.3218 0.8409
vn -0.5428 -0.4639 0.7001
vn -0.0892 -0.7804 0.6189
vn -0.2274 -0.7435 0.6289
vn 0.1197 -0.9338 0.3372
vn -0.0572 -0.8360 0.5457
vn -0.3002 -0.7146 0.6319
vn -0.6065 -0.2140 0.7657
vn -0.6211 -0.0684 0.7807
vn -0.6282 -0.1085 0.7705
vn -0.6490 -0.0291 0.7602
vn -0.6175 0.0022 0.7865
vn -0.6649 -0.0185 0.7467
vn -0.6340 0.0623 0.7708
vn -0.7244 0.0992 0.6822
vn -0.6482 -0.0590 0.7592
vn -0.6993 0.0201 0.7145
vn -0.5736 -0.0304 0.8186
vn -0.6866 -0.0605 0.7245
vn -0.6053 -0.1921 0.7725
vn -0.7023 -0.0227 0.7115
vn -0.5859 -0.0757 0.8069
vn -0.5473 -0.0525 0.8353
vn -0.4130 -0.0219 0.9105
vn -0.5128 0.0481 0.8572
vn -0.5457 -0.0554 0.8362
vn -0.4461 -0.4046 0.7983
vn -0.2767 -0.3561 0.8926
vn -0.1115 -0.8601 0.4978
vn 0.2430 -0.8602 0.4483
vn -0.4902 0.0685 0.8689
vn -0.3839 -0.0264 0.9230
vn -0.2023 -0.2804 0.9383
vn -0.1299 -0.2544 0.9583
vn -0.1596 -0.1774 0.9711
vn 0.0347 -0.7369 0.6751
vn 0.0203 -0.6575 0.7532
vn -0.0368 -0.9132 0.4059
vn 0.1923 -0.8521 0.4868
vn 0.0492 -0.9656 0.2552
vn -0.0851 -0.8151 0.5731
vn -0.1671 -0.6489 0.7423
vn -0.0989 -0.7912 0.6035
vn -0.0949 -0.6024 0.7925
vn -0.0134 -0.7775 0.6287
vn 0.0388 -0.7239 0.6888
vn 0.2900 -0.6155 0.7328
vn 0.1012 -0.7701 0.6299
vn 0.0693 -0.6593 0.7487
vn -0.0435 -0.7564 0.6527
vn -0.0510 -0.6916 0.7205
vn -0.0735 -0.8104 0.5813
vn 0.0019 -0.8167 0.5770
vn -0.0885 -0.9119 0.4008
vn -0.0424 -0.9575 0.2853
vn 0.1066 -0.7845 0.6109
vn -0.1151 -0.7423 0.6602
vn -0.1932 -0.5661 0.8014
vn -0.2159 -0.5318 0.8189
vn -0.1687 -0.7632 0.6238
vn -0.2222 -0.6242 0.7490
vn -0.1300 -0.9280 0.3493
vn -0.1278 -0.9815 0.1423
vn -0.1540 -0.9850 -0.0773
vn -0.1479 -0.9869 -0.0636
vn -0.1417 -0.9892 0.0382
vn -0.0712 -0.9971 0.0281
vn -0.1063 -0.9929 -0.0539
vn -0.1012 -0.9949 0.0054
vn -0.1260 -0.9920 0.0007
vn -0.0730 -0.9932 -0.0902
vn -0.1890 -0.9624 0.1953
vn -0.0856 -0.9963 0.0118
vn -0.2567 -0.9120 0.3199
vn -0.1241 -0.9774 0.1709
vn -0.1060 -0.9944 -0.0017
vn -0.0779 -0.9945 0.0698
vn -0.1402 -0.9899 0.0217
vn 0.0492 -0.9983 0.0296
vn -0.0982 -0.9530 0.2865
vn -0.1294 -0.9913 -0.0258
vn 0.0061 -0.9969 0.0782
vn 0.0478 -0.9974 0.0539
vn -0.1015 -0.9820 -0.1595
vn -0.1000 -0.9950 0.0003
vn -0.0515 -0.9939 -0.0972
vn -0.1936 -0.9761 0.0985
vn -0.2881 -0.9574 0.0203
vn 0.0119 -0.9943 0.1056
vn 0.0287 -0.9941 0.1047
vn -0.1032 -0.9898 0.0979
vn 0.0891 -0.9908 -0.1023
vn -0.2406 -0.9697 -0.0421
vn -0.2719 -0.9548 -0.1203
vn -0.4272 -0.8690 -0.2498
vn -0.3104 -0.9397 0.1438
vn -0.1681 -0.9822 0.0841
vn -0.0737 -0.9941 0.0801
vn -0.1523 -0.9841 -0.0912
vn -0.3361 -0.8677 0.3663
vn -0.0669 -0.9393 0.3366
vn -0.2288 -0.9730 0.0291
vn -0.2413 -0.9697 0.0390
vn -0.2984 -0.9114 0.2836
vn -0.3171 -0.9476 0.0396
vn -0.2562 -0.9522 0.1664
vn -0.3230 -0.9018 0.2872
vn -0.0930 -0.9795 0.1784
vn 0.0155 -0.9806 0.1956
vn 0.3834 -0.8659 0.3212
vn 0.3291 -0.9248 0.1910
vn 0.4205 -0.9058 0.0529
vn 0.2388 -0.9438 0.2286
vn 0.2733 -0.9585 -0.0813
vn 0.4286 -0.8428 0.3254
vn -0.0696 -0.9908 -0.1159
vn -0.2169 -0.9761 -0.0115
vn 0.4478 -0.8512 0.2737
vn 0.5373 -0.8349 0.1198
vn 0.4579 -0.8572 0.2356
vn 0.3952 -0.8321 0.3892
vn 0.6235 -0.7257 0.2908
vn 0.6662 -0.6303 0.3985
vn 0.5167 -0.7470 0.4184
vn 0.6730 -0.6856 0.2775
vn 0.6696 -0.6958 0.2597
vn 0.6653 -0.7022 0.2536
vn 0.6685 -0.7266 0.1585
vn 0.6558 -0.7155 0.2406
vn 0.6715 -0.6845 0.2839
vn 0.6824 -0.6835 0.2592
vn 0.6351 -0.7142 0.2942
vn 0.6518 -0.6950 0.3036
vn 0.7132 -0.6973 0.0722
vn 0.6279 -0.7325 0.2631
vn 0.6278 -0.7587 0.1738
vn 0.5144 -0.8000 -0.3089
vn 0.5972 -0.7976 0.0846
vn 0.6910 -0.7192 0.0727
vn 0.8527 -0.5211 0.0380
vn 0.7026 -0.6930 -0.1616
vn 0.6954 -0.7187 0.0029
vn 0.7605 -0.6197 0.1941
vn 0.7483 -0.6592 -0.0744
vn 0.5872 -0.7670 0.2584
vn 0.6724 -0.6950 0.2545
vn 0.6132 -0.7828 0.1058
vn 0.7627 -0.6417 0.0812
vn 0.7289 -0.6404 0.2422
vn 0.5629 -0.8265 -0.0062
vn 0.6358 -0.7718 0.0027
vn 0.7642 -0.6427 -0.0537
vn 0.7655 -0.6258 -0.1498
vn 0.6257 -0.7090 0.3255
vn 0.6203 -0.7799 0.0835
vn 0.5130 -0.8369 0.1911
vn 0.7137 -0.6733 0.1933
vn 0.6678 -0.6482 0.3658
vn 0.7174 -0.6967 -0.0034
vn 0.7026 -0.6911 0.1696
vn 0.6688 -0.7430 -0.0251
vn 0.5377 -0.8387 -0.0864
vn 0.7177 -0.6670 -0.2002
vn 0.6584 -0.7426 -0.1223
vn 0.6275 -0.7760 -0.0635
vn 0.5833 -0.7989 -0.1470
vn 0.6365 -0.7710 -0.0175
vn 0.5483 -0.8325 -0.0800
vn 0.6396 -0.7683 -0.0254
vn 0.6828 -0.7240 -0.0980
vn 0.5075 -0.8586 0.0716
vn 0.5965 -0.7831 0.1761
vn 0.6147 -0.7767 0.1378
vn 0.5811 -0.8109 0.0692
vn 0.6847 -0.7050 -0.1849
vn 0.5994 -0.7796 0.1813
vn 0.7377 -0.6626 -0.1297
vn 0.5550 -0.7544 0.3505
vn 0.6044 -0.7911 0.0944
vn 0.6392 -0.7562 -0.1396
vn 0.5512 -0.8027 0.2278
vn 0.6300 -0.7503 0.2004
vn 0.6318 -0.6113 0.4765
vn 0.8547 -0.5186 -0.0241
vn 0.7554 -0.6245 -0.1983
vn 0.8435 -0.5372 -0.0041
vn 0.6182 -0.7743 0.1351
vn 0.6498 -0.7555 -0.0832
vn 0.6519 -0.6674 0.3601
vn 0.7054 -0.7085 -0.0215
vn 0.6849 -0.7263 0.0585
vn 0.7052 -0.7088 -0.0194
vn 0.5347 -0.8415 0.0779
vn 0.5279 -0.8257 0.1988
vn 0.4264 -0.6393 0.6399
vn 0.3758 -0.5257 0.7631
vn 0.5506 -0.6152 0.5643
vn 0.1289 -0.0684 0.9893
vn 0.1115 -0.1794 0.9774
vn 0.0237 -0.1435 0.9894
vn 0.4550 -0.6500 0.6087
vn 0.4179 -0.1974 0.8868
vn 0.9022 -0.1521 0.4037
vn 0.7631 -0.6460 -0.0164
vn 0.9385 0.1145 0.3257
vn 0.8174 -0.5693 0.0880
vn 0.9355 -0.2644 -0.2342
vn 0.8674 -0.4597 -0.1905
vn 0.8910 -0.0914 -0.4447
vn 0.8897 -0.1170 -0.4413
vn 0.9888 0.1488 -0.0150
vn 0.6841 0.6752 0.2758
vn 0.8269 0.5197 -0.2149
vn 0.9125 0.3668 -0.1811
vn 0.7872 0.6166 0.0138
vn 0.7808 0.6186 -0.0874
vn 0.7639 0.6439 0.0422
vn 0.7305 0.6788 0.0745
vn 0.6923 0.6488 0.3157
vn 0.6370 0.4897 0.5954
vn 0.8046 0.5528 0.2171
vn 0.5843 0.6607 0.4713
vn 0.4855 0.4298 0.7613
vn 0.0545 0.0928 0.9942
vn 0.2562 0.2428 0.9356
vn 0.4302 0.1261 0.8939
vn 0.0138 0.0174 0.9998
vn 0.0293 0.0928 0.9953
vn 0.0090 -0.0163 0.9998
vn 0.5103 -0.0112 0.8599
vn -0.1268 0.0270 0.9916
vn 0.0665 -0.0353 0.9972
vn 0.3622 0.5970 0.7158
vn 0.5491 0.5438 0.6347
vn 0.4878 0.8662 -0.1089
vn 0.8906 0.4500 0.0659
vn 0.6200 0.7777 0.1042
vn 0.5953 0.7889 0.1525
vn 0.6325 0.7462 0.2077
vn 0.5474 0.8340 0.0694
vn 0.4200 0.8979 0.1316
vn 0.4598 0.8828 0.0964
vn 0.4322 0.9010 0.0369
vn 0.4474 0.8879 0.1069
vn 0.3856 0.9070 0.1692
vn 0.4846 0.8472 0.2176
vn 0.5453 0.8361 0.0597
vn 0.5869 0.8094 0.0230
vn 0.6329 0.7740 -0.0181
vn 0.8755 0.4672 0.1234
vn 0.8446 0.4889 -0.2185
vn 0.9256 0.2691 -0.2661
vn 0.9099 0.1758 -0.3757
vn 0.9588 0.1807 -0.2192
vn 0.9453 0.0714 -0.3182
vn 0.9721 0.1695 -0.1624
vn 0.9594 0.2553 0.1203
vn 0.8891 0.1810 -0.4205
vn 0.8977 0.1525 -0.4133
vn 0.9416 0.0590 -0.3316
vn 0.9074 0.1968 -0.3713
vn 0.6546 0.7553 -0.0321
vn 0.8708 0.4173 -0.2599
vn 0.7489 0.6623 -0.0214
vn 0.1793 0.6737 0.7169
vn 0.5417 0.4667 0.6991
vn 0.9830 0.1445 0.1134
vn 0.8388 -0.0176 0.5442
vn 0.0982 0.1031 0.9898
vn 0.9597 0.1738 0.2208
vn 0.3601 -0.0950 0.9281
vn 0.0367 -0.0956 0.9947
vn 0.8539 -0.1792 0.4886
vn 0.2159 -0.1466 0.9653
vn 0.0224 -0.2446 0.9694
vn 0.0514 -0.3505 0.9351
vn 0.2202 -0.0481 0.9743
vn 0.0813 -0.1776 0.9807
vn 0.7792 0.0751 0.6223
vn 0.1779 -0.4023 0.8981
vn 0.8367 0.4739 0.2744
vn 0.9158 0.3483 -0.2001
vn 0.8500 0.4841 -0.2076
vn 0.5913 0.8057 0.0354
vn 0.5538 0.7665 0.3252
vn 0.7176 0.6828 0.1369
vn 0.4970 0.2211 0.8391
vn 0.1963 0.2902 0.9366
vn 0.1406 -0.2756 0.9509
vn 0.4692 0.8405 0.2709
vn 0.0568 -0.1575 0.9859
vn 0.0781 -0.0943 0.9925
vn 0.1410 -0.1549 0.9778
vn 0.1017 -0.0562 0.9932
vn 0.1054 -0.0113 0.9944
vn 0.0493 -0.0049 0.9988
vn 0.0473 0.0454 0.9978
vn 0.0531 -0.0961 0.9939
vn -0.0044 -0.0308 0.9995
vn 0.1829 0.2102 0.9604
vn 0.1017 -0.0123 0.9947
vn 0.0789 0.0333 0.9963
vn 0.0669 -0.0413 0.9969
vn 0.0209 0.0258 0.9995
vn 0.1383 -0.1955 0.9709
vn -0.0148 -0.0648 0.9978
vn 0.0600 -0.0943 0.9937
vn 0.0653 0.0030 0.9979
vn -0.0331 -0.0932 0.9951
vn -0.1010 -0.0719 0.9923
vn -0.0308 0.0009 0.9995
vn -0.1100 0.1032 0.9886
vn 0.1369 0.2475 0.9592
vn 0.0704 0.2904 0.9543
vn 0.1100 0.1250 0.9860
vn 0.3048 -0.4673 0.8299
vn -0.2345 0.1396 0.9620
vn 0.1809 -0.2461 0.9522
vn 0.3944 -0.3766 0.8382
vn 0.5443 -0.7100 0.4469
vn 0.0404 0.2059 0.9777
vn 0.3466 -0.7786 0.5231
vn -0.0669 -0.4478 0.8916
vn 0.4901 -0.7442 0.4539
vn 0.0808 -0.7115 0.6981
vn 0.2729 -0.7983 0.5369
vn -0.2834 -0.6404 0.7138
vn -0.2486 -0.4721 0.8458
vn -0.0077 -0.6049 0.7962
vn 0.2089 -0.5371 0.8172
vn -0.0688 -0.4071 0.9108
vn -0.0962 -0.2457 0.9646
vn 0.4702 -0.4887 0.7350
vn 0.3940 -0.5332 0.7486
vn 0.0883 -0.2293 0.9693
vn 0.1335 -0.1656 0.9771
vn 0.3067 -0.5179 0.7985
vn 0.3986 -0.6848 0.6101
vn 0.0814 -0.7107 0.6988
vn 0.1609 -0.6888 0.7069
vn 0.0863 -0.8152 0.5727
vn -0.1750 -0.3296 0.9278
vn 0.1837 -0.3196 0.9296
vn -0.2632 -0.0702 0.9622
vn -0.1797 -0.4324 0.8836
vn -0.1050 0.2535 0.9616
vn 0.2290 -0.5515 0.8022
vn -0.0144 -0.5923 0.8056
vn -0.1634 -0.4553 0.8752
vn -0.0279 -0.6230 0.7817
vn -0.0893 -0.5965 0.7976
vn -0.0364 -0.3482 0.9367
vn -0.2526 -0.4485 0.8573
vn -0.1179 -0.6343 0.7641
vn 0.2293 -0.5391 0.8104
vn -0.2512 -0.3711 0.8940
vn -0.1054 -0.4372 0.8932
vn -0.2111 -0.2478 0.9455
vn -0.2769 -0.4113 0.8684
vn -0.3249 -0.6308 0.7046
vn -0.3773 -0.7541 0.5375
vn -0.2362 -0.7828 0.5757
vn -0.3488 -0.4719 0.8097
vn -0.3933 -0.7241 0.5665
vn -0.4300 -0.5843 0.6883
vn -0.2180 -0.7767 0.5909
vn -0.3890 -0.6581 0.6447
vn -0.3503 -0.6086 0.7120
vn -0.2759 -0.5775 0.7683
vn -0.1230 -0.6226 0.7728
vn -0.0427 -0.7075 0.7055
vn -0.1950 -0.5713 0.7973
vn 0.0860 -0.7589 0.6455
vn 0.0335 -0.7861 0.6171
vn -0.0359 -0.6675 0.7437
vn 0.2531 -0.6995 0.6683
vn 0.1312 -0.8348 0.5347
vn -0.0835 -0.7485 0.6579
vn 0.0552 -0.9218 0.3838
vn -0.1002 -0.7342 0.6715
vn -0.2398 -0.6706 0.7020
vn -0.1381 -0.4821 0.8652
vn 0.0366 -0.8695 0.4926
vn -0.0212 -0.8199 0.5721
vn -0.0789 -0.7737 0.6286
vn 0.0719 -0.6725 0.7366
vn -0.2800 -0.6424 0.7134
vn 0.2497 -0.7575 0.6032
vn -0.3617 -0.4581 0.8120
vn -0.2803 -0.8979 0.3393
vn 0.0630 -0.7664 0.6393
vn 0.3958 -0.4186 0.8174
vn -0.3908 -0.4148 0.8217
vn 0.2312 -0.6441 0.7292
vn -0.0967 -0.6615 0.7437
vn 0.4283 -0.6374 0.6406
vn -0.2727 -0.4578 0.8462
vn -0.3055 -0.6645 0.6820
vn -0.1079 -0.5976 0.7945
vn -0.2277 -0.5716 0.7883
vn -0.2147 -0.5202 0.8266
vn -0.0968 -0.6805 0.7263
vn 0.0556 -0.7297 0.6815
vn -0.0912 -0.5629 0.8215
vn 0.0685 -0.7381 0.6712
vn -0.0740 -0.6341 0.7697
vn 0.1380 -0.7469 0.6505
vn -0.0051 -0.7173 0.6967
vn -0.2322 -0.6784 0.6970
vn 0.0829 -0.8758 0.4754
vn 0.2151 -0.8238 0.5245
vn 0.2427 -0.7295 0.6395
vn 0.0028 -0.7839 0.6209
vn -0.0611 -0.8156 0.5754
vn 0.0255 -0.7622 0.6469
vn 0.1099 -0.9338 0.3404
vn -0.2143 -0.7150 0.6655
vn -0.0756 -0.8448 0.5297
vn -0.0488 -0.8460 0.5310
vn -0.0438 -0.8123 0.5815
vn -0.0320 -0.8521 0.5224
vn -0.1178 -0.8363 0.5354
vn -0.2974 -0.7628 0.5742
vn -0.4677 -0.7793 0.4171
vn -0.2062 -0.7494 0.6292
vn -0.1930 -0.9265 0.3231
vn -0.0392 -0.9991 0.0161
vn 0.0181 -0.5968 0.8022
vn 0.4229 -0.8319 0.3591
vn 0.5187 -0.8246 0.2258
vn 0.3700 -0.8576 0.3574
vn 0.5687 -0.8125 -0.1282
vn -0.0735 -0.6687 0.7399
vn 0.0739 -0.6406 0.7643
vn 0.2080 -0.8579 0.4699
vn 0.2699 -0.8009 0.5345
vn -0.1625 -0.7119 0.6832
vn -0.0508 -0.7760 0.6287
vn -0.0497 -0.8200 0.5701
vn -0.0727 -0.7782 0.6238
vn -0.1904 -0.7321 0.6540
vn 0.1199 -0.7620 0.6363
vn 0.3275 -0.7350 0.5938
vn -0.0153 -0.7720 0.6354
vn -0.1795 -0.6662 0.7239
vn 0.0444 -0.6685 0.7423
vn -0.0511 -0.6383 0.7681
vn 0.0486 -0.6927 0.7196
vn -0.0237 -0.7250 0.6883
vn -0.0565 -0.6755 0.7352
vn -0.0387 -0.7645 0.6435
vn -0.0660 -0.7319 0.6782
vn 0.0375 -0.6351 0.7715
vn -0.0683 -0.7556 0.6515
vn -0.1042 -0.8668 0.4876
vn -0.1317 -0.8435 0.5207
vn -0.2548 -0.7783 0.5739
vn -0.1720 -0.7686 0.6162
vn -0.1139 -0.8554 0.5053
vn -0.1483 -0.8037 0.5762
vn -0.0639 -0.8715 0.4862
vn -0.2284 -0.7649 0.6024
vn -0.2470 -0.6802 0.6901
vn -0.1676 -0.6878 0.7063
vn 0.0189 -0.8475 0.5305
vn 0.1443 -0.5853 0.7979
vn 0.3951 -0.7317 0.5554
vn -0.0014 -0.8013 0.5983
vn -0.0666 -0.3341 0.9402
vn -0.0091 -0.8839 0.4676
vn 0.3602 -0.8207 0.4436
vn 0.2374 -0.9571 0.1661
vn 0.6753 -0.7160 0.1769
vn 0.6390 -0.7425 0.2009
vn 0.5896 -0.7540 0.2898
vn 0.6363 -0.7332 -0.2399
vn 0.7446 -0.6590 -0.1061
vn 0.6243 -0.7783 0.0674
vn 0.6841 -0.7271 -0.0568
vn 0.2826 -0.8811 0.3793
vn 0.1216 -0.9211 0.3699
vn -0.1510 -0.8299 0.5371
vn 0.3506 -0.8688 0.3497
vn 0.5049 -0.8631 0.0092
vn 0.5586 -0.7806 -0.2804
vn 0.5409 -0.8400 0.0433
vn 0.5776 -0.7943 -0.1884
vn 0.4727 -0.8429 -0.2570
vn 0.7317 -0.6812 -0.0245
vn 0.7318 -0.6647 -0.1504
vn 0.6357 -0.7687 0.0706
vn 0.6636 -0.7276 -0.1740
vn 0.5295 -0.8400 -0.1182
vn 0.6600 -0.7310 0.1734
vn 0.6006 -0.7703 -0.2141
vn 0.6996 -0.6913 -0.1807
vn 0.7433 -0.6497 -0.1593
vn 0.7434 -0.6552 -0.1346
vn 0.6060 -0.7709 -0.1960
vn 0.7333 -0.6495 -0.2014
vn 0.6868 -0.7246 -0.0566
vn 0.7451 -0.6213 -0.2423
vn 0.7333 -0.6716 0.1058
vn 0.7730 -0.6294 -0.0796
vn 0.6297 -0.7720 -0.0861
vn 0.7144 -0.6189 0.3264
vn 0.7021 -0.7120 -0.0101
vn 0.6512 -0.7513 -0.1067
vn 0.7325 -0.6787 0.0533
vn 0.6044 -0.7966 -0.0116
vn 0.7094 -0.7048 -0.0004
vn 0.7603 -0.6466 -0.0617
vn 0.7090 -0.7047 -0.0285
vn 0.8006 -0.5957 -0.0646
vn 0.6432 -0.7607 -0.0867
vn 0.6128 -0.7476 0.2558
vn 0.4122 -0.8765 0.2487
vn 0.6786 -0.7339 0.0297
vn 0.5390 -0.7800 0.3179
vn 0.6392 -0.6873 0.3450
vn 0.6595 -0.7231 0.2054
vn 0.4314 -0.7893 0.4370
vn 0.5521 -0.8085 0.2036
vn 0.5475 -0.5075 0.6654
vn 0.6749 -0.7042 0.2205
vn 0.7127 -0.6992 -0.0567
vn 0.7032 -0.7042 -0.0977
vn 0.3423 -0.8989 0.2736
vn 0.6056 -0.6587 0.4465
vn 0.5658 -0.6384 0.5218
vn 0.0705 -0.3177 0.9456
vn 0.6659 -0.6624 0.3432
vn 0.7988 -0.4794 0.3634
vn 0.7963 -0.6022 -0.0576
vn 0.8008 -0.5915 0.0936
vn 0.7402 -0.6262 0.2450
vn 0.4039 -0.3289 0.8536
vn 0.2006 0.1450 0.9689
vn 0.2347 -0.6760 0.6985
vn -0.0348 0.4610 0.8867
vn -0.2091 -0.2318 0.9500
vn -0.1088 -0.9478 0.2999
vn 0.3432 -0.9034 0.2569
vn 0.4298 -0.8812 0.1969
vn -0.1469 -0.9468 0.2862
vn -0.1786 -0.9135 0.3656
vn 0.1199 -0.9010 0.4170
vn 0.1436 -0.8599 0.4898
vn -0.0961 -0.8491 0.5194
vn -0.1797 -0.7837 0.5945
vn -0.1110 -0.6711 0.7330
vn -0.0843 -0.8358 0.5425
vn -0.2672 -0.5590 0.7849
vn -0.4022 -0.4258 0.8105
vn -0.2244 -0.6298 0.7436
vn -0.2455 -0.7467 0.6182
vn 0.6216 -0.6351 0.4586
vn -0.0391 -0.9978 0.0536
vn -0.1535 -0.9351 0.3194
vn -0.1412 -0.6843 0.7154
vn 0.0809 -0.7052 0.7043
vn -0.0429 -0.7233 0.6892
vn 0.0066 -0.6802 0.7330
vn -0.0580 -0.8981 0.4359
vn -0.0400 -0.9621 0.2699
vn -0.0316 -0.9976 -0.0608
vn 0.3758 -0.8340 0.4041
vn 0.4154 -0.7526 0.5109
vn 0.1018 -0.4724 0.8755
vn 0.3256 -0.6351 0.7004
vn 0.1372 -0.3346 0.9323
vn 0.0985 -0.4497 0.8877
vn -0.1335 -0.6967 0.7048
vn -0.1909 -0.4642 0.8649
vn -0.1603 -0.6252 0.7639
vn 0.1104 -0.8943 0.4337
vn -0.3259 -0.4131 0.8504
vn -0.2049 -0.3179 0.9257
vn -0.1576 -0.1537 0.9755
vn -0.0148 -0.1853 0.9826
vn -0.3428 -0.2400 0.9082
vn -0.2552 -0.3921 0.8838
vn -0.3665 -0.2882 0.8847
vn -0.2738 -0.3183 0.9076
vn -0.3558 -0.2688 0.8951
vn -0.4054 -0.0207 0.9139
vn -0.4504 -0.0471 0.8916
vn -0.1905 -0.2831 0.9400
vn -0.2380 -0.3489 0.9064
vn -0.3525 -0.3204 0.8793
vn -0.6502 -0.1926 0.7350
vn -0.5714 -0.1252 0.8110
vn -0.5842 -0.0940 0.8061
vn -0.6029 -0.1389 0.7857
vn -0.4271 -0.1450 0.8925
vn -0.5012 -0.0780 0.8618
vn -0.4586 -0.0244 0.8883
vn -0.5126 -0.2348 0.8259
vn -0.5083 -0.1668 0.8449
vn -0.4495 -0.2050 0.8694
vn -0.5522 -0.2349 0.7999
vn -0.5486 -0.2122 0.8087
vn -0.5092 -0.1631 0.8450
vn -0.3456 -0.3287 0.8789
vn -0.4088 -0.1955 0.8914
vn -0.3400 -0.2775 0.8985
vn -0.6462 -0.2881 0.7067
vn -0.2847 -0.2056 0.9363
vn -0.4650 -0.2932 0.8354
vn -0.5101 -0.4712 0.7196
vn -0.4278 -0.1596 0.8897
vn -0.1944 -0.3329 0.9227
vn -0.4732 -0.1970 0.8587
vn -0.4558 -0.2195 0.8626
vn -0.4418 -0.1909 0.8766
vn -0.3574 -0.2796 0.8911
vn -0.3479 -0.2590 0.9010
vn -0.5172 -0.1417 0.8441
vn -0.3850 -0.4141 0.8248
vn -0.2499 -0.4049 0.8795
vn -0.0166 -0.2786 0.9603
vn -0.4044 -0.1762 0.8975
vn -0.5079 -0.0062 0.8614
vn -0.3218 -0.2137 0.9224
vn -0.4897 -0.2010 0.8484
vn -0.4866 -0.3131 0.8156
vn -0.1622 -0.1796 0.9703
vn -0.2495 -0.0323 0.9678
vn -0.2816 -0.0258 0.9592
vn -0.4890 -0.0259 0.8719
vn -0.4425 -0.0874 0.8925
vn -0.4967 -0.2253 0.8382
vn -0.5855 -0.1040 0.8040
vn -0.0898 -0.2612 0.9611
vn -0.4479 -0.2818 0.8485
vn -0.4611 -0.3562 0.8127
vn -0.3669 -0.2372 0.8995
vn -0.4693 -0.3472 0.8119
vn -0.6348 -0.1722 0.7533
vn -0.4568 -0.2980 0.8381
vn -0.4201 -0.1322 0.8978
vn -0.0422 -0.2303 0.9722
vn -0.6470 -0.2411 0.7234
vn -0.6527 -0.0152 0.7575
vn -0.5829 -0.2270 0.7802
vn -0.6313 -0.1739 0.7558
vn -0.5949 -0.1320 0.7929
vn -0.6554 0.0337 0.7545
vn -0.4869 -0.1804 0.8546
vn -0.4918 -0.0738 0.8675
vn -0.5901 -0.1165 0.7989
vn -0.4534 -0.1469 0.8791
vn -0.5393 -0.0108 0.8420
vn -0.3935 -0.1140 0.9122
vn -0.4621 -0.1492 0.8742
vn -0.4517 -0.0888 0.8877
vn -0.4736 -0.1308 0.8710
vn -0.6421 -0.1058 0.7593
vn -0.5057 -0.2731 0.8183
vn -0.5309 -0.2155 0.8196
vn -0.5008 -0.2294 0.8346
vn -0.3083 -0.2800 0.9092
vn -0.3412 -0.2018 0.9180
vn -0.4619 -0.2589 0.8483
vn -0.6051 -0.1701 0.7778
vn -0.5163 -0.2692 0.8130
vn -0.4863 -0.2246 0.8444
vn -0.6375 -0.1674 0.7520
vn -0.7288 -0.1396 0.6704
vn -0.7480 -0.1944 0.6346
vn -0.5885 -0.3329 0.7367
vn -0.6388 -0.3432 0.6886
vn -0.6332 -0.2098 0.7450
vn -0.5372 -0.3278 0.7772
vn -0.5051 -0.2858 0.8143
vn -0.5714 -0.3277 0.7524
vn -0.6009 -0.2647 0.7542
vn -0.4860 -0.1743 0.8564
vn -0.4692 -0.3318 0.8184
vn -0.3854 -0.2470 0.8891
vn -0.5223 -0.2051 0.8277
vn -0.6473 -0.2128 0.7319
vn -0.4842 -0.0913 0.8702
vn -0.6571 -0.1197 0.7442
vn -0.4921 -0.1155 0.8629
vn -0.4763 -0.2433 0.8449
vn -0.6313 -0.2091 0.7468
vn -0.5421 -0.1097 0.8331
vn -0.5888 -0.2545 0.7671
vn -0.5849 -0.1745 0.7921
vn -0.6732 -0.2458 0.6974
vn -0.5603 -0.3153 0.7660
vn -0.6540 -0.3221 0.6845
vn -0.7352 -0.2869 0.6141
vn -0.5554 -0.2105 0.8045
vn -0.6201 -0.1670 0.7665
vn -0.5761 -0.3266 0.7493
vn -0.5998 -0.2812 0.7491
vn -0.5781 -0.1586 0.8004
vn -0.4621 -0.3169 0.8283
vn -0.4427 -0.2545 0.8598
vn -0.5447 -0.2990 0.7835
vn -0.4513 -0.1560 0.8786
vn -0.4812 -0.2653 0.8355
vn -0.4216 -0.2625 0.8679
vn -0.5131 -0.2775 0.8123
vn -0.4653 -0.3958 0.7917
vn -0.4253 -0.3513 0.8341
vn -0.3516 -0.3446 0.8704
vn -0.4703 -0.3057 0.8278
vn -0.5242 -0.3115 0.7926
vn -0.4879 -0.2264 0.8430
vn -0.4533 -0.2928 0.8419
vn -0.4450 -0.2456 0.8612
vn -0.4618 -0.2285 0.8570
vn -0.4912 -0.1890 0.8503
vn -0.4239 -0.1408 0.8947
vn -0.4636 -0.2141 0.8598
vn -0.4866 -0.1373 0.8628
vn -0.4054 -0.1151 0.9069
vn -0.4286 -0.1309 0.8940
vn -0.4591 -0.0995 0.8828
vn -0.5038 -0.2004 0.8402
vn -0.4815 -0.1579 0.8621
vn -0.4229 -0.0679 0.9036
vn -0.4571 -0.1073 0.8829
vn -0.4261 -0.0671 0.9022
vn -0.4327 -0.0017 0.9015
vn -0.4107 -0.0174 0.9116
vn -0.5466 -0.0614 0.8351
vn -0.5405 0.0088 0.8413
vn -0.3705 -0.0412 0.9279
vn -0.5079 0.0718 0.8584
vn -0.5231 0.0180 0.8521
vn -0.5193 0.1475 0.8417
vn -0.4090 -0.0093 0.9125
vn -0.5716 0.0307 0.8200
vn -0.4860 0.1754 0.8562
vn -0.4712 -0.0924 0.8772
vn -0.1933 -0.1044 0.9756
vn 0.0338 -0.3630 0.9312
vn -0.5105 0.1560 0.8456
vn -0.4051 0.0358 0.9136
vn -0.3891 -0.1304 0.9119
vn -0.3530 -0.1672 0.9206
vn -0.3538 -0.0384 0.9345
vn -0.3990 -0.1664 0.9017
vn -0.3992 -0.1566 0.9034
vn -0.3700 -0.2806 0.8857
vn -0.3807 -0.3336 0.8625
vn -0.4370 -0.2161 0.8731
vn -0.4492 -0.2383 0.8611
vn -0.4821 -0.1458 0.8639
vn -0.5348 -0.2641 0.8027
vn -0.6342 -0.0308 0.7726
vn -0.6028 -0.1944 0.7738
vn -0.5650 -0.0897 0.8202
vn -0.5227 -0.2278 0.8215
vn -0.4856 -0.1547 0.8604
vn -0.3811 -0.2357 0.8940
vn -0.5317 -0.1598 0.8317
vn -0.5650 -0.2000 0.8005
vn -0.4879 -0.3171 0.8133
vn -0.5701 -0.3011 0.7644
vn -0.6309 -0.3135 0.7097
vn -0.6059 -0.1215 0.7862
vn -0.6018 -0.0954 0.7929
vn -0.6496 -0.0939 0.7545
vn -0.6157 -0.1594 0.7717
vn -0.6231 -0.1912 0.7584
vn -0.5371 -0.1080 0.8366
vn -0.5802 -0.1474 0.8010
vn -0.7100 -0.1033 0.6965
vn -0.6958 -0.0378 0.7173
vn -0.4723 -0.1249 0.8725
vn -0.3482 -0.1633 0.9231
vn -0.2853 -0.1250 0.9502
vn -0.3211 -0.0437 0.9460
vn -0.2303 -0.0147 0.9730
vn -0.3280 -0.0018 0.9447
vn -0.2196 -0.0995 0.9705
vn -0.4618 -0.3074 0.8320
vn -0.5862 -0.1820 0.7894
vn -0.8095 -0.2298 0.5403
vn -0.7997 -0.2853 0.5282
vn -0.7459 -0.3444 0.5701
vn -0.5881 -0.3558 0.7263
vn -0.4065 -0.2993 0.8632
vn -0.4486 -0.2544 0.8568
vn -0.5699 -0.3173 0.7580
vn -0.5478 -0.1193 0.8281
vn -0.7503 -0.0162 0.6610
vn -0.7264 -0.0062 0.6872
vn -0.7171 -0.1942 0.6694
vn -0.7823 -0.0450 0.6212
vn -0.3598 -0.0262 0.9327
vn -0.7854 -0.0151 0.6188
vn -0.8477 0.1112 0.5188
vn -0.4655 0.0583 0.8831
vn -0.3048 -0.0987 0.9473
vn -0.5757 -0.1437 0.8049
vn -0.5516 0.1180 0.8257
vn -0.5478 -0.1033 0.8302
vn -0.4173 0.2264 0.8801
vn -0.6534 -0.2208 0.7241
vn -0.7256 -0.0967 0.6813
vn -0.4649 0.4424 0.7669
vn -0.6600 -0.1493 0.7363
vn -0.6092 -0.3608 0.7062
vn -0.5854 -0.3851 0.7134
vn -0.5543 -0.3903 0.7352
vn -0.5600 -0.2934 0.7748
vn -0.5813 -0.3758 0.7217
vn -0.6226 -0.2339 0.7468
vn -0.5043 -0.2316 0.8319
vn -0.6183 -0.2570 0.7427
vn -0.6993 -0.0806 0.7102
vn -0.4061 -0.0514 0.9124
vn -0.5543 -0.1651 0.8158
vn -0.5774 -0.0266 0.8160
vn -0.8008 -0.0432 0.5973
vn -0.6051 0.0907 0.7909
vn -0.6651 -0.0688 0.7436
vn -0.3608 -0.2471 0.8993
vn -0.4195 -0.3402 0.8416
vn -0.7203 -0.1810 0.6697
vn -0.6409 -0.2757 0.7164
vn -0.7081 -0.2123 0.6734
vn -0.7671 -0.1193 0.6304
vn -0.6281 -0.3460 0.6969
vn -0.5978 -0.2435 0.7638
vn -0.7247 -0.0097 0.6890
vn -0.5500 0.0645 0.8327
vn -0.7661 0.0358 0.6417
vn -0.5191 0.0347 0.8540
vn -0.5155 -0.3272 0.7920
vn -0.5992 -0.2716 0.7531
vn -0.7725 -0.1229 0.6230
vn -0.3993 -0.1776 0.8994
vn -0.4666 -0.2451 0.8498
vn -0.6667 -0.1496 0.7301
vn -0.6976 -0.2080 0.6856
vn -0.6917 -0.1637 0.7034
vn -0.6938 -0.1962 0.6929
vn -0.6964 -0.2111 0.6859
vn -0.6103 -0.1563 0.7766
vn -0.7365 -0.0925 0.6701
vn -0.7049 -0.0107 0.7092
vn -0.4246 -0.0234 0.9051
vn -0.6492 0.0028 0.7607
vn -0.5931 -0.0898 0.8001
vn -0.4911 0.0148 0.8710
vn -0.5883 -0.0135 0.8085
vn -0.1796 -0.2091 0.9612
vn -0.3957 -0.2500 0.8837
vn -0.2542 -0.2259 0.9404
vn -0.2390 -0.2417 0.9404
vn -0.4068 -0.3491 0.8442
vn -0.4994 -0.0703 0.8635
vn -0.4010 -0.1390 0.9055
vn -0.2831 -0.1982 0.9384
vn -0.1935 -0.0987 0.9761
vn -0.3120 0.2581 0.9144
vn -0.3939 -0.0986 0.9139
vn -0.3318 0.0279 0.9429
vn -0.4845 0.0674 0.8722
vn -0.2650 0.0445 0.9632
vn -0.0490 0.1998 0.9786
vn -0.1135 0.2720 0.9556
vn -0.1221 -0.0445 0.9915
vn -0.0495 0.1007 0.9937
vn -0.0683 0.0340 0.9971
vn -0.0601 0.1549 0.9861
vn -0.0172 0.3183 0.9478
vn -0.0196 0.1595 0.9870
vn -0.1464 0.1798 0.9727
vn -0.1738 0.2544 0.9514
vn -0.1944 0.2119 0.9578
vn -0.1870 0.0390 0.9816
vn -0.1331 0.3445 0.9293
vn -0.0268 0.5858 0.8100
vn -0.1583 0.5127 0.8439
vn -0.1695 0.2802 0.9449
vn -0.2058 0.4106 0.8883
vn -0.1650 0.2714 0.9482
vn -0.2421 0.2766 0.9300
vn -0.1247 0.2674 0.9555
vn -0.1612 0.2154 0.9631
vn -0.2100 0.3054 0.9288
vn -0.1294 0.2980 0.9458
vn -0.1806 0.3394 0.9231
vn -0.2783 0.3492 0.8948
vn -0.2089 0.2626 0.9420
vn -0.1317 0.4042 0.9051
vn -0.1976 0.1853 0.9626
vn -0.1457 0.3508 0.9250
vn -0.1697 0.2883 0.9424
vn -0.2015 0.4337 0.8783
vn -0.2145 0.3912 0.8950
vn -0.1367 0.3387 0.9309
vn -0.2411 0.2110 0.9473
vn -0.2130 0.2394 0.9473
vn -0.3246 0.2522 0.9116
vn -0.2297 0.1380 0.9634
vn -0.2979 0.2090 0.9314
vn -0.1620 0.1940 0.9675
vn -0.1169 0.1224 0.9856
vn -0.0628 0.0820 0.9947
vn -0.2345 0.1099 0.9659
vn -0.1253 0.2876 0.9495
vn -0.1104 0.2183 0.9696
vn -0.1290 0.1479 0.9806
vn -0.2396 0.2558 0.9366
vn -0.0989 0.2143 0.9717
vn -0.1913 0.3698 0.9092
vn -0.1579 0.2374 0.9585
vn -0.1885 0.2098 0.9594
vn -0.2582 0.3740 0.8908
vn -0.1620 0.2814 0.9458
vn -0.1408 0.3628 0.9212
vn -0.1245 0.1362 0.9828
vn -0.1773 0.3557 0.9176
vn -0.2008 0.1848 0.9621
vn -0.1378 0.4035 0.9046
vn -0.1219 0.4027 0.9072
vn -0.1439 0.0512 0.9883
vn -0.0966 0.1501 0.9839
vn -0.1412 0.3101 0.9402
vn -0.0373 -0.0306 0.9988
vn -0.0351 0.1771 0.9836
vn 0.0441 0.1396 0.9892
vn -0.0165 0.0755 0.9970
vn -0.1125 0.0777 0.9906
vn -0.1022 0.1017 0.9895
vn -0.0757 0.0282 0.9967
vn -0.0134 -0.1487 0.9888
vn -0.0415 0.1377 0.9896
vn 0.0149 -0.2346 0.9720
vn 0.1146 0.0126 0.9933
vn 0.1367 -0.1706 0.9758
vn 0.0415 0.0716 0.9966
vn 0.0823 0.0662 0.9944
vn 0.0641 0.2081 0.9760
vn -0.0470 0.2826 0.9581
vn -0.0130 0.2951 0.9554
vn -0.0284 0.1137 0.9931
vn -0.0370 0.0293 0.9989
vn -0.0190 -0.0006 0.9998
vn -0.0175 -0.1167 0.9930
vn -0.1120 -0.2328 0.9661
vn -0.0186 -0.0165 0.9997
vn 0.0927 0.0469 0.9946
vn -0.0643 -0.1723 0.9829
vn 0.1029 -0.0875 0.9908
vn -0.2682 -0.2529 0.9296
vn 0.1621 -0.2442 0.9561
vn 0.0665 -0.2443 0.9674
vn 0.1600 0.0459 0.9861
vn 0.2028 0.0712 0.9766
vn 0.2136 -0.0443 0.9759
vn 0.2226 0.1522 0.9629
vn 0.1804 -0.0452 0.9825
vn 0.0582 -0.0419 0.9974
vn 0.0550 -0.0336 0.9979
vn 0.3061 -0.2304 0.9237
vn 0.2715 -0.2961 0.9158
vn 0.1777 -0.3416 0.9229
vn 0.2772 -0.2129 0.9369
vn 0.1584 -0.0577 0.9857
vn 0.1963 -0.0837 0.9770
vn 0.2834 -0.1620 0.9452
vn 0.2593 -0.2353 0.9367
vn 0.3067 -0.3466 0.8865
vn 0.2581 -0.3202 0.9115
vn 0.2789 -0.2745 0.9203
vn 0.1641 -0.1173 0.9794
vn 0.3109 -0.1219 0.9426
vn 0.0914 -0.1348 0.9866
vn 0.3600 -0.1978 0.9117
vn 0.1282 -0.1069 0.9860
vn 0.1611 -0.2434 0.9564
vn 0.3762 -0.3444 0.8601
vn 0.1107 -0.0849 0.9902
vn 0.1070 -0.1086 0.9883
vn -0.0978 -0.1538 0.9832
vn 0.0519 -0.3520 0.9346
vn -0.1163 -0.0285 0.9928
vn 0.0148 -0.1395 0.9901
vn -0.0910 -0.0546 0.9944
vn -0.1303 0.0290 0.9911
vn -0.0404 -0.0401 0.9984
vn -0.1668 -0.0459 0.9849
vn -0.0233 -0.0911 0.9956
vn 0.0507 -0.0239 0.9984
vn -0.0383 -0.0483 0.9981
vn -0.0489 -0.2304 0.9719
vn -0.1028 -0.1601 0.9817
vn -0.2011 -0.0144 0.9795
vn -0.0084 0.0310 0.9995
vn 0.0187 -0.0158 0.9997
vn -0.0068 0.1094 0.9940
vn -0.2140 0.0445 0.9758
vn -0.3237 0.0971 0.9412
vn -0.2940 0.1674 0.9410
vn -0.3463 0.1391 0.9277
vn -0.3487 0.1092 0.9308
vn -0.2234 0.1680 0.9601
vn -0.3118 0.1959 0.9297
vn -0.3987 0.1596 0.9031
vn -0.2887 0.1660 0.9429
vn -0.3480 0.0751 0.9345
vn -0.3468 -0.0055 0.9379
vn -0.2823 0.2510 0.9259
vn -0.2828 0.0082 0.9591
vn -0.2640 0.2509 0.9313
vn -0.1840 0.1776 0.9667
vn -0.1885 -0.0094 0.9820
vn -0.1978 -0.1283 0.9718
vn -0.1993 -0.0848 0.9763
vn -0.4518 0.0350 0.8914
vn -0.0914 -0.4137 0.9058
vn -0.3668 -0.4504 0.8140
vn -0.0397 -0.3721 0.9273
vn -0.2863 -0.5012 0.8166
vn -0.1088 -0.7191 0.6864
vn -0.3756 -0.2777 0.8842
vn -0.5315 -0.2042 0.8221
vn -0.4247 -0.1141 0.8981
vn -0.5596 -0.1924 0.8061
vn -0.4148 -0.2376 0.8784
vn -0.2823 -0.1104 0.9530
vn -0.2993 -0.3040 0.9044
vn -0.3121 -0.2248 0.9231
vn -0.1385 -0.2334 0.9625
vn -0.1291 0.0048 0.9916
vn -0.2490 -0.1706 0.9534
vn -0.2212 -0.1719 0.9600
vn -0.4255 -0.2954 0.8554
vn -0.4759 -0.1053 0.8732
vn -0.4115 -0.0993 0.9060
vn -0.3731 -0.1307 0.9186
vn -0.4381 -0.1524 0.8859
vn -0.5363 -0.4597 0.7078
vn -0.3949 -0.4452 0.8036
vn -0.2927 -0.3603 0.8857
vn -0.4578 -0.0845 0.8850
vn -0.2089 -0.1931 0.9587
vn -0.4397 -0.3089 0.8434
vn -0.3510 -0.3360 0.8740
vn -0.5615 -0.2650 0.7839
vn -0.5792 -0.1741 0.7963
vn -0.5853 -0.2688 0.7650
vn -0.5000 -0.2229 0.8368
vn -0.4687 -0.3087 0.8277
vn -0.4524 -0.2372 0.8597
vn -0.4768 -0.0943 0.8739
vn -0.4427 -0.1890 0.8765
vn -0.3732 -0.1306 0.9185
vn -0.3923 -0.1239 0.9115
vn -0.5130 0.0594 0.8563
vn -0.4419 -0.0948 0.8920
vn -0.4099 0.1452 0.9005
vn -0.3678 -0.3013 0.8797
vn -0.1590 -0.5383 0.8276
vn -0.0805 -0.4919 0.8669
vn -0.4709 -0.1964 0.8600
vn -0.0853 -0.3023 0.9494
vn -0.2309 0.0181 0.9728
vn -0.0892 -0.0665 0.9938
vn -0.4360 -0.1043 0.8939
vn -0.3692 -0.0266 0.9290
vn -0.4731 0.1199 0.8728
vn -0.3681 0.0379 0.9290
vn -0.2692 0.0387 0.9623
vn -0.1950 0.0864 0.9770
vn -0.2352 0.1309 0.9631
vn -0.2421 0.1505 0.9585
vn -0.2469 0.1096 0.9628
vn -0.1220 0.0928 0.9882
vn -0.2847 0.0164 0.9585
vn -0.1299 0.1347 0.9823
vn -0.3012 -0.0905 0.9493
vn -0.4075 0.0369 0.9125
vn -0.3942 -0.2902 0.8720
vn -0.5280 -0.1619 0.8337
vn -0.4166 -0.3243 0.8493
vn -0.4682 -0.4077 0.7840
vn -0.3392 0.1192 0.9331
vn -0.3267 0.0277 0.9447
vn -0.2977 0.1629 0.9407
vn -0.2504 0.0895 0.9640
vn -0.2380 0.0691 0.9688
vn -0.3416 0.0048 0.9398
vn -0.2293 0.1483 0.9620
vn -0.2583 0.1432 0.9554
vn -0.3420 0.0936 0.9350
vn -0.3173 0.1620 0.9344
vn -0.3552 0.2200 0.9085
vn -0.2375 0.0701 0.9689
vn -0.3008 0.0634 0.9516
vn 0.2104 0.3009 0.9302
vn -0.2468 0.1279 0.9606
vn -0.2696 0.0606 0.9611
vn -0.2805 0.1035 0.9543
vn -0.1178 0.0813 0.9897
vn -0.1701 0.0928 0.9811
vn -0.2072 0.0217 0.9781
vn -0.2038 0.1634 0.9653
vn -0.6372 -0.0435 0.7694
vn -0.3388 0.1024 0.9353
vn -0.3444 -0.0100 0.9388
vn -0.3710 -0.1926 0.9084
vn -0.2507 -0.1313 0.9591
vn -0.2654 -0.2502 0.9311
vn -0.4091 -0.2552 0.8761
vn -0.2063 -0.2888 0.9349
vn -0.1521 -0.3372 0.9291
vn -0.2642 -0.3913 0.8815
vn -0.1139 -0.4098 0.9050
vn -0.1553 -0.5098 0.8462
vn -0.0806 -0.5199 0.8504
vn -0.1501 -0.5627 0.8129
vn -0.1202 -0.3089 0.9435
vn -0.0895 -0.4603 0.8832
vn -0.1289 -0.4697 0.8734
vn -0.1950 -0.3513 0.9158
vn -0.3512 -0.3627 0.8632
vn -0.4451 -0.3450 0.8263
vn -0.4507 -0.3808 0.8074
vn -0.2458 -0.4304 0.8685
vn -0.2268 -0.4970 0.8376
vn -0.3535 -0.4761 0.8052
vn -0.2148 -0.4853 0.8475
vn -0.1146 -0.4166 0.9018
vn -0.0465 -0.3312 0.9424
vn -0.2149 -0.5316 0.8193
vn 0.1533 -0.5894 0.7932
vn 0.1109 -0.7113 0.6941
vn 0.0351 -0.4083 0.9122
vn 0.0016 -0.2959 0.9552
vn -0.1049 -0.3458 0.9324
vn -0.0494 -0.7259 0.6860
vn -0.2095 -0.4607 0.8625
vn -0.1104 -0.3805 0.9182
vn -0.1904 -0.3235 0.9269
vn -0.1405 -0.3562 0.9238
vn -0.2085 -0.3227 0.9232
vn -0.1398 -0.6028 0.7855
vn -0.3256 -0.4033 0.8552
vn 0.0527 -0.5907 0.8052
vn -0.0532 -0.5206 0.8521
vn -0.0899 -0.3871 0.9176
vn -0.3797 -0.2444 0.8922
vn -0.0751 -0.3594 0.9302
vn -0.1687 -0.1416 0.9754
vn -0.0904 -0.2038 0.9748
vn 0.0492 -0.2796 0.9589
vn -0.1406 -0.3599 0.9223
vn -0.0957 -0.3741 0.9224
vn -0.1586 -0.4812 0.8621
vn -0.1271 -0.3777 0.9172
vn -0.2651 -0.3396 0.9024
vn -0.1355 -0.2221 0.9656
vn -0.2151 -0.3846 0.8977
vn -0.4606 -0.4168 0.7837
vn -0.3273 -0.3892 0.8611
vn -0.4066 -0.3072 0.8604
vn -0.5059 -0.1387 0.8514
vn -0.3702 -0.2255 0.9012
vn -0.2419 -0.1356 0.9608
vn -0.0352 -0.0866 0.9956
vn -0.0089 -0.1249 0.9921
vn 0.0380 -0.1430 0.9890
vn 0.0238 -0.0437 0.9988
vn -0.0925 -0.0672 0.9934
vn -0.2601 -0.1986 0.9449
vn -0.0425 -0.1063 0.9934
vn -0.1737 0.0502 0.9835
vn -0.1459 -0.0430 0.9884
vn -0.0439 -0.0757 0.9962
vn -0.1261 -0.2751 0.9531
vn 0.2146 -0.2286 0.9496
vn 0.0346 -0.2371 0.9709
vn 0.1851 -0.1718 0.9676
vn 0.0931 -0.1446 0.9851
vn 0.0104 -0.2608 0.9653
vn 0.1143 -0.3482 0.9304
vn 0.0944 -0.2455 0.9648
vn 0.1106 -0.1330 0.9849
vn 0.0402 -0.1397 0.9894
vn 0.0714 -0.1062 0.9918
vn 0.2464 -0.1865 0.9511
vn 0.0421 -0.0821 0.9957
vn 0.1785 0.1175 0.9769
vn 0.3956 -0.1823 0.9001
vn 0.1727 -0.0177 0.9848
vn 0.2572 -0.0079 0.9663
vn 0.2018 -0.1760 0.9635
vn 0.0555 -0.0501 0.9972
vn 0.2749 -0.0529 0.9600
vn -0.0851 0.1591 0.9836
vn -0.1452 0.2213 0.9643
vn -0.1109 0.0867 0.9900
vn 0.1426 0.1878 0.9718
vn -0.0369 -0.0543 0.9978
vn 0.1469 -0.0090 0.9891
vn 0.0369 -0.0384 0.9986
vn 0.0323 -0.1972 0.9798
vn 0.1336 -0.0167 0.9909
vn -0.1099 -0.1510 0.9824
vn -0.0481 -0.0513 0.9975
vn 0.0974 -0.1839 0.9781
vn 0.3004 -0.4098 0.8613
vn -0.2900 -0.6057 0.7410
vn 0.0685 -0.4228 0.9036
vn -0.2071 -0.0576 0.9766
vn -0.1697 -0.2093 0.9630
vn 0.0128 -0.1235 0.9923
vn -0.1841 -0.3648 0.9127
vn -0.0210 -0.1331 0.9909
vn -0.1357 -0.3120 0.9403
vn -0.0376 -0.3564 0.9336
vn 0.0491 -0.1339 0.9898
vn 0.0090 -0.2211 0.9752
vn 0.0766 -0.3031 0.9499
vn -0.0433 -0.3212 0.9460
vn 0.1602 -0.3503 0.9229
vn 0.0449 -0.3359 0.9408
vn -0.0177 -0.0432 0.9989
vn -0.3069 0.0342 0.9511
vn -0.2951 -0.1516 0.9434
vn -0.3614 0.0740 0.9295
vn -0.4260 0.0267 0.9043
vn -0.1711 0.1067 0.9795
vn -0.2207 -0.2954 0.9296
vn -0.0815 -0.2417 0.9669
vn -0.1137 0.2713 0.9557
vn -0.0114 0.1410 0.9899
vn -0.0712 0.1365 0.9881
vn -0.0525 0.3698 0.9276
vn 0.0312 0.3236 0.9457
vn -0.1035 0.1558 0.9824
vn 0.0116 0.3169 0.9484
vn -0.0593 0.1140 0.9917
vn -0.0026 -0.0145 0.9999
vn -0.0921 0.4607 0.8828
vn 0.1266 0.8323 0.5397
vn 0.2882 0.9320 0.2199
vn 0.3227 0.9148 0.2427
vn 0.1740 0.8498 0.4975
vn 0.1310 0.6936 0.7083
vn 0.2961 0.8722 0.3895
vn 0.4953 0.7465 0.4443
vn 0.3421 0.7103 0.6151
vn 0.3367 0.8400 0.4255
vn 0.1927 0.9193 0.3432
vn 0.1845 0.9550 0.2321
vn 0.2784 0.7808 0.5593
vn 0.0945 0.8239 0.5588
vn 0.0047 0.5135 0.8581
vn -0.0071 0.7000 0.7141
vn -0.0590 0.4562 0.8879
vn -0.1077 0.7576 0.6438
vn 0.0197 0.9522 0.3047
vn 0.1359 0.9292 0.3436
vn 0.0492 0.9797 0.1943
vn 0.0951 0.9824 0.1606
vn 0.0018 0.9929 0.1186
vn 0.0110 0.9851 0.1717
vn -0.1194 0.9300 0.3477
vn -0.0161 0.9647 0.2630
vn 0.0532 0.9889 0.1387
vn -0.0590 0.9883 0.1410
vn -0.0101 0.9939 0.1096
vn 0.0119 0.9857 0.1683
vn -0.1436 0.8819 0.4490
vn -0.0858 0.8491 0.5211
vn -0.0779 0.4610 0.8840
vn -0.0732 0.8376 0.5414
vn -0.1686 0.3864 0.9068
vn -0.1726 0.3238 0.9303
vn -0.2527 0.3250 0.9113
vn -0.0830 0.9917 0.0977
vn -0.1838 0.9737 0.1344
vn -0.3039 0.9387 0.1625
vn -0.3842 0.8807 0.2771
vn -0.0342 0.9308 0.3641
vn -0.2676 0.9367 0.2258
vn -0.4838 0.8520 -0.1998
vn -0.0845 0.9641 0.2517
vn 0.0223 0.9981 0.0582
vn -0.2672 0.9601 -0.0830
vn 0.0278 0.9661 0.2568
vn 0.0458 0.8969 0.4399
vn 0.1080 0.9025 0.4170
vn 0.0075 0.9452 0.3264
vn -0.0266 0.9266 0.3750
vn -0.0775 0.9592 0.2719
vn 0.0980 0.9834 0.1526
vn 0.0391 0.9317 0.3611
vn -0.1313 0.9224 0.3634
vn 0.1449 0.9498 0.2771
vn 0.2340 0.9507 0.2033
vn 0.1490 0.8931 0.4245
vn 0.1647 0.9751 0.1486
vn 0.3186 0.9194 0.2305
vn 0.4373 0.8236 0.3612
vn 0.7548 0.6559 -0.0053
vn 0.6197 0.7717 -0.1431
vn 0.8407 0.5218 -0.1448
vn 0.4745 0.8698 -0.1355
vn 0.4246 0.8936 -0.1460
vn 0.6675 0.7429 -0.0500
vn 0.7376 0.6746 -0.0291
vn 0.3764 0.9250 -0.0520
vn 0.7579 0.6518 -0.0269
vn 0.3181 0.8831 -0.3449
vn 0.3288 0.8976 -0.2937
vn 0.3611 0.9114 -0.1973
vn 0.0565 0.9951 0.0809
vn -0.1912 0.9658 -0.1753
vn 0.0779 0.9965 0.0312
vn -0.5536 0.7801 -0.2914
vn -0.5308 0.7757 -0.3415
vn 0.8052 0.5614 -0.1912
vn 0.9232 0.3291 -0.1983
vn 0.7011 0.6583 -0.2739
vn 0.6978 0.7100 -0.0947
vn 0.6600 0.7372 -0.1447
vn 0.8996 0.3906 -0.1953
vn 0.8221 0.5424 -0.1731
vn 0.9298 0.3422 -0.1353
vn 0.8530 0.4901 -0.1795
vn 0.6075 0.7939 -0.0261
vn 0.5878 0.8052 0.0786
vn 0.9045 0.4020 -0.1421
vn 0.9169 0.2789 -0.2855
vn 0.9526 0.2600 -0.1577
vn 0.8973 0.4220 -0.1298
vn 0.9455 0.3241 0.0300
vn 0.8740 0.3206 -0.3652
vn 0.9127 0.3038 -0.2734
vn 0.9134 0.2469 -0.3235
vn 0.7021 0.7038 -0.1086
vn 0.6005 0.7995 0.0122
vn 0.4681 0.8693 0.1585
vn 0.4336 0.8944 0.1095
vn 0.5567 0.8103 0.1829
vn 0.5340 0.8362 0.1245
vn 0.5371 0.8128 0.2256
vn 0.2388 0.9214 0.3065
vn 0.2804 0.9544 0.1029
vn 0.4892 0.8542 0.1759
vn 0.9641 0.2566 0.0681
vn -0.0021 0.9448 0.3276
vn -0.0435 0.5114 0.8583
vn 0.0167 0.9973 0.0717
vn -0.0640 0.6816 0.7289
vn 0.1387 0.0269 0.9900
vn 0.0158 -0.0436 0.9989
vn 0.3849 0.6192 0.6844
vn 0.4068 0.8861 0.2222
vn 0.4429 0.8815 0.1638
vn 0.4336 0.8540 0.2877
vn 0.5028 0.8371 0.2155
vn 0.6170 0.7706 0.1596
vn 0.8060 0.5647 0.1774
vn 0.6557 0.7526 0.0595
vn 0.9431 0.3222 0.0818
vn 0.8887 0.3501 0.2959
vn 0.7877 0.1142 0.6053
vn 0.8515 0.2876 0.4384
vn 0.7861 0.4340 0.4400
vn 0.9767 -0.0156 0.2139
vn 0.9855 0.1181 -0.1216
vn 0.9456 0.3252 0.0028
vn 0.9524 0.1119 -0.2835
vn 0.9547 -0.0615 -0.2913
vn 0.9541 0.2882 0.0816
vn 0.9233 0.1996 0.3282
vn 0.9510 -0.3075 -0.0311
vn 0.9311 -0.3636 -0.0298
vn 0.9774 -0.2077 -0.0383
vn 0.8774 -0.4610 0.1328
vn 0.8227 -0.5659 -0.0534
vn 0.9243 -0.3140 0.2171
vn 0.7418 0.0779 0.6661
vn 0.8213 -0.2550 0.5103
vn 0.7203 0.3851 0.5770
vn 0.7880 -0.6101 -0.0823
vn 0.9618 -0.0037 0.2736
vn 0.7809 0.5980 0.1805
vn 0.8061 -0.5906 -0.0368
vn 0.9754 -0.0150 0.2200
vn 0.9481 0.0860 0.3061
vn 0.5634 0.7375 0.3724
vn 0.4717 0.7521 0.4604
vn 0.9842 0.0779 0.1591
vn 0.5811 0.6991 0.4167
vn 0.4703 0.8533 0.2251
vn 0.5469 0.8342 0.0705
vn 0.6211 0.6953 0.3616
vn 0.6968 0.6907 0.1936
vn 0.7483 0.6634 -0.0002
vn 0.5752 0.7906 0.2100
vn 0.7983 0.5902 0.1200
vn 0.6718 0.7251 0.1515
vn 0.7132 0.6784 -0.1767
vn 0.6436 0.7440 0.1798
vn 0.4322 0.8084 0.3995
vn 0.4313 0.9011 0.0447
vn 0.4097 0.8987 -0.1565
vn 0.0711 0.8938 -0.4429
vn 0.3383 0.9238 -0.1794
vn 0.4442 0.8467 -0.2929
vn 0.3569 0.8567 -0.3723
vn 0.2564 0.9447 -0.2046
vn 0.4854 0.7922 -0.3698
vn 0.6516 0.6654 -0.3643
vn 0.4263 0.8847 -0.1887
vn 0.7917 0.5773 -0.2000
vn 0.4612 0.8790 -0.1211
vn 0.3614 0.9233 -0.1302
vn 0.3668 0.8923 -0.2631
vn 0.4420 0.8741 -0.2015
vn 0.3554 0.8941 -0.2723
vn 0.3614 0.9186 -0.1597
vn 0.2661 0.9637 -0.0189
vn 0.2631 0.9590 -0.1053
vn 0.4128 0.9105 -0.0255
vn 0.4294 0.9025 0.0325
vn 0.5383 0.8417 -0.0432
vn 0.5301 0.8474 0.0299
vn 0.4410 0.8975 -0.0017
vn 0.5057 0.8602 0.0653
vn 0.5409 0.8410 0.0133
vn 0.3756 0.9148 0.1485
vn 0.4281 0.9032 -0.0315
vn 0.3610 0.9320 -0.0322
vn 0.1614 0.9795 -0.1202
vn 0.2917 0.9478 -0.1286
vn 0.3784 0.9251 -0.0306
vn 0.3364 0.9126 -0.2325
vn 0.4669 0.8470 -0.2542
vn 0.5943 0.7987 -0.0943
vn 0.4110 0.8830 -0.2268
vn 0.5163 0.8469 -0.1272
vn 0.4976 0.8579 -0.1280
vn 0.4631 0.8852 -0.0447
vn 0.5211 0.8532 0.0219
vn 0.5087 0.8609 -0.0124
vn 0.3431 0.9204 -0.1872
vn 0.1020 0.8425 -0.5289
vn -0.0009 0.8741 -0.4858
vn 0.9119 0.3709 -0.1757
vn 0.8773 0.4496 -0.1677
vn 0.6508 0.7572 -0.0564
vn 0.5601 0.8159 -0.1436
vn 0.8855 0.4033 -0.2310
vn 0.9756 0.0809 -0.2043
vn 0.6630 0.6888 -0.2933
vn 0.6379 0.7418 -0.2069
vn 0.6999 0.6772 0.2270
vn 0.9685 -0.1461 -0.2017
vn 0.8676 -0.4494 -0.2128
vn 0.7635 -0.6313 -0.1357
vn 0.7132 -0.6504 -0.2616
vn 0.9943 -0.1058 -0.0149
vn 0.7820 -0.6055 -0.1481
vn 0.9838 0.1241 0.1293
vn 0.7198 -0.6620 -0.2089
vn 0.7642 -0.5679 -0.3057
vn 0.7375 -0.6747 0.0293
vn 0.9683 -0.1221 0.2178
vn 0.8832 -0.4199 -0.2088
vn 0.9952 0.0929 -0.0307
vn 0.8544 -0.4986 0.1460
vn 0.8802 -0.4741 0.0220
vn 0.8432 -0.5093 -0.1718
vn 0.8270 -0.5601 -0.0498
vn 0.7614 -0.6482 -0.0153
vn 0.7961 -0.6051 -0.0096
vn 0.7950 -0.6030 -0.0666
vn 0.8112 -0.5823 0.0539
vn 0.8314 -0.5557 -0.0056
vn 0.8556 -0.5025 0.1243
vn 0.8554 -0.5158 0.0469
vn 0.8129 -0.5644 0.1436
vn 0.8779 -0.4626 0.1235
vn 0.8577 -0.5141 0.0051
vn 0.8095 -0.5813 -0.0827
vn 0.8696 -0.4725 -0.1433
vn 0.8185 -0.5701 -0.0715
vn 0.9369 -0.3126 -0.1563
vn 0.8976 -0.4406 -0.0157
vn 0.8502 -0.5112 -0.1258
vn 0.8288 -0.5486 -0.1102
vn 0.8457 -0.5319 -0.0437
vn 0.8447 -0.5090 -0.1656
vn 0.9070 -0.3919 -0.1543
vn 0.8995 -0.4084 -0.1550
vn 0.8953 -0.4200 -0.1487
vn 0.9019 -0.4284 -0.0560
vn 0.8397 -0.5424 -0.0262
vn 0.8606 -0.4972 0.1101
vn 0.9535 -0.2958 0.0581
vn 0.8947 -0.4241 0.1403
vn 0.9349 -0.3316 0.1265
vn 0.8519 -0.5042 0.1414
vn 0.9099 -0.3940 0.1301
vn 0.9479 -0.2948 0.1208
vn 0.8221 -0.5601 0.1021
vn 0.9681 -0.1995 0.1514
vn 0.9503 -0.2878 0.1183
vn 0.8701 -0.4917 0.0344
vn 0.8757 -0.4529 0.1674
vn 0.9064 -0.3862 0.1708
vn 0.9119 -0.3707 0.1760
vn 0.8242 -0.5138 0.2382
vn 0.8339 -0.5351 0.1352
vn 0.8329 -0.4889 0.2594
vn 0.8389 -0.4730 0.2693
vn 0.8765 -0.4804 0.0296
vn 0.8427 -0.5265 0.1123
vn 0.7835 -0.5383 0.3105
vn 0.7522 -0.5316 0.3894
vn 0.5164 -0.8270 0.2222
vn 0.7604 -0.5359 0.3668
vn 0.2514 -0.9549 0.1579
vn 0.3950 -0.9187 -0.0056
vn 0.1540 -0.9211 0.3577
vn 0.5206 -0.7245 0.4518
vn 0.1899 -0.9459 0.2630
vn -0.1070 -0.9936 -0.0359
vn -0.3742 -0.9026 0.2128
vn -0.3297 -0.9231 0.1980
vn -0.1221 -0.9903 0.0666
vn 0.0006 -1.0000 0.0080
vn -0.1332 -0.9911 0.0001
vn -0.0956 -0.9939 0.0547
vn -0.0734 -0.9955 -0.0593
vn -0.2189 -0.9700 0.1055
vn -0.1733 -0.9738 0.1475
vn -0.2090 -0.9760 0.0603
vn -0.3147 -0.9177 0.2423
vn -0.1362 -0.9876 0.0775
vn -0.2981 -0.9545 0.0069
vn -0.0857 -0.9872 0.1347
vn -0.4049 -0.8833 -0.2362
vn -0.3261 -0.9174 -0.2282
vn -0.2269 -0.9287 -0.2933
vn -0.4437 -0.8842 -0.1459
vn -0.1846 -0.9707 -0.1540
vn -0.2947 -0.9398 -0.1732
vn -0.3006 -0.9205 -0.2496
vn -0.0640 -0.9890 -0.1331
vn -0.2069 -0.9272 -0.3122
vn 0.0336 -0.9994 0.0022
vn 0.2765 -0.9266 0.2548
vn 0.3881 -0.9136 0.1213
vn 0.4284 -0.8311 0.3546
vn 0.6717 -0.7374 0.0708
vn 0.4428 -0.8961 -0.0306
vn 0.6352 -0.6808 -0.3646
vn 0.6924 -0.7177 -0.0743
vn 0.4635 -0.7751 0.4294
vn 0.3621 -0.9078 0.2117
vn 0.5366 -0.7985 0.2729
vn 0.6324 -0.6883 0.3553
vn 0.6328 -0.7539 0.1768
vn 0.5835 -0.7762 0.2387
vn 0.3400 -0.8636 0.3724
vn 0.2585 -0.9288 0.2655
vn -0.0265 -0.9904 0.1359
vn -0.3362 -0.9361 -0.1036
vn -0.3418 -0.9396 -0.0199
vn -0.3022 -0.9530 -0.0225
vn -0.1704 -0.9854 -0.0047
vn -0.3729 -0.9276 0.0222
vn -0.2432 -0.9356 -0.2560
vn -0.2375 -0.9649 -0.1124
vn -0.4282 -0.9027 -0.0412
vn -0.2619 -0.9310 -0.2541
vn -0.4389 -0.8933 -0.0971
vn -0.2278 -0.9737 -0.0091
vn -0.3781 -0.9155 0.1375
vn -0.3069 -0.9497 0.0618
vn -0.2540 -0.9630 0.0902
vn 0.0513 -0.9869 -0.1528
vn 0.0853 -0.9956 0.0400
vn -0.0828 -0.9745 0.2083
vn 0.0207 -0.9988 0.0433
vn 0.0518 -0.9980 0.0370
vn -0.0299 -0.9995 -0.0114
vn -0.0915 -0.9925 -0.0815
vn 0.0148 -0.9852 -0.1706
vn -0.0773 -0.9965 0.0320
vn -0.0343 -0.9954 0.0897
vn -0.1636 -0.9842 0.0672
vn -0.1456 -0.9839 0.1037
vn -0.1595 -0.9857 0.0548
vn -0.0479 -0.9963 0.0708
vn -0.0661 -0.9909 0.1169
vn -0.0502 -0.9972 0.0552
vn -0.2830 -0.9586 -0.0312
vn -0.2845 -0.9339 -0.2166
vn -0.0093 -0.9816 -0.1905
vn -0.1427 -0.9469 -0.2881
vn -0.0619 -0.9747 -0.2146
vn -0.1259 -0.9728 -0.1946
vn -0.1691 -0.9620 -0.2142
vn -0.2157 -0.9351 -0.2811
vn -0.2975 -0.9326 -0.2044
vn -0.2120 -0.9767 -0.0332
vn 0.0154 -0.9998 0.0133
vn -0.3317 -0.9429 -0.0291
vn -0.1245 -0.9887 0.0840
vn -0.0665 -0.9978 0.0054
vn -0.1896 -0.9819 0.0012
vn -0.2478 -0.9642 0.0946
vn -0.2997 -0.9445 0.1343
vn -0.2178 -0.9753 -0.0358
vn -0.1250 -0.9895 0.0724
vn -0.1112 -0.9938 0.0030
vn -0.0231 -0.9993 -0.0303
vn 0.1313 -0.9913 -0.0125
vn -0.0418 -0.9976 0.0556
vn 0.2079 -0.9780 -0.0137
vn -0.0557 -0.9945 -0.0883
vn 0.2148 -0.9764 0.0203
vn 0.1811 -0.9740 0.1365
vn 0.2526 -0.9598 0.1223
vn 0.1216 -0.9903 0.0668
vn 0.0859 -0.9825 0.1655
vn 0.0302 -0.9767 0.2124
vn -0.0272 -0.9953 0.0929
vn 0.1331 -0.9823 -0.1319
vn -0.0096 -0.9982 -0.0599
vn 0.0898 -0.9925 -0.0834
vn 0.1066 -0.9878 0.1133
vn -0.0544 -0.9976 0.0435
vn 0.1196 -0.9895 0.0816
vn -0.1981 -0.9694 -0.1447
vn 0.0375 -0.9877 -0.1516
vn 0.4755 -0.8232 -0.3102
vn 0.3599 -0.9321 -0.0396
vn 0.3512 -0.9360 -0.0244
vn 0.5620 -0.8213 -0.0984
vn 0.0880 -0.9947 0.0530
vn -0.0015 -0.9769 0.2139
vn 0.2070 -0.9331 0.2942
vn -0.4587 -0.6899 0.5601
vn 0.2650 -0.9600 -0.0907
vn -0.3227 -0.3567 0.8767
vn 0.0864 -0.9962 0.0095
vn 0.4951 -0.7676 -0.4071
vn 0.5162 -0.7930 -0.3235
vn 0.5478 -0.8169 -0.1805
vn 0.5350 -0.8374 -0.1119
vn 0.2702 -0.9605 0.0671
vn -0.1279 -0.9391 0.3188
vn 0.2578 -0.9661 0.0126
vn 0.0409 -0.9720 0.2314
vn -0.2247 -0.8392 0.4953
vn -0.5542 -0.4032 0.7282
vn -0.2560 -0.7511 0.6086
vn -0.4460 -0.4550 0.7708
vn -0.5419 -0.6402 0.5446
vn -0.5145 -0.4555 0.7265
vn -0.3557 -0.4875 0.7974
vn -0.4190 -0.2548 0.8715
vn -0.4494 -0.0781 0.8899
vn -0.5380 -0.2210 0.8135
vn -0.5603 -0.2345 0.7944
vn -0.5746 -0.0999 0.8123
vn -0.4962 -0.1303 0.8584
vn -0.6423 -0.0843 0.7618
vn -0.5592 -0.0462 0.8277
vn -0.4797 -0.1637 0.8620
vn -0.5126 -0.0299 0.8581
vn -0.4979 -0.2264 0.8372
vn -0.5269 0.0070 0.8499
vn -0.5355 -0.1764 0.8259
vn -0.5560 -0.2187 0.8019
vn -0.4538 -0.1507 0.8783
vn -0.5062 -0.0548 0.8607
vn -0.4339 -0.0569 0.8992
vn -0.6486 -0.4428 0.6191
vn -0.4682 -0.1090 0.8768
vn -0.5126 -0.1887 0.8376
vn -0.1912 -0.5381 0.8209
vn -0.5346 -0.6544 0.5347
vn -0.2592 -0.9239 0.2814
vn -0.3536 -0.5037 0.7882
vn -0.0262 -0.9355 0.3523
vn -0.6663 -0.6488 0.3676
vn -0.0489 -0.8942 0.4451
vn -0.0265 -0.9924 0.1204
vn 0.0064 -0.9996 0.0263
vn 0.0223 -0.9997 -0.0064
vn 0.0868 -0.9918 -0.0940
vn 0.0168 -0.9779 -0.2083
vn 0.1550 -0.9848 -0.0785
vn 0.2079 -0.9665 -0.1504
vn 0.3543 -0.9263 -0.1280
vn 0.2889 -0.9321 -0.2186
vn 0.5352 -0.8435 -0.0463
vn 0.4831 -0.8727 -0.0716
vn 0.4116 -0.9085 -0.0716
vn 0.0904 -0.9831 -0.1593
vn 0.5451 -0.8338 -0.0873
vn 0.3247 -0.9377 -0.1236
vn 0.0841 -0.9792 -0.1846
vn -0.0451 -0.9719 -0.2310
vn 0.5190 -0.8309 -0.2008
vn 0.5661 -0.8199 -0.0853
vn 0.0708 -0.9584 -0.2766
vn 0.4584 -0.8815 -0.1131
vn 0.4855 -0.8735 -0.0364
vn 0.3005 -0.9511 -0.0713
vn 0.4779 -0.8782 -0.0206
vn 0.1347 -0.9740 -0.1821
vn 0.3626 -0.9228 -0.1303
vn -0.2174 -0.8939 -0.3920
vn -0.3090 -0.9323 -0.1878
vn 0.0737 -0.8008 -0.5944
vn -0.0909 -0.8807 -0.4648
vn -0.1652 -0.9365 -0.3094
vn -0.1760 -0.9744 -0.1401
vn 0.1259 -0.9451 -0.3016
vn 0.1122 -0.8697 -0.4807
vn 0.0767 -0.8131 -0.5770
vn -0.1167 -0.9530 -0.2796
vn -0.0670 -0.9724 -0.2237
vn -0.0138 -0.9727 -0.2315
vn 0.0078 -0.9562 -0.2926
vn 0.0002 -0.9597 -0.2811
vn 0.1967 -0.8776 -0.4373
vn -0.1303 -0.9397 -0.3163
vn 0.0029 -0.8898 -0.4563
vn -0.1028 -0.8886 -0.4470
vn -0.0119 -0.8907 -0.4544
vn 0.2070 -0.8846 -0.4180
vn 0.0152 -0.9698 -0.2433
vn 0.0259 -0.9143 -0.4042
vn 0.0749 -0.8594 -0.5059
vn 0.2364 -0.8140 -0.5306
vn 0.2211 -0.9752 0.0085
vn 0.0973 -0.9025 -0.4194
vn 0.4508 -0.7768 -0.4397
vn 0.3018 -0.9144 -0.2697
vn 0.1194 -0.9533 -0.2776
vn -0.2162 -0.9370 -0.2746
vn -0.0877 -0.9166 -0.3901
vn 0.0901 -0.9224 -0.3756
vn 0.1550 -0.8604 -0.4855
vn 0.3918 -0.7559 -0.5245
vn 0.2719 -0.9071 -0.3213
vn 0.0863 -0.7993 -0.5947
vn -0.1280 -0.9399 -0.3166
vn 0.1886 -0.9313 -0.3116
vn -0.1032 -0.8626 -0.4953
vn -0.2811 -0.4662 -0.8388
vn 0.3122 -0.8941 -0.3213
vn -0.4582 -0.8573 -0.2348
vn -0.7515 -0.6073 -0.2577
vn -0.4671 -0.8062 -0.3631
vn -0.4952 -0.8573 -0.1404
vn -0.4027 -0.7692 -0.4962
vn -0.5646 -0.7332 -0.3791
vn -0.0213 -0.7558 -0.6545
vn -0.4000 -0.9059 -0.1392
vn -0.1172 -0.9843 -0.1322
vn -0.0421 -0.9875 -0.1518
vn 0.3097 -0.8740 -0.3743
vn 0.4917 -0.6419 -0.5883
vn 0.4039 -0.6056 -0.6857
vn 0.0512 -0.5429 -0.8383
vn 0.4521 -0.6364 -0.6251
vn -0.1807 -0.9804 -0.0778
vn -0.2009 -0.8834 -0.4234
vn -0.2258 -0.9328 -0.2808
vn 0.1757 -0.9271 -0.3312
vn -0.3503 -0.9104 -0.2202
vn -0.2567 -0.9140 -0.3143
vn -0.3822 -0.9224 -0.0559
vn -0.3014 -0.8808 -0.3652
vn -0.4473 -0.8902 -0.0865
vn 0.0527 -0.9676 -0.2469
vn 0.2609 -0.8666 -0.4253
vn -0.2009 -0.9774 -0.0664
vn 0.0718 -0.9262 -0.3700
vn 0.0221 -0.9310 -0.3644
vn 0.0724 -0.9350 -0.3472
vn 0.1298 -0.9259 -0.3549
vn -0.0263 -0.9621 -0.2714
vn -0.6319 -0.7713 0.0765
vn -0.4473 -0.8881 0.1059
vn -0.6466 -0.5921 0.4809
vn -0.5544 -0.8314 0.0376
vn -0.4782 -0.8694 0.1247
vn -0.6429 -0.5571 0.5256
vn -0.5285 -0.8440 0.0915
vn -0.6732 -0.6421 0.3666
vn -0.5355 -0.2942 0.7916
vn -0.5028 -0.2082 0.8389
vn -0.4326 -0.1743 0.8846
vn -0.5446 0.0210 0.8384
vn -0.5372 0.0983 0.8377
vn -0.7060 0.4744 0.5258
vn -0.7383 0.4573 0.4958
vn -0.3895 -0.1696 0.9053
vn -0.8560 0.4115 0.3129
vn -0.5603 0.0547 0.8265
vn -0.6484 0.1119 0.7530
vn -0.5239 -0.1977 0.8286
vn -0.5981 0.0949 0.7958
vn -0.5651 -0.2276 0.7930
vn -0.5171 -0.1969 0.8329
vn -0.6369 -0.2476 0.7301
vn -0.4538 -0.2989 0.8395
vn -0.5797 -0.2463 0.7767
vn -0.6421 -0.1707 0.7474
vn -0.4919 -0.1438 0.8587
vn -0.4865 -0.0056 0.8737
vn -0.5951 -0.1714 0.7851
vn -0.4474 0.1477 0.8820
vn -0.3089 -0.0218 0.9509
vn -0.4349 -0.1718 0.8839
vn -0.4759 -0.1528 0.8661
vn -0.4512 -0.0630 0.8902
vn -0.5519 -0.2237 0.8033
vn -0.4999 -0.2410 0.8319
vn 0.6699 -0.7382 -0.0792
vn 0.5613 -0.8264 -0.0461
vn 0.2279 -0.9519 -0.2046
vn -0.1004 -0.7360 0.6695
vn 0.0704 -0.9822 -0.1743
vn -0.1548 -0.9877 -0.0206
vn 0.7549 -0.5265 0.3910
vn 0.7893 -0.5955 0.1494
vn 0.6520 -0.6618 0.3701
vn 0.6954 -0.7075 0.1262
vn 0.6761 -0.6278 0.3858
vn 0.5119 -0.8198 0.2567
vn 0.4958 -0.8176 0.2929
vn 0.5887 -0.7983 0.1272
vn 0.3318 -0.9421 -0.0490
vn 0.7074 -0.7027 0.0765
vn 0.8018 -0.5940 0.0653
vn 0.7090 -0.6999 -0.0859
vn 0.7419 -0.6667 0.0722
vn 0.7427 -0.6666 -0.0636
vn 0.6527 -0.7443 0.1415
vn 0.6798 -0.7302 -0.0689
vn 0.7517 -0.6591 0.0217
vn 0.6692 -0.7289 0.1447
vn 0.9150 -0.3255 0.2384
vn 0.8755 -0.4502 0.1753
vn 0.7594 -0.4105 0.5048
vn 0.7489 -0.5465 0.3748
vn 0.7719 -0.5398 0.3359
vn 0.8801 -0.4467 0.1611
vn 0.7970 -0.5916 0.1221
vn 0.9108 -0.4123 0.0223
vn 0.9145 -0.3788 0.1424
vn 0.6794 -0.6339 0.3695
vn 0.7246 -0.6174 0.3061
vn 0.7684 -0.6304 0.1102
vn 0.8055 -0.5806 0.1185
vn 0.8176 -0.5714 -0.0703
vn 0.7584 -0.6137 -0.2196
vn 0.8005 -0.5969 -0.0537
vn 0.7273 -0.6637 -0.1749
vn 0.7675 -0.6391 -0.0493
vn 0.7856 -0.6059 -0.1256
vn 0.8124 -0.5632 -0.1514
vn 0.8033 -0.5946 -0.0340
vn 0.8446 -0.5323 -0.0581
vn 0.8549 -0.5182 0.0244
vn 0.9197 -0.3833 0.0856
vn 0.7827 -0.6221 -0.0178
vn 0.7705 -0.6349 -0.0570
vn 0.7878 -0.6155 -0.0238
vn 0.8173 -0.5759 -0.0205
vn 0.8044 -0.5940 -0.0053
vn 0.8594 -0.5114 -0.0003
vn 0.8070 -0.5892 -0.0403
vn 0.8344 -0.5497 -0.0404
vn 0.8573 -0.5133 -0.0395
vn 0.8488 -0.5263 0.0501
vn 0.7217 -0.6589 0.2121
vn 0.8709 -0.4631 0.1645
vn 0.9140 -0.4042 0.0351
vn 0.9705 -0.1719 0.1692
vn 0.9411 0.0049 0.3382
vn 0.9469 0.0177 0.3209
vn 0.8902 -0.4411 -0.1141
vn 0.9338 -0.3486 -0.0800
vn 0.8403 -0.5104 -0.1830
vn 0.8355 -0.5444 -0.0739
vn 0.7948 -0.5984 -0.1009
vn 0.7886 -0.6024 -0.1233
vn 0.8734 -0.4865 -0.0235
vn 0.7730 -0.6314 -0.0608
vn 0.7447 -0.6147 -0.2599
vn 0.7140 -0.6583 -0.2385
vn 0.6728 -0.7033 -0.2295
vn 0.7834 -0.6193 -0.0526
vn 0.8831 -0.4608 0.0884
vn 0.6927 -0.6825 -0.2333
vn 0.7991 -0.5999 -0.0388
vn 0.8047 -0.5603 0.1964
vn 0.7313 -0.6778 0.0765
vn 0.7004 -0.6924 -0.1733
vn 0.7730 -0.6186 -0.1407
vn 0.6610 -0.7211 -0.2076
vn 0.7751 -0.5798 -0.2513
vn 0.7706 -0.6361 -0.0376
vn 0.8024 -0.5914 -0.0797
vn 0.8437 -0.5367 -0.0054
vn 0.8191 -0.5620 0.1149
vn 0.7853 -0.6189 -0.0175
vn 0.7954 -0.6054 0.0290
vn 0.6579 -0.7531 -0.0055
vn 0.7316 -0.6816 -0.0119
vn 0.7510 -0.6420 -0.1545
vn 0.8319 -0.5539 -0.0344
vn 0.7890 -0.5917 -0.1658
vn 0.7264 -0.6520 -0.2173
vn 0.7695 -0.5663 -0.2951
vn 0.7558 -0.6078 -0.2437
vn 0.7592 -0.6295 -0.1654
vn 0.7087 -0.6786 -0.1932
vn 0.6955 -0.6854 -0.2156
vn 0.7117 -0.6795 -0.1784
vn 0.7597 -0.6126 -0.2181
vn 0.8150 -0.5603 -0.1476
vn 0.7604 -0.6387 -0.1177
vn 0.7871 -0.5580 -0.2629
vn 0.7820 -0.6026 -0.1593
vn 0.7976 -0.5948 -0.1006
vn 0.7465 -0.6495 -0.1449
vn 0.9297 -0.2603 -0.2606
vn 0.7724 -0.6296 -0.0832
vn 0.8226 -0.5685 -0.0117
vn 0.8512 -0.5216 0.0576
vn 0.8414 -0.5391 0.0369
vn 0.8479 -0.5301 -0.0015
vn 0.8630 -0.5048 -0.0201
vn 0.8752 -0.4824 -0.0371
vn 0.7079 -0.6934 -0.1343
vn 0.8348 -0.5471 -0.0613
vn 0.7609 -0.6416 -0.0973
vn 0.7979 -0.6027 0.0106
vn 0.9627 -0.1853 0.1974
vn 0.8702 -0.4837 0.0935
vn 0.7235 -0.6750 -0.1446
vn 0.6915 -0.7015 -0.1726
vn 0.6909 -0.7055 -0.1578
vn 0.7339 -0.6747 -0.0788
vn 0.7761 -0.6306 0.0094
vn 0.6234 -0.7512 0.2170
vn 0.5905 -0.7621 0.2655
vn 0.4186 -0.8794 0.2268
vn 0.4816 -0.8559 0.1884
vn 0.8497 -0.5257 -0.0403
vn 0.7606 -0.6470 -0.0539
vn 0.9636 0.2138 0.1607
vn 0.9199 0.0463 -0.3895
vn 0.6604 0.7178 -0.2207
vn 0.9639 -0.1451 -0.2234
vn 0.9488 -0.1542 -0.2756
vn 0.9260 0.3196 -0.2009
vn 0.6969 -0.6048 0.3855
vn 0.5918 -0.7131 0.3758
vn 0.8636 -0.4541 0.2190
vn 0.4654 -0.8840 0.0446
vn 0.6295 -0.7521 -0.1951
vn 0.1275 -0.9916 -0.0215
vn 0.6016 -0.7988 -0.0009
vn -0.0667 -0.9946 -0.0798
vn -0.1812 -0.9821 0.0511
vn -0.2936 -0.9559 0.0021
vn -0.3271 -0.9449 0.0106
vn -0.2710 -0.9599 0.0717
vn -0.2859 -0.9583 -0.0022
vn -0.3898 -0.9082 0.1523
vn -0.1602 -0.9846 0.0693
vn -0.3330 -0.9428 0.0143
vn -0.1832 -0.9830 -0.0106
vn -0.1836 -0.9830 -0.0060
vn -0.2935 -0.9525 -0.0813
vn -0.2600 -0.9586 -0.1158
vn -0.3166 -0.9446 -0.0864
vn -0.2695 -0.9577 -0.1011
vn -0.2005 -0.9781 0.0553
vn -0.0544 -0.9801 -0.1909
vn 0.0369 -0.9617 -0.2717
vn -0.1244 -0.9917 0.0340
vn -0.0769 -0.9909 0.1107
vn -0.0485 -0.9974 0.0538
vn -0.0002 -0.9988 0.0493
vn -0.1180 -0.9929 -0.0119
vn -0.0760 -0.9640 -0.2550
vn -0.1486 -0.9845 -0.0931
vn -0.0845 -0.9880 -0.1292
vn -0.2036 -0.9737 -0.1019
vn -0.0932 -0.9948 -0.0413
vn -0.1218 -0.9912 -0.0512
vn -0.2017 -0.9752 -0.0915
vn -0.1233 -0.9888 -0.0845
vn -0.1655 -0.9764 -0.1388
vn -0.0798 -0.9888 -0.1263
vn -0.0234 -0.9995 -0.0214
vn -0.1583 -0.9546 -0.2524
vn -0.1560 -0.9877 -0.0103
vn -0.1872 -0.9509 -0.2464
vn -0.0965 -0.9900 -0.1031
vn -0.2275 -0.9702 -0.0836
vn -0.3454 -0.9379 0.0304
vn -0.2806 -0.9591 0.0373
vn -0.2146 -0.9711 -0.1041
vn -0.1647 -0.9862 0.0173
vn -0.0616 -0.9955 0.0726
vn -0.1910 -0.9813 0.0238
vn -0.1774 -0.9803 0.0874
vn -0.1455 -0.9814 -0.1254
vn -0.3304 -0.9316 -0.1515
vn -0.1557 -0.9871 -0.0370
vn -0.0444 -0.9966 -0.0696
vn 0.1063 -0.9943 -0.0000
vn 0.0199 -0.9982 -0.0559
vn 0.0196 -0.9984 0.0524
vn -0.0203 -0.9976 -0.0668
vn -0.1984 -0.9726 -0.1211
vn -0.1994 -0.9664 -0.1624
vn 0.4543 -0.8838 -0.1115
vn 0.0191 -0.9955 -0.0932
vn 0.7523 -0.6438 0.1398
vn 0.8570 -0.5124 -0.0549
vn 0.8575 -0.4919 0.1511
vn 0.8088 -0.5881 0.0058
vn 0.8177 -0.5671 0.0987
vn 0.8509 -0.5249 0.0187
vn 0.8207 -0.5678 -0.0639
vn 0.8321 -0.5528 0.0450
vn 0.7362 -0.6233 -0.2637
vn 0.4375 -0.7025 0.5613
vn 0.7747 -0.6230 -0.1082
vn 0.7202 -0.6612 -0.2100
vn 0.4408 -0.8943 -0.0766
vn 0.6004 -0.7597 -0.2496
vn 0.7097 -0.7029 -0.0477
vn 0.1382 -0.9899 -0.0315
vn 0.0633 -0.9951 -0.0763
vn -0.1757 -0.9706 -0.1647
vn -0.1963 -0.9801 0.0294
vn -0.1869 -0.9823 0.0161
vn -0.1403 -0.9896 0.0332
vn -0.0964 -0.9953 -0.0038
vn -0.1341 -0.9903 0.0357
vn 0.1221 -0.9921 -0.0303
vn -0.2307 -0.9674 -0.1048
vn -0.1671 -0.9856 0.0257
vn -0.1718 -0.9845 0.0359
vn 0.1285 -0.9757 0.1775
vn -0.1104 -0.9902 0.0857
vn -0.1161 -0.9762 0.1833
vn -0.1290 -0.9810 -0.1447
vn -0.1297 -0.9900 -0.0556
vn 0.0110 -0.9862 -0.1653
vn 0.8394 -0.5382 -0.0761
vn 0.8106 -0.5755 -0.1080
vn 0.8427 -0.5283 -0.1035
vn 0.0766 -0.9235 0.3759
vn -0.0824 -0.9783 0.1902
vn -0.7836 0.4742 -0.4014
vn -0.8163 0.4280 -0.3880
vn -0.8336 0.3985 -0.3824
vn -0.8797 0.3382 -0.3344
vn -0.8599 0.3960 -0.3221
vn -0.8828 0.2647 -0.3880
vn -0.7354 0.3897 -0.5544
vn -0.4674 0.6652 -0.5823
vn -0.7917 0.4496 -0.4137
vn -0.8313 0.4072 -0.3782
vn -0.7577 0.2189 -0.6148
vn -0.8299 0.3441 -0.4391
vn -0.7897 0.3113 -0.5287
vn -0.8228 0.3981 -0.4055
vn -0.5679 0.1950 -0.7997
vn -0.6689 0.2435 -0.7024
vn -0.7527 0.3345 -0.5671
vn -0.8701 0.2232 -0.4394
vn -0.7521 0.3882 -0.5325
vn -0.8309 0.2165 -0.5127
vn -0.7511 0.3860 -0.5356
vn -0.8556 0.3118 -0.4131
vn -0.7261 0.4466 -0.5228
vn -0.8224 0.4155 -0.3887
vn -0.7789 0.4461 -0.4408
vn -0.8379 0.4355 -0.3292
vn -0.8375 0.4599 -0.2951
vn -0.7354 0.4528 -0.5041
vn -0.8471 0.3393 -0.4090
vn -0.7536 0.5120 -0.4121
vn -0.6628 0.5442 -0.5144
vn -0.7235 0.4992 -0.4769
vn -0.8707 0.3569 -0.3384
vn -0.5566 0.4568 -0.6939
vn -0.6546 0.3680 -0.6604
vn -0.4070 0.5662 -0.7168
vn -0.3439 0.5505 -0.7607
vn -0.2214 0.5212 -0.8242
vn -0.2005 0.5520 -0.8094
vn -0.2621 0.5211 -0.8122
vn -0.3056 0.5769 -0.7575
vn -0.4102 0.7370 -0.5373
vn -0.1105 0.4080 -0.9063
vn -0.4037 0.4357 -0.8044
vn -0.1795 0.7261 -0.6638
vn -0.2612 0.8903 -0.3731
vn -0.0337 0.6458 -0.7627
vn -0.3596 0.7038 -0.6127
vn -0.4062 0.4066 -0.8183
vn -0.6340 0.5328 -0.5605
vn -0.7912 0.2947 -0.5359
vn -0.8480 0.0993 -0.5206
vn -0.8627 0.1030 -0.4952
vn -0.7873 0.2134 -0.5784
vn -0.6110 0.2817 -0.7398
vn -0.8336 0.1741 -0.5243
vn -0.3684 0.3931 -0.8425
vn -0.2618 0.4444 -0.8567
vn 0.0304 0.4339 -0.9005
vn -0.8898 0.1743 -0.4217
vn -0.8475 0.2038 -0.4901
vn -0.7975 0.3095 -0.5179
vn -0.8140 0.2707 -0.5139
vn -0.8367 0.1364 -0.5304
vn -0.7980 0.1304 -0.5884
vn -0.8075 0.2381 -0.5396
vn -0.8743 0.1710 -0.4542
vn -0.9283 0.2515 -0.2737
vn -0.7664 0.4262 -0.4805
vn -0.7800 0.2696 -0.5647
vn -0.7715 0.3695 -0.5179
vn -0.0674 -0.9703 0.2325
vn -0.1578 -0.9759 0.1506
vn -0.0636 -0.9965 0.0544
vn -0.0127 -0.9833 0.1816
vn 0.0582 -0.9963 -0.0626
vn 0.0291 -0.9962 -0.0818
vn -0.0066 -0.9880 -0.1544
vn -0.1631 -0.9845 -0.0639
vn 0.1230 -0.9923 0.0131
vn 0.1290 -0.9792 0.1564
vn -0.0568 -0.9939 0.0942
vn -0.3921 -0.9077 -0.1495
vn -0.3627 -0.9083 -0.2083
vn -0.2691 -0.9576 -0.1028
vn -0.2292 -0.9733 0.0133
vn -0.1271 -0.9919 -0.0018
vn -0.2358 -0.9699 0.0610
vn -0.1701 -0.9844 0.0455
vn -0.3323 -0.9419 0.0496
vn -0.2647 -0.9608 0.0825
vn -0.2467 -0.9375 0.2456
vn -0.2464 -0.9651 0.0891
vn -0.2182 -0.9659 0.1393
vn -0.2566 -0.9642 0.0662
vn -0.2053 -0.9771 -0.0569
vn -0.6554 -0.6990 -0.2860
vn -0.6282 -0.7481 -0.2137
vn -0.5148 -0.8164 -0.2618
vn -0.1312 -0.9899 0.0541
vn -0.0513 -0.9969 0.0590
vn -0.1698 -0.9640 0.2045
vn -0.0511 -0.9960 0.0728
vn -0.0252 -0.9989 0.0387
vn 0.0334 -0.9453 0.3245
vn -0.0182 0.1523 -0.9882
vn -0.3879 -0.4836 -0.7847
vn -0.2571 -0.9642 -0.0643
vn -0.2754 -0.9585 -0.0733
vn -0.2383 -0.9663 -0.0971
vn -0.2835 -0.9590 -0.0056
vn -0.2770 -0.9581 0.0726
vn -0.3113 -0.8680 0.3870
vn -0.2108 -0.9479 0.2390
vn 0.7709 0.1119 -0.6271
vn -0.2382 0.4919 -0.8374
vn 0.4281 0.1825 -0.8851
vn -0.0663 0.5693 -0.8195
vn -0.1837 0.4975 -0.8478
vn -0.0983 0.5092 -0.8550
vn -0.1111 0.5658 -0.8170
vn -0.1715 0.4686 -0.8666
vn -0.2107 0.6260 -0.7508
vn -0.1207 0.5617 -0.8185
vn -0.1902 0.5737 -0.7967
vn -0.0149 0.4873 -0.8731
vn -0.1401 0.4166 -0.8982
vn -0.1970 0.5027 -0.8417
vn -0.2598 0.5848 -0.7685
vn -0.1498 0.6275 -0.7640
vn -0.0110 0.6883 -0.7254
vn 0.0836 0.8133 -0.5759
vn 0.1034 0.8081 -0.5799
vn 0.0421 0.6996 -0.7133
vn 0.0304 0.7162 -0.6972
vn 0.0849 0.8558 -0.5103
vn 0.1063 0.7065 -0.6997
vn 0.1627 0.7326 -0.6609
vn 0.1681 0.6340 -0.7549
vn 0.1539 0.7618 -0.6292
vn 0.0600 0.8769 -0.4769
vn 0.1249 0.7758 -0.6185
vn 0.2260 0.6638 -0.7130
vn -0.0194 0.7442 -0.6677
vn 0.1252 0.7198 -0.6828
vn 0.2726 0.5684 -0.7763
vn 0.4073 0.1902 -0.8933
vn 0.2308 0.6230 -0.7474
vn 0.3828 0.0834 -0.9201
vn 0.3588 0.2293 -0.9048
vn 0.3019 0.2077 -0.9304
vn 0.3978 0.2303 -0.8881
vn 0.4237 0.1445 -0.8942
vn 0.4295 0.1256 -0.8943
vn 0.3253 0.0442 -0.9446
vn 0.4151 0.0782 -0.9064
vn 0.4263 0.0264 -0.9042
vn 0.4730 -0.1712 -0.8643
vn 0.4719 -0.0721 -0.8787
vn 0.1976 0.1587 -0.9674
vn 0.3479 0.0518 -0.9361
vn -0.2101 -0.1263 -0.9695
vn -0.1047 -0.1870 -0.9768
vn -0.3412 -0.0334 -0.9394
vn -0.0355 0.1888 -0.9814
vn 0.0526 -0.2470 -0.9676
vn 0.3877 -0.1908 -0.9018
vn 0.4189 -0.1455 -0.8963
vn 0.5295 -0.0757 -0.8449
vn 0.3703 0.4176 -0.8298
vn 0.2260 0.7021 -0.6753
vn 0.1877 0.7352 -0.6513
vn 0.0814 0.7686 -0.6345
vn 0.1091 0.8173 -0.5658
vn 0.1278 0.8396 -0.5279
vn 0.1798 0.8216 -0.5409
vn -0.0035 0.7054 -0.7088
vn 0.1180 0.7540 -0.6462
vn 0.1858 0.6498 -0.7370
vn 0.0147 0.6675 -0.7445
vn 0.1019 0.6043 -0.7902
vn 0.0468 0.7244 -0.6878
vn 0.1004 0.7966 -0.5961
vn 0.1877 0.7693 -0.6107
vn 0.0814 0.7965 -0.5991
vn 0.0518 0.7997 -0.5981
vn 0.0361 0.5670 -0.8229
vn 0.1038 0.7950 -0.5977
vn 0.1568 0.7771 -0.6095
vn 0.1960 0.7625 -0.6166
vn 0.0066 0.8457 -0.5335
vn 0.0944 0.6455 -0.7579
vn -0.0517 0.7282 -0.6834
vn 0.0014 0.5272 -0.8497
vn 0.0349 0.5415 -0.8400
vn 0.0166 0.5481 -0.8362
vn 0.0504 0.6745 -0.7365
vn 0.0146 0.4872 -0.8732
vn 0.0432 0.4574 -0.8882
vn 0.1701 0.7256 -0.6667
vn 0.0116 0.6807 -0.7325
vn 0.1067 0.4818 -0.8698
vn -0.0401 0.6178 -0.7853
vn -0.0310 0.4840 -0.8745
vn 0.0597 0.5889 -0.8060
vn -0.0665 0.7281 -0.6822
vn -0.0203 0.7839 -0.6206
vn 0.1603 0.7454 -0.6471
vn -0.0901 0.7383 -0.6684
vn -0.0256 0.8233 -0.5670
vn -0.0463 0.8398 -0.5409
vn 0.0481 0.8344 -0.5491
vn 0.0111 0.7437 -0.6684
vn 0.1011 0.7259 -0.6804
vn 0.1103 0.6873 -0.7179
vn 0.2032 0.3949 -0.8960
vn 0.0655 0.5674 -0.8208
vn 0.1107 0.5853 -0.8032
vn -0.1060 0.6544 -0.7487
vn -0.0278 0.6168 -0.7867
vn 0.3347 0.6588 -0.6737
vn 0.1124 0.7394 -0.6639
vn 0.2588 0.8189 -0.5123
vn 0.2919 0.7189 -0.6309
vn 0.6714 0.7406 -0.0268
vn 0.6917 0.7191 -0.0671
vn 0.6879 0.6663 -0.2878
vn 0.7192 0.6262 -0.3012
vn 0.7975 0.5834 -0.1538
vn 0.8443 0.5348 -0.0340
vn 0.8384 0.5449 0.0122
vn 0.9067 0.4217 -0.0043
vn 0.8509 0.5186 -0.0839
vn 0.9131 0.3992 -0.0829
vn 0.6752 0.6324 -0.3797
vn 0.9096 0.4125 -0.0496
vn 0.5107 0.7984 -0.3190
vn 0.8510 0.5217 -0.0596
vn 0.9214 0.3721 -0.1120
vn 0.7546 0.6554 0.0318
vn 0.9904 -0.0564 0.1258
vn 0.9009 -0.2640 0.3444
vn 0.4206 0.8334 0.3586
vn 0.5025 0.8642 -0.0267
vn 0.4822 0.8360 -0.2620
vn 0.0376 0.6810 -0.7313
vn 0.0195 0.8305 -0.5567
vn 0.2120 0.8611 -0.4622
vn 0.4358 0.7030 -0.5621
vn 0.1118 0.6675 -0.7362
vn -0.0820 0.5218 -0.8491
vn 0.0613 0.6588 -0.7498
vn -0.0021 0.5187 -0.8550
vn 0.0422 0.5253 -0.8499
vn -0.0981 0.4555 -0.8848
vn -0.1706 0.5068 -0.8450
vn 0.2532 0.6534 -0.7134
vn -0.1263 0.7810 -0.6116
vn 0.8561 0.2424 0.4563
vn 0.2923 0.9393 0.1798
vn 0.3529 0.8998 0.2567
vn 0.8215 0.4843 0.3010
vn 0.7183 -0.6370 0.2796
vn 0.7208 0.4014 0.5650
vn 0.4431 0.8626 0.2442
vn 0.6583 0.7528 0.0041
vn 0.4875 0.8693 0.0814
vn 0.4760 0.8256 0.3030
vn 0.3412 0.9209 0.1885
vn 0.3576 0.9318 0.0614
vn 0.3511 0.9261 0.1382
vn 0.3072 0.9515 0.0149
vn 0.4694 0.8597 0.2016
vn 0.2916 0.9564 0.0131
vn 0.4843 0.8740 0.0396
vn 0.5692 0.8190 -0.0726
vn 0.3777 0.9228 0.0769
vn 0.7124 0.7018 -0.0097
vn 0.8330 0.5088 -0.2175
vn 0.9507 0.3090 -0.0268
vn 0.5724 0.8154 0.0863
vn 0.8557 0.4954 0.1493
vn 0.5166 0.8554 0.0372
vn 0.4267 0.8954 0.1272
vn 0.5475 0.8318 0.0915
vn 0.4449 0.8755 0.1886
vn 0.4314 0.8897 0.1492
vn 0.4932 0.8663 0.0792
vn 0.4355 0.8864 0.1567
vn 0.5451 0.8313 0.1090
vn 0.4948 0.8582 0.1362
vn 0.6509 0.7421 0.1602
vn 0.6145 0.7887 0.0178
vn 0.6123 0.7537 0.2390
vn 0.4573 0.8830 0.1056
vn 0.4959 0.8082 0.3177
vn 0.3866 0.8690 0.3088
vn 0.3312 0.9363 0.1166
vn 0.4119 0.8386 0.3564
vn 0.2146 0.9577 0.1918
vn 0.4022 0.7981 0.4486
vn 0.3156 0.8710 0.3765
vn 0.2889 0.8804 0.3760
vn 0.2306 0.9169 0.3257
vn 0.0993 0.9445 0.3130
vn 0.1099 0.9016 0.4184
vn 0.3905 0.8920 0.2278
vn 0.0987 0.9496 0.2974
vn 0.2168 0.9225 0.3195
vn 0.1285 0.9402 0.3153
vn 0.3268 0.8482 0.4168
vn 0.2737 0.9188 0.2842
vn 0.2571 0.9370 0.2366
vn 0.3538 0.9038 0.2410
vn 0.3337 0.9224 0.1946
vn 0.3699 0.8958 0.2462
vn 0.3541 0.9093 0.2184
vn 0.2657 0.9105 0.3168
vn 0.2974 0.9477 0.1162
vn 0.3728 0.8512 0.3694
vn 0.5960 0.7662 0.2401
vn 0.3510 0.8446 0.4044
vn 0.3448 0.7928 0.5026
vn 0.4414 0.8219 0.3599
vn 0.4149 0.8327 0.3666
vn 0.3870 0.8613 0.3291
vn 0.3675 0.8283 0.4229
vn 0.3317 0.8154 0.4745
vn 0.4199 0.7508 0.5099
vn 0.4518 0.7583 0.4701
vn 0.5155 0.6846 0.5153
vn 0.4372 0.7590 0.4825
vn 0.3542 0.8187 0.4520
vn 0.4062 0.8282 0.3860
vn 0.3768 0.8880 0.2636
vn 0.3668 0.8464 0.3862
vn 0.3802 0.8342 0.3995
vn 0.3224 0.8936 0.3123
vn 0.2846 0.9267 0.2455
vn 0.2395 0.9419 0.2355
vn 0.1232 0.9291 0.3487
vn 0.2828 0.9223 0.2633
vn 0.5284 0.7814 0.3321
vn 0.5657 0.6155 0.5487
vn 0.3449 0.9123 0.2207
vn 0.2272 0.8411 0.4909
vn 0.5017 0.8532 0.1424
vn 0.0335 0.9208 0.3886
vn 0.0284 0.8741 0.4849
vn 0.3307 0.9188 0.2153
vn 0.4957 0.8560 0.1468
vn 0.5002 0.8507 0.1616
vn 0.4684 0.8800 -0.0791
vn 0.5214 0.8491 0.0847
vn 0.6644 0.7355 0.1331
vn 0.6412 0.7088 0.2942
vn 0.4396 0.8466 0.3000
vn 0.5360 0.8367 0.1127
vn 0.5903 0.7943 0.1438
vn 0.5663 0.8029 0.1860
vn 0.5187 0.8494 0.0975
vn 0.4468 0.8889 0.1013
vn 0.6742 0.6949 0.2503
vn 0.8719 0.4896 -0.0050
vn 0.9930 0.1175 0.0128
vn 0.8574 0.5127 0.0433
vn 0.9649 0.2624 -0.0104
vn 0.9798 0.1997 -0.0094
vn 0.9750 0.2223 -0.0047
vn 0.9252 -0.3779 -0.0343
vn 0.9554 0.2952 0.0063
vn 0.8553 0.4826 0.1883
vn 0.9576 -0.0985 0.2707
vn 0.9772 -0.1149 0.1784
vn 0.9536 -0.0360 0.2988
vn 0.8451 -0.4174 0.3341
vn 0.8973 -0.3319 0.2910
vn 0.7736 -0.6180 0.1402
vn 0.8777 0.4645 0.1180
vn 0.6613 0.7465 -0.0737
vn 0.7753 0.6109 -0.1607
vn 0.9122 0.4093 -0.0175
vn 0.7484 0.6529 0.1171
vn 0.5305 0.8476 0.0125
vn 0.7125 0.6969 -0.0818
vn 0.6584 0.7526 0.0080
vn 0.7584 0.6461 0.0855
vn 0.5966 0.8006 0.0553
vn 0.5843 0.8084 0.0720
vn 0.8552 0.5182 -0.0131
vn 0.9767 0.2138 -0.0213
vn 0.6604 0.7226 -0.2043
vn 0.7687 0.6089 -0.1956
vn 0.7366 0.6759 0.0229
vn 0.8912 0.4388 -0.1145
vn 0.7970 0.6039 -0.0059
vn 0.8107 0.5449 -0.2141
vn 0.8368 0.4742 -0.2736
vn 0.9833 -0.1704 -0.0635
vn 0.8436 0.5021 -0.1904
vn 0.9766 -0.2046 0.0661
vn 0.9800 -0.1814 0.0812
vn 0.9676 -0.2508 -0.0302
vn 0.9597 0.0046 -0.2811
vn 0.8205 0.5707 0.0333
vn 0.9613 0.0806 0.2634
vn 0.6930 0.7134 0.1038
vn 0.6238 0.5547 -0.5506
vn 0.8423 0.5390 0.0077
vn 0.7426 0.6410 -0.1941
vn 0.7364 0.6638 -0.1308
vn 0.8278 0.4917 -0.2701
vn 0.7410 0.6714 -0.0074
vn 0.8462 0.5109 0.1517
vn 0.3689 0.8885 -0.2731
vn 0.6285 0.7316 0.2642
vn 0.3435 0.8953 0.2838
vn 0.7317 0.6257 0.2702
vn 0.3546 0.9343 -0.0360
vn 0.3752 0.9270 -0.0018
vn 0.8129 0.3258 0.4827
vn 0.8767 0.4777 -0.0572
vn 0.7883 0.5367 -0.3010
vn 0.8544 0.3155 0.4130
vn 0.8487 0.5123 -0.1311
vn 0.5737 0.8024 -0.1645
vn 0.4121 0.8479 -0.3336
vn 0.6644 0.7411 -0.0964
vn 0.8728 0.2807 0.3992
vn 0.4574 0.8506 0.2593
vn -0.0479 0.8762 0.4796
vn 0.3491 0.9055 0.2413
vn 0.8628 -0.3280 0.3846
vn 0.7014 0.7092 -0.0712
vn 0.9434 0.3144 -0.1058
vn 0.5147 0.8218 -0.2443
vn 0.4494 0.8922 0.0445
vn 0.8123 0.4471 0.3746
vn 0.4349 0.6707 0.6008
vn 0.5346 -0.2225 0.8153
vn 0.6932 0.5686 0.4429
vn 0.6878 0.7183 -0.1046
vn 0.5738 0.5685 0.5895
vn 0.2343 0.9412 0.2433
vn 0.2600 0.9481 0.1831
vn 0.1416 0.9610 0.2375
vn 0.1534 0.9496 0.2734
vn 0.1580 0.9448 0.2869
vn 0.1164 0.9417 0.3156
vn 0.3919 0.2006 0.8979
vn 0.5356 0.4741 0.6989
vn 0.3188 0.3284 0.8891
vn 0.2362 0.5553 0.7974
vn 0.2716 0.7422 0.6127
vn 0.5093 0.4708 0.7204
vn 0.6012 0.1633 0.7822
vn -0.1944 0.9198 0.3408
vn -0.2390 0.9103 0.3380
vn -0.1976 0.9561 0.2165
vn -0.4159 0.8994 -0.1343
vn -0.2983 0.9480 -0.1115
vn -0.2527 0.9648 0.0732
vn -0.2780 0.9536 0.1158
vn -0.0127 0.9630 0.2691
vn -0.2335 0.9656 0.1143
vn -0.1180 0.9481 0.2952
vn -0.0258 0.9604 0.2775
vn -0.2339 0.9309 0.2807
vn -0.1337 0.9310 0.3398
vn -0.2054 0.9339 0.2928
vn -0.1900 0.9271 0.3231
vn -0.3086 0.8868 0.3439
vn -0.2647 0.9292 0.2581
vn -0.3611 0.8953 0.2608
vn -0.2058 0.9460 0.2504
vn -0.0129 0.7937 0.6082
vn 0.3358 0.8576 0.3895
vn 0.1137 0.4499 0.8858
vn 0.0447 0.9772 0.2077
vn 0.3168 0.6888 0.6521
vn 0.1763 0.9758 0.1292
vn 0.2279 0.9705 0.0792
vn 0.1295 0.9849 0.1146
vn 0.1925 0.9736 0.1224
vn 0.1759 0.9842 0.0222
vn 0.2480 0.9687 0.0042
vn 0.0586 0.9981 0.0194
vn 0.1796 0.9834 0.0275
vn 0.1119 0.9915 0.0662
vn 0.1994 0.9799 0.0011
vn 0.1330 0.9886 0.0709
vn 0.2343 0.9700 0.0644
vn 0.2282 0.9712 -0.0687
vn 0.0961 0.9934 0.0626
vn 0.1699 0.9839 -0.0555
vn 0.0285 0.9996 -0.0029
vn -0.0059 0.9992 0.0401
vn 0.1417 0.9838 0.1100
vn 0.0199 0.9992 0.0349
vn 0.3904 0.9180 0.0694
vn 0.2787 0.9581 0.0653
vn 0.6621 0.7488 0.0308
vn 0.6338 0.7702 0.0717
vn 0.4840 0.8738 -0.0477
vn 0.9645 0.1959 0.1772
vn 0.9869 0.0720 0.1442
vn 0.5462 0.8363 -0.0469
vn 0.9559 -0.2914 -0.0378
vn 0.9834 -0.1812 -0.0032
vn 0.9601 0.2221 -0.1699
vn 0.9540 0.2129 -0.2109
vn 0.8433 0.5240 0.1193
vn 0.8711 0.3962 -0.2902
vn 0.9859 0.1121 -0.1240
vn 0.9210 0.3506 -0.1700
vn 0.9576 0.2120 -0.1951
vn 0.9831 0.0065 -0.1832
vn 0.8166 0.5685 -0.1002
vn 0.9856 -0.1590 -0.0570
vn 0.7134 0.6867 -0.1396
vn 0.1490 0.9609 0.2335
vn 0.1204 0.9832 0.1372
vn 0.8093 0.5831 0.0708
vn 0.1126 0.9747 0.1929
vn 0.9443 0.2456 0.2189
vn 0.3807 0.8936 0.2378
vn 0.9813 0.1919 0.0174
vn 0.2329 0.9564 0.1761
vn 0.9768 0.0898 -0.1945
vn 0.5895 0.8022 0.0946
vn -0.0117 0.9266 0.3759
vn 0.8283 0.5595 -0.0285
vn 0.0674 0.9586 0.2768
vn 0.1709 0.9730 0.1552
vn 0.3037 0.9406 0.1516
vn 0.4339 0.8378 0.3312
vn -0.0615 0.9626 0.2640
vn 0.3241 0.9278 0.1849
vn 0.1934 0.9603 0.2012
vn 0.0133 0.9998 -0.0164
vn 0.6953 0.5899 0.4105
vn 0.4939 0.8614 0.1188
vn 0.3637 0.9205 0.1429
vn 0.0445 0.9964 0.0718
vn 0.2688 0.9605 0.0718
vn 0.3562 0.9328 0.0550
vn 0.2300 0.9717 0.0537
vn 0.2366 0.9714 0.0210
vn 0.1506 0.9837 0.0978
vn 0.2065 0.9735 0.0978
vn 0.3281 0.9430 0.0547
vn 0.9579 0.2774 0.0744
vn 0.0449 0.9761 0.2128
vn 0.3018 0.9531 -0.0208
vn 0.3716 0.9283 -0.0151
vn 0.2247 0.9724 -0.0621
vn -0.1198 0.9610 0.2492
vn -0.1484 0.9435 0.2962
vn 0.0972 0.9679 0.2317
vn -0.2437 0.8703 0.4281
vn -0.2995 0.9088 0.2904
vn -0.1331 0.9637 0.2312
vn -0.1158 0.9004 0.4194
vn -0.1642 0.8877 0.4301
vn -0.2022 0.9416 0.2693
vn 0.2805 0.8443 0.4565
vn -0.1162 0.8512 0.5119
vn -0.2342 0.7614 0.6045
vn -0.0302 0.9541 0.2978
vn 0.0657 0.8890 0.4531
vn -0.0190 0.7841 0.6204
vn -0.0085 0.8047 0.5937
vn -0.0603 0.8635 0.5008
vn 0.0066 0.8474 0.5309
vn -0.0382 0.7677 0.6396
vn -0.2127 0.9417 0.2605
vn -0.0853 0.9591 0.2698
vn -0.2708 0.9334 0.2353
vn -0.2355 0.9104 0.3402
vn -0.0499 0.8802 0.4719
vn -0.0268 0.9182 0.3953
vn -0.1957 0.9105 0.3641
vn 0.0130 0.9356 0.3528
vn -0.0870 0.9744 0.2075
vn -0.0838 0.9330 0.3499
vn -0.2230 0.9653 0.1362
vn 0.0091 0.8647 0.5023
vn 0.1332 0.8580 0.4961
vn -0.0621 0.9940 0.0898
vn 0.1533 0.8713 0.4662
vn -0.1364 0.8881 0.4390
vn -0.0069 0.8763 0.4817
vn -0.0886 0.9294 0.3584
vn -0.1669 0.8801 0.4444
vn 0.0041 0.9490 0.3152
vn 0.0496 0.9661 0.2534
vn -0.3604 0.9324 -0.0269
vn -0.0711 0.9879 0.1378
vn 0.0799 0.9968 0.0084
vn -0.1807 0.9689 -0.1688
vn -0.2288 0.9674 -0.1087
vn -0.2860 0.9567 -0.0541
vn 0.0263 0.9978 0.0610
vn -0.1504 0.9874 0.0492
vn 0.0746 0.9959 -0.0517
vn -0.1547 0.9735 -0.1686
vn 0.0735 0.9627 0.2606
vn 0.1523 0.9876 -0.0393
vn 0.2540 0.9654 -0.0600
vn 0.1156 0.9927 -0.0351
vn 0.1145 0.9932 0.0209
vn 0.1187 0.9909 -0.0632
vn 0.0032 0.9769 0.2138
vn 0.1208 0.9919 0.0383
vn 0.1766 0.9843 0.0003
vn 0.0985 0.9917 -0.0822
vn 0.1266 0.9639 0.2341
vn 0.1173 0.9847 0.1285
vn 0.0881 0.9904 0.1069
vn 0.2277 0.9530 0.1999
vn 0.0285 0.8450 0.5340
vn 0.2210 0.9752 0.0110
vn 0.3261 0.9433 -0.0613
vn 0.3365 0.9294 -0.1515
vn 0.2399 0.9620 -0.1304
vn 0.0280 0.9970 -0.0723
vn -0.1824 0.8565 -0.4828
vn 0.2507 0.9624 0.1045
vn 0.2574 0.9659 -0.0268
vn 0.1746 0.9765 0.1262
vn 0.2133 0.9717 0.1015
vn 0.0203 0.9997 -0.0094
vn 0.3403 0.9329 0.1181
vn 0.1971 0.9801 0.0219
vn 0.2441 0.9681 0.0564
vn 0.2731 0.9612 -0.0384
vn 0.0736 0.9867 -0.1450
vn 0.1260 0.9511 -0.2821
vn 0.1352 0.9446 -0.2990
vn 0.0341 0.9655 -0.2580
vn 0.1066 0.9920 -0.0681
vn 0.1464 0.9779 -0.1494
vn 0.0899 0.9959 -0.0076
vn 0.7415 0.6459 0.1813
vn 0.0957 0.9937 -0.0580
vn 0.0745 0.9947 0.0703
vn -0.1936 0.9686 0.1557
vn -0.0007 0.9963 0.0864
vn 0.1088 0.9765 0.1862
vn 0.2579 0.9144 0.3120
vn 0.2379 0.9711 -0.0187
vn 0.4295 0.7566 0.4930
vn 0.2898 0.8142 0.5031
vn 0.4639 0.7047 0.5368
vn 0.3468 0.8106 0.4718
vn 0.3511 0.8519 0.3886
vn 0.2089 0.9779 0.0050
vn 0.2486 0.8699 0.4261
vn 0.4102 0.8739 0.2609
vn 0.1578 0.9190 0.3613
vn 0.3370 0.8695 0.3613
vn 0.4593 0.8575 0.2320
vn 0.4450 0.8320 0.3311
vn 0.4214 0.8389 0.3444
vn 0.4667 0.8423 0.2696
vn 0.1940 0.9640 0.1817
vn 0.2608 0.9131 0.3134
vn 0.2229 0.8749 0.4299
vn 0.2685 0.8711 0.4111
vn 0.3898 0.7775 0.4935
vn 0.2246 0.8631 0.4524
vn 0.0148 0.9083 0.4181
vn 0.2065 0.8263 0.5241
vn -0.0317 0.9685 0.2469
vn 0.0905 0.9823 0.1637
vn -0.0886 0.9697 0.2278
vn 0.2603 0.9002 0.3492
vn 0.2913 0.8542 0.4308
vn 0.0074 0.9260 0.3775
vn 0.1099 0.9074 0.4057
vn -0.0344 0.9220 0.3857
vn -0.0159 0.9334 0.3585
vn -0.0385 0.9453 0.3240
vn 0.0188 0.9392 0.3428
vn 0.2919 0.8770 0.3817
vn 0.2208 0.8577 0.4643
vn -0.0533 0.9985 -0.0103
vn -0.0635 0.9977 -0.0254
vn 0.3478 0.9014 0.2579
vn 0.2141 0.8720 0.4402
vn -0.1561 0.9840 0.0854
vn -0.1500 0.9886 -0.0093
vn 0.3832 0.8520 0.3568
vn 0.3371 0.9170 0.2133
vn 0.3301 0.9248 0.1894
vn 0.3671 0.9168 0.1573
vn 0.0256 0.9984 -0.0510
vn -0.6420 0.6907 -0.3330
vn -0.8192 0.3645 -0.4427
vn -0.7547 0.6010 -0.2632
vn -0.2584 0.9491 -0.1801
vn -0.7864 0.4538 -0.4191
vn -0.7328 0.4381 -0.5206
vn -0.8221 0.3175 -0.4725
vn 0.0792 0.9524 0.2945
vn 0.2787 0.8032 0.5265
vn 0.3389 0.8341 0.4353
vn 0.0953 0.8470 0.5230
vn 0.4205 0.7139 0.5599
vn 0.3558 0.8896 0.2864
vn 0.0616 0.8642 0.4994
vn -0.1839 0.8643 0.4681
vn 0.0223 0.9458 0.3241
vn 0.0279 0.9726 0.2309
vn 0.2164 0.9378 0.2716
vn 0.2633 0.8916 0.3685
vn 0.1093 0.9788 0.1733
vn 0.2401 0.9434 0.2289
vn 0.2811 0.9238 0.2598
vn -0.0177 0.9646 0.2632
vn 0.0582 0.9749 0.2147
vn -0.1455 0.9272 0.3451
vn -0.2594 0.9651 -0.0372
vn -0.4411 0.8848 -0.1502
vn -0.0757 0.9765 0.2020
vn -0.0503 0.9582 0.2816
vn 0.0481 0.9782 0.2020
vn -0.0583 0.9703 0.2346
vn 0.0435 0.9565 0.2885
vn -0.1348 0.9418 0.3079
vn -0.0294 0.9529 0.3019
vn -0.1270 0.9859 0.1090
vn -0.0944 0.9757 0.1978
vn -0.1121 0.8621 0.4941
vn -0.4543 0.6740 0.5825
vn -0.1078 0.8178 0.5654
vn -0.1520 0.7817 0.6049
vn -0.1321 0.7387 0.6609
vn -0.0820 0.6612 0.7457
vn -0.1799 0.7268 0.6629
vn -0.1040 0.7336 0.6715
vn -0.2334 0.6394 0.7326
vn -0.0959 0.8290 0.5510
vn 0.0550 0.8331 0.5504
vn 0.0030 0.9249 0.3801
vn -0.0457 0.8145 0.5783
vn -0.2376 0.7002 0.6733
vn -0.1813 0.6464 0.7412
vn -0.0467 0.8060 0.5901
vn -0.0678 0.9533 0.2944
vn -0.2234 0.5367 0.8136
vn -0.1495 0.9278 0.3417
vn 0.0083 0.9417 0.3364
vn -0.1107 0.8899 0.4425
vn -0.0554 0.9040 0.4239
vn 0.0169 0.8194 0.5730
vn -0.1769 0.7601 0.6253
vn 0.0636 0.8248 0.5618
vn -0.0063 0.7974 0.6034
vn 0.1489 0.8515 0.5027
vn 0.0980 0.8396 0.5342
vn 0.1217 0.8360 0.5351
vn -0.1764 0.8731 0.4545
vn -0.0873 0.9003 0.4265
vn 0.0728 0.8990 0.4319
vn -0.1580 0.9679 0.1956
vn 0.0507 0.9472 0.3168
vn 0.0561 0.9802 0.1897
vn -0.1093 0.9650 0.2386
vn 0.0217 0.9684 0.2485
vn -0.0133 0.9393 0.3429
vn -0.0208 0.9707 0.2392
vn -0.0985 0.9651 0.2426
vn -0.1930 0.9641 0.1824
vn -0.0828 0.9782 0.1905
vn -0.2440 0.9346 0.2588
vn -0.1952 0.9518 0.2366
vn -0.1028 0.9844 0.1425
vn -0.0679 0.9417 0.3295
vn 0.0752 0.9152 0.3960
vn -0.0441 0.9880 0.1482
vn -0.2754 0.9065 0.3200
vn -0.3710 0.9147 0.1605
vn -0.2165 0.9653 0.1459
vn -0.2759 0.9135 0.2991
vn -0.1800 0.9555 0.2338
vn 0.1102 0.9373 0.3306
vn 0.0606 0.9561 0.2866
vn 0.2555 0.9107 0.3245
vn 0.0780 0.9369 0.3407
vn -0.0032 0.9321 0.3622
vn -0.0352 0.9491 0.3130
vn -0.1947 0.9449 0.2630
vn -0.1639 0.9776 0.1319
vn -0.1038 0.9137 0.3929
vn -0.0644 0.9223 0.3810
vn -0.0961 0.9501 0.2968
vn -0.0822 0.8786 0.4704
vn -0.0636 0.9434 0.3254
vn -0.0514 0.9114 0.4083
vn 0.2040 0.9523 0.2271
vn -0.0200 0.9765 0.2144
vn -0.0051 0.9773 0.2119
vn -0.1053 0.9366 0.3343
vn -0.1107 0.9697 0.2179
vn -0.0342 0.9728 0.2289
vn -0.3388 0.8561 0.3903
vn -0.2079 0.9343 0.2895
vn -0.2105 0.9097 0.3581
vn -0.2744 0.8972 0.3461
vn -0.0590 0.9553 0.2897
vn -0.0878 0.9654 0.2454
vn -0.1119 0.9514 0.2870
vn -0.1599 0.9467 0.2798
vn -0.0338 0.9797 0.1974
vn -0.0915 0.9688 0.2305
vn 0.0088 0.9058 0.4237
vn 0.0739 0.9968 -0.0319
vn -0.1630 0.8461 0.5074
vn 0.1016 0.9514 0.2906
vn -0.1214 0.8959 0.4274
vn 0.0974 0.9866 0.1312
vn 0.3282 0.9342 0.1395
vn -0.0870 0.9946 0.0562
vn -0.1261 0.9829 0.1345
vn -0.3630 0.9189 -0.1544
vn -0.1652 0.9786 -0.1224
vn -0.3541 0.9342 -0.0430
vn -0.2762 0.9252 -0.2602
vn -0.1731 0.9757 0.1346
vn -0.1670 0.9595 0.2269
vn -0.1903 0.9085 0.3720
vn -0.0424 0.9888 0.1434
vn -0.1393 0.9834 -0.1159
vn -0.0068 0.9959 0.0903
vn -0.1625 0.9811 0.1056
vn -0.0800 0.9729 0.2171
vn -0.2673 0.9471 0.1775
vn -0.3209 0.9030 0.2858
vn -0.3390 0.8755 0.3443
vn -0.1708 0.8697 0.4630
vn -0.3603 0.8358 0.4142
vn -0.1685 0.9310 0.3237
vn -0.3153 0.8770 0.3627
vn -0.0877 0.8926 0.4422
vn -0.5044 0.7704 -0.3900
vn -0.0645 0.9954 0.0705
vn 0.1344 0.8839 0.4480
vn -0.0079 0.9807 0.1954
vn -0.0072 0.9414 0.3371
vn -0.3217 0.7554 -0.5708
vn -0.0469 0.9495 -0.3104
vn -0.0690 0.9971 0.0305
vn -0.1859 0.9292 -0.3193
vn -0.1867 0.8967 -0.4012
vn -0.0920 0.9163 -0.3897
vn -0.0860 0.9189 -0.3851
vn -0.1911 0.9301 -0.3137
vn -0.5023 0.7619 -0.4090
vn -0.1334 0.8834 -0.4492
vn -0.2873 0.7876 -0.5450
vn -0.8077 0.4993 -0.3136
vn -0.8438 0.3835 -0.3754
vn -0.5846 0.6839 -0.4364
vn -0.2449 0.7689 -0.5906
vn -0.4697 0.6103 -0.6379
vn -0.2960 0.8487 -0.4383
vn -0.1446 0.8060 -0.5740
vn -0.1924 0.9383 -0.2874
vn -0.2486 0.6391 -0.7279
vn -0.1376 0.5837 -0.8002
vn -0.1089 0.4939 -0.8627
vn 0.0624 0.7080 -0.7034
vn -0.0309 0.4062 -0.9133
vn -0.0601 0.5274 -0.8475
vn -0.0978 0.5045 -0.8579
vn 0.0381 0.8859 -0.4622
vn 0.3649 0.8663 -0.3410
vn 0.0186 0.9790 -0.2030
vn 0.1317 0.9538 -0.2702
vn 0.4064 0.8066 -0.4292
vn 0.6795 0.6895 -0.2506
vn 0.4167 0.7166 -0.5594
vn 0.4900 0.4711 -0.7335
vn 0.0263 0.4745 -0.8798
vn -0.0195 0.2584 -0.9658
vn 0.2118 0.2907 -0.9331
vn -0.4802 0.4036 -0.7788
vn 0.3638 0.6602 -0.6571
vn 0.2300 0.8467 -0.4798
vn -0.3571 0.5302 -0.7690
vn -0.0920 0.8850 -0.4565
vn -0.3937 0.3108 -0.8651
vn -0.1334 0.7740 -0.6189
vn -0.4747 0.8728 -0.1132
vn -0.3975 0.8362 0.3777
vn -0.0071 0.9753 -0.2209
vn -0.2589 0.9012 0.3475
vn -0.0567 0.9556 0.2891
vn -0.1817 0.8687 0.4608
vn -0.1954 0.8666 0.4591
vn -0.3149 0.9117 0.2638
vn -0.4865 0.8155 0.3135
vn -0.2453 0.9366 0.2502
vn -0.0861 0.9183 0.3865
vn -0.1740 0.9271 0.3319
vn -0.0740 0.9323 0.3540
vn -0.3891 0.7767 0.4953
vn -0.2307 0.8215 0.5215
vn -0.2816 0.7782 0.5613
vn -0.3760 0.8123 0.4459
vn -0.2013 0.9721 0.1206
vn 0.2013 0.9789 -0.0352
vn -0.1415 0.6599 -0.7379
vn -0.2407 0.9705 -0.0155
vn 0.0276 0.8292 -0.5583
vn -0.1929 0.3988 -0.8965
vn 0.1758 0.6416 -0.7467
vn 0.3777 0.5136 -0.7704
vn 0.8264 0.4879 -0.2811
vn 0.5343 0.4930 -0.6866
vn 0.0206 0.3966 -0.9178
vn 0.1026 0.3903 -0.9150
vn -0.1465 0.5418 -0.8276
vn -0.1688 0.4601 -0.8717
vn -0.0843 0.6318 -0.7705
vn -0.1324 0.4269 -0.8946
vn -0.1962 0.5526 -0.8100
vn -0.1568 0.7655 -0.6240
vn -0.0239 0.1839 -0.9827
vn -0.0999 0.3432 -0.9339
vn -0.1308 0.9136 -0.3851
vn 0.0557 0.4177 -0.9069
vn -0.0873 0.5365 -0.8394
vn -0.1281 0.6611 -0.7393
vn -0.0989 0.6358 -0.7655
vn 0.4280 0.8676 -0.2530
vn -0.0378 0.7243 -0.6885
vn -0.0336 0.7603 -0.6487
vn -0.2703 0.8869 -0.3745
vn 0.2322 0.9146 -0.3310
vn 0.0712 0.7731 -0.6303
vn 0.3294 0.8159 -0.4752
vn -0.0233 0.9117 -0.4101
vn 0.0176 0.7662 -0.6424
vn 0.3443 0.8300 -0.4388
vn 0.0372 0.6509 -0.7583
vn -0.0511 0.6622 -0.7476
vn -0.1944 0.5832 -0.7888
vn 0.0083 0.4934 -0.8698
vn 0.1078 0.7068 -0.6991
vn -0.0725 0.6639 -0.7443
vn 0.1536 0.7544 -0.6381
vn 0.2669 0.8957 -0.3557
vn 0.2668 0.6042 -0.7509
vn 0.0088 0.8166 -0.5771
vn 0.0343 0.7595 -0.6496
vn -0.0901 0.5971 -0.7971
vn -0.0157 0.5413 -0.8407
vn -0.1026 0.6993 -0.7075
vn -0.1672 0.7694 -0.6165
vn -0.1336 0.6585 -0.7406
vn -0.2316 0.6731 -0.7024
vn -0.2549 0.6633 -0.7037
vn -0.2948 0.6978 -0.6529
vn -0.2279 0.6523 -0.7228
vn -0.2361 0.6360 -0.7347
vn -0.1955 0.6235 -0.7569
vn -0.2283 0.6215 -0.7494
vn -0.1807 0.5766 -0.7968
vn -0.1958 0.5964 -0.7784
vn -0.1313 0.5417 -0.8303
vn -0.2651 0.6303 -0.7297
vn -0.2556 0.6362 -0.7279
vn -0.2708 0.6566 -0.7039
vn -0.2423 0.7129 -0.6581
vn -0.1662 0.5463 -0.8209
vn 0.5377 0.5061 -0.6743
vn -0.1605 0.5824 -0.7969
vn -0.3255 0.6893 -0.6473
vn -0.2225 0.6784 -0.7002
vn -0.3492 0.5594 -0.7518
vn -0.2770 0.6228 -0.7317
vn 0.0042 0.8106 -0.5856
vn -0.0865 0.8564 -0.5090
vn 0.1153 0.7167 -0.6878
vn -0.1959 0.6156 -0.7633
vn -0.3878 0.6109 -0.6902
vn -0.0694 0.5059 -0.8598
vn -0.4415 0.4958 -0.7478
vn -0.5502 0.5179 -0.6550
vn -0.8030 0.4338 -0.4086
vn -0.7896 0.4556 -0.4110
vn -0.7835 0.4890 -0.3834
vn -0.7881 0.5445 -0.2869
vn -0.4461 0.5761 -0.6849
vn -0.8137 0.5190 -0.2617
vn -0.8088 0.4941 -0.3189
vn -0.8465 0.4552 -0.2761
vn -0.8622 0.3606 -0.3558
vn -0.5272 0.7591 -0.3820
vn -0.4377 0.6127 -0.6580
vn -0.0737 0.4798 -0.8743
vn -0.0790 0.5535 -0.8291
vn -0.0922 0.5069 -0.8570
vn 0.0044 0.6015 -0.7988
vn 0.0081 0.5296 -0.8482
vn 0.0343 0.4284 -0.9030
vn 0.3812 0.7824 -0.4924
vn 0.4960 0.6954 -0.5200
vn 0.6588 0.7449 -0.1054
vn -0.0998 0.9851 0.1403
vn -0.5406 0.8351 0.1020
vn 0.0969 0.9346 -0.3423
vn -0.1504 0.9846 -0.0886
vn -0.1728 0.9848 0.0196
vn -0.4897 0.7889 -0.3713
vn -0.0235 0.9628 0.2691
vn -0.1401 0.9593 0.2452
vn -0.1599 0.9272 0.3388
vn -0.2304 0.9681 0.0990
vn -0.1525 0.6702 0.7264
vn 0.0210 0.8840 0.4669
vn 0.0833 0.8054 0.5869
vn -0.1213 0.9815 0.1481
vn -0.0184 0.8036 -0.5949
vn -0.7197 0.5514 0.4219
vn 0.9626 0.0195 -0.2704
vn 0.8846 0.4526 -0.1123
vn 0.8465 0.5268 0.0765
vn 0.5387 0.7719 -0.3376
vn 0.8218 0.3599 0.4417
vn 0.4597 0.8649 0.2015
vn 0.1531 0.9412 0.3011
vn 0.1546 0.9484 0.2770
vn 0.1967 0.9510 0.2385
vn 0.3875 0.9103 0.1454
vn 0.2791 0.9396 0.1982
vn 0.3920 0.8562 0.3364
vn 0.2395 0.9668 0.0891
vn 0.3552 0.9034 0.2402
vn 0.1587 0.9838 0.0832
vn 0.5134 0.8095 0.2848
vn -0.0080 0.7913 -0.6113
vn 0.1801 0.7208 -0.6693
vn 0.0864 0.7333 -0.6744
vn -0.8893 0.3652 -0.2753
vn -0.9040 0.4092 -0.1240
vn -0.7826 0.5072 -0.3610
vn -0.8842 0.4331 -0.1746
vn -0.8320 0.3076 -0.4617
vn -0.7578 0.5490 -0.3525
vn -0.7676 0.4008 -0.5001
vn -0.8895 0.3834 -0.2487
vn -0.8650 0.2923 -0.4079
vn -0.8497 0.3728 -0.3729
vn -0.8245 0.3617 -0.4351
vn -0.8621 0.3588 -0.3577
vn -0.7923 0.4222 -0.4405
vn -0.8493 0.3520 -0.3934
vn -0.7802 0.3445 -0.5222
vn -0.7857 0.4037 -0.4688
vn -0.7666 0.4442 -0.4637
vn -0.7973 0.4489 -0.4036
vn -0.8098 0.4043 -0.4251
vn -0.7759 0.4674 -0.4236
vn -0.7611 0.4653 -0.4518
vn -0.7847 0.4650 -0.4100
vn -0.9302 0.3668 -0.0114
vn -0.7956 0.4489 -0.4068
vn -0.8018 0.4167 -0.4284
vn -0.9908 0.1224 0.0583
vn -0.7852 -0.1838 0.5914
vn -0.5355 0.0210 0.8442
vn 0.7426 -0.6595 -0.1167
vn 0.7660 -0.6356 0.0965
vn 0.8246 -0.5657 -0.0007
vn 0.4936 -0.0192 -0.8695
vn 0.6273 -0.0430 -0.7776
vn 0.4299 0.2324 -0.8724
vn 0.5067 0.1468 -0.8495
vn 0.5788 -0.0185 -0.8153
vn 0.4073 0.3924 -0.8247
vn 0.3640 0.3436 -0.8657
vn 0.5239 -0.0751 -0.8485
vn 0.5488 0.2708 -0.7909
vn 0.3585 0.1948 -0.9130
vn 0.4135 0.4111 -0.8124
vn 0.3067 0.1783 -0.9349
vn 0.1922 -0.0449 -0.9803
vn 0.5121 -0.0305 -0.8584
vn 0.3270 0.2443 -0.9129
vn 0.1165 -0.0689 -0.9908
vn 0.1536 0.0404 -0.9873
vn 0.8081 -0.5871 0.0485
vn 0.8624 -0.4885 0.1328
vn 0.8984 -0.3968 0.1880
vn 0.8613 -0.5041 0.0636
vn 0.6693 0.1852 -0.7195
vn 0.2239 0.1263 -0.9664
vn 0.7830 -0.5267 0.3308
vn 0.7047 -0.6268 -0.3325
vn -0.7757 0.4002 -0.4879
vn -0.8242 0.2060 -0.5275
vn -0.4884 0.4518 -0.7466
vt 0.279995 0.240622
vt 0.276907 0.240418
vt 0.276739 0.233706
vt 0.275020 0.241988
vt 0.274568 0.238770
vt 0.268738 0.242816
vt 0.270987 0.239335
vt 0.261619 0.243848
vt 0.261272 0.239570
vt 0.263136 0.235918
vt 0.269593 0.234057
vt 0.270580 0.230023
vt 0.265275 0.228437
vt 0.272671 0.227443
vt 0.277120 0.227818
vt 0.269165 0.223688
vt 0.274890 0.220098
vt 0.282041 0.225264
vt 0.281333 0.219307
vt 0.276910 0.213184
vt 0.271116 0.215363
vt 0.287110 0.223552
vt 0.283210 0.214213
vt 0.289595 0.217959
vt 0.293173 0.220520
vt 0.288655 0.227913
vt 0.292658 0.226021
vt 0.294423 0.231960
vt 0.297085 0.224456
vt 0.301358 0.221131
vt 0.303615 0.229472
vt 0.297978 0.230154
vt 0.302901 0.238155
vt 0.293139 0.235691
vt 0.293088 0.240602
vt 0.287715 0.237556
vt 0.286598 0.233677
vt 0.289648 0.233911
vt 0.294059 0.247152
vt 0.296916 0.243965
vt 0.288643 0.241713
vt 0.285026 0.243868
vt 0.283971 0.240897
vt 0.288822 0.247287
vt 0.292510 0.252256
vt 0.284192 0.246012
vt 0.282846 0.250114
vt 0.280051 0.248844
vt 0.279130 0.245518
vt 0.286486 0.251522
vt 0.280479 0.251520
vt 0.291024 0.256763
vt 0.287092 0.254526
vt 0.283514 0.254121
vt 0.275090 0.248916
vt 0.277529 0.252639
vt 0.276906 0.257812
vt 0.271651 0.253616
vt 0.274294 0.262513
vt 0.282950 0.257727
vt 0.280581 0.261835
vt 0.268850 0.260452
vt 0.274884 0.267735
vt 0.270795 0.265307
vt 0.267954 0.269025
vt 0.262466 0.265887
vt 0.264575 0.259808
vt 0.266841 0.255531
vt 0.261782 0.249726
vt 0.269782 0.246762
vt 0.261322 0.256237
vt 0.255299 0.253078
vt 0.256291 0.248731
vt 0.250708 0.247922
vt 0.252539 0.241368
vt 0.247021 0.245715
vt 0.244808 0.241298
vt 0.247087 0.256840
vt 0.242591 0.250425
vt 0.238638 0.240901
vt 0.246023 0.236994
vt 0.239789 0.246288
vt 0.234267 0.240634
vt 0.233516 0.248644
vt 0.238636 0.235637
vt 0.237867 0.255665
vt 0.232292 0.254040
vt 0.229654 0.245290
vt 0.228342 0.249612
vt 0.232577 0.257849
vt 0.227826 0.253620
vt 0.229625 0.262540
vt 0.221356 0.257975
vt 0.224543 0.252529
vt 0.219980 0.252892
vt 0.219419 0.248097
vt 0.217274 0.256845
vt 0.215337 0.248886
vt 0.214830 0.264197
vt 0.212769 0.258234
vt 0.218544 0.266341
vt 0.214524 0.253008
vt 0.221192 0.271480
vt 0.212618 0.268323
vt 0.223659 0.262254
vt 0.223581 0.265479
vt 0.221974 0.276639
vt 0.226311 0.267958
vt 0.217811 0.275431
vt 0.213800 0.273007
vt 0.214410 0.278919
vt 0.206735 0.272123
vt 0.208515 0.278915
vt 0.214901 0.284978
vt 0.221481 0.283674
vt 0.226901 0.276632
vt 0.219853 0.291660
vt 0.228068 0.284537
vt 0.230272 0.272501
vt 0.232264 0.277773
vt 0.234668 0.285269
vt 0.240077 0.277105
vt 0.235600 0.272971
vt 0.242514 0.284617
vt 0.245912 0.279640
vt 0.245475 0.275714
vt 0.239952 0.269698
vt 0.252543 0.278870
vt 0.247532 0.270468
vt 0.255766 0.267391
vt 0.254519 0.275258
vt 0.249032 0.261340
vt 0.243018 0.264762
vt 0.253977 0.257487
vt 0.254095 0.262201
vt 0.233248 0.266796
vt 0.235161 0.261567
vt 0.256454 0.272098
vt 0.261004 0.280897
vt 0.262203 0.275859
vt 0.261653 0.272188
vt 0.268422 0.280915
vt 0.271340 0.274727
vt 0.267063 0.272544
vt 0.274652 0.271351
vt 0.272769 0.278236
vt 0.277228 0.274853
vt 0.279602 0.277726
vt 0.273710 0.284463
vt 0.280614 0.287998
vt 0.270860 0.289151
vt 0.280577 0.283463
vt 0.264899 0.285698
vt 0.261757 0.292610
vt 0.261424 0.287684
vt 0.256446 0.283563
vt 0.257591 0.288874
vt 0.258250 0.295052
vt 0.253080 0.288063
vt 0.251005 0.294892
vt 0.245791 0.289026
vt 0.250064 0.284156
vt 0.250141 0.299645
vt 0.244158 0.298083
vt 0.242938 0.293002
vt 0.237356 0.294217
vt 0.242386 0.303613
vt 0.237356 0.300094
vt 0.231998 0.296141
vt 0.236280 0.291408
vt 0.225144 0.298867
vt 0.227526 0.291126
vt 0.226564 0.303795
vt 0.233087 0.305158
vt 0.219497 0.295073
vt 0.215223 0.299630
vt 0.213557 0.294149
vt 0.222339 0.305489
vt 0.217073 0.303380
vt 0.208492 0.296674
vt 0.211309 0.291183
vt 0.209086 0.303430
vt 0.203184 0.299423
vt 0.205862 0.288541
vt 0.201920 0.293226
vt 0.199535 0.296824
vt 0.201193 0.302745
vt 0.207663 0.307487
vt 0.200621 0.306533
vt 0.195606 0.304660
vt 0.196153 0.299043
vt 0.203429 0.310472
vt 0.192233 0.297982
vt 0.196681 0.293940
vt 0.190881 0.302954
vt 0.185098 0.297238
vt 0.185546 0.307572
vt 0.194029 0.307840
vt 0.198677 0.310548
vt 0.196520 0.312926
vt 0.191837 0.312566
vt 0.196875 0.319945
vt 0.190689 0.316600
vt 0.627654 0.597070
vt 0.622670 0.601196
vt 0.621243 0.594179
vt 0.613954 0.586646
vt 0.614779 0.594871
vt 0.614340 0.602945
vt 0.610484 0.598644
vt 0.608379 0.592692
vt 0.606134 0.605549
vt 0.605117 0.599430
vt 0.599514 0.607806
vt 0.606480 0.612145
vt 0.612157 0.613164
vt 0.608401 0.619730
vt 0.601097 0.617144
vt 0.603819 0.623740
vt 0.617030 0.619832
vt 0.613526 0.626361
vt 0.608820 0.624910
vt 0.617840 0.624401
vt 0.622629 0.621122
vt 0.618600 0.614541
vt 0.625872 0.612525
vt 0.623311 0.608306
vt 0.618426 0.606824
vt 0.628847 0.603429
vt 0.637292 0.602237
vt 0.633864 0.609673
vt 0.642602 0.604394
vt 0.633309 0.614842
vt 0.639992 0.612699
vt 0.214565 0.327373
vt 0.207990 0.332882
vt 0.204044 0.328515
vt 0.213879 0.333126
vt 0.212171 0.341174
vt 0.646822 0.614788
vt 0.649007 0.610837
vt 0.216353 0.337720
vt 0.845595 0.505334
vt 0.854253 0.501554
vt 0.849346 0.508929
vt 0.844521 0.509738
vt 0.849118 0.501281
vt 0.218187 0.333945
vt 0.851637 0.497994
vt 0.219971 0.328213
vt 0.221236 0.331503
vt 0.855211 0.498116
vt 0.222023 0.333925
vt 0.224283 0.326800
vt 0.227537 0.326699
vt 0.224317 0.321951
vt 0.217631 0.324387
vt 0.228304 0.321811
vt 0.208452 0.322419
vt 0.214632 0.317791
vt 0.219449 0.317400
vt 0.218271 0.309071
vt 0.214027 0.311381
vt 0.223347 0.314973
vt 0.206300 0.312583
vt 0.209873 0.319925
vt 0.204177 0.315535
vt 0.200802 0.312917
vt 0.200880 0.317690
vt 0.201883 0.319800
vt 0.228566 0.307038
vt 0.230411 0.314057
vt 0.228887 0.317485
vt 0.236340 0.319379
vt 0.237390 0.310294
vt 0.242455 0.317262
vt 0.237908 0.325089
vt 0.244027 0.321339
vt 0.249405 0.323645
vt 0.246267 0.328481
vt 0.238488 0.329926
vt 0.233821 0.331354
vt 0.243462 0.332020
vt 0.237876 0.333680
vt 0.876172 0.494071
vt 0.875373 0.501535
vt 0.871512 0.497362
vt 0.866068 0.498165
vt 0.232502 0.334675
vt 0.228205 0.333658
vt 0.864359 0.506921
vt 0.861626 0.497418
vt 0.859067 0.503014
vt 0.856250 0.511133
vt 0.850963 0.518659
vt 0.844312 0.518597
vt 0.864028 0.511726
vt 0.862276 0.518976
vt 0.869690 0.515475
vt 0.870516 0.521912
vt 0.856227 0.523186
vt 0.867576 0.524438
vt 0.858155 0.527358
vt 0.876643 0.522217
vt 0.881379 0.526180
vt 0.875213 0.512950
vt 0.882163 0.516662
vt 0.891292 0.523498
vt 0.895902 0.528850
vt 0.889023 0.535154
vt 0.878106 0.533565
vt 0.870650 0.532499
vt 0.897748 0.539158
vt 0.900245 0.531327
vt 0.884211 0.538760
vt 0.889369 0.539190
vt 0.887001 0.552337
vt 0.886245 0.547400
vt 0.894081 0.546828
vt 0.893584 0.557947
vt 0.903167 0.552965
vt 0.901263 0.543357
vt 0.904482 0.540214
vt 0.909013 0.539814
vt 0.907001 0.532838
vt 0.909202 0.549236
vt 0.905111 0.550467
vt 0.907153 0.558741
vt 0.908257 0.566874
vt 0.915115 0.555478
vt 0.897849 0.564682
vt 0.925126 0.557859
vt 0.919958 0.564240
vt 0.924564 0.551459
vt 0.915550 0.545597
vt 0.920398 0.549512
vt 0.921217 0.538500
vt 0.923371 0.544205
vt 0.920486 0.533804
vt 0.929573 0.540950
vt 0.934312 0.536948
vt 0.938341 0.541478
vt 0.934807 0.547786
vt 0.950689 0.542820
vt 0.947643 0.536367
vt 0.940232 0.534802
vt 0.943119 0.548441
vt 0.953005 0.546346
vt 0.955271 0.537558
vt 0.963465 0.538103
vt 0.958884 0.533337
vt 0.950162 0.530773
vt 0.951311 0.525273
vt 0.944672 0.526644
vt 0.936512 0.529512
vt 0.936776 0.522731
vt 0.945833 0.517518
vt 0.927890 0.533679
vt 0.925645 0.528162
vt 0.917802 0.522511
vt 0.924163 0.522009
vt 0.929319 0.519724
vt 0.922239 0.517952
vt 0.916967 0.514511
vt 0.923130 0.511765
vt 0.910599 0.518799
vt 0.909219 0.511577
vt 0.907190 0.500715
vt 0.896976 0.502831
vt 0.914429 0.504845
vt 0.902439 0.513779
vt 0.895321 0.509383
vt 0.900095 0.497413
vt 0.892076 0.498922
vt 0.896027 0.496436
vt 0.887538 0.508278
vt 0.263633 0.331376
vt 0.256662 0.330368
vt 0.264365 0.327386
vt 0.267739 0.332355
vt 0.889192 0.495036
vt 0.260287 0.324142
vt 0.252235 0.325679
vt 0.250522 0.330855
vt 0.883642 0.502173
vt 0.883213 0.493872
vt 0.875850 0.507606
vt 0.256403 0.319448
vt 0.251502 0.319736
vt 0.251913 0.314375
vt 0.256339 0.313331
vt 0.258841 0.314988
vt 0.260455 0.318669
vt 0.247565 0.316567
vt 0.248616 0.315077
vt 0.248385 0.312182
vt 0.245436 0.309714
vt 0.251834 0.309662
vt 0.250272 0.305002
vt 0.242352 0.308830
vt 0.255014 0.306525
vt 0.258564 0.301650
vt 0.263164 0.298294
vt 0.265145 0.305691
vt 0.260434 0.307563
vt 0.267809 0.313779
vt 0.269937 0.302310
vt 0.270701 0.306803
vt 0.272903 0.309881
vt 0.275276 0.306357
vt 0.280022 0.305322
vt 0.279397 0.310547
vt 0.278649 0.299664
vt 0.286897 0.302673
vt 0.280242 0.296338
vt 0.274950 0.295010
vt 0.289345 0.297293
vt 0.287340 0.293538
vt 0.278440 0.292615
vt 0.296082 0.298522
vt 0.291794 0.289518
vt 0.287236 0.290437
vt 0.295038 0.306389
vt 0.302194 0.302364
vt 0.302515 0.296607
vt 0.292187 0.302610
vt 0.297198 0.291352
vt 0.299549 0.288595
vt 0.294504 0.286796
vt 0.297868 0.281520
vt 0.304527 0.284337
vt 0.306616 0.292911
vt 0.301378 0.277174
vt 0.308475 0.279206
vt 0.310446 0.286087
vt 0.314415 0.281882
vt 0.315567 0.277574
vt 0.305840 0.275183
vt 0.311625 0.275667
vt 0.312667 0.271746
vt 0.319049 0.273486
vt 0.319714 0.279957
vt 0.314145 0.265642
vt 0.321802 0.267782
vt 0.325612 0.276140
vt 0.321101 0.279660
vt 0.330043 0.272217
vt 0.334732 0.277452
vt 0.328547 0.284132
vt 0.334050 0.284341
vt 0.336806 0.290003
vt 0.327548 0.288152
vt 0.332199 0.291857
vt 0.325001 0.293607
vt 0.338134 0.296471
vt 0.331842 0.296338
vt 0.342439 0.301706
vt 0.334320 0.302980
vt 0.343607 0.297059
vt 0.342972 0.291149
vt 0.342623 0.285462
vt 0.350420 0.291440
vt 0.344760 0.280940
vt 0.339712 0.283369
vt 0.347149 0.285458
vt 0.347130 0.273508
vt 0.339979 0.273578
vt 0.336306 0.280250
vt 0.339840 0.267505
vt 0.350505 0.267782
vt 0.345100 0.263536
vt 0.329380 0.266098
vt 0.338044 0.263139
vt 0.352785 0.263704
vt 0.345347 0.260247
vt 0.350034 0.258430
vt 0.358175 0.266318
vt 0.861788 0.233949
vt 0.865925 0.235677
vt 0.860015 0.238098
vt 0.358838 0.261499
vt 0.356224 0.259393
vt 0.857902 0.238456
vt 0.911233 0.971844
vt 0.917935 0.970252
vt 0.916444 0.980060
vt 0.353529 0.274194
vt 0.909212 0.965724
vt 0.921277 0.970610
vt 0.918949 0.963716
vt 0.914283 0.963650
vt 0.914147 0.959871
vt 0.924846 0.961768
vt 0.917454 0.955843
vt 0.917836 0.951892
vt 0.930079 0.958081
vt 0.926047 0.953354
vt 0.934069 0.964904
vt 0.928184 0.970002
vt 0.928443 0.980022
vt 0.924495 0.976443
vt 0.934900 0.973784
vt 0.921611 0.977698
vt 0.925542 0.983700
vt 0.918511 0.983889
vt 0.351301 0.277673
vt 0.351622 0.284513
vt 0.932492 0.981967
vt 0.936509 0.977625
vt 0.938978 0.974088
vt 0.939018 0.980546
vt 0.944284 0.974360
vt 0.944975 0.965535
vt 0.940495 0.961542
vt 0.948210 0.960892
vt 0.950815 0.966404
vt 0.948848 0.973838
vt 0.955252 0.966630
vt 0.951893 0.958530
vt 0.956711 0.961796
vt 0.947183 0.950637
vt 0.941414 0.956343
vt 0.957746 0.969417
vt 0.960131 0.965030
vt 0.967446 0.967106
vt 0.960384 0.959071
vt 0.963889 0.961547
vt 0.961085 0.971329
vt 0.969676 0.963446
vt 0.977369 0.966266
vt 0.356365 0.327504
vt 0.354533 0.336985
vt 0.351176 0.333475
vt 0.353974 0.326769
vt 0.354942 0.320095
vt 0.953207 0.973644
vt 0.348867 0.317059
vt 0.349934 0.322612
vt 0.354920 0.311743
vt 0.351316 0.324868
vt 0.346354 0.321746
vt 0.344278 0.329060
vt 0.342593 0.324791
vt 0.340644 0.318756
vt 0.349136 0.328910
vt 0.344723 0.313872
vt 0.339322 0.310983
vt 0.335391 0.317919
vt 0.336840 0.323653
vt 0.334502 0.327032
vt 0.333118 0.313201
vt 0.331344 0.307233
vt 0.336580 0.306656
vt 0.326045 0.311491
vt 0.327778 0.319562
vt 0.318417 0.307634
vt 0.323514 0.303571
vt 0.328707 0.304235
vt 0.321394 0.314393
vt 0.325497 0.298785
vt 0.318161 0.300673
vt 0.319803 0.291785
vt 0.313080 0.298296
vt 0.322988 0.287691
vt 0.318563 0.286435
vt 0.312971 0.290084
vt 0.306709 0.302300
vt 0.310716 0.305797
vt 0.302152 0.306966
vt 0.307616 0.310612
vt 0.300015 0.310702
vt 0.306522 0.316967
vt 0.300844 0.317310
vt 0.289661 0.312909
vt 0.295773 0.315335
vt 0.295811 0.319236
vt 0.300172 0.322244
vt 0.307975 0.320335
vt 0.287884 0.316902
vt 0.295045 0.326422
vt 0.299043 0.329959
vt 0.292905 0.336008
vt 0.289202 0.330413
vt 0.287070 0.325973
vt 0.289037 0.320757
vt 0.282479 0.323415
vt 0.282418 0.329898
vt 0.276447 0.328308
vt 0.275918 0.324638
vt 0.282447 0.320559
vt 0.271917 0.322652
vt 0.270092 0.328933
vt 0.275654 0.332779
vt 0.272100 0.317729
vt 0.266389 0.321128
vt 0.274975 0.314016
vt 0.278056 0.317767
vt 0.281267 0.316030
vt 0.284038 0.309410
vt 0.284032 0.334293
vt 0.297836 0.334166
vt 0.930274 0.510228
vt 0.922622 0.508247
vt 0.300466 0.334814
vt 0.938641 0.513396
vt 0.935113 0.516275
vt 0.305722 0.332338
vt 0.309791 0.335262
vt 0.942544 0.515303
vt 0.314297 0.335367
vt 0.311726 0.328115
vt 0.316472 0.329176
vt 0.322779 0.332664
vt 0.317896 0.337229
vt 0.323120 0.330413
vt 0.329850 0.331181
vt 0.325533 0.339118
vt 0.332967 0.340143
vt 0.335736 0.333767
vt 0.327897 0.326140
vt 0.343351 0.337458
vt 0.338549 0.338301
vt 0.340187 0.331802
vt 0.339527 0.342023
vt 0.969260 0.533855
vt 0.965731 0.525591
vt 0.971078 0.528212
vt 0.345536 0.342381
vt 0.959115 0.524291
vt 0.978080 0.532815
vt 0.353587 0.343411
vt 0.348206 0.340203
vt 0.346998 0.334016
vt 0.983202 0.958228
vt 0.983416 0.963327
vt 0.979433 0.957508
vt 0.977230 0.962221
vt 0.977281 0.537640
vt 0.982392 0.953411
vt 0.975646 0.542045
vt 0.979084 0.950603
vt 0.982728 0.947645
vt 0.974587 0.547480
vt 0.969997 0.542976
vt 0.977393 0.944106
vt 0.980741 0.940969
vt 0.967355 0.557874
vt 0.962392 0.552059
vt 0.980658 0.935850
vt 0.962058 0.556707
vt 0.956514 0.551914
vt 0.951944 0.558418
vt 0.964879 0.564048
vt 0.953808 0.566414
vt 0.948554 0.563218
vt 0.948934 0.552511
vt 0.941804 0.556594
vt 0.936150 0.560586
vt 0.946144 0.568334
vt 0.941766 0.566581
vt 0.929459 0.567060
vt 0.937256 0.569494
vt 0.945273 0.572929
vt 0.936269 0.574666
vt 0.943866 0.578447
vt 0.937510 0.582584
vt 0.930743 0.580569
vt 0.927582 0.576261
vt 0.937527 0.590612
vt 0.933497 0.586381
vt 0.939578 0.599045
vt 0.930422 0.593514
vt 0.946300 0.590776
vt 0.947385 0.582802
vt 0.953959 0.582898
vt 0.953036 0.576353
vt 0.957761 0.579564
vt 0.956514 0.571644
vt 0.962207 0.573965
vt 0.978857 0.919303
vt 0.976983 0.924043
vt 0.975979 0.918819
vt 0.977382 0.911302
vt 0.979924 0.929076
vt 0.960638 0.581417
vt 0.970680 0.918177
vt 0.971684 0.912935
vt 0.973626 0.904402
vt 0.956642 0.586292
vt 0.979002 0.904877
vt 0.974106 0.898283
vt 0.967810 0.898939
vt 0.965408 0.907339
vt 0.961721 0.899111
vt 0.968988 0.891170
vt 0.961684 0.885852
vt 0.958877 0.893902
vt 0.972205 0.886936
vt 0.974654 0.893283
vt 0.950867 0.883863
vt 0.956057 0.879413
vt 0.953026 0.890813
vt 0.964424 0.882719
vt 0.967893 0.875143
vt 0.964182 0.874320
vt 0.960008 0.878091
vt 0.960441 0.872027
vt 0.952726 0.871176
vt 0.956809 0.866905
vt 0.948212 0.872222
vt 0.949241 0.867060
vt 0.950107 0.878630
vt 0.941912 0.882734
vt 0.945709 0.883839
vt 0.941114 0.873456
vt 0.937441 0.876806
vt 0.937269 0.881599
vt 0.940695 0.889929
vt 0.947108 0.891228
vt 0.944360 0.896287
vt 0.954616 0.900201
vt 0.958633 0.907958
vt 0.950907 0.902811
vt 0.943804 0.902523
vt 0.944276 0.908908
vt 0.947789 0.907073
vt 0.940080 0.905736
vt 0.942095 0.898411
vt 0.936422 0.902874
vt 0.936814 0.898217
vt 0.930589 0.902857
vt 0.930297 0.895908
vt 0.933272 0.894125
vt 0.935277 0.890827
vt 0.931026 0.888393
vt 0.933463 0.884515
vt 0.933162 0.877802
vt 0.931627 0.880732
vt 0.924185 0.884849
vt 0.924332 0.879032
vt 0.927059 0.877563
vt 0.919103 0.882562
vt 0.916518 0.889864
vt 0.923841 0.891688
vt 0.915331 0.895275
vt 0.908573 0.891566
vt 0.909757 0.884795
vt 0.907093 0.897269
vt 0.903018 0.890263
vt 0.903721 0.883216
vt 0.902420 0.895648
vt 0.898758 0.894522
vt 0.900157 0.885294
vt 0.897292 0.886221
vt 0.896662 0.899975
vt 0.892397 0.897104
vt 0.896303 0.892388
vt 0.892122 0.891514
vt 0.893055 0.887561
vt 0.890278 0.883911
vt 0.895178 0.880481
vt 0.899052 0.872810
vt 0.900527 0.879333
vt 0.893730 0.872451
vt 0.886929 0.879337
vt 0.883187 0.875900
vt 0.886460 0.874161
vt 0.882239 0.883503
vt 0.885251 0.866143
vt 0.892664 0.865416
vt 0.888774 0.862863
vt 0.894695 0.861476
vt 0.900309 0.865124
vt 0.904688 0.871886
vt 0.906826 0.865939
vt 0.902504 0.860306
vt 0.896841 0.857374
vt 0.906071 0.855789
vt 0.897183 0.853402
vt 0.905133 0.849420
vt 0.909524 0.859839
vt 0.910451 0.854661
vt 0.910567 0.851164
vt 0.916049 0.856110
vt 0.917989 0.850853
vt 0.912896 0.846137
vt 0.919490 0.845150
vt 0.923708 0.849011
vt 0.919737 0.854734
vt 0.918054 0.840932
vt 0.923381 0.838564
vt 0.914242 0.837860
vt 0.920295 0.832881
vt 0.915751 0.833558
vt 0.917934 0.829733
vt 0.924861 0.825230
vt 0.928071 0.833713
vt 0.933263 0.835761
vt 0.926168 0.839676
vt 0.932392 0.826766
vt 0.937520 0.833679
vt 0.939620 0.840869
vt 0.935299 0.842782
vt 0.931519 0.850867
vt 0.938295 0.848539
vt 0.927912 0.844771
vt 0.942265 0.843281
vt 0.948270 0.846231
vt 0.946346 0.838502
vt 0.950111 0.833753
vt 0.946728 0.833054
vt 0.941165 0.835264
vt 0.953116 0.843285
vt 0.941724 0.830709
vt 0.948087 0.828949
vt 0.937353 0.822795
vt 0.944564 0.822933
vt 0.952836 0.823507
vt 0.955196 0.825910
vt 0.960576 0.822119
vt 0.957373 0.831927
vt 0.955475 0.816202
vt 0.948972 0.817550
vt 0.963319 0.816941
vt 0.955886 0.808450
vt 0.962880 0.812537
vt 0.951001 0.813010
vt 0.940869 0.817630
vt 0.940350 0.813616
vt 0.946120 0.810793
vt 0.933472 0.815488
vt 0.936542 0.811552
vt 0.929480 0.809071
vt 0.924169 0.820567
vt 0.930321 0.818836
vt 0.923056 0.812808
vt 0.921569 0.818239
vt 0.919141 0.822108
vt 0.930067 0.821657
vt 0.917158 0.815247
vt 0.918373 0.805674
vt 0.913932 0.822200
vt 0.913422 0.815500
vt 0.915707 0.811766
vt 0.912708 0.807701
vt 0.906673 0.818418
vt 0.907673 0.810145
vt 0.907681 0.822153
vt 0.902535 0.818480
vt 0.903652 0.812808
vt 0.912137 0.827404
vt 0.906585 0.829132
vt 0.900957 0.824211
vt 0.895716 0.825306
vt 0.901486 0.829270
vt 0.902485 0.832681
vt 0.892940 0.833096
vt 0.900135 0.835180
vt 0.904882 0.838734
vt 0.907684 0.844484
vt 0.900919 0.842892
vt 0.908972 0.836123
vt 0.898529 0.847885
vt 0.893436 0.845577
vt 0.895057 0.838171
vt 0.888279 0.842625
vt 0.763079 0.326397
vt 0.761769 0.319861
vt 0.765794 0.320291
vt 0.885383 0.845727
vt 0.888859 0.850961
vt 0.757266 0.323609
vt 0.751357 0.321074
vt 0.759212 0.326891
vt 0.751576 0.328979
vt 0.757765 0.332307
vt 0.763451 0.335628
vt 0.768411 0.328817
vt 0.769081 0.333251
vt 0.763357 0.341115
vt 0.773756 0.327849
vt 0.775376 0.332217
vt 0.768631 0.341661
vt 0.770896 0.336782
vt 0.772629 0.341914
vt 0.778093 0.337580
vt 0.780117 0.332228
vt 0.782464 0.340562
vt 0.776171 0.343386
vt 0.787192 0.335869
vt 0.782960 0.334373
vt 0.788876 0.343376
vt 0.778513 0.353406
vt 0.785484 0.348243
vt 0.791733 0.339888
vt 0.792615 0.346671
vt 0.789385 0.348489
vt 0.795391 0.350713
vt 0.788411 0.353509
vt 0.784635 0.355299
vt 0.791768 0.356869
vt 0.786429 0.361114
vt 0.780475 0.361810
vt 0.791827 0.363953
vt 0.787616 0.364886
vt 0.792236 0.371153
vt 0.785456 0.369251
vt 0.783179 0.365660
vt 0.780788 0.369469
vt 0.785489 0.374926
vt 0.781482 0.381187
vt 0.769923 0.371473
vt 0.778162 0.378833
vt 0.778352 0.385981
vt 0.770198 0.381597
vt 0.762070 0.384450
vt 0.768440 0.390405
vt 0.774015 0.388774
vt 0.765851 0.379198
vt 0.765304 0.372656
vt 0.761094 0.380337
vt 0.756704 0.387954
vt 0.753167 0.385951
vt 0.757624 0.377863
vt 0.761455 0.372556
vt 0.761862 0.389276
vt 0.764720 0.394183
vt 0.753290 0.394035
vt 0.757122 0.400037
vt 0.762190 0.399481
vt 0.749259 0.394788
vt 0.767951 0.398239
vt 0.766678 0.402408
vt 0.763534 0.406177
vt 0.768014 0.406500
vt 0.770852 0.396583
vt 0.770168 0.410104
vt 0.777100 0.407660
vt 0.767155 0.414649
vt 0.779663 0.398409
vt 0.782721 0.405345
vt 0.775445 0.411758
vt 0.781555 0.410320
vt 0.789165 0.408845
vt 0.788387 0.411498
vt 0.782017 0.414641
vt 0.786041 0.418211
vt 0.782221 0.418735
vt 0.775513 0.419666
vt 0.780470 0.424418
vt 0.784628 0.427418
vt 0.791331 0.425710
vt 0.790001 0.420352
vt 0.778565 0.427592
vt 0.784971 0.432548
vt 0.780286 0.433108
vt 0.775902 0.427432
vt 0.784934 0.437960
vt 0.789560 0.429154
vt 0.789683 0.434828
vt 0.804983 0.611185
vt 0.802980 0.607910
vt 0.806367 0.604633
vt 0.802479 0.614129
vt 0.805023 0.618395
vt 0.791174 0.441920
vt 0.795409 0.440467
vt 0.794992 0.443970
vt 0.801103 0.617318
vt 0.804536 0.622682
vt 0.796862 0.621626
vt 0.795962 0.614116
vt 0.795013 0.619102
vt 0.791201 0.623973
vt 0.792961 0.628848
vt 0.797830 0.626879
vt 0.803451 0.630400
vt 0.801740 0.633649
vt 0.802971 0.443010
vt 0.801880 0.447741
vt 0.804853 0.449966
vt 0.810423 0.446866
vt 0.810336 0.442280
vt 0.814989 0.449903
vt 0.810643 0.451328
vt 0.802358 0.639423
vt 0.802114 0.643338
vt 0.797904 0.640277
vt 0.796598 0.634395
vt 0.813726 0.453853
vt 0.819071 0.455693
vt 0.818105 0.456125
vt 0.800748 0.647919
vt 0.825758 0.458336
vt 0.795667 0.648102
vt 0.792989 0.650151
vt 0.793690 0.657035
vt 0.802250 0.655082
vt 0.801200 0.659246
vt 0.795254 0.662188
vt 0.788542 0.666661
vt 0.787407 0.658198
vt 0.789660 0.654389
vt 0.801238 0.666284
vt 0.799662 0.672764
vt 0.793775 0.669188
vt 0.803671 0.673969
vt 0.836405 0.460102
vt 0.834981 0.456485
vt 0.842627 0.457773
vt 0.843589 0.463476
vt 0.829823 0.456577
vt 0.804115 0.677898
vt 0.847311 0.461987
vt 0.793415 0.678511
vt 0.797727 0.685448
vt 0.801456 0.685657
vt 0.804478 0.684755
vt 0.854161 0.463051
vt 0.849461 0.458667
vt 0.857629 0.457417
vt 0.855925 0.452070
vt 0.847808 0.452721
vt 0.372111 0.024026
vt 0.374926 0.025854
vt 0.372648 0.032438
vt 0.366876 0.037060
vt 0.367152 0.031683
vt 0.373027 0.036129
vt 0.859374 0.454347
vt 0.359698 0.032849
vt 0.362008 0.039765
vt 0.363978 0.044157
vt 0.371802 0.042252
vt 0.862316 0.444317
vt 0.861691 0.448875
vt 0.858688 0.446409
vt 0.373540 0.046720
vt 0.366859 0.048945
vt 0.857459 0.441074
vt 0.367635 0.055178
vt 0.375461 0.052066
vt 0.862506 0.441676
vt 0.866380 0.440059
vt 0.860081 0.440187
vt 0.372585 0.056178
vt 0.370379 0.062489
vt 0.362213 0.054035
vt 0.364247 0.058781
vt 0.354142 0.066610
vt 0.354289 0.057519
vt 0.360700 0.068357
vt 0.369911 0.067126
vt 0.345291 0.066551
vt 0.344606 0.058434
vt 0.347663 0.050689
vt 0.360419 0.045761
vt 0.353753 0.050356
vt 0.355291 0.040675
vt 0.344901 0.041787
vt 0.347782 0.038624
vt 0.346732 0.045700
vt 0.351359 0.036667
vt 0.355992 0.034192
vt 0.348800 0.033052
vt 0.353750 0.032848
vt 0.359777 0.027287
vt 0.355956 0.021435
vt 0.350107 0.023901
vt 0.781505 0.682481
vt 0.784761 0.685807
vt 0.779032 0.687676
vt 0.360544 0.019331
vt 0.789430 0.685089
vt 0.774451 0.685296
vt 0.788035 0.673253
vt 0.777808 0.681660
vt 0.783705 0.672826
vt 0.783634 0.664537
vt 0.775004 0.675143
vt 0.776479 0.669191
vt 0.768617 0.672655
vt 0.771320 0.682181
vt 0.769424 0.677571
vt 0.766534 0.688810
vt 0.767046 0.681137
vt 0.759735 0.685926
vt 0.761849 0.679264
vt 0.757213 0.679040
vt 0.751560 0.683784
vt 0.757336 0.691260
vt 0.752230 0.689015
vt 0.751742 0.676921
vt 0.748337 0.686478
vt 0.742175 0.683560
vt 0.743765 0.677002
vt 0.749585 0.673643
vt 0.736391 0.675701
vt 0.735361 0.682638
vt 0.745085 0.670896
vt 0.740560 0.671537
vt 0.737582 0.668174
vt 0.745297 0.666209
vt 0.732544 0.670093
vt 0.727987 0.675689
vt 0.726028 0.666663
vt 0.732958 0.665878
vt 0.723381 0.670046
vt 0.721858 0.675150
vt 0.731918 0.679568
vt 0.727941 0.680545
vt 0.723418 0.681894
vt 0.727471 0.685802
vt 0.729394 0.687685
vt 0.736793 0.687744
vt 0.723620 0.686495
vt 0.741272 0.691281
vt 0.737496 0.696017
vt 0.733809 0.693065
vt 0.730832 0.696560
vt 0.306270 0.024912
vt 0.299766 0.028256
vt 0.299622 0.022766
vt 0.296447 0.024106
vt 0.292306 0.022586
vt 0.724234 0.691649
vt 0.723639 0.698047
vt 0.721075 0.692915
vt 0.718363 0.687975
vt 0.716067 0.684500
vt 0.718767 0.696999
vt 0.716585 0.692357
vt 0.712370 0.688439
vt 0.709965 0.692305
vt 0.712740 0.695566
vt 0.706745 0.698755
vt 0.715417 0.700183
vt 0.710614 0.701717
vt 0.284297 0.024111
vt 0.278895 0.017808
vt 0.283724 0.020105
vt 0.291726 0.028652
vt 0.282692 0.030261
vt 0.275507 0.025880
vt 0.276055 0.036298
vt 0.268735 0.030926
vt 0.268656 0.024926
vt 0.271676 0.019798
vt 0.269981 0.043659
vt 0.267335 0.037451
vt 0.277502 0.041575
vt 0.287617 0.036025
vt 0.284363 0.041798
vt 0.292244 0.042633
vt 0.300422 0.033576
vt 0.295848 0.032301
vt 0.290093 0.032038
vt 0.299017 0.042746
vt 0.303899 0.035072
vt 0.309374 0.031290
vt 0.305330 0.039071
vt 0.314897 0.034897
vt 0.313447 0.024522
vt 0.304089 0.043795
vt 0.311421 0.044059
vt 0.320558 0.036557
vt 0.316331 0.045209
vt 0.310075 0.050521
vt 0.313986 0.054394
vt 0.320967 0.042954
vt 0.322345 0.049640
vt 0.309783 0.059730
vt 0.321208 0.060316
vt 0.307086 0.054559
vt 0.303310 0.058353
vt 0.300414 0.051196
vt 0.304544 0.049321
vt 0.300795 0.046566
vt 0.297040 0.049329
vt 0.297658 0.056176
vt 0.292420 0.053154
vt 0.297199 0.060424
vt 0.288720 0.058722
vt 0.297018 0.067579
vt 0.294466 0.073526
vt 0.286836 0.067931
vt 0.300258 0.072420
vt 0.308791 0.067550
vt 0.304823 0.075015
vt 0.299930 0.082626
vt 0.293940 0.079726
vt 0.292201 0.084216
vt 0.288999 0.072413
vt 0.280194 0.073160
vt 0.284730 0.074541
vt 0.280383 0.081110
vt 0.287346 0.085741
vt 0.284566 0.087585
vt 0.292279 0.092148
vt 0.295895 0.089295
vt 0.301413 0.086577
vt 0.298882 0.094154
vt 0.297573 0.106882
vt 0.292635 0.098880
vt 0.302815 0.094370
vt 0.299728 0.102289
vt 0.306207 0.105820
vt 0.303113 0.111788
vt 0.305218 0.100828
vt 0.313586 0.103946
vt 0.308495 0.096210
vt 0.312173 0.093182
vt 0.305779 0.084151
vt 0.315986 0.086846
vt 0.317863 0.095756
vt 0.311488 0.079541
vt 0.320935 0.077341
vt 0.326092 0.080822
vt 0.323156 0.089319
vt 0.314972 0.075127
vt 0.311978 0.074598
vt 0.303531 0.079547
vt 0.323300 0.068424
vt 0.316773 0.063787
vt 0.328425 0.070514
vt 0.326595 0.061785
vt 0.332413 0.065695
vt 0.333450 0.071776
vt 0.339665 0.077067
vt 0.331668 0.056757
vt 0.336844 0.059039
vt 0.332200 0.076368
vt 0.335117 0.080548
vt 0.343799 0.081846
vt 0.328343 0.087914
vt 0.334831 0.087943
vt 0.335485 0.094623
vt 0.339762 0.098680
vt 0.345542 0.096614
vt 0.342669 0.088876
vt 0.346377 0.092327
vt 0.348911 0.084605
vt 0.354663 0.096111
vt 0.353199 0.089788
vt 0.358796 0.091486
vt 0.356874 0.083040
vt 0.360495 0.103434
vt 0.365012 0.095477
vt 0.364851 0.091064
vt 0.882935 0.400936
vt 0.882881 0.394604
vt 0.887599 0.393740
vt 0.347623 0.105691
vt 0.885156 0.388094
vt 0.891682 0.387175
vt 0.355685 0.113203
vt 0.359675 0.111240
vt 0.879441 0.396159
vt 0.879502 0.392438
vt 0.882222 0.391038
vt 0.877091 0.399637
vt 0.874477 0.395877
vt 0.869673 0.401669
vt 0.880443 0.404472
vt 0.873643 0.406163
vt 0.864008 0.406778
vt 0.859084 0.404611
vt 0.864549 0.397302
vt 0.869448 0.396459
vt 0.867721 0.408523
vt 0.869712 0.392201
vt 0.865675 0.392344
vt 0.860696 0.391446
vt 0.866872 0.386660
vt 0.861619 0.385584
vt 0.871683 0.388946
vt 0.873255 0.383960
vt 0.868418 0.379527
vt 0.861496 0.376664
vt 0.872701 0.371973
vt 0.876874 0.374798
vt 0.863993 0.368656
vt 0.868156 0.364871
vt 0.876694 0.361315
vt 0.880274 0.370182
vt 0.865725 0.358093
vt 0.876315 0.356634
vt 0.881038 0.359146
vt 0.874425 0.351348
vt 0.881373 0.351462
vt 0.879580 0.346331
vt 0.876557 0.349905
vt 0.884384 0.348516
vt 0.884589 0.355696
vt 0.889158 0.358056
vt 0.883011 0.363639
vt 0.888098 0.356017
vt 0.896121 0.357456
vt 0.894373 0.352156
vt 0.891171 0.349793
vt 0.899935 0.348919
vt 0.892674 0.346623
vt 0.899533 0.354182
vt 0.363612 0.151923
vt 0.357120 0.145846
vt 0.363574 0.146588
vt 0.900286 0.359732
vt 0.362144 0.140969
vt 0.357043 0.140106
vt 0.359142 0.135212
vt 0.360714 0.133133
vt 0.900418 0.367532
vt 0.896337 0.364976
vt 0.892364 0.363903
vt 0.888409 0.364934
vt 0.890879 0.373134
vt 0.897650 0.370959
vt 0.362199 0.128815
vt 0.358199 0.124191
vt 0.360193 0.120569
vt 0.895913 0.378995
vt 0.887951 0.378376
vt 0.894046 0.383384
vt 0.360901 0.115667
vt 0.350765 0.121361
vt 0.885881 0.383739
vt 0.881508 0.376528
vt 0.882529 0.382425
vt 0.879924 0.386662
vt 0.878018 0.380816
vt 0.876745 0.390181
vt 0.884916 0.369254
vt 0.351278 0.134372
vt 0.355032 0.130559
vt 0.346308 0.123510
vt 0.346003 0.113249
vt 0.340397 0.118019
vt 0.340640 0.126080
vt 0.338698 0.108195
vt 0.333782 0.112878
vt 0.337438 0.112666
vt 0.337983 0.120186
vt 0.342330 0.134840
vt 0.331427 0.123588
vt 0.328345 0.127965
vt 0.335787 0.137511
vt 0.324887 0.118589
vt 0.321284 0.120769
vt 0.328578 0.132737
vt 0.323633 0.136511
vt 0.317617 0.132755
vt 0.315811 0.123023
vt 0.328856 0.141026
vt 0.314790 0.138100
vt 0.323242 0.143759
vt 0.318368 0.146371
vt 0.311306 0.140348
vt 0.306132 0.139243
vt 0.312990 0.130430
vt 0.300561 0.136544
vt 0.305575 0.128533
vt 0.300881 0.132711
vt 0.292340 0.139963
vt 0.299742 0.144910
vt 0.293101 0.132063
vt 0.296804 0.131203
vt 0.300046 0.121148
vt 0.305518 0.116728
vt 0.298865 0.114472
vt 0.293970 0.119146
vt 0.289819 0.122247
vt 0.288044 0.125721
vt 0.282530 0.117122
vt 0.291543 0.114713
vt 0.280970 0.121906
vt 0.283044 0.126569
vt 0.287178 0.131357
vt 0.279506 0.133276
vt 0.282675 0.137836
vt 0.288126 0.142578
vt 0.277325 0.149384
vt 0.293406 0.150396
vt 0.290963 0.156873
vt 0.302591 0.163630
vt 0.301128 0.156132
vt 0.295637 0.165991
vt 0.286687 0.161338
vt 0.282872 0.165649
vt 0.287622 0.165916
vt 0.279620 0.161887
vt 0.280932 0.173119
vt 0.289553 0.171756
vt 0.284207 0.178451
vt 0.290025 0.174240
vt 0.295255 0.175433
vt 0.294982 0.179327
vt 0.285092 0.183509
vt 0.279953 0.181177
vt 0.276873 0.177333
vt 0.271697 0.180699
vt 0.277990 0.185591
vt 0.272001 0.185749
vt 0.276376 0.188814
vt 0.281214 0.188787
vt 0.279283 0.197178
vt 0.272727 0.196748
vt 0.272100 0.189141
vt 0.280205 0.194465
vt 0.265229 0.189014
vt 0.265310 0.184250
vt 0.266491 0.181070
vt 0.260739 0.181046
vt 0.257622 0.182879
vt 0.256089 0.177906
vt 0.259815 0.188232
vt 0.261337 0.175214
vt 0.253403 0.186372
vt 0.254671 0.191736
vt 0.259865 0.192179
vt 0.267190 0.195970
vt 0.262280 0.198074
vt 0.253265 0.198634
vt 0.268954 0.202438
vt 0.268258 0.209171
vt 0.264218 0.202879
vt 0.275093 0.207411
vt 0.260274 0.207189
vt 0.258815 0.202376
vt 0.255203 0.206444
vt 0.252502 0.204458
vt 0.248432 0.207747
vt 0.251543 0.212020
vt 0.258034 0.211555
vt 0.261051 0.216283
vt 0.264687 0.213594
vt 0.256307 0.218544
vt 0.250425 0.215625
vt 0.262070 0.219197
vt 0.261598 0.224340
vt 0.259272 0.230481
vt 0.254635 0.224332
vt 0.250006 0.228478
vt 0.257122 0.233659
vt 0.249329 0.234617
vt 0.251611 0.221515
vt 0.245614 0.227499
vt 0.245948 0.219349
vt 0.243040 0.213728
vt 0.243191 0.223253
vt 0.238567 0.223734
vt 0.245875 0.212202
vt 0.237927 0.216424
vt 0.239583 0.210422
vt 0.231439 0.211444
vt 0.236644 0.207704
vt 0.241761 0.205551
vt 0.233038 0.201986
vt 0.240639 0.201977
vt 0.246146 0.202192
vt 0.233842 0.198486
vt 0.228154 0.199056
vt 0.225293 0.200733
vt 0.230333 0.205593
vt 0.220305 0.205353
vt 0.225522 0.208567
vt 0.219644 0.210701
vt 0.225383 0.213953
vt 0.215955 0.210726
vt 0.214867 0.215462
vt 0.220583 0.215939
vt 0.221626 0.219499
vt 0.216826 0.219101
vt 0.230727 0.218942
vt 0.223524 0.221707
vt 0.217940 0.225568
vt 0.221397 0.226665
vt 0.225978 0.225190
vt 0.226088 0.232300
vt 0.231060 0.228200
vt 0.229048 0.235502
vt 0.235063 0.231885
vt 0.238913 0.232135
vt 0.233399 0.236699
vt 0.242197 0.228875
vt 0.223003 0.239835
vt 0.222869 0.234528
vt 0.227687 0.239522
vt 0.219046 0.234334
vt 0.216669 0.232755
vt 0.218617 0.241359
vt 0.214761 0.240531
vt 0.211601 0.238418
vt 0.210707 0.233066
vt 0.213872 0.229423
vt 0.206366 0.227702
vt 0.209870 0.222134
vt 0.204928 0.221946
vt 0.198417 0.226615
vt 0.203549 0.230426
vt 0.198080 0.233272
vt 0.204172 0.237274
vt 0.196389 0.237891
vt 0.207981 0.241621
vt 0.201014 0.240601
vt 0.199189 0.244294
vt 0.192363 0.238350
vt 0.193177 0.231934
vt 0.202399 0.247894
vt 0.198063 0.248686
vt 0.206622 0.245664
vt 0.192347 0.244024
vt 0.210629 0.251427
vt 0.213562 0.244368
vt 0.204067 0.251533
vt 0.208118 0.258150
vt 0.200664 0.255024
vt 0.202874 0.262958
vt 0.209002 0.263961
vt 0.196649 0.260481
vt 0.200067 0.269927
vt 0.197499 0.264476
vt 0.193088 0.253923
vt 0.194535 0.266261
vt 0.190421 0.263820
vt 0.192608 0.249121
vt 0.187271 0.258466
vt 0.182728 0.257592
vt 0.186453 0.251527
vt 0.183067 0.262510
vt 0.180784 0.266378
vt 0.178668 0.261657
vt 0.185153 0.266633
vt 0.599625 0.551731
vt 0.593936 0.549882
vt 0.598171 0.544237
vt 0.177883 0.269638
vt 0.594339 0.540304
vt 0.592665 0.542302
vt 0.176680 0.256085
vt 0.587600 0.537517
vt 0.179769 0.249202
vt 0.175511 0.248352
vt 0.183021 0.249647
vt 0.181048 0.245119
vt 0.186520 0.245378
vt 0.187179 0.241473
vt 0.182185 0.239429
vt 0.176471 0.240679
vt 0.573532 0.537674
vt 0.571597 0.533969
vt 0.580474 0.534886
vt 0.578204 0.538829
vt 0.176457 0.230815
vt 0.583598 0.538505
vt 0.581551 0.548602
vt 0.587924 0.544875
vt 0.580830 0.543777
vt 0.586744 0.549543
vt 0.584694 0.552920
vt 0.591377 0.552921
vt 0.588265 0.559278
vt 0.593350 0.557077
vt 0.600778 0.557279
vt 0.594754 0.565540
vt 0.603241 0.562501
vt 0.600702 0.568903
vt 0.597662 0.573818
vt 0.592925 0.572522
vt 0.587176 0.572613
vt 0.588373 0.565269
vt 0.596102 0.578903
vt 0.590586 0.575089
vt 0.587806 0.579860
vt 0.590092 0.586021
vt 0.583742 0.583178
vt 0.579309 0.581249
vt 0.580917 0.575190
vt 0.572971 0.576470
vt 0.572529 0.584478
vt 0.577647 0.587998
vt 0.572608 0.591975
vt 0.568246 0.585841
vt 0.569360 0.579921
vt 0.568712 0.572946
vt 0.565378 0.578092
vt 0.563753 0.582765
vt 0.562485 0.588568
vt 0.559594 0.581778
vt 0.566887 0.592314
vt 0.559807 0.592687
vt 0.552993 0.583966
vt 0.562986 0.600872
vt 0.552322 0.590740
vt 0.553988 0.597163
vt 0.555861 0.601824
vt 0.561961 0.606936
vt 0.556297 0.609739
vt 0.550687 0.605710
vt 0.548227 0.601247
vt 0.562105 0.614233
vt 0.568016 0.611815
vt 0.572939 0.608380
vt 0.570915 0.600682
vt 0.571287 0.596760
vt 0.577074 0.601492
vt 0.579609 0.594532
vt 0.584156 0.594485
vt 0.583504 0.600828
vt 0.589185 0.596811
vt 0.591357 0.601149
vt 0.589847 0.606368
vt 0.584847 0.608948
vt 0.595117 0.600956
vt 0.592673 0.592135
vt 0.601632 0.594336
vt 0.595368 0.609833
vt 0.600739 0.598537
vt 0.599782 0.589167
vt 0.607750 0.587228
vt 0.604878 0.578615
vt 0.600246 0.584355
vt 0.593880 0.585873
vt 0.610288 0.577294
vt 0.606725 0.570924
vt 0.185398 0.289946
vt 0.181960 0.290432
vt 0.179037 0.281422
vt 0.183322 0.279492
vt 0.188918 0.286291
vt 0.193716 0.291177
vt 0.192426 0.280566
vt 0.194684 0.285503
vt 0.187145 0.278178
vt 0.191737 0.275745
vt 0.190272 0.267935
vt 0.198479 0.273162
vt 0.203633 0.280143
vt 0.198756 0.279994
vt 0.203436 0.275948
vt 0.208308 0.286169
vt 0.201420 0.286540
vt 0.177852 0.275493
vt 0.592315 0.616063
vt 0.587926 0.611472
vt 0.588068 0.620145
vt 0.596599 0.621449
vt 0.580297 0.613575
vt 0.578959 0.607799
vt 0.575809 0.621619
vt 0.571952 0.617641
vt 0.583322 0.617018
vt 0.583669 0.621751
vt 0.581635 0.625728
vt 0.587499 0.628088
vt 0.582042 0.630673
vt 0.575665 0.628156
vt 0.570734 0.628023
vt 0.575639 0.633725
vt 0.564642 0.627276
vt 0.569621 0.634957
vt 0.575677 0.639916
vt 0.570023 0.644867
vt 0.564744 0.634182
vt 0.566892 0.638398
vt 0.558575 0.637113
vt 0.559348 0.630454
vt 0.564849 0.642988
vt 0.562936 0.645552
vt 0.564584 0.649015
vt 0.562584 0.657131
vt 0.558415 0.650574
vt 0.568730 0.651501
vt 0.568641 0.662069
vt 0.562445 0.661368
vt 0.555066 0.656122
vt 0.556440 0.660576
vt 0.564957 0.666674
vt 0.558736 0.665490
vt 0.569011 0.672819
vt 0.563687 0.672018
vt 0.578523 0.670386
vt 0.573077 0.676176
vt 0.570307 0.679231
vt 0.576714 0.662989
vt 0.587027 0.677465
vt 0.590678 0.671658
vt 0.576974 0.679819
vt 0.583958 0.667456
vt 0.576528 0.685516
vt 0.589825 0.682742
vt 0.580144 0.691457
vt 0.594051 0.679616
vt 0.594666 0.687715
vt 0.588726 0.690198
vt 0.591253 0.698615
vt 0.594415 0.692907
vt 0.581559 0.697137
vt 0.589275 0.703517
vt 0.582924 0.705732
vt 0.577542 0.707108
vt 0.572661 0.699558
vt 0.572489 0.692224
vt 0.570940 0.687670
vt 0.565486 0.691911
vt 0.563412 0.694414
vt 0.555618 0.690365
vt 0.566235 0.685343
vt 0.561100 0.685175
vt 0.558612 0.681874
vt 0.560881 0.678271
vt 0.553792 0.674168
vt 0.555307 0.670054
vt 0.547239 0.669224
vt 0.541206 0.678360
vt 0.550650 0.680477
vt 0.544493 0.681487
vt 0.548804 0.665062
vt 0.538252 0.668856
vt 0.544547 0.661127
vt 0.550720 0.662309
vt 0.550500 0.659074
vt 0.548186 0.654645
vt 0.540558 0.653740
vt 0.541737 0.647021
vt 0.540516 0.656871
vt 0.550739 0.651534
vt 0.534607 0.653061
vt 0.532322 0.661624
vt 0.537572 0.663086
vt 0.534926 0.671572
vt 0.527043 0.665535
vt 0.532426 0.672791
vt 0.534460 0.678633
vt 0.540725 0.674606
vt 0.532924 0.681972
vt 0.529246 0.676443
vt 0.525705 0.679846
vt 0.525468 0.674918
vt 0.523631 0.667183
vt 0.519205 0.672240
vt 0.524491 0.686769
vt 0.519360 0.677370
vt 0.529069 0.690261
vt 0.522118 0.692336
vt 0.520821 0.688741
vt 0.517849 0.682161
vt 0.529101 0.684531
vt 0.511409 0.686086
vt 0.512944 0.689003
vt 0.514529 0.680079
vt 0.507535 0.686118
vt 0.509796 0.680462
vt 0.512340 0.673279
vt 0.508051 0.669331
vt 0.516382 0.667568
vt 0.506969 0.675049
vt 0.506366 0.680128
vt 0.503993 0.673219
vt 0.502105 0.678618
vt 0.501077 0.684910
vt 0.495912 0.681539
vt 0.499617 0.673014
vt 0.492953 0.684429
vt 0.496255 0.692453
vt 0.496751 0.688087
vt 0.491112 0.688786
vt 0.488604 0.695397
vt 0.485573 0.689379
vt 0.484972 0.680197
vt 0.484883 0.675396
vt 0.480501 0.680481
vt 0.488648 0.677689
vt 0.488878 0.673316
vt 0.492675 0.676779
vt 0.492186 0.668745
vt 0.494600 0.673385
vt 0.497070 0.667540
vt 0.491451 0.664376
vt 0.497574 0.660884
vt 0.502610 0.666905
vt 0.489180 0.660883
vt 0.502402 0.656471
vt 0.496869 0.655456
vt 0.492298 0.655861
vt 0.491759 0.648576
vt 0.499945 0.650914
vt 0.494864 0.644627
vt 0.505249 0.650826
vt 0.501654 0.644879
vt 0.490269 0.641411
vt 0.494044 0.638173
vt 0.487199 0.637915
vt 0.492108 0.632704
vt 0.499197 0.638719
vt 0.496988 0.629081
vt 0.502992 0.629467
vt 0.504746 0.639098
vt 0.505701 0.633050
vt 0.509926 0.632389
vt 0.500307 0.625275
vt 0.506669 0.621642
vt 0.511686 0.627825
vt 0.510122 0.636753
vt 0.516970 0.635381
vt 0.514377 0.630622
vt 0.517139 0.631938
vt 0.520859 0.623235
vt 0.520225 0.628088
vt 0.515601 0.622432
vt 0.518732 0.615930
vt 0.514611 0.613633
vt 0.510027 0.617033
vt 0.523858 0.606312
vt 0.525092 0.614923
vt 0.521775 0.618478
vt 0.519389 0.609498
vt 0.528134 0.623181
vt 0.526785 0.627864
vt 0.533069 0.626782
vt 0.533229 0.620273
vt 0.528723 0.617001
vt 0.535948 0.617000
vt 0.538376 0.620918
vt 0.540094 0.625451
vt 0.538459 0.614637
vt 0.543114 0.620289
vt 0.547964 0.616594
vt 0.550864 0.624674
vt 0.545044 0.626858
vt 0.546201 0.631150
vt 0.541695 0.630126
vt 0.540681 0.638367
vt 0.538107 0.635269
vt 0.533412 0.633526
vt 0.523919 0.632591
vt 0.531492 0.638548
vt 0.535207 0.642202
vt 0.537843 0.646609
vt 0.530449 0.648783
vt 0.528099 0.640901
vt 0.520447 0.640738
vt 0.525165 0.645118
vt 0.520619 0.648322
vt 0.515305 0.652961
vt 0.516650 0.640716
vt 0.520043 0.652701
vt 0.518824 0.660358
vt 0.522847 0.657670
vt 0.528029 0.654501
vt 0.511378 0.659051
vt 0.510108 0.652224
vt 0.505218 0.662254
vt 0.511183 0.643737
vt 0.520275 0.636511
vt 0.548073 0.638859
vt 0.543406 0.642765
vt 0.555254 0.630022
vt 0.550523 0.644055
vt 0.555025 0.644990
vt 0.556909 0.622548
vt 0.554928 0.619430
vt 0.560194 0.620939
vt 0.546889 0.610952
vt 0.551488 0.610674
vt 0.538180 0.608005
vt 0.543267 0.605046
vt 0.538206 0.598354
vt 0.541340 0.597378
vt 0.544955 0.601555
vt 0.547126 0.596156
vt 0.543020 0.591200
vt 0.538173 0.591400
vt 0.535168 0.589070
vt 0.549496 0.588580
vt 0.545578 0.585693
vt 0.542420 0.582466
vt 0.547675 0.582273
vt 0.551062 0.581153
vt 0.551213 0.576341
vt 0.544067 0.580291
vt 0.548760 0.569818
vt 0.553294 0.567862
vt 0.543505 0.573149
vt 0.556340 0.578070
vt 0.558375 0.573743
vt 0.556792 0.566150
vt 0.562323 0.574284
vt 0.563163 0.567781
vt 0.567040 0.568318
vt 0.569516 0.562052
vt 0.573031 0.567133
vt 0.559757 0.556078
vt 0.561638 0.560713
vt 0.566055 0.549700
vt 0.574262 0.558124
vt 0.569430 0.555587
vt 0.575003 0.550661
vt 0.579933 0.556048
vt 0.573143 0.546023
vt 0.577093 0.547128
vt 0.576340 0.542214
vt 0.575011 0.538702
vt 0.569088 0.542947
vt 0.566822 0.541246
vt 0.561656 0.545592
vt 0.562460 0.548585
vt 0.555247 0.551055
vt 0.563055 0.540125
vt 0.558586 0.543560
vt 0.556718 0.547498
vt 0.551495 0.549102
vt 0.553385 0.546247
vt 0.546419 0.555288
vt 0.547197 0.549036
vt 0.550852 0.553841
vt 0.547118 0.543658
vt 0.543357 0.537795
vt 0.539997 0.543134
vt 0.555176 0.543548
vt 0.554337 0.538355
vt 0.537709 0.536055
vt 0.543824 0.533091
vt 0.537456 0.543633
vt 0.552365 0.531805
vt 0.557910 0.531742
vt 0.549171 0.526901
vt 0.554268 0.524087
vt 0.559544 0.537260
vt 0.559072 0.527102
vt 0.564741 0.529398
vt 0.566087 0.534130
vt 0.569317 0.531445
vt 0.179004 0.228299
vt 0.175683 0.224035
vt 0.185090 0.222366
vt 0.179828 0.218889
vt 0.172393 0.218510
vt 0.185882 0.216647
vt 0.192186 0.218567
vt 0.186710 0.226371
vt 0.192167 0.224895
vt 0.182728 0.229367
vt 0.198702 0.214119
vt 0.199472 0.220357
vt 0.193108 0.208456
vt 0.187682 0.213098
vt 0.206838 0.216012
vt 0.203779 0.209970
vt 0.212486 0.210540
vt 0.207735 0.208335
vt 0.215000 0.204532
vt 0.212685 0.206494
vt 0.208492 0.204339
vt 0.202962 0.204282
vt 0.205882 0.200012
vt 0.208112 0.196529
vt 0.213996 0.195819
vt 0.198403 0.203314
vt 0.200396 0.196636
vt 0.195401 0.209391
vt 0.195372 0.196573
vt 0.194013 0.201759
vt 0.197848 0.211543
vt 0.185947 0.203540
vt 0.189615 0.195485
vt 0.190587 0.206509
vt 0.195129 0.192393
vt 0.187879 0.189060
vt 0.180931 0.197259
vt 0.186433 0.199432
vt 0.185762 0.181325
vt 0.190439 0.184980
vt 0.179448 0.182643
vt 0.181419 0.190030
vt 0.172623 0.192500
vt 0.177152 0.187077
vt 0.170288 0.185798
vt 0.175229 0.182616
vt 0.172460 0.178979
vt 0.165517 0.183741
vt 0.168375 0.174284
vt 0.176725 0.173172
vt 0.530379 0.538294
vt 0.536457 0.531174
vt 0.540602 0.529281
vt 0.539065 0.526317
vt 0.166007 0.189419
vt 0.165511 0.193602
vt 0.165924 0.197910
vt 0.541156 0.522816
vt 0.173436 0.196668
vt 0.168218 0.202003
vt 0.173727 0.200862
vt 0.175801 0.200177
vt 0.175499 0.204149
vt 0.183954 0.201444
vt 0.178840 0.211054
vt 0.172481 0.208069
vt 0.166115 0.209974
vt 0.168946 0.213741
vt 0.550323 0.521990
vt 0.544608 0.525702
vt 0.546502 0.522169
vt 0.543547 0.519173
vt 0.183687 0.209912
vt 0.171082 0.167600
vt 0.178188 0.166044
vt 0.182406 0.174896
vt 0.529986 0.547243
vt 0.526162 0.543633
vt 0.522356 0.549647
vt 0.173757 0.160419
vt 0.519105 0.559284
vt 0.517827 0.555123
vt 0.515100 0.550575
vt 0.521891 0.557389
vt 0.179391 0.155739
vt 0.183097 0.161647
vt 0.527872 0.551950
vt 0.193390 0.157839
vt 0.185863 0.157992
vt 0.182364 0.168394
vt 0.189293 0.166814
vt 0.193164 0.151360
vt 0.199160 0.150025
vt 0.200449 0.160513
vt 0.195703 0.161444
vt 0.187223 0.151753
vt 0.195512 0.143577
vt 0.187176 0.142719
vt 0.187140 0.146615
vt 0.181569 0.144309
vt 0.184238 0.138547
vt 0.504537 0.564853
vt 0.507056 0.559056
vt 0.511186 0.564304
vt 0.510463 0.555387
vt 0.180566 0.149201
vt 0.512908 0.561019
vt 0.514703 0.567073
vt 0.516208 0.569964
vt 0.508655 0.569001
vt 0.519708 0.563756
vt 0.521321 0.568484
vt 0.513962 0.574473
vt 0.519241 0.573525
vt 0.526404 0.560374
vt 0.527893 0.569506
vt 0.525046 0.573394
vt 0.531866 0.575789
vt 0.528138 0.578372
vt 0.524447 0.578023
vt 0.528895 0.582851
vt 0.522838 0.583002
vt 0.526695 0.587969
vt 0.530967 0.585454
vt 0.533126 0.583424
vt 0.536633 0.580288
vt 0.526321 0.595615
vt 0.523176 0.589973
vt 0.518223 0.582423
vt 0.531131 0.594484
vt 0.530360 0.589189
vt 0.514331 0.587846
vt 0.512191 0.585280
vt 0.510106 0.579029
vt 0.505451 0.585301
vt 0.501625 0.580753
vt 0.502886 0.575801
vt 0.503639 0.573969
vt 0.503793 0.589281
vt 0.499927 0.586905
vt 0.495745 0.585657
vt 0.494883 0.591027
vt 0.499776 0.593101
vt 0.506542 0.592907
vt 0.505330 0.597616
vt 0.498468 0.597945
vt 0.505007 0.603535
vt 0.497337 0.602415
vt 0.491531 0.601636
vt 0.490797 0.597268
vt 0.509329 0.599523
vt 0.509777 0.604919
vt 0.507137 0.608476
vt 0.502234 0.608686
vt 0.502670 0.614145
vt 0.497924 0.614290
vt 0.495934 0.607835
vt 0.492096 0.616111
vt 0.491765 0.608429
vt 0.494468 0.623124
vt 0.489955 0.621346
vt 0.486503 0.613009
vt 0.494394 0.618556
vt 0.498272 0.618561
vt 0.486238 0.607052
vt 0.484671 0.617446
vt 0.479464 0.616341
vt 0.475391 0.610275
vt 0.480015 0.603561
vt 0.474793 0.606253
vt 0.470946 0.604659
vt 0.472089 0.615274
vt 0.466550 0.611973
vt 0.476144 0.597947
vt 0.204105 0.078542
vt 0.204579 0.089639
vt 0.200403 0.086022
vt 0.198279 0.093964
vt 0.196756 0.102496
vt 0.203206 0.096416
vt 0.481194 0.593596
vt 0.480372 0.590126
vt 0.209032 0.098348
vt 0.203175 0.105043
vt 0.211537 0.103739
vt 0.206175 0.111167
vt 0.197431 0.112525
vt 0.195998 0.107302
vt 0.200114 0.120128
vt 0.194521 0.117439
vt 0.481913 0.579819
vt 0.485885 0.575947
vt 0.484592 0.583203
vt 0.482078 0.585228
vt 0.492284 0.577633
vt 0.485089 0.589366
vt 0.487094 0.584188
vt 0.489707 0.584912
vt 0.490548 0.580892
vt 0.495839 0.580443
vt 0.498386 0.572592
vt 0.495652 0.574280
vt 0.492797 0.571760
vt 0.192204 0.129018
vt 0.187619 0.129167
vt 0.189985 0.124375
vt 0.195848 0.125876
vt 0.197745 0.128015
vt 0.202644 0.130191
vt 0.196934 0.131208
vt 0.201665 0.135631
vt 0.198178 0.138514
vt 0.192237 0.138695
vt 0.192700 0.134200
vt 0.188548 0.133874
vt 0.499634 0.568272
vt 0.502438 0.569017
vt 0.203097 0.140006
vt 0.208053 0.142075
vt 0.209939 0.136232
vt 0.212126 0.145724
vt 0.204732 0.146997
vt 0.197890 0.142149
vt 0.205162 0.153057
vt 0.210083 0.152489
vt 0.210147 0.157227
vt 0.214977 0.159740
vt 0.215925 0.149347
vt 0.215180 0.153181
vt 0.213016 0.166077
vt 0.210366 0.161954
vt 0.221942 0.154052
vt 0.229755 0.162100
vt 0.224047 0.162914
vt 0.216747 0.167939
vt 0.208678 0.169695
vt 0.213855 0.172604
vt 0.210134 0.174043
vt 0.216356 0.181254
vt 0.221558 0.170080
vt 0.220082 0.179703
vt 0.219762 0.184439
vt 0.223415 0.180063
vt 0.222383 0.186608
vt 0.213098 0.184397
vt 0.219034 0.191803
vt 0.214409 0.189706
vt 0.220028 0.198194
vt 0.223067 0.192764
vt 0.227079 0.191000
vt 0.228233 0.193642
vt 0.229005 0.184631
vt 0.227536 0.176070
vt 0.232923 0.186752
vt 0.235342 0.180516
vt 0.224560 0.171372
vt 0.231589 0.167616
vt 0.231581 0.175238
vt 0.237897 0.170354
vt 0.243162 0.169014
vt 0.244241 0.174014
vt 0.249998 0.172058
vt 0.237332 0.158792
vt 0.249097 0.162450
vt 0.255453 0.166169
vt 0.243009 0.160984
vt 0.243857 0.179516
vt 0.252601 0.173590
vt 0.251423 0.180429
vt 0.260676 0.168895
vt 0.264388 0.172103
vt 0.270151 0.168431
vt 0.260215 0.162352
vt 0.265226 0.166994
vt 0.263877 0.162849
vt 0.267992 0.162005
vt 0.269504 0.157164
vt 0.274429 0.157270
vt 0.272700 0.162539
vt 0.271489 0.152210
vt 0.270864 0.142552
vt 0.258127 0.152895
vt 0.261974 0.144071
vt 0.252664 0.140355
vt 0.261764 0.137517
vt 0.268522 0.136605
vt 0.264245 0.133091
vt 0.270451 0.130696
vt 0.275788 0.135663
vt 0.269735 0.124815
vt 0.265519 0.126989
vt 0.277822 0.127203
vt 0.273952 0.120084
vt 0.272327 0.116316
vt 0.268158 0.120726
vt 0.262532 0.115754
vt 0.266953 0.112341
vt 0.261208 0.119532
vt 0.276622 0.113607
vt 0.256174 0.124064
vt 0.260316 0.126536
vt 0.257647 0.116945
vt 0.249043 0.121755
vt 0.250151 0.115046
vt 0.260233 0.113080
vt 0.248648 0.125379
vt 0.244061 0.125504
vt 0.240737 0.118639
vt 0.234127 0.126777
vt 0.237128 0.114970
vt 0.233280 0.121064
vt 0.242492 0.115007
vt 0.228784 0.114875
vt 0.240508 0.110740
vt 0.236818 0.110961
vt 0.246489 0.102212
vt 0.239887 0.106221
vt 0.247074 0.108898
vt 0.252368 0.105590
vt 0.257601 0.105441
vt 0.255794 0.101108
vt 0.250478 0.097683
vt 0.261096 0.104491
vt 0.265586 0.101189
vt 0.256130 0.096340
vt 0.260550 0.096564
vt 0.255336 0.090022
vt 0.258732 0.090460
vt 0.249809 0.093457
vt 0.249588 0.084752
vt 0.259813 0.082889
vt 0.254915 0.078117
vt 0.262238 0.072683
vt 0.262236 0.078265
vt 0.258532 0.067619
vt 0.247411 0.074528
vt 0.251855 0.071336
vt 0.253969 0.064152
vt 0.256335 0.059431
vt 0.259657 0.062233
vt 0.263301 0.060848
vt 0.259399 0.051886
vt 0.251419 0.056102
vt 0.245945 0.050101
vt 0.239667 0.052666
vt 0.245928 0.061272
vt 0.252238 0.048549
vt 0.247456 0.066592
vt 0.238368 0.064203
vt 0.241378 0.076492
vt 0.232605 0.069294
vt 0.234814 0.061331
vt 0.238318 0.072551
vt 0.238362 0.084125
vt 0.244107 0.083379
vt 0.241219 0.088127
vt 0.245486 0.089959
vt 0.240961 0.099725
vt 0.242025 0.094583
vt 0.233869 0.087564
vt 0.234465 0.095957
vt 0.234649 0.102717
vt 0.232243 0.108707
vt 0.224691 0.099195
vt 0.230998 0.092804
vt 0.228302 0.107460
vt 0.221368 0.109198
vt 0.219523 0.100865
vt 0.216547 0.106533
vt 0.212271 0.093824
vt 0.221644 0.095293
vt 0.210067 0.087614
vt 0.218109 0.086983
vt 0.213836 0.081334
vt 0.224488 0.080187
vt 0.224073 0.085127
vt 0.225653 0.090514
vt 0.215269 0.068287
vt 0.210090 0.070132
vt 0.218694 0.074494
vt 0.204864 0.067226
vt 0.208533 0.060121
vt 0.204070 0.072013
vt 0.216124 0.060256
vt 0.220869 0.063748
vt 0.221977 0.056737
vt 0.216253 0.051089
vt 0.227468 0.063044
vt 0.220979 0.070451
vt 0.227775 0.070660
vt 0.225110 0.073747
vt 0.229669 0.079087
vt 0.233584 0.076855
vt 0.230104 0.056527
vt 0.233178 0.047755
vt 0.225856 0.049890
vt 0.228355 0.043275
vt 0.219090 0.042993
vt 0.228742 0.035711
vt 0.217970 0.037147
vt 0.210537 0.037283
vt 0.209322 0.046634
vt 0.204069 0.034448
vt 0.198992 0.037868
vt 0.198284 0.044990
vt 0.210893 0.052420
vt 0.203529 0.052841
vt 0.201503 0.061953
vt 0.197710 0.051732
vt 0.196101 0.057058
vt 0.194531 0.051209
vt 0.194625 0.047127
vt 0.441738 0.639964
vt 0.438875 0.641688
vt 0.440285 0.633950
vt 0.444240 0.632176
vt 0.195998 0.042471
vt 0.435817 0.636186
vt 0.440961 0.646805
vt 0.435632 0.642991
vt 0.436214 0.649597
vt 0.435434 0.646278
vt 0.429602 0.649159
vt 0.431159 0.644778
vt 0.425345 0.642516
vt 0.423886 0.646662
vt 0.426604 0.651909
vt 0.434689 0.652643
vt 0.421498 0.656721
vt 0.427918 0.657607
vt 0.433902 0.656715
vt 0.432551 0.659382
vt 0.438278 0.658342
vt 0.440694 0.654670
vt 0.446623 0.657879
vt 0.442991 0.662206
vt 0.438526 0.663809
vt 0.443943 0.665526
vt 0.440309 0.667444
vt 0.435439 0.666284
vt 0.430006 0.662394
vt 0.421942 0.662729
vt 0.427703 0.665428
vt 0.419216 0.666764
vt 0.417244 0.661145
vt 0.216141 0.007387
vt 0.214719 0.011814
vt 0.210868 0.009161
vt 0.648158 0.708679
vt 0.651890 0.712232
vt 0.646577 0.712198
vt 0.645837 0.707604
vt 0.423086 0.669987
vt 0.210016 0.015062
vt 0.215483 0.014692
vt 0.219435 0.010634
vt 0.220985 0.007305
vt 0.223500 0.010879
vt 0.221929 0.016652
vt 0.218246 0.019281
vt 0.227135 0.015695
vt 0.225160 0.021320
vt 0.211021 0.022002
vt 0.215497 0.024828
vt 0.221881 0.027478
vt 0.205298 0.030449
vt 0.227673 0.024906
vt 0.232801 0.028764
vt 0.231790 0.022491
vt 0.234424 0.018851
vt 0.239859 0.022306
vt 0.240465 0.024266
vt 0.243769 0.017589
vt 0.248422 0.023302
vt 0.244829 0.025972
vt 0.241631 0.031527
vt 0.248495 0.014138
vt 0.249063 0.017651
vt 0.241820 0.012322
vt 0.675383 0.703185
vt 0.674364 0.699707
vt 0.679679 0.701632
vt 0.669626 0.703167
vt 0.238452 0.015555
vt 0.236054 0.010698
vt 0.681236 0.703117
vt 0.682550 0.698063
vt 0.683969 0.701233
vt 0.677136 0.696850
vt 0.677162 0.692532
vt 0.688467 0.695159
vt 0.689343 0.702040
vt 0.681906 0.691222
vt 0.676353 0.687519
vt 0.682166 0.686484
vt 0.686447 0.690696
vt 0.687220 0.686450
vt 0.693111 0.692311
vt 0.694551 0.687298
vt 0.697908 0.690302
vt 0.699535 0.697217
vt 0.704058 0.690199
vt 0.704436 0.695598
vt 0.692235 0.698140
vt 0.697756 0.702025
vt 0.702448 0.700174
vt 0.703874 0.702943
vt 0.694341 0.702088
vt 0.262107 0.016182
vt 0.265639 0.017117
vt 0.258840 0.021636
vt 0.263145 0.023419
vt 0.257972 0.028519
vt 0.263686 0.032527
vt 0.260244 0.038152
vt 0.255692 0.032229
vt 0.249206 0.031795
vt 0.251189 0.035795
vt 0.255087 0.041920
vt 0.259693 0.045759
vt 0.245834 0.043409
vt 0.235077 0.043511
vt 0.241251 0.038022
vt 0.265153 0.048007
vt 0.270588 0.050821
vt 0.265758 0.054396
vt 0.273221 0.058005
vt 0.274946 0.049534
vt 0.273051 0.062589
vt 0.277746 0.054235
vt 0.280064 0.057643
vt 0.282913 0.049916
vt 0.287515 0.049969
vt 0.275960 0.068476
vt 0.266630 0.069326
vt 0.271480 0.072721
vt 0.268170 0.079069
vt 0.274773 0.082476
vt 0.278018 0.093194
vt 0.267189 0.085722
vt 0.272003 0.090352
vt 0.272657 0.101534
vt 0.277182 0.103399
vt 0.284909 0.092519
vt 0.282790 0.097979
vt 0.288648 0.102277
vt 0.284030 0.105261
vt 0.293137 0.110107
vt 0.280143 0.110113
vt 0.284415 0.113107
vt 0.272398 0.109468
vt 0.268900 0.094327
vt 0.285301 0.062833
vt 0.256833 0.015869
vt 0.253076 0.016818
vt 0.686056 0.703928
vt 0.707903 0.687100
vt 0.700185 0.686476
vt 0.703814 0.680603
vt 0.709105 0.683682
vt 0.712728 0.681073
vt 0.710749 0.677897
vt 0.713209 0.676435
vt 0.706524 0.672019
vt 0.702074 0.675437
vt 0.707216 0.668308
vt 0.717946 0.678221
vt 0.717464 0.672640
vt 0.719204 0.667753
vt 0.713177 0.667693
vt 0.702741 0.666621
vt 0.706232 0.664329
vt 0.700949 0.671980
vt 0.699326 0.663732
vt 0.697819 0.668106
vt 0.694439 0.672021
vt 0.697207 0.674924
vt 0.693905 0.677128
vt 0.689258 0.669809
vt 0.694509 0.668724
vt 0.692507 0.664212
vt 0.691894 0.661394
vt 0.688425 0.665650
vt 0.682233 0.667894
vt 0.683571 0.661172
vt 0.688425 0.657924
vt 0.682497 0.653174
vt 0.680751 0.664856
vt 0.677401 0.656938
vt 0.674847 0.651047
vt 0.674111 0.665390
vt 0.670067 0.659186
vt 0.670323 0.652869
vt 0.666431 0.645825
vt 0.664026 0.652323
vt 0.660448 0.643651
vt 0.663556 0.656557
vt 0.657016 0.652392
vt 0.657209 0.646661
vt 0.654769 0.641629
vt 0.662352 0.638536
vt 0.480589 0.724552
vt 0.478656 0.715987
vt 0.484822 0.721138
vt 0.489213 0.728258
vt 0.671717 0.641381
vt 0.665974 0.634441
vt 0.483243 0.729665
vt 0.488605 0.723241
vt 0.493362 0.726541
vt 0.493875 0.732852
vt 0.486945 0.735029
vt 0.492280 0.737759
vt 0.499175 0.732173
vt 0.501308 0.737461
vt 0.500678 0.740550
vt 0.494410 0.742474
vt 0.491134 0.741612
vt 0.488619 0.742161
vt 0.499814 0.743366
vt 0.505630 0.743358
vt 0.494139 0.747376
vt 0.497857 0.748362
vt 0.501372 0.749064
vt 0.505024 0.746948
vt 0.503430 0.752823
vt 0.506339 0.753631
vt 0.504745 0.758003
vt 0.679916 0.600500
vt 0.680361 0.608346
vt 0.676904 0.604907
vt 0.674950 0.612681
vt 0.687434 0.604519
vt 0.684476 0.609456
vt 0.681400 0.617610
vt 0.690856 0.613931
vt 0.691172 0.617666
vt 0.675127 0.616341
vt 0.678834 0.621714
vt 0.688020 0.621900
vt 0.696021 0.615271
vt 0.693578 0.621458
vt 0.694770 0.610827
vt 0.699791 0.607698
vt 0.703016 0.612272
vt 0.701300 0.617672
vt 0.688942 0.609946
vt 0.692427 0.603222
vt 0.692255 0.597026
vt 0.696322 0.602230
vt 0.687454 0.599517
vt 0.682519 0.598594
vt 0.685850 0.589252
vt 0.681664 0.591249
vt 0.683521 0.586931
vt 0.689608 0.584772
vt 0.694233 0.591216
vt 0.694938 0.585487
vt 0.698661 0.581590
vt 0.692246 0.578587
vt 0.687004 0.581597
vt 0.689001 0.577189
vt 0.685902 0.576110
vt 0.680995 0.583243
vt 0.680329 0.578177
vt 0.520038 0.766509
vt 0.511395 0.766112
vt 0.514750 0.757295
vt 0.518948 0.758637
vt 0.522450 0.761799
vt 0.525434 0.766740
vt 0.524486 0.757843
vt 0.528132 0.762364
vt 0.530421 0.756698
vt 0.533064 0.766521
vt 0.538061 0.765495
vt 0.533955 0.755657
vt 0.527628 0.753113
vt 0.522876 0.753066
vt 0.526157 0.747659
vt 0.529919 0.746895
vt 0.528586 0.742861
vt 0.522446 0.741515
vt 0.522694 0.747854
vt 0.518370 0.747570
vt 0.513399 0.747855
vt 0.513145 0.743918
vt 0.517306 0.752967
vt 0.509059 0.748566
vt 0.509591 0.739064
vt 0.516070 0.738737
vt 0.525814 0.737023
vt 0.511775 0.733958
vt 0.520150 0.732393
vt 0.532468 0.736759
vt 0.531318 0.731677
vt 0.539884 0.731130
vt 0.535180 0.724025
vt 0.529509 0.724075
vt 0.537491 0.719474
vt 0.543608 0.724532
vt 0.539939 0.717711
vt 0.550693 0.717942
vt 0.548813 0.721833
vt 0.544401 0.728977
vt 0.550671 0.727183
vt 0.548334 0.733368
vt 0.545843 0.744516
vt 0.552201 0.736678
vt 0.543624 0.736980
vt 0.551895 0.731644
vt 0.552619 0.743075
vt 0.558554 0.736313
vt 0.557595 0.739877
vt 0.563644 0.743270
vt 0.566668 0.734594
vt 0.558868 0.730406
vt 0.558765 0.723489
vt 0.563833 0.725402
vt 0.566889 0.718956
vt 0.568830 0.727270
vt 0.573139 0.720342
vt 0.574487 0.725274
vt 0.576725 0.731858
vt 0.570602 0.733647
vt 0.573646 0.735873
vt 0.570532 0.740166
vt 0.567601 0.743527
vt 0.573169 0.744958
vt 0.578159 0.740717
vt 0.584048 0.737987
vt 0.583551 0.741537
vt 0.645511 0.532538
vt 0.644584 0.527337
vt 0.650620 0.529315
vt 0.650536 0.536488
vt 0.579328 0.736487
vt 0.589039 0.737422
vt 0.581353 0.732946
vt 0.585703 0.732548
vt 0.815753 0.641457
vt 0.818033 0.641100
vt 0.821944 0.643761
vt 0.817762 0.647788
vt 0.812090 0.646853
vt 0.817322 0.634133
vt 0.594023 0.731047
vt 0.824092 0.635181
vt 0.816004 0.628261
vt 0.818196 0.630582
vt 0.825230 0.632209
vt 0.586354 0.727113
vt 0.593655 0.724218
vt 0.831416 0.634141
vt 0.829553 0.639851
vt 0.828231 0.648394
vt 0.833974 0.640914
vt 0.839504 0.644590
vt 0.833418 0.646905
vt 0.844599 0.640711
vt 0.842654 0.651352
vt 0.851132 0.646144
vt 0.855397 0.637547
vt 0.850244 0.633761
vt 0.842084 0.633783
vt 0.866471 0.636678
vt 0.861710 0.641912
vt 0.857571 0.630901
vt 0.868717 0.643830
vt 0.858929 0.651265
vt 0.879908 0.642992
vt 0.872541 0.652279
vt 0.873184 0.636602
vt 0.865963 0.653680
vt 0.881416 0.635621
vt 0.869857 0.631512
vt 0.876532 0.630579
vt 0.878339 0.622069
vt 0.872535 0.625510
vt 0.880328 0.631449
vt 0.883672 0.625511
vt 0.884599 0.631818
vt 0.888712 0.629452
vt 0.890432 0.625720
vt 0.882505 0.618104
vt 0.887567 0.636786
vt 0.889364 0.644549
vt 0.891730 0.633940
vt 0.892254 0.637020
vt 0.898413 0.642791
vt 0.895863 0.651760
vt 0.889453 0.648734
vt 0.884237 0.646613
vt 0.891577 0.655374
vt 0.881980 0.658673
vt 0.881595 0.651901
vt 0.889004 0.663785
vt 0.898695 0.658284
vt 0.879037 0.665537
vt 0.891338 0.669523
vt 0.900853 0.667053
vt 0.898447 0.672261
vt 0.912175 0.670215
vt 0.906209 0.673405
vt 0.906175 0.659090
vt 0.907834 0.664171
vt 0.898863 0.680721
vt 0.894373 0.674869
vt 0.904170 0.683346
vt 0.910554 0.680037
vt 0.896642 0.683579
vt 0.913353 0.685215
vt 0.902457 0.688845
vt 0.916111 0.678190
vt 0.916555 0.672695
vt 0.920955 0.680438
vt 0.924545 0.685351
vt 0.929775 0.688688
vt 0.933055 0.685764
vt 0.922408 0.689498
vt 0.929167 0.676444
vt 0.933794 0.680037
vt 0.915570 0.691509
vt 0.923142 0.696146
vt 0.929166 0.691318
vt 0.914025 0.696517
vt 0.921757 0.703525
vt 0.929573 0.700072
vt 0.917944 0.703960
vt 0.922157 0.708001
vt 0.928253 0.708759
vt 0.919340 0.709327
vt 0.932132 0.710414
vt 0.762678 0.449428
vt 0.756831 0.450546
vt 0.763890 0.442493
vt 0.766965 0.449500
vt 0.769942 0.447502
vt 0.767634 0.440355
vt 0.770709 0.439777
vt 0.938756 0.708938
vt 0.934672 0.712146
vt 0.936315 0.699868
vt 0.934627 0.690786
vt 0.972240 0.783115
vt 0.979595 0.784292
vt 0.975535 0.788182
vt 0.973668 0.777520
vt 0.938882 0.691807
vt 0.979145 0.792324
vt 0.976641 0.791535
vt 0.973737 0.791400
vt 0.972563 0.787687
vt 0.969777 0.794384
vt 0.969007 0.785870
vt 0.969557 0.800030
vt 0.964835 0.800054
vt 0.961783 0.798089
vt 0.966956 0.791256
vt 0.961775 0.792153
vt 0.964895 0.785634
vt 0.961016 0.784790
vt 0.964433 0.779472
vt 0.966498 0.781741
vt 0.968791 0.776648
vt 0.972414 0.772528
vt 0.965705 0.771050
vt 0.966117 0.774921
vt 0.961856 0.776160
vt 0.959418 0.773378
vt 0.778540 0.450785
vt 0.777142 0.458048
vt 0.772870 0.446577
vt 0.783542 0.457096
vt 0.954630 0.777515
vt 0.951809 0.774245
vt 0.957926 0.778886
vt 0.950526 0.778707
vt 0.955728 0.780668
vt 0.951187 0.780721
vt 0.954254 0.783149
vt 0.957789 0.782532
vt 0.955747 0.786246
vt 0.950189 0.785190
vt 0.950572 0.791176
vt 0.957308 0.790630
vt 0.945032 0.787643
vt 0.943852 0.793930
vt 0.950430 0.796737
vt 0.930532 0.794872
vt 0.937337 0.789480
vt 0.931594 0.800147
vt 0.941716 0.799590
vt 0.931430 0.787707
vt 0.927282 0.803703
vt 0.923982 0.798645
vt 0.925575 0.789193
vt 0.924499 0.782836
vt 0.917963 0.792802
vt 0.921529 0.786836
vt 0.910217 0.789969
vt 0.913354 0.793896
vt 0.916640 0.785159
vt 0.914681 0.798136
vt 0.911386 0.782740
vt 0.914785 0.780418
vt 0.919228 0.779390
vt 0.696333 0.333003
vt 0.703529 0.329970
vt 0.700356 0.336013
vt 0.693844 0.339020
vt 0.697517 0.339128
vt 0.692155 0.331342
vt 0.693960 0.344529
vt 0.689315 0.340102
vt 0.686226 0.334480
vt 0.915478 0.774339
vt 0.918827 0.773254
vt 0.910560 0.771033
vt 0.816499 0.481466
vt 0.811762 0.482286
vt 0.808784 0.478222
vt 0.807351 0.479307
vt 0.926213 0.776280
vt 0.802257 0.476211
vt 0.806267 0.482834
vt 0.803167 0.477923
vt 0.800488 0.478975
vt 0.797927 0.485634
vt 0.796821 0.476512
vt 0.800009 0.486677
vt 0.791819 0.482220
vt 0.791536 0.474650
vt 0.794805 0.471042
vt 0.799967 0.472765
vt 0.930161 0.775988
vt 0.935490 0.775860
vt 0.932486 0.779576
vt 0.930254 0.780712
vt 0.933364 0.784989
vt 0.935612 0.779935
vt 0.937922 0.783019
vt 0.939875 0.777665
vt 0.943656 0.778122
vt 0.940564 0.785261
vt 0.791395 0.467660
vt 0.786648 0.467258
vt 0.790240 0.463913
vt 0.785847 0.472510
vt 0.781067 0.465542
vt 0.784790 0.461817
vt 0.777522 0.469263
vt 0.777138 0.464467
vt 0.779563 0.473117
vt 0.772478 0.464333
vt 0.773616 0.472673
vt 0.769790 0.455340
vt 0.765974 0.460028
vt 0.769564 0.468241
vt 0.772984 0.456971
vt 0.762773 0.467152
vt 0.768457 0.473827
vt 0.765054 0.475812
vt 0.771726 0.480137
vt 0.768908 0.482088
vt 0.764657 0.480556
vt 0.759768 0.475717
vt 0.758309 0.470126
vt 0.756177 0.473768
vt 0.752549 0.469355
vt 0.755452 0.463326
vt 0.757744 0.463130
vt 0.757123 0.456359
vt 0.748841 0.460097
vt 0.752094 0.465607
vt 0.745527 0.466395
vt 0.743200 0.469730
vt 0.746277 0.471060
vt 0.739475 0.468961
vt 0.894884 0.710593
vt 0.900090 0.709170
vt 0.901102 0.713093
vt 0.907570 0.712383
vt 0.739554 0.475726
vt 0.733429 0.474650
vt 0.896015 0.703757
vt 0.887232 0.709096
vt 0.735354 0.479279
vt 0.886421 0.706664
vt 0.881861 0.708699
vt 0.730220 0.479448
vt 0.733120 0.483944
vt 0.728770 0.483187
vt 0.725740 0.479711
vt 0.879577 0.705141
vt 0.724027 0.484601
vt 0.726141 0.487631
vt 0.730190 0.487490
vt 0.727827 0.489587
vt 0.719614 0.490941
vt 0.719747 0.488666
vt 0.733201 0.489183
vt 0.727640 0.492710
vt 0.729074 0.496118
vt 0.724086 0.496901
vt 0.721054 0.493315
vt 0.718104 0.498456
vt 0.715286 0.491898
vt 0.713317 0.496958
vt 0.713906 0.503883
vt 0.721677 0.501846
vt 0.718645 0.507804
vt 0.722932 0.505567
vt 0.726937 0.504245
vt 0.727837 0.500931
vt 0.724671 0.509839
vt 0.719738 0.515120
vt 0.711555 0.507668
vt 0.714747 0.510018
vt 0.713655 0.514337
vt 0.712760 0.520876
vt 0.727979 0.511932
vt 0.719281 0.520249
vt 0.724426 0.518690
vt 0.708692 0.516413
vt 0.705267 0.519649
vt 0.708396 0.525737
vt 0.713889 0.525310
vt 0.703748 0.514914
vt 0.697572 0.518551
vt 0.699331 0.521776
vt 0.702845 0.524869
vt 0.693564 0.524164
vt 0.694808 0.530746
vt 0.694370 0.538853
vt 0.689182 0.537430
vt 0.690321 0.528530
vt 0.699395 0.532440
vt 0.690865 0.546450
vt 0.695377 0.542628
vt 0.688383 0.546328
vt 0.699861 0.537736
vt 0.695047 0.547291
vt 0.702386 0.541562
vt 0.699736 0.548236
vt 0.695366 0.551598
vt 0.691601 0.551407
vt 0.692117 0.555194
vt 0.700251 0.552428
vt 0.693430 0.558511
vt 0.687929 0.556290
vt 0.687167 0.565329
vt 0.686540 0.554289
vt 0.683084 0.562404
vt 0.684783 0.558762
vt 0.680623 0.559499
vt 0.680703 0.564839
vt 0.676350 0.564134
vt 0.540471 0.764454
vt 0.542295 0.761155
vt 0.672835 0.563439
vt 0.676348 0.560023
vt 0.677223 0.566418
vt 0.681250 0.567941
vt 0.671657 0.558086
vt 0.679837 0.554729
vt 0.675501 0.552441
vt 0.668394 0.556340
vt 0.670586 0.561826
vt 0.685337 0.548925
vt 0.681870 0.544974
vt 0.669957 0.551471
vt 0.676332 0.547780
vt 0.670647 0.546975
vt 0.664433 0.553112
vt 0.550391 0.758221
vt 0.550537 0.752723
vt 0.554403 0.755161
vt 0.556095 0.750508
vt 0.560828 0.751503
vt 0.664663 0.544765
vt 0.659834 0.547165
vt 0.663498 0.539960
vt 0.666903 0.533448
vt 0.667939 0.537436
vt 0.672025 0.542417
vt 0.656893 0.545613
vt 0.659099 0.537023
vt 0.663665 0.530727
vt 0.654743 0.539177
vt 0.656222 0.534660
vt 0.661575 0.529318
vt 0.654053 0.528399
vt 0.657845 0.529647
vt 0.652458 0.524777
vt 0.656794 0.526867
vt 0.648628 0.525075
vt 0.653173 0.520790
vt 0.655189 0.524033
vt 0.819175 0.656055
vt 0.814582 0.650833
vt 0.825283 0.649293
vt 0.822135 0.656752
vt 0.655107 0.518499
vt 0.829786 0.655669
vt 0.827881 0.661095
vt 0.661605 0.518608
vt 0.659887 0.513061
vt 0.659443 0.523301
vt 0.832257 0.664313
vt 0.664600 0.510194
vt 0.668007 0.513546
vt 0.675154 0.513143
vt 0.670900 0.508426
vt 0.669022 0.518001
vt 0.677813 0.519139
vt 0.673905 0.521747
vt 0.668460 0.524803
vt 0.664135 0.525186
vt 0.680826 0.521879
vt 0.678666 0.527645
vt 0.673965 0.530391
vt 0.670521 0.527772
vt 0.682109 0.531415
vt 0.676219 0.535506
vt 0.671925 0.535865
vt 0.683840 0.536796
vt 0.677813 0.542363
vt 0.686682 0.530280
vt 0.685948 0.522742
vt 0.688756 0.525319
vt 0.691770 0.519223
vt 0.695207 0.514220
vt 0.685661 0.518426
vt 0.684846 0.514025
vt 0.689228 0.507323
vt 0.693778 0.509311
vt 0.681090 0.511955
vt 0.693894 0.502948
vt 0.687261 0.505146
vt 0.690375 0.499091
vt 0.688623 0.489761
vt 0.685342 0.493340
vt 0.686302 0.500666
vt 0.693774 0.493093
vt 0.692725 0.497792
vt 0.857429 0.681858
vt 0.852729 0.679864
vt 0.859223 0.678962
vt 0.692873 0.487751
vt 0.863298 0.682146
vt 0.859668 0.686068
vt 0.863648 0.678580
vt 0.854362 0.675655
vt 0.858394 0.670896
vt 0.866453 0.672334
vt 0.847428 0.677321
vt 0.854154 0.670663
vt 0.680772 0.497027
vt 0.680410 0.505142
vt 0.675894 0.501981
vt 0.842382 0.672771
vt 0.668818 0.506068
vt 0.845137 0.668044
vt 0.837481 0.666555
vt 0.842578 0.663384
vt 0.850952 0.662095
vt 0.849929 0.666998
vt 0.841364 0.659435
vt 0.846857 0.659337
vt 0.836999 0.660346
vt 0.849232 0.652886
vt 0.834586 0.653875
vt 0.839385 0.649859
vt 0.831105 0.651396
vt 0.852045 0.656902
vt 0.858225 0.656592
vt 0.856858 0.662353
vt 0.862871 0.665667
vt 0.864161 0.655847
vt 0.872819 0.666205
vt 0.874705 0.661172
vt 0.878646 0.670062
vt 0.877091 0.677375
vt 0.873060 0.675096
vt 0.883626 0.673336
vt 0.869543 0.678575
vt 0.875572 0.684521
vt 0.867664 0.683834
vt 0.882089 0.681538
vt 0.871642 0.686458
vt 0.879908 0.686864
vt 0.885780 0.678135
vt 0.888538 0.685750
vt 0.891865 0.681883
vt 0.895189 0.691806
vt 0.888179 0.691547
vt 0.890952 0.696957
vt 0.896153 0.697921
vt 0.899686 0.695048
vt 0.903893 0.699365
vt 0.903030 0.706747
vt 0.907164 0.703650
vt 0.912617 0.707070
vt 0.915103 0.710211
vt 0.912495 0.702465
vt 0.906701 0.694022
vt 0.907894 0.689680
vt 0.753117 0.453077
vt 0.885797 0.702346
vt 0.880505 0.698908
vt 0.879477 0.693423
vt 0.873919 0.693674
vt 0.875654 0.705214
vt 0.874842 0.698777
vt 0.868701 0.690918
vt 0.867114 0.695841
vt 0.868212 0.698076
vt 0.873628 0.703304
vt 0.719128 0.481836
vt 0.716802 0.488205
vt 0.721916 0.481088
vt 0.868976 0.704706
vt 0.863739 0.703111
vt 0.715152 0.484666
vt 0.711689 0.490463
vt 0.710013 0.486069
vt 0.704699 0.488602
vt 0.701518 0.485888
vt 0.862649 0.694425
vt 0.862152 0.689028
vt 0.700972 0.491361
vt 0.695896 0.485180
vt 0.706337 0.493258
vt 0.698717 0.497711
vt 0.698277 0.501073
vt 0.705895 0.499392
vt 0.710387 0.494581
vt 0.702887 0.507736
vt 0.698571 0.505940
vt 0.707846 0.503687
vt 0.708097 0.499438
vt 0.707949 0.509425
vt 0.699920 0.513181
vt 0.883742 0.690742
vt 0.569251 0.748119
vt 0.562670 0.748777
vt 0.555085 0.746072
vt 0.550603 0.747313
vt 0.543662 0.751418
vt 0.536725 0.752340
vt 0.537513 0.749463
vt 0.540990 0.756991
vt 0.541350 0.744844
vt 0.536122 0.742298
vt 0.537855 0.737508
vt 0.544677 0.759705
vt 0.678900 0.571061
vt 0.688381 0.571432
vt 0.690667 0.566500
vt 0.692785 0.573078
vt 0.694387 0.567932
vt 0.696498 0.565196
vt 0.698717 0.570938
vt 0.697963 0.568531
vt 0.699996 0.558336
vt 0.704205 0.562435
vt 0.700099 0.566846
vt 0.694649 0.561807
vt 0.703395 0.569939
vt 0.699023 0.575833
vt 0.704355 0.579031
vt 0.706293 0.570548
vt 0.707389 0.565408
vt 0.716420 0.567027
vt 0.710445 0.569632
vt 0.710687 0.561259
vt 0.712480 0.577601
vt 0.717648 0.572518
vt 0.723763 0.574019
vt 0.722634 0.563337
vt 0.713906 0.559644
vt 0.722020 0.566658
vt 0.723523 0.579500
vt 0.729944 0.577520
vt 0.728483 0.572037
vt 0.725627 0.588864
vt 0.734367 0.587461
vt 0.721217 0.585069
vt 0.733923 0.572309
vt 0.736670 0.576666
vt 0.738425 0.581210
vt 0.744246 0.579424
vt 0.747329 0.583755
vt 0.743107 0.587240
vt 0.741587 0.594318
vt 0.745955 0.589940
vt 0.746390 0.596570
vt 0.753182 0.588113
vt 0.752306 0.593233
vt 0.760037 0.596378
vt 0.752454 0.599188
vt 0.756212 0.589913
vt 0.753904 0.590430
vt 0.747271 0.601371
vt 0.750917 0.606637
vt 0.757330 0.602512
vt 0.756173 0.607886
vt 0.762032 0.603115
vt 0.765336 0.594521
vt 0.767395 0.601511
vt 0.763609 0.608182
vt 0.760794 0.610463
vt 0.767443 0.605268
vt 0.772760 0.603695
vt 0.768002 0.597486
vt 0.774792 0.599600
vt 0.776488 0.603986
vt 0.773791 0.608503
vt 0.768620 0.607954
vt 0.781892 0.607324
vt 0.771175 0.612530
vt 0.779096 0.610754
vt 0.763186 0.616269
vt 0.768364 0.617880
vt 0.772502 0.618500
vt 0.774595 0.616692
vt 0.782271 0.616711
vt 0.774101 0.623588
vt 0.768439 0.622152
vt 0.769547 0.625158
vt 0.777760 0.618851
vt 0.779270 0.627993
vt 0.775655 0.629640
vt 0.780435 0.622331
vt 0.771998 0.630108
vt 0.781264 0.631518
vt 0.779448 0.634803
vt 0.774960 0.635993
vt 0.783665 0.633156
vt 0.783919 0.638219
vt 0.780584 0.642286
vt 0.788498 0.634316
vt 0.788291 0.639393
vt 0.794698 0.638574
vt 0.791314 0.641658
vt 0.787596 0.644556
vt 0.783957 0.647114
vt 0.793146 0.645665
vt 0.777615 0.646519
vt 0.781342 0.653156
vt 0.774631 0.650543
vt 0.771416 0.647395
vt 0.773627 0.643007
vt 0.775122 0.652991
vt 0.768551 0.651590
vt 0.767713 0.657002
vt 0.763086 0.659095
vt 0.760372 0.651272
vt 0.764202 0.648945
vt 0.764474 0.666260
vt 0.758901 0.666046
vt 0.758755 0.658721
vt 0.750830 0.666432
vt 0.756062 0.655061
vt 0.751032 0.659880
vt 0.754263 0.648455
vt 0.749326 0.651627
vt 0.742468 0.656037
vt 0.740841 0.647348
vt 0.748627 0.643446
vt 0.744536 0.642625
vt 0.751498 0.639416
vt 0.757092 0.640916
vt 0.737292 0.643240
vt 0.742882 0.637544
vt 0.742982 0.631836
vt 0.749363 0.634063
vt 0.738673 0.630143
vt 0.737714 0.635351
vt 0.747129 0.628362
vt 0.754909 0.635801
vt 0.752183 0.628865
vt 0.751837 0.623205
vt 0.757561 0.628738
vt 0.759847 0.633658
vt 0.764620 0.626951
vt 0.766834 0.630528
vt 0.767864 0.638970
vt 0.761854 0.638845
vt 0.770564 0.636591
vt 0.765268 0.642739
vt 0.759519 0.644660
vt 0.760365 0.621967
vt 0.756616 0.624054
vt 0.763931 0.622450
vt 0.757881 0.615279
vt 0.755467 0.619263
vt 0.748479 0.616999
vt 0.752660 0.615401
vt 0.751934 0.612133
vt 0.744558 0.613758
vt 0.743575 0.606271
vt 0.739870 0.613253
vt 0.743170 0.619781
vt 0.739545 0.624236
vt 0.737062 0.618118
vt 0.732580 0.622203
vt 0.732123 0.612631
vt 0.734005 0.626410
vt 0.726159 0.621446
vt 0.728572 0.618624
vt 0.725226 0.612300
vt 0.717771 0.612274
vt 0.720311 0.607430
vt 0.720835 0.616674
vt 0.726029 0.607450
vt 0.713185 0.606135
vt 0.722904 0.599349
vt 0.716448 0.600589
vt 0.711818 0.611672
vt 0.708769 0.601301
vt 0.705672 0.608367
vt 0.703456 0.603377
vt 0.707068 0.595266
vt 0.698569 0.595842
vt 0.714284 0.594003
vt 0.708851 0.590839
vt 0.699624 0.590345
vt 0.700768 0.585289
vt 0.708904 0.587603
vt 0.705989 0.582038
vt 0.708312 0.578309
vt 0.715388 0.581773
vt 0.715156 0.590093
vt 0.718304 0.588654
vt 0.719405 0.592911
vt 0.725456 0.594535
vt 0.727774 0.601504
vt 0.729157 0.594541
vt 0.733929 0.597727
vt 0.740455 0.598863
vt 0.734601 0.603384
vt 0.730214 0.605472
vt 0.736807 0.608916
vt 0.739791 0.604400
vt 0.710142 0.617390
vt 0.716114 0.617922
vt 0.709340 0.622881
vt 0.721111 0.621983
vt 0.718254 0.626429
vt 0.725936 0.627237
vt 0.724566 0.631436
vt 0.717727 0.630736
vt 0.712159 0.627809
vt 0.714436 0.633652
vt 0.710171 0.633239
vt 0.703809 0.627317
vt 0.703793 0.621197
vt 0.699223 0.630821
vt 0.703580 0.630524
vt 0.705279 0.636451
vt 0.697588 0.636415
vt 0.691989 0.629198
vt 0.691465 0.633697
vt 0.685040 0.629895
vt 0.687284 0.626654
vt 0.687315 0.637826
vt 0.683458 0.633913
vt 0.691789 0.639386
vt 0.695831 0.642710
vt 0.693261 0.645969
vt 0.688645 0.642947
vt 0.683516 0.643835
vt 0.686686 0.645903
vt 0.685983 0.651828
vt 0.682042 0.646942
vt 0.689101 0.650271
vt 0.675461 0.643502
vt 0.679971 0.640090
vt 0.673703 0.638185
vt 0.673540 0.633873
vt 0.677717 0.631549
vt 0.669070 0.629207
vt 0.682772 0.626308
vt 0.677698 0.624936
vt 0.672681 0.623253
vt 0.691082 0.655816
vt 0.695535 0.651946
vt 0.693700 0.655322
vt 0.697528 0.647735
vt 0.701659 0.649257
vt 0.700342 0.654903
vt 0.706696 0.651144
vt 0.700213 0.643098
vt 0.705697 0.640677
vt 0.708323 0.644195
vt 0.712662 0.649937
vt 0.715029 0.644557
vt 0.712365 0.639563
vt 0.719299 0.646624
vt 0.714564 0.649067
vt 0.719273 0.637382
vt 0.723198 0.641938
vt 0.724233 0.646254
vt 0.720502 0.650800
vt 0.715870 0.653078
vt 0.726883 0.642604
vt 0.726635 0.636284
vt 0.728871 0.649936
vt 0.731406 0.646673
vt 0.733777 0.639432
vt 0.734316 0.646973
vt 0.734849 0.650860
vt 0.738845 0.652672
vt 0.733373 0.656549
vt 0.736565 0.659462
vt 0.736202 0.662762
vt 0.729728 0.663765
vt 0.728548 0.657384
vt 0.724838 0.653298
vt 0.723496 0.660871
vt 0.718845 0.657701
vt 0.713003 0.661987
vt 0.714474 0.657886
vt 0.709158 0.660031
vt 0.708292 0.656418
vt 0.704619 0.658073
vt 0.699339 0.660489
vt 0.744322 0.659474
vt 0.747382 0.662609
vt 0.732198 0.635823
vt 0.731696 0.630895
vt 0.735330 0.629983
vt 0.755504 0.672704
vt 0.761442 0.672594
vt 0.770469 0.661535
vt 0.772612 0.665237
vt 0.778407 0.664949
vt 0.777698 0.660642
vt 0.772052 0.655831
vt 0.781465 0.655528
vt 0.786355 0.662395
vt 0.788239 0.627784
vt 0.785103 0.630515
vt 0.785596 0.623075
vt 0.783195 0.628098
vt 0.784276 0.619488
vt 0.791885 0.616459
vt 0.788899 0.614793
vt 0.789627 0.610178
vt 0.785866 0.613745
vt 0.794501 0.609265
vt 0.789046 0.603469
vt 0.784320 0.608561
vt 0.797738 0.605502
vt 0.797125 0.600679
vt 0.803839 0.602316
vt 0.800181 0.596142
vt 0.793287 0.595004
vt 0.789497 0.598788
vt 0.806965 0.595036
vt 0.799405 0.589478
vt 0.804525 0.590075
vt 0.793462 0.589705
vt 0.797080 0.583737
vt 0.802830 0.583545
vt 0.803311 0.577265
vt 0.809559 0.581245
vt 0.806509 0.584946
vt 0.802309 0.570039
vt 0.805586 0.570726
vt 0.809287 0.572856
vt 0.798988 0.575374
vt 0.812890 0.576447
vt 0.815123 0.569471
vt 0.814532 0.565091
vt 0.806656 0.564513
vt 0.819765 0.566878
vt 0.820856 0.557797
vt 0.808624 0.559716
vt 0.814611 0.558047
vt 0.811456 0.554050
vt 0.816766 0.552602
vt 0.807510 0.552606
vt 0.810583 0.547175
vt 0.816175 0.547143
vt 0.803989 0.550760
vt 0.802073 0.554809
vt 0.802933 0.559435
vt 0.805138 0.545902
vt 0.799230 0.546246
vt 0.802310 0.540617
vt 0.812250 0.543817
vt 0.806476 0.538557
vt 0.802321 0.534745
vt 0.798713 0.535603
vt 0.798140 0.540788
vt 0.794442 0.537506
vt 0.792659 0.532066
vt 0.790437 0.537917
vt 0.795042 0.545850
vt 0.791247 0.527683
vt 0.787396 0.527296
vt 0.796995 0.526288
vt 0.787692 0.533740
vt 0.792203 0.520875
vt 0.802700 0.529401
vt 0.798253 0.519158
vt 0.800579 0.523564
vt 0.805838 0.532507
vt 0.806264 0.528296
vt 0.805811 0.522856
vt 0.810360 0.530960
vt 0.809709 0.523995
vt 0.813722 0.521257
vt 0.817908 0.526976
vt 0.809590 0.516667
vt 0.806285 0.516992
vt 0.805068 0.511365
vt 0.817403 0.516536
vt 0.813035 0.510878
vt 0.809813 0.508953
vt 0.813721 0.505500
vt 0.808073 0.505541
vt 0.812308 0.501266
vt 0.802340 0.505276
vt 0.804850 0.501377
vt 0.808601 0.499126
vt 0.799968 0.501772
vt 0.801364 0.496906
vt 0.805837 0.495233
vt 0.798832 0.495279
vt 0.801876 0.492440
vt 0.796862 0.504060
vt 0.793700 0.499753
vt 0.795852 0.494659
vt 0.792937 0.505296
vt 0.798952 0.507481
vt 0.801178 0.513511
vt 0.798305 0.512617
vt 0.793549 0.514529
vt 0.788391 0.515990
vt 0.788611 0.509205
vt 0.780543 0.507483
vt 0.786166 0.505639
vt 0.781937 0.511793
vt 0.787613 0.501700
vt 0.781573 0.502442
vt 0.779793 0.504264
vt 0.775812 0.504053
vt 0.778510 0.499509
vt 0.785170 0.495836
vt 0.780896 0.495340
vt 0.785489 0.490874
vt 0.790539 0.497021
vt 0.788975 0.493680
vt 0.788467 0.487533
vt 0.794929 0.487620
vt 0.793080 0.492244
vt 0.784573 0.487253
vt 0.788303 0.479023
vt 0.784388 0.482633
vt 0.781849 0.479069
vt 0.781302 0.475492
vt 0.777216 0.478614
vt 0.778099 0.486268
vt 0.774020 0.482553
vt 0.771837 0.487308
vt 0.767219 0.488260
vt 0.769833 0.492707
vt 0.776675 0.491116
vt 0.773547 0.493822
vt 0.775229 0.498811
vt 0.780119 0.490971
vt 0.769431 0.498645
vt 0.766534 0.504595
vt 0.762414 0.498056
vt 0.766351 0.493949
vt 0.770364 0.505816
vt 0.768129 0.511347
vt 0.763920 0.509778
vt 0.762427 0.503424
vt 0.773235 0.508801
vt 0.766345 0.517004
vt 0.760942 0.511635
vt 0.772386 0.513523
vt 0.773129 0.520674
vt 0.778079 0.512674
vt 0.777087 0.518349
vt 0.780782 0.521490
vt 0.780426 0.516205
vt 0.784321 0.517958
vt 0.786692 0.522351
vt 0.783576 0.524817
vt 0.778385 0.524963
vt 0.784058 0.528937
vt 0.779540 0.532642
vt 0.779644 0.541233
vt 0.787353 0.539702
vt 0.782862 0.546486
vt 0.779110 0.547474
vt 0.773785 0.544471
vt 0.775940 0.537651
vt 0.773213 0.551153
vt 0.779643 0.553759
vt 0.775807 0.554043
vt 0.769783 0.550185
vt 0.770229 0.557044
vt 0.773988 0.559555
vt 0.770431 0.563852
vt 0.764553 0.562553
vt 0.766760 0.557159
vt 0.760796 0.558426
vt 0.762981 0.555236
vt 0.763235 0.551562
vt 0.757926 0.552369
vt 0.753463 0.558574
vt 0.755484 0.549781
vt 0.758979 0.547097
vt 0.762016 0.546630
vt 0.760530 0.540356
vt 0.757209 0.543277
vt 0.751425 0.544345
vt 0.747061 0.545580
vt 0.753859 0.541014
vt 0.746764 0.540970
vt 0.742241 0.542617
vt 0.738482 0.544665
vt 0.744472 0.551324
vt 0.737272 0.549939
vt 0.748952 0.552013
vt 0.749497 0.548928
vt 0.749247 0.555664
vt 0.741418 0.557791
vt 0.734857 0.556084
vt 0.744028 0.562914
vt 0.736701 0.563347
vt 0.748896 0.559944
vt 0.751722 0.565037
vt 0.746350 0.566490
vt 0.751855 0.572135
vt 0.736887 0.566576
vt 0.739926 0.570052
vt 0.744407 0.572737
vt 0.748416 0.577850
vt 0.756707 0.574841
vt 0.757024 0.581403
vt 0.753013 0.583833
vt 0.762263 0.581745
vt 0.761686 0.588624
vt 0.764030 0.574711
vt 0.767390 0.584731
vt 0.769694 0.573981
vt 0.771818 0.579293
vt 0.771473 0.585973
vt 0.770975 0.593601
vt 0.773971 0.595355
vt 0.773848 0.589245
vt 0.779183 0.590364
vt 0.778397 0.594679
vt 0.781093 0.597607
vt 0.783091 0.591232
vt 0.779784 0.585601
vt 0.785322 0.595576
vt 0.789112 0.593686
vt 0.785475 0.587547
vt 0.775655 0.582138
vt 0.781738 0.580204
vt 0.782221 0.574743
vt 0.776238 0.574353
vt 0.788160 0.578103
vt 0.779028 0.566463
vt 0.788733 0.570971
vt 0.784169 0.568733
vt 0.781419 0.561156
vt 0.775427 0.567152
vt 0.773317 0.571435
vt 0.768235 0.567530
vt 0.759852 0.564431
vt 0.758809 0.571022
vt 0.756139 0.565215
vt 0.757391 0.562044
vt 0.787258 0.560380
vt 0.783684 0.557683
vt 0.783876 0.552576
vt 0.789108 0.555503
vt 0.786210 0.548229
vt 0.789998 0.552119
vt 0.789935 0.547319
vt 0.796503 0.552001
vt 0.785910 0.542940
vt 0.799195 0.557622
vt 0.792582 0.556723
vt 0.794571 0.561468
vt 0.791821 0.560567
vt 0.790845 0.563645
vt 0.791927 0.565850
vt 0.794028 0.570096
vt 0.798365 0.567314
vt 0.794528 0.578126
vt 0.792448 0.581290
vt 0.789903 0.583974
vt 0.799364 0.561948
vt 0.782332 0.602762
vt 0.731313 0.565860
vt 0.733541 0.568039
vt 0.728302 0.559500
vt 0.727278 0.563542
vt 0.722928 0.556922
vt 0.728858 0.555885
vt 0.732895 0.549823
vt 0.728235 0.549411
vt 0.724931 0.551180
vt 0.717698 0.552501
vt 0.722058 0.547172
vt 0.718166 0.544865
vt 0.725513 0.542861
vt 0.721602 0.541551
vt 0.731402 0.545040
vt 0.720455 0.537581
vt 0.729633 0.536739
vt 0.725368 0.533708
vt 0.733690 0.531244
vt 0.724648 0.528891
vt 0.719371 0.534161
vt 0.715737 0.536631
vt 0.715532 0.532081
vt 0.716334 0.528235
vt 0.710290 0.533027
vt 0.714183 0.543393
vt 0.710507 0.540668
vt 0.706074 0.533257
vt 0.704961 0.535653
vt 0.706699 0.542571
vt 0.703378 0.547391
vt 0.712854 0.547108
vt 0.707431 0.546945
vt 0.705184 0.555012
vt 0.708859 0.558096
vt 0.712252 0.555938
vt 0.711656 0.552082
vt 0.718407 0.557703
vt 0.721341 0.523436
vt 0.726919 0.521231
vt 0.727581 0.524920
vt 0.732948 0.521080
vt 0.730428 0.516704
vt 0.735227 0.516693
vt 0.735411 0.525558
vt 0.739605 0.521728
vt 0.742347 0.527540
vt 0.741675 0.518599
vt 0.745830 0.522730
vt 0.748584 0.516796
vt 0.750524 0.521364
vt 0.748257 0.527485
vt 0.749920 0.532184
vt 0.742703 0.530702
vt 0.752974 0.526737
vt 0.738756 0.533436
vt 0.742353 0.538828
vt 0.748155 0.536188
vt 0.755609 0.536779
vt 0.753871 0.533931
vt 0.761482 0.534357
vt 0.758702 0.528699
vt 0.762845 0.530363
vt 0.772622 0.529498
vt 0.768472 0.525421
vt 0.763341 0.523470
vt 0.769365 0.533001
vt 0.766240 0.537260
vt 0.762495 0.518101
vt 0.758482 0.519628
vt 0.756876 0.514924
vt 0.752926 0.519952
vt 0.754962 0.512468
vt 0.750490 0.509395
vt 0.755609 0.508835
vt 0.756528 0.507096
vt 0.752606 0.503637
vt 0.758259 0.503963
vt 0.761454 0.506761
vt 0.754907 0.499999
vt 0.750502 0.498990
vt 0.753492 0.494531
vt 0.759384 0.494608
vt 0.754699 0.490616
vt 0.763745 0.491236
vt 0.759915 0.490824
vt 0.761310 0.486528
vt 0.756950 0.484772
vt 0.760949 0.482658
vt 0.755524 0.479249
vt 0.753328 0.482052
vt 0.749080 0.476117
vt 0.749593 0.472995
vt 0.742816 0.474578
vt 0.746615 0.478928
vt 0.743297 0.482462
vt 0.748587 0.483774
vt 0.748780 0.489404
vt 0.745823 0.486796
vt 0.748516 0.494030
vt 0.741429 0.486430
vt 0.744410 0.496525
vt 0.739631 0.493365
vt 0.736654 0.490919
vt 0.737902 0.482188
vt 0.734012 0.494700
vt 0.739191 0.499347
vt 0.733990 0.499516
vt 0.738528 0.505608
vt 0.733140 0.507838
vt 0.741956 0.502581
vt 0.731297 0.504580
vt 0.739097 0.510281
vt 0.728443 0.508281
vt 0.736756 0.512408
vt 0.744123 0.507298
vt 0.745290 0.513600
vt 0.749184 0.506577
vt 0.746200 0.503346
vt 0.756843 0.524995
vt 0.769979 0.539491
vt 0.766097 0.540979
vt 0.765973 0.545948
vt 0.769868 0.543672
vt 0.775406 0.532802
vt 0.734521 0.536788
vt 0.734642 0.541616
vt 0.802612 0.519860
vt 0.807414 0.491678
vt 0.810494 0.492808
vt 0.815826 0.498253
vt 0.816845 0.494596
vt 0.813131 0.490208
vt 0.810604 0.496946
vt 0.818974 0.486904
vt 0.810876 0.487086
vt 0.805440 0.487646
vt 0.816631 0.503911
vt 0.823017 0.501871
vt 0.701128 0.348233
vt 0.705616 0.346218
vt 0.707412 0.353953
vt 0.711614 0.345118
vt 0.713295 0.355120
vt 0.822838 0.509124
vt 0.821925 0.493882
vt 0.712400 0.359491
vt 0.716455 0.346447
vt 0.719009 0.351126
vt 0.720848 0.355667
vt 0.727184 0.355621
vt 0.724098 0.360076
vt 0.719328 0.360374
vt 0.723161 0.365396
vt 0.717693 0.364585
vt 0.725326 0.369532
vt 0.826495 0.524580
vt 0.824004 0.516051
vt 0.819289 0.511924
vt 0.826672 0.532955
vt 0.732011 0.374948
vt 0.731156 0.369475
vt 0.727451 0.366608
vt 0.732249 0.363525
vt 0.735683 0.357864
vt 0.742428 0.366603
vt 0.737801 0.371402
vt 0.744937 0.362286
vt 0.751366 0.369747
vt 0.743807 0.371840
vt 0.748458 0.374101
vt 0.744279 0.377567
vt 0.739211 0.375711
vt 0.744916 0.386463
vt 0.741493 0.383434
vt 0.825871 0.545333
vt 0.821761 0.551073
vt 0.824293 0.538029
vt 0.825428 0.549813
vt 0.826879 0.537582
vt 0.735744 0.377903
vt 0.819122 0.539435
vt 0.811279 0.535421
vt 0.751398 0.379289
vt 0.749362 0.387862
vt 0.754645 0.374370
vt 0.758646 0.370336
vt 0.761120 0.367166
vt 0.758055 0.365045
vt 0.760330 0.361406
vt 0.767506 0.364899
vt 0.766744 0.356957
vt 0.756812 0.352920
vt 0.762662 0.353461
vt 0.755999 0.358631
vt 0.753733 0.365676
vt 0.751109 0.364047
vt 0.753005 0.353272
vt 0.747540 0.357347
vt 0.745158 0.350730
vt 0.750283 0.345973
vt 0.739308 0.353875
vt 0.742634 0.352837
vt 0.737010 0.346604
vt 0.742434 0.342676
vt 0.731726 0.352234
vt 0.732779 0.344085
vt 0.737874 0.342723
vt 0.734195 0.338379
vt 0.741388 0.340617
vt 0.745155 0.341934
vt 0.739848 0.333991
vt 0.750082 0.341257
vt 0.746306 0.335097
vt 0.753211 0.332340
vt 0.745222 0.331612
vt 0.749905 0.335985
vt 0.755412 0.338510
vt 0.755716 0.343035
vt 0.761723 0.345169
vt 0.766362 0.349729
vt 0.770536 0.349512
vt 0.759200 0.349700
vt 0.774375 0.351640
vt 0.771275 0.358940
vt 0.738281 0.329381
vt 0.747513 0.326032
vt 0.743086 0.322880
vt 0.733028 0.327460
vt 0.731189 0.330809
vt 0.733290 0.320216
vt 0.728567 0.336438
vt 0.727460 0.326457
vt 0.722721 0.331659
vt 0.722884 0.327432
vt 0.717232 0.329461
vt 0.718816 0.325550
vt 0.715470 0.334914
vt 0.719714 0.337063
vt 0.725355 0.339868
vt 0.724223 0.323228
vt 0.727425 0.322103
vt 0.904151 0.809569
vt 0.905608 0.804044
vt 0.713327 0.324927
vt 0.909304 0.800306
vt 0.915490 0.801077
vt 0.711956 0.330029
vt 0.708127 0.326327
vt 0.910729 0.795442
vt 0.705883 0.332801
vt 0.711395 0.336611
vt 0.708303 0.338093
vt 0.714161 0.338984
vt 0.704077 0.340285
vt 0.719211 0.343319
vt 0.724720 0.344919
vt 0.720749 0.347409
vt 0.723075 0.350162
vt 0.727367 0.349031
vt 0.728899 0.343094
vt 0.921497 0.801567
vt 0.743394 0.357927
vt 0.817293 0.575296
vt 0.814273 0.583871
vt 0.810481 0.587636
vt 0.767957 0.419997
vt 0.771974 0.417748
vt 0.771686 0.423624
vt 0.810308 0.592792
vt 0.809484 0.598381
vt 0.761249 0.459889
vt 0.763161 0.456729
vt 0.947079 0.780892
vt 0.937227 0.805356
vt 0.942192 0.807655
vt 0.947802 0.801400
vt 0.951269 0.805893
vt 0.955281 0.799509
vt 0.957622 0.795743
vt 0.960854 0.803084
vt 0.966105 0.807074
vt 0.963000 0.808825
vt 0.968882 0.812237
vt 0.972882 0.808919
vt 0.970351 0.818177
vt 0.969286 0.808841
vt 0.971839 0.804331
vt 0.976574 0.803190
vt 0.973967 0.800349
vt 0.979218 0.802219
vt 0.977383 0.796031
vt 0.941597 0.682127
vt 0.941215 0.688667
vt 0.937754 0.687908
vt 0.979694 0.806201
vt 0.939375 0.677203
vt 0.942976 0.678564
vt 0.936276 0.683459
vt 0.943025 0.672844
vt 0.941448 0.669985
vt 0.935491 0.675755
vt 0.948914 0.671334
vt 0.947328 0.675250
vt 0.979795 0.820508
vt 0.976426 0.818293
vt 0.980576 0.815398
vt 0.977867 0.811720
vt 0.947718 0.666555
vt 0.952526 0.667885
vt 0.980152 0.826066
vt 0.974204 0.821586
vt 0.949402 0.657727
vt 0.954479 0.662721
vt 0.974952 0.829192
vt 0.957277 0.658620
vt 0.977969 0.831788
vt 0.980964 0.830926
vt 0.974657 0.837012
vt 0.980734 0.836421
vt 0.969169 0.840638
vt 0.967776 0.833334
vt 0.974441 0.842629
vt 0.970631 0.828802
vt 0.968143 0.822131
vt 0.963359 0.827687
vt 0.973011 0.826813
vt 0.963787 0.822907
vt 0.958783 0.833654
vt 0.963582 0.833936
vt 0.960859 0.840209
vt 0.965992 0.837286
vt 0.954591 0.837374
vt 0.958686 0.846211
vt 0.963184 0.844429
vt 0.969722 0.844226
vt 0.967779 0.846777
vt 0.963237 0.852581
vt 0.968766 0.856025
vt 0.975272 0.847466
vt 0.975889 0.852558
vt 0.976639 0.857633
vt 0.971211 0.861112
vt 0.966988 0.864815
vt 0.964601 0.856916
vt 0.969932 0.868258
vt 0.964238 0.867958
vt 0.961073 0.862607
vt 0.954251 0.860273
vt 0.958813 0.854362
vt 0.960606 0.857771
vt 0.950767 0.855180
vt 0.951787 0.861042
vt 0.947322 0.863994
vt 0.945968 0.857401
vt 0.939891 0.866728
vt 0.940420 0.859164
vt 0.932573 0.865246
vt 0.935057 0.861032
vt 0.933438 0.870214
vt 0.927607 0.869681
vt 0.921370 0.872172
vt 0.921483 0.864328
vt 0.928761 0.863140
vt 0.914912 0.861542
vt 0.916887 0.872615
vt 0.923430 0.861073
vt 0.930536 0.857882
vt 0.926419 0.855730
vt 0.936003 0.857769
vt 0.937963 0.852908
vt 0.943787 0.852892
vt 0.951695 0.850142
vt 0.957166 0.849169
vt 0.953527 0.847444
vt 0.915839 0.876947
vt 0.908529 0.872598
vt 0.909781 0.865269
vt 0.913895 0.879162
vt 0.909095 0.879648
vt 0.904863 0.876394
vt 0.974505 0.865756
vt 0.973684 0.873603
vt 0.973417 0.881591
vt 0.979754 0.875162
vt 0.982545 0.870636
vt 0.952309 0.616775
vt 0.951412 0.621813
vt 0.945005 0.621963
vt 0.943613 0.612579
vt 0.953649 0.610296
vt 0.978617 0.881824
vt 0.944597 0.604794
vt 0.949675 0.606029
vt 0.946914 0.609180
vt 0.956317 0.606506
vt 0.977362 0.886303
vt 0.952546 0.598440
vt 0.957041 0.602199
vt 0.976427 0.895203
vt 0.977218 0.890724
vt 0.978698 0.898586
vt 0.956973 0.592280
vt 0.943720 0.598835
vt 0.939096 0.603048
vt 0.936541 0.611372
vt 0.932349 0.600546
vt 0.929451 0.606136
vt 0.923248 0.601169
vt 0.923132 0.609226
vt 0.919324 0.606479
vt 0.915103 0.601171
vt 0.923310 0.593604
vt 0.923389 0.588673
vt 0.915858 0.595025
vt 0.911951 0.595448
vt 0.913487 0.589028
vt 0.919456 0.584289
vt 0.915247 0.578626
vt 0.908521 0.578957
vt 0.909441 0.586183
vt 0.904955 0.591271
vt 0.903049 0.585530
vt 0.898552 0.587318
vt 0.903512 0.575883
vt 0.894122 0.583997
vt 0.895026 0.573814
vt 0.890765 0.575807
vt 0.891600 0.570126
vt 0.888336 0.567669
vt 0.883228 0.571701
vt 0.881445 0.563964
vt 0.886815 0.559623
vt 0.880159 0.553664
vt 0.875838 0.544495
vt 0.871514 0.551979
vt 0.876307 0.562723
vt 0.873880 0.541823
vt 0.869806 0.563958
vt 0.863409 0.547446
vt 0.867111 0.558461
vt 0.864803 0.571588
vt 0.860224 0.557731
vt 0.859020 0.565199
vt 0.860575 0.575044
vt 0.867364 0.577145
vt 0.863934 0.584360
vt 0.853748 0.581323
vt 0.853734 0.569765
vt 0.847013 0.563450
vt 0.854645 0.560236
vt 0.843707 0.569921
vt 0.850386 0.573242
vt 0.839223 0.575004
vt 0.835397 0.576152
vt 0.845196 0.574696
vt 0.836534 0.568177
vt 0.839000 0.563369
vt 0.842178 0.582012
vt 0.831215 0.582878
vt 0.830423 0.579479
vt 0.621903 0.673624
vt 0.626992 0.678787
vt 0.620934 0.679376
vt 0.624205 0.672787
vt 0.632879 0.672760
vt 0.616501 0.671705
vt 0.620011 0.667373
vt 0.611641 0.672459
vt 0.614975 0.662961
vt 0.614296 0.675931
vt 0.605504 0.676328
vt 0.619989 0.682710
vt 0.613744 0.682119
vt 0.613606 0.686988
vt 0.609888 0.684094
vt 0.605528 0.688310
vt 0.604716 0.679833
vt 0.600762 0.685772
vt 0.601134 0.694120
vt 0.607172 0.693766
vt 0.602264 0.698761
vt 0.597598 0.699714
vt 0.603835 0.701256
vt 0.608503 0.697896
vt 0.594701 0.706317
vt 0.603078 0.706247
vt 0.826248 0.605215
vt 0.820119 0.604033
vt 0.824032 0.599859
vt 0.820480 0.609023
vt 0.820902 0.614730
vt 0.827054 0.609898
vt 0.602178 0.711951
vt 0.833170 0.604075
vt 0.833776 0.610741
vt 0.824844 0.617015
vt 0.832562 0.614651
vt 0.826431 0.620230
vt 0.823513 0.621360
vt 0.830264 0.622937
vt 0.836359 0.623927
vt 0.839776 0.620520
vt 0.846840 0.625257
vt 0.835729 0.630881
vt 0.830804 0.628551
vt 0.825162 0.625745
vt 0.819609 0.622727
vt 0.821363 0.627322
vt 0.592338 0.718338
vt 0.599040 0.719647
vt 0.591041 0.712592
vt 0.597847 0.713351
vt 0.817181 0.617139
vt 0.583874 0.710791
vt 0.588281 0.715136
vt 0.585485 0.715775
vt 0.588296 0.721343
vt 0.578644 0.717258
vt 0.582261 0.720450
vt 0.579567 0.723305
vt 0.582754 0.730634
vt 0.578015 0.729283
vt 0.573532 0.716236
vt 0.573546 0.711500
vt 0.568933 0.715762
vt 0.561533 0.710913
vt 0.564520 0.704516
vt 0.558311 0.718053
vt 0.553618 0.714306
vt 0.555744 0.707122
vt 0.552235 0.699244
vt 0.560285 0.697495
vt 0.548238 0.705763
vt 0.548567 0.712245
vt 0.542123 0.713470
vt 0.535779 0.714737
vt 0.541036 0.707747
vt 0.544365 0.702948
vt 0.540212 0.701463
vt 0.536236 0.708489
vt 0.538045 0.696136
vt 0.534380 0.700588
vt 0.543607 0.697298
vt 0.546720 0.694090
vt 0.542904 0.691292
vt 0.546676 0.689282
vt 0.552470 0.687922
vt 0.535761 0.690892
vt 0.533060 0.695881
vt 0.526872 0.697536
vt 0.528408 0.703408
vt 0.521879 0.698197
vt 0.528800 0.708041
vt 0.519371 0.705445
vt 0.517935 0.709065
vt 0.525456 0.713368
vt 0.520959 0.714796
vt 0.520747 0.724711
vt 0.528800 0.719745
vt 0.518911 0.720123
vt 0.508795 0.724715
vt 0.499989 0.718442
vt 0.499348 0.725714
vt 0.506716 0.730355
vt 0.511435 0.718642
vt 0.494570 0.718151
vt 0.500787 0.713526
vt 0.497608 0.705333
vt 0.505422 0.704882
vt 0.510678 0.708352
vt 0.491421 0.708176
vt 0.492220 0.704806
vt 0.485580 0.702896
vt 0.496305 0.698113
vt 0.502586 0.696075
vt 0.510496 0.701446
vt 0.510024 0.694848
vt 0.516013 0.695402
vt 0.485204 0.696449
vt 0.482782 0.698204
vt 0.484925 0.709141
vt 0.479144 0.704745
vt 0.484550 0.716236
vt 0.489230 0.713215
vt 0.480585 0.709386
vt 0.489702 0.719265
vt 0.474682 0.710503
vt 0.471652 0.714083
vt 0.468488 0.709618
vt 0.472469 0.704654
vt 0.653190 0.648173
vt 0.649896 0.651916
vt 0.468266 0.699249
vt 0.472157 0.697030
vt 0.476103 0.700676
vt 0.465709 0.692781
vt 0.476216 0.693673
vt 0.470293 0.691089
vt 0.463428 0.696101
vt 0.463529 0.686965
vt 0.461317 0.691575
vt 0.462355 0.700200
vt 0.462505 0.707894
vt 0.458435 0.703804
vt 0.457516 0.699796
vt 0.456092 0.694434
vt 0.453556 0.700856
vt 0.651394 0.667117
vt 0.651211 0.661927
vt 0.656972 0.666545
vt 0.654532 0.676617
vt 0.649291 0.673174
vt 0.448597 0.695782
vt 0.658782 0.671573
vt 0.657697 0.674622
vt 0.649822 0.681275
vt 0.655074 0.684565
vt 0.657214 0.680566
vt 0.661343 0.679578
vt 0.666448 0.679248
vt 0.661755 0.684364
vt 0.663160 0.671559
vt 0.667989 0.686837
vt 0.657054 0.688388
vt 0.662524 0.692329
vt 0.654353 0.695061
vt 0.650248 0.691005
vt 0.647075 0.683823
vt 0.646646 0.687703
vt 0.644077 0.695362
vt 0.648915 0.696791
vt 0.445451 0.686193
vt 0.440975 0.692078
vt 0.440089 0.688325
vt 0.436794 0.686066
vt 0.440551 0.681405
vt 0.444734 0.680705
vt 0.451992 0.684703
vt 0.447635 0.690189
vt 0.458241 0.689104
vt 0.450610 0.687828
vt 0.447096 0.679713
vt 0.449110 0.677288
vt 0.454347 0.679928
vt 0.457978 0.681722
vt 0.454706 0.675123
vt 0.461162 0.679689
vt 0.463308 0.678041
vt 0.465616 0.682685
vt 0.469183 0.674660
vt 0.473931 0.679184
vt 0.474226 0.684167
vt 0.475092 0.673987
vt 0.479311 0.670997
vt 0.476733 0.665303
vt 0.472884 0.667295
vt 0.471065 0.659944
vt 0.477830 0.655248
vt 0.480594 0.660236
vt 0.481298 0.664969
vt 0.486521 0.671011
vt 0.484665 0.666239
vt 0.484033 0.659671
vt 0.487376 0.664438
vt 0.480248 0.649631
vt 0.487256 0.655047
vt 0.484932 0.648226
vt 0.478357 0.644654
vt 0.475503 0.649225
vt 0.473712 0.654720
vt 0.470693 0.643953
vt 0.470378 0.647161
vt 0.473132 0.651212
vt 0.467194 0.647965
vt 0.469518 0.651330
vt 0.465636 0.641251
vt 0.461185 0.648218
vt 0.465775 0.652463
vt 0.468467 0.656599
vt 0.464483 0.660040
vt 0.459804 0.652280
vt 0.456400 0.652274
vt 0.460064 0.657445
vt 0.454969 0.646464
vt 0.451675 0.650592
vt 0.454965 0.656360
vt 0.449415 0.656185
vt 0.459932 0.663142
vt 0.455977 0.663603
vt 0.451807 0.660795
vt 0.446232 0.652549
vt 0.439112 0.652092
vt 0.443971 0.648811
vt 0.448777 0.648321
vt 0.447446 0.643549
vt 0.450928 0.639407
vt 0.450299 0.629066
vt 0.454925 0.638422
vt 0.454554 0.633024
vt 0.457956 0.639642
vt 0.459820 0.634054
vt 0.455338 0.629478
vt 0.458646 0.625252
vt 0.463074 0.631130
vt 0.464484 0.634431
vt 0.461646 0.639726
vt 0.454679 0.622406
vt 0.459830 0.620236
vt 0.463023 0.623476
vt 0.465982 0.629441
vt 0.470743 0.624247
vt 0.463393 0.617994
vt 0.473803 0.620563
vt 0.473325 0.625801
vt 0.468594 0.630956
vt 0.479958 0.620954
vt 0.477403 0.623952
vt 0.482455 0.623592
vt 0.480067 0.627889
vt 0.476567 0.628962
vt 0.486614 0.629796
vt 0.483002 0.633034
vt 0.490313 0.626310
vt 0.485213 0.622754
vt 0.482411 0.618963
vt 0.493484 0.628879
vt 0.483606 0.638667
vt 0.477526 0.634858
vt 0.479719 0.640264
vt 0.484751 0.642843
vt 0.473975 0.638214
vt 0.470929 0.633827
vt 0.471232 0.639151
vt 0.467466 0.635462
vt 0.473365 0.631319
vt 0.458328 0.617158
vt 0.453624 0.666253
vt 0.447351 0.663738
vt 0.445149 0.669562
vt 0.451646 0.671960
vt 0.458608 0.667262
vt 0.457238 0.672258
vt 0.465547 0.667974
vt 0.469194 0.665260
vt 0.441403 0.675340
vt 0.445198 0.675766
vt 0.436922 0.680008
vt 0.437345 0.675814
vt 0.435835 0.672499
vt 0.432749 0.678809
vt 0.429362 0.675671
vt 0.431700 0.670084
vt 0.426121 0.671291
vt 0.650271 0.704178
vt 0.644617 0.704799
vt 0.644250 0.699742
vt 0.650291 0.701666
vt 0.655760 0.709470
vt 0.660813 0.703800
vt 0.656143 0.701881
vt 0.228534 0.005395
vt 0.658801 0.698311
vt 0.665980 0.697162
vt 0.666930 0.703692
vt 0.228485 0.009014
vt 0.233487 0.009394
vt 0.232104 0.014738
vt 0.671740 0.697444
vt 0.671512 0.690565
vt 0.672453 0.682260
vt 0.667242 0.691871
vt 0.673854 0.674464
vt 0.668929 0.671490
vt 0.680765 0.681694
vt 0.677908 0.678680
vt 0.675883 0.671860
vt 0.686229 0.679273
vt 0.681212 0.672799
vt 0.687170 0.675048
vt 0.690411 0.681135
vt 0.697551 0.679712
vt 0.698864 0.682667
vt 0.669285 0.666022
vt 0.663090 0.664795
vt 0.662640 0.660733
vt 0.655275 0.660446
vt 0.658619 0.659178
vt 0.652808 0.656895
vt 0.489818 0.651356
vt 0.478781 0.687161
vt 0.482431 0.694182
vt 0.452890 0.691173
vt 0.568201 0.699843
vt 0.554201 0.720915
vt 0.847768 0.616428
vt 0.858204 0.618076
vt 0.859836 0.623525
vt 0.854970 0.613341
vt 0.840852 0.610791
vt 0.848187 0.608113
vt 0.841103 0.615451
vt 0.839056 0.604874
vt 0.848027 0.599805
vt 0.833086 0.597099
vt 0.836371 0.595233
vt 0.841283 0.592722
vt 0.846088 0.590971
vt 0.854868 0.590814
vt 0.857001 0.595132
vt 0.854098 0.603072
vt 0.859653 0.606393
vt 0.853698 0.609287
vt 0.861934 0.609749
vt 0.864113 0.615568
vt 0.864970 0.607285
vt 0.863418 0.620781
vt 0.867713 0.619050
vt 0.868440 0.611865
vt 0.863358 0.626946
vt 0.869127 0.624940
vt 0.868147 0.629473
vt 0.873720 0.610654
vt 0.872924 0.605328
vt 0.879286 0.613666
vt 0.884844 0.608967
vt 0.882816 0.600504
vt 0.867949 0.600744
vt 0.876430 0.601292
vt 0.860894 0.598596
vt 0.867546 0.591004
vt 0.871018 0.595691
vt 0.876528 0.597617
vt 0.877202 0.588415
vt 0.873632 0.587750
vt 0.873201 0.579463
vt 0.872443 0.570146
vt 0.883225 0.582803
vt 0.890503 0.587901
vt 0.882239 0.591687
vt 0.889932 0.595326
vt 0.894785 0.591849
vt 0.901824 0.596522
vt 0.894361 0.598653
vt 0.897134 0.602455
vt 0.888023 0.601516
vt 0.893551 0.609756
vt 0.887827 0.616002
vt 0.896400 0.616931
vt 0.901113 0.610570
vt 0.901950 0.602455
vt 0.905724 0.602296
vt 0.908042 0.596821
vt 0.907649 0.610748
vt 0.907908 0.604074
vt 0.911221 0.606991
vt 0.915372 0.612397
vt 0.922635 0.614297
vt 0.912138 0.617088
vt 0.918631 0.619309
vt 0.910704 0.622494
vt 0.920214 0.627598
vt 0.915781 0.631861
vt 0.908660 0.632533
vt 0.906850 0.625329
vt 0.901110 0.621157
vt 0.898519 0.630641
vt 0.905344 0.637919
vt 0.891576 0.630666
vt 0.894834 0.621022
vt 0.908056 0.643481
vt 0.917474 0.640941
vt 0.910564 0.636069
vt 0.922167 0.641010
vt 0.921836 0.633228
vt 0.911864 0.647660
vt 0.919835 0.648391
vt 0.915901 0.653021
vt 0.926158 0.653867
vt 0.927365 0.646598
vt 0.931860 0.652069
vt 0.937325 0.650461
vt 0.938292 0.644960
vt 0.933262 0.639348
vt 0.928153 0.640572
vt 0.939592 0.633199
vt 0.933890 0.631202
vt 0.928037 0.634773
vt 0.940641 0.640805
vt 0.950594 0.630440
vt 0.947826 0.625678
vt 0.940194 0.624725
vt 0.944983 0.637325
vt 0.940514 0.617649
vt 0.935211 0.621985
vt 0.927988 0.628891
vt 0.926099 0.622743
vt 0.933059 0.614380
vt 0.930390 0.611732
vt 0.953778 0.632770
vt 0.951628 0.639423
vt 0.946236 0.645273
vt 0.953277 0.643097
vt 0.948716 0.650455
vt 0.942329 0.649748
vt 0.943062 0.656134
vt 0.934394 0.659070
vt 0.945487 0.663026
vt 0.940498 0.660194
vt 0.939819 0.663755
vt 0.932718 0.665007
vt 0.941977 0.667089
vt 0.935244 0.671528
vt 0.926487 0.668769
vt 0.920591 0.666347
vt 0.926747 0.660886
vt 0.917937 0.659249
vt 0.914275 0.665052
vt 0.909955 0.657069
vt 0.909042 0.652985
vt 0.904276 0.648780
vt 0.903723 0.654208
vt 0.956098 0.646613
vt 0.954231 0.652946
vt 0.961729 0.648881
vt 0.959307 0.653422
vt 0.980430 0.841424
vt 0.978070 0.844091
vt 0.960300 0.644231
vt 0.980816 0.846416
vt 0.955677 0.638497
vt 0.983523 0.853353
vt 0.983356 0.859416
vt 0.978399 0.862718
vt 0.952857 0.624339
vt 0.981556 0.867785
vt 0.849839 0.584483
vt 0.843891 0.586600
vt 0.850422 0.579323
vt 0.837008 0.586906
vt 0.837250 0.589981
vt 0.830172 0.588929
vt 0.834649 0.593102
vt 0.616584 0.687637
vt 0.827859 0.594674
vt 0.613167 0.693255
vt 0.597265 0.679565
vt 0.598498 0.673002
vt 0.603389 0.672084
vt 0.605107 0.669036
vt 0.596519 0.667782
vt 0.610304 0.663085
vt 0.600253 0.661586
vt 0.602903 0.663199
vt 0.606073 0.663832
vt 0.612226 0.655714
vt 0.605806 0.656656
vt 0.611509 0.650329
vt 0.606932 0.648069
vt 0.600119 0.655203
vt 0.600397 0.644760
vt 0.595755 0.649537
vt 0.595134 0.652556
vt 0.594519 0.659618
vt 0.590328 0.657861
vt 0.590715 0.665941
vt 0.585316 0.661479
vt 0.586164 0.655623
vt 0.589842 0.649825
vt 0.583078 0.650938
vt 0.589643 0.646947
vt 0.594678 0.640942
vt 0.588828 0.641998
vt 0.580875 0.645289
vt 0.599494 0.638120
vt 0.597448 0.633003
vt 0.591751 0.632983
vt 0.587173 0.637831
vt 0.580603 0.638175
vt 0.601898 0.632456
vt 0.605411 0.635946
vt 0.604807 0.639349
vt 0.612174 0.637393
vt 0.609312 0.641671
vt 0.616379 0.629659
vt 0.610966 0.631238
vt 0.617380 0.636650
vt 0.619757 0.641627
vt 0.608297 0.631190
vt 0.623788 0.629784
vt 0.627218 0.635378
vt 0.625410 0.644273
vt 0.619718 0.647537
vt 0.616596 0.654239
vt 0.623806 0.657529
vt 0.622803 0.650216
vt 0.629308 0.649924
vt 0.627267 0.658264
vt 0.624228 0.664777
vt 0.631028 0.667993
vt 0.630506 0.662004
vt 0.636230 0.668230
vt 0.638540 0.660856
vt 0.635813 0.655090
vt 0.838421 0.550723
vt 0.844891 0.545565
vt 0.840829 0.556183
vt 0.848550 0.555566
vt 0.853263 0.541187
vt 0.858047 0.550382
vt 0.859755 0.539747
vt 0.851839 0.536179
vt 0.866600 0.538286
vt 0.862786 0.533784
vt 0.846268 0.533922
vt 0.851903 0.529644
vt 0.842864 0.543626
vt 0.849043 0.526958
vt 0.843064 0.528449
vt 0.840938 0.534766
vt 0.845747 0.524203
vt 0.643829 0.633566
vt 0.640044 0.626595
vt 0.646292 0.629307
vt 0.642646 0.639875
vt 0.639172 0.633496
vt 0.633545 0.639690
vt 0.634648 0.628274
vt 0.631786 0.632165
vt 0.631729 0.624206
vt 0.628198 0.618798
vt 0.636288 0.621770
vt 0.642811 0.618374
vt 0.645972 0.623527
vt 0.636750 0.640866
vt 0.633132 0.644403
vt 0.634417 0.650605
vt 0.639198 0.647528
vt 0.839811 0.543043
vt 0.600034 0.625357
vt 0.594994 0.627846
vt 0.575888 0.653885
vt 0.575059 0.645852
vt 0.573975 0.659183
vt 0.912212 0.572811
vt 0.920794 0.578058
vt 0.917181 0.569686
vt 0.510649 0.755765
vt 0.509554 0.760176
vt 0.505273 0.761209
vt 0.207520 0.020577
vt 0.431508 0.640148
vt 0.214875 0.114161
vt 0.212368 0.110252
vt 0.225250 0.119425
vt 0.207289 0.117274
vt 0.210572 0.122136
vt 0.217287 0.121222
vt 0.222070 0.123501
vt 0.230389 0.126467
vt 0.220836 0.126887
vt 0.213745 0.130648
vt 0.208618 0.126418
vt 0.231579 0.133407
vt 0.226666 0.131150
vt 0.235826 0.131336
vt 0.234548 0.138710
vt 0.241428 0.134982
vt 0.244689 0.131285
vt 0.247727 0.137871
vt 0.239272 0.140024
vt 0.244288 0.141270
vt 0.245609 0.147979
vt 0.237356 0.144429
vt 0.232953 0.153751
vt 0.228773 0.142625
vt 0.219979 0.148769
vt 0.217026 0.140045
vt 0.220172 0.134163
vt 0.251428 0.153186
vt 0.255512 0.159235
vt 0.250787 0.130777
vt 0.256395 0.134419
vt 0.259332 0.132047
vt 0.204992 0.123555
vt 0.276575 0.169517
vt 0.271142 0.171223
vt 0.270143 0.176255
vt 0.267406 0.178131
vt 0.244437 0.187201
vt 0.246077 0.183018
vt 0.239731 0.182951
vt 0.249685 0.188735
vt 0.246897 0.192597
vt 0.241126 0.191414
vt 0.250589 0.195710
vt 0.244623 0.198655
vt 0.241189 0.195522
vt 0.238290 0.197373
vt 0.234744 0.194443
vt 0.210964 0.186618
vt 0.207201 0.189207
vt 0.209404 0.179959
vt 0.204821 0.175163
vt 0.202236 0.181629
vt 0.212117 0.181879
vt 0.203899 0.185892
vt 0.203300 0.190529
vt 0.199627 0.186591
vt 0.199773 0.192159
vt 0.204322 0.193593
vt 0.195290 0.186668
vt 0.195685 0.180392
vt 0.192037 0.177259
vt 0.195635 0.172629
vt 0.201250 0.173972
vt 0.201796 0.167466
vt 0.203034 0.164728
vt 0.196466 0.167879
vt 0.206100 0.158990
vt 0.202809 0.155481
vt 0.190826 0.172842
vt 0.185763 0.172650
vt 0.490116 0.589789
vt 0.488906 0.594854
vt 0.485105 0.599326
vt 0.503082 0.619146
vt 0.508934 0.613239
vt 0.511921 0.608709
vt 0.517500 0.602799
vt 0.519942 0.600388
vt 0.515306 0.598592
vt 0.514536 0.591899
vt 0.520303 0.594621
vt 0.524732 0.600556
vt 0.532191 0.599650
vt 0.531946 0.603040
vt 0.533965 0.612185
vt 0.527794 0.608701
vt 0.538590 0.573793
vt 0.545262 0.567090
vt 0.537281 0.566699
vt 0.546712 0.558438
vt 0.533488 0.568535
vt 0.536071 0.562029
vt 0.540414 0.557552
vt 0.541423 0.552848
vt 0.536224 0.555344
vt 0.535025 0.550658
vt 0.532792 0.549205
vt 0.530755 0.555043
vt 0.531144 0.560422
vt 0.550250 0.562800
vt 0.549192 0.558912
vt 0.553827 0.560816
vt 0.554218 0.553934
vt 0.532826 0.541947
vt 0.187669 0.236213
vt 0.565511 0.538343
vt 0.581996 0.561693
vt 0.580735 0.568878
vt 0.577761 0.565349
vt 0.574503 0.573488
vt 0.564014 0.620728
vt 0.586574 0.593571
vt 0.584715 0.587542
vt 0.222860 0.244464
vt 0.233213 0.215968
vt 0.254905 0.238848
vt 0.284619 0.208475
vt 0.278504 0.203313
vt 0.283562 0.203819
vt 0.290359 0.204935
vt 0.294446 0.208945
vt 0.289680 0.213221
vt 0.295740 0.202478
vt 0.285674 0.194363
vt 0.292198 0.199758
vt 0.295618 0.214375
vt 0.299820 0.211104
vt 0.301221 0.203873
vt 0.306684 0.208137
vt 0.305914 0.217376
vt 0.310498 0.216646
vt 0.312045 0.223740
vt 0.306958 0.223906
vt 0.307294 0.230459
vt 0.315523 0.233823
vt 0.306972 0.235412
vt 0.310003 0.239775
vt 0.316288 0.245000
vt 0.311775 0.244103
vt 0.303746 0.246274
vt 0.319286 0.239471
vt 0.300357 0.254962
vt 0.297412 0.250082
vt 0.311057 0.248986
vt 0.307463 0.254121
vt 0.301296 0.260931
vt 0.297113 0.260002
vt 0.295713 0.255193
vt 0.306326 0.260345
vt 0.297338 0.269497
vt 0.304741 0.264824
vt 0.293575 0.264188
vt 0.290783 0.266175
vt 0.302772 0.271731
vt 0.292394 0.273795
vt 0.294612 0.277565
vt 0.288662 0.278584
vt 0.286098 0.274382
vt 0.283184 0.269822
vt 0.285867 0.263922
vt 0.281326 0.265267
vt 0.279073 0.268071
vt 0.283664 0.260648
vt 0.290689 0.260371
vt 0.288104 0.256869
vt 0.290484 0.283242
vt 0.283381 0.281293
vt 0.286868 0.284598
vt 0.309542 0.268233
vt 0.310018 0.259135
vt 0.316796 0.259187
vt 0.314003 0.253163
vt 0.317865 0.249281
vt 0.323678 0.252952
vt 0.321987 0.246129
vt 0.325108 0.242526
vt 0.332516 0.255131
vt 0.334018 0.249528
vt 0.329455 0.241355
vt 0.334834 0.244383
vt 0.328113 0.235868
vt 0.321262 0.234105
vt 0.322754 0.227041
vt 0.317089 0.228462
vt 0.319185 0.220255
vt 0.333576 0.231009
vt 0.326213 0.223342
vt 0.323659 0.215941
vt 0.317388 0.212227
vt 0.329819 0.214323
vt 0.322535 0.207668
vt 0.327246 0.206864
vt 0.331267 0.207249
vt 0.334444 0.212733
vt 0.332200 0.220577
vt 0.340050 0.217248
vt 0.339268 0.221406
vt 0.336898 0.227265
vt 0.336325 0.238584
vt 0.341429 0.232158
vt 0.343749 0.225074
vt 0.345559 0.233031
vt 0.338509 0.240364
vt 0.350007 0.240593
vt 0.352850 0.234361
vt 0.349480 0.227301
vt 0.353072 0.225461
vt 0.357949 0.237191
vt 0.356382 0.241952
vt 0.363863 0.229746
vt 0.358713 0.226443
vt 0.364281 0.221547
vt 0.356575 0.220539
vt 0.360614 0.219720
vt 0.370941 0.222503
vt 0.376162 0.216262
vt 0.365985 0.215266
vt 0.370750 0.231964
vt 0.375055 0.226791
vt 0.381858 0.222874
vt 0.379139 0.229793
vt 0.376747 0.234535
vt 0.870205 0.272937
vt 0.865990 0.274216
vt 0.869173 0.267970
vt 0.371598 0.239863
vt 0.869686 0.261084
vt 0.866838 0.262713
vt 0.864121 0.267332
vt 0.864709 0.270427
vt 0.860556 0.260640
vt 0.866811 0.257779
vt 0.853762 0.264626
vt 0.856181 0.259803
vt 0.861575 0.254586
vt 0.859753 0.266954
vt 0.867911 0.253671
vt 0.861306 0.249377
vt 0.869390 0.247297
vt 0.860188 0.246689
vt 0.852981 0.255727
vt 0.855138 0.244780
vt 0.859141 0.242193
vt 0.848427 0.252806
vt 0.905782 0.958400
vt 0.897613 0.951081
vt 0.904065 0.954197
vt 0.907244 0.950106
vt 0.869363 0.241793
vt 0.358793 0.255050
vt 0.353730 0.254269
vt 0.359151 0.249369
vt 0.362715 0.251363
vt 0.361812 0.247359
vt 0.360610 0.245424
vt 0.354075 0.247954
vt 0.347321 0.252605
vt 0.345101 0.243682
vt 0.341623 0.257213
vt 0.343419 0.250644
vt 0.339148 0.252194
vt 0.340661 0.245177
vt 0.363048 0.242509
vt 0.367785 0.246912
vt 0.365050 0.237346
vt 0.910536 0.949426
vt 0.904289 0.948313
vt 0.903704 0.942337
vt 0.909660 0.943068
vt 0.897852 0.942617
vt 0.901808 0.939248
vt 0.907299 0.938185
vt 0.904562 0.933130
vt 0.909586 0.931738
vt 0.913957 0.934702
vt 0.913923 0.939927
vt 0.916900 0.935638
vt 0.919399 0.931274
vt 0.919039 0.927141
vt 0.913354 0.929065
vt 0.917754 0.939288
vt 0.911240 0.925282
vt 0.904961 0.927789
vt 0.906076 0.920736
vt 0.913880 0.922131
vt 0.902515 0.922741
vt 0.901090 0.917235
vt 0.903482 0.914318
vt 0.912487 0.917977
vt 0.907849 0.915221
vt 0.917819 0.919797
vt 0.919006 0.915796
vt 0.913459 0.911815
vt 0.920210 0.922288
vt 0.924828 0.910429
vt 0.918811 0.908770
vt 0.924480 0.917211
vt 0.922142 0.925443
vt 0.927143 0.924494
vt 0.928974 0.915502
vt 0.929392 0.920525
vt 0.924973 0.930121
vt 0.929381 0.932384
vt 0.933632 0.924791
vt 0.934343 0.932811
vt 0.928518 0.939768
vt 0.923244 0.935672
vt 0.934540 0.936990
vt 0.940826 0.928101
vt 0.940843 0.932648
vt 0.942504 0.937088
vt 0.947350 0.936697
vt 0.948182 0.931010
vt 0.945222 0.941769
vt 0.938216 0.943543
vt 0.950168 0.941091
vt 0.942590 0.948531
vt 0.952684 0.934414
vt 0.953488 0.942845
vt 0.954160 0.950675
vt 0.960242 0.948078
vt 0.958772 0.955194
vt 0.955250 0.957647
vt 0.961894 0.954492
vt 0.971417 0.959050
vt 0.967046 0.951618
vt 0.971847 0.952747
vt 0.976391 0.956346
vt 0.971566 0.946722
vt 0.964557 0.943939
vt 0.973596 0.942212
vt 0.966711 0.937514
vt 0.959246 0.942276
vt 0.958807 0.936392
vt 0.956337 0.930796
vt 0.962235 0.931349
vt 0.958415 0.925579
vt 0.970815 0.936176
vt 0.969818 0.930370
vt 0.963545 0.926855
vt 0.958413 0.922250
vt 0.950140 0.917059
vt 0.956777 0.912054
vt 0.959917 0.916853
vt 0.964734 0.918605
vt 0.965174 0.911862
vt 0.969204 0.923215
vt 0.968646 0.927308
vt 0.972940 0.924162
vt 0.974414 0.931021
vt 0.975899 0.937295
vt 0.945736 0.912682
vt 0.942114 0.917763
vt 0.949295 0.920633
vt 0.950169 0.924922
vt 0.941029 0.921783
vt 0.946077 0.928171
vt 0.934421 0.919463
vt 0.935515 0.916039
vt 0.941262 0.911465
vt 0.935065 0.908926
vt 0.930839 0.907902
vt 0.926827 0.905251
vt 0.923876 0.903808
vt 0.924451 0.898338
vt 0.918324 0.900513
vt 0.913611 0.903905
vt 0.913432 0.907644
vt 0.907744 0.906098
vt 0.905196 0.910648
vt 0.904348 0.904115
vt 0.899767 0.905764
vt 0.898775 0.909398
vt 0.895277 0.905635
vt 0.896543 0.909802
vt 0.898548 0.916923
vt 0.893001 0.924601
vt 0.894341 0.917122
vt 0.890583 0.917164
vt 0.891832 0.909185
vt 0.886058 0.921470
vt 0.886623 0.907962
vt 0.881067 0.915405
vt 0.895025 0.929185
vt 0.885409 0.927007
vt 0.830811 0.271963
vt 0.833635 0.279307
vt 0.827093 0.275247
vt 0.826044 0.283181
vt 0.836482 0.273280
vt 0.831807 0.284899
vt 0.839787 0.274992
vt 0.839893 0.279244
vt 0.838755 0.283417
vt 0.844559 0.284257
vt 0.837361 0.287847
vt 0.839575 0.290844
vt 0.849212 0.283931
vt 0.847402 0.289976
vt 0.851280 0.280997
vt 0.855532 0.279709
vt 0.854710 0.274124
vt 0.851135 0.275218
vt 0.844148 0.272339
vt 0.858306 0.275073
vt 0.855402 0.270589
vt 0.847572 0.268263
vt 0.845508 0.262721
vt 0.840393 0.261968
vt 0.840265 0.267008
vt 0.836323 0.266138
vt 0.886673 0.935929
vt 0.889730 0.941426
vt 0.844703 0.257457
vt 0.894598 0.946033
vt 0.898948 0.934675
vt 0.897679 0.927405
vt 0.901640 0.931258
vt 0.900749 0.937216
vt 0.901772 0.928463
vt 0.900971 0.925397
vt 0.850734 0.259122
vt 0.862461 0.278038
vt 0.859342 0.280166
vt 0.860814 0.274717
vt 0.864836 0.284563
vt 0.860651 0.283180
vt 0.855577 0.282981
vt 0.856767 0.285610
vt 0.860990 0.288765
vt 0.857251 0.288728
vt 0.852985 0.287596
vt 0.866463 0.287478
vt 0.860702 0.291591
vt 0.863392 0.292303
vt 0.867259 0.282334
vt 0.868399 0.291788
vt 0.870591 0.285390
vt 0.866050 0.293494
vt 0.872885 0.279617
vt 0.867910 0.277550
vt 0.870434 0.294257
vt 0.865346 0.296220
vt 0.868502 0.297144
vt 0.867151 0.299802
vt 0.863120 0.301324
vt 0.860109 0.297940
vt 0.863785 0.294165
vt 0.861248 0.295705
vt 0.858075 0.294274
vt 0.854377 0.298039
vt 0.859525 0.302488
vt 0.850353 0.296978
vt 0.848821 0.301644
vt 0.851232 0.302478
vt 0.855867 0.301784
vt 0.854734 0.293326
vt 0.842032 0.295975
vt 0.836449 0.295503
vt 0.844721 0.302208
vt 0.837893 0.301403
vt 0.838206 0.305788
vt 0.844269 0.307566
vt 0.849824 0.306018
vt 0.849114 0.310661
vt 0.854482 0.309023
vt 0.854482 0.311404
vt 0.858472 0.311297
vt 0.855705 0.305572
vt 0.857190 0.306054
vt 0.853821 0.304136
vt 0.859066 0.315992
vt 0.864032 0.310198
vt 0.859821 0.306750
vt 0.863298 0.305299
vt 0.867212 0.308091
vt 0.864396 0.316126
vt 0.869877 0.311467
vt 0.868905 0.320247
vt 0.864168 0.320391
vt 0.873530 0.313645
vt 0.876505 0.319499
vt 0.866834 0.326871
vt 0.871381 0.327063
vt 0.869284 0.331917
vt 0.865655 0.334888
vt 0.859867 0.327417
vt 0.863526 0.325693
vt 0.860979 0.322095
vt 0.855392 0.319809
vt 0.853138 0.328835
vt 0.850477 0.323903
vt 0.849344 0.316139
vt 0.853062 0.314550
vt 0.844791 0.316777
vt 0.838953 0.321894
vt 0.838008 0.316684
vt 0.837287 0.310904
vt 0.844729 0.323483
vt 0.834164 0.319696
vt 0.833117 0.325512
vt 0.837850 0.327359
vt 0.830459 0.329368
vt 0.829391 0.322988
vt 0.823325 0.327945
vt 0.822688 0.321561
vt 0.828147 0.319451
vt 0.824753 0.313090
vt 0.829696 0.315881
vt 0.831251 0.309015
vt 0.833973 0.306247
vt 0.830730 0.303998
vt 0.823443 0.307460
vt 0.831684 0.297833
vt 0.826221 0.300507
vt 0.830791 0.290789
vt 0.825999 0.293708
vt 0.824454 0.298265
vt 0.820727 0.298407
vt 0.820311 0.292905
vt 0.823005 0.288821
vt 0.877402 0.905291
vt 0.879357 0.897958
vt 0.878166 0.909771
vt 0.882874 0.901793
vt 0.886969 0.896024
vt 0.888566 0.903020
vt 0.891509 0.906378
vt 0.893197 0.900433
vt 0.882829 0.892743
vt 0.887711 0.891450
vt 0.884720 0.887682
vt 0.880252 0.888490
vt 0.873784 0.886675
vt 0.874759 0.891830
vt 0.877676 0.893530
vt 0.810402 0.303435
vt 0.807523 0.310282
vt 0.805343 0.304993
vt 0.874929 0.881074
vt 0.799844 0.306859
vt 0.801820 0.311162
vt 0.877239 0.872055
vt 0.796862 0.310275
vt 0.791337 0.311061
vt 0.792754 0.314312
vt 0.787663 0.312876
vt 0.880146 0.869140
vt 0.783780 0.318545
vt 0.791009 0.317905
vt 0.881586 0.860953
vt 0.780403 0.316143
vt 0.787724 0.322635
vt 0.786085 0.325483
vt 0.776107 0.319868
vt 0.778321 0.326197
vt 0.782509 0.328108
vt 0.791955 0.329278
vt 0.790787 0.324953
vt 0.797943 0.320826
vt 0.804229 0.318969
vt 0.801712 0.314558
vt 0.796832 0.315365
vt 0.795361 0.318198
vt 0.795531 0.327875
vt 0.801402 0.324382
vt 0.810921 0.314670
vt 0.809847 0.318119
vt 0.807811 0.324033
vt 0.819202 0.317531
vt 0.816157 0.312720
vt 0.815547 0.307011
vt 0.817941 0.302938
vt 0.816146 0.297584
vt 0.875315 0.899747
vt 0.816679 0.320548
vt 0.817421 0.323540
vt 0.819452 0.325812
vt 0.814656 0.326405
vt 0.817888 0.331767
vt 0.809301 0.331373
vt 0.812616 0.334315
vt 0.802300 0.330382
vt 0.807250 0.334237
vt 0.809162 0.339262
vt 0.803432 0.346035
vt 0.802241 0.333261
vt 0.800259 0.338429
vt 0.795116 0.332815
vt 0.794621 0.341557
vt 0.799129 0.345603
vt 0.808623 0.345904
vt 0.807704 0.352308
vt 0.801358 0.351918
vt 0.801083 0.357956
vt 0.805038 0.355925
vt 0.807855 0.361298
vt 0.800561 0.364706
vt 0.805131 0.366959
vt 0.797393 0.361282
vt 0.797259 0.366718
vt 0.797865 0.371493
vt 0.799922 0.377049
vt 0.793187 0.375741
vt 0.801262 0.371483
vt 0.788871 0.377654
vt 0.791542 0.383940
vt 0.797273 0.381850
vt 0.793846 0.388812
vt 0.801108 0.386337
vt 0.804039 0.382884
vt 0.796644 0.392636
vt 0.802460 0.388127
vt 0.803516 0.393491
vt 0.797572 0.396988
vt 0.807449 0.390679
vt 0.806312 0.397031
vt 0.802953 0.404458
vt 0.790640 0.396955
vt 0.799486 0.403964
vt 0.794739 0.400867
vt 0.792209 0.404632
vt 0.789141 0.402964
vt 0.785973 0.400437
vt 0.788194 0.394904
vt 0.783004 0.396366
vt 0.781042 0.391137
vt 0.789807 0.390261
vt 0.775536 0.393392
vt 0.785897 0.384547
vt 0.796199 0.409116
vt 0.796093 0.414284
vt 0.793209 0.411939
vt 0.802892 0.411033
vt 0.801178 0.414834
vt 0.808060 0.415076
vt 0.810136 0.408695
vt 0.813253 0.413757
vt 0.809317 0.421963
vt 0.804404 0.418685
vt 0.813239 0.418037
vt 0.819418 0.418171
vt 0.816327 0.423312
vt 0.822655 0.411587
vt 0.823791 0.422538
vt 0.812911 0.427645
vt 0.820020 0.430438
vt 0.819588 0.427448
vt 0.815006 0.432946
vt 0.821041 0.437241
vt 0.824863 0.435252
vt 0.824497 0.426501
vt 0.812933 0.436218
vt 0.817409 0.444004
vt 0.808343 0.437488
vt 0.807189 0.430237
vt 0.805248 0.426490
vt 0.804080 0.429068
vt 0.803600 0.432510
vt 0.801487 0.437040
vt 0.798516 0.438557
vt 0.794992 0.432776
vt 0.798948 0.430686
vt 0.799019 0.425240
vt 0.801804 0.421672
vt 0.795272 0.422561
vt 0.807235 0.424017
vt 0.793442 0.416083
vt 0.821254 0.449101
vt 0.820595 0.443829
vt 0.822343 0.440925
vt 0.826522 0.448558
vt 0.830745 0.443872
vt 0.826091 0.439169
vt 0.833773 0.439233
vt 0.832455 0.433623
vt 0.830017 0.428699
vt 0.830468 0.422753
vt 0.833967 0.428395
vt 0.829700 0.417032
vt 0.836421 0.426397
vt 0.834593 0.421763
vt 0.839686 0.419407
vt 0.836285 0.414132
vt 0.839432 0.426705
vt 0.843267 0.423707
vt 0.842365 0.428634
vt 0.839455 0.433035
vt 0.847617 0.427915
vt 0.846426 0.433131
vt 0.852206 0.436153
vt 0.854363 0.421290
vt 0.852198 0.429120
vt 0.848502 0.421376
vt 0.847189 0.436125
vt 0.855305 0.437108
vt 0.853204 0.442373
vt 0.848408 0.441837
vt 0.844921 0.441085
vt 0.841470 0.437450
vt 0.836219 0.445651
vt 0.843273 0.446028
vt 0.836008 0.450666
vt 0.829905 0.453124
vt 0.847901 0.448503
vt 0.842654 0.451546
vt 0.853618 0.448470
vt 0.858952 0.431691
vt 0.856732 0.427441
vt 0.858511 0.423878
vt 0.864883 0.423901
vt 0.864911 0.426021
vt 0.867095 0.432452
vt 0.862648 0.434286
vt 0.859064 0.417139
vt 0.868518 0.418005
vt 0.374889 0.075253
vt 0.377209 0.068492
vt 0.376733 0.066435
vt 0.857877 0.411762
vt 0.862135 0.415199
vt 0.868463 0.414923
vt 0.871942 0.410528
vt 0.372968 0.083613
vt 0.366748 0.081705
vt 0.371474 0.088230
vt 0.367458 0.074512
vt 0.360678 0.076148
vt 0.367196 0.087639
vt 0.352438 0.077195
vt 0.353607 0.072021
vt 0.346833 0.074183
vt 0.853771 0.406342
vt 0.847779 0.412024
vt 0.846438 0.417848
vt 0.843481 0.416808
vt 0.841506 0.409847
vt 0.847067 0.403465
vt 0.850532 0.417647
vt 0.840464 0.404490
vt 0.839342 0.398428
vt 0.849625 0.395193
vt 0.853147 0.398629
vt 0.856111 0.388487
vt 0.856132 0.394291
vt 0.848667 0.386064
vt 0.845806 0.392620
vt 0.841306 0.389785
vt 0.838631 0.392542
vt 0.837022 0.386126
vt 0.839071 0.382740
vt 0.845107 0.383914
vt 0.842443 0.383346
vt 0.842541 0.374773
vt 0.833281 0.378007
vt 0.832662 0.383730
vt 0.824689 0.379657
vt 0.836001 0.391786
vt 0.827243 0.387482
vt 0.827099 0.383841
vt 0.832360 0.399655
vt 0.830436 0.392371
vt 0.835272 0.403650
vt 0.830987 0.406017
vt 0.827938 0.400940
vt 0.826309 0.394586
vt 0.823182 0.407471
vt 0.824105 0.398257
vt 0.820498 0.391681
vt 0.817398 0.399439
vt 0.819533 0.403679
vt 0.821878 0.388997
vt 0.814519 0.387533
vt 0.816107 0.391828
vt 0.812174 0.395399
vt 0.813431 0.399490
vt 0.809111 0.402425
vt 0.815275 0.403123
vt 0.819932 0.406824
vt 0.815819 0.407125
vt 0.817608 0.382001
vt 0.822561 0.383635
vt 0.813455 0.381494
vt 0.819520 0.375026
vt 0.808449 0.384419
vt 0.811404 0.377524
vt 0.806130 0.379857
vt 0.805393 0.374798
vt 0.811143 0.372474
vt 0.807820 0.368925
vt 0.811301 0.361421
vt 0.813330 0.362201
vt 0.816967 0.362298
vt 0.817355 0.370142
vt 0.814052 0.355951
vt 0.817641 0.354938
vt 0.820654 0.363496
vt 0.821671 0.359739
vt 0.823961 0.355466
vt 0.826077 0.363478
vt 0.828864 0.359164
vt 0.832304 0.365551
vt 0.823756 0.369901
vt 0.833922 0.370509
vt 0.829036 0.376161
vt 0.823368 0.375232
vt 0.840517 0.369155
vt 0.839546 0.364405
vt 0.847314 0.373247
vt 0.844666 0.367823
vt 0.850932 0.377607
vt 0.851613 0.369878
vt 0.849584 0.367062
vt 0.846385 0.376805
vt 0.849639 0.381621
vt 0.856266 0.379101
vt 0.857074 0.384810
vt 0.851705 0.363775
vt 0.848220 0.361754
vt 0.842257 0.361504
vt 0.837610 0.352752
vt 0.835078 0.359057
vt 0.843140 0.357476
vt 0.848788 0.355358
vt 0.842160 0.352357
vt 0.846758 0.350535
vt 0.848108 0.343310
vt 0.840078 0.343202
vt 0.836392 0.347663
vt 0.830681 0.351133
vt 0.826359 0.351239
vt 0.831321 0.341494
vt 0.826640 0.342499
vt 0.826453 0.336974
vt 0.835685 0.333144
vt 0.819001 0.338706
vt 0.831959 0.333574
vt 0.825410 0.332521
vt 0.821356 0.334955
vt 0.821265 0.347519
vt 0.817961 0.349386
vt 0.815478 0.341193
vt 0.813546 0.337042
vt 0.812674 0.349599
vt 0.809240 0.354432
vt 0.838921 0.330532
vt 0.840255 0.334621
vt 0.839146 0.338129
vt 0.848929 0.332905
vt 0.843931 0.338434
vt 0.846654 0.328708
vt 0.852610 0.340452
vt 0.848218 0.337224
vt 0.857607 0.336418
vt 0.860324 0.336728
vt 0.855097 0.343547
vt 0.862957 0.341665
vt 0.860478 0.347170
vt 0.865707 0.350662
vt 0.868890 0.344240
vt 0.868331 0.339427
vt 0.861755 0.354767
vt 0.873117 0.346461
vt 0.873156 0.342267
vt 0.877297 0.340016
vt 0.871644 0.336054
vt 0.876564 0.334014
vt 0.879071 0.329747
vt 0.882393 0.331993
vt 0.883978 0.335742
vt 0.890109 0.328825
vt 0.888954 0.334273
vt 0.885443 0.327423
vt 0.896404 0.326460
vt 0.895172 0.336138
vt 0.889846 0.341156
vt 0.882989 0.341959
vt 0.886609 0.343149
vt 0.369965 0.174538
vt 0.366500 0.169445
vt 0.368718 0.164538
vt 0.363903 0.163843
vt 0.366848 0.157163
vt 0.897579 0.343317
vt 0.361712 0.158873
vt 0.358832 0.154065
vt 0.360119 0.164279
vt 0.355906 0.161664
vt 0.353892 0.157072
vt 0.350862 0.152188
vt 0.348514 0.155988
vt 0.350929 0.159688
vt 0.345204 0.148172
vt 0.338898 0.153661
vt 0.342499 0.158682
vt 0.342754 0.164851
vt 0.337462 0.162884
vt 0.346422 0.164679
vt 0.344807 0.170326
vt 0.349035 0.172726
vt 0.353779 0.167084
vt 0.341097 0.170705
vt 0.344466 0.176450
vt 0.350479 0.175958
vt 0.349133 0.180504
vt 0.344838 0.182466
vt 0.340143 0.181541
vt 0.336768 0.176507
vt 0.351423 0.182289
vt 0.356337 0.182305
vt 0.357546 0.174441
vt 0.353453 0.171718
vt 0.348946 0.186381
vt 0.360215 0.187192
vt 0.352260 0.188817
vt 0.359847 0.182827
vt 0.365202 0.192548
vt 0.367938 0.189881
vt 0.357145 0.191576
vt 0.365915 0.184373
vt 0.367327 0.185158
vt 0.366232 0.176390
vt 0.361773 0.172706
vt 0.370600 0.180872
vt 0.373069 0.181438
vt 0.373325 0.178729
vt 0.891550 0.323294
vt 0.895002 0.321193
vt 0.887969 0.319726
vt 0.377241 0.183499
vt 0.890543 0.315989
vt 0.882213 0.318192
vt 0.886173 0.314621
vt 0.883136 0.322290
vt 0.881470 0.320314
vt 0.876739 0.325333
vt 0.879438 0.320856
vt 0.879011 0.311762
vt 0.882737 0.309337
vt 0.875106 0.310758
vt 0.877906 0.305043
vt 0.869287 0.305106
vt 0.873833 0.304874
vt 0.871329 0.301540
vt 0.877786 0.300420
vt 0.873991 0.296449
vt 0.878093 0.295864
vt 0.881609 0.303845
vt 0.882264 0.299833
vt 0.877665 0.291463
vt 0.881859 0.291550
vt 0.877241 0.287909
vt 0.872991 0.288836
vt 0.873883 0.282515
vt 0.383378 0.220073
vt 0.379438 0.212680
vt 0.387130 0.214576
vt 0.369741 0.212923
vt 0.371281 0.206740
vt 0.375089 0.207459
vt 0.384667 0.208850
vt 0.378861 0.204159
vt 0.386238 0.200129
vt 0.376636 0.200225
vt 0.365733 0.202116
vt 0.376846 0.194002
vt 0.382492 0.194208
vt 0.372688 0.196051
vt 0.381416 0.191098
vt 0.374101 0.188342
vt 0.886777 0.308432
vt 0.885656 0.305460
vt 0.365497 0.209191
vt 0.360144 0.203461
vt 0.360786 0.197426
vt 0.356105 0.201688
vt 0.351445 0.197173
vt 0.357261 0.214048
vt 0.354093 0.205548
vt 0.349040 0.199456
vt 0.350745 0.211256
vt 0.346315 0.204684
vt 0.347974 0.216278
vt 0.345524 0.213547
vt 0.343850 0.211400
vt 0.339496 0.206578
vt 0.340930 0.198849
vt 0.331750 0.201733
vt 0.337752 0.194795
vt 0.331558 0.197054
vt 0.325307 0.200009
vt 0.329791 0.193732
vt 0.331759 0.190957
vt 0.325229 0.194965
vt 0.327900 0.188338
vt 0.319221 0.198563
vt 0.319754 0.193234
vt 0.320300 0.189540
vt 0.314467 0.191348
vt 0.313442 0.197575
vt 0.307176 0.189438
vt 0.315772 0.185027
vt 0.309753 0.186137
vt 0.307592 0.180280
vt 0.315895 0.180873
vt 0.321432 0.185883
vt 0.324252 0.182601
vt 0.316700 0.177339
vt 0.327326 0.178371
vt 0.307657 0.173520
vt 0.319618 0.173844
vt 0.314230 0.170494
vt 0.301232 0.182505
vt 0.300770 0.172217
vt 0.302826 0.167118
vt 0.303568 0.190602
vt 0.293118 0.185739
vt 0.298670 0.193565
vt 0.286108 0.191662
vt 0.294127 0.196001
vt 0.305118 0.200213
vt 0.308935 0.202024
vt 0.317467 0.201730
vt 0.315149 0.206281
vt 0.312461 0.212082
vt 0.286834 0.188932
vt 0.286041 0.185875
vt 0.318644 0.166810
vt 0.310319 0.163895
vt 0.319320 0.162157
vt 0.316013 0.157636
vt 0.307549 0.153129
vt 0.313926 0.150741
vt 0.321606 0.153676
vt 0.328442 0.149849
vt 0.326907 0.162407
vt 0.331321 0.157170
vt 0.336852 0.148364
vt 0.343261 0.142376
vt 0.354549 0.145312
vt 0.333474 0.163039
vt 0.331391 0.165971
vt 0.335712 0.171404
vt 0.329389 0.171187
vt 0.331389 0.184833
vt 0.336339 0.185433
vt 0.340905 0.190108
vt 0.346874 0.193794
vt 0.347635 0.190367
vt 0.351898 0.194022
vt 0.871242 0.298076
vt 0.866039 0.304070
vt 0.359032 0.169184
vt 0.858432 0.360624
vt 0.856267 0.355424
vt 0.854073 0.358545
vt 0.858079 0.348841
vt 0.852291 0.348599
vt 0.855399 0.363486
vt 0.859739 0.369122
vt 0.825182 0.410008
vt 0.826992 0.412998
vt 0.831731 0.410349
vt 0.858964 0.397637
vt 0.375950 0.059675
vt 0.373284 0.063749
vt 0.788206 0.374021
vt 0.772044 0.320732
vt 0.881295 0.855121
vt 0.887289 0.857144
vt 0.882692 0.851100
vt 0.766710 0.324164
vt 0.854539 0.289709
vt 0.856817 0.292105
vt 0.911530 0.899649
vt 0.937966 0.951997
vt 0.934567 0.951973
vt 0.935570 0.960424
vt 0.933770 0.942584
vt 0.929070 0.948947
vt 0.923751 0.949926
vt 0.926362 0.945011
vt 0.921637 0.944342
vt 0.930834 0.942535
vt 0.915544 0.945407
vt 0.332579 0.259794
vt 0.321306 0.264403
vt 0.332111 0.263067
vt 0.310646 0.114177
vt 0.311813 0.117906
vt 0.317914 0.115714
vt 0.320573 0.106419
vt 0.317458 0.110674
vt 0.311426 0.111152
vt 0.322566 0.103607
vt 0.332379 0.108818
vt 0.323468 0.097246
vt 0.329981 0.098172
vt 0.331725 0.103131
vt 0.335717 0.098535
vt 0.338618 0.047431
vt 0.328949 0.052474
vt 0.341761 0.052600
vt 0.330610 0.045313
vt 0.336338 0.042196
vt 0.327179 0.037955
vt 0.344512 0.033901
vt 0.336391 0.035054
vt 0.341837 0.027979
vt 0.332170 0.029810
vt 0.343099 0.022538
vt 0.337208 0.021464
vt 0.327345 0.022298
vt 0.325804 0.027178
vt 0.320610 0.028511
vt 0.320024 0.023937
vt 0.750357 0.693036
vt 0.745958 0.690310
vt 0.744344 0.695074
vt 0.772279 0.688400
vt 0.793563 0.682893
vt 0.369114 0.021412
vt 0.929342 0.561556
vt 0.929362 0.552679
vt 0.935536 0.551915
vt 0.324171 0.324051
vt 0.319195 0.326802
vt 0.321241 0.319381
vt 0.315085 0.322791
vt 0.313935 0.317414
vt 0.308203 0.326189
vt 0.304134 0.326299
vt 0.312926 0.312097
vt 0.952199 0.521794
vt 0.343400 0.306432
vt 0.346898 0.309223
vt 0.349199 0.305067
vt 0.348867 0.297714
vt 0.946563 0.978988
vt 0.348163 0.312039
vt 0.270400 0.298081
vt 0.268171 0.293435
vt 0.267237 0.297457
vt 0.262242 0.313230
vt 0.258855 0.312651
vt 0.895666 0.516496
vt 0.902222 0.521824
vt 0.908048 0.524786
vt 0.914290 0.529290
vt 0.232541 0.311540
vt 0.238992 0.288361
vt 0.275244 0.246706
vt 0.274962 0.244797
vt 0.281382 0.238786
vt 0.281146 0.231142
vt 0.283173 0.234152
s 1
usemtl namaqualand_stones_01
f 2/1/2 1/2/1 4/3/4
f 1/2/1 2/1/2 3/4/3
f 5/5/5 1/2/1 3/4/3
f 1/2/1 5/5/5 4/3/4
f 6/6/6 7/7/7 5/5/5
f 5/5/5 3/4/3 6/6/6
f 7/7/7 4/3/4 5/5/5
f 7/7/7 6/6/6 8/8/8
f 7/7/7 8/8/8 9/9/9
f 7/7/7 9/9/9 11/10/11
f 10/11/10 12/12/12 7/7/7
f 10/11/10 7/7/7 11/10/11
f 7/7/7 12/12/12 4/3/4
f 12/12/12 10/11/10 13/13/13
f 14/14/14 4/3/4 12/12/12
f 14/14/14 12/12/12 13/13/13
f 16/15/16 4/3/4 14/14/14
f 15/16/15 17/17/17 14/14/14
f 13/13/13 15/16/15 14/14/14
f 14/14/14 17/17/17 16/15/16
f 18/18/18 17/17/17 21/19/21
f 18/18/18 16/15/16 17/17/17
f 21/19/21 17/17/17 19/20/19
f 19/20/19 17/17/17 20/21/20
f 15/16/15 20/21/20 17/17/17
f 24/22/24 18/18/18 21/19/21
f 22/23/22 21/19/21 19/20/19
f 22/23/22 23/24/23 21/19/21
f 23/24/23 24/22/24 21/19/21
f 26/25/26 24/22/24 23/24/23
f 25/26/25 18/18/18 24/22/24
f 27/27/27 25/26/25 24/22/24
f 24/22/24 26/25/26 27/27/27
f 28/28/28 25/26/25 27/27/27
f 30/29/30 28/28/28 27/27/27
f 29/30/29 27/27/27 26/25/26
f 30/29/30 27/27/27 29/30/29
f 31/31/31 30/29/30 29/30/29
f 32/32/32 30/29/30 31/31/31
f 32/32/32 28/28/28 30/29/30
f 31/31/31 33/33/33 32/32/32
f 34/34/34 32/32/32 33/33/33
f 32/32/32 34/34/34 28/28/28
f 34/34/34 37/35/37 35/36/35
f 34/34/34 35/36/35 36/37/36
f 38/38/38 34/34/34 36/37/36
f 33/33/33 37/35/37 34/34/34
f 38/38/38 28/28/28 34/34/34
f 25/26/25 28/28/28 38/38/38
f 36/37/36 25/26/25 38/38/38
f 39/39/39 37/35/37 40/40/40
f 37/35/37 39/39/39 41/41/41
f 37/35/37 33/33/33 40/40/40
f 41/41/41 35/36/35 37/35/37
f 41/41/41 43/42/43 42/43/42
f 41/41/41 42/43/42 35/36/35
f 43/42/43 41/41/41 44/44/44
f 41/41/41 39/39/39 44/44/44
f 45/45/45 44/44/44 39/39/39
f 44/44/44 45/45/45 46/46/46
f 44/44/44 46/46/46 43/42/43
f 46/46/46 49/47/49 47/48/47
f 47/48/47 48/49/48 46/46/46
f 43/42/43 46/46/46 48/49/48
f 49/47/49 46/46/46 50/50/50
f 45/45/45 50/50/50 46/46/46
f 54/51/54 49/47/49 50/50/50
f 50/50/50 45/45/45 51/52/51
f 53/53/53 50/50/50 51/52/51
f 50/50/50 52/54/52 54/51/54
f 50/50/50 53/53/53 52/54/52
f 49/47/49 54/51/54 47/48/47
f 47/48/47 54/51/54 55/55/55
f 55/55/55 54/51/54 56/56/56
f 54/51/54 52/54/52 56/56/56
f 56/56/56 58/57/58 57/58/57
f 57/58/57 55/55/55 56/56/56
f 58/57/58 56/56/56 52/54/52
f 61/59/61 57/58/57 58/57/58
f 52/54/52 59/60/59 58/57/58
f 60/61/60 58/57/58 59/60/59
f 60/61/60 61/59/61 58/57/58
f 61/59/61 64/62/64 57/58/57
f 61/59/61 62/63/62 63/64/63
f 62/63/62 61/59/61 60/61/60
f 64/62/64 61/59/61 63/64/63
f 65/65/65 66/66/66 64/62/64
f 65/65/65 64/62/64 63/64/63
f 67/67/67 64/62/64 66/66/66
f 67/67/67 68/68/68 64/62/64
f 57/58/57 64/62/64 68/68/68
f 68/68/68 71/69/71 69/70/69
f 69/70/69 57/58/57 68/68/68
f 68/68/68 67/67/67 70/71/70
f 68/68/68 70/71/70 71/69/71
f 72/72/72 71/69/71 70/71/70
f 69/70/69 71/69/71 8/8/8
f 71/69/71 73/73/73 8/8/8
f 73/73/73 71/69/71 72/72/72
f 73/73/73 75/74/75 74/75/74
f 8/8/8 73/73/73 74/75/74
f 72/72/72 75/74/75 73/73/73
f 76/76/76 74/75/74 75/74/75
f 75/74/75 72/72/72 76/76/76
f 79/77/79 74/75/74 76/76/76
f 72/72/72 78/78/78 76/76/76
f 79/77/79 76/76/76 77/79/77
f 76/76/76 78/78/78 77/79/77
f 79/77/79 82/80/82 80/81/80
f 80/81/80 74/75/74 79/77/79
f 79/77/79 77/79/77 81/82/81
f 79/77/79 81/82/81 82/80/82
f 83/83/83 82/80/82 85/84/85
f 83/83/83 84/85/84 82/80/82
f 82/80/82 84/85/84 80/81/80
f 82/80/82 81/82/81 85/84/85
f 86/86/86 85/84/85 81/82/81
f 85/84/85 86/86/86 89/87/89
f 85/84/85 88/88/88 83/83/83
f 89/87/89 87/89/87 85/84/85
f 85/84/85 87/89/87 88/88/88
f 90/90/90 89/87/89 86/86/86
f 90/90/90 91/91/91 89/87/89
f 89/87/89 91/91/91 87/89/87
f 91/91/91 90/90/90 92/92/92
f 91/91/91 92/92/92 93/93/93
f 93/93/93 94/94/94 91/91/91
f 87/89/87 91/91/91 94/94/94
f 94/94/94 96/95/96 95/96/95
f 87/89/87 94/94/94 95/96/95
f 96/95/96 94/94/94 93/93/93
f 96/95/96 98/97/98 97/98/97
f 95/96/95 96/95/96 97/98/97
f 96/95/96 93/93/93 98/97/98
f 99/99/99 100/100/100 98/97/98
f 99/99/99 98/97/98 102/101/102
f 98/97/98 100/100/100 101/102/101
f 101/102/101 97/98/97 98/97/98
f 98/97/98 93/93/93 102/101/102
f 102/101/102 106/103/106 103/104/103
f 99/99/99 102/101/102 103/104/103
f 102/101/102 93/93/93 104/105/104
f 104/105/104 105/106/105 102/101/102
f 106/103/106 102/101/102 105/106/105
f 107/107/107 106/103/106 109/108/109
f 106/103/106 107/107/107 108/109/108
f 110/110/110 106/103/106 108/109/108
f 109/108/109 106/103/106 105/106/105
f 110/110/110 103/104/103 106/103/106
f 112/111/112 111/112/111 110/110/110
f 110/110/110 111/112/111 103/104/103
f 112/111/112 110/110/110 108/109/108
f 113/113/113 112/111/112 114/114/114
f 111/112/111 112/111/112 113/113/113
f 108/109/108 107/107/107 112/111/112
f 107/107/107 115/115/115 112/111/112
f 114/114/114 112/111/112 115/115/115
f 115/115/115 107/107/107 118/116/118
f 114/114/114 115/115/115 116/117/116
f 117/118/117 116/117/116 115/115/115
f 115/115/115 118/116/118 117/118/117
f 119/119/119 118/116/118 107/107/107
f 117/118/117 118/116/118 120/120/120
f 118/116/118 119/119/119 120/120/120
f 117/118/117 120/120/120 121/121/121
f 120/120/120 123/122/123 121/121/121
f 120/120/120 119/119/119 122/123/122
f 122/123/122 123/122/123 120/120/120
f 125/124/125 121/121/121 123/122/123
f 123/122/123 124/125/124 125/124/125
f 123/122/123 127/126/127 124/125/124
f 126/127/126 123/122/123 122/123/122
f 127/126/127 123/122/123 126/127/126
f 128/128/128 127/126/127 129/129/129
f 128/128/128 124/125/124 127/126/127
f 126/127/126 129/129/129 127/126/127
f 130/130/130 131/131/131 129/129/129
f 133/132/133 130/130/130 129/129/129
f 132/133/132 129/129/129 126/127/126
f 129/129/129 131/131/131 128/128/128
f 132/133/132 133/132/133 129/129/129
f 133/132/133 78/78/78 134/134/134
f 134/134/134 135/135/135 133/132/133
f 78/78/78 133/132/133 132/133/132
f 135/135/135 130/130/130 133/132/133
f 135/135/135 66/66/66 130/130/130
f 135/135/135 134/134/134 70/71/70
f 135/135/135 70/71/70 66/66/66
f 70/71/70 134/134/134 72/72/72
f 78/78/78 72/72/72 134/134/134
f 132/133/132 137/136/137 136/137/136
f 132/133/132 136/137/136 86/86/86
f 86/86/86 78/78/78 132/133/132
f 132/133/132 126/127/126 137/136/137
f 109/108/109 137/136/137 119/119/119
f 119/119/119 137/136/137 122/123/122
f 122/123/122 137/136/137 126/127/126
f 92/92/92 137/136/137 109/108/109
f 137/136/137 92/92/92 136/137/136
f 136/137/136 90/90/90 86/86/86
f 136/137/136 92/92/92 90/90/90
f 130/130/130 139/138/139 131/131/131
f 128/128/128 131/131/131 138/139/138
f 140/140/140 138/139/138 131/131/131
f 131/131/131 139/138/139 140/140/140
f 143/141/143 140/140/140 139/138/139
f 140/140/140 141/142/141 138/139/138
f 141/142/141 140/140/140 142/143/142
f 140/140/140 144/144/144 142/143/142
f 143/141/143 144/144/144 140/140/140
f 144/144/144 65/65/65 142/143/142
f 144/144/144 143/141/143 65/65/65
f 66/66/66 65/65/65 143/141/143
f 143/141/143 139/138/139 66/66/66
f 65/65/65 62/63/62 142/143/142
f 142/143/142 62/63/62 145/145/145
f 142/143/142 145/145/145 146/146/146
f 141/142/141 142/143/142 146/146/146
f 145/145/145 147/147/147 146/146/146
f 147/147/147 148/148/148 146/146/146
f 149/149/149 146/146/146 148/148/148
f 146/146/146 149/149/149 141/142/141
f 149/149/149 150/150/150 152/151/152
f 151/152/151 150/150/150 149/149/149
f 148/148/148 151/152/151 149/149/149
f 149/149/149 152/151/152 153/153/153
f 153/153/153 141/142/141 149/149/149
f 154/154/154 156/155/156 153/153/153
f 153/153/153 152/151/152 154/154/154
f 156/155/156 155/156/155 153/153/153
f 138/139/138 153/153/153 155/156/155
f 141/142/141 153/153/153 138/139/138
f 154/154/154 157/157/157 156/155/156
f 157/157/157 155/156/155 156/155/156
f 154/154/154 158/158/158 157/157/157
f 155/156/155 157/157/157 159/159/159
f 158/158/158 159/159/159 157/157/157
f 162/160/162 160/161/160 159/159/159
f 161/162/161 159/159/159 160/161/160
f 159/159/159 161/162/161 155/156/155
f 162/160/162 159/159/159 158/158/158
f 162/160/162 158/158/158 163/163/163
f 165/164/165 162/160/162 163/163/163
f 164/165/164 160/161/160 162/160/162
f 164/165/164 162/160/162 165/164/165
f 165/164/165 168/166/168 164/165/164
f 165/164/165 167/167/167 166/168/166
f 165/164/165 166/168/166 168/166/168
f 167/167/167 165/164/165 163/163/163
f 170/169/170 168/166/168 166/168/166
f 168/166/168 169/170/169 164/165/164
f 168/166/168 170/169/170 169/170/169
f 170/169/170 171/171/171 174/172/174
f 172/173/172 171/171/171 170/169/170
f 173/174/173 172/173/172 170/169/170
f 173/174/173 170/169/170 166/168/166
f 169/170/169 170/169/170 174/172/174
f 121/121/121 174/172/174 117/118/117
f 169/170/169 174/172/174 121/121/121
f 171/171/171 175/175/175 174/172/174
f 175/175/175 116/117/116 174/172/174
f 117/118/117 174/172/174 116/117/116
f 171/171/171 177/176/177 175/175/175
f 116/117/116 175/175/175 176/177/176
f 175/175/175 177/176/177 176/177/176
f 178/178/178 177/176/177 171/171/171
f 177/176/177 178/178/178 179/179/179
f 177/176/177 180/180/180 176/177/176
f 180/180/180 177/176/177 179/179/179
f 176/177/176 180/180/180 183/181/183
f 180/180/180 179/179/179 181/182/181
f 181/182/181 185/183/185 180/180/180
f 182/184/182 183/181/183 180/180/180
f 182/184/182 180/180/180 184/185/184
f 180/180/180 185/183/185 184/185/184
f 184/185/184 185/183/185 186/186/186
f 185/183/185 187/187/187 186/186/186
f 185/183/185 181/182/181 187/187/187
f 189/188/189 187/187/187 181/182/181
f 187/187/187 191/189/191 188/190/188
f 187/187/187 188/190/188 192/191/192
f 189/188/189 190/192/190 187/187/187
f 187/187/187 190/192/190 191/189/191
f 186/186/186 187/187/187 192/191/192
f 194/193/194 193/194/193 192/191/192
f 192/191/192 193/194/193 186/186/186
f 195/195/195 194/193/194 192/191/192
f 188/190/188 195/195/195 192/191/192
f 196/196/196 195/195/195 197/197/197
f 196/196/196 194/193/194 195/195/195
f 198/198/198 195/195/195 188/190/188
f 197/197/197 195/195/195 198/198/198
f 188/190/188 199/199/199 198/198/198
f 199/199/199 200/200/200 198/198/198
f 200/200/200 201/201/201 198/198/198
f 198/198/198 201/201/201 197/197/197
f 201/201/201 200/200/200 202/202/202
f 201/201/201 203/203/203 197/197/197
f 203/203/203 201/201/201 202/202/202
f 202/204/202 204/205/204 203/206/203
f 197/207/197 203/206/203 205/208/205
f 204/205/204 205/208/205 203/206/203
f 205/208/205 206/209/206 208/210/208
f 205/208/205 204/205/204 206/209/206
f 205/208/205 208/210/208 207/211/207
f 197/207/197 205/208/205 207/211/207
f 208/210/208 210/212/210 209/213/209
f 208/210/208 209/213/209 207/211/207
f 208/210/208 206/209/206 210/212/210
f 210/212/210 211/214/211 209/213/209
f 210/212/210 213/215/213 211/214/211
f 213/215/213 210/212/210 212/216/212
f 206/209/206 212/216/212 210/212/210
f 213/215/213 212/216/212 215/217/215
f 213/215/213 214/218/214 211/214/211
f 215/217/215 214/218/214 213/215/213
f 215/217/215 218/219/218 214/218/214
f 212/216/212 219/220/219 215/217/215
f 216/221/216 215/217/215 219/220/219
f 217/222/217 215/217/215 216/221/216
f 215/217/215 217/222/217 218/219/218
f 221/223/221 219/220/219 220/224/220
f 222/225/222 220/224/220 219/220/219
f 219/220/219 221/223/221 216/221/216
f 212/216/212 222/225/222 219/220/219
f 220/224/220 222/225/222 223/226/223
f 222/225/222 225/227/225 223/226/223
f 212/216/212 224/228/224 222/225/222
f 222/225/222 224/228/224 225/227/225
f 224/228/224 204/205/204 225/227/225
f 226/229/226 223/226/223 225/227/225
f 204/205/204 226/229/226 225/227/225
f 226/229/226 227/230/227 228/231/228
f 202/204/202 227/230/227 226/229/226
f 226/229/226 204/205/204 202/204/202
f 228/231/228 223/226/223 226/229/226
f 227/230/227 231/232/231 228/231/228
f 223/226/223 228/231/228 229/233/229
f 230/234/230 229/233/229 228/231/228
f 230/234/230 228/231/228 231/232/231
f 233/235/233 231/236/231 227/237/227
f 231/236/231 232/238/232 235/239/235
f 231/236/231 233/235/233 232/238/232
f 234/240/234 230/234/230 231/232/231
f 235/241/235 234/240/234 231/232/231
f 232/238/232 238/242/238 235/239/235
f 235/243/235 237/244/237 236/245/236
f 236/245/236 234/246/234 235/243/235
f 238/247/238 237/244/237 235/243/235
f 238/242/238 232/238/232 239/248/239
f 239/249/239 237/244/237 238/247/238
f 239/248/239 232/238/232 240/250/240
f 242/251/242 239/248/239 240/250/240
f 241/252/241 237/244/237 239/249/239
f 239/248/239 242/251/242 241/253/241
f 244/254/244 242/251/242 240/250/240
f 242/251/242 243/255/243 241/253/241
f 244/254/244 243/255/243 242/251/242
f 245/256/245 244/254/244 247/257/247
f 244/254/244 245/256/245 246/258/246
f 244/254/244 246/258/246 243/255/243
f 244/254/244 240/250/240 247/257/247
f 247/257/247 240/250/240 233/235/233
f 233/235/233 248/259/248 247/257/247
f 247/257/247 248/259/248 249/260/249
f 245/256/245 247/257/247 250/261/250
f 250/261/250 247/257/247 249/260/249
f 251/262/251 250/261/250 253/263/253
f 251/262/251 252/264/252 250/261/250
f 245/256/245 250/261/250 252/264/252
f 250/261/250 249/260/249 253/263/253
f 181/182/181 179/179/179 253/263/253
f 253/263/253 189/188/189 181/182/181
f 179/179/179 251/262/251 253/263/253
f 189/188/189 253/263/253 255/265/255
f 253/263/253 249/260/249 254/266/254
f 255/265/255 253/263/253 254/266/254
f 189/188/189 255/265/255 190/192/190
f 255/265/255 254/266/254 256/267/256
f 256/267/256 257/268/257 255/265/255
f 255/265/255 257/268/257 190/192/190
f 257/268/257 258/269/258 202/202/202
f 258/269/258 257/268/257 256/267/256
f 257/268/257 202/202/202 200/200/200
f 200/200/200 199/199/199 257/268/257
f 199/199/199 190/192/190 257/268/257
f 202/202/202 258/269/258 259/270/259
f 258/269/258 256/267/256 259/270/259
f 202/202/202 259/270/259 227/237/227
f 259/270/259 248/259/248 227/237/227
f 248/259/248 259/270/259 254/266/254
f 254/266/254 259/270/259 256/267/256
f 249/260/249 248/259/248 254/266/254
f 260/271/260 252/264/252 178/178/178
f 260/271/260 261/272/261 252/264/252
f 252/264/252 251/262/251 178/178/178
f 261/272/261 262/273/262 252/264/252
f 262/273/262 245/256/245 252/264/252
f 245/256/245 262/273/262 246/258/246
f 246/258/246 262/273/262 263/274/263
f 261/272/261 263/274/263 262/273/262
f 263/274/263 265/275/265 264/276/264
f 266/277/266 263/274/263 264/276/264
f 263/274/263 261/272/261 265/275/265
f 263/274/263 266/277/266 246/258/246
f 264/276/264 268/278/268 266/277/266
f 267/279/267 269/280/269 266/277/266
f 267/279/267 266/277/266 268/278/268
f 269/280/269 271/281/271 266/277/266
f 270/282/270 243/255/243 266/277/266
f 270/282/270 266/277/266 271/281/271
f 243/255/243 246/258/246 266/277/266
f 272/283/272 271/281/271 269/280/269
f 271/281/271 272/283/272 273/284/273
f 271/281/271 273/284/273 270/282/270
f 272/285/272 274/286/274 273/287/273
f 273/287/273 274/286/274 275/288/275
f 270/282/270 273/284/273 275/289/275
f 270/282/270 275/289/275 277/290/277
f 275/288/275 276/291/276 277/292/277
f 274/286/274 276/291/276 275/288/275
f 277/290/277 243/255/243 270/282/270
f 277/290/277 241/253/241 243/255/243
f 277/292/277 276/291/276 278/293/278
f 277/292/277 278/293/278 241/252/241
f 278/293/278 276/291/276 279/294/279
f 241/252/241 278/293/278 237/244/237
f 237/244/237 278/293/278 279/294/279
f 279/294/279 282/295/282 280/296/280
f 236/245/236 279/294/279 280/296/280
f 281/297/281 283/298/283 279/294/279
f 276/291/276 281/297/281 279/294/279
f 236/245/236 237/244/237 279/294/279
f 279/294/279 283/298/283 282/295/282
f 281/297/281 284/299/284 283/298/283
f 288/300/288 283/298/283 284/299/284
f 283/298/283 286/301/286 282/295/282
f 287/302/287 285/303/285 283/298/283
f 283/298/283 285/303/285 286/301/286
f 283/298/283 288/300/288 287/302/287
f 288/300/288 289/304/289 287/302/287
f 289/304/289 288/300/288 284/299/284
f 289/304/289 292/305/292 287/302/287
f 284/299/284 290/306/290 289/304/289
f 289/304/289 290/306/290 291/307/291
f 292/305/292 289/304/289 291/307/291
f 293/308/293 292/305/292 291/307/291
f 294/309/294 292/305/292 293/308/293
f 294/309/294 297/310/297 292/305/292
f 292/305/292 295/311/295 296/312/296
f 292/305/292 297/310/297 295/311/295
f 296/312/296 287/302/287 292/305/292
f 300/313/300 297/310/297 298/314/298
f 298/314/298 297/310/297 294/309/294
f 295/311/295 297/310/297 299/315/299
f 297/310/297 301/316/301 299/315/299
f 297/310/297 300/313/300 301/316/301
f 302/317/302 303/318/303 301/316/301
f 301/316/301 304/319/304 302/317/302
f 303/318/303 299/315/299 301/316/301
f 301/316/301 300/313/300 304/319/304
f 304/319/304 305/320/305 302/317/302
f 304/319/304 306/321/306 305/320/305
f 307/322/307 306/321/306 304/319/304
f 300/313/300 307/322/307 304/319/304
f 307/322/307 300/313/300 308/323/308
f 308/323/308 306/321/306 307/322/307
f 310/324/310 308/323/308 309/325/309
f 309/325/309 308/323/308 300/313/300
f 310/324/310 311/326/311 308/323/308
f 312/327/312 306/321/306 308/323/308
f 311/326/311 312/327/312 308/323/308
f 312/327/312 313/328/313 306/321/306
f 313/328/313 312/327/312 311/326/311
f 314/329/314 313/328/313 316/330/316
f 313/328/313 314/329/314 315/331/315
f 306/321/306 313/328/313 315/331/315
f 311/326/311 316/330/316 313/328/313
f 318/332/318 317/333/317 316/330/316
f 316/330/316 317/333/317 314/329/314
f 318/332/318 316/330/316 320/334/320
f 316/330/316 311/326/311 321/335/321
f 319/336/319 320/334/320 316/330/316
f 319/336/319 316/330/316 321/335/321
f 322/337/322 324/338/324 321/335/321
f 323/339/323 322/337/322 321/335/321
f 323/339/323 321/335/321 310/324/310
f 310/324/310 321/335/321 311/326/311
f 324/338/324 319/336/319 321/335/321
f 325/340/325 324/338/324 322/337/322
f 324/338/324 325/340/325 320/334/320
f 324/338/324 320/334/320 319/336/319
f 325/340/325 326/341/326 328/342/328
f 325/340/325 322/337/322 326/341/326
f 327/343/327 320/334/320 325/340/325
f 327/343/327 325/340/325 328/342/328
f 332/344/332 328/342/328 329/345/329
f 329/345/329 328/342/328 330/346/330
f 328/342/328 331/347/331 327/343/327
f 328/342/328 326/341/326 330/346/330
f 331/347/331 328/342/328 332/344/332
f 331/347/331 332/344/332 333/348/333
f 332/344/332 334/349/334 333/348/333
f 329/345/329 334/349/334 332/344/332
f 335/350/335 334/349/334 336/351/336
f 335/350/335 333/348/333 334/349/334
f 337/352/337 336/351/336 334/349/334
f 337/352/337 334/349/334 329/345/329
f 338/353/338 336/351/336 337/352/337
f 338/353/338 337/352/337 339/354/339
f 337/352/337 329/345/329 339/354/339
f 339/354/339 342/355/342 340/356/340
f 340/356/340 341/357/341 339/354/339
f 339/354/339 341/357/341 338/353/338
f 329/345/329 330/346/330 339/354/339
f 342/355/342 339/354/339 330/346/330
f 342/355/342 330/346/330 326/341/326
f 344/358/344 343/359/343 342/355/342
f 343/359/343 340/356/340 342/355/342
f 342/355/342 326/341/326 344/358/344
f 322/337/322 344/358/344 326/341/326
f 344/358/344 322/337/322 323/339/323
f 344/358/344 323/339/323 343/359/343
f 343/359/343 323/339/323 345/360/345
f 345/360/345 347/361/347 343/359/343
f 347/361/347 346/362/346 343/359/343
f 343/359/343 346/362/346 340/356/340
f 348/363/348 346/362/346 347/361/347
f 347/361/347 345/360/345 348/363/348
f 348/363/348 350/364/350 349/365/349
f 349/365/349 346/362/346 348/363/348
f 348/363/348 345/360/345 350/364/350
f 350/364/350 351/366/351 352/367/352
f 351/366/351 350/364/350 345/360/345
f 349/365/349 350/364/350 352/367/352
f 353/368/353 352/367/352 357/369/357
f 352/367/352 353/368/353 354/370/354
f 349/365/349 352/367/352 354/370/354
f 352/367/352 351/366/351 355/371/355
f 352/367/352 355/371/355 356/372/356
f 356/372/356 357/369/357 352/367/352
f 353/368/353 357/369/357 359/373/359
f 357/369/357 358/374/358 361/375/361
f 358/374/358 357/369/357 360/376/360
f 359/373/359 357/369/357 361/375/361
f 357/369/357 356/372/356 360/376/360
f 361/377/361 363/378/363 362/379/362
f 362/379/362 359/380/359 361/377/361
f 363/381/363 361/375/361 358/374/358
f 364/382/364 362/379/362 363/378/363
f 364/382/364 363/378/363 365/383/365
f 365/383/365 363/378/363 366/384/366
f 363/381/363 367/385/367 366/386/366
f 363/381/363 358/374/358 367/385/367
f 367/385/367 358/374/358 360/376/360
f 360/376/360 368/387/368 367/385/367
f 367/385/367 368/387/368 274/286/274
f 367/385/367 274/286/274 366/386/366
f 368/387/368 290/306/290 281/297/281
f 276/291/276 368/387/368 281/297/281
f 276/291/276 274/286/274 368/387/368
f 368/387/368 360/376/360 290/306/290
f 365/383/365 366/384/366 269/280/269
f 269/280/269 366/384/366 272/283/272
f 366/386/366 274/286/274 272/285/272
f 267/279/267 365/383/365 269/280/269
f 365/383/365 267/279/267 369/388/369
f 365/383/365 369/388/369 364/382/364
f 369/388/369 267/279/267 374/389/374
f 369/388/369 373/390/373 370/391/370
f 369/388/369 370/391/370 371/392/371
f 371/392/371 372/393/372 369/388/369
f 372/393/372 364/382/364 369/388/369
f 369/388/369 374/389/374 373/390/373
f 264/276/264 375/394/375 374/389/374
f 375/394/375 373/390/373 374/389/374
f 268/278/268 374/389/374 267/279/267
f 268/278/268 264/276/264 374/389/374
f 377/395/377 373/390/373 375/394/375
f 376/396/376 377/395/377 375/394/375
f 378/397/378 376/396/376 375/394/375
f 378/397/378 375/394/375 264/276/264
f 378/397/378 379/398/379 376/396/376
f 379/398/379 378/397/378 381/399/381
f 264/276/264 380/400/380 378/397/378
f 167/167/167 378/397/378 380/400/380
f 167/167/167 381/399/381 378/397/378
f 167/167/167 163/163/163 381/399/381
f 382/401/382 379/398/379 381/399/381
f 383/402/383 382/401/382 381/399/381
f 163/163/163 383/402/383 381/399/381
f 158/158/158 383/402/383 163/163/163
f 158/158/158 384/403/384 383/402/383
f 386/404/386 383/402/383 384/403/384
f 382/401/382 383/402/383 385/405/385
f 383/402/383 386/404/386 385/405/385
f 385/405/385 386/404/386 388/406/388
f 386/404/386 387/407/387 389/408/389
f 384/403/384 387/407/387 386/404/386
f 388/406/388 386/404/386 389/408/389
f 390/409/390 388/406/388 389/408/389
f 389/408/389 391/410/391 390/409/390
f 391/410/391 389/408/389 387/407/387
f 391/410/391 392/411/392 393/412/393
f 394/413/394 392/411/392 391/410/391
f 391/410/391 393/412/393 390/409/390
f 387/407/387 394/413/394 391/410/391
f 395/414/395 394/413/394 397/415/397
f 394/413/394 395/414/395 392/411/392
f 396/416/396 394/413/394 387/407/387
f 396/416/396 397/415/397 394/413/394
f 398/417/398 395/414/395 397/415/397
f 399/418/399 398/417/398 397/415/397
f 397/415/397 400/419/400 399/418/399
f 396/416/396 400/419/400 397/415/397
f 399/418/399 400/419/400 150/150/150
f 152/151/152 150/150/150 400/419/400
f 152/151/152 400/419/400 396/416/396
f 403/420/403 398/417/398 399/418/399
f 401/421/401 399/418/399 402/422/402
f 401/421/401 403/420/403 399/418/399
f 402/422/402 399/418/399 150/150/150
f 405/423/405 403/420/403 404/424/404
f 404/424/404 403/420/403 407/425/407
f 405/423/405 406/426/406 403/420/403
f 406/426/406 398/417/398 403/420/403
f 407/425/407 403/420/403 408/427/408
f 408/427/408 403/420/403 401/421/401
f 407/425/407 408/427/408 410/428/410
f 409/429/409 408/427/408 401/421/401
f 409/429/409 410/428/410 408/427/408
f 411/430/411 410/428/410 409/429/409
f 410/428/410 411/430/411 413/431/413
f 407/425/407 410/428/410 412/432/412
f 410/428/410 413/431/413 412/432/412
f 414/433/414 416/434/416 413/431/413
f 414/433/414 413/431/413 411/430/411
f 415/435/415 412/432/412 413/431/413
f 413/431/413 416/434/416 415/435/415
f 416/434/416 417/436/417 415/435/415
f 417/436/417 416/434/416 420/437/420
f 416/434/416 414/433/414 418/438/418
f 419/439/419 416/434/416 418/438/418
f 416/434/416 419/439/419 420/437/420
f 420/437/420 419/439/419 421/440/421
f 423/441/423 420/437/420 421/440/421
f 420/437/420 423/441/423 422/442/422
f 420/437/420 422/442/422 417/436/417
f 421/440/421 424/443/424 423/441/423
f 425/444/425 423/441/423 424/443/424
f 425/444/425 427/445/427 423/441/423
f 426/446/426 423/441/423 427/445/427
f 422/442/422 423/441/423 426/446/426
f 428/447/428 427/445/427 425/444/425
f 429/448/429 427/445/427 428/447/428
f 430/449/430 426/446/426 427/445/427
f 430/449/430 427/445/427 429/448/429
f 429/448/429 431/450/431 430/449/430
f 431/450/431 433/451/433 430/449/430
f 430/449/430 432/452/432 426/446/426
f 434/453/434 432/452/432 430/449/430
f 430/449/430 433/451/433 434/453/434
f 434/453/434 435/454/435 432/452/432
f 437/455/437 434/453/434 433/451/433
f 435/454/435 434/453/434 436/456/436
f 436/456/436 434/453/434 437/455/437
f 440/457/440 438/458/438 437/455/437
f 438/458/438 436/456/436 437/455/437
f 437/455/437 439/459/439 440/457/440
f 441/460/441 439/459/439 437/455/437
f 441/460/441 437/455/437 433/451/433
f 443/461/443 441/460/441 433/451/433
f 442/462/442 439/459/439 441/460/441
f 443/461/443 442/462/442 441/460/441
f 444/463/444 443/461/443 446/464/446
f 443/461/443 444/463/444 445/465/445
f 443/461/443 445/465/445 442/462/442
f 433/451/433 446/464/446 443/461/443
f 447/466/447 446/464/446 449/467/449
f 444/463/444 446/464/446 447/466/447
f 433/451/433 431/450/431 446/464/446
f 431/450/431 448/468/448 446/464/446
f 449/467/449 446/464/446 448/468/448
f 449/467/449 448/468/448 429/448/429
f 450/469/450 447/466/447 449/467/449
f 450/469/450 449/467/449 429/448/429
f 451/470/451 450/469/450 454/471/454
f 447/466/447 450/469/450 451/470/451
f 429/448/429 452/472/452 450/469/450
f 450/469/450 452/472/452 453/473/453
f 454/471/454 450/469/450 453/473/453
f 456/474/456 454/471/454 455/475/455
f 454/471/454 453/473/453 455/475/455
f 456/474/456 451/470/451 454/471/454
f 457/476/457 456/474/456 455/475/455
f 458/477/458 456/474/456 457/476/457
f 456/474/456 458/477/458 451/470/451
f 458/478/458 459/479/459 460/480/460
f 459/481/459 458/477/458 461/482/461
f 458/478/458 460/480/460 463/483/463
f 461/482/461 458/477/458 457/476/457
f 458/484/458 464/485/464 462/486/462
f 462/487/462 451/470/451 458/477/458
f 458/484/458 463/488/463 464/485/464
f 464/485/464 465/489/465 462/486/462
f 463/488/463 466/490/466 464/485/464
f 465/489/465 464/485/464 466/490/466
f 463/488/463 467/491/467 466/490/466
f 467/491/467 468/492/468 466/490/466
f 465/489/465 466/490/466 470/493/470
f 469/494/469 466/490/466 468/492/468
f 470/493/470 466/490/466 469/494/469
f 469/494/469 472/495/472 470/493/470
f 471/496/471 470/493/470 473/497/473
f 474/498/474 470/493/470 471/496/471
f 473/497/473 470/493/470 472/495/472
f 470/493/470 474/498/474 475/499/475
f 475/499/475 465/489/465 470/493/470
f 476/500/476 478/501/478 475/499/475
f 476/500/476 475/499/475 477/502/477
f 475/499/475 474/498/474 477/502/477
f 475/499/475 478/501/478 465/489/465
f 480/503/480 478/501/478 479/504/479
f 478/501/478 476/500/476 479/504/479
f 480/503/480 465/489/465 478/501/478
f 480/503/480 481/505/481 462/486/462
f 480/503/480 462/486/462 465/489/465
f 480/503/480 479/504/479 481/505/481
f 447/466/447 481/506/481 444/463/444
f 481/506/481 479/507/479 444/463/444
f 481/506/481 447/466/447 462/487/462
f 442/462/442 445/465/445 479/507/479
f 476/500/476 442/508/442 479/504/479
f 479/507/479 445/465/445 444/463/444
f 476/500/476 477/502/477 442/508/442
f 442/508/442 477/502/477 482/509/482
f 482/509/482 477/502/477 483/510/483
f 483/510/483 477/502/477 474/498/474
f 484/511/484 483/510/483 485/512/485
f 484/511/484 482/509/482 483/510/483
f 483/510/483 487/513/487 485/512/485
f 486/514/486 483/510/483 474/498/474
f 486/514/486 487/513/487 483/510/483
f 490/515/490 488/516/488 487/513/487
f 487/513/487 488/516/488 489/517/489
f 487/513/487 489/517/489 485/512/485
f 486/514/486 490/515/490 487/513/487
f 490/515/490 495/518/495 488/516/488
f 490/515/490 492/519/492 491/520/491
f 495/518/495 490/515/490 491/520/491
f 493/521/493 492/519/492 490/515/490
f 486/514/486 494/522/494 490/515/490
f 490/515/490 494/522/494 493/521/493
f 496/523/496 495/518/495 497/524/497
f 495/518/495 496/523/496 488/516/488
f 495/518/495 491/520/491 497/524/497
f 496/523/496 497/524/497 500/525/500
f 499/526/499 497/524/497 491/520/491
f 497/524/497 498/527/498 500/525/500
f 497/524/497 499/526/499 498/527/498
f 500/525/500 505/528/505 496/523/496
f 500/525/500 501/529/501 502/530/502
f 501/529/501 500/525/500 498/527/498
f 500/531/500 502/532/502 503/533/503
f 500/531/500 503/533/503 504/534/504
f 504/534/504 505/535/505 500/531/500
f 496/523/496 505/528/505 507/536/507
f 506/537/506 505/535/505 509/538/509
f 505/535/505 506/537/506 507/539/507
f 505/535/505 504/534/504 508/540/508
f 505/535/505 508/540/508 509/538/509
f 510/541/510 509/538/509 508/540/508
f 510/541/510 506/537/506 509/538/509
f 510/541/510 512/542/512 511/543/511
f 515/544/515 510/541/510 511/543/511
f 513/545/513 512/542/512 510/541/510
f 510/541/510 508/540/508 513/545/513
f 510/541/510 515/544/515 514/546/514
f 514/546/514 506/537/506 510/541/510
f 514/546/514 515/544/515 516/547/516
f 518/548/518 516/547/516 515/544/515
f 511/543/511 517/549/517 515/544/515
f 515/544/515 517/549/517 518/548/518
f 519/550/519 520/551/520 518/548/518
f 517/549/517 519/550/519 518/548/518
f 516/547/516 518/548/518 520/551/520
f 520/551/520 522/552/522 521/553/521
f 521/553/521 516/547/516 520/551/520
f 520/551/520 524/554/524 522/552/522
f 520/551/520 519/550/519 523/555/523
f 523/555/523 524/554/524 520/551/520
f 524/554/524 526/556/526 525/557/525
f 528/558/528 524/554/524 525/557/525
f 522/552/522 524/554/524 528/558/528
f 524/554/524 523/555/523 527/559/527
f 524/554/524 527/559/527 526/556/526
f 528/558/528 529/560/529 438/458/438
f 528/558/528 525/557/525 529/560/529
f 522/552/522 528/558/528 438/458/438
f 525/557/525 530/561/530 529/560/529
f 529/560/529 530/561/530 435/454/435
f 436/456/436 529/560/529 435/454/435
f 438/458/438 529/560/529 436/456/436
f 526/556/526 530/561/530 525/557/525
f 532/562/532 530/561/530 531/563/531
f 530/561/530 526/556/526 531/563/531
f 532/562/532 435/454/435 530/561/530
f 435/454/435 532/562/532 533/564/533
f 532/562/532 534/565/534 533/564/533
f 535/566/535 534/565/534 532/562/532
f 532/562/532 531/563/531 535/566/535
f 412/432/412 415/435/415 535/566/535
f 531/563/531 412/432/412 535/566/535
f 534/565/534 535/566/535 415/435/415
f 422/442/422 533/564/533 534/565/534
f 422/442/422 534/565/534 417/436/417
f 534/565/534 415/435/415 417/436/417
f 432/452/432 533/564/533 426/446/426
f 533/564/533 432/452/432 435/454/435
f 422/442/422 426/446/426 533/564/533
f 531/563/531 537/567/537 412/432/412
f 531/563/531 536/568/536 537/567/537
f 526/556/526 536/568/536 531/563/531
f 404/424/404 537/567/537 539/569/539
f 537/567/537 404/424/404 407/425/407
f 537/567/537 407/425/407 412/432/412
f 536/568/536 538/570/538 537/567/537
f 537/567/537 538/570/538 539/569/539
f 539/569/539 538/570/538 540/571/540
f 405/423/405 539/569/539 540/571/540
f 404/424/404 539/569/539 405/423/405
f 538/570/538 541/572/541 540/571/540
f 540/571/540 541/572/541 544/573/544
f 405/423/405 540/571/540 543/574/543
f 540/571/540 544/573/544 542/575/542
f 540/571/540 542/575/542 543/574/543
f 547/576/547 544/573/544 545/577/545
f 545/577/545 544/573/544 546/578/546
f 541/572/541 546/578/546 544/573/544
f 542/575/542 544/573/544 547/576/547
f 547/576/547 548/579/548 542/575/542
f 547/576/547 545/577/545 549/580/549
f 547/576/547 549/580/549 548/579/548
f 550/581/550 551/582/551 549/580/549
f 549/580/549 545/577/545 550/581/550
f 551/582/551 552/583/552 549/580/549
f 549/580/549 552/583/552 554/584/554
f 553/585/553 549/580/549 554/584/554
f 553/585/553 548/579/548 549/580/549
f 553/585/553 554/584/554 556/586/556
f 556/586/556 554/584/554 555/587/555
f 554/584/554 552/583/552 555/587/555
f 556/586/556 559/588/559 557/589/557
f 557/589/557 558/590/558 556/586/556
f 555/587/555 559/588/559 556/586/556
f 558/590/558 553/585/553 556/586/556
f 557/589/557 559/588/559 560/591/560
f 559/588/559 561/592/561 560/591/560
f 555/587/555 353/593/353 559/588/559
f 559/588/559 353/593/353 561/592/561
f 353/593/353 359/380/359 561/592/561
f 561/592/561 359/380/359 362/379/362
f 560/591/560 561/592/561 362/379/362
f 563/594/563 557/589/557 560/591/560
f 560/591/560 362/379/362 562/595/562
f 388/406/388 560/591/560 562/595/562
f 563/594/563 560/591/560 388/406/388
f 390/409/390 563/594/563 388/406/388
f 563/594/563 390/409/390 564/596/564
f 565/597/565 563/594/563 564/596/564
f 565/597/565 557/589/557 563/594/563
f 565/597/565 393/412/393 566/598/566
f 565/597/565 564/596/564 393/412/393
f 558/590/558 565/597/565 566/598/566
f 558/590/558 557/589/557 565/597/565
f 566/598/566 393/412/393 567/599/567
f 558/590/558 566/598/566 548/579/548
f 548/579/548 566/598/566 567/599/567
f 567/599/567 393/412/393 392/411/392
f 395/414/395 567/599/567 392/411/392
f 567/599/567 543/574/543 548/579/548
f 543/574/543 567/599/567 395/414/395
f 564/596/564 390/409/390 393/412/393
f 562/595/562 362/379/362 364/382/364
f 562/595/562 372/393/372 388/406/388
f 562/595/562 364/382/364 372/393/372
f 558/590/558 548/579/548 553/585/553
f 555/587/555 354/600/354 353/593/353
f 552/583/552 354/600/354 555/587/555
f 551/582/551 354/600/354 552/583/552
f 550/581/550 569/601/569 551/582/551
f 568/602/568 349/365/349 551/603/551
f 568/604/568 551/582/551 569/601/569
f 354/370/354 551/603/551 349/365/349
f 568/604/568 569/601/569 550/581/550
f 570/605/570 572/606/572 568/602/568
f 568/604/568 571/607/571 570/608/570
f 571/607/571 568/604/568 550/581/550
f 346/362/346 349/365/349 568/602/568
f 568/602/568 572/606/572 346/362/346
f 340/356/340 572/606/572 341/357/341
f 572/606/572 340/356/340 346/362/346
f 341/357/341 572/606/572 573/609/573
f 572/606/572 570/605/570 573/609/573
f 573/610/573 575/611/575 574/612/574
f 574/612/574 576/613/576 573/610/573
f 573/610/573 570/608/570 575/611/575
f 573/610/573 576/613/576 341/614/341
f 576/613/576 574/612/574 577/615/577
f 576/613/576 577/615/577 579/616/579
f 576/613/576 578/617/578 341/614/341
f 576/613/576 579/616/579 578/617/578
f 580/618/580 578/617/578 579/616/579
f 580/618/580 579/616/579 582/619/582
f 579/616/579 577/615/577 581/620/581
f 581/620/581 519/550/519 579/616/579
f 519/550/519 582/619/582 579/616/579
f 582/619/582 583/621/583 585/622/585
f 582/619/582 584/623/584 583/621/583
f 519/550/519 584/623/584 582/619/582
f 582/619/582 585/622/585 580/618/580
f 583/621/583 586/624/586 585/622/585
f 580/618/580 585/622/585 586/624/586
f 587/625/587 336/351/336 586/626/586
f 586/626/586 588/627/588 587/625/587
f 583/621/583 588/628/588 586/624/586
f 586/626/586 336/351/336 580/629/580
f 589/630/589 587/625/587 588/627/588
f 589/631/589 588/628/588 590/632/590
f 590/632/590 588/628/588 583/621/583
f 502/532/502 589/631/589 590/632/590
f 502/532/502 590/632/590 591/633/591
f 591/633/591 590/632/590 583/621/583
f 502/532/502 591/633/591 503/533/503
f 591/633/591 513/545/513 503/533/503
f 512/542/512 591/633/591 584/623/584
f 591/633/591 512/542/512 513/545/513
f 583/621/583 584/623/584 591/633/591
f 594/634/594 589/635/589 592/636/592
f 589/635/589 593/637/593 592/636/592
f 587/625/587 589/630/589 594/638/594
f 589/635/589 502/530/502 593/637/593
f 594/634/594 592/636/592 595/639/595
f 594/638/594 595/640/595 587/625/587
f 595/639/595 592/636/592 596/641/596
f 596/641/596 597/642/597 595/639/595
f 597/643/597 598/644/598 595/640/595
f 595/640/595 598/644/598 587/625/587
f 598/644/598 597/643/597 335/350/335
f 598/644/598 335/350/335 587/625/587
f 596/641/596 599/645/599 597/642/597
f 599/645/599 601/646/601 597/642/597
f 597/643/597 600/647/600 602/648/602
f 601/646/601 600/649/600 597/642/597
f 335/350/335 597/643/597 602/648/602
f 602/648/602 604/650/604 603/651/603
f 333/348/333 602/648/602 603/651/603
f 600/647/600 604/650/604 602/648/602
f 602/648/602 333/348/333 335/350/335
f 607/652/607 603/651/603 604/650/604
f 604/650/604 605/653/605 606/654/606
f 600/647/600 605/653/605 604/650/604
f 606/654/606 608/655/608 604/650/604
f 608/655/608 607/652/607 604/650/604
f 609/656/609 607/652/607 608/655/608
f 609/656/609 608/655/608 610/657/610
f 612/658/612 610/657/610 608/655/608
f 606/654/606 611/659/611 608/655/608
f 608/655/608 611/659/611 613/660/613
f 613/660/613 612/658/612 608/655/608
f 612/658/612 613/660/613 614/661/614
f 613/660/613 616/662/616 614/661/614
f 615/663/615 613/660/613 611/659/611
f 613/660/613 615/663/615 616/662/616
f 617/664/617 614/661/614 616/662/616
f 615/663/615 617/664/617 616/662/616
f 618/665/618 621/666/621 617/664/617
f 615/663/615 618/665/618 617/664/617
f 621/666/621 619/667/619 617/664/617
f 619/667/619 620/668/620 617/664/617
f 617/664/617 620/668/620 614/661/614
f 623/669/623 621/666/621 618/665/618
f 619/667/619 621/666/621 622/670/622
f 623/669/623 622/670/622 621/666/621
f 624/671/624 626/672/626 623/669/623
f 624/671/624 623/669/623 625/673/625
f 625/673/625 623/669/623 627/674/627
f 623/669/623 626/672/626 622/670/622
f 627/674/627 623/669/623 618/665/618
f 628/675/628 625/673/625 627/674/627
f 627/674/627 618/665/618 629/676/629
f 627/674/627 629/676/629 628/675/628
f 630/677/630 628/675/628 629/676/629
f 631/678/631 630/677/630 629/676/629
f 631/678/631 629/676/629 611/659/611
f 618/665/618 615/663/615 629/676/629
f 629/676/629 615/663/615 611/659/611
f 632/679/632 630/677/630 631/678/631
f 631/678/631 605/653/605 632/679/632
f 606/654/606 631/678/631 611/659/611
f 605/653/605 631/678/631 606/654/606
f 632/680/632 634/681/634 633/682/633
f 635/683/635 632/680/632 633/682/633
f 632/680/632 605/684/605 634/681/634
f 632/679/632 635/685/635 630/677/630
f 633/682/633 636/686/636 635/683/635
f 636/686/636 637/687/637 635/683/635
f 637/687/637 639/688/639 635/683/635
f 635/685/635 638/689/638 630/677/630
f 635/683/635 639/688/639 638/690/638
f 639/688/639 640/691/640 638/690/638
f 642/692/642 640/691/640 639/688/639
f 637/687/637 641/693/641 639/688/639
f 639/688/639 641/693/641 642/692/642
f 642/692/642 641/693/641 643/694/643
f 644/695/644 642/692/642 643/694/643
f 640/691/640 642/692/642 644/695/644
f 648/696/648 644/695/644 645/697/645
f 643/694/643 645/697/645 644/695/644
f 644/695/644 648/696/648 646/698/646
f 646/698/646 647/699/647 644/695/644
f 647/699/647 640/691/640 644/695/644
f 649/700/649 651/701/651 648/696/648
f 650/702/650 649/700/649 648/696/648
f 648/696/648 645/697/645 650/702/650
f 648/696/648 651/701/651 652/703/652
f 652/703/652 646/698/646 648/696/648
f 646/698/646 652/703/652 653/704/653
f 654/705/654 653/704/653 652/703/652
f 655/706/655 654/705/654 652/703/652
f 652/703/652 651/701/651 655/706/655
f 654/705/654 655/706/655 656/707/656
f 657/708/657 656/707/656 655/706/655
f 655/706/655 651/701/651 657/708/657
f 657/708/657 660/709/660 656/707/656
f 658/710/658 659/711/659 657/708/657
f 661/712/661 658/710/658 657/708/657
f 657/708/657 651/701/651 661/712/661
f 660/709/660 657/708/657 659/711/659
f 658/710/658 661/712/661 663/713/663
f 649/700/649 662/714/662 661/712/661
f 649/700/649 661/712/661 651/701/651
f 662/714/662 663/713/663 661/712/661
f 663/713/663 666/715/666 658/710/658
f 665/716/665 663/713/663 664/717/664
f 663/713/663 667/718/667 664/717/664
f 663/713/663 665/716/665 666/715/666
f 663/713/663 668/719/668 667/718/667
f 663/713/663 662/714/662 668/719/668
f 667/718/667 668/719/668 669/720/669
f 662/714/662 649/700/649 668/719/668
f 650/702/650 668/719/668 649/700/649
f 669/720/669 668/719/668 670/721/670
f 670/721/670 668/719/668 650/702/650
f 650/702/650 645/697/645 670/721/670
f 643/694/643 670/721/670 645/697/645
f 670/721/670 643/694/643 641/693/641
f 672/722/672 671/723/671 670/721/670
f 671/723/671 673/724/673 670/721/670
f 641/693/641 672/722/672 670/721/670
f 673/724/673 669/720/669 670/721/670
f 674/725/674 673/724/673 677/726/677
f 676/727/676 673/724/673 674/725/674
f 678/728/678 673/724/673 675/729/675
f 675/729/675 673/724/673 676/727/676
f 673/724/673 678/728/678 669/720/669
f 671/723/671 677/726/677 673/724/673
f 678/728/678 675/729/675 679/730/679
f 678/728/678 679/730/679 667/718/667
f 678/728/678 667/718/667 669/720/669
f 675/729/675 680/731/680 679/730/679
f 680/731/680 681/732/681 679/730/679
f 681/732/681 682/733/682 679/730/679
f 683/734/683 679/730/679 682/733/682
f 667/718/667 679/730/679 683/734/683
f 683/734/683 684/735/684 685/736/685
f 684/735/684 683/734/683 682/733/682
f 685/736/685 667/718/667 683/734/683
f 685/736/685 686/737/686 664/717/664
f 667/718/667 685/736/685 664/717/664
f 687/738/687 686/737/686 685/736/685
f 685/736/685 684/735/684 687/738/687
f 690/739/690 688/740/688 687/738/687
f 689/741/689 687/738/687 688/740/688
f 689/741/689 686/737/686 687/738/687
f 690/739/690 687/738/687 684/735/684
f 690/739/690 691/742/691 688/740/688
f 693/743/693 691/742/691 690/739/690
f 692/744/692 690/739/690 684/735/684
f 692/744/692 693/743/693 690/739/690
f 692/744/692 694/745/694 693/743/693
f 693/743/693 694/745/694 696/746/696
f 691/742/691 693/743/693 695/747/695
f 695/747/695 693/743/693 696/746/696
f 694/745/694 697/748/697 696/746/696
f 697/748/697 699/749/699 696/746/696
f 699/749/699 698/750/698 696/746/696
f 695/747/695 696/746/696 698/750/698
f 700/751/700 699/749/699 697/748/697
f 703/752/703 699/749/699 700/751/700
f 701/753/701 699/749/699 702/754/702
f 699/749/699 701/753/701 698/750/698
f 702/754/702 699/749/699 703/752/703
f 700/751/700 704/755/704 703/752/703
f 703/752/703 704/755/704 705/756/705
f 706/757/706 703/752/703 705/756/705
f 703/752/703 706/757/706 702/754/702
f 705/756/705 707/758/707 706/757/706
f 708/759/708 706/757/706 707/758/707
f 706/757/706 708/759/708 702/754/702
f 709/760/709 708/759/708 707/758/707
f 709/760/709 710/761/710 708/759/708
f 702/754/702 708/759/708 710/761/710
f 701/753/701 702/754/702 710/761/710
f 710/761/710 711/762/711 712/763/712
f 713/764/713 711/762/711 710/761/710
f 701/753/701 710/761/710 712/763/712
f 710/761/710 714/765/714 713/764/713
f 714/765/714 710/761/710 709/760/709
f 715/766/715 717/767/717 714/765/714
f 715/766/715 714/765/714 716/768/716
f 716/768/716 714/765/714 709/760/709
f 713/764/713 714/765/714 717/767/717
f 715/766/715 718/769/718 717/767/717
f 719/770/719 713/764/713 717/767/717
f 717/767/717 718/769/718 719/770/719
f 719/770/719 721/771/721 720/772/720
f 722/773/722 719/770/719 720/772/720
f 718/769/718 721/771/721 719/770/719
f 719/770/719 722/773/722 713/764/713
f 722/773/722 723/774/723 711/762/711
f 722/773/722 724/775/724 723/774/723
f 726/776/726 724/775/724 722/773/722
f 722/773/722 711/762/711 713/764/713
f 720/772/720 725/777/725 722/773/722
f 725/777/725 726/776/726 722/773/722
f 726/776/726 728/778/728 724/775/724
f 727/779/727 726/776/726 725/777/725
f 727/779/727 728/778/728 726/776/726
f 730/780/730 728/778/728 727/779/727
f 729/781/729 724/775/724 728/778/728
f 729/781/729 728/778/728 731/782/731
f 728/778/728 730/780/730 732/783/732
f 732/783/732 731/782/731 728/778/728
f 732/783/732 733/784/733 731/782/731
f 735/785/735 733/784/733 732/783/732
f 734/786/734 732/783/732 730/780/730
f 734/786/734 735/785/735 732/783/732
f 735/785/735 738/787/738 736/788/736
f 737/789/737 735/785/735 736/788/736
f 735/785/735 737/789/737 733/784/733
f 734/786/734 738/787/738 735/785/735
f 734/786/734 740/790/740 738/787/738
f 738/787/738 739/791/739 736/788/736
f 738/787/738 740/790/740 739/791/739
f 740/790/740 734/786/734 741/792/741
f 739/791/739 740/790/740 742/793/742
f 742/793/742 740/790/740 741/792/741
f 743/794/743 742/793/742 741/792/741
f 744/795/744 742/793/742 743/794/743
f 745/796/745 742/793/742 744/795/744
f 746/797/746 742/793/742 745/796/745
f 742/793/742 746/797/746 739/791/739
f 746/797/746 749/798/749 747/799/747
f 746/797/746 747/799/747 739/791/739
f 745/796/745 748/800/748 746/797/746
f 749/798/749 746/797/746 748/800/748
f 748/800/748 750/801/750 749/798/749
f 750/801/750 751/802/751 749/798/749
f 751/802/751 752/803/752 749/798/749
f 752/803/752 747/799/747 749/798/749
f 753/804/753 752/803/752 754/805/754
f 752/803/752 753/804/753 755/806/755
f 756/807/756 754/805/754 752/803/752
f 747/799/747 752/803/752 755/806/755
f 751/802/751 756/807/756 752/803/752
f 756/807/756 757/808/757 754/805/754
f 756/807/756 758/809/758 757/808/757
f 756/807/756 751/802/751 758/809/758
f 760/810/760 758/809/758 759/811/759
f 758/809/758 762/812/762 759/811/759
f 758/809/758 760/810/760 761/813/761
f 757/808/757 758/809/758 761/813/761
f 751/802/751 762/812/762 758/809/758
f 763/814/763 759/811/759 762/812/762
f 762/812/762 750/801/750 763/814/763
f 762/812/762 751/802/751 750/801/750
f 766/815/766 759/811/759 763/814/763
f 763/814/763 750/801/750 748/800/748
f 763/814/763 748/800/748 764/816/764
f 764/816/764 765/817/765 763/814/763
f 765/817/765 766/815/766 763/814/763
f 766/815/766 765/817/765 767/818/767
f 767/818/767 768/819/768 766/815/766
f 759/811/759 766/815/766 760/810/760
f 768/819/768 760/810/760 766/815/766
f 770/820/770 769/821/769 768/819/768
f 769/821/769 760/810/760 768/819/768
f 770/820/770 768/819/768 771/822/771
f 768/819/768 767/818/767 771/822/771
f 767/818/767 776/823/776 771/822/771
f 771/822/771 773/824/773 770/820/770
f 775/825/775 772/826/772 771/822/771
f 773/824/773 771/822/771 772/826/772
f 776/823/776 774/827/774 771/822/771
f 771/822/771 774/827/774 775/825/775
f 776/823/776 779/828/779 777/829/777
f 778/830/778 776/823/776 777/829/777
f 778/830/778 774/827/774 776/823/776
f 765/817/765 779/828/779 776/823/776
f 765/817/765 776/823/776 767/818/767
f 764/816/764 779/828/779 765/817/765
f 780/831/780 779/828/779 764/816/764
f 779/828/779 780/831/780 777/829/777
f 780/831/780 781/832/781 777/829/777
f 782/833/782 781/832/781 780/831/780
f 782/833/782 780/831/780 784/834/784
f 764/816/764 783/835/783 780/831/780
f 783/835/783 784/834/784 780/831/780
f 784/834/784 785/836/785 782/833/782
f 787/837/787 785/836/785 784/834/784
f 787/837/787 784/834/784 786/838/786
f 784/834/784 745/796/745 786/838/786
f 784/834/784 788/839/788 745/796/745
f 788/839/788 784/834/784 783/835/783
f 764/816/764 748/800/748 788/839/788
f 745/796/745 788/839/788 748/800/748
f 783/835/783 764/816/764 788/839/788
f 787/837/787 789/840/789 785/836/785
f 786/838/786 789/840/789 787/837/787
f 789/840/789 792/841/792 785/836/785
f 786/838/786 790/842/790 789/840/789
f 793/843/793 789/840/789 790/842/790
f 789/840/789 793/843/793 791/844/791
f 791/844/791 792/841/792 789/840/789
f 795/845/795 791/844/791 793/843/793
f 793/843/793 790/842/790 796/846/796
f 794/847/794 793/843/793 796/846/796
f 793/843/793 794/847/794 795/845/795
f 799/848/799 797/849/797 796/846/796
f 798/850/798 796/846/796 797/849/797
f 798/850/798 794/847/794 796/846/796
f 796/846/796 790/842/790 799/848/799
f 799/848/799 801/851/801 800/852/800
f 799/848/799 800/852/800 802/853/802
f 790/842/790 801/851/801 799/848/799
f 797/849/797 799/848/799 802/853/802
f 803/854/803 797/849/797 802/853/802
f 804/855/804 803/854/803 802/853/802
f 802/853/802 800/852/800 804/855/804
f 805/856/805 803/854/803 804/855/804
f 805/856/805 804/855/804 800/852/800
f 806/857/806 805/856/805 807/858/807
f 806/857/806 803/854/803 805/856/805
f 807/858/807 805/856/805 808/859/808
f 805/856/805 800/852/800 808/859/808
f 741/792/741 809/860/809 808/859/808
f 811/861/811 808/859/808 809/860/809
f 741/792/741 808/859/808 810/862/810
f 810/862/810 808/859/808 800/852/800
f 808/859/808 811/861/811 807/858/807
f 812/863/812 813/864/813 811/861/811
f 812/863/812 811/861/811 730/780/730
f 814/865/814 807/858/807 811/861/811
f 809/860/809 730/780/730 811/861/811
f 813/864/813 814/865/814 811/861/811
f 806/857/806 807/858/807 814/865/814
f 806/857/806 814/865/814 815/866/815
f 815/866/815 814/865/814 813/864/813
f 819/867/819 815/868/815 816/869/816
f 816/870/816 815/866/815 817/871/817
f 817/871/817 815/866/815 813/864/813
f 815/868/815 818/872/818 806/873/806
f 820/874/820 818/872/818 815/868/815
f 820/874/820 815/868/815 819/867/819
f 821/875/821 818/872/818 820/874/820
f 821/875/821 820/874/820 822/876/822
f 820/874/820 823/877/823 822/876/822
f 823/877/823 820/874/820 819/867/819
f 823/877/823 824/878/824 826/879/826
f 824/878/824 823/877/823 819/867/819
f 822/876/822 823/877/823 825/880/825
f 823/877/823 826/879/826 825/880/825
f 826/879/826 824/878/824 827/881/827
f 826/879/826 827/881/827 829/882/829
f 825/880/825 826/879/826 828/883/828
f 828/883/828 826/879/826 830/884/830
f 830/884/830 826/879/826 829/882/829
f 828/883/828 830/884/830 831/885/831
f 832/886/832 831/885/831 830/884/830
f 830/884/830 829/882/829 832/886/832
f 833/887/833 835/888/835 832/886/832
f 833/887/833 832/886/832 829/882/829
f 834/889/834 832/886/832 835/888/835
f 834/889/834 831/885/831 832/886/832
f 836/890/836 835/888/835 837/891/837
f 836/890/836 840/892/840 835/888/835
f 834/889/834 835/888/835 838/893/838
f 833/887/833 837/891/837 835/888/835
f 835/888/835 839/894/839 838/893/838
f 840/892/840 839/894/839 835/888/835
f 836/890/836 841/895/841 840/892/840
f 840/892/840 841/895/841 842/896/842
f 840/892/840 842/896/842 843/897/843
f 840/892/840 843/897/843 839/894/839
f 843/897/843 842/896/842 844/898/844
f 844/898/844 845/899/845 843/897/843
f 839/894/839 843/897/843 845/899/845
f 847/900/847 839/894/839 845/899/845
f 845/899/845 846/901/846 847/900/847
f 846/901/846 845/899/845 844/898/844
f 839/894/839 847/900/847 838/893/838
f 847/900/847 846/901/846 849/902/849
f 838/893/838 847/900/847 848/903/848
f 848/903/848 847/900/847 849/902/849
f 846/901/846 850/904/850 849/902/849
f 849/902/849 850/904/850 851/905/851
f 849/902/849 851/905/851 848/903/848
f 851/905/851 850/904/850 853/906/853
f 852/907/852 851/905/851 853/906/853
f 852/907/852 854/908/854 851/905/851
f 848/903/848 851/905/851 854/908/854
f 854/908/854 852/907/852 855/909/855
f 854/908/854 855/909/855 848/903/848
f 855/909/855 856/910/856 858/911/858
f 855/909/855 852/907/852 856/910/856
f 857/912/857 855/909/855 859/913/859
f 848/903/848 855/909/855 857/912/857
f 855/909/855 858/911/858 859/913/859
f 858/911/858 860/914/860 859/913/859
f 860/914/860 861/915/861 859/913/859
f 861/915/861 857/912/857 859/913/859
f 864/916/864 861/915/861 862/917/862
f 863/918/863 862/917/862 861/915/861
f 863/918/863 861/915/861 860/914/860
f 861/915/861 864/916/864 866/919/866
f 865/920/865 857/912/857 861/915/861
f 865/920/865 861/915/861 866/919/866
f 867/921/867 866/919/866 864/916/864
f 867/921/867 865/920/865 866/919/866
f 867/921/867 864/916/864 871/922/871
f 870/923/870 868/924/868 867/921/867
f 868/924/868 869/925/869 867/921/867
f 867/921/867 869/925/869 865/920/865
f 870/923/870 867/921/867 871/922/871
f 864/916/864 872/926/872 871/922/871
f 871/922/871 872/926/872 873/927/873
f 871/922/871 873/927/873 874/928/874
f 871/922/871 874/928/874 870/923/870
f 875/929/875 874/928/874 877/930/877
f 876/931/876 874/928/874 875/929/875
f 874/928/874 873/927/873 877/930/877
f 870/923/870 874/928/874 876/931/876
f 873/927/873 880/932/880 877/930/877
f 880/932/880 878/933/878 877/930/877
f 879/934/879 877/930/877 878/933/878
f 877/930/877 879/934/879 875/929/875
f 878/933/878 880/932/880 882/935/882
f 881/936/881 882/935/882 880/932/880
f 881/936/881 880/932/880 873/927/873
f 883/937/883 882/935/882 885/938/885
f 882/935/882 883/937/883 884/939/884
f 879/934/879 882/935/882 884/939/884
f 879/934/879 878/933/878 882/935/882
f 882/935/882 881/936/881 885/938/885
f 886/940/886 885/938/885 881/936/881
f 888/941/888 885/938/885 886/940/886
f 887/942/887 883/937/883 885/938/885
f 889/943/889 887/942/887 885/938/885
f 885/938/885 888/941/888 889/943/889
f 889/943/889 891/944/891 890/945/890
f 892/946/892 889/943/889 890/945/890
f 892/946/892 887/942/887 889/943/889
f 889/943/889 888/941/888 891/944/891
f 892/946/892 893/947/893 895/948/895
f 890/945/890 893/947/893 892/946/892
f 892/946/892 894/949/894 887/942/887
f 892/946/892 895/948/895 894/949/894
f 894/949/894 895/948/895 899/950/899
f 896/951/896 895/948/895 898/952/898
f 896/951/896 899/950/899 895/948/895
f 895/948/895 893/947/893 897/953/897
f 895/948/895 897/953/897 898/952/898
f 899/950/899 900/954/900 894/949/894
f 900/954/900 899/950/899 896/951/896
f 903/955/903 901/956/901 900/954/900
f 901/956/901 902/957/902 900/954/900
f 894/949/894 900/954/900 902/957/902
f 896/951/896 903/955/903 900/954/900
f 903/955/903 906/958/906 901/956/901
f 903/955/903 905/959/905 904/960/904
f 904/960/904 906/958/906 903/955/903
f 896/951/896 905/959/905 903/955/903
f 906/961/906 907/962/907 901/963/901
f 908/964/908 907/962/907 906/961/906
f 906/961/906 909/965/909 908/964/908
f 909/966/909 906/958/906 904/960/904
f 904/960/904 910/967/910 909/966/909
f 909/966/909 910/967/910 911/968/911
f 912/969/912 909/965/909 911/970/911
f 909/965/909 912/969/912 908/964/908
f 912/969/912 914/971/914 913/972/913
f 913/972/913 908/964/908 912/969/912
f 914/971/914 912/969/912 911/970/911
f 914/971/914 916/973/916 913/972/913
f 917/974/917 914/971/914 915/975/915
f 914/971/914 918/976/918 915/975/915
f 916/973/916 914/971/914 917/974/917
f 911/970/911 918/976/918 914/971/914
f 911/970/911 920/977/920 918/976/918
f 918/976/918 919/978/919 915/975/915
f 920/977/920 919/978/919 918/976/918
f 911/968/911 921/979/921 920/980/920
f 919/981/919 920/980/920 922/982/922
f 920/980/920 921/979/921 922/982/922
f 923/983/923 922/982/922 921/979/921
f 924/984/924 922/982/922 923/983/923
f 925/985/925 922/982/922 924/984/924
f 919/981/919 922/982/922 925/985/925
f 925/986/925 928/987/928 926/988/926
f 925/986/925 926/988/926 927/989/927
f 919/978/919 925/986/925 927/989/927
f 925/985/925 924/984/924 928/990/928
f 929/991/929 928/990/928 924/984/924
f 928/990/928 929/991/929 930/992/930
f 928/987/928 930/993/930 926/988/926
f 929/991/929 933/994/933 930/992/930
f 932/995/932 926/988/926 930/993/930
f 931/996/931 930/993/930 934/997/934
f 930/993/930 931/996/931 932/995/932
f 934/997/934 930/993/930 933/998/933
f 933/998/933 935/999/935 934/997/934
f 934/997/934 935/999/935 939/1000/939
f 934/997/934 939/1000/939 936/1001/936
f 936/1001/936 937/1002/937 934/997/934
f 938/1003/938 934/997/934 937/1002/937
f 931/996/931 934/997/934 938/1003/938
f 942/1004/942 940/1005/940 939/1000/939
f 939/1000/939 940/1005/940 941/1006/941
f 941/1006/941 936/1001/936 939/1000/939
f 935/999/935 942/1004/942 939/1000/939
f 945/1007/945 940/1005/940 942/1004/942
f 942/1008/942 944/1009/944 943/1010/943
f 945/1011/945 942/1008/942 943/1010/943
f 944/1009/944 942/1008/942 935/1012/935
f 945/1007/945 946/1013/946 940/1005/940
f 946/1014/946 945/1011/945 943/1010/943
f 947/1015/947 940/1005/940 946/1013/946
f 946/1013/946 948/1016/948 947/1015/947
f 946/1013/946 949/1017/949 948/1016/948
f 946/1013/946 950/1018/950 949/1017/949
f 950/1019/950 946/1014/946 951/1020/951
f 943/1010/943 951/1020/951 946/1014/946
f 950/1019/950 951/1020/951 954/1021/954
f 952/1022/952 951/1020/951 953/1023/953
f 952/1022/952 954/1021/954 951/1020/951
f 943/1010/943 953/1023/953 951/1020/951
f 949/1024/949 950/1025/950 954/1026/954
f 954/1026/954 957/1027/957 955/1028/955
f 955/1028/955 949/1024/949 954/1026/954
f 954/1026/954 956/1029/956 957/1027/957
f 956/1030/956 954/1021/954 952/1022/952
f 955/1028/955 957/1027/957 958/1031/958
f 957/1027/957 959/1032/959 958/1031/958
f 960/1033/960 959/1032/959 957/1027/957
f 957/1027/957 961/1034/961 960/1033/960
f 957/1027/957 956/1029/956 961/1034/961
f 964/1035/964 961/1036/961 962/1037/962
f 961/1036/961 952/1022/952 962/1037/962
f 961/1034/961 964/1038/964 963/1039/963
f 960/1033/960 961/1034/961 963/1039/963
f 961/1036/961 956/1030/956 952/1022/952
f 964/1035/964 962/1037/962 968/1040/968
f 963/1039/963 964/1038/964 969/1041/969
f 969/1041/969 964/1038/964 965/1042/965
f 966/1043/966 965/1044/965 964/1035/964
f 966/1043/966 964/1035/964 967/1045/967
f 964/1035/964 968/1040/968 967/1045/967
f 965/1042/965 970/1046/970 969/1041/969
f 970/1046/970 972/1047/972 969/1041/969
f 969/1041/969 971/1048/971 963/1039/963
f 969/1041/969 973/1049/973 971/1048/971
f 972/1047/972 973/1049/973 969/1041/969
f 973/1049/973 974/1050/974 977/1051/977
f 976/1052/976 974/1050/974 973/1049/973
f 972/1047/972 975/1053/975 973/1049/973
f 973/1049/973 975/1053/975 976/1052/976
f 971/1048/971 973/1049/973 977/1051/977
f 978/1054/978 977/1051/977 974/1050/974
f 977/1051/977 978/1054/978 979/1055/979
f 981/1056/981 977/1051/977 979/1055/979
f 971/1048/971 977/1051/977 982/1057/982
f 982/1057/982 977/1051/977 980/1058/980
f 980/1058/980 977/1051/977 981/1056/981
f 982/1057/982 980/1058/980 983/1059/983
f 982/1057/982 960/1033/960 963/1039/963
f 971/1048/971 982/1057/982 963/1039/963
f 959/1032/959 960/1033/960 982/1057/982
f 983/1059/983 959/1032/959 982/1057/982
f 983/1059/983 984/1060/984 987/1061/987
f 984/1060/984 983/1059/983 985/1062/985
f 985/1062/985 983/1059/983 980/1058/980
f 983/1059/983 988/1063/988 986/1064/986
f 983/1059/983 986/1064/986 958/1031/958
f 987/1061/987 988/1063/988 983/1059/983
f 983/1059/983 958/1031/958 959/1032/959
f 989/1065/989 990/1066/990 988/1063/988
f 987/1061/987 989/1065/989 988/1063/988
f 988/1063/988 990/1066/990 986/1064/986
f 990/1066/990 991/1067/991 986/1064/986
f 991/1067/991 990/1066/990 993/1068/993
f 989/1065/989 992/1069/992 990/1066/990
f 992/1069/992 993/1068/993 990/1066/990
f 995/1070/995 993/1071/993 992/1072/992
f 991/1067/991 993/1068/993 994/1073/994
f 995/1070/995 994/1074/994 993/1071/993
f 997/1075/997 995/1070/995 992/1072/992
f 994/1074/994 995/1070/995 999/1076/999
f 995/1070/995 997/1075/997 996/1077/996
f 996/1077/996 998/1078/998 995/1070/995
f 999/1076/999 995/1070/995 998/1078/998
f 999/1076/999 936/1001/936 941/1006/941
f 941/1006/941 947/1015/947 999/1076/999
f 947/1015/947 994/1074/994 999/1076/999
f 998/1078/998 936/1001/936 999/1076/999
f 936/1001/936 998/1078/998 1001/1079/1001
f 1002/1080/1002 998/1078/998 996/1077/996
f 1000/1081/1000 1001/1079/1001 998/1078/998
f 1000/1081/1000 998/1078/998 1002/1080/1002
f 1002/1080/1002 1004/1082/1004 1000/1081/1000
f 997/1075/997 1005/1083/1005 1002/1080/1002
f 1002/1080/1002 996/1077/996 997/1075/997
f 1004/1082/1004 1002/1080/1002 1003/1084/1003
f 1003/1084/1003 1002/1080/1002 1005/1083/1005
f 997/1075/997 1006/1085/1006 1005/1083/1005
f 1005/1083/1005 1006/1085/1006 1007/1086/1007
f 1003/1084/1003 1005/1083/1005 1007/1086/1007
f 1007/1086/1007 1009/1087/1009 1008/1088/1008
f 1008/1088/1008 1003/1084/1003 1007/1086/1007
f 1009/1087/1009 1007/1086/1007 1006/1085/1006
f 1008/1088/1008 1009/1087/1009 1010/1089/1010
f 1009/1087/1009 1013/1090/1013 1010/1089/1010
f 1012/1091/1012 1011/1092/1011 1009/1087/1009
f 1011/1092/1011 1013/1090/1013 1009/1087/1009
f 1006/1085/1006 1012/1091/1012 1009/1087/1009
f 1010/1089/1010 1013/1090/1013 1016/1093/1016
f 1013/1090/1013 1011/1092/1011 1014/1094/1014
f 1014/1094/1014 1015/1095/1015 1013/1090/1013
f 1013/1090/1013 1015/1095/1015 1017/1096/1017
f 1016/1093/1016 1013/1090/1013 1017/1096/1017
f 1019/1097/1019 1016/1093/1016 1017/1096/1017
f 1021/1098/1021 1017/1096/1017 1018/1099/1018
f 1015/1095/1015 1018/1099/1018 1017/1096/1017
f 1020/1100/1020 1019/1097/1019 1017/1096/1017
f 1020/1100/1020 1017/1096/1017 1022/1101/1022
f 1017/1096/1017 1021/1098/1021 1022/1101/1022
f 1023/1102/1023 1024/1103/1024 1022/1101/1022
f 1025/1104/1025 1023/1102/1023 1022/1101/1022
f 1022/1101/1022 1024/1103/1024 1020/1100/1020
f 1022/1101/1022 1021/1098/1021 1025/1104/1025
f 1025/1104/1025 1028/1105/1028 1026/1106/1026
f 1025/1104/1025 1026/1106/1026 1027/1107/1027
f 1025/1104/1025 1027/1107/1027 1023/1102/1023
f 1021/1098/1021 1028/1105/1028 1025/1104/1025
f 1029/1108/1029 1028/1105/1028 1031/1109/1031
f 1026/1106/1026 1028/1105/1028 1029/1108/1029
f 1021/1098/1021 1030/1110/1030 1028/1105/1028
f 1028/1105/1028 1030/1110/1030 1032/1111/1032
f 1028/1105/1028 1032/1111/1032 1031/1109/1031
f 1032/1111/1032 1033/1112/1033 1031/1109/1031
f 1033/1112/1033 1032/1111/1032 1034/1113/1034
f 1030/1110/1030 1018/1099/1018 1032/1111/1032
f 1018/1099/1018 1034/1113/1034 1032/1111/1032
f 1035/1114/1035 1034/1113/1034 1037/1115/1037
f 1035/1114/1035 1036/1116/1036 1034/1113/1034
f 1034/1113/1034 1036/1116/1036 1033/1112/1033
f 1018/1099/1018 1037/1115/1037 1034/1113/1034
f 1015/1095/1015 1037/1115/1037 1018/1099/1018
f 1015/1095/1015 1038/1117/1038 1037/1115/1037
f 1038/1117/1038 1039/1118/1039 1037/1115/1037
f 1035/1114/1035 1037/1115/1037 1040/1119/1040
f 1037/1115/1037 1039/1118/1039 1040/1119/1040
f 1040/1119/1040 1041/1120/1041 1035/1114/1035
f 1039/1118/1039 1041/1120/1041 1040/1119/1040
f 1039/1121/1039 1042/1122/1042 1041/1123/1041
f 1042/1122/1042 1043/1124/1043 1041/1123/1041
f 1044/1125/1044 1041/1123/1041 1043/1124/1043
f 1045/1126/1045 1041/1120/1041 1044/1127/1044
f 1045/1126/1045 1035/1114/1035 1041/1120/1041
f 1048/1128/1048 1046/1129/1046 1045/1126/1045
f 1046/1129/1046 1047/1130/1047 1045/1126/1045
f 1035/1114/1035 1045/1126/1045 1036/1116/1036
f 1045/1126/1045 1047/1130/1047 1036/1116/1036
f 1045/1126/1045 1044/1127/1044 1048/1128/1048
f 1049/1131/1049 1048/1128/1048 1044/1127/1044
f 1050/1132/1050 1048/1128/1048 1049/1131/1049
f 1050/1132/1050 1046/1129/1046 1048/1128/1048
f 1050/1132/1050 1051/1133/1051 1046/1129/1046
f 1051/1133/1051 1050/1132/1050 1052/1134/1052
f 1050/1132/1050 1053/1135/1053 1052/1134/1052
f 1053/1135/1053 1050/1132/1050 1049/1131/1049
f 1054/1136/1054 1052/1134/1052 1053/1135/1053
f 1056/1137/1056 1053/1135/1053 1049/1131/1049
f 1054/1136/1054 1053/1135/1053 1055/1138/1055
f 1053/1135/1053 1056/1137/1056 1055/1138/1055
f 1049/1131/1049 1044/1127/1044 1056/1137/1056
f 1057/1139/1057 1055/1140/1055 1056/1141/1056
f 1044/1125/1044 1057/1139/1057 1056/1141/1056
f 1057/1139/1057 1058/1142/1058 1059/1143/1059
f 1057/1139/1057 1044/1125/1044 1058/1142/1058
f 1055/1140/1055 1057/1139/1057 1060/1144/1060
f 1059/1143/1059 1060/1144/1060 1057/1139/1057
f 1064/1145/1064 1060/1144/1060 1059/1143/1059
f 1061/1146/1061 1060/1144/1060 1064/1145/1064
f 1061/1146/1061 1063/1147/1063 1060/1144/1060
f 1060/1144/1060 1062/1148/1062 1055/1140/1055
f 1060/1144/1060 1063/1147/1063 1062/1148/1062
f 1064/1145/1064 1065/1149/1065 1067/1150/1067
f 1065/1149/1065 1064/1145/1064 1066/1151/1066
f 1068/1152/1068 1066/1151/1066 1064/1145/1064
f 1061/1146/1061 1064/1145/1064 1067/1150/1067
f 1068/1152/1068 1064/1145/1064 1059/1143/1059
f 1068/1152/1068 1069/1153/1069 1066/1151/1066
f 1069/1153/1069 1068/1152/1068 1070/1154/1070
f 1068/1152/1068 1071/1155/1071 1070/1154/1070
f 1072/1156/1072 1071/1155/1071 1068/1152/1068
f 1072/1156/1072 1068/1152/1068 1073/1157/1073
f 1068/1152/1068 1059/1143/1059 1073/1157/1073
f 1059/1143/1059 1058/1142/1058 1073/1157/1073
f 1072/1156/1072 1073/1157/1073 1058/1142/1058
f 1042/1122/1042 1072/1156/1072 1058/1142/1058
f 1072/1156/1072 1042/1122/1042 1071/1155/1071
f 1074/1158/1074 1070/1154/1070 1071/1155/1071
f 1075/1159/1075 1074/1158/1074 1071/1155/1071
f 1042/1122/1042 1076/1160/1076 1071/1155/1071
f 1071/1155/1071 1076/1160/1076 1075/1159/1075
f 1075/1159/1075 1076/1160/1076 1079/1161/1079
f 1076/1160/1076 1042/1122/1042 1039/1121/1039
f 1079/1161/1079 1076/1160/1076 1077/1162/1077
f 1078/1163/1078 1077/1162/1077 1076/1160/1076
f 1039/1121/1039 1078/1163/1078 1076/1160/1076
f 1075/1159/1075 1079/1161/1079 1074/1158/1074
f 1080/1164/1080 1074/1158/1074 1079/1161/1079
f 1081/1165/1081 1080/1164/1080 1079/1161/1079
f 1079/1161/1079 1077/1162/1077 1081/1165/1081
f 1082/1166/1082 1081/1165/1081 1077/1162/1077
f 1084/1167/1084 1081/1165/1081 1082/1166/1082
f 1083/1168/1083 1080/1164/1080 1081/1165/1081
f 1083/1168/1083 1081/1165/1081 1084/1167/1084
f 1083/1168/1083 1084/1167/1084 1087/1169/1087
f 1084/1167/1084 1082/1166/1082 1085/1170/1085
f 1085/1170/1085 1086/1171/1086 1084/1167/1084
f 1084/1167/1084 1086/1171/1086 1087/1169/1087
f 1088/1172/1088 1087/1169/1087 1089/1173/1089
f 1087/1169/1087 1088/1172/1088 1090/1174/1090
f 1089/1173/1089 1087/1169/1087 1086/1171/1086
f 1083/1168/1083 1087/1169/1087 1090/1174/1090
f 1091/1175/1091 1090/1174/1090 1088/1172/1088
f 1091/1175/1091 1092/1176/1092 1090/1174/1090
f 1093/1177/1093 1083/1168/1083 1090/1174/1090
f 1092/1176/1092 1093/1177/1093 1090/1174/1090
f 1080/1164/1080 1093/1177/1093 1094/1178/1094
f 1092/1176/1092 1094/1178/1094 1093/1177/1093
f 1093/1177/1093 1080/1164/1080 1083/1168/1083
f 1094/1178/1094 1074/1158/1074 1080/1164/1080
f 1095/1179/1095 1094/1178/1094 1092/1176/1092
f 1094/1178/1094 1095/1179/1095 1074/1158/1074
f 1095/1179/1095 1070/1154/1070 1074/1158/1074
f 1092/1176/1092 1097/1180/1097 1095/1179/1095
f 1095/1179/1095 1096/1181/1096 1070/1154/1070
f 1096/1181/1096 1095/1179/1095 1097/1180/1097
f 1096/1181/1096 1097/1180/1097 1098/1182/1098
f 1092/1176/1092 1091/1175/1091 1097/1180/1097
f 1098/1182/1098 1097/1180/1097 1091/1175/1091
f 1099/1183/1099 1096/1181/1096 1098/1182/1098
f 1100/1184/1100 1099/1183/1099 1098/1182/1098
f 1091/1175/1091 1100/1184/1100 1098/1182/1098
f 1100/1184/1100 1102/1185/1102 1101/1186/1101
f 1101/1186/1101 1099/1183/1099 1100/1184/1100
f 1103/1187/1103 1102/1185/1102 1100/1184/1100
f 1100/1184/1100 1091/1175/1091 1103/1187/1103
f 1103/1187/1103 1104/1188/1104 1105/1189/1105
f 1103/1187/1103 1091/1175/1091 1104/1188/1104
f 1105/1189/1105 1106/1190/1106 1103/1187/1103
f 1106/1190/1106 1107/1191/1107 1103/1187/1103
f 1102/1185/1102 1103/1187/1103 1107/1191/1107
f 1107/1191/1107 1106/1190/1106 1108/1192/1108
f 1109/1193/1109 1107/1191/1107 1108/1192/1108
f 1107/1191/1107 1109/1193/1109 1102/1185/1102
f 1110/1194/1110 1101/1186/1101 1109/1193/1109
f 1101/1186/1101 1102/1185/1102 1109/1193/1109
f 1111/1195/1111 1110/1194/1110 1109/1193/1109
f 1111/1195/1111 1109/1193/1109 1112/1196/1112
f 1109/1193/1109 1113/1197/1113 1112/1196/1112
f 1113/1197/1113 1109/1193/1109 1108/1192/1108
f 1113/1197/1113 1115/1198/1115 1112/1196/1112
f 1115/1198/1115 1113/1197/1113 1114/1199/1114
f 1116/1200/1116 1114/1199/1114 1113/1197/1113
f 1108/1192/1108 1116/1200/1116 1113/1197/1113
f 1106/1190/1106 1116/1200/1116 1108/1192/1108
f 1116/1200/1116 1106/1190/1106 1117/1201/1117
f 1116/1200/1116 1117/1201/1117 1118/1202/1118
f 1114/1199/1114 1116/1200/1116 1118/1202/1118
f 1118/1202/1118 1120/1203/1120 1119/1204/1119
f 1114/1199/1114 1118/1202/1118 1119/1204/1119
f 1118/1202/1118 1117/1201/1117 1121/1205/1121
f 1122/1206/1122 1120/1203/1120 1118/1202/1118
f 1122/1206/1122 1118/1202/1118 1121/1205/1121
f 1122/1206/1122 1124/1207/1124 1123/1208/1123
f 1122/1206/1122 1123/1208/1123 1120/1203/1120
f 1125/1209/1125 1124/1207/1124 1122/1206/1122
f 1125/1209/1125 1122/1206/1122 1121/1205/1121
f 1124/1207/1124 1125/1209/1125 1126/1210/1126
f 1125/1209/1125 1127/1211/1127 1126/1210/1126
f 1125/1209/1125 1121/1205/1121 1127/1211/1127
f 1127/1211/1127 1121/1205/1121 1128/1212/1128
f 1128/1212/1128 1126/1210/1126 1127/1211/1127
f 1128/1212/1128 1129/1213/1129 1131/1214/1131
f 1121/1205/1121 1129/1213/1129 1128/1212/1128
f 1130/1215/1130 1126/1210/1126 1128/1212/1128
f 1130/1215/1130 1128/1212/1128 1131/1214/1131
f 1129/1213/1129 1135/1216/1135 1131/1214/1131
f 1131/1214/1131 1132/1217/1132 1133/1218/1133
f 1135/1216/1135 1132/1217/1132 1131/1214/1131
f 1134/1219/1134 1131/1214/1131 1133/1218/1133
f 1131/1214/1131 1134/1219/1134 1130/1215/1130
f 1135/1216/1135 1136/1220/1136 1132/1217/1132
f 1137/1221/1137 1136/1220/1136 1135/1216/1135
f 1137/1221/1137 1135/1216/1135 1105/1189/1105
f 1135/1216/1135 1138/1222/1138 1105/1189/1105
f 1135/1216/1135 1129/1213/1129 1138/1222/1138
f 1105/1189/1105 1138/1222/1138 1106/1190/1106
f 1129/1213/1129 1106/1190/1106 1138/1222/1138
f 1104/1188/1104 1137/1221/1137 1105/1189/1105
f 1104/1188/1104 1136/1220/1136 1137/1221/1137
f 1132/1217/1132 1136/1220/1136 1140/1223/1140
f 1104/1188/1104 1139/1224/1139 1136/1220/1136
f 1140/1223/1140 1136/1220/1136 1139/1224/1139
f 1132/1217/1132 1140/1223/1140 1142/1225/1142
f 1140/1223/1140 1141/1226/1141 1143/1227/1143
f 1089/1173/1089 1141/1226/1141 1140/1223/1140
f 1142/1225/1142 1140/1223/1140 1143/1227/1143
f 1089/1173/1089 1140/1223/1140 1139/1224/1139
f 1142/1225/1142 1143/1227/1143 1144/1228/1144
f 1147/1229/1147 1144/1228/1144 1143/1227/1143
f 1143/1227/1143 1141/1226/1141 1145/1230/1145
f 1146/1231/1146 1143/1227/1143 1145/1230/1145
f 978/1054/978 1143/1227/1143 1146/1231/1146
f 1147/1229/1147 1143/1227/1143 978/1054/978
f 1148/1232/1148 1144/1228/1144 1147/1229/1147
f 1147/1229/1147 1150/1233/1150 1148/1232/1148
f 1147/1229/1147 978/1054/978 1149/1234/1149
f 1147/1229/1147 1149/1234/1149 1150/1233/1150
f 1148/1232/1148 1150/1233/1150 1133/1218/1133
f 1150/1233/1150 1151/1235/1151 1133/1218/1133
f 1151/1235/1151 1150/1233/1150 1152/1236/1152
f 1150/1233/1150 1149/1234/1149 1152/1236/1152
f 1152/1236/1152 1153/1237/1153 1151/1235/1151
f 1153/1237/1153 1152/1236/1152 1154/1238/1154
f 1154/1238/1154 1152/1236/1152 1155/1239/1155
f 1152/1236/1152 1156/1240/1156 1155/1239/1155
f 1149/1234/1149 1156/1240/1156 1152/1236/1152
f 1158/1241/1158 1156/1240/1156 1157/1242/1157
f 1156/1240/1156 1149/1234/1149 1157/1242/1157
f 1155/1239/1155 1156/1240/1156 1158/1241/1158
f 1158/1241/1158 1159/1243/1159 1155/1239/1155
f 1159/1243/1159 1158/1241/1158 1160/1244/1160
f 1157/1242/1157 1160/1244/1160 1158/1241/1158
f 1162/1245/1162 1160/1244/1160 1161/1246/1161
f 1160/1244/1160 1157/1242/1157 1161/1246/1161
f 1162/1245/1162 1159/1243/1159 1160/1244/1160
f 1165/1247/1165 1162/1245/1162 1163/1248/1163
f 1164/1249/1164 1163/1248/1163 1162/1245/1162
f 1161/1246/1161 1164/1249/1164 1162/1245/1162
f 1165/1247/1165 1159/1243/1159 1162/1245/1162
f 1163/1250/1163 1170/1251/1170 1165/1252/1165
f 1167/1253/1167 1159/1243/1159 1165/1247/1165
f 1170/1251/1170 1166/1254/1166 1165/1252/1165
f 1169/1255/1169 1165/1252/1165 1166/1254/1166
f 1165/1247/1165 1168/1256/1168 1167/1253/1167
f 1165/1247/1165 1169/1257/1169 1168/1256/1168
f 1170/1251/1170 1173/1258/1173 1171/1259/1171
f 1170/1251/1170 1171/1259/1171 1172/1260/1172
f 1166/1254/1166 1170/1251/1170 1172/1260/1172
f 1170/1251/1170 1163/1250/1163 1173/1258/1173
f 1163/1250/1163 1175/1261/1175 1173/1258/1173
f 1175/1261/1175 1174/1262/1174 1173/1258/1173
f 1173/1258/1173 1174/1262/1174 1171/1259/1171
f 1175/1261/1175 1177/1263/1177 1174/1262/1174
f 1163/1250/1163 1164/1264/1164 1175/1261/1175
f 1175/1261/1175 1164/1264/1164 1176/1265/1176
f 1177/1263/1177 1175/1261/1175 1176/1265/1176
f 1180/1266/1180 1178/1267/1178 1177/1263/1177
f 1178/1267/1178 1179/1268/1179 1177/1263/1177
f 1179/1268/1179 1182/1269/1182 1177/1263/1177
f 1181/1270/1181 1180/1266/1180 1177/1263/1177
f 1181/1270/1181 1177/1263/1177 1176/1265/1176
f 1177/1263/1177 1182/1269/1182 1174/1262/1174
f 1174/1262/1174 1182/1269/1182 1183/1271/1183
f 1184/1272/1184 1182/1269/1182 1179/1268/1179
f 1183/1271/1183 1182/1269/1182 1184/1272/1184
f 1184/1272/1184 1179/1268/1179 1185/1273/1185
f 1186/1274/1186 1184/1272/1184 1185/1273/1185
f 1186/1274/1186 1183/1271/1183 1184/1272/1184
f 1185/1273/1185 1189/1275/1189 1186/1274/1186
f 1183/1271/1183 1186/1274/1186 1187/1276/1187
f 1187/1276/1187 1186/1274/1186 1188/1277/1188
f 1188/1277/1188 1186/1274/1186 1190/1278/1190
f 1186/1274/1186 1189/1275/1189 1190/1278/1190
f 1191/1279/1191 1193/1280/1193 1190/1278/1190
f 1191/1279/1191 1190/1278/1190 1189/1275/1189
f 1188/1277/1188 1190/1278/1190 1192/1281/1192
f 1192/1281/1192 1190/1278/1190 1193/1280/1193
f 1194/1282/1194 1195/1283/1195 1193/1280/1193
f 1193/1280/1193 1191/1279/1191 1194/1282/1194
f 1197/1284/1197 1193/1280/1193 1195/1283/1195
f 1196/1285/1196 1192/1281/1192 1193/1280/1193
f 1197/1284/1197 1196/1285/1196 1193/1280/1193
f 1195/1283/1195 1198/1286/1198 1197/1284/1197
f 1198/1286/1198 1200/1287/1200 1197/1284/1197
f 1197/1284/1197 1200/1287/1200 1199/1288/1199
f 1197/1284/1197 1199/1288/1199 1196/1285/1196
f 1198/1286/1198 1201/1289/1201 1200/1287/1200
f 1201/1289/1201 1202/1290/1202 1200/1287/1200
f 1199/1288/1199 1200/1287/1200 1202/1290/1202
f 1203/1291/1203 1202/1290/1202 1205/1292/1205
f 1204/1293/1204 1202/1290/1202 1203/1291/1203
f 1204/1293/1204 1206/1294/1206 1202/1290/1202
f 1199/1288/1199 1202/1290/1202 1206/1294/1206
f 1201/1289/1201 1205/1292/1205 1202/1290/1202
f 1207/1295/1207 1208/1296/1208 1206/1294/1206
f 1206/1294/1206 1209/1297/1209 1207/1295/1207
f 1199/1288/1199 1206/1294/1206 1208/1296/1208
f 1209/1297/1209 1206/1294/1206 1204/1293/1204
f 1207/1295/1207 1209/1297/1209 1210/1298/1210
f 1210/1298/1210 1209/1297/1209 1212/1299/1212
f 1211/1300/1211 1209/1297/1209 1204/1293/1204
f 1209/1297/1209 1211/1300/1211 1212/1299/1212
f 1214/1301/1214 1212/1299/1212 1213/1302/1213
f 1213/1302/1213 1212/1299/1212 1211/1300/1211
f 1212/1299/1212 1214/1301/1214 1215/1303/1215
f 1212/1299/1212 1215/1303/1215 1210/1298/1210
f 1214/1304/1214 1216/1305/1216 1215/1306/1215
f 1217/1307/1217 1210/1298/1210 1215/1303/1215
f 1216/1305/1216 1217/1308/1217 1215/1306/1215
f 1217/1308/1217 1221/1309/1221 1218/1310/1218
f 1217/1308/1217 1218/1310/1218 1220/1311/1220
f 1220/1312/1220 1219/1313/1219 1217/1307/1217
f 1217/1307/1217 1219/1313/1219 1222/1314/1222
f 1216/1305/1216 1221/1309/1221 1217/1308/1217
f 1222/1314/1222 1210/1298/1210 1217/1307/1217
f 1222/1314/1222 1207/1295/1207 1210/1298/1210
f 1207/1295/1207 1222/1314/1222 1223/1315/1223
f 1222/1314/1222 1224/1316/1224 1223/1315/1223
f 1224/1316/1224 1222/1314/1222 1225/1317/1225
f 1222/1314/1222 1219/1313/1219 1225/1317/1225
f 1220/1312/1220 1225/1317/1225 1219/1313/1219
f 1225/1318/1225 1220/1311/1220 1226/1319/1226
f 1225/1318/1225 1226/1319/1226 1227/1320/1227
f 1225/1317/1225 1227/1321/1227 1224/1316/1224
f 1230/1322/1230 1227/1321/1227 1228/1323/1228
f 1168/1256/1168 1228/1324/1228 1227/1320/1227
f 1227/1320/1227 1229/1325/1229 1168/1256/1168
f 1229/1325/1229 1227/1320/1227 1226/1319/1226
f 1230/1322/1230 1224/1316/1224 1227/1321/1227
f 1232/1326/1232 1230/1322/1230 1228/1323/1228
f 1224/1316/1224 1230/1322/1230 1231/1327/1231
f 1231/1327/1231 1230/1322/1230 1232/1326/1232
f 1166/1254/1166 1233/1328/1233 1232/1326/1232
f 1166/1254/1166 1232/1326/1232 1169/1255/1169
f 1232/1326/1232 1228/1323/1228 1169/1255/1169
f 1231/1327/1231 1232/1326/1232 1233/1328/1233
f 1166/1254/1166 1234/1329/1234 1233/1328/1233
f 1234/1329/1234 1235/1330/1235 1233/1328/1233
f 1233/1328/1233 1235/1330/1235 1231/1327/1231
f 1234/1329/1234 1236/1331/1236 1235/1330/1235
f 1235/1330/1235 1236/1331/1236 1188/1277/1188
f 1235/1330/1235 1188/1277/1188 1192/1281/1192
f 1231/1327/1231 1235/1330/1235 1192/1281/1192
f 1188/1277/1188 1236/1331/1236 1187/1276/1187
f 1187/1276/1187 1236/1331/1236 1183/1271/1183
f 1174/1262/1174 1236/1331/1236 1171/1259/1171
f 1236/1331/1236 1174/1262/1174 1183/1271/1183
f 1171/1259/1171 1236/1331/1236 1172/1260/1172
f 1172/1260/1172 1236/1331/1236 1166/1254/1166
f 1236/1331/1236 1234/1329/1234 1166/1254/1166
f 1237/1332/1237 1231/1327/1231 1196/1285/1196
f 1196/1285/1196 1231/1327/1231 1192/1281/1192
f 1231/1327/1231 1237/1332/1237 1224/1316/1224
f 1237/1332/1237 1223/1315/1223 1224/1316/1224
f 1223/1315/1223 1237/1332/1237 1208/1296/1208
f 1208/1296/1208 1237/1332/1237 1196/1285/1196
f 1238/1333/1238 1229/1325/1229 1240/1334/1240
f 1238/1333/1238 1239/1335/1239 1229/1325/1229
f 1241/1336/1241 1229/1325/1229 1239/1335/1239
f 1229/1325/1229 1226/1319/1226 1240/1334/1240
f 1241/1336/1241 1168/1256/1168 1229/1325/1229
f 1241/1336/1241 1239/1335/1239 1242/1337/1242
f 1167/1253/1167 1168/1256/1168 1241/1336/1241
f 1167/1253/1167 1241/1336/1241 1242/1337/1242
f 1239/1335/1239 1247/1338/1247 1242/1337/1242
f 1244/1339/1244 1167/1253/1167 1242/1337/1242
f 1242/1337/1242 1245/1340/1245 1243/1341/1243
f 1242/1337/1242 1243/1341/1243 1244/1339/1244
f 1246/1342/1246 1245/1340/1245 1242/1337/1242
f 1247/1338/1247 1246/1342/1246 1242/1337/1242
f 1247/1338/1247 1238/1333/1238 1249/1343/1249
f 1247/1338/1247 1239/1335/1239 1238/1333/1238
f 1247/1338/1247 1248/1344/1248 1246/1342/1246
f 1247/1338/1247 1251/1345/1251 1248/1344/1248
f 1249/1343/1249 1250/1346/1250 1247/1338/1247
f 1251/1345/1251 1247/1338/1247 1250/1346/1250
f 1248/1344/1248 1251/1345/1251 1252/1347/1252
f 1252/1347/1252 1251/1345/1251 1253/1348/1253
f 1251/1345/1251 1254/1349/1254 1253/1348/1253
f 1254/1349/1254 1251/1345/1251 1250/1346/1250
f 1254/1349/1254 1258/1350/1258 1255/1351/1255
f 1255/1351/1255 1256/1352/1256 1254/1349/1254
f 1256/1352/1256 1253/1348/1253 1254/1349/1254
f 1254/1349/1254 1250/1346/1250 1257/1353/1257
f 1258/1350/1258 1254/1349/1254 1257/1353/1257
f 1260/1354/1260 1258/1350/1258 1259/1355/1259
f 1257/1353/1257 1259/1355/1259 1258/1350/1258
f 1258/1350/1258 1260/1354/1260 1255/1351/1255
f 1260/1354/1260 1259/1355/1259 1261/1356/1261
f 1261/1356/1261 1262/1357/1262 1260/1354/1260
f 1263/1358/1263 1260/1354/1260 1262/1357/1262
f 1264/1359/1264 1255/1351/1255 1260/1354/1260
f 1260/1354/1260 1263/1358/1263 1264/1359/1264
f 1266/1360/1266 1264/1359/1264 1263/1358/1263
f 1256/1352/1256 1255/1351/1255 1264/1359/1264
f 1265/1361/1265 1256/1352/1256 1264/1359/1264
f 1266/1360/1266 1265/1361/1265 1264/1359/1264
f 1266/1360/1266 1271/1362/1271 1265/1361/1265
f 1268/1363/1268 1266/1360/1266 1267/1364/1267
f 1267/1364/1267 1266/1360/1266 1263/1358/1263
f 1269/1365/1269 1266/1360/1266 1268/1363/1268
f 1266/1360/1266 1269/1365/1269 1270/1366/1270
f 1271/1362/1271 1266/1360/1266 1270/1366/1270
f 1271/1362/1271 1270/1366/1270 1273/1367/1273
f 1273/1367/1273 1272/1368/1272 1271/1362/1271
f 1272/1368/1272 1265/1361/1265 1271/1362/1271
f 1275/1369/1275 1273/1367/1273 1274/1370/1274
f 1276/1371/1276 1274/1370/1274 1273/1367/1273
f 1275/1369/1275 1272/1368/1272 1273/1367/1273
f 1276/1371/1276 1273/1367/1273 1270/1366/1270
f 1269/1365/1269 1276/1371/1276 1270/1366/1270
f 1281/1372/1281 1276/1371/1276 1269/1365/1269
f 1276/1371/1276 1278/1373/1278 1277/1374/1277
f 1276/1371/1276 1277/1374/1277 1274/1370/1274
f 1276/1371/1276 1279/1375/1279 1278/1373/1278
f 1276/1371/1276 1280/1376/1280 1279/1375/1279
f 1281/1372/1281 1280/1376/1280 1276/1371/1276
f 1282/1377/1282 1281/1372/1281 1269/1365/1269
f 1282/1377/1282 1280/1376/1280 1281/1372/1281
f 1269/1365/1269 1268/1363/1268 1282/1377/1282
f 1282/1377/1282 1284/1378/1284 1280/1376/1280
f 1283/1379/1283 1284/1378/1284 1282/1377/1282
f 1285/1380/1285 1283/1379/1283 1282/1377/1282
f 1282/1377/1282 1268/1363/1268 1285/1380/1285
f 1287/1381/1287 1283/1379/1283 1285/1380/1285
f 1286/1382/1286 1285/1380/1285 1268/1363/1268
f 1286/1382/1286 1288/1383/1288 1285/1380/1285
f 1287/1381/1287 1285/1380/1285 1288/1383/1288
f 1289/1384/1289 1288/1383/1288 1291/1385/1291
f 1289/1384/1289 1290/1386/1290 1288/1383/1288
f 1292/1387/1292 1288/1383/1288 1290/1386/1290
f 1288/1383/1288 1292/1387/1292 1287/1381/1287
f 1288/1383/1288 1286/1382/1286 1291/1385/1291
f 1293/1388/1293 1292/1387/1292 1295/1389/1295
f 1293/1388/1293 1294/1390/1294 1292/1387/1292
f 1294/1390/1294 1287/1381/1287 1292/1387/1292
f 1295/1389/1295 1292/1387/1292 1290/1386/1290
f 1296/1391/1296 1293/1388/1293 1295/1389/1295
f 1297/1392/1297 1296/1391/1296 1295/1389/1295
f 1297/1392/1297 1295/1389/1295 1290/1386/1290
f 1300/1393/1300 1297/1392/1297 1298/1394/1298
f 1297/1392/1297 1299/1395/1299 1298/1394/1298
f 1297/1392/1297 1290/1386/1290 1299/1395/1299
f 1296/1391/1296 1297/1392/1297 1300/1393/1300
f 1298/1394/1298 1301/1396/1301 1300/1393/1300
f 1302/1397/1302 1300/1393/1300 1301/1396/1301
f 1300/1393/1300 1302/1397/1302 1304/1398/1304
f 1300/1393/1300 1304/1398/1304 1303/1399/1303
f 1300/1393/1300 1303/1399/1303 1296/1391/1296
f 1305/1400/1305 1304/1398/1304 1306/1401/1306
f 1303/1399/1303 1304/1398/1304 1305/1400/1305
f 1302/1397/1302 1306/1401/1306 1304/1398/1304
f 1306/1401/1306 1307/1402/1307 1305/1400/1305
f 1309/1403/1309 1307/1402/1307 1306/1401/1306
f 1306/1401/1306 1302/1397/1302 1308/1404/1308
f 1309/1403/1309 1306/1401/1306 1308/1404/1308
f 1312/1405/1312 1310/1406/1310 1309/1403/1309
f 1309/1403/1309 1310/1406/1310 1313/1407/1313
f 1309/1403/1309 1311/1408/1311 1312/1405/1312
f 1309/1403/1309 1308/1404/1308 1311/1408/1311
f 1313/1407/1313 1307/1402/1307 1309/1403/1309
f 1314/1409/1314 1313/1407/1313 1310/1406/1310
f 1313/1407/1313 1314/1409/1314 1315/1410/1315
f 1307/1402/1307 1313/1407/1313 1315/1410/1315
f 1307/1402/1307 1315/1410/1315 1316/1411/1316
f 1314/1409/1314 1317/1412/1317 1315/1410/1315
f 1315/1410/1315 1317/1412/1317 1316/1411/1316
f 1318/1413/1318 1319/1414/1319 1317/1412/1317
f 1317/1412/1317 1321/1415/1321 1318/1413/1318
f 1319/1414/1319 1320/1416/1320 1317/1412/1317
f 1314/1409/1314 1321/1415/1321 1317/1412/1317
f 1320/1416/1320 1316/1411/1316 1317/1412/1317
f 1322/1417/1322 1318/1413/1318 1321/1415/1321
f 1322/1417/1322 1321/1415/1321 1323/1418/1323
f 1324/1419/1324 1323/1418/1323 1321/1415/1321
f 1321/1415/1321 1314/1409/1314 1324/1419/1324
f 1324/1419/1324 1314/1409/1314 1327/1420/1327
f 1326/1421/1326 1325/1422/1325 1324/1419/1324
f 1325/1422/1325 1323/1418/1323 1324/1419/1324
f 1327/1420/1327 1326/1421/1326 1324/1419/1324
f 1326/1421/1326 1327/1420/1327 1328/1423/1328
f 1327/1420/1327 1310/1406/1310 1328/1423/1328
f 1327/1420/1327 1314/1409/1314 1310/1406/1310
f 1329/1424/1329 1331/1425/1331 1328/1423/1328
f 1328/1423/1328 1330/1426/1330 1329/1424/1329
f 1328/1423/1328 1310/1406/1310 1330/1426/1330
f 1328/1423/1328 1331/1425/1331 1326/1421/1326
f 1329/1424/1329 1332/1427/1332 1331/1425/1331
f 1333/1428/1333 1331/1425/1331 1332/1427/1332
f 1333/1428/1333 1326/1421/1326 1331/1425/1331
f 1332/1427/1332 1335/1429/1335 1333/1428/1333
f 1334/1430/1334 1325/1422/1325 1333/1428/1333
f 1335/1429/1335 1334/1430/1334 1333/1428/1333
f 1325/1422/1325 1326/1421/1326 1333/1428/1333
f 1337/1431/1337 1335/1429/1335 1336/1432/1336
f 1336/1432/1336 1335/1429/1335 1338/1433/1338
f 1337/1431/1337 1334/1430/1334 1335/1429/1335
f 1332/1427/1332 1338/1433/1338 1335/1429/1335
f 1339/1434/1339 1338/1433/1338 1342/1435/1342
f 1338/1433/1338 1339/1434/1339 1340/1436/1340
f 1341/1437/1341 1338/1433/1338 1340/1436/1340
f 1338/1433/1338 1341/1437/1341 1336/1432/1336
f 1329/1424/1329 1342/1435/1342 1338/1433/1338
f 1338/1433/1338 1332/1427/1332 1329/1424/1329
f 20/21/20 1342/1435/1342 1329/1424/1329
f 20/21/20 1343/1438/1343 1342/1435/1342
f 1343/1438/1343 1339/1434/1339 1342/1435/1342
f 1339/1434/1339 1343/1438/1343 1340/1436/1340
f 1343/1438/1343 1344/1439/1344 1340/1436/1340
f 20/21/20 15/16/15 1343/1438/1343
f 15/16/15 1344/1439/1344 1343/1438/1343
f 15/16/15 13/13/13 1344/1439/1344
f 13/13/13 1346/1440/1346 1344/1439/1344
f 1344/1439/1344 1345/1441/1345 1340/1436/1340
f 1346/1440/1346 1345/1441/1345 1344/1439/1344
f 1348/1442/1348 1346/1440/1346 1347/1443/1347
f 11/10/11 1347/1443/1347 1346/1440/1346
f 1348/1442/1348 1345/1441/1345 1346/1440/1346
f 11/10/11 1346/1440/1346 13/13/13
f 1349/1444/1349 1348/1442/1348 1347/1443/1347
f 1345/1441/1345 1348/1442/1348 1351/1445/1351
f 1348/1442/1348 1349/1444/1349 1350/1446/1350
f 1348/1442/1348 1350/1446/1350 1351/1445/1351
f 1340/1436/1340 1351/1445/1351 1341/1437/1341
f 1341/1437/1341 1351/1445/1351 1352/1447/1352
f 1350/1446/1350 1352/1447/1352 1351/1445/1351
f 1340/1436/1340 1345/1441/1345 1351/1445/1351
f 1341/1437/1341 1352/1447/1352 1355/1448/1355
f 1353/1449/1353 1354/1450/1354 1352/1447/1352
f 1353/1449/1353 1352/1447/1352 1350/1446/1350
f 1354/1450/1354 1355/1448/1355 1352/1447/1352
f 1341/1437/1341 1355/1448/1355 1358/1451/1358
f 1354/1450/1354 1356/1452/1356 1355/1448/1355
f 1356/1452/1356 1357/1453/1357 1355/1448/1355
f 1355/1448/1355 1357/1453/1357 1337/1431/1337
f 1358/1451/1358 1355/1448/1355 1337/1431/1337
f 1341/1437/1341 1358/1451/1358 1336/1432/1336
f 1358/1451/1358 1337/1431/1337 1336/1432/1336
f 1356/1452/1356 1359/1454/1359 1357/1453/1357
f 1359/1454/1359 1360/1455/1360 1357/1453/1357
f 1357/1453/1357 1360/1455/1360 1361/1456/1361
f 1337/1431/1337 1357/1453/1357 1361/1456/1361
f 1364/1457/1364 1361/1456/1361 1360/1455/1360
f 1364/1457/1364 1362/1458/1362 1361/1456/1361
f 1362/1458/1362 1363/1459/1363 1361/1456/1361
f 1361/1456/1361 1363/1459/1363 1337/1431/1337
f 1365/1460/1365 1364/1457/1364 1366/1461/1366
f 1364/1457/1364 1365/1460/1365 1362/1458/1362
f 1366/1461/1366 1364/1457/1364 1367/1462/1367
f 1364/1457/1364 1368/1463/1368 1367/1462/1367
f 1368/1463/1368 1364/1457/1364 1360/1455/1360
f 1369/1464/1369 1367/1462/1367 1368/1463/1368
f 1370/1465/1370 1369/1464/1369 1368/1463/1368
f 1370/1465/1370 1368/1463/1368 1359/1454/1359
f 1360/1455/1360 1359/1454/1359 1368/1463/1368
f 1372/1466/1372 1370/1465/1370 1371/1467/1371
f 1371/1467/1371 1370/1465/1370 1359/1454/1359
f 1372/1466/1372 1369/1464/1369 1370/1465/1370
f 1369/1464/1369 1372/1466/1372 1374/1468/1374
f 1373/1469/1373 1372/1466/1372 1375/1470/1375
f 1373/1469/1373 1374/1468/1374 1372/1466/1372
f 1371/1467/1371 1375/1470/1375 1372/1466/1372
f 1377/1471/1377 1375/1470/1375 1371/1467/1371
f 1376/1472/1376 1373/1469/1373 1375/1470/1375
f 1376/1472/1376 1375/1470/1375 1377/1471/1377
f 1379/1473/1379 1377/1471/1377 1371/1467/1371
f 1377/1471/1377 1380/1474/1380 1378/1475/1378
f 1376/1472/1376 1377/1471/1377 1378/1475/1378
f 1379/1473/1379 1380/1474/1380 1377/1471/1377
f 1380/1474/1380 1381/1476/1381 1378/1475/1378
f 1381/1476/1381 1380/1474/1380 1382/1477/1382
f 1382/1477/1382 1380/1474/1380 1379/1473/1379
f 1381/1476/1381 1382/1477/1382 1383/1478/1383
f 1384/1479/1384 1383/1478/1383 1382/1477/1382
f 1384/1479/1384 1382/1477/1382 1379/1473/1379
f 1383/1478/1383 1384/1479/1384 1385/1480/1385
f 1379/1473/1379 1354/1450/1354 1384/1479/1384
f 1354/1450/1354 1386/1481/1386 1384/1479/1384
f 1385/1480/1385 1384/1479/1384 1386/1481/1386
f 1354/1450/1354 1387/1482/1387 1386/1481/1386
f 84/85/84 1388/1483/1388 1386/1481/1386
f 84/85/84 1386/1481/1386 1387/1482/1387
f 1386/1481/1386 1388/1483/1388 1385/1480/1385
f 83/83/83 1388/1483/1388 84/85/84
f 83/83/83 1385/1480/1385 1388/1483/1388
f 1350/1446/1350 1387/1482/1387 1389/1484/1389
f 1350/1446/1350 1349/1444/1349 1387/1482/1387
f 1387/1482/1387 1354/1450/1354 1389/1484/1389
f 80/81/80 1387/1482/1387 1349/1444/1349
f 1387/1482/1387 80/81/80 84/85/84
f 1350/1446/1350 1389/1484/1389 1353/1449/1353
f 1353/1449/1353 1389/1484/1389 1354/1450/1354
f 1385/1480/1385 1390/1485/1390 1392/1486/1392
f 1390/1485/1390 1385/1480/1385 1391/1487/1391
f 1391/1487/1391 1385/1480/1385 83/83/83
f 1385/1480/1385 1392/1486/1392 1383/1478/1383
f 1392/1486/1392 1393/1488/1393 1383/1478/1383
f 1392/1486/1392 1390/1485/1390 1393/1488/1393
f 1393/1488/1393 1397/1489/1397 1378/1475/1378
f 1378/1475/1378 1381/1476/1381 1393/1488/1393
f 1393/1488/1393 1390/1485/1390 1394/1490/1394
f 1393/1488/1393 1394/1490/1394 1395/1491/1395
f 1381/1476/1381 1383/1478/1383 1393/1488/1393
f 1395/1491/1395 1396/1492/1396 1393/1488/1393
f 1397/1489/1397 1393/1488/1393 1396/1492/1396
f 1398/1493/1398 1397/1489/1397 1396/1492/1396
f 1397/1489/1397 1398/1493/1398 1399/1494/1399
f 1378/1475/1378 1397/1489/1397 1399/1494/1399
f 1401/1495/1401 1400/1496/1400 1399/1494/1399
f 1400/1496/1400 1376/1472/1376 1399/1494/1399
f 1398/1493/1398 1401/1495/1401 1399/1494/1399
f 1378/1475/1378 1399/1494/1399 1376/1472/1376
f 1403/1497/1403 1401/1495/1401 1402/1498/1402
f 1402/1498/1402 1401/1495/1401 1404/1499/1404
f 1403/1497/1403 1400/1496/1400 1401/1495/1401
f 1398/1493/1398 1404/1499/1404 1401/1495/1401
f 1405/1500/1405 1402/1498/1402 1404/1499/1404
f 1404/1499/1404 1406/1501/1406 1405/1500/1405
f 1404/1499/1404 1398/1493/1398 1406/1501/1406
f 1406/1501/1406 1409/1502/1409 1405/1500/1405
f 1406/1501/1406 1396/1492/1396 1407/1503/1407
f 1406/1501/1406 1407/1503/1407 1408/1504/1408
f 1406/1501/1406 1398/1493/1398 1396/1492/1396
f 1409/1502/1409 1406/1501/1406 1408/1504/1408
f 1412/1505/1412 1410/1506/1410 1409/1502/1409
f 1411/1507/1411 1409/1502/1409 1410/1506/1410
f 1409/1502/1409 1411/1507/1411 1405/1500/1405
f 1409/1502/1409 1408/1504/1408 1412/1505/1412
f 1412/1505/1412 1413/1508/1413 1415/1509/1415
f 1412/1505/1412 1416/1510/1416 1413/1508/1413
f 1414/1511/1414 1412/1505/1412 1415/1509/1415
f 1412/1505/1412 1414/1511/1414 1410/1506/1410
f 1412/1505/1412 1408/1504/1408 1416/1510/1416
f 1417/1512/1417 1416/1510/1416 1418/1513/1418
f 1416/1510/1416 1417/1512/1417 1419/1514/1419
f 1418/1513/1418 1416/1510/1416 1407/1503/1407
f 1408/1504/1408 1407/1503/1407 1416/1510/1416
f 1413/1508/1413 1416/1510/1416 1419/1514/1419
f 1417/1512/1417 1421/1515/1421 1419/1514/1419
f 1419/1514/1419 1421/1515/1421 1420/1516/1420
f 1419/1514/1419 1420/1516/1420 1413/1508/1413
f 1422/1517/1422 1420/1516/1420 1421/1515/1421
f 1421/1515/1421 1423/1518/1423 1422/1517/1422
f 1421/1515/1421 1417/1512/1417 100/100/100
f 1421/1515/1421 100/100/100 1423/1518/1423
f 1423/1518/1423 111/112/111 1422/1517/1422
f 103/104/103 111/112/111 1423/1518/1423
f 99/99/99 103/104/103 1423/1518/1423
f 1423/1518/1423 100/100/100 99/99/99
f 1420/1516/1420 1422/1517/1422 1426/1519/1426
f 111/112/111 1424/1520/1424 1422/1517/1422
f 1424/1520/1424 1425/1521/1425 1422/1517/1422
f 1425/1521/1425 1426/1519/1426 1422/1517/1422
f 1420/1516/1420 1426/1519/1426 1429/1522/1429
f 1427/1523/1427 1426/1519/1426 1425/1521/1425
f 1426/1519/1426 1427/1523/1427 1428/1524/1428
f 1429/1522/1429 1426/1519/1426 1428/1524/1428
f 1429/1522/1429 1415/1509/1415 1420/1516/1420
f 1430/1525/1430 1415/1509/1415 1429/1522/1429
f 1429/1522/1429 1431/1526/1431 1430/1525/1430
f 1428/1524/1428 1431/1526/1431 1429/1522/1429
f 1431/1526/1431 1433/1527/1433 1432/1528/1432
f 1432/1528/1432 1430/1525/1430 1431/1526/1431
f 1433/1527/1433 1431/1526/1431 1434/1529/1434
f 1428/1524/1428 1434/1529/1434 1431/1526/1431
f 1434/1529/1434 1435/1530/1435 1437/1531/1437
f 1434/1529/1434 1436/1532/1436 1435/1530/1435
f 1434/1529/1434 1428/1524/1428 1436/1532/1436
f 1434/1529/1434 1437/1531/1437 1433/1527/1433
f 1438/1533/1438 1440/1534/1440 1437/1535/1437
f 1438/1536/1438 1437/1531/1437 1435/1530/1435
f 1441/1537/1441 1437/1535/1437 1439/1538/1439
f 1440/1534/1440 1439/1538/1439 1437/1535/1437
f 1437/1531/1437 1441/1539/1441 1433/1527/1433
f 1442/1540/1442 1441/1537/1441 1439/1538/1439
f 1444/1541/1444 1441/1539/1441 1442/1542/1442
f 1433/1527/1433 1441/1539/1441 1443/1543/1443
f 1441/1539/1441 1444/1541/1444 1443/1543/1443
f 1443/1543/1443 1444/1541/1444 1445/1544/1445
f 1445/1544/1445 1444/1541/1444 1442/1542/1442
f 1443/1543/1443 1445/1544/1445 1446/1545/1446
f 1447/1546/1447 1446/1545/1446 1445/1544/1445
f 1448/1547/1448 1447/1546/1447 1445/1544/1445
f 1445/1544/1445 1449/1548/1449 1448/1547/1448
f 1442/1542/1442 1449/1548/1449 1445/1544/1445
f 1450/1549/1450 1451/1550/1451 1449/1551/1449
f 1452/1552/1452 1450/1549/1450 1449/1551/1449
f 1448/1547/1448 1449/1548/1449 1451/1553/1451
f 1453/1554/1453 1452/1552/1452 1449/1551/1449
f 1442/1540/1442 1453/1554/1453 1449/1551/1449
f 1454/1555/1454 1453/1554/1453 1456/1556/1456
f 1455/1557/1455 1453/1554/1453 1454/1555/1454
f 1453/1554/1453 1455/1557/1455 1452/1552/1452
f 1442/1540/1442 1456/1556/1456 1453/1554/1453
f 1442/1540/1442 1439/1538/1439 1456/1556/1456
f 1440/1534/1440 1456/1556/1456 1439/1538/1439
f 1456/1556/1456 1457/1558/1457 1454/1555/1454
f 1456/1556/1456 1440/1534/1440 1457/1558/1457
f 1457/1558/1457 1458/1559/1458 1454/1555/1454
f 1457/1558/1457 1440/1534/1440 1459/1560/1459
f 1457/1558/1457 1459/1560/1459 1458/1559/1458
f 1458/1559/1458 1459/1560/1459 1460/1561/1460
f 1459/1560/1459 1461/1562/1461 1460/1561/1460
f 1461/1562/1461 1459/1560/1459 1440/1534/1440
f 1462/1563/1462 1463/1564/1463 1461/1562/1461
f 1438/1533/1438 1462/1563/1462 1461/1562/1461
f 1461/1562/1461 1440/1534/1440 1438/1533/1438
f 1460/1561/1460 1461/1562/1461 1463/1564/1463
f 1464/1565/1464 1463/1564/1463 1462/1563/1462
f 1463/1564/1463 1464/1565/1464 1465/1566/1465
f 1468/1567/1468 1463/1564/1463 1465/1566/1465
f 1469/1568/1469 1466/1569/1466 1463/1564/1463
f 1467/1570/1467 1463/1564/1463 1466/1569/1466
f 1467/1570/1467 1460/1561/1460 1463/1564/1463
f 1463/1564/1463 1468/1567/1468 1469/1568/1469
f 1469/1568/1469 1470/1571/1470 1471/1572/1471
f 1468/1567/1468 1470/1571/1470 1469/1568/1469
f 1469/1568/1469 1471/1572/1471 1466/1569/1466
f 1472/1573/1472 1471/1572/1471 1470/1571/1470
f 1466/1569/1466 1471/1572/1471 1472/1573/1472
f 1472/1573/1472 1470/1571/1470 1473/1574/1473
f 1475/1575/1475 1472/1573/1472 1473/1574/1473
f 1472/1573/1472 1476/1576/1476 1474/1577/1474
f 1474/1577/1474 1466/1569/1466 1472/1573/1472
f 1472/1573/1472 1475/1575/1475 1476/1576/1476
f 1474/1577/1474 1476/1576/1476 1477/1578/1477
f 1479/1579/1479 1477/1578/1477 1476/1576/1476
f 1475/1575/1475 1478/1580/1478 1476/1576/1476
f 1479/1579/1479 1476/1576/1476 1478/1580/1478
f 1479/1579/1479 1478/1580/1478 1480/1581/1480
f 1479/1579/1479 1480/1581/1480 1481/1582/1481
f 1479/1579/1479 1481/1582/1481 1482/1583/1482
f 1479/1579/1479 1482/1583/1482 1477/1578/1477
f 1477/1578/1477 1482/1583/1482 1483/1584/1483
f 1483/1584/1483 1482/1583/1482 1484/1585/1484
f 1484/1585/1484 1482/1583/1482 1485/1586/1485
f 1482/1583/1482 1481/1582/1481 1485/1586/1485
f 1485/1586/1485 1487/1587/1487 1486/1588/1486
f 1484/1585/1484 1485/1586/1485 1486/1588/1486
f 1487/1587/1487 1485/1586/1485 1481/1582/1481
f 1487/1587/1487 1488/1589/1488 1490/1590/1490
f 1488/1589/1488 1487/1587/1487 1481/1582/1481
f 1487/1587/1487 1489/1591/1489 1486/1588/1486
f 1490/1590/1490 1489/1591/1489 1487/1587/1487
f 1488/1589/1488 1493/1592/1493 1490/1590/1490
f 1489/1591/1489 1490/1590/1490 1491/1593/1491
f 1491/1593/1491 1490/1590/1490 1492/1594/1492
f 1492/1594/1492 1490/1590/1490 1494/1595/1494
f 1490/1590/1490 1493/1592/1493 1494/1595/1494
f 1493/1592/1493 1498/1596/1498 1494/1595/1494
f 1498/1596/1498 1495/1597/1495 1494/1595/1494
f 1495/1597/1495 1496/1598/1496 1494/1595/1494
f 1497/1599/1497 1494/1595/1494 1496/1598/1496
f 1494/1595/1494 1497/1599/1497 1492/1594/1492
f 1498/1596/1498 1499/1600/1499 1495/1597/1495
f 1500/1601/1500 1499/1600/1499 1498/1596/1498
f 1498/1596/1498 1501/1602/1501 1500/1601/1500
f 1498/1596/1498 1502/1603/1502 1501/1602/1501
f 1498/1596/1498 1493/1592/1493 1502/1603/1502
f 1504/1604/1504 1503/1605/1503 1502/1603/1502
f 1502/1603/1502 1503/1605/1503 1501/1602/1501
f 1504/1604/1504 1502/1603/1502 1493/1592/1493
f 1488/1589/1488 1504/1604/1504 1493/1592/1493
f 1504/1604/1504 1488/1589/1488 1480/1581/1480
f 1480/1581/1480 1478/1580/1478 1504/1604/1504
f 1478/1580/1478 1505/1606/1505 1504/1604/1504
f 1504/1604/1504 1505/1606/1505 1503/1605/1503
f 1478/1580/1478 1507/1607/1507 1505/1606/1505
f 1508/1608/1508 1505/1606/1505 1506/1609/1506
f 1506/1609/1506 1505/1606/1505 1507/1607/1507
f 1505/1606/1505 1508/1608/1508 1503/1605/1503
f 1511/1610/1511 1509/1611/1509 1508/1608/1508
f 1508/1608/1508 1509/1611/1509 1510/1612/1510
f 1503/1605/1503 1508/1608/1508 1510/1612/1510
f 1506/1609/1506 1511/1610/1511 1508/1608/1508
f 1512/1613/1512 1509/1611/1509 1511/1610/1511
f 1506/1609/1506 1512/1613/1512 1511/1610/1511
f 1513/1614/1513 1512/1613/1512 1506/1609/1506
f 1516/1615/1516 1512/1613/1512 1513/1614/1513
f 1512/1613/1512 1514/1616/1514 1509/1611/1509
f 1514/1616/1514 1512/1613/1512 211/214/211
f 1515/1617/1515 211/214/211 1512/1613/1512
f 1516/1615/1516 1515/1617/1515 1512/1613/1512
f 1515/1617/1515 1516/1615/1516 209/213/209
f 209/213/209 1516/1615/1516 207/211/207
f 1516/1615/1516 1517/1618/1517 207/211/207
f 1516/1615/1516 1513/1614/1513 1517/1618/1517
f 1518/1619/1518 207/211/207 1517/1618/1517
f 1518/1619/1518 1517/1618/1517 1521/1620/1521
f 1520/1621/1520 1517/1618/1517 1519/1622/1519
f 1513/1614/1513 1519/1622/1519 1517/1618/1517
f 1521/1620/1521 1517/1618/1517 1520/1621/1520
f 1521/1620/1521 196/1623/196 1518/1619/1518
f 1522/1624/1522 196/1623/196 1521/1620/1521
f 1522/1624/1522 1521/1620/1521 1465/1566/1465
f 1465/1566/1465 1521/1620/1521 1468/1567/1468
f 1519/1622/1519 1521/1620/1521 1520/1621/1520
f 1521/1620/1521 1519/1622/1519 1470/1571/1470
f 1468/1567/1468 1521/1620/1521 1470/1571/1470
f 1523/1625/1523 196/196/196 1522/1626/1522
f 1464/1627/1464 1523/1625/1523 1522/1626/1522
f 1464/1565/1464 1522/1624/1522 1465/1566/1465
f 1464/1627/1464 1524/1628/1524 1523/1625/1523
f 1524/1628/1524 1526/1629/1526 1523/1625/1523
f 194/193/194 196/196/196 1523/1625/1523
f 1523/1625/1523 1525/1630/1525 194/193/194
f 1523/1625/1523 1526/1629/1526 1525/1630/1525
f 1528/1631/1528 1527/1632/1527 1526/1629/1526
f 1527/1632/1527 1525/1630/1525 1526/1629/1526
f 1529/1633/1529 1528/1631/1528 1526/1629/1526
f 1524/1628/1524 1529/1633/1529 1526/1629/1526
f 1530/1634/1530 1528/1631/1528 1529/1633/1529
f 1436/1532/1436 1529/1633/1529 1524/1628/1524
f 1529/1633/1529 1531/1635/1531 1530/1634/1530
f 1436/1532/1436 1531/1635/1531 1529/1633/1529
f 1436/1532/1436 1428/1524/1428 1531/1635/1531
f 1532/1636/1532 1530/1634/1530 1531/1635/1531
f 1531/1635/1531 1427/1523/1427 1532/1636/1532
f 1427/1523/1427 1531/1635/1531 1428/1524/1428
f 1532/1636/1532 1534/1637/1534 1533/1638/1533
f 1533/1638/1533 1530/1634/1530 1532/1636/1532
f 1534/1637/1534 1532/1636/1532 1535/1639/1535
f 1532/1636/1532 1425/1521/1425 1424/1520/1424
f 1424/1520/1424 1535/1639/1535 1532/1636/1532
f 1532/1636/1532 1427/1523/1427 1425/1521/1425
f 1535/1639/1535 111/112/111 113/113/113
f 1424/1520/1424 111/112/111 1535/1639/1535
f 1535/1639/1535 113/113/113 1534/1637/1534
f 113/113/113 1536/1640/1536 1534/1637/1534
f 1534/1637/1534 1536/1640/1536 182/184/182
f 1533/1638/1533 1534/1637/1534 182/184/182
f 114/114/114 1536/1640/1536 113/113/113
f 1536/1640/1536 183/181/183 182/184/182
f 114/114/114 183/181/183 1536/1640/1536
f 1533/1638/1533 1528/1631/1528 1530/1634/1530
f 1528/1631/1528 1533/1638/1533 1527/1632/1527
f 1533/1638/1533 182/184/182 1537/1641/1537
f 1537/1641/1537 1527/1632/1527 1533/1638/1533
f 182/184/182 184/185/184 1537/1641/1537
f 1537/1641/1537 184/185/184 1527/1632/1527
f 1527/1632/1527 184/185/184 1525/1630/1525
f 184/185/184 193/194/193 1525/1630/1525
f 193/194/193 194/193/194 1525/1630/1525
f 1436/1532/1436 1524/1628/1524 1435/1530/1435
f 1435/1530/1435 1524/1628/1524 1462/1642/1462
f 1524/1628/1524 1464/1627/1464 1462/1642/1462
f 1519/1622/1519 1473/1574/1473 1470/1571/1470
f 1519/1622/1519 1513/1614/1513 1473/1574/1473
f 196/1623/196 197/207/197 1518/1619/1518
f 1518/1619/1518 197/207/197 207/211/207
f 211/214/211 1515/1617/1515 209/213/209
f 1514/1616/1514 211/214/211 214/218/214
f 1538/1643/1538 1514/1616/1514 214/218/214
f 1514/1616/1514 1538/1643/1538 1509/1611/1509
f 1541/1644/1541 1538/1643/1538 1539/1645/1539
f 1539/1645/1539 1538/1643/1538 1540/1646/1540
f 214/218/214 1540/1646/1540 1538/1643/1538
f 1541/1644/1541 1509/1611/1509 1538/1643/1538
f 1542/1647/1542 1541/1644/1541 1539/1645/1539
f 1509/1611/1509 1541/1644/1541 1510/1612/1510
f 1541/1644/1541 1542/1647/1542 1510/1612/1510
f 1543/1648/1543 1510/1612/1510 1542/1647/1542
f 1501/1602/1501 1543/1648/1543 1542/1647/1542
f 1500/1601/1500 1501/1602/1501 1542/1647/1542
f 1545/1649/1545 1544/1650/1544 1542/1647/1542
f 1542/1647/1542 1544/1650/1544 1500/1601/1500
f 1546/1651/1546 1545/1649/1545 1542/1647/1542
f 1542/1647/1542 1539/1645/1539 1546/1651/1546
f 1546/1651/1546 1539/1645/1539 1547/1652/1547
f 1547/1652/1547 1545/1649/1545 1546/1651/1546
f 1547/1652/1547 1549/1653/1549 1545/1649/1545
f 1548/1654/1548 1547/1652/1547 1539/1645/1539
f 1548/1654/1548 1549/1653/1549 1547/1652/1547
f 1549/1653/1549 1548/1654/1548 1550/1655/1550
f 1549/1653/1549 1551/1656/1551 1545/1649/1545
f 1549/1653/1549 1550/1655/1550 1551/1656/1551
f 1544/1650/1544 1545/1649/1545 1551/1656/1551
f 1553/1657/1553 1544/1650/1544 1551/1656/1551
f 1551/1656/1551 1550/1655/1550 1552/1658/1552
f 1553/1657/1553 1551/1656/1551 1552/1658/1552
f 1544/1650/1544 1553/1657/1553 1554/1659/1554
f 1555/1660/1555 1554/1659/1554 1553/1657/1553
f 1552/1658/1552 1555/1660/1555 1553/1657/1553
f 1555/1660/1555 1556/1661/1556 1557/1662/1557
f 1555/1660/1555 1552/1658/1552 1556/1661/1556
f 1554/1659/1554 1555/1660/1555 1559/1663/1559
f 1557/1662/1557 1558/1664/1558 1555/1660/1555
f 1555/1660/1555 1558/1664/1558 1559/1663/1559
f 1559/1663/1559 1561/1665/1561 1560/1666/1560
f 1560/1666/1560 1554/1659/1554 1559/1663/1559
f 1559/1663/1559 1562/1667/1562 1561/1665/1561
f 1559/1663/1559 1558/1664/1558 1562/1667/1562
f 1562/1667/1562 1563/1668/1563 1561/1665/1561
f 1558/1664/1558 1557/1662/1557 1562/1667/1562
f 1557/1662/1557 1564/1669/1564 1562/1667/1562
f 1563/1668/1563 1562/1667/1562 1564/1669/1564
f 1567/1670/1567 1565/1671/1565 1564/1669/1564
f 1565/1671/1565 1563/1668/1563 1564/1669/1564
f 1564/1669/1564 1566/1672/1566 1567/1670/1567
f 1557/1662/1557 1566/1672/1566 1564/1669/1564
f 1567/1670/1567 1568/1673/1568 1571/1674/1571
f 1566/1672/1566 1568/1673/1568 1567/1670/1567
f 1567/1670/1567 1569/1675/1569 1565/1671/1565
f 1569/1675/1569 1567/1670/1567 1570/1676/1570
f 1571/1674/1571 1570/1676/1570 1567/1670/1567
f 1571/1674/1571 1568/1673/1568 1573/1677/1573
f 1571/1674/1571 1573/1677/1573 1572/1678/1572
f 1572/1678/1572 1570/1676/1570 1571/1674/1571
f 1568/1673/1568 1575/1679/1575 1573/1677/1573
f 1573/1677/1573 1575/1679/1575 1574/1680/1574
f 1572/1678/1572 1573/1677/1573 1574/1680/1574
f 1579/1681/1579 1576/1682/1576 1575/1679/1575
f 1576/1682/1576 1577/1683/1577 1575/1679/1575
f 1574/1680/1574 1575/1679/1575 1577/1683/1577
f 1578/1684/1578 1579/1681/1579 1575/1679/1575
f 1568/1673/1568 1578/1684/1578 1575/1679/1575
f 1580/1685/1580 1579/1681/1579 1581/1686/1581
f 1579/1681/1579 1580/1685/1580 1583/1687/1583
f 1576/1682/1576 1579/1681/1579 1583/1687/1583
f 1581/1686/1581 1579/1681/1579 1582/1688/1582
f 1578/1684/1578 1582/1688/1582 1579/1681/1579
f 1583/1687/1583 1577/1683/1577 1576/1682/1576
f 1583/1687/1583 1585/1689/1585 1577/1683/1577
f 1586/1690/1586 1584/1691/1584 1583/1687/1583
f 1585/1689/1585 1583/1687/1583 1584/1691/1584
f 1586/1690/1586 1583/1687/1583 1580/1685/1580
f 1586/1690/1586 1580/1685/1580 1588/1692/1588
f 1586/1690/1586 1588/1692/1588 1587/1693/1587
f 1589/1694/1589 1586/1690/1586 1587/1693/1587
f 1589/1694/1589 1584/1691/1584 1586/1690/1586
f 1591/1695/1591 1589/1694/1589 1590/1696/1590
f 1589/1694/1589 1587/1693/1587 1590/1696/1590
f 1584/1691/1584 1589/1694/1589 1592/1697/1592
f 1591/1695/1591 1592/1697/1592 1589/1694/1589
f 1592/1697/1592 1594/1698/1594 1593/1699/1593
f 1593/1699/1593 1595/1700/1595 1592/1697/1592
f 1591/1695/1591 1594/1698/1594 1592/1697/1592
f 1592/1697/1592 1595/1700/1595 1596/1701/1596
f 1592/1697/1592 1596/1701/1596 1597/1702/1597
f 1592/1697/1592 1597/1702/1597 1584/1691/1584
f 1584/1691/1584 1597/1702/1597 1585/1689/1585
f 1585/1689/1585 1597/1702/1597 1599/1703/1599
f 1600/1704/1600 1597/1702/1597 1598/1705/1598
f 1597/1702/1597 1596/1701/1596 1598/1705/1598
f 1599/1703/1599 1597/1702/1597 1600/1704/1600
f 1601/1706/1601 1600/1704/1600 1598/1705/1598
f 1602/1707/1602 1600/1704/1600 1601/1706/1601
f 1600/1704/1600 1602/1707/1602 1599/1703/1599
f 1603/1708/1603 1602/1707/1602 1601/1706/1601
f 1603/1708/1603 1604/1709/1604 1602/1707/1602
f 1602/1707/1602 1577/1683/1577 1599/1703/1599
f 1602/1707/1602 1605/1710/1605 1577/1683/1577
f 1605/1710/1605 1602/1707/1602 1604/1709/1604
f 1577/1683/1577 1605/1710/1605 1574/1680/1574
f 1604/1709/1604 1606/1711/1606 1605/1710/1605
f 1574/1680/1574 1605/1710/1605 1606/1711/1606
f 1611/1712/1611 1606/1711/1606 1607/1713/1607
f 1607/1713/1607 1606/1711/1606 1610/1714/1610
f 1606/1711/1606 1604/1709/1604 1608/1715/1608
f 1608/1715/1608 1609/1716/1609 1606/1711/1606
f 1606/1711/1606 1611/1712/1611 1574/1680/1574
f 1610/1714/1610 1606/1711/1606 1609/1716/1609
f 1607/1713/1607 1612/1717/1612 1611/1712/1611
f 1572/1678/1572 1611/1712/1611 1612/1717/1612
f 1611/1712/1611 1572/1678/1572 1574/1680/1574
f 1607/1713/1607 1613/1718/1613 1612/1717/1612
f 1614/1719/1614 1612/1717/1612 1613/1718/1613
f 1612/1717/1612 1614/1719/1614 1615/1720/1615
f 1572/1678/1572 1612/1717/1612 1615/1720/1615
f 1616/1721/1616 1615/1720/1615 1614/1719/1614
f 1615/1720/1615 1569/1675/1569 1570/1676/1570
f 1570/1676/1570 1572/1678/1572 1615/1720/1615
f 1616/1721/1616 1569/1675/1569 1615/1720/1615
f 1616/1721/1616 1617/1722/1617 1569/1675/1569
f 1616/1721/1616 1614/1719/1614 1617/1722/1617
f 1617/1722/1617 1618/1723/1618 1619/1724/1619
f 1617/1722/1617 1621/1725/1621 1618/1723/1618
f 1619/1724/1619 1620/1726/1620 1617/1722/1617
f 1569/1675/1569 1617/1722/1617 1620/1726/1620
f 1617/1722/1617 1614/1719/1614 1621/1725/1621
f 1623/1727/1623 1621/1725/1621 1622/1728/1622
f 1622/1728/1622 1621/1725/1621 1624/1729/1624
f 1618/1723/1618 1621/1725/1621 1623/1727/1623
f 1624/1729/1624 1621/1725/1621 1614/1719/1614
f 1624/1729/1624 1614/1719/1614 1613/1718/1613
f 1625/1730/1625 1624/1729/1624 1613/1718/1613
f 1622/1728/1622 1624/1729/1624 1625/1730/1625
f 1622/1728/1622 1625/1730/1625 1626/1731/1626
f 1625/1730/1625 1627/1732/1627 1626/1731/1626
f 1629/1733/1629 1627/1732/1627 1625/1730/1625
f 1613/1718/1613 1628/1734/1628 1625/1730/1625
f 1625/1730/1625 1628/1734/1628 1629/1733/1629
f 1610/1714/1610 1630/1735/1630 1629/1733/1629
f 1630/1735/1630 1631/1736/1631 1629/1733/1629
f 1629/1733/1629 1631/1736/1631 1627/1732/1627
f 1629/1733/1629 1628/1734/1628 1610/1714/1610
f 1632/1737/1632 1633/1738/1633 1631/1736/1631
f 1632/1737/1632 1631/1736/1631 1630/1735/1630
f 1627/1732/1627 1631/1736/1631 1633/1738/1633
f 1634/1739/1634 1626/1731/1626 1633/1738/1633
f 1634/1739/1634 1633/1738/1633 1635/1740/1635
f 1633/1738/1633 1626/1731/1626 1627/1732/1627
f 1632/1737/1632 1637/1741/1637 1633/1738/1633
f 1636/1742/1636 1635/1740/1635 1633/1738/1633
f 1637/1741/1637 1636/1742/1636 1633/1738/1633
f 1640/1743/1640 1638/1744/1638 1637/1741/1637
f 1637/1741/1637 1638/1744/1638 1639/1745/1639
f 1639/1745/1639 1642/1746/1642 1637/1741/1637
f 1637/1741/1637 1641/1747/1641 1640/1743/1640
f 1632/1737/1632 1641/1747/1641 1637/1741/1637
f 1637/1741/1637 1642/1746/1642 1636/1742/1636
f 1644/1748/1644 1642/1746/1642 1643/1749/1643
f 1643/1749/1643 1642/1746/1642 1639/1745/1639
f 1645/1750/1645 1636/1742/1636 1642/1746/1642
f 1644/1748/1644 1645/1750/1645 1642/1746/1642
f 1646/1751/1646 1645/1750/1645 1644/1748/1644
f 1645/1750/1645 1646/1751/1646 1647/1752/1647
f 1648/1753/1648 1645/1750/1645 1647/1752/1647
f 1648/1753/1648 1635/1740/1635 1645/1750/1645
f 1636/1742/1636 1645/1750/1645 1635/1740/1635
f 1650/1754/1650 1649/1755/1649 1648/1753/1648
f 1635/1740/1635 1648/1753/1648 1649/1755/1649
f 1648/1753/1648 1647/1752/1647 1651/1756/1651
f 1650/1754/1650 1648/1753/1648 1651/1756/1651
f 1647/1752/1647 1652/1757/1652 1651/1756/1651
f 1653/1758/1653 1650/1754/1650 1651/1756/1651
f 1654/1759/1654 1651/1756/1651 1652/1757/1652
f 1653/1758/1653 1651/1756/1651 1654/1759/1654
f 1654/1759/1654 1657/1760/1657 1655/1761/1655
f 1656/1762/1656 1654/1759/1654 1655/1761/1655
f 1653/1758/1653 1654/1759/1654 1656/1762/1656
f 1654/1759/1654 1652/1757/1652 1657/1760/1657
f 1655/1761/1655 1657/1760/1657 1659/1763/1659
f 1646/1751/1646 1658/1764/1658 1657/1760/1657
f 1658/1764/1658 1660/1765/1660 1657/1760/1657
f 1660/1765/1660 1659/1763/1659 1657/1760/1657
f 1652/1757/1652 1646/1751/1646 1657/1760/1657
f 1659/1763/1659 1660/1765/1660 1661/1766/1661
f 1658/1764/1658 1661/1766/1661 1660/1765/1660
f 1663/1767/1663 1661/1766/1661 1658/1764/1658
f 1662/1768/1662 1661/1766/1661 1663/1767/1663
f 1664/1769/1664 1661/1766/1661 1662/1768/1662
f 1661/1766/1661 1664/1769/1664 1659/1763/1659
f 1665/1770/1665 1664/1769/1664 1666/1771/1666
f 1664/1769/1664 1665/1770/1665 1667/1772/1667
f 1664/1769/1664 1662/1768/1662 1666/1771/1666
f 1664/1769/1664 1667/1772/1667 1655/1761/1655
f 1664/1769/1664 1655/1761/1655 1659/1763/1659
f 1667/1772/1667 1665/1770/1665 1668/1773/1668
f 1667/1772/1667 1668/1773/1668 1669/1774/1669
f 1669/1774/1669 1655/1761/1655 1667/1772/1667
f 1669/1774/1669 1668/1773/1668 1670/1775/1670
f 1669/1774/1669 1670/1775/1670 1671/1776/1671
f 1671/1776/1671 1655/1761/1655 1669/1774/1669
f 1656/1762/1656 1655/1761/1655 1671/1776/1671
f 1672/1777/1672 1656/1762/1656 1671/1776/1671
f 1670/1775/1670 1672/1777/1672 1671/1776/1671
f 1673/1778/1673 1672/1777/1672 1670/1775/1670
f 1675/1779/1675 1672/1777/1672 1673/1778/1673
f 1674/1780/1674 1656/1762/1656 1672/1777/1672
f 1674/1780/1674 1672/1777/1672 1675/1779/1675
f 1675/1779/1675 1673/1778/1673 1677/1781/1677
f 1676/1782/1676 1674/1780/1674 1675/1779/1675
f 1676/1782/1676 1675/1779/1675 1679/1783/1679
f 1677/1781/1677 1678/1784/1678 1675/1779/1675
f 1678/1784/1678 1679/1783/1679 1675/1779/1675
f 1680/1785/1680 1681/1786/1681 1679/1783/1679
f 1680/1785/1680 1679/1783/1679 1678/1784/1678
f 1681/1786/1681 1676/1782/1676 1679/1783/1679
f 1680/1785/1680 1684/1787/1684 1681/1786/1681
f 1681/1786/1681 1682/1788/1682 1676/1782/1676
f 1683/1789/1683 1682/1788/1682 1681/1786/1681
f 1683/1789/1683 1681/1786/1681 1684/1787/1684
f 1684/1787/1684 1680/1785/1680 1685/1790/1685
f 1685/1790/1685 1686/1791/1686 1684/1787/1684
f 1683/1789/1683 1684/1787/1684 1686/1791/1686
f 1687/1792/1687 1688/1793/1688 1686/1791/1686
f 1685/1790/1685 1687/1792/1687 1686/1791/1686
f 1688/1793/1688 1689/1794/1689 1686/1791/1686
f 1686/1791/1686 1689/1794/1689 1683/1789/1683
f 1689/1794/1689 1688/1793/1688 1690/1795/1690
f 1690/1795/1690 1692/1796/1692 1689/1794/1689
f 1689/1794/1689 1691/1797/1691 1683/1789/1683
f 1689/1794/1689 1692/1796/1692 1691/1797/1691
f 1693/1798/1693 1691/1797/1691 1692/1796/1692
f 1693/1798/1693 1692/1796/1692 1697/1799/1697
f 1694/1800/1694 1695/1801/1695 1692/1796/1692
f 1692/1796/1692 1690/1795/1690 1694/1800/1694
f 1692/1796/1692 1695/1801/1695 1696/1802/1696
f 1696/1802/1696 1697/1799/1697 1692/1796/1692
f 1698/1803/1698 1693/1798/1693 1697/1799/1697
f 1697/1799/1697 1699/1804/1699 1698/1803/1698
f 1700/1805/1700 1699/1804/1699 1697/1799/1697
f 1700/1805/1700 1697/1799/1697 1696/1802/1696
f 1700/1805/1700 1702/1806/1702 1699/1804/1699
f 1700/1805/1700 1703/1807/1703 1701/1808/1701
f 1702/1806/1702 1700/1805/1700 1701/1808/1701
f 1703/1807/1703 1700/1805/1700 1704/1809/1704
f 1700/1805/1700 1696/1802/1696 1704/1809/1704
f 1707/1810/1707 1704/1809/1704 1705/1811/1705
f 1705/1811/1705 1704/1809/1704 1706/1812/1706
f 1695/1801/1695 1706/1812/1706 1704/1809/1704
f 1703/1807/1703 1704/1809/1704 1707/1810/1707
f 1704/1809/1704 1696/1802/1696 1695/1801/1695
f 1707/1810/1707 1709/1813/1709 1708/1814/1708
f 1707/1810/1707 1708/1814/1708 1711/1815/1711
f 1707/1810/1707 1710/1816/1710 1709/1813/1709
f 1707/1810/1707 1705/1811/1705 1710/1816/1710
f 1711/1815/1711 1703/1807/1703 1707/1810/1707
f 1713/1817/1713 1712/1818/1712 1711/1815/1711
f 1703/1807/1703 1711/1815/1711 1712/1818/1712
f 1711/1815/1711 1708/1814/1708 1713/1817/1713
f 1712/1818/1712 1713/1817/1713 1714/1819/1714
f 1716/1820/1716 1714/1819/1714 1713/1817/1713
f 1713/1817/1713 1708/1814/1708 1715/1821/1715
f 1715/1821/1715 1716/1820/1716 1713/1817/1713
f 1716/1820/1716 1717/1822/1717 1718/1823/1718
f 1717/1822/1717 1716/1820/1716 1715/1821/1715
f 1716/1820/1716 1718/1823/1718 1714/1819/1714
f 1718/1823/1718 1720/1824/1720 1714/1819/1714
f 1719/1825/1719 1718/1823/1718 1717/1822/1717
f 1721/1826/1721 1718/1823/1718 1719/1825/1719
f 1718/1823/1718 1721/1826/1721 1720/1824/1720
f 1721/1826/1721 1719/1825/1719 1722/1827/1722
f 1723/1828/1723 1721/1826/1721 1722/1827/1722
f 1723/1828/1723 1724/1829/1724 1721/1826/1721
f 1721/1826/1721 1724/1829/1724 1720/1824/1720
f 1724/1829/1724 1723/1828/1723 1725/1830/1725
f 1724/1829/1724 1726/1831/1726 1720/1824/1720
f 1725/1830/1725 1726/1831/1726 1724/1829/1724
f 1725/1830/1725 1728/1832/1728 1726/1831/1726
f 1727/1833/1727 1726/1831/1726 1728/1832/1728
f 1726/1831/1726 1727/1833/1727 1729/1834/1729
f 1726/1831/1726 1714/1819/1714 1720/1824/1720
f 1714/1819/1714 1726/1831/1726 1729/1834/1729
f 1712/1818/1712 1729/1834/1729 1730/1835/1730
f 1730/1835/1730 1729/1834/1729 1731/1836/1731
f 1729/1834/1729 1732/1837/1732 1731/1836/1731
f 1729/1834/1729 1712/1818/1712 1714/1819/1714
f 1732/1837/1732 1729/1834/1729 1727/1833/1727
f 1732/1837/1732 1619/1724/1619 1733/1838/1733
f 1732/1837/1732 1733/1838/1733 1734/1839/1734
f 1731/1836/1731 1732/1837/1732 1735/1840/1735
f 1732/1837/1732 1734/1839/1734 1735/1840/1735
f 1732/1837/1732 1727/1833/1727 1728/1832/1728
f 1732/1837/1732 1728/1832/1728 1619/1724/1619
f 1736/1841/1736 1730/1835/1730 1735/1840/1735
f 1736/1841/1736 1735/1840/1735 1737/1842/1737
f 1731/1836/1731 1735/1840/1735 1730/1835/1730
f 1734/1839/1734 1737/1842/1737 1735/1840/1735
f 1736/1841/1736 1737/1842/1737 1738/1843/1738
f 1737/1842/1737 1734/1839/1734 1738/1843/1738
f 1738/1843/1738 1739/1844/1739 1740/1845/1740
f 1741/1846/1741 1739/1844/1739 1738/1843/1738
f 1741/1846/1741 1738/1843/1738 1734/1839/1734
f 1738/1843/1738 1740/1845/1740 1736/1841/1736
f 1739/1844/1739 1741/1846/1741 1742/1847/1742
f 1742/1847/1742 1741/1846/1741 1743/1848/1743
f 1741/1846/1741 1744/1849/1744 1743/1848/1743
f 1734/1839/1734 1744/1849/1744 1741/1846/1741
f 1744/1849/1744 1623/1727/1623 1622/1728/1622
f 1744/1849/1744 1622/1728/1622 1626/1731/1626
f 1734/1839/1734 1623/1727/1623 1744/1849/1744
f 1744/1849/1744 1626/1731/1626 1743/1848/1743
f 1634/1739/1634 1743/1848/1743 1626/1731/1626
f 1742/1847/1742 1743/1848/1743 1634/1739/1634
f 1745/1850/1745 1739/1844/1739 1742/1847/1742
f 1742/1847/1742 1649/1755/1649 1745/1850/1745
f 1649/1755/1649 1742/1847/1742 1634/1739/1634
f 1745/1850/1745 1746/1851/1746 1739/1844/1739
f 1676/1782/1676 1746/1851/1746 1745/1850/1745
f 1745/1850/1745 1747/1852/1747 1676/1782/1676
f 1649/1755/1649 1747/1852/1747 1745/1850/1745
f 1676/1782/1676 1747/1852/1747 1674/1780/1674
f 1649/1755/1649 1650/1754/1650 1747/1852/1747
f 1747/1852/1747 1650/1754/1650 1674/1780/1674
f 1746/1851/1746 1682/1788/1682 1748/1853/1748
f 1682/1788/1682 1746/1851/1746 1676/1782/1676
f 1746/1851/1746 1748/1853/1748 1739/1844/1739
f 1682/1788/1682 1683/1789/1683 1748/1853/1748
f 1683/1789/1683 1691/1797/1691 1748/1853/1748
f 1691/1797/1691 1698/1803/1698 1748/1853/1748
f 1740/1845/1740 1739/1844/1739 1748/1853/1748
f 1698/1803/1698 1740/1845/1740 1748/1853/1748
f 1736/1841/1736 1740/1845/1740 1749/1854/1749
f 1699/1804/1699 1740/1845/1740 1698/1803/1698
f 1699/1804/1699 1749/1854/1749 1740/1845/1740
f 1749/1854/1749 1730/1835/1730 1736/1841/1736
f 1702/1806/1702 1749/1854/1749 1699/1804/1699
f 1749/1854/1749 1702/1806/1702 1730/1835/1730
f 1734/1839/1734 1733/1838/1733 1623/1727/1623
f 1618/1723/1618 1623/1727/1623 1733/1838/1733
f 1733/1838/1733 1619/1724/1619 1618/1723/1618
f 1703/1807/1703 1730/1835/1730 1701/1808/1701
f 1702/1806/1702 1701/1808/1701 1730/1835/1730
f 1712/1818/1712 1730/1835/1730 1703/1807/1703
f 1725/1830/1725 1751/1855/1751 1728/1832/1728
f 1619/1724/1619 1728/1832/1728 1750/1856/1750
f 1728/1832/1728 1751/1855/1751 1750/1856/1750
f 1752/1857/1752 1751/1855/1751 1725/1830/1725
f 1753/1858/1753 1619/1724/1619 1751/1855/1751
f 1751/1855/1751 1619/1724/1619 1750/1856/1750
f 1751/1855/1751 1752/1857/1752 1561/1665/1561
f 1751/1855/1751 1561/1665/1561 1753/1858/1753
f 1753/1858/1753 1754/1859/1754 1620/1726/1620
f 1753/1858/1753 1620/1726/1620 1619/1724/1619
f 1753/1858/1753 1561/1665/1561 1754/1859/1754
f 1561/1665/1561 1563/1668/1563 1754/1859/1754
f 1754/1859/1754 1565/1671/1565 1620/1726/1620
f 1754/1859/1754 1563/1668/1563 1565/1671/1565
f 1560/1666/1560 1561/1665/1561 1752/1857/1752
f 1560/1666/1560 1752/1857/1752 1755/1860/1755
f 1752/1857/1752 1723/1828/1723 1755/1860/1755
f 1723/1828/1723 1752/1857/1752 1725/1830/1725
f 1755/1860/1755 1757/1861/1757 1756/1862/1756
f 1756/1862/1756 1560/1666/1560 1755/1860/1755
f 1723/1828/1723 1757/1861/1757 1755/1860/1755
f 1722/1827/1722 1757/1861/1757 1723/1828/1723
f 1722/1827/1722 1758/1863/1758 1757/1861/1757
f 1757/1861/1757 1758/1863/1758 1759/1864/1759
f 1757/1861/1757 1759/1864/1759 1495/1597/1495
f 1757/1861/1757 1495/1597/1495 1756/1862/1756
f 1496/1598/1496 1495/1597/1495 1759/1864/1759
f 1496/1598/1496 1759/1864/1759 1758/1863/1758
f 1722/1827/1722 1719/1825/1719 1758/1863/1758
f 1760/1865/1760 1758/1863/1758 1719/1825/1719
f 1761/1866/1761 1758/1863/1758 1760/1865/1760
f 1761/1866/1761 1496/1598/1496 1758/1863/1758
f 1497/1599/1497 1496/1598/1496 1761/1866/1761
f 1763/1867/1763 1762/1868/1762 1761/1866/1761
f 1764/1869/1764 1761/1866/1761 1762/1868/1762
f 1761/1866/1761 1764/1869/1764 1497/1599/1497
f 1763/1867/1763 1761/1866/1761 1760/1865/1760
f 1762/1868/1762 1765/1870/1765 1764/1869/1764
f 1765/1870/1765 1497/1599/1497 1764/1869/1764
f 1762/1868/1762 1766/1871/1766 1765/1870/1765
f 1497/1599/1497 1765/1870/1765 1492/1594/1492
f 1491/1593/1491 1492/1594/1492 1765/1870/1765
f 1765/1870/1765 1766/1871/1766 1491/1593/1491
f 1766/1871/1766 1762/1868/1762 1767/1872/1767
f 1769/1873/1769 1766/1871/1766 1767/1872/1767
f 1771/1874/1771 1766/1871/1766 1768/1875/1768
f 1768/1875/1768 1766/1871/1766 1770/1876/1770
f 1769/1873/1769 1770/1876/1770 1766/1871/1766
f 1771/1874/1771 1491/1593/1491 1766/1871/1766
f 1489/1591/1489 1771/1874/1771 1772/1877/1772
f 1772/1877/1772 1771/1874/1771 1768/1875/1768
f 1489/1591/1489 1491/1593/1491 1771/1874/1771
f 1773/1878/1773 1489/1591/1489 1772/1877/1772
f 1772/1877/1772 1775/1879/1775 1773/1878/1773
f 1775/1879/1775 1772/1877/1772 1774/1880/1774
f 1768/1875/1768 1774/1880/1774 1772/1877/1772
f 1776/1881/1776 1777/1882/1777 1775/1879/1775
f 1775/1879/1775 1778/1883/1778 1776/1881/1776
f 1777/1882/1777 1779/1884/1779 1775/1879/1775
f 1778/1883/1778 1775/1879/1775 1774/1880/1774
f 1486/1588/1486 1775/1879/1775 1779/1884/1779
f 1489/1591/1489 1773/1878/1773 1775/1879/1775
f 1775/1879/1775 1486/1588/1486 1489/1591/1489
f 1777/1882/1777 1780/1885/1780 1779/1884/1779
f 1779/1884/1779 1780/1885/1780 1486/1588/1486
f 1781/1886/1781 1780/1885/1780 1777/1882/1777
f 1780/1885/1780 1783/1887/1783 1486/1588/1486
f 1780/1885/1780 1781/1886/1781 1782/1888/1782
f 1780/1885/1780 1782/1888/1782 1783/1887/1783
f 1782/1888/1782 1784/1889/1784 1783/1887/1783
f 1784/1889/1784 1483/1584/1483 1783/1887/1783
f 1483/1584/1483 1484/1585/1484 1783/1887/1783
f 1783/1887/1783 1484/1585/1484 1486/1588/1486
f 1782/1888/1782 1785/1890/1785 1784/1889/1784
f 1784/1889/1784 1785/1890/1785 1483/1584/1483
f 1785/1890/1785 1788/1891/1788 1483/1584/1483
f 1787/1892/1787 1785/1890/1785 1786/1893/1786
f 1785/1890/1785 1782/1888/1782 1786/1893/1786
f 1790/1894/1790 1785/1890/1785 1787/1892/1787
f 1785/1890/1785 1789/1895/1789 1788/1891/1788
f 1791/1896/1791 1789/1895/1789 1785/1890/1785
f 1791/1896/1791 1785/1890/1785 1790/1894/1790
f 1792/1897/1792 1789/1895/1789 1791/1896/1791
f 1791/1896/1791 1790/1894/1790 1792/1897/1792
f 1789/1895/1789 1792/1897/1792 1794/1898/1794
f 1792/1897/1792 1790/1894/1790 1793/1899/1793
f 1793/1899/1793 1795/1900/1795 1792/1897/1792
f 1794/1898/1794 1792/1897/1792 1454/1555/1454
f 1795/1900/1795 1454/1555/1454 1792/1897/1792
f 1454/1555/1454 1795/1900/1795 1455/1557/1455
f 1793/1899/1793 1796/1901/1796 1795/1900/1795
f 1455/1557/1455 1795/1900/1795 1796/1901/1796
f 1797/1902/1797 1452/1552/1452 1796/1901/1796
f 1796/1901/1796 1452/1552/1452 1455/1557/1455
f 1797/1902/1797 1796/1901/1796 1798/1903/1798
f 1798/1903/1798 1796/1901/1796 1793/1899/1793
f 1798/1903/1798 1799/1904/1799 1450/1549/1450
f 1799/1904/1799 1798/1903/1798 1801/1905/1801
f 1797/1902/1797 1798/1903/1798 1450/1549/1450
f 1801/1905/1801 1798/1903/1798 1800/1906/1800
f 1798/1903/1798 1790/1894/1790 1800/1906/1800
f 1793/1899/1793 1790/1894/1790 1798/1903/1798
f 1800/1906/1800 1804/1907/1804 1801/1905/1801
f 1803/1908/1803 1801/1905/1801 1802/1909/1802
f 1801/1905/1801 1805/1910/1805 1802/1909/1802
f 1799/1904/1799 1801/1905/1801 1803/1908/1803
f 1801/1905/1801 1804/1907/1804 1805/1910/1805
f 1804/1907/1804 1807/1911/1807 1805/1910/1805
f 1805/1910/1805 1806/1912/1806 1802/1909/1802
f 1806/1912/1806 1805/1910/1805 1807/1911/1807
f 1807/1911/1807 1808/1913/1808 1810/1914/1810
f 1807/1911/1807 1809/1915/1809 1808/1913/1808
f 1807/1911/1807 1804/1907/1804 1809/1915/1809
f 1811/1916/1811 1807/1911/1807 1810/1914/1810
f 1807/1911/1807 1811/1916/1811 1806/1912/1806
f 1815/1917/1815 1811/1916/1811 1812/1918/1812
f 1811/1916/1811 1810/1914/1810 1812/1918/1812
f 1814/1919/1814 1806/1912/1806 1811/1916/1811
f 1811/1916/1811 1815/1917/1815 1813/1920/1813
f 1811/1916/1811 1813/1920/1813 1814/1919/1814
f 1815/1917/1815 1816/1921/1816 1818/1922/1818
f 1816/1921/1816 1815/1917/1815 1817/1923/1817
f 1817/1923/1817 1815/1917/1815 1812/1918/1812
f 1819/1924/1819 1813/1920/1813 1815/1917/1815
f 1818/1922/1818 1819/1924/1819 1815/1917/1815
f 1821/1925/1821 1813/1920/1813 1819/1924/1819
f 1820/1926/1820 1819/1924/1819 1818/1922/1818
f 1819/1924/1819 1820/1926/1820 1821/1925/1821
f 1820/1926/1820 1822/1927/1822 1821/1925/1821
f 1821/1925/1821 1824/1928/1824 1813/1920/1813
f 1821/1925/1821 1822/1927/1822 1823/1929/1823
f 1821/1925/1821 1823/1929/1823 1826/1930/1826
f 1821/1925/1821 1825/1931/1825 1824/1928/1824
f 1825/1931/1825 1821/1925/1821 1826/1930/1826
f 1827/1932/1827 1825/1931/1825 1826/1930/1826
f 1827/1933/1827 1826/1934/1826 1829/1935/1829
f 1828/1936/1828 1826/1934/1826 1823/1937/1823
f 1826/1934/1826 1828/1936/1828 1829/1935/1829
f 1829/1935/1829 1830/1938/1830 1834/1939/1834
f 1829/1935/1829 1828/1936/1828 1830/1938/1830
f 1831/1940/1831 1829/1935/1829 1833/1941/1833
f 1829/1935/1829 1831/1940/1831 1832/1942/1832
f 1832/1942/1832 1827/1933/1827 1829/1935/1829
f 1833/1941/1833 1829/1935/1829 1834/1939/1834
f 1834/1939/1834 1835/1943/1835 1838/1944/1838
f 1837/1945/1837 1835/1943/1835 1834/1939/1834
f 1830/1938/1830 1836/1946/1836 1834/1939/1834
f 1834/1939/1834 1836/1946/1836 1837/1945/1837
f 1402/1498/1402 1834/1939/1834 1838/1944/1838
f 1833/1941/1833 1834/1939/1834 1402/1498/1402
f 1839/1947/1839 1838/1944/1838 1835/1943/1835
f 1838/1944/1838 1839/1947/1839 1403/1497/1403
f 1402/1498/1402 1838/1944/1838 1403/1497/1403
f 1839/1947/1839 1840/1948/1840 1841/1949/1841
f 1835/1943/1835 1840/1948/1840 1839/1947/1839
f 1841/1949/1841 1373/1469/1373 1839/1947/1839
f 1839/1947/1839 1373/1469/1373 1400/1496/1400
f 1839/1947/1839 1400/1496/1400 1403/1497/1403
f 1840/1948/1840 1843/1950/1843 1841/1949/1841
f 1841/1949/1841 1842/1951/1842 1374/1468/1374
f 1841/1949/1841 1845/1952/1845 1842/1951/1842
f 1843/1950/1843 1844/1953/1844 1841/1949/1841
f 1844/1953/1844 1845/1952/1845 1841/1949/1841
f 1841/1949/1841 1374/1468/1374 1373/1469/1373
f 1845/1952/1845 1844/1953/1844 1842/1951/1842
f 1843/1950/1843 1846/1954/1846 1844/1953/1844
f 1846/1954/1846 1847/1955/1847 1844/1953/1844
f 1842/1951/1842 1844/1953/1844 1847/1955/1847
f 1847/1955/1847 1850/1956/1850 1848/1957/1848
f 1842/1951/1842 1847/1955/1847 1848/1957/1848
f 1851/1958/1851 1849/1959/1849 1847/1955/1847
f 1847/1955/1847 1849/1959/1849 1850/1956/1850
f 1847/1955/1847 1846/1954/1846 1851/1958/1851
f 1854/1960/1854 1851/1958/1851 1840/1948/1840
f 1840/1948/1840 1851/1958/1851 1846/1954/1846
f 1851/1958/1851 1852/1961/1852 1849/1959/1849
f 1852/1961/1852 1851/1958/1851 1853/1962/1853
f 1853/1962/1853 1851/1958/1851 1837/1945/1837
f 1837/1945/1837 1851/1958/1851 1854/1960/1854
f 1854/1960/1854 1840/1948/1840 1855/1963/1855
f 1837/1945/1837 1854/1960/1854 1835/1943/1835
f 1854/1960/1854 1855/1963/1855 1835/1943/1835
f 1855/1963/1855 1840/1948/1840 1835/1943/1835
f 1853/1962/1853 1856/1964/1856 1858/1965/1858
f 1857/1966/1857 1856/1964/1856 1853/1962/1853
f 1853/1962/1853 1858/1965/1858 1852/1961/1852
f 1853/1962/1853 1837/1945/1837 1857/1966/1857
f 1858/1965/1858 1861/1967/1861 1852/1961/1852
f 1862/1968/1862 1858/1965/1858 1859/1969/1859
f 1859/1969/1859 1858/1965/1858 1860/1970/1860
f 1856/1964/1856 1860/1970/1860 1858/1965/1858
f 1858/1965/1858 1862/1968/1862 1861/1967/1861
f 1862/1968/1862 1863/1971/1863 1864/1972/1864
f 1863/1971/1863 1862/1968/1862 1865/1973/1865
f 1861/1967/1861 1862/1968/1862 1864/1972/1864
f 1866/1974/1866 1865/1973/1865 1862/1968/1862
f 1859/1969/1859 1866/1974/1866 1862/1968/1862
f 1859/1969/1859 1867/1975/1867 1866/1974/1866
f 1867/1975/1867 1868/1976/1868 1866/1974/1866
f 1868/1976/1868 1865/1973/1865 1866/1974/1866
f 1867/1975/1867 1869/1977/1869 1868/1976/1868
f 1869/1977/1869 1870/1978/1870 1868/1976/1868
f 1865/1973/1865 1868/1976/1868 1870/1978/1870
f 1869/1977/1869 1871/1979/1871 1870/1978/1870
f 1871/1979/1871 1865/1973/1865 1870/1978/1870
f 1871/1979/1871 1874/1980/1874 1872/1981/1872
f 1871/1979/1871 1872/1981/1872 1873/1982/1873
f 1865/1973/1865 1871/1979/1871 1873/1982/1873
f 1874/1980/1874 1871/1979/1871 1869/1977/1869
f 1816/1921/1816 1872/1983/1872 1874/1984/1874
f 1816/1921/1816 1874/1984/1874 1818/1922/1818
f 1874/1984/1874 1875/1985/1875 1818/1922/1818
f 1874/1984/1874 1876/1986/1876 1875/1985/1875
f 1869/1977/1869 1876/1987/1876 1874/1980/1874
f 1867/1975/1867 1876/1987/1876 1869/1977/1869
f 1877/1988/1877 1876/1987/1876 1878/1989/1878
f 1877/1990/1877 1875/1985/1875 1876/1986/1876
f 1876/1987/1876 1879/1991/1879 1878/1989/1878
f 1879/1991/1879 1876/1987/1876 1867/1975/1867
f 1859/1969/1859 1879/1991/1879 1867/1975/1867
f 1878/1992/1878 1879/1991/1879 1881/1993/1881
f 1880/1994/1880 1879/1991/1879 1859/1969/1859
f 1879/1991/1879 1880/1994/1880 1881/1993/1881
f 1882/1995/1882 1878/1992/1878 1881/1993/1881
f 1880/1994/1880 1882/1995/1882 1881/1993/1881
f 1883/1996/1883 1884/1997/1884 1882/1995/1882
f 1859/1969/1859 1883/1996/1883 1882/1995/1882
f 1882/1995/1882 1885/1998/1885 1878/1992/1878
f 1882/1995/1882 1884/1997/1884 1885/1998/1885
f 1880/1994/1880 1859/1969/1859 1882/1995/1882
f 1886/1999/1886 1878/1992/1878 1885/1998/1885
f 1884/1997/1884 1822/2000/1822 1885/1998/1885
f 1886/1999/1886 1885/1998/1885 1822/2000/1822
f 1820/1926/1820 1886/2001/1886 1822/1927/1822
f 1886/2001/1886 1820/1926/1820 1887/2002/1887
f 1888/2003/1888 1886/2001/1886 1887/2002/1887
f 1886/2001/1886 1888/2003/1888 1878/2004/1878
f 1877/1990/1877 1888/2003/1888 1887/2002/1887
f 1888/2003/1888 1877/1990/1877 1878/2004/1878
f 1818/1922/1818 1887/2002/1887 1820/1926/1820
f 1877/1990/1877 1887/2002/1887 1875/1985/1875
f 1875/1985/1875 1887/2002/1887 1818/1922/1818
f 1822/2000/1822 1884/1997/1884 1823/1937/1823
f 1856/1964/1856 1884/1997/1884 1883/1996/1883
f 1884/1997/1884 1856/1964/1856 1889/2005/1889
f 1884/1997/1884 1889/2005/1889 1830/1938/1830
f 1884/1997/1884 1828/1936/1828 1823/1937/1823
f 1884/1997/1884 1830/1938/1830 1828/1936/1828
f 1856/1964/1856 1857/1966/1857 1889/2005/1889
f 1857/1966/1857 1836/1946/1836 1889/2005/1889
f 1836/1946/1836 1830/1938/1830 1889/2005/1889
f 1860/1970/1860 1856/1964/1856 1883/1996/1883
f 1860/1970/1860 1883/1996/1883 1859/1969/1859
f 1873/1982/1873 1892/2006/1892 1890/2007/1890
f 1891/2008/1891 1873/1982/1873 1890/2007/1890
f 1872/1981/1872 1892/2006/1892 1873/1982/1873
f 1865/1973/1865 1873/1982/1873 1891/2008/1891
f 1893/2009/1893 1892/2010/1892 1872/1983/1872
f 1892/2010/1892 1893/2009/1893 1894/2011/1894
f 1890/2007/1890 1892/2006/1892 1894/2012/1894
f 1894/2011/1894 1896/2013/1896 1895/2014/1895
f 1894/2011/1894 1895/2014/1895 1897/2015/1897
f 1898/2016/1898 1896/2013/1896 1894/2011/1894
f 1894/2012/1894 1897/2017/1897 1900/2018/1900
f 1898/2016/1898 1894/2011/1894 1899/2019/1899
f 1899/2019/1899 1894/2011/1894 1893/2009/1893
f 1900/2018/1900 1890/2007/1890 1894/2012/1894
f 1904/2020/1904 1900/2018/1900 1901/2021/1901
f 1897/2017/1897 1901/2021/1901 1900/2018/1900
f 1903/2022/1903 1890/2007/1890 1900/2018/1900
f 1903/2022/1903 1900/2018/1900 1902/2023/1902
f 1902/2023/1902 1900/2018/1900 1904/2020/1904
f 1904/2020/1904 1909/2024/1909 1905/2025/1905
f 1904/2020/1904 1905/2025/1905 1906/2026/1906
f 1904/2020/1904 1906/2026/1906 1907/2027/1907
f 1902/2023/1902 1904/2020/1904 1907/2027/1907
f 1908/2028/1908 1904/2020/1904 1901/2021/1901
f 1909/2024/1909 1904/2020/1904 1908/2028/1908
f 1905/2025/1905 1909/2024/1909 1910/2029/1910
f 1910/2029/1910 1909/2024/1909 1911/2030/1911
f 1908/2028/1908 1912/2031/1912 1909/2024/1909
f 1909/2024/1909 1912/2031/1912 1911/2030/1911
f 1908/2028/1908 1913/2032/1913 1912/2031/1912
f 1911/2030/1911 1912/2031/1912 1913/2032/1913
f 1911/2030/1911 1913/2032/1913 1914/2033/1914
f 1914/2034/1914 1913/2035/1913 1915/2036/1915
f 1913/2035/1913 1916/2037/1916 1915/2036/1915
f 1916/2038/1916 1913/2032/1913 1908/2028/1908
f 1895/2014/1895 1917/2039/1917 1916/2037/1916
f 1915/2036/1915 1916/2037/1916 1917/2039/1917
f 1908/2028/1908 1897/2017/1897 1916/2038/1916
f 1895/2014/1895 1916/2037/1916 1897/2015/1897
f 1917/2039/1917 1896/2013/1896 1918/2040/1918
f 1917/2039/1917 1918/2040/1918 1915/2036/1915
f 1895/2014/1895 1896/2013/1896 1917/2039/1917
f 1918/2040/1918 1921/2041/1921 1919/2042/1919
f 1915/2036/1915 1918/2040/1918 1919/2042/1919
f 1918/2040/1918 1896/2013/1896 1920/2043/1920
f 1921/2041/1921 1918/2040/1918 1920/2043/1920
f 1921/2041/1921 1920/2043/1920 1924/2044/1924
f 1919/2042/1919 1921/2041/1921 1923/2045/1923
f 1922/2046/1922 1921/2041/1921 1924/2044/1924
f 1921/2041/1921 1922/2046/1922 1923/2045/1923
f 1926/2047/1926 1924/2044/1924 1920/2043/1920
f 1924/2044/1924 1925/2048/1925 1927/2049/1927
f 1926/2047/1926 1925/2048/1925 1924/2044/1924
f 1924/2044/1924 1927/2049/1927 1922/2046/1922
f 1925/2048/1925 1928/2050/1928 1927/2049/1927
f 1927/2049/1927 1928/2050/1928 1930/2051/1930
f 1927/2049/1927 1929/2052/1929 1922/2046/1922
f 1927/2049/1927 1930/2051/1930 1929/2052/1929
f 1930/2051/1930 1931/2053/1931 1929/2052/1929
f 1930/2051/1930 1928/2050/1928 1931/2053/1931
f 1931/2053/1931 1932/2054/1932 1929/2052/1929
f 1932/2054/1932 1931/2053/1931 1936/2055/1936
f 1935/2056/1935 1931/2053/1931 1933/2057/1933
f 1931/2053/1931 1934/2058/1934 1933/2057/1933
f 1934/2058/1934 1931/2053/1931 1928/2050/1928
f 1936/2055/1936 1931/2053/1931 1935/2056/1935
f 1938/2059/1938 1937/2060/1937 1936/2055/1936
f 1936/2055/1936 1937/2060/1937 1940/2061/1940
f 1939/2062/1939 1938/2059/1938 1936/2055/1936
f 1936/2055/1936 1941/2063/1941 1939/2062/1939
f 1932/2054/1932 1936/2055/1936 1940/2061/1940
f 1936/2055/1936 1935/2056/1935 1941/2063/1941
f 1941/2063/1941 1935/2056/1935 1769/1873/1769
f 1941/2063/1941 1769/1873/1769 1939/2062/1939
f 1937/2060/1937 1943/2064/1943 1940/2061/1940
f 1940/2061/1940 1942/2065/1942 1944/2066/1944
f 1943/2064/1943 1942/2065/1942 1940/2061/1940
f 1940/2061/1940 1944/2066/1944 1923/2045/1923
f 1922/2046/1922 1932/2054/1932 1940/2061/1940
f 1923/2045/1923 1922/2046/1922 1940/2061/1940
f 1944/2066/1944 1948/2067/1948 1945/2068/1945
f 1944/2066/1944 1945/2068/1945 1946/2069/1946
f 1944/2066/1944 1946/2069/1946 1947/2070/1947
f 1944/2066/1944 1919/2042/1919 1923/2045/1923
f 1947/2070/1947 1919/2042/1919 1944/2066/1944
f 1942/2065/1942 1948/2067/1948 1944/2066/1944
f 1942/2065/1942 1949/2071/1949 1948/2067/1948
f 1948/2067/1948 1949/2071/1949 1950/2072/1950
f 1948/2067/1948 1950/2072/1950 1945/2068/1945
f 1952/2073/1952 1950/2072/1950 1951/2074/1951
f 1951/2074/1951 1950/2072/1950 1953/2075/1953
f 1950/2072/1950 1952/2073/1952 1945/2068/1945
f 1950/2072/1950 1949/2071/1949 1953/2075/1953
f 1953/2075/1953 1949/2071/1949 1954/2076/1954
f 1953/2075/1953 1954/2076/1954 1955/2077/1955
f 1955/2077/1955 1956/2078/1956 1953/2075/1953
f 1951/2074/1951 1953/2075/1953 1956/2078/1956
f 1955/2077/1955 1960/2079/1960 1956/2078/1956
f 1956/2078/1956 1960/2079/1960 1957/2080/1957
f 1957/2080/1957 1958/2081/1958 1956/2078/1956
f 1956/2078/1956 1958/2081/1958 1959/2082/1959
f 1956/2078/1956 1959/2082/1959 1951/2074/1951
f 1963/2083/1963 1961/2084/1961 1960/2079/1960
f 1960/2079/1960 1961/2084/1961 1962/2085/1962
f 1964/2086/1964 1960/2079/1960 1962/2085/1962
f 1960/2079/1960 1955/2077/1955 1963/2083/1963
f 1960/2079/1960 1964/2086/1964 1957/2080/1957
f 1962/2085/1962 1965/2087/1965 1964/2086/1964
f 1964/2086/1964 1965/2087/1965 1966/2088/1966
f 1964/2086/1964 1966/2088/1966 1967/2089/1967
f 1957/2080/1957 1964/2086/1964 1967/2089/1967
f 1967/2089/1967 1969/2090/1969 1968/2091/1968
f 1968/2091/1968 1957/2080/1957 1967/2089/1967
f 1967/2089/1967 1966/2088/1966 1969/2090/1969
f 1971/2092/1971 1970/2093/1970 1969/2090/1969
f 1974/2094/1974 1969/2090/1969 1970/2093/1970
f 1969/2090/1969 1973/2095/1973 1971/2092/1971
f 1966/2088/1966 1972/2096/1972 1969/2090/1969
f 1972/2096/1972 1973/2095/1973 1969/2090/1969
f 1968/2091/1968 1969/2090/1969 1974/2094/1974
f 1977/2097/1977 1968/2091/1968 1974/2094/1974
f 1970/2093/1970 1975/2098/1975 1974/2094/1974
f 1976/2099/1976 1974/2094/1974 1975/2098/1975
f 1978/2100/1978 1974/2094/1974 1976/2099/1976
f 1978/2100/1978 1977/2097/1977 1974/2094/1974
f 1979/2101/1979 1977/2097/1977 1978/2100/1978
f 1979/2101/1979 1978/2100/1978 1980/2102/1980
f 1983/2103/1983 1980/2102/1980 1978/2100/1978
f 1978/2100/1978 1982/2104/1982 1981/2105/1981
f 1981/2105/1981 1983/2103/1983 1978/2100/1978
f 1978/2100/1978 1976/2099/1976 1982/2104/1982
f 1979/2101/1979 1980/2102/1980 1983/2103/1983
f 1979/2101/1979 1983/2103/1983 1985/2106/1985
f 1981/2107/1981 1984/2108/1984 1983/2109/1983
f 1985/2110/1985 1983/2109/1983 1984/2108/1984
f 1986/2111/1986 1985/2110/1985 1988/2112/1988
f 1987/2113/1987 1985/2106/1985 1986/2114/1986
f 1985/2106/1985 1987/2113/1987 1979/2101/1979
f 1985/2110/1985 1984/2108/1984 1988/2112/1988
f 1989/2115/1989 1988/2112/1988 1984/2108/1984
f 1990/2116/1990 1988/2112/1988 1989/2115/1989
f 1990/2116/1990 1986/2111/1986 1988/2112/1988
f 1990/2116/1990 1991/2117/1991 1992/2118/1992
f 1990/2116/1990 1989/2115/1989 1991/2117/1991
f 1994/2119/1994 1990/2116/1990 1992/2118/1992
f 1990/2116/1990 1994/2119/1994 1993/2120/1993
f 1993/2120/1993 1986/2111/1986 1990/2116/1990
f 1994/2119/1994 1995/2121/1995 1996/2122/1996
f 1992/2118/1992 1995/2121/1995 1994/2119/1994
f 1994/2123/1994 1996/2124/1996 1997/2125/1997
f 1993/2126/1993 1994/2123/1994 1997/2125/1997
f 1996/2124/1996 1999/2127/1999 1997/2125/1997
f 1998/2128/1998 1997/2125/1997 2000/2129/2000
f 1993/2126/1993 1997/2125/1997 1998/2128/1998
f 1999/2127/1999 2000/2129/2000 1997/2125/1997
f 2001/2130/2001 1998/2128/1998 2000/2129/2000
f 2000/2129/2000 2002/2131/2002 2001/2130/2001
f 2002/2131/2002 2000/2129/2000 1999/2127/1999
f 2001/2130/2001 2002/2131/2002 1952/2073/1952
f 1952/2073/1952 2002/2131/2002 2003/2132/2003
f 1999/2127/1999 2003/2132/2003 2002/2131/2002
f 2003/2132/2003 1945/2068/1945 1952/2073/1952
f 1946/2069/1946 1945/2068/1945 2003/2132/2003
f 2004/2133/2004 1946/2069/1946 2003/2132/2003
f 2004/2133/2004 2003/2132/2003 2005/2134/2005
f 2003/2132/2003 1999/2127/1999 2005/2134/2005
f 2005/2134/2005 2006/2135/2006 2004/2133/2004
f 2006/2135/2006 2005/2134/2005 1999/2127/1999
f 2007/2136/2007 2004/2137/2004 2006/2138/2006
f 2006/2138/2006 2008/2139/2008 2007/2136/2007
f 2006/2135/2006 1999/2127/1999 1996/2124/1996
f 1996/2122/1996 2008/2139/2008 2006/2138/2006
f 2008/2139/2008 1996/2122/1996 1995/2121/1995
f 1995/2121/1995 2009/2140/2009 2008/2139/2008
f 2009/2140/2009 2007/2136/2007 2008/2139/2008
f 2010/2141/2010 2009/2140/2009 1995/2121/1995
f 2010/2141/2010 2011/2142/2011 2009/2140/2009
f 2011/2142/2011 2007/2136/2007 2009/2140/2009
f 2011/2142/2011 2014/2143/2014 2012/2144/2012
f 2012/2144/2012 2013/2145/2013 2011/2142/2011
f 2013/2145/2013 2015/2146/2015 2011/2142/2011
f 2011/2142/2011 2010/2141/2010 2014/2143/2014
f 2007/2136/2007 2011/2142/2011 2015/2146/2015
f 2016/2147/2016 2015/2146/2015 2013/2145/2013
f 2015/2146/2015 2016/2147/2016 2007/2136/2007
f 2016/2147/2016 2013/2145/2013 1914/2033/1914
f 2016/2148/2016 2017/2149/2017 1947/2070/1947
f 1914/2034/1914 2017/2149/2017 2016/2148/2016
f 2007/2136/2007 2016/2147/2016 2004/2137/2004
f 2004/2133/2004 2016/2148/2016 1947/2070/1947
f 1947/2070/1947 2017/2149/2017 1919/2042/1919
f 1914/2034/1914 1919/2042/1919 2017/2149/2017
f 2012/2144/2012 2014/2143/2014 2018/2150/2018
f 2014/2143/2014 2020/2151/2020 2018/2150/2018
f 2014/2143/2014 2010/2141/2010 2019/2152/2019
f 2014/2143/2014 2019/2152/2019 2020/2151/2020
f 2021/2153/2021 2020/2151/2020 2019/2152/2019
f 2020/2151/2020 2021/2153/2021 2022/2154/2022
f 2022/2154/2022 2018/2150/2018 2020/2151/2020
f 2022/2154/2022 1905/2025/1905 2024/2155/2024
f 2023/2156/2023 1905/2025/1905 2022/2154/2022
f 2023/2156/2023 2022/2154/2022 2025/2157/2025
f 2018/2150/2018 2022/2154/2022 2024/2155/2024
f 2025/2157/2025 2022/2154/2022 2021/2153/2021
f 2026/2158/2026 2023/2156/2023 2025/2157/2025
f 2025/2157/2025 2029/2159/2029 2026/2158/2026
f 2027/2160/2027 2025/2157/2025 2021/2153/2021
f 2025/2157/2025 2027/2160/2027 2028/2161/2028
f 2028/2161/2028 2029/2159/2029 2025/2157/2025
f 2035/2162/2035 2030/2163/2030 2029/2159/2029
f 2030/2163/2030 2026/2158/2026 2029/2159/2029
f 2034/2164/2034 2029/2159/2029 2028/2161/2028
f 2031/2165/2031 2029/2159/2029 2034/2164/2034
f 2032/2166/2032 2029/2159/2029 2031/2165/2031
f 2029/2159/2029 2032/2166/2032 2033/2167/2033
f 2035/2162/2035 2029/2159/2029 2033/2167/2033
f 2036/2168/2036 2030/2163/2030 2035/2162/2035
f 2037/2169/2037 2036/2168/2036 2035/2162/2035
f 2037/2169/2037 2035/2162/2035 2033/2167/2033
f 2038/2170/2038 2036/2168/2036 2037/2169/2037
f 2039/2171/2039 2038/2170/2038 2037/2169/2037
f 2040/2172/2040 2037/2169/2037 2033/2167/2033
f 2039/2171/2039 2037/2169/2037 2041/2173/2041
f 2041/2173/2041 2037/2169/2037 2040/2172/2040
f 2039/2171/2039 2041/2173/2041 2043/2174/2043
f 2041/2173/2041 2042/2175/2042 2043/2174/2043
f 2041/2173/2041 2040/2172/2040 2042/2175/2042
f 2045/2176/2045 2043/2174/2043 2042/2175/2042
f 2039/2171/2039 2043/2174/2043 2044/2177/2044
f 2046/2178/2046 2044/2177/2044 2043/2174/2043
f 2045/2176/2045 2046/2178/2046 2043/2174/2043
f 2046/2178/2046 1848/1957/1848 2048/2179/2048
f 2047/2180/2047 1848/1957/1848 2046/2178/2046
f 2045/2176/2045 2049/2181/2049 2046/2178/2046
f 2046/2178/2046 2048/2179/2048 2044/2177/2044
f 2049/2181/2049 2047/2180/2047 2046/2178/2046
f 2049/2181/2049 2045/2176/2045 2051/2182/2051
f 2049/2181/2049 1367/1462/1367 2047/2180/2047
f 1366/1461/1366 1367/1462/1367 2049/2181/2049
f 1366/1461/1366 2049/2181/2049 2050/2183/2050
f 2051/2182/2051 2050/2183/2050 2049/2181/2049
f 2051/2182/2051 2052/2184/2052 2050/2183/2050
f 2051/2182/2051 2045/2176/2045 2052/2184/2052
f 2042/2175/2042 2052/2184/2052 2045/2176/2045
f 2055/2185/2055 2052/2184/2052 2042/2175/2042
f 2053/2186/2053 2050/2183/2050 2052/2184/2052
f 2054/2187/2054 2053/2186/2053 2052/2184/2052
f 2054/2187/2054 2052/2184/2052 2055/2185/2055
f 2055/2185/2055 2057/2188/2057 2056/2189/2056
f 2056/2189/2056 2058/2190/2058 2055/2185/2055
f 2057/2188/2057 2055/2185/2055 2042/2175/2042
f 2055/2185/2055 2058/2190/2058 2054/2187/2054
f 2059/2191/2059 2058/2190/2058 2056/2189/2056
f 2054/2187/2054 2058/2190/2058 2059/2191/2059
f 2059/2191/2059 2061/2192/2061 2060/2193/2060
f 2059/2191/2059 2060/2193/2060 2054/2187/2054
f 2059/2191/2059 2056/2189/2056 2061/2192/2061
f 2061/2192/2061 2066/2194/2066 2060/2193/2060
f 2061/2192/2061 2056/2189/2056 2063/2195/2063
f 2065/2196/2065 2062/2197/2062 2061/2192/2061
f 2061/2192/2061 2062/2197/2062 2066/2194/2066
f 2063/2195/2063 2064/2198/2064 2061/2192/2061
f 2064/2198/2064 2065/2196/2065 2061/2192/2061
f 2060/2193/2060 2066/2194/2066 2067/2199/2067
f 2067/2199/2067 2066/2194/2066 2068/2200/2068
f 2066/2194/2066 2062/2197/2062 2068/2200/2068
f 2069/2201/2069 2067/2199/2067 2068/2200/2068
f 2068/2200/2068 1319/1414/1319 2069/2201/2069
f 2068/2200/2068 2070/2202/2070 1320/1416/1320
f 1320/1416/1320 1319/1414/1319 2068/2200/2068
f 2068/2200/2068 2062/2197/2062 2070/2202/2070
f 2070/2202/2070 2071/2203/2071 1320/1416/1320
f 2072/2204/2072 2071/2203/2071 2070/2202/2070
f 2070/2202/2070 2062/2197/2062 2073/2205/2073
f 2070/2202/2070 2075/2206/2075 2072/2204/2072
f 2070/2202/2070 2073/2205/2073 2074/2207/2074
f 2075/2206/2075 2070/2202/2070 2074/2207/2074
f 2072/2204/2072 2075/2206/2075 2076/2208/2076
f 2076/2208/2076 2075/2206/2075 2074/2207/2074
f 2074/2207/2074 2077/2209/2077 2076/2208/2076
f 2077/2209/2077 2079/2210/2079 2076/2208/2076
f 2076/2208/2076 2078/2211/2078 2072/2204/2072
f 2076/2208/2076 2079/2210/2079 2078/2211/2078
f 1294/1390/1294 2078/2211/2078 2079/2210/2079
f 2079/2210/2079 1287/1381/1287 1294/1390/1294
f 2080/2212/2080 2079/2210/2079 2077/2209/2077
f 2079/2210/2079 2080/2212/2080 1287/1381/1287
f 2080/2212/2080 2082/2213/2082 1287/1381/1287
f 2081/2214/2081 2083/2215/2083 2080/2212/2080
f 2081/2214/2081 2080/2212/2080 2074/2207/2074
f 2077/2209/2077 2074/2207/2074 2080/2212/2080
f 2080/2212/2080 2083/2215/2083 2082/2213/2082
f 2083/2215/2083 2085/2216/2085 2084/2217/2084
f 2086/2218/2086 2083/2215/2083 2084/2217/2084
f 2085/2216/2085 2083/2215/2083 2081/2214/2081
f 2083/2215/2083 2086/2218/2086 2082/2213/2082
f 2087/2219/2087 2086/2218/2086 2084/2217/2084
f 2087/2219/2087 2088/2220/2088 2086/2218/2086
f 2089/2221/2089 2086/2218/2086 2088/2220/2088
f 2089/2221/2089 2082/2213/2082 2086/2218/2086
f 1287/1381/1287 2082/2213/2082 2089/2221/2089
f 2088/2220/2088 1284/1378/1284 2089/2221/2089
f 1283/1379/1283 2089/2221/2089 1284/1378/1284
f 1283/1379/1283 1287/1381/1287 2089/2221/2089
f 2091/2222/2091 2088/2220/2088 2090/2223/2090
f 2087/2219/2087 2090/2223/2090 2088/2220/2088
f 2092/2224/2092 2088/2220/2088 2091/2222/2091
f 2088/2220/2088 2092/2224/2092 1284/1378/1284
f 2091/2222/2091 2093/2225/2093 2092/2224/2092
f 2092/2224/2092 2093/2225/2093 1279/1375/1279
f 1280/1376/1280 2092/2224/2092 1279/1375/1279
f 1280/1376/1280 1284/1378/1284 2092/2224/2092
f 2095/2226/2095 2093/2225/2093 2094/2227/2094
f 2094/2227/2094 2093/2225/2093 2091/2222/2091
f 2095/2226/2095 1278/1373/1278 2093/2225/2093
f 2093/2225/2093 1278/1373/1278 1279/1375/1279
f 2095/2226/2095 2096/2228/2096 2097/2229/2097
f 2096/2228/2096 2095/2226/2095 2099/2230/2099
f 2098/2231/2098 1278/1373/1278 2095/2226/2095
f 2097/2229/2097 2098/2231/2098 2095/2226/2095
f 2095/2226/2095 2094/2227/2094 2099/2230/2099
f 2100/2232/2100 2099/2230/2099 2101/2233/2101
f 2100/2232/2100 2102/2234/2102 2099/2230/2099
f 2099/2230/2099 2090/2223/2090 2101/2233/2101
f 2094/2227/2094 2090/2223/2090 2099/2230/2099
f 2102/2234/2102 2096/2228/2096 2099/2230/2099
f 2100/2232/2100 2105/2235/2105 2102/2234/2102
f 2102/2234/2102 2104/2236/2104 2103/2237/2103
f 2103/2237/2103 2096/2228/2096 2102/2234/2102
f 2105/2235/2105 2104/2236/2104 2102/2234/2102
f 2100/2232/2100 2106/2238/2106 2105/2235/2105
f 2105/2235/2105 2106/2238/2106 2107/2239/2107
f 2107/2239/2107 2108/2240/2108 2105/2235/2105
f 2105/2235/2105 2108/2240/2108 2104/2236/2104
f 2107/2239/2107 2110/2241/2110 2108/2240/2108
f 2112/2242/2112 2108/2240/2108 2109/2243/2109
f 2109/2243/2109 2108/2240/2108 2110/2241/2110
f 2108/2240/2108 2111/2244/2111 2104/2236/2104
f 2108/2240/2108 2112/2242/2112 2111/2244/2111
f 2109/2243/2109 2113/2245/2113 2112/2242/2112
f 2112/2242/2112 2115/2246/2115 2111/2244/2111
f 2113/2245/2113 2114/2247/2114 2112/2242/2112
f 2112/2242/2112 2114/2247/2114 2115/2246/2115
f 2116/2248/2116 2115/2246/2115 2117/2249/2117
f 2118/2250/2118 2115/2246/2115 2116/2248/2116
f 2117/2249/2117 2115/2246/2115 2114/2247/2114
f 2118/2250/2118 2111/2244/2111 2115/2246/2115
f 2104/2236/2104 2111/2244/2111 2118/2250/2118
f 2119/2251/2119 2104/2236/2104 2118/2250/2118
f 2116/2248/2116 2119/2251/2119 2118/2250/2118
f 2119/2251/2119 2120/2252/2120 2104/2236/2104
f 2120/2252/2120 2119/2251/2119 2121/2253/2121
f 2116/2248/2116 2121/2253/2121 2119/2251/2119
f 2116/2248/2116 2123/2254/2123 2121/2253/2121
f 2122/2255/2122 2120/2252/2120 2121/2253/2121
f 2121/2253/2121 2125/2256/2125 2122/2255/2122
f 2121/2253/2121 2123/2254/2123 2126/2257/2126
f 2124/2258/2124 2121/2253/2121 2126/2257/2126
f 2121/2253/2121 2124/2258/2124 2125/2256/2125
f 2128/2259/2128 2127/2260/2127 2126/2257/2126
f 2127/2260/2127 2124/2258/2124 2126/2257/2126
f 2123/2254/2123 2128/2259/2128 2126/2257/2126
f 2128/2259/2128 2123/2254/2123 2129/2261/2129
f 2130/2262/2130 2128/2259/2128 2129/2261/2129
f 2127/2260/2127 2128/2259/2128 2131/2263/2131
f 2128/2259/2128 2130/2262/2130 2132/2264/2132
f 2128/2259/2128 2132/2264/2132 2131/2263/2131
f 2134/2265/2134 2133/2266/2133 2132/2264/2132
f 2131/2263/2131 2132/2264/2132 2133/2266/2133
f 2132/2264/2132 2137/2267/2137 2134/2265/2134
f 2132/2264/2132 2135/2268/2135 2136/2269/2136
f 2135/2268/2135 2132/2264/2132 2130/2262/2130
f 2137/2267/2137 2132/2264/2132 2136/2269/2136
f 2137/2267/2137 2138/2270/2138 2141/2271/2141
f 2137/2267/2137 2136/2269/2136 2138/2270/2138
f 2139/2272/2139 2140/2273/2140 2137/2267/2137
f 2141/2271/2141 2139/2272/2139 2137/2267/2137
f 2137/2267/2137 2140/2273/2140 2134/2265/2134
f 2142/2274/2142 2141/2271/2141 2143/2275/2143
f 2142/2274/2142 2140/2273/2140 2141/2271/2141
f 2141/2271/2141 2140/2273/2140 2139/2272/2139
f 2138/2270/2138 2143/2275/2143 2141/2271/2141
f 2146/2276/2146 2143/2275/2143 2144/2277/2144
f 2144/2277/2144 2143/2275/2143 2147/2278/2147
f 2143/2275/2143 2138/2270/2138 2147/2278/2147
f 2146/2276/2146 2145/2279/2145 2143/2275/2143
f 2142/2274/2142 2143/2275/2143 2145/2279/2145
f 2138/2270/2138 2148/2280/2148 2147/2278/2147
f 2149/2281/2149 2147/2278/2147 2148/2280/2148
f 2149/2281/2149 2144/2277/2144 2147/2278/2147
f 2153/2282/2153 2149/2281/2149 2148/2280/2148
f 2149/2281/2149 2150/2283/2150 2152/2284/2152
f 2151/2285/2151 2150/2283/2150 2149/2281/2149
f 2153/2282/2153 2151/2285/2151 2149/2281/2149
f 2144/2277/2144 2149/2281/2149 2152/2284/2152
f 2135/2268/2135 2153/2282/2153 2148/2280/2148
f 2151/2285/2151 2153/2282/2153 2154/2286/2154
f 2154/2286/2154 2153/2282/2153 2155/2287/2155
f 2135/2268/2135 2155/2287/2155 2153/2282/2153
f 2130/2262/2130 2155/2287/2155 2135/2268/2135
f 2130/2262/2130 2156/2288/2156 2155/2287/2155
f 2154/2286/2154 2155/2287/2155 2156/2288/2156
f 2160/2289/2160 2156/2288/2156 2130/2262/2130
f 2161/2290/2161 2156/2288/2156 2157/2291/2157
f 2157/2291/2157 2156/2288/2156 2160/2289/2160
f 2158/2292/2158 2154/2286/2154 2156/2288/2156
f 2159/2293/2159 2158/2292/2158 2156/2288/2156
f 2159/2293/2159 2156/2288/2156 2161/2290/2161
f 2116/2248/2116 2161/2290/2161 2157/2291/2157
f 2161/2290/2161 2116/2248/2116 2117/2249/2117
f 2161/2290/2161 2117/2249/2117 2162/2294/2162
f 2159/2293/2159 2161/2290/2161 2162/2294/2162
f 2117/2249/2117 2166/2295/2166 2162/2294/2162
f 2162/2294/2162 2164/2296/2164 2163/2297/2163
f 2162/2294/2162 2163/2297/2163 2159/2293/2159
f 2165/2298/2165 2164/2296/2164 2162/2294/2162
f 2162/2294/2162 2166/2295/2166 2165/2298/2165
f 2114/2247/2114 2166/2295/2166 2117/2249/2117
f 2114/2247/2114 2113/2245/2113 2166/2295/2166
f 2165/2298/2165 2166/2295/2166 2113/2245/2113
f 2165/2298/2165 2167/2299/2167 2168/2300/2168
f 2167/2299/2167 2165/2298/2165 2113/2245/2113
f 2164/2296/2164 2165/2298/2165 2168/2300/2168
f 2169/2301/2169 2168/2300/2168 2167/2299/2167
f 1989/2115/1989 2168/2300/2168 2169/2301/2169
f 2168/2300/2168 1989/2115/1989 2171/2302/2171
f 2171/2302/2171 2170/2303/2170 2168/2300/2168
f 2170/2303/2170 2164/2296/2164 2168/2300/2168
f 2171/2302/2171 1984/2108/1984 2172/2304/2172
f 2171/2302/2171 2172/2304/2172 2173/2305/2173
f 2171/2302/2171 2173/2305/2173 2170/2303/2170
f 1984/2108/1984 2171/2302/2171 1989/2115/1989
f 2177/2306/2177 2174/2307/2174 2173/2305/2173
f 2173/2305/2173 2174/2307/2174 2176/2308/2176
f 2177/2306/2177 2173/2305/2173 2172/2304/2172
f 2176/2308/2176 2175/2309/2175 2173/2305/2173
f 2170/2303/2170 2173/2305/2173 2175/2309/2175
f 2178/2310/2178 2177/2306/2177 2180/2311/2180
f 2178/2310/2178 2179/2312/2179 2177/2306/2177
f 2177/2306/2177 2179/2312/2179 2174/2307/2174
f 2177/2306/2177 1981/2107/1981 2180/2311/2180
f 1981/2107/1981 2177/2306/2177 2172/2304/2172
f 2181/2313/2181 2183/2314/2183 2180/2311/2180
f 2180/2311/2180 2182/2315/2182 2181/2313/2181
f 2180/2311/2180 1981/2107/1981 2182/2315/2182
f 2180/2311/2180 2183/2314/2183 2184/2316/2184
f 2180/2311/2180 2184/2316/2184 2178/2310/2178
f 2187/2317/2187 2184/2316/2184 2185/2318/2185
f 2186/2319/2186 2185/2318/2185 2184/2316/2184
f 2183/2314/2183 2186/2319/2186 2184/2316/2184
f 2187/2317/2187 2178/2310/2178 2184/2316/2184
f 2185/2318/2185 2188/2320/2188 2187/2317/2187
f 2189/2321/2189 2187/2317/2187 2188/2320/2188
f 2189/2321/2189 2178/2310/2178 2187/2317/2187
f 2188/2320/2188 2190/2322/2190 2189/2321/2189
f 2190/2322/2190 2191/2323/2191 2189/2321/2189
f 2191/2323/2191 2179/2312/2179 2189/2321/2189
f 2179/2312/2179 2178/2310/2178 2189/2321/2189
f 2192/2324/2192 2191/2323/2191 2190/2322/2190
f 2174/2307/2174 2191/2323/2191 2192/2324/2192
f 2179/2312/2179 2191/2323/2191 2174/2307/2174
f 2193/2325/2193 2192/2324/2192 2190/2322/2190
f 2193/2325/2193 2158/2292/2158 2192/2324/2192
f 2174/2307/2174 2192/2324/2192 2176/2308/2176
f 2192/2324/2192 2158/2292/2158 2176/2308/2176
f 2190/2322/2190 2150/2283/2150 2193/2325/2193
f 2193/2325/2193 2150/2283/2150 2151/2285/2151
f 2193/2325/2193 2151/2285/2151 2154/2286/2154
f 2158/2292/2158 2193/2325/2193 2154/2286/2154
f 2150/2283/2150 2190/2322/2190 2188/2320/2188
f 2152/2284/2152 2150/2283/2150 2188/2320/2188
f 2152/2284/2152 2188/2320/2188 2194/2326/2194
f 2188/2320/2188 2185/2318/2185 2194/2326/2194
f 2152/2284/2152 2194/2326/2194 2144/2277/2144
f 2194/2326/2194 2195/2327/2195 2144/2277/2144
f 2195/2327/2195 2194/2326/2194 2196/2328/2196
f 2194/2326/2194 2185/2318/2185 2196/2328/2196
f 2195/2327/2195 2196/2328/2196 2197/2329/2197
f 2185/2318/2185 2186/2319/2186 2196/2328/2196
f 2198/2330/2198 2197/2329/2197 2196/2328/2196
f 2198/2330/2198 2196/2328/2196 2186/2319/2186
f 2199/2331/2199 2197/2329/2197 2198/2330/2198
f 2200/2332/2200 2199/2331/2199 2198/2330/2198
f 2198/2330/2198 2201/2333/2201 2200/2332/2200
f 2198/2330/2198 2202/2334/2202 2201/2333/2201
f 2202/2334/2202 2198/2330/2198 2186/2319/2186
f 2204/2335/2204 2201/2333/2201 2202/2334/2202
f 2203/2336/2203 2204/2335/2204 2202/2334/2202
f 2205/2337/2205 2203/2336/2203 2202/2334/2202
f 2202/2334/2202 2186/2319/2186 2207/2338/2207
f 2202/2334/2202 2206/2339/2206 2205/2337/2205
f 2202/2334/2202 2207/2338/2207 2206/2339/2206
f 2206/2339/2206 2207/2338/2207 2183/2314/2183
f 2186/2319/2186 2183/2314/2183 2207/2338/2207
f 2183/2314/2183 2208/2340/2208 2206/2339/2206
f 2208/2340/2208 2209/2341/2209 2206/2339/2206
f 2209/2341/2209 2205/2337/2205 2206/2339/2206
f 2209/2341/2209 2208/2340/2208 2210/2342/2210
f 2210/2342/2210 2211/2343/2211 2209/2341/2209
f 2205/2337/2205 2209/2341/2209 2212/2344/2212
f 2212/2344/2212 2209/2341/2209 2211/2343/2211
f 2213/2345/2213 2215/2346/2215 2212/2347/2212
f 2211/2348/2211 2213/2345/2213 2212/2347/2212
f 2214/2349/2214 2205/2337/2205 2212/2344/2212
f 2214/2350/2214 2212/2347/2212 2215/2346/2215
f 2216/2351/2216 2215/2346/2215 2213/2345/2213
f 2214/2350/2214 2215/2346/2215 2218/2352/2218
f 2217/2353/2217 2215/2346/2215 2216/2351/2216
f 2215/2346/2215 2217/2353/2217 2219/2354/2219
f 2219/2354/2219 2218/2352/2218 2215/2346/2215
f 2219/2354/2219 2221/2355/2221 2220/2356/2220
f 2220/2356/2220 2218/2352/2218 2219/2354/2219
f 2219/2354/2219 2217/2353/2217 2221/2355/2221
f 2221/2355/2221 2204/2357/2204 2220/2356/2220
f 2204/2357/2204 2221/2355/2221 2222/2358/2222
f 2224/2359/2224 2222/2358/2222 2221/2355/2221
f 2221/2355/2221 2217/2353/2217 2223/2360/2223
f 2221/2355/2221 2223/2360/2223 2224/2359/2224
f 2224/2359/2224 2225/2361/2225 2222/2358/2222
f 2226/2362/2226 2225/2361/2225 2224/2359/2224
f 2224/2359/2224 2223/2360/2223 2227/2363/2227
f 2226/2362/2226 2224/2359/2224 2227/2363/2227
f 2228/2364/2228 2226/2362/2226 2227/2363/2227
f 2228/2364/2228 2227/2363/2227 2229/2365/2229
f 2223/2360/2223 2229/2365/2229 2227/2363/2227
f 2229/2365/2229 2223/2360/2223 2231/2366/2231
f 2231/2366/2231 2230/2367/2230 2229/2365/2229
f 2229/2365/2229 2230/2367/2230 2232/2368/2232
f 2229/2365/2229 2232/2368/2232 2233/2369/2233
f 2233/2369/2233 2228/2364/2228 2229/2365/2229
f 2233/2369/2233 2236/2370/2236 2234/2371/2234
f 2233/2369/2233 2234/2371/2234 2235/2372/2235
f 2233/2369/2233 2235/2372/2235 2237/2373/2237
f 2236/2370/2236 2233/2369/2233 2232/2368/2232
f 2237/2373/2237 2228/2364/2228 2233/2369/2233
f 2239/2374/2239 2237/2373/2237 2238/2375/2238
f 2237/2373/2237 2235/2372/2235 2238/2375/2238
f 2239/2374/2239 2225/2361/2225 2237/2373/2237
f 2225/2361/2225 2226/2362/2226 2237/2373/2237
f 2228/2364/2228 2237/2373/2237 2226/2362/2226
f 2239/2374/2239 2238/2375/2238 2241/2376/2241
f 2225/2361/2225 2239/2374/2239 2240/2377/2240
f 2240/2377/2240 2239/2374/2239 2241/2376/2241
f 2242/2378/2242 2245/2379/2245 2241/2380/2241
f 2244/2381/2244 2242/2382/2242 2241/2383/2241
f 2244/2381/2244 2241/2383/2241 2243/2384/2243
f 2243/2385/2243 2241/2376/2241 2238/2375/2238
f 2240/2386/2240 2241/2380/2241 2245/2379/2245
f 2246/2387/2246 2240/2386/2240 2245/2379/2245
f 2245/2379/2245 2247/2388/2247 2246/2387/2246
f 2242/2378/2242 2247/2388/2247 2245/2379/2245
f 2247/2388/2247 2242/2378/2242 2248/2389/2248
f 2247/2388/2247 2248/2389/2248 2249/2390/2249
f 2250/2391/2250 2247/2388/2247 2249/2390/2249
f 2246/2387/2246 2247/2388/2247 2250/2391/2250
f 2246/2387/2246 2250/2391/2250 2253/2392/2253
f 2250/2391/2250 2249/2390/2249 2251/2393/2251
f 2251/2393/2251 2252/2394/2252 2250/2391/2250
f 2253/2392/2253 2250/2391/2250 2252/2394/2252
f 2246/2387/2246 2253/2392/2253 2254/2395/2254
f 2254/2395/2254 2253/2392/2253 2255/2396/2255
f 2255/2396/2255 2253/2392/2253 2252/2394/2252
f 2200/2332/2200 2201/2333/2201 2255/2396/2255
f 2200/2332/2200 2255/2396/2255 2256/2397/2256
f 2201/2333/2201 2222/2398/2222 2255/2396/2255
f 2255/2396/2255 2222/2398/2222 2254/2395/2254
f 2252/2394/2252 2256/2397/2256 2255/2396/2255
f 2257/2399/2257 2199/2331/2199 2256/2397/2256
f 2256/2397/2256 2252/2394/2252 2257/2399/2257
f 2256/2397/2256 2199/2331/2199 2200/2332/2200
f 2258/2400/2258 2199/2331/2199 2257/2399/2257
f 2257/2399/2257 2259/2401/2259 2258/2400/2258
f 2257/2399/2257 2252/2394/2252 2259/2401/2259
f 2252/2394/2252 2251/2393/2251 2259/2401/2259
f 2259/2401/2259 2251/2393/2251 2260/2402/2260
f 2259/2401/2259 2260/2402/2260 2261/2403/2261
f 2258/2400/2258 2259/2401/2259 2262/2404/2262
f 2259/2401/2259 2261/2403/2261 2262/2404/2262
f 2262/2404/2262 2266/2405/2266 2263/2406/2263
f 2263/2406/2263 2264/2407/2264 2262/2404/2262
f 2262/2404/2262 2261/2403/2261 2266/2405/2266
f 2264/2407/2264 2265/2408/2265 2262/2404/2262
f 2258/2400/2258 2262/2404/2262 2265/2408/2265
f 2267/2409/2267 2268/2410/2268 2266/2405/2266
f 2266/2405/2266 2269/2411/2269 2267/2409/2267
f 2266/2405/2266 2268/2410/2268 2263/2406/2263
f 2266/2405/2266 2261/2403/2261 2269/2411/2269
f 2269/2412/2269 2270/2413/2270 2273/2414/2273
f 2269/2412/2269 2272/2415/2272 2270/2413/2270
f 2271/2416/2271 2269/2411/2269 2261/2403/2261
f 2271/2416/2271 2272/2417/2272 2269/2411/2269
f 2267/2418/2267 2269/2412/2269 2273/2414/2273
f 2273/2414/2273 2276/2419/2276 2274/2420/2274
f 2273/2414/2273 2274/2420/2274 2267/2418/2267
f 2276/2419/2276 2273/2414/2273 2275/2421/2275
f 2273/2414/2273 2270/2413/2270 2275/2421/2275
f 2276/2419/2276 2275/2421/2275 2278/2422/2278
f 2279/2423/2279 2277/2424/2277 2276/2419/2276
f 2277/2424/2277 2274/2420/2274 2276/2419/2276
f 2280/2425/2280 2276/2419/2276 2278/2422/2278
f 2279/2423/2279 2276/2419/2276 2280/2425/2280
f 2278/2422/2278 2282/2426/2282 2280/2425/2280
f 2281/2427/2281 2283/2428/2283 2280/2425/2280
f 2281/2427/2281 2280/2425/2280 2282/2426/2282
f 2279/2423/2279 2280/2425/2280 2283/2428/2283
f 2284/2429/2284 2285/2430/2285 2283/2428/2283
f 2284/2429/2284 2283/2428/2283 2281/2427/2281
f 2283/2428/2283 2285/2430/2285 2279/2423/2279
f 2286/2431/2286 2285/2430/2285 2284/2429/2284
f 2287/2432/2287 2285/2430/2285 2286/2431/2286
f 2285/2430/2285 2287/2432/2287 2288/2433/2288
f 2285/2430/2285 2288/2433/2288 2279/2423/2279
f 2288/2433/2288 2287/2432/2287 2289/2434/2289
f 2289/2434/2289 2291/2435/2291 2288/2433/2288
f 2290/2436/2290 2279/2423/2279 2288/2433/2288
f 2288/2433/2288 2293/2437/2293 2290/2436/2290
f 2288/2433/2288 2291/2435/2291 2292/2438/2292
f 2288/2433/2288 2292/2438/2292 2293/2437/2293
f 1062/2439/1062 2293/2437/2293 2292/2438/2292
f 2294/2440/2294 2290/2436/2290 2293/2437/2293
f 2294/2441/2294 2293/2442/2293 2295/2443/2295
f 2296/2444/2296 2295/2443/2295 2293/2442/2293
f 1063/1147/1063 2293/2442/2293 1062/1148/1062
f 2293/2442/2293 1063/1147/1063 2296/2444/2296
f 2295/2443/2295 2296/2444/2296 2297/2445/2297
f 2298/2446/2298 2296/2444/2296 1063/1147/1063
f 2296/2444/2296 2298/2446/2298 2297/2445/2297
f 2298/2446/2298 1061/1146/1061 1067/1150/1067
f 1061/1146/1061 2298/2446/2298 1063/1147/1063
f 1067/1150/1067 2299/2447/2299 2298/2446/2298
f 2300/2448/2300 2298/2446/2298 2299/2447/2299
f 2297/2445/2297 2298/2446/2298 2300/2448/2300
f 2300/2448/2300 2263/2406/2263 2295/2443/2295
f 2263/2406/2263 2300/2448/2300 2301/2449/2301
f 2297/2445/2297 2300/2448/2300 2295/2443/2295
f 2302/2450/2302 2301/2449/2301 2300/2448/2300
f 2300/2448/2300 2303/2451/2303 2302/2450/2302
f 2303/2451/2303 2300/2448/2300 2299/2447/2299
f 2303/2451/2303 2299/2447/2299 2304/2452/2304
f 2303/2451/2303 2304/2452/2304 2145/2279/2145
f 2303/2451/2303 2145/2279/2145 2305/2453/2305
f 2303/2451/2303 2305/2453/2305 2302/2450/2302
f 2146/2276/2146 2144/2277/2144 2305/2453/2305
f 2305/2453/2305 2144/2277/2144 2306/2454/2306
f 2307/2455/2307 2305/2453/2305 2306/2454/2306
f 2302/2450/2302 2305/2453/2305 2307/2455/2307
f 2305/2453/2305 2145/2279/2145 2146/2276/2146
f 2307/2455/2307 2265/2408/2265 2302/2450/2302
f 2258/2400/2258 2265/2408/2265 2307/2455/2307
f 2258/2400/2258 2307/2455/2307 2306/2454/2306
f 2258/2400/2258 2306/2454/2306 2199/2331/2199
f 2199/2331/2199 2306/2454/2306 2197/2329/2197
f 2306/2454/2306 2144/2277/2144 2195/2327/2195
f 2197/2329/2197 2306/2454/2306 2195/2327/2195
f 2142/2274/2142 2304/2452/2304 2308/2456/2308
f 2304/2452/2304 1067/1150/1067 2308/2456/2308
f 2304/2452/2304 2299/2447/2299 1067/1150/1067
f 2145/2279/2145 2304/2452/2304 2142/2274/2142
f 2308/2456/2308 1065/1149/1065 2309/2457/2309
f 2309/2457/2309 2310/2458/2310 2308/2456/2308
f 2142/2274/2142 2308/2456/2308 2310/2458/2310
f 1067/1150/1067 1065/1149/1065 2308/2456/2308
f 2310/2458/2310 2309/2457/2309 2311/2459/2311
f 2140/2273/2140 2310/2458/2310 2311/2459/2311
f 2310/2458/2310 2140/2273/2140 2142/2274/2142
f 2309/2457/2309 2315/2460/2315 2311/2459/2311
f 2140/2273/2140 2311/2459/2311 2314/2461/2314
f 2311/2459/2311 2312/2462/2312 2313/2463/2313
f 2312/2462/2312 2311/2459/2311 2315/2460/2315
f 2314/2461/2314 2311/2459/2311 2313/2463/2313
f 2315/2460/2315 2309/2457/2309 1065/1149/1065
f 2315/2460/2315 1065/1149/1065 1066/1151/1066
f 1066/1151/1066 2316/2464/2316 2315/2460/2315
f 2312/2462/2312 2315/2460/2315 2316/2464/2316
f 1099/1183/1099 2316/2464/2316 2317/2465/2317
f 2316/2464/2316 1099/1183/1099 2313/2463/2313
f 1069/1153/1069 2316/2464/2316 1066/1151/1066
f 2316/2464/2316 2313/2463/2313 2312/2462/2312
f 2316/2464/2316 1069/1153/1069 2317/2465/2317
f 2317/2465/2317 1096/1181/1096 1099/1183/1099
f 1096/1181/1096 2317/2465/2317 1070/1154/1070
f 2317/2465/2317 1069/1153/1069 1070/1154/1070
f 2313/2463/2313 2318/2466/2318 2314/2461/2314
f 2318/2466/2318 2319/2467/2319 2314/2461/2314
f 2314/2461/2314 2319/2467/2319 2140/2273/2140
f 2320/2468/2320 2319/2467/2319 2318/2466/2318
f 2140/2273/2140 2319/2467/2319 2134/2265/2134
f 2134/2265/2134 2319/2467/2319 2320/2468/2320
f 2321/2469/2321 2134/2265/2134 2320/2468/2320
f 2320/2468/2320 2322/2470/2322 2321/2469/2321
f 2320/2468/2320 1110/1194/1110 2322/2470/2322
f 2318/2466/2318 1110/1194/1110 2320/2468/2320
f 2322/2470/2322 1112/1196/1112 2325/2471/2325
f 2322/2470/2322 1110/1194/1110 1112/1196/1112
f 2323/2472/2323 2321/2469/2321 2322/2470/2322
f 2324/2473/2324 2323/2472/2323 2322/2470/2322
f 2324/2473/2324 2322/2470/2322 2325/2471/2325
f 2325/2471/2325 1112/1196/1112 1115/1198/1115
f 2325/2471/2325 2326/2474/2326 2324/2473/2324
f 2328/2475/2328 2326/2474/2326 2325/2471/2325
f 2327/2476/2327 2325/2471/2325 1115/1198/1115
f 2327/2476/2327 2329/2477/2329 2325/2471/2325
f 2328/2475/2328 2325/2471/2325 2329/2477/2329
f 2327/2476/2327 2331/2478/2331 2329/2477/2329
f 2330/2479/2330 2328/2475/2328 2329/2477/2329
f 2329/2477/2329 2331/2478/2331 2330/2479/2330
f 1120/1203/1120 2332/2480/2332 2331/2478/2331
f 2331/2478/2331 2332/2480/2332 1277/1374/1277
f 2331/2478/2331 1277/1374/1277 2330/2479/2330
f 2331/2478/2331 2327/2476/2327 1119/1204/1119
f 1119/1204/1119 1120/1203/1120 2331/2478/2331
f 1275/1369/1275 2332/2480/2332 1120/1203/1120
f 1275/1369/1275 1277/1374/1277 2332/2480/2332
f 2333/2481/2333 2328/2475/2328 2330/2479/2330
f 2330/2479/2330 2334/2482/2334 2333/2481/2333
f 2330/2479/2330 1277/1374/1277 2334/2482/2334
f 2334/2482/2334 1277/1374/1277 1278/1373/1278
f 2334/2482/2334 1278/1373/1278 2098/2231/2098
f 2333/2481/2333 2334/2482/2334 2098/2231/2098
f 2333/2481/2333 2098/2231/2098 2328/2475/2328
f 2335/2483/2335 2328/2475/2328 2098/2231/2098
f 2335/2483/2335 2326/2474/2326 2328/2475/2328
f 2335/2483/2335 2098/2231/2098 2097/2229/2097
f 2335/2483/2335 2097/2229/2097 2326/2474/2326
f 2327/2476/2327 1114/1199/1114 1119/1204/1119
f 1114/1199/1114 2327/2476/2327 1115/1198/1115
f 2336/2484/2336 2326/2474/2326 2125/2256/2125
f 2324/2473/2324 2326/2474/2326 2336/2484/2336
f 2326/2474/2326 2097/2229/2097 2125/2256/2125
f 2336/2484/2336 2124/2258/2124 2323/2472/2323
f 2336/2484/2336 2323/2472/2323 2324/2473/2324
f 2125/2256/2125 2124/2258/2124 2336/2484/2336
f 2323/2472/2323 2133/2266/2133 2321/2469/2321
f 2323/2472/2323 2131/2263/2131 2133/2266/2133
f 2127/2260/2127 2323/2472/2323 2124/2258/2124
f 2323/2472/2323 2127/2260/2127 2131/2263/2131
f 2321/2469/2321 2133/2266/2133 2134/2265/2134
f 2318/2466/2318 2313/2463/2313 2337/2485/2337
f 2318/2466/2318 2337/2485/2337 1101/1186/1101
f 2318/2466/2318 1101/1186/1101 1110/1194/1110
f 1099/1183/1099 1101/1186/1101 2337/2485/2337
f 2337/2485/2337 2313/2463/2313 1099/1183/1099
f 2302/2450/2302 2265/2408/2265 2301/2449/2301
f 2301/2449/2301 2264/2407/2264 2263/2406/2263
f 2264/2407/2264 2301/2449/2301 2265/2408/2265
f 2295/2443/2295 2277/2486/2277 2294/2441/2294
f 2338/2487/2338 2295/2443/2295 2263/2406/2263
f 2295/2443/2295 2338/2487/2338 2277/2486/2277
f 2277/2424/2277 2338/2488/2338 2274/2420/2274
f 2267/2418/2267 2274/2420/2274 2338/2488/2338
f 2268/2410/2268 2267/2409/2267 2338/2487/2338
f 2268/2410/2268 2338/2487/2338 2263/2406/2263
f 2294/2440/2294 2277/2424/2277 2290/2436/2290
f 1054/1136/1054 1062/2439/1062 2292/2438/2292
f 2291/2435/2291 1054/1136/1054 2292/2438/2292
f 2289/2434/2289 1052/1134/1052 2291/2435/2291
f 2291/2435/2291 1052/1134/1052 1054/1136/1054
f 2277/2424/2277 2279/2423/2279 2290/2436/2290
f 2340/2489/2340 1052/1134/1052 2289/2434/2289
f 2289/2434/2289 2339/2490/2339 2340/2489/2340
f 2339/2490/2339 2289/2434/2289 2287/2432/2287
f 2340/2489/2340 2341/2491/2341 2342/2492/2342
f 2340/2489/2340 2339/2490/2339 2341/2491/2341
f 2342/2492/2342 1051/1133/1051 2340/2489/2340
f 2340/2489/2340 1051/1133/1051 1052/1134/1052
f 2342/2492/2342 2343/2493/2343 1047/1130/1047
f 2343/2493/2343 2342/2492/2342 2344/2494/2344
f 2341/2491/2341 2344/2494/2344 2342/2492/2342
f 1047/1130/1047 1051/1133/1051 2342/2492/2342
f 2347/2495/2347 2344/2494/2344 2345/2496/2345
f 2345/2496/2345 2344/2494/2344 2346/2497/2346
f 2344/2494/2344 2341/2491/2341 2346/2497/2346
f 2344/2494/2344 2347/2495/2347 2343/2493/2343
f 2347/2495/2347 2345/2496/2345 2351/2498/2351
f 2348/2499/2348 2343/2493/2343 2347/2495/2347
f 2348/2499/2348 2347/2495/2347 2352/2500/2352
f 2347/2495/2347 2349/2501/2349 2352/2500/2352
f 2350/2502/2350 2349/2501/2349 2347/2495/2347
f 2351/2498/2351 2350/2502/2350 2347/2495/2347
f 2349/2501/2349 1029/1108/1029 2352/2500/2352
f 1029/1108/1029 1031/1109/1031 2352/2500/2352
f 1031/1109/1031 2348/2499/2348 2352/2500/2352
f 2354/2503/2354 2351/2498/2351 2345/2496/2345
f 2350/2502/2350 2351/2498/2351 2353/2504/2353
f 2354/2503/2354 2353/2504/2353 2351/2498/2351
f 2345/2496/2345 2357/2505/2357 2354/2503/2354
f 2355/2506/2355 2353/2504/2353 2354/2503/2354
f 2354/2503/2354 2356/2507/2356 2355/2506/2355
f 2357/2505/2357 2356/2507/2356 2354/2503/2354
f 2356/2507/2356 2357/2505/2357 2359/2508/2359
f 2357/2505/2357 2346/2497/2346 2358/2509/2358
f 2358/2509/2358 2359/2508/2359 2357/2505/2357
f 2357/2505/2357 2345/2496/2345 2346/2497/2346
f 2358/2509/2358 2361/2510/2361 2359/2508/2359
f 2359/2508/2359 2361/2510/2361 2360/2511/2360
f 2362/2512/2362 2359/2508/2359 2360/2511/2360
f 2359/2508/2359 2362/2512/2362 2356/2507/2356
f 2356/2507/2356 2362/2512/2362 2355/2506/2355
f 2362/2512/2362 2363/2513/2363 2355/2506/2355
f 2362/2512/2362 2360/2511/2360 2363/2513/2363
f 2364/2514/2364 2355/2506/2355 2363/2513/2363
f 2364/2514/2364 2363/2513/2363 2365/2515/2365
f 2365/2515/2365 2363/2513/2363 2360/2511/2360
f 2366/2516/2366 2367/2517/2367 2365/2515/2365
f 2360/2511/2360 2366/2516/2366 2365/2515/2365
f 2364/2514/2364 2365/2515/2365 2367/2517/2367
f 2367/2517/2367 2368/2518/2368 2364/2514/2364
f 2370/2519/2370 2368/2518/2368 2367/2517/2367
f 2366/2516/2366 2369/2520/2369 2367/2517/2367
f 2367/2517/2367 2369/2520/2369 2371/2521/2371
f 2367/2517/2367 2371/2521/2371 2370/2519/2370
f 2370/2519/2370 2371/2521/2371 2374/2522/2374
f 2373/2523/2373 2372/2524/2372 2371/2521/2371
f 2371/2521/2371 2372/2524/2372 2375/2525/2375
f 2369/2520/2369 2373/2523/2373 2371/2521/2371
f 2374/2522/2374 2371/2521/2371 2375/2525/2375
f 2376/2526/2376 2375/2525/2375 2377/2527/2377
f 2374/2522/2374 2375/2525/2375 2376/2526/2376
f 2375/2525/2375 2372/2524/2372 2377/2527/2377
f 2381/2528/2381 2376/2526/2376 2377/2527/2377
f 2379/2529/2379 2377/2527/2377 2372/2524/2372
f 2377/2527/2377 2379/2529/2379 2378/2530/2378
f 2377/2527/2377 2378/2530/2378 2380/2531/2380
f 2380/2531/2380 2381/2528/2381 2377/2527/2377
f 2381/2528/2381 2380/2531/2380 2382/2532/2382
f 2381/2528/2381 2382/2532/2382 2383/2533/2383
f 2383/2533/2383 2376/2526/2376 2381/2528/2381
f 2383/2534/2383 2382/2535/2382 2384/2536/2384
f 2383/2534/2383 2384/2536/2384 2387/2537/2387
f 2386/2538/2386 2376/2526/2376 2383/2533/2383
f 2386/2538/2386 2383/2533/2383 2385/2539/2385
f 2387/2537/2387 2385/2540/2385 2383/2534/2383
f 2388/2541/2388 2387/2537/2387 2384/2536/2384
f 2389/2542/2389 2387/2537/2387 2388/2541/2388
f 2387/2537/2387 2389/2542/2389 2391/2543/2391
f 2385/2540/2385 2387/2537/2387 2390/2544/2390
f 2390/2544/2390 2387/2537/2387 2391/2543/2391
f 2391/2543/2391 2394/2545/2394 2390/2544/2390
f 2393/2546/2393 2392/2547/2392 2391/2543/2391
f 2394/2545/2394 2391/2543/2391 2392/2547/2392
f 2391/2543/2391 2389/2542/2389 2393/2546/2393
f 2394/2545/2394 2398/2548/2398 2395/2549/2395
f 2395/2549/2395 2397/2550/2397 2394/2545/2394
f 2394/2545/2394 2396/2551/2396 2390/2544/2390
f 2394/2545/2394 2397/2550/2397 2396/2551/2396
f 2398/2548/2398 2394/2545/2394 2392/2547/2392
f 2398/2548/2398 2400/2552/2400 2395/2549/2395
f 2399/2553/2399 2398/2548/2398 2392/2547/2392
f 2398/2548/2398 2399/2553/2399 2400/2552/2400
f 2401/2554/2401 2400/2552/2400 2402/2555/2402
f 2400/2552/2400 2401/2554/2401 2395/2549/2395
f 2402/2555/2402 2400/2552/2400 2404/2556/2404
f 2400/2552/2400 2399/2553/2399 2403/2557/2403
f 2400/2552/2400 2403/2557/2403 2404/2556/2404
f 2406/2558/2406 2404/2556/2404 2405/2559/2405
f 2403/2557/2403 2405/2559/2405 2404/2556/2404
f 2406/2558/2406 2402/2555/2402 2404/2556/2404
f 2405/2559/2405 2407/2560/2407 2406/2558/2406
f 2407/2561/2407 2408/2562/2408 2406/2563/2406
f 2406/2563/2406 2408/2562/2408 2402/2564/2402
f 2409/2565/2409 2408/2562/2408 2407/2561/2407
f 2409/2565/2409 2410/2566/2410 2408/2562/2408
f 2410/2566/2410 2411/2567/2411 2408/2562/2408
f 2408/2562/2408 2411/2567/2411 2402/2564/2402
f 2411/2567/2411 2412/2568/2412 2415/2569/2415
f 2410/2566/2410 2412/2568/2412 2411/2567/2411
f 2401/2570/2401 2402/2564/2402 2411/2567/2411
f 2401/2570/2401 2411/2567/2411 2414/2571/2414
f 2413/2572/2413 2411/2567/2411 2415/2569/2415
f 2414/2571/2414 2411/2567/2411 2413/2572/2413
f 2417/2573/2417 2415/2569/2415 2412/2568/2412
f 2415/2569/2415 2416/2574/2416 2413/2572/2413
f 2415/2569/2415 2417/2573/2417 2416/2574/2416
f 2417/2573/2417 2412/2568/2412 2421/2575/2421
f 2417/2573/2417 2421/2575/2421 2418/2576/2418
f 2417/2573/2417 2418/2576/2418 2419/2577/2419
f 2417/2573/2417 2419/2577/2419 2420/2578/2420
f 2420/2578/2420 2416/2574/2416 2417/2573/2417
f 2421/2575/2421 2422/2579/2422 2409/2565/2409
f 2421/2575/2421 2412/2568/2412 2422/2579/2422
f 2421/2575/2421 2409/2565/2409 2423/2580/2423
f 2421/2575/2421 2423/2580/2423 2418/2576/2418
f 2425/2581/2425 2424/2582/2424 2423/2580/2423
f 2423/2580/2423 2424/2582/2424 2418/2576/2418
f 2426/2583/2426 2425/2581/2425 2423/2580/2423
f 2409/2565/2409 2426/2583/2426 2423/2580/2423
f 2426/2583/2426 2409/2565/2409 2427/2584/2427
f 2426/2583/2426 2427/2584/2427 2428/2585/2428
f 2426/2583/2426 2428/2585/2428 2425/2581/2425
f 2428/2585/2428 2427/2584/2427 2429/2586/2429
f 2428/2585/2428 2429/2586/2429 2430/2587/2430
f 2433/2588/2433 2428/2585/2428 2430/2587/2430
f 2428/2585/2428 2431/2589/2431 2425/2581/2425
f 2431/2589/2431 2428/2585/2428 2432/2590/2432
f 2432/2590/2432 2428/2585/2428 2433/2588/2433
f 2432/2590/2432 2433/2588/2433 2435/2591/2435
f 2435/2591/2435 2433/2588/2433 2434/2592/2434
f 2434/2592/2434 2433/2588/2433 2436/2593/2436
f 2430/2587/2430 2436/2593/2436 2433/2588/2433
f 2437/2594/2437 2434/2592/2434 2436/2593/2436
f 2437/2594/2437 2436/2593/2436 2439/2595/2439
f 2436/2593/2436 2430/2587/2430 2440/2596/2440
f 2436/2593/2436 2440/2596/2440 2438/2597/2438
f 2436/2593/2436 2438/2597/2438 2439/2595/2439
f 2440/2598/2440 2429/2599/2429 2441/2600/2441
f 2440/2596/2440 2430/2587/2430 2429/2586/2429
f 2442/2601/2442 2440/2598/2440 2441/2600/2441
f 2440/2598/2440 2442/2601/2442 2443/2602/2443
f 2440/2598/2440 2443/2602/2443 2438/2603/2438
f 2443/2602/2443 2442/2601/2442 2444/2604/2444
f 2443/2602/2443 2445/2605/2445 2438/2603/2438
f 2443/2602/2443 2444/2604/2444 2445/2605/2445
f 2444/2604/2444 2449/2606/2449 2445/2605/2445
f 2446/2607/2446 2445/2605/2445 2447/2608/2447
f 2438/2603/2438 2445/2605/2445 2446/2607/2446
f 2448/2609/2448 2447/2608/2447 2445/2605/2445
f 2448/2609/2448 2445/2605/2445 2449/2606/2449
f 2449/2606/2449 2444/2604/2444 2450/2610/2450
f 2450/2610/2450 2448/2609/2448 2449/2606/2449
f 2451/2611/2451 2450/2610/2450 2444/2604/2444
f 2453/2612/2453 2450/2610/2450 2451/2611/2451
f 2448/2609/2448 2450/2610/2450 2452/2613/2452
f 2450/2610/2450 2453/2612/2453 2452/2613/2452
f 2452/2613/2452 2453/2612/2453 2454/2614/2454
f 2453/2612/2453 2455/2615/2455 2454/2614/2454
f 2453/2612/2453 2451/2611/2451 2456/2616/2456
f 2453/2612/2453 2456/2616/2456 2455/2615/2455
f 2455/2615/2455 2456/2616/2456 2457/2617/2457
f 2456/2616/2456 2451/2611/2451 2457/2617/2457
f 2457/2617/2457 2458/2618/2458 2460/2619/2460
f 2457/2617/2457 2459/2620/2459 2458/2618/2458
f 2460/2619/2460 2455/2615/2455 2457/2617/2457
f 2459/2620/2459 2457/2617/2457 2451/2611/2451
f 2461/2621/2461 2460/2619/2460 2458/2618/2458
f 2461/2621/2461 2399/2553/2399 2460/2619/2460
f 2462/2622/2462 2460/2619/2460 2399/2553/2399
f 2455/2615/2455 2460/2619/2460 2463/2623/2463
f 2463/2623/2463 2460/2619/2460 2462/2622/2462
f 2466/2624/2466 2455/2615/2455 2463/2623/2463
f 2462/2622/2462 2464/2625/2464 2463/2623/2463
f 2464/2625/2464 2465/2626/2465 2463/2623/2463
f 2465/2626/2465 2466/2624/2466 2463/2623/2463
f 2467/2627/2467 2466/2624/2466 2468/2628/2468
f 2466/2624/2466 2467/2627/2467 2454/2614/2454
f 2454/2614/2454 2455/2615/2455 2466/2624/2466
f 2468/2628/2468 2466/2624/2466 2465/2626/2465
f 2469/2629/2469 2467/2627/2467 2468/2628/2468
f 2469/2629/2469 2468/2628/2468 2471/2630/2471
f 2468/2628/2468 2465/2626/2465 2470/2631/2470
f 2470/2631/2470 2471/2630/2471 2468/2628/2468
f 2470/2631/2470 2472/2632/2472 2471/2630/2471
f 2472/2632/2472 2473/2633/2473 2471/2630/2471
f 2469/2629/2469 2471/2630/2471 2473/2633/2473
f 2472/2632/2472 2474/2634/2474 2473/2633/2473
f 2474/2634/2474 2475/2635/2475 2473/2633/2473
f 2473/2633/2473 2475/2635/2475 2477/2636/2477
f 2478/2637/2478 2469/2629/2469 2473/2633/2473
f 2473/2633/2473 2477/2636/2477 2476/2638/2476
f 2478/2637/2478 2473/2633/2473 2476/2638/2476
f 2479/2639/2479 2469/2629/2469 2478/2637/2478
f 2476/2638/2476 2479/2639/2479 2478/2637/2478
f 2480/2640/2480 2479/2639/2479 2483/2641/2483
f 2481/2642/2481 2479/2639/2479 2480/2640/2480
f 2479/2639/2479 2481/2642/2481 2469/2629/2469
f 2479/2639/2479 2476/2638/2476 2482/2643/2482
f 2483/2641/2483 2479/2639/2479 2482/2643/2482
f 2483/2641/2483 2484/2644/2484 2480/2640/2480
f 2483/2641/2483 2485/2645/2485 2484/2644/2484
f 2482/2643/2482 2485/2645/2485 2483/2641/2483
f 2486/2646/2486 2485/2645/2485 2487/2647/2487
f 2484/2644/2484 2485/2645/2485 2486/2646/2486
f 2487/2647/2487 2485/2645/2485 2488/2648/2488
f 2489/2649/2489 2488/2648/2488 2485/2645/2485
f 2489/2649/2489 2485/2645/2485 2482/2643/2482
f 2482/2643/2482 2490/2650/2490 2489/2649/2489
f 2490/2650/2490 2491/2651/2491 2489/2649/2489
f 2488/2648/2488 2489/2649/2489 2491/2651/2491
f 2491/2651/2491 2490/2650/2490 2492/2652/2492
f 2492/2652/2492 2493/2653/2493 2491/2651/2491
f 2491/2651/2491 2493/2653/2493 2488/2648/2488
f 2493/2653/2493 2492/2652/2492 2494/2654/2494
f 2495/2655/2495 2493/2653/2493 2494/2654/2494
f 2496/2656/2496 2493/2653/2493 2495/2655/2495
f 2496/2656/2496 2497/2657/2497 2493/2653/2493
f 2493/2653/2493 2497/2657/2497 2488/2648/2488
f 2498/2658/2498 2497/2657/2497 2496/2656/2496
f 2498/2658/2498 2499/2659/2499 2497/2657/2497
f 2497/2657/2497 2499/2659/2499 2488/2648/2488
f 2500/2660/2500 2499/2659/2499 2501/2661/2501
f 2488/2648/2488 2499/2659/2499 2500/2660/2500
f 2499/2659/2499 2498/2658/2498 2502/2662/2502
f 2502/2662/2502 2501/2661/2501 2499/2659/2499
f 2505/2663/2505 2503/2664/2503 2502/2662/2502
f 2502/2665/2502 2503/2666/2503 2504/2667/2504
f 2501/2668/2501 2502/2665/2502 2504/2667/2504
f 2506/2669/2506 2505/2663/2505 2502/2662/2502
f 2506/2669/2506 2502/2662/2502 2498/2658/2498
f 2498/2658/2498 2496/2656/2496 2506/2669/2506
f 2496/2656/2496 2505/2663/2505 2506/2669/2506
f 2505/2663/2505 2509/2670/2509 2503/2664/2503
f 2505/2663/2505 2496/2656/2496 2507/2671/2507
f 2507/2671/2507 2508/2672/2508 2505/2663/2505
f 2509/2670/2509 2505/2663/2505 2508/2672/2508
f 2509/2673/2509 2512/2674/2512 2510/2675/2510
f 2510/2675/2510 2511/2676/2511 2509/2673/2509
f 2511/2676/2511 2503/2677/2503 2509/2673/2509
f 2513/2678/2513 2512/2674/2512 2509/2673/2509
f 2513/2679/2513 2509/2670/2509 2508/2672/2508
f 2513/2678/2513 2518/2680/2518 2512/2674/2512
f 2513/2678/2513 2516/2681/2516 2514/2682/2514
f 2513/2678/2513 2514/2682/2514 2515/2683/2515
f 2515/2683/2515 2518/2680/2518 2513/2678/2513
f 2517/2684/2517 2516/2685/2516 2513/2679/2513
f 2513/2679/2513 2508/2672/2508 2517/2684/2517
f 2518/2680/2518 2510/2675/2510 2512/2674/2512
f 2515/2683/2515 2519/2686/2519 2518/2680/2518
f 2520/2687/2520 2518/2680/2518 2519/2686/2519
f 2520/2687/2520 2510/2675/2510 2518/2680/2518
f 2521/2688/2521 2510/2675/2510 2520/2687/2520
f 2521/2688/2521 2520/2687/2520 2522/2689/2522
f 2522/2689/2522 2520/2687/2520 2519/2686/2519
f 2522/2689/2522 2523/2690/2523 2524/2691/2524
f 2525/2692/2525 2523/2690/2523 2522/2689/2522
f 2525/2692/2525 2522/2689/2522 2519/2686/2519
f 2522/2689/2522 2524/2691/2524 2521/2688/2521
f 2528/2693/2528 2525/2692/2525 2526/2694/2526
f 2525/2692/2525 2530/2695/2530 2526/2694/2526
f 2527/2696/2527 2525/2692/2525 2529/2697/2529
f 2527/2696/2527 2530/2695/2530 2525/2692/2525
f 2525/2692/2525 2528/2693/2528 2523/2690/2523
f 2525/2692/2525 2519/2686/2519 2529/2697/2529
f 2531/2698/2531 2533/2699/2533 2530/2695/2530
f 2531/2698/2531 2530/2695/2530 2532/2700/2532
f 2532/2700/2532 2530/2695/2530 2527/2696/2527
f 2533/2699/2533 2526/2694/2526 2530/2695/2530
f 2533/2699/2533 2535/2701/2535 2534/2702/2534
f 2526/2694/2526 2533/2699/2533 2534/2702/2534
f 2533/2699/2533 2531/2698/2531 2535/2701/2535
f 2535/2701/2535 2536/2703/2536 2538/2704/2538
f 2535/2701/2535 2539/2705/2539 2536/2703/2536
f 2535/2701/2535 2537/2706/2537 2534/2702/2534
f 2539/2705/2539 2535/2701/2535 2531/2698/2531
f 2538/2704/2538 2537/2706/2537 2535/2701/2535
f 2541/2707/2541 2536/2703/2536 2539/2705/2539
f 2531/2698/2531 2540/2708/2540 2539/2705/2539
f 2542/2709/2542 2539/2705/2539 2540/2708/2540
f 2539/2705/2539 2542/2709/2542 2541/2707/2541
f 2545/2710/2545 2542/2709/2542 2543/2711/2543
f 2542/2709/2542 2540/2708/2540 2543/2711/2543
f 2542/2709/2542 2544/2712/2544 2541/2707/2541
f 2546/2713/2546 2544/2712/2544 2542/2709/2542
f 2546/2713/2546 2542/2709/2542 2545/2710/2545
f 2550/2714/2550 2546/2713/2546 2547/2715/2547
f 2546/2713/2546 2548/2716/2548 2547/2715/2547
f 2548/2716/2548 2546/2713/2546 2549/2717/2549
f 2545/2710/2545 2549/2717/2549 2546/2713/2546
f 2550/2714/2550 2544/2712/2544 2546/2713/2546
f 2541/2707/2541 2544/2712/2544 2550/2714/2550
f 2547/2715/2547 2551/2718/2551 2550/2714/2550
f 2550/2714/2550 2551/2718/2551 2541/2707/2541
f 2551/2718/2551 2554/2719/2554 2536/2703/2536
f 2541/2707/2541 2551/2718/2551 2536/2703/2536
f 2551/2718/2551 2547/2715/2547 2552/2720/2552
f 2552/2720/2552 2553/2721/2553 2551/2718/2551
f 2551/2718/2551 2553/2721/2553 2554/2719/2554
f 2554/2719/2554 2555/2722/2555 2556/2723/2556
f 2554/2719/2554 2553/2721/2553 2555/2722/2555
f 2556/2723/2556 2558/2724/2558 2554/2719/2554
f 2554/2719/2554 2558/2724/2558 2557/2725/2557
f 2554/2719/2554 2557/2725/2557 2536/2703/2536
f 2561/2726/2561 2559/2727/2559 2558/2724/2558
f 2560/2728/2560 2558/2724/2558 2559/2727/2559
f 2557/2725/2557 2558/2724/2558 2560/2728/2560
f 2558/2724/2558 2556/2723/2556 2561/2726/2561
f 2564/2729/2564 2561/2726/2561 2562/2730/2562
f 2561/2726/2561 2556/2723/2556 2562/2730/2562
f 2561/2726/2561 2563/2731/2563 2559/2727/2559
f 2563/2731/2563 2561/2726/2561 2564/2729/2564
f 2565/2732/2565 2563/2731/2563 2564/2729/2564
f 2565/2732/2565 2564/2729/2564 2566/2733/2566
f 2562/2730/2562 2566/2733/2566 2564/2729/2564
f 2565/2732/2565 2566/2733/2566 2571/2734/2571
f 2570/2735/2570 2567/2736/2567 2566/2733/2566
f 2566/2733/2566 2567/2736/2567 2571/2734/2571
f 2562/2730/2562 2568/2737/2568 2566/2733/2566
f 2568/2737/2568 2569/2738/2569 2566/2733/2566
f 2570/2735/2570 2566/2733/2566 2569/2738/2569
f 2571/2734/2571 2573/2739/2573 2572/2740/2572
f 2565/2732/2565 2571/2734/2571 2572/2740/2572
f 2567/2736/2567 2574/2741/2574 2571/2734/2571
f 2574/2741/2574 2573/2739/2573 2571/2734/2571
f 2567/2736/2567 2578/2742/2578 2574/2741/2574
f 2573/2739/2573 2574/2741/2574 2577/2743/2577
f 2574/2741/2574 2576/2744/2576 2575/2745/2575
f 2575/2745/2575 2577/2743/2577 2574/2741/2574
f 2574/2741/2574 2578/2742/2578 2576/2744/2576
f 2579/2746/2579 2578/2742/2578 2567/2736/2567
f 2579/2746/2579 2576/2744/2576 2578/2742/2578
f 2580/2747/2580 2581/2748/2581 2579/2746/2579
f 2570/2735/2570 2580/2747/2580 2579/2746/2579
f 2570/2735/2570 2579/2746/2579 2567/2736/2567
f 2582/2749/2582 2579/2746/2579 2581/2748/2581
f 2576/2744/2576 2579/2746/2579 2582/2749/2582
f 2583/2750/2583 2582/2749/2582 2586/2751/2586
f 2587/2752/2587 2582/2749/2582 2583/2750/2583
f 2576/2744/2576 2582/2749/2582 2587/2752/2587
f 2582/2749/2582 2581/2748/2581 2584/2753/2584
f 2582/2749/2582 2584/2753/2584 2585/2754/2585
f 2582/2749/2582 2585/2754/2585 2586/2751/2586
f 2587/2752/2587 2588/2755/2588 2576/2744/2576
f 2587/2752/2587 2590/2756/2590 2588/2755/2588
f 2589/2757/2589 2587/2752/2587 2583/2750/2583
f 2590/2756/2590 2587/2752/2587 2589/2757/2589
f 2590/2756/2590 2591/2758/2591 2588/2755/2588
f 2593/2759/2593 2591/2758/2591 2590/2756/2590
f 2589/2757/2589 2592/2760/2592 2590/2756/2590
f 2590/2756/2590 2592/2760/2592 2593/2759/2593
f 2594/2761/2594 2591/2758/2591 2593/2759/2593
f 2593/2759/2593 2595/2762/2595 2594/2761/2594
f 2592/2760/2592 2595/2762/2595 2593/2759/2593
f 2592/2760/2592 2597/2763/2597 2595/2762/2595
f 2595/2762/2595 2596/2764/2596 2594/2761/2594
f 2597/2763/2597 2596/2764/2596 2595/2762/2595
f 2592/2760/2592 2601/2765/2601 2597/2763/2597
f 2598/2766/2598 2596/2767/2596 2597/2768/2597
f 2599/2769/2599 2598/2766/2598 2597/2768/2597
f 2600/2770/2600 2599/2769/2599 2597/2768/2597
f 2601/2771/2601 2600/2770/2600 2597/2768/2597
f 2602/2772/2602 2600/2770/2600 2601/2771/2601
f 2603/2773/2603 2602/2774/2602 2601/2765/2601
f 2604/2775/2604 2603/2773/2603 2601/2765/2601
f 2601/2765/2601 2592/2760/2592 2604/2775/2604
f 2592/2760/2592 2589/2757/2589 2604/2775/2604
f 2604/2775/2604 2589/2757/2589 2606/2776/2606
f 2605/2777/2605 2604/2778/2604 2608/2779/2608
f 2605/2777/2605 2603/2780/2603 2604/2778/2604
f 2604/2775/2604 2606/2776/2606 2607/2781/2607
f 2608/2779/2608 2604/2778/2604 2607/2782/2607
f 2608/2779/2608 2607/2782/2607 2609/2783/2609
f 2610/2784/2610 2608/2779/2608 2609/2783/2609
f 2611/2785/2611 2608/2779/2608 2610/2784/2610
f 2608/2779/2608 2611/2785/2611 2605/2777/2605
f 2611/2785/2611 2610/2784/2610 2613/2786/2613
f 2611/2785/2611 2613/2786/2613 2612/2787/2612
f 2611/2785/2611 2612/2787/2612 2605/2777/2605
f 2610/2784/2610 2614/2788/2614 2613/2786/2613
f 2613/2786/2613 2614/2788/2614 2615/2789/2615
f 2613/2786/2613 2615/2789/2615 2616/2790/2616
f 2616/2790/2616 2617/2791/2617 2613/2786/2613
f 2612/2787/2612 2613/2786/2613 2617/2791/2617
f 2618/2792/2618 2617/2791/2617 2616/2790/2616
f 2619/2793/2619 2617/2791/2617 2618/2792/2618
f 2617/2791/2617 2619/2793/2619 2612/2787/2612
f 2621/2794/2621 2619/2793/2619 2618/2792/2618
f 2620/2795/2620 2622/2796/2622 2619/2793/2619
f 2619/2793/2619 2621/2794/2621 2620/2795/2620
f 2612/2787/2612 2619/2793/2619 2622/2796/2622
f 2620/2795/2620 2623/2797/2623 2622/2796/2622
f 2603/2780/2603 2622/2796/2622 2623/2797/2623
f 2622/2796/2622 2603/2780/2603 2605/2777/2605
f 2612/2787/2612 2622/2796/2622 2605/2777/2605
f 2603/2780/2603 2623/2797/2623 2602/2798/2602
f 2623/2797/2623 2624/2799/2624 2602/2798/2602
f 2624/2799/2624 2623/2797/2623 2625/2800/2625
f 2623/2797/2623 2620/2795/2620 2625/2800/2625
f 2626/2801/2626 2625/2800/2625 2620/2795/2620
f 2627/2802/2627 2625/2800/2625 2626/2801/2626
f 2624/2799/2624 2625/2800/2625 2627/2802/2627
f 2627/2803/2627 2628/2804/2628 2624/2805/2624
f 2629/2806/2629 2628/2804/2628 2627/2803/2627
f 2627/2802/2627 2631/2807/2631 2629/2808/2629
f 2627/2802/2627 2626/2801/2626 2630/2809/2630
f 2630/2809/2630 2631/2807/2631 2627/2802/2627
f 2631/2807/2631 2632/2810/2632 2629/2808/2629
f 2630/2809/2630 2634/2811/2634 2631/2807/2631
f 2632/2810/2632 2631/2807/2631 2633/2812/2633
f 2634/2811/2634 2633/2812/2633 2631/2807/2631
f 2633/2812/2633 2634/2811/2634 2635/2813/2635
f 2635/2813/2635 2634/2811/2634 2636/2814/2636
f 2636/2814/2636 2634/2811/2634 2630/2809/2630
f 2621/2794/2621 2636/2814/2636 2630/2809/2630
f 2636/2814/2636 2637/2815/2637 2635/2813/2635
f 2621/2794/2621 2637/2815/2637 2636/2814/2636
f 2638/2816/2638 2637/2815/2637 2640/2817/2640
f 2637/2815/2637 2638/2816/2638 2635/2813/2635
f 2639/2818/2639 2637/2815/2637 2621/2794/2621
f 2639/2818/2639 2640/2817/2640 2637/2815/2637
f 2640/2817/2640 2641/2819/2641 2638/2816/2638
f 2641/2819/2641 2640/2817/2640 2643/2820/2643
f 2639/2818/2639 2642/2821/2642 2640/2817/2640
f 2640/2817/2640 2642/2821/2642 2643/2820/2643
f 2647/2822/2647 2644/2823/2644 2643/2820/2643
f 2644/2823/2644 2641/2819/2641 2643/2820/2643
f 2647/2822/2647 2643/2820/2643 2645/2824/2645
f 2646/2825/2646 2645/2824/2645 2643/2820/2643
f 2643/2820/2643 2642/2821/2642 2646/2825/2646
f 2647/2822/2647 2649/2826/2649 2644/2823/2644
f 2648/2827/2648 2647/2822/2647 2645/2824/2645
f 2648/2827/2648 2650/2828/2650 2647/2822/2647
f 2651/2829/2651 2649/2826/2649 2647/2822/2647
f 2647/2822/2647 2650/2828/2650 2651/2829/2651
f 2652/2830/2652 2649/2826/2649 2651/2829/2651
f 2654/2831/2654 2651/2829/2651 2650/2828/2650
f 2651/2829/2651 2653/2832/2653 2652/2830/2652
f 2654/2831/2654 2653/2832/2653 2651/2829/2651
f 2655/2833/2655 2654/2831/2654 2656/2834/2656
f 2655/2833/2655 2658/2835/2658 2654/2831/2654
f 2656/2834/2656 2654/2831/2654 2657/2836/2657
f 2650/2828/2650 2657/2836/2657 2654/2831/2654
f 2654/2831/2654 2658/2835/2658 2653/2832/2653
f 2658/2835/2658 2655/2833/2655 2661/2837/2661
f 2658/2835/2658 2661/2837/2661 2659/2838/2659
f 2658/2835/2658 2659/2838/2659 2660/2839/2660
f 2658/2835/2658 2660/2839/2660 2653/2832/2653
f 2661/2840/2661 2655/2841/2655 2663/2842/2663
f 2664/2843/2664 2661/2840/2661 2662/2844/2662
f 2662/2844/2662 2661/2840/2661 2663/2842/2663
f 2661/2840/2661 2664/2843/2664 2659/2845/2659
f 2664/2843/2664 2662/2844/2662 2665/2846/2665
f 2665/2846/2665 2666/2847/2666 2664/2843/2664
f 2664/2843/2664 2666/2847/2666 2667/2848/2667
f 2667/2848/2667 2659/2845/2659 2664/2843/2664
f 2667/2849/2667 2668/2850/2668 2660/2839/2660
f 2668/2850/2668 2667/2849/2667 2666/2851/2666
f 2667/2849/2667 2660/2839/2660 2659/2838/2659
f 2666/2852/2666 2669/2853/2669 2668/2854/2668
f 2671/2855/2671 2668/2854/2668 2669/2853/2669
f 2670/2856/2670 2660/2839/2660 2668/2850/2668
f 2668/2854/2668 2671/2855/2671 2670/2857/2670
f 2669/2853/2669 2672/2858/2672 2671/2855/2671
f 2671/2855/2671 2672/2858/2672 2673/2859/2673
f 2670/2857/2670 2671/2855/2671 2673/2859/2673
f 2674/2860/2674 2670/2857/2670 2673/2859/2673
f 2672/2858/2672 2674/2860/2674 2673/2859/2673
f 2674/2860/2674 2675/2861/2675 2677/2862/2677
f 2676/2863/2676 2675/2861/2675 2674/2860/2674
f 2676/2863/2676 2674/2860/2674 2672/2858/2672
f 2677/2862/2677 2670/2857/2670 2674/2860/2674
f 2675/2861/2675 2678/2864/2678 2677/2862/2677
f 2680/2865/2680 2677/2862/2677 2678/2864/2678
f 2677/2862/2677 2679/2866/2679 2681/2867/2681
f 2679/2866/2679 2677/2862/2677 2680/2865/2680
f 2670/2857/2670 2677/2862/2677 2681/2867/2681
f 2681/2868/2681 2679/2869/2679 2682/2870/2682
f 2681/2868/2681 2683/2871/2683 2670/2856/2670
f 2681/2868/2681 2682/2870/2682 2683/2871/2683
f 2683/2871/2683 2682/2870/2682 2684/2872/2684
f 2684/2872/2684 2649/2826/2649 2683/2871/2683
f 2652/2830/2652 2683/2871/2683 2649/2826/2649
f 2683/2871/2683 2652/2830/2652 2670/2856/2670
f 2686/2873/2686 2685/2874/2685 2684/2872/2684
f 2644/2823/2644 2684/2872/2684 2685/2874/2685
f 2644/2823/2644 2649/2826/2649 2684/2872/2684
f 2686/2873/2686 2684/2872/2684 2682/2870/2682
f 2682/2870/2682 2679/2869/2679 2686/2873/2686
f 2679/2869/2679 2687/2875/2687 2686/2873/2686
f 2687/2875/2687 2685/2874/2685 2686/2873/2686
f 2688/2876/2688 2690/2877/2690 2687/2875/2687
f 2687/2878/2687 2691/2879/2691 2688/2880/2688
f 2687/2878/2687 2680/2865/2680 2689/2881/2689
f 2689/2881/2689 2691/2879/2691 2687/2878/2687
f 2679/2866/2679 2680/2865/2680 2687/2878/2687
f 2690/2877/2690 2685/2874/2685 2687/2875/2687
f 2689/2881/2689 2692/2882/2692 2691/2879/2691
f 2691/2879/2691 2692/2882/2692 2693/2883/2693
f 2688/2880/2688 2691/2879/2691 2693/2883/2693
f 2688/2880/2688 2693/2883/2693 2629/2806/2629
f 2693/2883/2693 2692/2882/2692 2629/2806/2629
f 2692/2882/2692 2694/2884/2694 2696/2885/2696
f 2695/2886/2695 2694/2884/2694 2692/2882/2692
f 2692/2882/2692 2689/2881/2689 2695/2886/2695
f 2692/2882/2692 2696/2885/2696 2628/2804/2628
f 2629/2806/2629 2692/2882/2692 2628/2804/2628
f 2628/2804/2628 2696/2885/2696 2697/2887/2697
f 2697/2887/2697 2696/2885/2696 2694/2884/2694
f 2697/2887/2697 2694/2884/2694 2701/2888/2701
f 2699/2889/2699 2697/2887/2697 2698/2890/2698
f 2702/2891/2702 2698/2890/2698 2697/2887/2697
f 2697/2887/2697 2699/2889/2699 2700/2892/2700
f 2628/2804/2628 2697/2887/2697 2700/2892/2700
f 2697/2887/2697 2701/2888/2701 2702/2891/2702
f 2702/2891/2702 2703/2893/2703 2698/2890/2698
f 2702/2891/2702 2704/2894/2704 2703/2893/2703
f 2704/2894/2704 2702/2891/2702 2701/2888/2701
f 2704/2894/2704 2706/2895/2706 2703/2893/2703
f 2704/2894/2704 2705/2896/2705 2706/2895/2706
f 2701/2888/2701 2705/2896/2705 2704/2894/2704
f 2708/2897/2708 2707/2898/2707 2706/2895/2706
f 2709/2899/2709 2706/2895/2706 2707/2898/2707
f 2705/2896/2705 2708/2897/2708 2706/2895/2706
f 2706/2895/2706 2710/2900/2710 2703/2893/2703
f 2710/2900/2710 2706/2895/2706 2709/2899/2709
f 2711/2901/2711 2710/2900/2710 2709/2899/2709
f 2712/2902/2712 2710/2900/2710 2711/2901/2711
f 2710/2900/2710 2712/2902/2712 2714/2903/2714
f 2710/2900/2710 2714/2903/2714 2713/2904/2713
f 2703/2893/2703 2710/2900/2710 2713/2904/2713
f 2715/2905/2715 2713/2904/2713 2714/2903/2714
f 2715/2905/2715 2714/2903/2714 2716/2906/2716
f 2714/2903/2714 2717/2907/2717 2716/2906/2716
f 2712/2902/2712 2717/2907/2717 2714/2903/2714
f 2718/2908/2718 2717/2907/2717 2712/2902/2712
f 2716/2906/2716 2717/2907/2717 2718/2908/2718
f 2719/2909/2719 2718/2908/2718 2721/2910/2721
f 2718/2908/2718 2719/2909/2719 2722/2911/2722
f 2722/2912/2722 2720/2913/2720 2718/2914/2718
f 2718/2914/2718 2720/2913/2720 2716/2915/2716
f 2721/2910/2721 2718/2908/2718 2712/2902/2712
f 2722/2911/2722 2719/2909/2719 2723/2916/2723
f 2725/2917/2725 2722/2911/2722 2723/2916/2723
f 2722/2912/2722 2724/2918/2724 2720/2913/2720
f 2724/2918/2724 2722/2912/2722 2725/2919/2725
f 2725/2917/2725 2723/2916/2723 2727/2920/2727
f 2726/2921/2726 2725/2919/2725 2728/2922/2728
f 2726/2921/2726 2724/2918/2724 2725/2919/2725
f 2727/2920/2727 2728/2923/2728 2725/2917/2725
f 2728/2923/2728 2729/2924/2729 2731/2925/2731
f 2728/2923/2728 2727/2920/2727 2729/2924/2729
f 2730/2926/2730 2728/2923/2728 2731/2925/2731
f 2728/2922/2728 2730/2927/2730 2726/2921/2726
f 2730/2926/2730 2731/2925/2731 2732/2928/2732
f 2734/2929/2734 2732/2928/2732 2731/2925/2731
f 2731/2925/2731 2729/2924/2729 2733/2930/2733
f 2734/2929/2734 2731/2925/2731 2733/2930/2733
f 2737/2931/2737 2735/2932/2735 2734/2929/2734
f 2734/2929/2734 2735/2932/2735 2736/2933/2736
f 2736/2933/2736 2732/2928/2732 2734/2929/2734
f 2733/2930/2733 2737/2931/2737 2734/2929/2734
f 2733/2930/2733 2738/2934/2738 2737/2931/2737
f 2738/2934/2738 2739/2935/2739 2737/2931/2737
f 2737/2931/2737 2739/2935/2739 2735/2932/2735
f 2739/2935/2739 2741/2936/2741 2740/2937/2740
f 2739/2935/2739 2740/2937/2740 2742/2938/2742
f 2739/2935/2739 2738/2934/2738 2741/2936/2741
f 2735/2932/2735 2739/2935/2739 2742/2938/2742
f 2735/2932/2735 2742/2938/2742 2743/2939/2743
f 2742/2938/2742 2740/2937/2740 2743/2939/2743
f 2746/2940/2746 2743/2939/2743 2744/2941/2744
f 2744/2941/2744 2743/2939/2743 2745/2942/2745
f 2745/2942/2745 2743/2939/2743 2747/2943/2747
f 2735/2932/2735 2743/2939/2743 2746/2940/2746
f 2740/2937/2740 2747/2943/2747 2743/2939/2743
f 2745/2942/2745 2747/2943/2747 2751/2944/2751
f 2748/2945/2748 2751/2944/2751 2747/2943/2747
f 2747/2943/2747 2749/2946/2749 2748/2945/2748
f 2750/2947/2750 2749/2946/2749 2747/2943/2747
f 2740/2937/2740 2750/2947/2750 2747/2943/2747
f 2751/2944/2751 2752/2948/2752 2756/2949/2756
f 2751/2944/2751 2748/2945/2748 2752/2948/2752
f 2745/2942/2745 2751/2944/2751 2753/2950/2753
f 2751/2944/2751 2755/2951/2755 2753/2950/2753
f 2754/2952/2754 2751/2944/2751 2756/2949/2756
f 2755/2951/2755 2751/2944/2751 2754/2952/2754
f 2754/2952/2754 2756/2949/2756 2760/2953/2760
f 2756/2949/2756 2752/2948/2752 2758/2954/2758
f 2759/2955/2759 2756/2949/2756 2757/2956/2757
f 2757/2956/2757 2756/2949/2756 2758/2954/2758
f 2759/2955/2759 2760/2953/2760 2756/2949/2756
f 2754/2952/2754 2760/2953/2760 2761/2957/2761
f 2761/2957/2761 2760/2953/2760 2764/2958/2764
f 2764/2958/2764 2760/2953/2760 2762/2959/2762
f 2762/2959/2762 2760/2953/2760 2763/2960/2763
f 2759/2955/2759 2763/2960/2763 2760/2953/2760
f 2767/2961/2767 2764/2958/2764 2765/2962/2765
f 2768/2963/2768 2765/2962/2765 2764/2958/2764
f 2762/2959/2762 2766/2964/2766 2764/2958/2764
f 2768/2963/2768 2764/2958/2764 2766/2964/2766
f 2761/2957/2761 2764/2958/2764 2767/2961/2767
f 2765/2962/2765 2768/2963/2768 2769/2965/2769
f 2770/2966/2770 2769/2965/2769 2768/2963/2768
f 2768/2963/2768 2766/2964/2766 2770/2966/2770
f 2770/2966/2770 2774/2967/2774 2771/2968/2771
f 2770/2966/2770 2771/2968/2771 2772/2969/2772
f 2770/2966/2770 2772/2969/2772 2769/2965/2769
f 2770/2966/2770 2766/2964/2766 2773/2970/2773
f 2773/2970/2773 2774/2967/2774 2770/2966/2770
f 2775/2971/2775 2774/2967/2774 2778/2972/2778
f 2774/2967/2774 2775/2971/2775 2776/2973/2776
f 2776/2973/2776 2771/2968/2771 2774/2967/2774
f 2774/2967/2774 2777/2974/2777 2778/2972/2778
f 2773/2970/2773 2777/2974/2777 2774/2967/2774
f 2775/2971/2775 2778/2972/2778 2781/2975/2781
f 2778/2972/2778 2780/2976/2780 2779/2977/2779
f 2778/2972/2778 2779/2977/2779 2781/2975/2781
f 2778/2972/2778 2777/2974/2777 2780/2976/2780
f 2781/2975/2781 2783/2978/2783 2782/2979/2782
f 2782/2979/2782 2775/2971/2775 2781/2975/2781
f 2781/2975/2781 2779/2977/2779 2783/2978/2783
f 2786/2980/2786 2782/2979/2782 2783/2978/2783
f 2783/2978/2783 2779/2977/2779 2784/2981/2784
f 2783/2978/2783 2784/2981/2784 2785/2982/2785
f 2783/2978/2783 2785/2982/2785 2786/2980/2786
f 2785/2982/2785 2787/2983/2787 2786/2980/2786
f 2786/2980/2786 2787/2983/2787 2782/2979/2782
f 2788/2984/2788 2787/2983/2787 2785/2982/2785
f 2787/2983/2787 2789/2985/2789 2782/2979/2782
f 2787/2983/2787 2788/2984/2788 2791/2986/2791
f 2787/2983/2787 2790/2987/2790 2789/2985/2789
f 2791/2986/2791 2790/2987/2790 2787/2983/2787
f 2793/2988/2793 2790/2987/2790 2791/2986/2791
f 2788/2984/2788 2792/2989/2792 2791/2986/2791
f 2792/2989/2792 2794/2990/2794 2791/2986/2791
f 2794/2990/2794 2793/2988/2793 2791/2986/2791
f 2794/2991/2794 2448/2609/2448 2795/2992/2795
f 2448/2609/2448 2794/2991/2794 2447/2608/2447
f 2795/2993/2795 2797/2994/2797 2794/2990/2794
f 2447/2995/2447 2794/2990/2794 2796/2996/2796
f 2792/2989/2792 2796/2996/2796 2794/2990/2794
f 2797/2994/2797 2793/2988/2793 2794/2990/2794
f 2797/2994/2797 2799/2997/2799 2798/2998/2798
f 2798/2998/2798 2793/2988/2793 2797/2994/2797
f 2797/2994/2797 2795/2993/2795 2799/2997/2799
f 2802/2999/2802 2799/2997/2799 2800/3000/2800
f 2801/3001/2801 2800/3000/2800 2799/2997/2799
f 2801/3001/2801 2799/2997/2799 2795/2993/2795
f 2798/2998/2798 2799/2997/2799 2802/2999/2802
f 2803/3002/2803 2802/2999/2802 2805/3003/2805
f 2803/3002/2803 2798/2998/2798 2802/2999/2802
f 2802/2999/2802 2806/3004/2806 2804/3005/2804
f 2802/2999/2802 2804/3005/2804 2805/3003/2805
f 2802/2999/2802 2800/3000/2800 2806/3004/2806
f 2807/3006/2807 2806/3004/2806 2808/3007/2808
f 2804/3005/2804 2806/3004/2806 2807/3006/2807
f 2800/3000/2800 2808/3007/2808 2806/3004/2806
f 2800/3008/2800 2809/3009/2809 2808/3010/2808
f 2808/3010/2808 2809/3009/2809 2810/3011/2810
f 2810/3011/2810 2811/3012/2811 2808/3010/2808
f 2812/3013/2812 2807/3006/2807 2808/3007/2808
f 2812/3013/2812 2808/3007/2808 2811/3014/2811
f 2813/3015/2813 2812/3013/2812 2811/3014/2811
f 2813/3015/2813 2807/3006/2807 2812/3013/2812
f 2817/3016/2817 2814/3017/2814 2813/3015/2813
f 2814/3017/2814 2815/3018/2815 2813/3015/2813
f 2815/3018/2815 2807/3006/2807 2813/3015/2813
f 2816/3019/2816 2813/3015/2813 2811/3014/2811
f 2819/3020/2819 2813/3015/2813 2816/3019/2816
f 2813/3015/2813 2818/3021/2818 2817/3016/2817
f 2818/3021/2818 2813/3015/2813 2819/3020/2819
f 2816/3019/2816 2821/3022/2821 2819/3020/2819
f 2822/3023/2822 2820/3024/2820 2819/3020/2819
f 2818/3021/2818 2819/3020/2819 2820/3024/2820
f 2819/3020/2819 2821/3022/2821 2822/3023/2822
f 2822/3023/2822 2824/3025/2824 2823/3026/2823
f 2822/3023/2822 2823/3026/2823 2820/3024/2820
f 2824/3025/2824 2822/3023/2822 2501/2668/2501
f 2822/3023/2822 2821/3022/2821 2501/2668/2501
f 2504/2667/2504 2826/3027/2826 2824/3025/2824
f 2824/3025/2824 2501/2668/2501 2504/2667/2504
f 2823/3026/2823 2824/3025/2824 2825/3028/2825
f 2825/3028/2825 2824/3025/2824 2826/3027/2826
f 2826/3027/2826 2504/2667/2504 2827/3029/2827
f 2829/3030/2829 2826/3027/2826 2827/3029/2827
f 2825/3028/2825 2826/3027/2826 2828/3031/2828
f 2828/3031/2828 2826/3027/2826 2829/3030/2829
f 2511/2676/2511 2829/3032/2829 2827/3033/2827
f 2830/3034/2830 2829/3032/2829 2511/2676/2511
f 2830/3034/2830 2831/3035/2831 2829/3032/2829
f 2829/3030/2829 2831/3036/2831 2828/3031/2828
f 2832/3037/2832 2831/3035/2831 2830/3034/2830
f 2832/3037/2832 2835/3038/2835 2831/3035/2831
f 2833/3039/2833 2831/3036/2831 2835/3040/2835
f 2833/3039/2833 2834/3041/2834 2831/3036/2831
f 2831/3036/2831 2834/3041/2834 2828/3031/2828
f 2832/3037/2832 2836/3042/2836 2835/3038/2835
f 2836/3043/2836 2837/3044/2837 2835/3040/2835
f 2833/3039/2833 2835/3040/2835 2837/3044/2837
f 2839/3045/2839 2837/3044/2837 2838/3046/2838
f 2836/3043/2836 2838/3046/2838 2837/3044/2837
f 2839/3045/2839 2840/3047/2840 2837/3044/2837
f 2840/3047/2840 2833/3039/2833 2837/3044/2837
f 2841/3048/2841 2840/3047/2840 2839/3045/2839
f 2844/3049/2844 2840/3047/2840 2841/3048/2841
f 2840/3047/2840 2843/3050/2843 2842/3051/2842
f 2840/3047/2840 2842/3051/2842 2833/3039/2833
f 2840/3047/2840 2844/3049/2844 2843/3050/2843
f 2841/3048/2841 2845/3052/2845 2844/3049/2844
f 2846/3053/2846 2844/3049/2844 2845/3052/2845
f 2846/3053/2846 2847/3054/2847 2844/3049/2844
f 2844/3049/2844 2847/3054/2847 2848/3055/2848
f 2843/3050/2843 2844/3049/2844 2848/3055/2848
f 2817/3016/2817 2848/3055/2848 2847/3054/2847
f 2848/3055/2848 2817/3016/2817 2818/3021/2818
f 2843/3050/2843 2848/3055/2848 2842/3051/2842
f 2842/3051/2842 2848/3055/2848 2818/3021/2818
f 2849/3056/2849 2847/3054/2847 2846/3053/2846
f 2849/3056/2849 2850/3057/2850 2847/3054/2847
f 2847/3054/2847 2850/3057/2850 2851/3058/2851
f 2847/3054/2847 2851/3058/2851 2817/3016/2817
f 2851/3058/2851 2815/3018/2815 2814/3017/2814
f 2850/3057/2850 2815/3018/2815 2851/3058/2851
f 2851/3058/2851 2814/3017/2814 2817/3016/2817
f 2849/3056/2849 2852/3059/2852 2850/3057/2850
f 2853/3060/2853 2815/3018/2815 2850/3057/2850
f 2852/3059/2852 2853/3060/2853 2850/3057/2850
f 2853/3060/2853 2852/3059/2852 2805/3003/2805
f 2853/3060/2853 2805/3003/2805 2804/3005/2804
f 2815/3018/2815 2853/3060/2853 2804/3005/2804
f 2854/3061/2854 2852/3059/2852 2849/3056/2849
f 2771/2968/2771 2852/3059/2852 2854/3061/2854
f 2852/3059/2852 2771/2968/2771 2805/3003/2805
f 2855/3062/2855 2854/3061/2854 2849/3056/2849
f 2855/3062/2855 2856/3063/2856 2854/3061/2854
f 2854/3061/2854 2772/2969/2772 2771/2968/2771
f 2856/3063/2856 2772/2969/2772 2854/3061/2854
f 2856/3063/2856 2769/2965/2769 2772/2969/2772
f 2769/2965/2769 2856/3063/2856 2857/3064/2857
f 2857/3064/2857 2856/3063/2856 2855/3062/2855
f 2857/3064/2857 2765/2962/2765 2769/2965/2769
f 2858/3065/2858 2857/3064/2857 2859/3066/2859
f 2857/3064/2857 2858/3065/2858 2765/2962/2765
f 2855/3062/2855 2859/3066/2859 2857/3064/2857
f 2860/3067/2860 2859/3066/2859 2845/3052/2845
f 2859/3066/2859 2855/3062/2855 2845/3052/2845
f 2860/3067/2860 2862/3068/2862 2859/3066/2859
f 2859/3066/2859 2862/3068/2862 2861/3069/2861
f 2858/3065/2858 2859/3066/2859 2861/3069/2861
f 2860/3067/2860 2864/3070/2864 2862/3068/2862
f 2862/3068/2862 2865/3071/2865 2861/3069/2861
f 2864/3070/2864 2863/3072/2863 2862/3068/2862
f 2862/3068/2862 2863/3072/2863 2866/3073/2866
f 2866/3073/2866 2865/3071/2865 2862/3068/2862
f 2871/3074/2871 2866/3073/2866 2867/3075/2867
f 2867/3075/2867 2866/3073/2866 2868/3076/2868
f 2863/3072/2863 2868/3076/2868 2866/3073/2866
f 2866/3073/2866 2870/3077/2870 2869/3078/2869
f 2869/3078/2869 2865/3071/2865 2866/3073/2866
f 2866/3073/2866 2871/3074/2871 2870/3077/2870
f 2871/3079/2871 2867/3080/2867 2875/3081/2875
f 2872/3082/2872 2870/3077/2870 2871/3074/2871
f 2874/3083/2874 2872/3084/2872 2871/3079/2871
f 2874/3083/2874 2871/3079/2871 2873/3085/2873
f 2873/3085/2873 2871/3079/2871 2875/3081/2875
f 2878/3086/2878 2875/3081/2875 2867/3080/2867
f 2875/3081/2875 2877/3087/2877 2876/3088/2876
f 2873/3085/2873 2875/3081/2875 2876/3088/2876
f 2875/3081/2875 2878/3086/2878 2877/3087/2877
f 2867/3080/2867 2880/3089/2880 2878/3086/2878
f 2878/3086/2878 2880/3089/2880 2879/3090/2879
f 2877/3087/2877 2878/3086/2878 2879/3090/2879
f 2868/3076/2868 2880/3091/2880 2867/3075/2867
f 2880/3091/2880 2882/3092/2882 2881/3093/2881
f 2881/3094/2881 2879/3090/2879 2880/3089/2880
f 2868/3076/2868 2882/3092/2882 2880/3091/2880
f 2882/3092/2882 2839/3045/2839 2838/3046/2838
f 2881/3093/2881 2882/3092/2882 2838/3046/2838
f 2882/3092/2882 2868/3076/2868 2863/3072/2863
f 2882/3092/2882 2864/3070/2864 2839/3045/2839
f 2863/3072/2863 2864/3070/2864 2882/3092/2882
f 2838/3046/2838 2883/3095/2883 2881/3093/2881
f 2879/3090/2879 2881/3094/2881 2884/3096/2884
f 2881/3094/2881 2883/3097/2883 2884/3096/2884
f 2887/3098/2887 2885/3099/2885 2884/3096/2884
f 2884/3096/2884 2885/3099/2885 2886/3100/2886
f 2886/3100/2886 2879/3090/2879 2884/3096/2884
f 2887/3098/2887 2884/3096/2884 2883/3097/2883
f 2890/3101/2890 2888/3102/2888 2887/3098/2887
f 2885/3099/2885 2887/3098/2887 2888/3102/2888
f 2883/3097/2883 2889/3103/2889 2887/3098/2887
f 2890/3101/2890 2887/3098/2887 2889/3103/2889
f 2888/3102/2888 2890/3101/2890 2891/3104/2891
f 2890/3101/2890 2889/3103/2889 2892/3105/2892
f 2892/3105/2892 2528/2693/2528 2890/3101/2890
f 2891/3104/2891 2890/3101/2890 2528/2693/2528
f 2889/3103/2889 2836/3042/2836 2892/3105/2892
f 2892/3105/2892 2836/3042/2836 2832/3037/2832
f 2892/3105/2892 2894/3106/2894 2528/2693/2528
f 2894/3106/2894 2892/3105/2892 2893/3107/2893
f 2892/3105/2892 2832/3037/2832 2893/3107/2893
f 2528/2693/2528 2894/3106/2894 2523/2690/2523
f 2523/2690/2523 2894/3106/2894 2524/2691/2524
f 2893/3107/2893 2524/2691/2524 2894/3106/2894
f 2832/3037/2832 2830/3034/2830 2893/3107/2893
f 2893/3107/2893 2830/3034/2830 2521/2688/2521
f 2524/2691/2524 2893/3107/2893 2521/2688/2521
f 2528/2693/2528 2526/2694/2526 2891/3104/2891
f 2891/3104/2891 2526/2694/2526 2534/2702/2534
f 2895/3108/2895 2888/3102/2888 2891/3104/2891
f 2534/2702/2534 2895/3108/2895 2891/3104/2891
f 2896/3109/2896 2897/3110/2897 2895/3108/2895
f 2896/3109/2896 2895/3108/2895 2534/2702/2534
f 2885/3099/2885 2888/3102/2888 2895/3108/2895
f 2885/3099/2885 2895/3108/2895 2897/3110/2897
f 2897/3110/2897 2879/3090/2879 2885/3099/2885
f 2897/3110/2897 2898/3111/2898 2879/3090/2879
f 2898/3111/2898 2897/3110/2897 2896/3109/2896
f 2898/3111/2898 2877/3087/2877 2879/3090/2879
f 2898/3111/2898 2896/3109/2896 2900/3112/2900
f 2899/3113/2899 2876/3088/2876 2898/3111/2898
f 2899/3113/2899 2898/3111/2898 2900/3112/2900
f 2876/3088/2876 2877/3087/2877 2898/3111/2898
f 2900/3112/2900 2538/2704/2538 2899/3113/2899
f 2538/2704/2538 2900/3112/2900 2537/2706/2537
f 2900/3112/2900 2896/3109/2896 2534/2702/2534
f 2900/3112/2900 2534/2702/2534 2537/2706/2537
f 2899/3113/2899 2538/2704/2538 2901/3114/2901
f 2901/3114/2901 2902/3115/2902 2899/3113/2899
f 2899/3113/2899 2902/3115/2902 2876/3088/2876
f 2902/3115/2902 2903/3116/2903 2905/3117/2905
f 2904/3118/2904 2903/3116/2903 2902/3115/2902
f 2904/3118/2904 2902/3115/2902 2563/2731/2563
f 2905/3117/2905 2876/3088/2876 2902/3115/2902
f 2902/3115/2902 2901/3114/2901 2563/2731/2563
f 2905/3117/2905 2903/3116/2903 2906/3119/2906
f 2876/3088/2876 2905/3117/2905 2873/3085/2873
f 2905/3117/2905 2906/3119/2906 2873/3085/2873
f 2903/3116/2903 2908/3120/2908 2906/3119/2906
f 2906/3119/2906 2908/3120/2908 2907/3121/2907
f 2906/3119/2906 2907/3121/2907 2874/3083/2874
f 2873/3085/2873 2906/3119/2906 2874/3083/2874
f 2911/3122/2911 2908/3120/2908 2903/3116/2903
f 2909/3123/2909 2908/3120/2908 2910/3124/2910
f 2907/3121/2907 2908/3120/2908 2909/3123/2909
f 2910/3124/2910 2908/3120/2908 2911/3122/2911
f 2913/3125/2913 2912/3126/2912 2911/3122/2911
f 2910/3124/2910 2911/3122/2911 2912/3126/2912
f 2911/3122/2911 2903/3116/2903 2904/3118/2904
f 2913/3125/2913 2911/3122/2911 2904/3118/2904
f 2913/3125/2913 2914/3127/2914 2912/3126/2912
f 2913/3125/2913 2904/3118/2904 2565/2732/2565
f 2913/3125/2913 2572/2740/2572 2914/3127/2914
f 2572/2740/2572 2913/3125/2913 2565/2732/2565
f 2915/3128/2915 2912/3126/2912 2914/3127/2914
f 2577/2743/2577 2915/3128/2915 2914/3127/2914
f 2914/3127/2914 2572/2740/2572 2577/2743/2577
f 2912/3126/2912 2915/3128/2915 2916/3129/2916
f 2915/3128/2915 2917/3130/2917 2916/3129/2916
f 2915/3128/2915 2919/3131/2919 2917/3130/2917
f 2577/2743/2577 2575/2745/2575 2915/3128/2915
f 2575/2745/2575 2918/3132/2918 2915/3128/2915
f 2915/3128/2915 2918/3132/2918 2919/3131/2919
f 2918/3132/2918 2920/3133/2920 2919/3131/2919
f 2921/3134/2921 2919/3131/2919 2920/3133/2920
f 2921/3134/2921 2724/2918/2724 2919/3131/2919
f 2724/2918/2724 2917/3130/2917 2919/3131/2919
f 2921/3134/2921 2720/2913/2720 2724/2918/2724
f 2921/3134/2921 2716/2915/2716 2720/2913/2720
f 2920/3133/2920 2922/3135/2922 2921/3134/2921
f 2923/3136/2923 2921/3134/2921 2922/3135/2922
f 2921/3134/2921 2923/3136/2923 2716/2915/2716
f 2924/3137/2924 2923/3136/2923 2594/2761/2594
f 2924/3137/2924 2716/2915/2716 2923/3136/2923
f 2923/3136/2923 2922/3135/2922 2925/3138/2925
f 2925/3138/2925 2594/2761/2594 2923/3136/2923
f 2591/2758/2591 2925/3138/2925 2926/3139/2926
f 2594/2761/2594 2925/3138/2925 2591/2758/2591
f 2920/3133/2920 2926/3139/2926 2925/3138/2925
f 2922/3135/2922 2920/3133/2920 2925/3138/2925
f 2927/3140/2927 2926/3139/2926 2575/2745/2575
f 2575/2745/2575 2926/3139/2926 2918/3132/2918
f 2927/3140/2927 2588/2755/2588 2926/3139/2926
f 2591/2758/2591 2926/3139/2926 2588/2755/2588
f 2926/3139/2926 2920/3133/2920 2918/3132/2918
f 2927/3140/2927 2575/2745/2575 2576/2744/2576
f 2927/3140/2927 2576/2744/2576 2588/2755/2588
f 2596/2767/2596 2715/2905/2715 2924/3141/2924
f 2924/3141/2924 2715/2905/2715 2716/2906/2716
f 2594/2761/2594 2596/2764/2596 2924/3137/2924
f 2917/3130/2917 2928/3142/2928 2916/3129/2916
f 2724/2918/2724 2726/2921/2726 2917/3130/2917
f 2726/2921/2726 2928/3142/2928 2917/3130/2917
f 2928/3142/2928 2726/2921/2726 2929/3143/2929
f 2916/3129/2916 2928/3142/2928 2929/3143/2929
f 2916/3129/2916 2929/3143/2929 2930/3144/2930
f 2930/3144/2930 2929/3143/2929 2932/3145/2932
f 2929/3143/2929 2730/2927/2730 2931/3146/2931
f 2726/2921/2726 2730/2927/2730 2929/3143/2929
f 2933/3147/2933 2929/3143/2929 2931/3146/2931
f 2929/3143/2929 2933/3147/2933 2932/3145/2932
f 2932/3145/2932 2933/3147/2933 2936/3148/2936
f 2934/3149/2934 2933/3147/2933 2935/3150/2935
f 2936/3148/2936 2933/3147/2933 2934/3149/2934
f 2935/3150/2935 2933/3147/2933 2937/3151/2937
f 2931/3146/2931 2937/3151/2937 2933/3147/2933
f 2732/2928/2732 2736/2933/2736 2937/3152/2937
f 2937/3152/2937 2736/2933/2736 2940/3153/2940
f 2732/2928/2732 2937/3152/2937 2931/3154/2931
f 2937/3151/2937 2938/3155/2938 2939/3156/2939
f 2940/3153/2940 2938/3157/2938 2937/3152/2937
f 2935/3150/2935 2937/3151/2937 2939/3156/2939
f 2940/3153/2940 2746/2940/2746 2938/3157/2938
f 2940/3153/2940 2735/2932/2735 2746/2940/2746
f 2940/3153/2940 2736/2933/2736 2735/2932/2735
f 2941/3158/2941 2939/3159/2939 2938/3157/2938
f 2941/3158/2941 2942/3160/2942 2939/3159/2939
f 2939/3159/2939 2942/3160/2942 2943/3161/2943
f 2939/3156/2939 2943/3162/2943 2935/3150/2935
f 2944/3163/2944 2936/3148/2936 2943/3162/2943
f 2934/3149/2934 2943/3162/2943 2936/3148/2936
f 2945/3164/2945 2944/3165/2944 2943/3161/2943
f 2943/3162/2943 2934/3149/2934 2935/3150/2935
f 2945/3164/2945 2943/3161/2943 2942/3160/2942
f 2946/3166/2946 2947/3167/2947 2945/3164/2945
f 2945/3164/2945 2942/3160/2942 2946/3166/2946
f 2945/3164/2945 2870/3077/2870 2944/3165/2944
f 2945/3164/2945 2947/3167/2947 2870/3077/2870
f 2948/3168/2948 2869/3078/2869 2947/3167/2947
f 2949/3169/2949 2948/3168/2948 2947/3167/2947
f 2947/3167/2947 2946/3166/2946 2949/3169/2949
f 2869/3078/2869 2870/3077/2870 2947/3167/2947
f 2946/3166/2946 2954/3170/2954 2949/3169/2949
f 2949/3169/2949 2950/3171/2950 2952/3172/2952
f 2950/3171/2950 2949/3169/2949 2951/3173/2951
f 2949/3169/2949 2953/3174/2953 2951/3173/2951
f 2949/3169/2949 2952/3172/2952 2948/3168/2948
f 2949/3169/2949 2954/3170/2954 2953/3174/2953
f 2953/3174/2953 2954/3170/2954 2744/2941/2744
f 2744/2941/2744 2954/3170/2954 2941/3158/2941
f 2946/3166/2946 2941/3158/2941 2954/3170/2954
f 2745/2942/2745 2951/3173/2951 2953/3174/2953
f 2745/2942/2745 2953/3174/2953 2744/2941/2744
f 2950/3171/2950 2861/3069/2861 2952/3172/2952
f 2952/3172/2952 2865/3071/2865 2948/3168/2948
f 2865/3071/2865 2952/3172/2952 2861/3069/2861
f 2753/2950/2753 2951/3173/2951 2745/2942/2745
f 2951/3173/2951 2955/3175/2955 2950/3171/2950
f 2951/3173/2951 2753/2950/2753 2955/3175/2955
f 2754/2952/2754 2761/2957/2761 2955/3175/2955
f 2767/2961/2767 2955/3175/2955 2761/2957/2761
f 2754/2952/2754 2955/3175/2955 2755/2951/2755
f 2955/3175/2955 2753/2950/2753 2755/2951/2755
f 2955/3175/2955 2767/2961/2767 2950/3171/2950
f 2950/3171/2950 2956/3176/2956 2861/3069/2861
f 2956/3176/2956 2950/3171/2950 2767/2961/2767
f 2767/2961/2767 2765/2962/2765 2956/3176/2956
f 2765/2962/2765 2858/3065/2858 2956/3176/2956
f 2861/3069/2861 2956/3176/2956 2858/3065/2858
f 2948/3168/2948 2865/3071/2865 2869/3078/2869
f 2941/3158/2941 2946/3166/2946 2942/3160/2942
f 2944/3163/2944 2872/3084/2872 2907/3121/2907
f 2944/3165/2944 2870/3077/2870 2872/3082/2872
f 2907/3121/2907 2909/3123/2909 2944/3163/2944
f 2944/3163/2944 2909/3123/2909 2936/3148/2936
f 2746/2940/2746 2941/3158/2941 2938/3157/2938
f 2941/3158/2941 2746/2940/2746 2744/2941/2744
f 2936/3148/2936 2909/3123/2909 2932/3145/2932
f 2910/3124/2910 2930/3144/2930 2932/3145/2932
f 2932/3145/2932 2909/3123/2909 2910/3124/2910
f 2730/2926/2730 2732/2928/2732 2931/3154/2931
f 2957/3177/2957 2930/3144/2930 2910/3124/2910
f 2930/3144/2930 2957/3177/2957 2916/3129/2916
f 2957/3177/2957 2912/3126/2912 2916/3129/2916
f 2912/3126/2912 2957/3177/2957 2910/3124/2910
f 2874/3083/2874 2907/3121/2907 2872/3084/2872
f 2565/2732/2565 2904/3118/2904 2563/2731/2563
f 2560/2728/2560 2901/3114/2901 2538/2704/2538
f 2559/2727/2559 2901/3114/2901 2560/2728/2560
f 2563/2731/2563 2901/3114/2901 2559/2727/2559
f 2889/3103/2889 2883/3097/2883 2836/3042/2836
f 2885/3099/2885 2879/3090/2879 2886/3100/2886
f 2883/3095/2883 2838/3046/2838 2836/3043/2836
f 2860/3067/2860 2841/3048/2841 2864/3070/2864
f 2864/3070/2864 2841/3048/2841 2839/3045/2839
f 2860/3067/2860 2845/3052/2845 2841/3048/2841
f 2855/3062/2855 2849/3056/2849 2846/3053/2846
f 2846/3053/2846 2845/3052/2845 2855/3062/2855
f 2820/3024/2820 2834/3041/2834 2842/3051/2842
f 2820/3024/2820 2842/3051/2842 2818/3021/2818
f 2834/3041/2834 2833/3039/2833 2842/3051/2842
f 2823/3026/2823 2834/3041/2834 2820/3024/2820
f 2834/3041/2834 2825/3028/2825 2828/3031/2828
f 2825/3028/2825 2834/3041/2834 2823/3026/2823
f 2521/2688/2521 2830/3034/2830 2510/2675/2510
f 2511/2676/2511 2510/2675/2510 2830/3034/2830
f 2503/2677/2503 2511/2676/2511 2827/3033/2827
f 2503/2666/2503 2827/3029/2827 2504/2667/2504
f 2487/2647/2487 2821/3178/2821 2816/3179/2816
f 2487/2647/2487 2500/2660/2500 2821/3178/2821
f 2821/3178/2821 2500/2660/2500 2501/2661/2501
f 2810/3011/2810 2958/3180/2958 2816/3179/2816
f 2816/3179/2816 2958/3180/2958 2487/2647/2487
f 2810/3011/2810 2816/3179/2816 2811/3012/2811
f 2486/2646/2486 2487/2647/2487 2958/3180/2958
f 2486/2646/2486 2958/3180/2958 2484/2644/2484
f 2484/2644/2484 2958/3180/2958 2959/3181/2959
f 2810/3011/2810 2959/3181/2959 2958/3180/2958
f 2959/3181/2959 2480/2640/2480 2484/2644/2484
f 2480/2640/2480 2959/3181/2959 2960/3182/2960
f 2960/3182/2960 2959/3181/2959 2809/3009/2809
f 2959/3181/2959 2810/3011/2810 2809/3009/2809
f 2960/3182/2960 2961/3183/2961 2963/3184/2963
f 2961/3183/2961 2960/3182/2960 2962/3185/2962
f 2960/3182/2960 2800/3008/2800 2962/3185/2962
f 2960/3182/2960 2963/3184/2963 2964/3186/2964
f 2480/2640/2480 2960/3182/2960 2964/3186/2964
f 2960/3182/2960 2809/3009/2809 2800/3008/2800
f 2964/3186/2964 2481/2642/2481 2480/2640/2480
f 2963/3184/2963 2965/3187/2965 2964/3186/2964
f 2964/3186/2964 2965/3187/2965 2481/2642/2481
f 2965/3187/2965 2963/3184/2963 2452/2613/2452
f 2467/2627/2467 2965/3187/2965 2454/2614/2454
f 2965/3187/2965 2467/2627/2467 2966/3188/2966
f 2966/3188/2966 2481/2642/2481 2965/3187/2965
f 2965/3187/2965 2452/2613/2452 2454/2614/2454
f 2467/2627/2467 2469/2629/2469 2966/3188/2966
f 2469/2629/2469 2481/2642/2481 2966/3188/2966
f 2963/3184/2963 2961/3183/2961 2452/2613/2452
f 2962/3185/2962 2448/2609/2448 2961/3183/2961
f 2800/3008/2800 2801/3189/2801 2962/3185/2962
f 2795/2992/2795 2448/2609/2448 2962/3185/2962
f 2801/3189/2801 2795/2992/2795 2962/3185/2962
f 2961/3183/2961 2448/2609/2448 2452/2613/2452
f 2804/3005/2804 2807/3006/2807 2815/3018/2815
f 2803/3002/2803 2805/3003/2805 2771/2968/2771
f 2803/3002/2803 2775/2971/2775 2789/2985/2789
f 2789/2985/2789 2798/2998/2798 2803/3002/2803
f 2776/2973/2776 2775/2971/2775 2803/3002/2803
f 2776/2973/2776 2803/3002/2803 2771/2968/2771
f 2790/2987/2790 2798/2998/2798 2789/2985/2789
f 2798/2998/2798 2790/2987/2790 2793/2988/2793
f 2447/2995/2447 2796/2996/2796 2446/3190/2446
f 2968/3191/2968 2446/3190/2446 2796/2996/2796
f 2967/3192/2967 2796/2996/2796 2788/2984/2788
f 2967/3192/2967 2968/3191/2968 2796/2996/2796
f 2788/2984/2788 2796/2996/2796 2792/2989/2792
f 2439/2595/2439 2968/3191/2968 2437/2594/2437
f 2437/2594/2437 2968/3191/2968 2969/3193/2969
f 2968/3191/2968 2439/2595/2439 2446/3190/2446
f 2969/3193/2969 2968/3191/2968 2970/3194/2970
f 2968/3191/2968 2967/3192/2967 2970/3194/2970
f 2970/3194/2970 2967/3192/2967 2973/3195/2973
f 2971/3196/2971 2969/3193/2969 2970/3194/2970
f 2971/3196/2971 2970/3194/2970 2972/3197/2972
f 2972/3197/2972 2970/3194/2970 2973/3195/2973
f 2975/3198/2975 2974/3199/2974 2973/3195/2973
f 2974/3199/2974 2977/3200/2977 2973/3195/2973
f 2975/3198/2975 2973/3195/2973 2976/3201/2976
f 2976/3201/2976 2973/3195/2973 2967/3192/2967
f 2973/3195/2973 2977/3200/2977 2972/3197/2972
f 2974/3199/2974 2978/3202/2978 2977/3200/2977
f 2971/3196/2971 2977/3200/2977 2978/3202/2978
f 2977/3200/2977 2971/3196/2971 2972/3197/2972
f 2978/3202/2978 2979/3203/2979 2971/3196/2971
f 2978/3202/2978 2980/3204/2980 2979/3203/2979
f 2981/3205/2981 2980/3204/2980 2978/3202/2978
f 2982/3206/2982 2981/3205/2981 2978/3202/2978
f 2974/3199/2974 2982/3206/2982 2978/3202/2978
f 2982/3206/2982 2985/3207/2985 2983/3208/2983
f 2983/3208/2983 2981/3205/2981 2982/3206/2982
f 2984/3209/2984 2985/3207/2985 2982/3206/2982
f 2984/3209/2984 2982/3206/2982 2974/3199/2974
f 2986/3210/2986 2983/3208/2983 2985/3207/2985
f 2986/3210/2986 2985/3207/2985 2987/3211/2987
f 2985/3207/2985 2991/3212/2991 2987/3211/2987
f 2988/3213/2988 2985/3207/2985 2989/3214/2989
f 2985/3207/2985 2988/3213/2988 2990/3215/2990
f 2989/3214/2989 2985/3207/2985 2984/3209/2984
f 2990/3215/2990 2991/3212/2991 2985/3207/2985
f 2991/3212/2991 2992/3216/2992 2987/3211/2987
f 2994/3217/2994 2992/3216/2992 2991/3212/2991
f 2993/3218/2993 2991/3212/2991 2990/3215/2990
f 2991/3212/2991 2993/3218/2993 2994/3217/2994
f 2995/3219/2995 2994/3217/2994 2998/3220/2998
f 2995/3219/2995 2996/3221/2996 2994/3217/2994
f 2992/3216/2992 2994/3217/2994 2996/3221/2996
f 2994/3217/2994 2993/3218/2993 2997/3222/2997
f 2999/3223/2999 2994/3217/2994 2997/3222/2997
f 2994/3217/2994 3000/3224/3000 2998/3220/2998
f 3000/3224/3000 2994/3217/2994 2999/3223/2999
f 3001/3225/3001 3000/3224/3000 2999/3223/2999
f 3001/3225/3001 3002/3226/3002 3000/3224/3000
f 3000/3224/3000 3002/3226/3002 3003/3227/3003
f 3000/3224/3000 3003/3227/3003 2998/3220/2998
f 3003/3227/3003 3004/3228/3004 2998/3220/2998
f 3004/3228/3004 3003/3227/3003 3005/3229/3005
f 3003/3227/3003 3002/3226/3002 3005/3229/3005
f 3006/3230/3006 3004/3228/3004 3005/3229/3005
f 3002/3226/3002 3007/3231/3007 3005/3229/3005
f 3006/3230/3006 3005/3229/3005 3008/3232/3008
f 3007/3231/3007 3008/3232/3008 3005/3229/3005
f 3008/3232/3008 3009/3233/3009 3011/3234/3011
f 3009/3233/3009 3008/3232/3008 3010/3235/3010
f 3008/3232/3008 3011/3234/3011 3006/3230/3006
f 3012/3236/3012 3010/3235/3010 3008/3232/3008
f 3007/3231/3007 3012/3236/3012 3008/3232/3008
f 3012/3236/3012 3007/3231/3007 3010/3235/3010
f 3013/3237/3013 3011/3234/3011 3014/3238/3014
f 3011/3234/3011 3013/3237/3013 3006/3230/3006
f 3015/3239/3015 3014/3238/3014 3011/3234/3011
f 3015/3239/3015 3011/3234/3011 3009/3233/3009
f 3014/3238/3014 3015/3239/3015 3016/3240/3016
f 3015/3239/3015 3017/3241/3017 3016/3240/3016
f 3017/3241/3017 3015/3239/3015 3009/3233/3009
f 3017/3241/3017 3018/3242/3018 3022/3243/3022
f 3009/3233/3009 3018/3242/3018 3017/3241/3017
f 3020/3244/3020 3019/3245/3019 3017/3241/3017
f 3019/3245/3019 3016/3240/3016 3017/3241/3017
f 3020/3244/3020 3017/3241/3017 3021/3246/3021
f 3021/3246/3021 3017/3241/3017 3022/3243/3022
f 3024/3247/3024 3021/3246/3021 3022/3243/3022
f 3022/3243/3022 3018/3242/3018 3023/3248/3023
f 3023/3248/3023 3024/3247/3024 3022/3243/3022
f 3026/3249/3026 3025/3250/3025 3024/3247/3024
f 3024/3247/3024 3025/3250/3025 3028/3251/3028
f 3026/3249/3026 3024/3247/3024 3023/3248/3023
f 3027/3252/3027 3021/3246/3021 3024/3247/3024
f 3028/3251/3028 3027/3252/3027 3024/3247/3024
f 3028/3251/3028 3025/3250/3025 3030/3253/3030
f 3027/3252/3027 3028/3251/3028 3031/3254/3031
f 3029/3255/3029 3031/3254/3031 3028/3251/3028
f 3028/3251/3028 3030/3253/3030 3029/3255/3029
f 3031/3254/3031 3032/3256/3032 3020/3244/3020
f 3033/3257/3033 3032/3256/3032 3031/3254/3031
f 3031/3254/3031 3020/3244/3020 3027/3252/3027
f 3036/3258/3036 3033/3257/3033 3031/3254/3031
f 3035/3259/3035 3031/3254/3031 3034/3260/3034
f 3031/3254/3031 3029/3255/3029 3034/3260/3034
f 3035/3259/3035 3036/3258/3036 3031/3254/3031
f 3036/3258/3036 3038/3261/3038 3037/3262/3037
f 3037/3262/3037 3033/3257/3033 3036/3258/3036
f 3038/3261/3038 3036/3258/3036 3035/3259/3035
f 3038/3261/3038 3040/3263/3040 3037/3262/3037
f 3042/3264/3042 3038/3261/3038 3035/3259/3035
f 3038/3261/3038 3039/3265/3039 3043/3266/3043
f 3041/3267/3041 3039/3265/3039 3038/3261/3038
f 3040/3263/3040 3038/3261/3038 3043/3266/3043
f 3038/3261/3038 3042/3264/3042 3041/3267/3041
f 3043/3266/3043 3046/3268/3046 3040/3263/3040
f 3039/3265/3039 3044/3269/3044 3043/3266/3043
f 3043/3266/3043 3044/3269/3044 3047/3270/3047
f 3043/3266/3043 3047/3270/3047 3045/3271/3045
f 3045/3271/3045 3046/3268/3046 3043/3266/3043
f 3048/3272/3048 3047/3270/3047 3044/3269/3044
f 3050/3273/3050 3047/3270/3047 3048/3272/3048
f 3045/3271/3045 3047/3270/3047 3049/3274/3049
f 3049/3274/3049 3047/3270/3047 3050/3273/3050
f 3048/3272/3048 3051/3275/3051 3050/3273/3050
f 3052/3276/3052 3050/3273/3050 3051/3275/3051
f 3052/3276/3052 3049/3274/3049 3050/3273/3050
f 3053/3277/3053 3054/3278/3054 3052/3276/3052
f 3051/3275/3051 3053/3277/3053 3052/3276/3052
f 3049/3274/3049 3052/3276/3052 3055/3279/3055
f 3054/3278/3054 3055/3279/3055 3052/3276/3052
f 3057/3280/3057 3049/3274/3049 3055/3279/3055
f 3056/3281/3056 3055/3279/3055 3054/3278/3054
f 3056/3281/3056 931/996/931 3055/3279/3055
f 3055/3279/3055 931/996/931 3057/3280/3057
f 931/996/931 938/1003/938 3057/3280/3057
f 3049/3274/3049 3057/3280/3057 3059/3282/3059
f 938/1003/938 3058/3283/3058 3057/3280/3057
f 3057/3280/3057 3058/3283/3058 3059/3282/3059
f 3059/3282/3059 3058/3283/3058 3062/3284/3062
f 3059/3282/3059 3060/3285/3060 3061/3286/3061
f 3062/3284/3062 3060/3285/3060 3059/3282/3059
f 3059/3282/3059 3061/3286/3061 3049/3274/3049
f 3062/3284/3062 3058/3283/3058 3063/3287/3063
f 3064/3288/3064 3062/3284/3062 3063/3287/3063
f 3062/3284/3062 3064/3288/3064 3060/3285/3060
f 3063/3287/3063 3065/3289/3065 3064/3288/3064
f 3068/3290/3068 3064/3288/3064 3065/3289/3065
f 3064/3288/3064 3068/3290/3068 3066/3291/3066
f 3066/3291/3066 3067/3292/3067 3064/3288/3064
f 3060/3285/3060 3064/3288/3064 3067/3292/3067
f 3065/3289/3065 3069/3293/3069 3068/3290/3068
f 3068/3290/3068 3069/3293/3069 3070/3294/3070
f 3068/3290/3068 3070/3294/3070 3071/3295/3071
f 3068/3290/3068 3071/3295/3071 3066/3291/3066
f 3071/3295/3071 3070/3294/3070 3073/3296/3073
f 3066/3291/3066 3071/3295/3071 3074/3297/3074
f 3072/3298/3072 3071/3295/3071 3073/3296/3073
f 3071/3295/3071 3072/3298/3072 3074/3297/3074
f 3066/3291/3066 3074/3297/3074 3075/3299/3075
f 3075/3299/3075 3074/3297/3074 3076/3300/3076
f 3076/3300/3076 3074/3297/3074 3072/3298/3072
f 3076/3300/3076 3077/3301/3077 3078/3302/3078
f 3076/3300/3076 3072/3298/3072 3077/3301/3077
f 3076/3300/3076 3078/3302/3078 3079/3303/3079
f 3076/3300/3076 3079/3303/3079 3075/3299/3075
f 3078/3302/3078 3082/3304/3082 3079/3303/3079
f 3079/3303/3079 3081/3305/3081 3080/3306/3080
f 3080/3306/3080 3075/3299/3075 3079/3303/3079
f 3079/3303/3079 3082/3304/3082 3081/3305/3081
f 3083/3307/3083 3082/3304/3082 3078/3302/3078
f 3084/3308/3084 3082/3304/3082 3083/3307/3083
f 3084/3308/3084 3081/3305/3081 3082/3304/3082
f 3084/3308/3084 3085/3309/3085 3088/3310/3088
f 3085/3309/3085 3084/3308/3084 3086/3311/3086
f 3086/3311/3086 3084/3308/3084 3087/3312/3087
f 3083/3307/3083 3087/3312/3087 3084/3308/3084
f 3088/3310/3088 3081/3305/3081 3084/3308/3084
f 3090/3313/3090 3088/3310/3088 3085/3309/3085
f 3089/3314/3089 3088/3310/3088 3091/3315/3091
f 3088/3310/3088 3089/3314/3089 3081/3305/3081
f 3091/3315/3091 3088/3310/3088 3090/3313/3090
f 3091/3315/3091 3092/3316/3092 3093/3317/3093
f 3090/3313/3090 3092/3316/3092 3091/3315/3091
f 3094/3318/3094 3091/3315/3091 3093/3317/3093
f 3094/3318/3094 3089/3314/3089 3091/3315/3091
f 3095/3319/3095 3094/3318/3094 3093/3317/3093
f 3095/3319/3095 3096/3320/3096 3094/3318/3094
f 3096/3320/3096 3098/3321/3098 3094/3318/3094
f 3094/3318/3094 3098/3321/3098 3097/3322/3097
f 3094/3318/3094 3097/3322/3097 3089/3314/3089
f 3061/3286/3061 3098/3321/3098 3099/3323/3099
f 3096/3320/3096 3099/3323/3099 3098/3321/3098
f 3100/3324/3100 3097/3322/3097 3098/3321/3098
f 3100/3324/3100 3098/3321/3098 3060/3285/3060
f 3061/3286/3061 3060/3285/3060 3098/3321/3098
f 3100/3324/3100 3080/3306/3080 3097/3322/3097
f 3060/3285/3060 3067/3292/3067 3100/3324/3100
f 3101/3325/3101 3100/3324/3100 3067/3292/3067
f 3100/3324/3100 3101/3325/3101 3080/3306/3080
f 3066/3291/3066 3075/3299/3075 3101/3325/3101
f 3080/3306/3080 3101/3325/3101 3075/3299/3075
f 3101/3325/3101 3067/3292/3067 3066/3291/3066
f 3099/3323/3099 3096/3320/3096 3046/3268/3046
f 3045/3271/3045 3099/3323/3099 3046/3268/3046
f 3099/3323/3099 3045/3271/3045 3061/3286/3061
f 3089/3314/3089 3097/3322/3097 3080/3306/3080
f 3040/3263/3040 3046/3268/3046 3096/3320/3096
f 3096/3320/3096 3095/3319/3095 3040/3263/3040
f 3104/3326/3104 3095/3319/3095 3102/3327/3102
f 3102/3327/3102 3095/3319/3095 3093/3317/3093
f 3040/3263/3040 3095/3319/3095 3037/3262/3037
f 3037/3262/3037 3095/3319/3095 3103/3328/3103
f 3095/3319/3095 3104/3326/3104 3103/3328/3103
f 3103/3328/3103 3104/3326/3104 3032/3256/3032
f 3104/3326/3104 3105/3329/3105 3032/3256/3032
f 3104/3326/3104 3106/3330/3106 3105/3329/3105
f 3106/3330/3106 3104/3326/3104 3102/3327/3102
f 3106/3330/3106 3092/3316/3092 3107/3331/3107
f 3106/3330/3106 3107/3331/3107 3108/3332/3108
f 3106/3330/3106 3108/3332/3108 3105/3329/3105
f 3106/3330/3106 3102/3327/3102 3092/3316/3092
f 3109/3333/3109 3105/3329/3105 3108/3332/3108
f 3108/3332/3108 3107/3331/3107 3109/3333/3109
f 3014/3238/3014 3109/3333/3109 3110/3334/3110
f 3109/3333/3109 3107/3331/3107 3110/3334/3110
f 3016/3240/3016 3105/3329/3105 3109/3333/3109
f 3016/3240/3016 3109/3333/3109 3014/3238/3014
f 3110/3334/3110 3111/3335/3111 3014/3238/3014
f 3112/3336/3112 3111/3335/3111 3110/3334/3110
f 3110/3334/3110 3113/3337/3113 3112/3336/3112
f 3107/3331/3107 3113/3337/3113 3110/3334/3110
f 3114/3338/3114 3113/3337/3113 3090/3313/3090
f 3115/3339/3115 3113/3337/3113 3114/3338/3114
f 3112/3336/3112 3113/3337/3113 3115/3339/3115
f 3113/3337/3113 3107/3331/3107 3092/3316/3092
f 3092/3316/3092 3090/3313/3090 3113/3337/3113
f 3115/3339/3115 3114/3338/3114 3117/3340/3117
f 3115/3339/3115 3116/3341/3116 3112/3336/3112
f 3116/3341/3116 3115/3339/3115 3117/3340/3117
f 3118/3342/3118 3117/3340/3117 3114/3338/3114
f 3119/3343/3119 3117/3340/3117 3118/3342/3118
f 3119/3343/3119 3120/3344/3120 3117/3340/3117
f 3117/3340/3117 3120/3344/3120 3116/3341/3116
f 3119/3343/3119 3121/3345/3121 3120/3344/3120
f 3116/3341/3116 3120/3344/3120 3121/3345/3121
f 3122/3346/3122 3125/3347/3125 3121/3345/3121
f 3122/3346/3122 3121/3345/3121 3124/3348/3124
f 3116/3341/3116 3121/3345/3121 3123/3349/3123
f 3123/3349/3123 3121/3345/3121 3125/3347/3125
f 3119/3343/3119 3124/3348/3124 3121/3345/3121
f 3125/3347/3125 3122/3346/3122 3128/3350/3128
f 3126/3351/3126 3123/3349/3123 3125/3347/3125
f 3125/3347/3125 3127/3352/3127 3126/3351/3126
f 3127/3352/3127 3125/3347/3125 3128/3350/3128
f 3130/3353/3130 3128/3350/3128 3122/3346/3122
f 3127/3352/3127 3128/3350/3128 3129/3354/3129
f 3128/3350/3128 3131/3355/3131 3129/3354/3129
f 3131/3355/3131 3128/3350/3128 3130/3353/3130
f 3131/3355/3131 2418/2576/2418 3132/3356/3132
f 2419/2577/2419 2418/2576/2418 3131/3355/3131
f 3132/3356/3132 3129/3354/3129 3131/3355/3131
f 3131/3355/3131 3130/3353/3130 2419/2577/2419
f 3132/3356/3132 2418/2576/2418 2424/2582/2424
f 3134/3357/3134 3132/3356/3132 3133/3358/3133
f 3133/3358/3133 3132/3356/3132 2424/2582/2424
f 3132/3356/3132 3134/3357/3134 3129/3354/3129
f 3136/3359/3136 3134/3357/3134 3135/3360/3135
f 3137/3361/3137 3135/3360/3135 3134/3357/3134
f 3129/3354/3129 3134/3357/3134 3136/3359/3136
f 3133/3358/3133 3137/3361/3137 3134/3357/3134
f 3137/3361/3137 2431/2589/2431 2432/2590/2432
f 3133/3358/3133 2431/2589/2431 3137/3361/3137
f 3137/3361/3137 2432/2590/2432 3139/3362/3139
f 3135/3360/3135 3137/3361/3137 3138/3363/3138
f 3138/3363/3138 3137/3361/3137 3140/3364/3140
f 3137/3361/3137 3139/3362/3139 3140/3364/3140
f 2980/3204/2980 3141/3365/3141 3140/3364/3140
f 2980/3204/2980 3140/3364/3140 2435/2591/2435
f 3140/3364/3140 2986/3210/2986 3138/3363/3138
f 2986/3210/2986 3140/3364/3140 3141/3365/3141
f 3140/3364/3140 3139/3362/3139 2435/2591/2435
f 3141/3365/3141 2980/3204/2980 2981/3205/2981
f 3141/3365/3141 2981/3205/2981 2983/3208/2983
f 2986/3210/2986 3141/3365/3141 2983/3208/2983
f 2435/2591/2435 3139/3362/3139 2432/2590/2432
f 3142/3366/3142 3138/3363/3138 2986/3210/2986
f 3138/3363/3138 3142/3366/3142 3143/3367/3143
f 3135/3360/3135 3138/3363/3138 3143/3367/3143
f 3136/3359/3136 3135/3360/3135 3143/3367/3143
f 3144/3368/3144 3143/3367/3143 3142/3366/3142
f 3143/3367/3143 3145/3369/3145 3136/3359/3136
f 3145/3369/3145 3143/3367/3143 3144/3368/3144
f 3146/3370/3146 3126/3351/3126 3145/3369/3145
f 3126/3351/3126 3127/3352/3127 3145/3369/3145
f 3146/3370/3146 3145/3369/3145 2995/3219/2995
f 3145/3369/3145 3144/3368/3144 2995/3219/2995
f 3145/3369/3145 3127/3352/3127 3136/3359/3136
f 3146/3370/3146 3147/3371/3147 3126/3351/3126
f 3146/3370/3146 2995/3219/2995 3148/3372/3148
f 3148/3372/3148 3147/3371/3147 3146/3370/3146
f 3148/3372/3148 3149/3373/3149 3147/3371/3147
f 3148/3372/3148 2995/3219/2995 2998/3220/2998
f 3148/3372/3148 2998/3220/2998 3149/3373/3149
f 3004/3228/3004 3150/3374/3150 3149/3373/3149
f 2998/3220/2998 3004/3228/3004 3149/3373/3149
f 3151/3375/3151 3149/3373/3149 3150/3374/3150
f 3152/3376/3152 3149/3373/3149 3151/3375/3151
f 3152/3376/3152 3147/3371/3147 3149/3373/3149
f 3152/3376/3152 3151/3375/3151 3153/3377/3153
f 3116/3341/3116 3152/3376/3152 3153/3377/3153
f 3123/3349/3123 3152/3376/3152 3116/3341/3116
f 3123/3349/3123 3147/3371/3147 3152/3376/3152
f 3112/3336/3112 3153/3377/3153 3154/3378/3154
f 3153/3377/3153 3112/3336/3112 3116/3341/3116
f 3153/3377/3153 3151/3375/3151 3154/3378/3154
f 3111/3335/3111 3112/3336/3112 3154/3378/3154
f 3154/3378/3154 3150/3374/3150 3111/3335/3111
f 3150/3374/3150 3154/3378/3154 3151/3375/3151
f 3004/3228/3004 3006/3230/3006 3150/3374/3150
f 3150/3374/3150 3006/3230/3006 3013/3237/3013
f 3013/3237/3013 3111/3335/3111 3150/3374/3150
f 3126/3351/3126 3147/3371/3147 3123/3349/3123
f 3144/3368/3144 3142/3366/3142 2996/3221/2996
f 2996/3221/2996 2995/3219/2995 3144/3368/3144
f 2986/3210/2986 2987/3211/2987 3142/3366/3142
f 2987/3211/2987 2992/3216/2992 3142/3366/3142
f 3142/3366/3142 2992/3216/2992 2996/3221/2996
f 3127/3352/3127 3129/3354/3129 3136/3359/3136
f 2431/2589/2431 3133/3358/3133 2425/2581/2425
f 3133/3358/3133 2424/2582/2424 2425/2581/2425
f 2419/2577/2419 3130/3353/3130 3155/3379/3155
f 3156/3380/3156 3155/3379/3155 3130/3353/3130
f 3130/3353/3130 3122/3346/3122 3156/3380/3156
f 3122/3346/3122 3124/3348/3124 3156/3380/3156
f 3156/3380/3156 3157/3381/3157 3155/3379/3155
f 3158/3382/3158 3157/3381/3157 3156/3380/3156
f 3158/3382/3158 3156/3380/3156 3124/3348/3124
f 3158/3382/3158 3160/3383/3160 3157/3381/3157
f 3158/3382/3158 3119/3343/3119 3159/3384/3159
f 3124/3348/3124 3119/3343/3119 3158/3382/3158
f 3158/3382/3158 3159/3384/3159 3160/3383/3160
f 3161/3385/3161 3160/3383/3160 3159/3384/3159
f 3160/3383/3160 3161/3385/3161 3162/3386/3162
f 3162/3386/3162 3163/3387/3163 3160/3383/3160
f 3157/3381/3157 3160/3383/3160 3163/3387/3163
f 3165/3388/3165 3164/3389/3164 3163/3387/3163
f 3163/3387/3163 3164/3389/3164 3166/3390/3166
f 3163/3387/3163 3166/3390/3166 3157/3381/3157
f 3162/3386/3162 3165/3388/3165 3163/3387/3163
f 3166/3390/3166 3167/3391/3167 3157/3381/3157
f 3166/3390/3166 2420/2578/2420 3167/3391/3167
f 2416/2574/2416 2420/2578/2420 3166/3390/3166
f 2416/2574/2416 3166/3390/3166 3169/3392/3169
f 3164/3389/3164 3168/3393/3168 3166/3390/3166
f 3169/3392/3169 3166/3390/3166 3168/3393/3168
f 3170/3394/3170 3171/3395/3171 3169/3392/3169
f 3168/3393/3168 3170/3394/3170 3169/3392/3169
f 3169/3392/3169 3171/3395/3171 3172/3396/3172
f 2416/2574/2416 3169/3392/3169 3172/3396/3172
f 3172/3396/3172 3171/3395/3171 3175/3397/3175
f 3172/3396/3172 2413/2572/2413 2416/2574/2416
f 3172/3396/3172 3173/3398/3173 3174/3399/3174
f 3172/3396/3172 3175/3397/3175 3173/3398/3173
f 2413/2572/2413 3172/3396/3172 3174/3399/3174
f 3177/3400/3177 3176/3401/3176 3175/3397/3175
f 3173/3398/3173 3175/3397/3175 3176/3401/3176
f 3177/3400/3177 3175/3397/3175 3178/3402/3178
f 3171/3395/3171 3178/3402/3178 3175/3397/3175
f 3179/3403/3179 3178/3402/3178 3171/3395/3171
f 3179/3403/3179 3180/3404/3180 3178/3402/3178
f 3180/3404/3180 3181/3405/3181 3178/3402/3178
f 3178/3402/3178 3181/3405/3181 3177/3400/3177
f 3177/3400/3177 3181/3405/3181 3176/3401/3176
f 3181/3405/3181 3182/3406/3182 3176/3401/3176
f 3181/3405/3181 3183/3407/3183 3182/3406/3182
f 3181/3405/3181 3180/3404/3180 3183/3407/3183
f 3183/3407/3183 3184/3408/3184 3186/3409/3186
f 3184/3408/3184 3183/3407/3183 3185/3410/3185
f 3180/3404/3180 3185/3410/3185 3183/3407/3183
f 3183/3407/3183 3186/3409/3186 3182/3406/3182
f 3187/3411/3187 3186/3409/3186 2370/2519/2370
f 3186/3409/3186 3187/3411/3187 3188/3412/3188
f 3182/3406/3182 3186/3409/3186 3188/3412/3188
f 3184/3408/3184 2370/2519/2370 3186/3409/3186
f 3187/3411/3187 3190/3413/3190 3188/3412/3188
f 3188/3412/3188 3189/3414/3189 3191/3415/3191
f 3190/3413/3190 3189/3414/3189 3188/3412/3188
f 3176/3401/3176 3182/3406/3182 3188/3412/3188
f 3188/3412/3188 3191/3415/3191 3176/3401/3176
f 3191/3415/3191 3189/3414/3189 2390/3416/2390
f 3173/3398/3173 3176/3401/3176 3191/3415/3191
f 3193/3417/3193 3173/3398/3173 3191/3415/3191
f 3192/3418/3192 3191/3415/3191 2390/3416/2390
f 3191/3415/3191 3192/3418/3192 3193/3417/3193
f 3174/3399/3174 3193/3417/3193 2413/2572/2413
f 2414/2571/2414 2413/2572/2413 3193/3417/3193
f 2414/2571/2414 3193/3417/3193 3192/3418/3192
f 3173/3398/3173 3193/3417/3193 3174/3399/3174
f 2396/3419/2396 3192/3418/3192 2390/3416/2390
f 3192/3418/3192 2396/3419/2396 2414/2571/2414
f 3189/3414/3189 3190/3413/3190 2386/2538/2386
f 3190/3413/3190 3187/3411/3187 2386/2538/2386
f 3189/3414/3189 2386/2538/2386 2385/2539/2385
f 3189/3414/3189 2385/2539/2385 2390/3416/2390
f 3187/3411/3187 2374/2522/2374 2386/2538/2386
f 3187/3411/3187 2370/2519/2370 2374/2522/2374
f 3194/3420/3194 3184/3408/3184 3185/3410/3185
f 3194/3420/3194 3185/3410/3185 3195/3421/3195
f 3195/3421/3195 3185/3410/3185 3180/3404/3180
f 3194/3420/3194 3195/3421/3195 3198/3422/3198
f 3196/3423/3196 3199/3424/3199 3195/3421/3195
f 3195/3421/3195 3180/3404/3180 3196/3423/3196
f 3195/3421/3195 3199/3424/3199 3197/3425/3197
f 3198/3422/3198 3195/3421/3195 3197/3425/3197
f 3197/3425/3197 3199/3424/3199 3202/3426/3202
f 3199/3424/3199 3196/3423/3196 3200/3427/3200
f 3200/3427/3200 3201/3428/3201 3199/3424/3199
f 3199/3424/3199 3201/3428/3201 3203/3429/3203
f 3202/3426/3202 3199/3424/3199 3203/3429/3203
f 3204/3430/3204 3203/3429/3203 3206/3431/3206
f 3204/3430/3204 3202/3426/3202 3203/3429/3203
f 3203/3429/3203 3201/3428/3201 3205/3432/3205
f 3203/3429/3203 3205/3432/3205 3206/3431/3206
f 3209/3433/3209 3207/3434/3207 3206/3431/3206
f 3206/3431/3206 3207/3434/3207 3204/3430/3204
f 3206/3431/3206 3205/3432/3205 3208/3435/3208
f 3209/3433/3209 3206/3431/3206 3208/3435/3208
f 3213/3436/3213 3210/3437/3210 3209/3433/3209
f 3209/3433/3209 3210/3437/3210 3211/3438/3211
f 3208/3435/3208 3213/3436/3213 3209/3433/3209
f 3211/3438/3211 3212/3439/3212 3209/3433/3209
f 3212/3439/3212 3207/3434/3207 3209/3433/3209
f 3215/3440/3215 3210/3437/3210 3213/3436/3213
f 3213/3436/3213 3208/3435/3208 3214/3441/3214
f 3215/3440/3215 3213/3436/3213 3214/3441/3214
f 3216/3442/3216 3210/3437/3210 3215/3440/3215
f 3215/3440/3215 3219/3443/3219 3216/3442/3216
f 3215/3440/3215 3214/3441/3214 3217/3444/3217
f 3215/3440/3215 3217/3444/3217 3218/3445/3218
f 3218/3445/3218 3219/3443/3219 3215/3440/3215
f 3219/3443/3219 3218/3445/3218 3216/3442/3216
f 3220/3446/3220 3218/3445/3218 3078/3302/3078
f 3083/3307/3083 3078/3302/3078 3218/3445/3218
f 3216/3442/3216 3218/3445/3218 3220/3446/3220
f 3218/3445/3218 3217/3444/3217 3083/3307/3083
f 3220/3446/3220 3078/3302/3078 3222/3447/3222
f 3220/3446/3220 3221/3448/3221 3216/3442/3216
f 3222/3447/3222 3221/3448/3221 3220/3446/3220
f 3222/3447/3222 3078/3302/3078 3077/3301/3077
f 3223/3449/3223 3221/3448/3221 3222/3447/3222
f 3077/3301/3077 3223/3449/3223 3222/3447/3222
f 3223/3449/3223 3077/3301/3077 3224/3450/3224
f 3223/3449/3223 3224/3450/3224 3225/3451/3225
f 3223/3449/3223 3225/3451/3225 3226/3452/3226
f 3221/3448/3221 3223/3449/3223 3226/3452/3226
f 3226/3452/3226 3216/3442/3216 3221/3448/3221
f 3216/3442/3216 3226/3452/3226 3227/3453/3227
f 3226/3452/3226 3228/3454/3228 3227/3453/3227
f 3226/3452/3226 3225/3451/3225 3228/3454/3228
f 3227/3453/3227 3228/3454/3228 3230/3455/3230
f 1026/1106/1026 2349/2501/2349 3228/3454/3228
f 3228/3454/3228 2349/2501/2349 3229/3456/3229
f 3229/3456/3229 3230/3455/3230 3228/3454/3228
f 3225/3451/3225 1026/1106/1026 3228/3454/3228
f 3229/3456/3229 3231/3457/3231 3230/3455/3230
f 3231/3457/3231 3212/3439/3212 3230/3455/3230
f 3227/3453/3227 3230/3455/3230 3211/3438/3211
f 3211/3438/3211 3230/3455/3230 3212/3439/3212
f 3229/3456/3229 3232/3458/3232 3231/3457/3231
f 3231/3457/3231 3232/3458/3232 3233/3459/3233
f 3231/3457/3231 3233/3459/3233 3212/3439/3212
f 3232/3458/3232 3234/3460/3234 3233/3459/3233
f 3202/3426/3202 3233/3459/3233 3234/3460/3234
f 3233/3459/3233 3204/3430/3204 3212/3439/3212
f 3204/3430/3204 3233/3459/3233 3202/3426/3202
f 3197/3425/3197 3234/3460/3234 3235/3461/3235
f 3234/3460/3234 3197/3425/3197 3202/3426/3202
f 3234/3460/3234 3232/3458/3232 2353/2504/2353
f 3234/3460/3234 2353/2504/2353 3235/3461/3235
f 2364/2514/2364 3235/3461/3235 2355/2506/2355
f 2353/2504/2353 2355/2506/2355 3235/3461/3235
f 3198/3422/3198 3197/3425/3197 3235/3461/3235
f 3235/3461/3235 2364/2514/2364 3198/3422/3198
f 3229/3456/3229 2353/2504/2353 3232/3458/3232
f 2349/2501/2349 2350/2502/2350 3229/3456/3229
f 3229/3456/3229 2350/2502/2350 2353/2504/2353
f 3210/3437/3210 3216/3442/3216 3227/3453/3227
f 3227/3453/3227 3211/3438/3211 3210/3437/3210
f 1027/1107/1027 1026/1106/1026 3225/3451/3225
f 3224/3450/3224 1027/1107/1027 3225/3451/3225
f 3224/3450/3224 3077/3301/3077 3236/3462/3236
f 3224/3450/3224 1023/1102/1023 1027/1107/1027
f 1024/1103/1024 1023/1102/1023 3224/3450/3224
f 1024/1103/1024 3224/3450/3224 3236/3462/3236
f 3237/3463/3237 1024/1103/1024 3236/3462/3236
f 3072/3298/3072 3236/3462/3236 3077/3301/3077
f 3236/3462/3236 3072/3298/3072 3237/3463/3237
f 1024/1103/1024 3237/3463/3237 3073/3296/3073
f 3237/3463/3237 3072/3298/3072 3073/3296/3073
f 3083/3307/3083 3217/3444/3217 3087/3312/3087
f 3087/3312/3087 3217/3444/3217 3238/3464/3238
f 3217/3444/3217 3214/3441/3214 3238/3464/3238
f 3239/3465/3239 3087/3312/3087 3238/3464/3238
f 3161/3385/3161 3239/3465/3239 3238/3464/3238
f 3238/3464/3238 3214/3441/3214 3161/3385/3161
f 3239/3465/3239 3118/3342/3118 3240/3466/3240
f 3087/3312/3087 3239/3465/3239 3240/3466/3240
f 3239/3465/3239 3161/3385/3161 3159/3384/3159
f 3118/3342/3118 3239/3465/3239 3159/3384/3159
f 3086/3311/3086 3087/3312/3087 3240/3466/3240
f 3118/3342/3118 3086/3311/3086 3240/3466/3240
f 3214/3441/3214 3208/3435/3208 3161/3385/3161
f 3204/3430/3204 3207/3434/3207 3212/3439/3212
f 3165/3388/3165 3208/3435/3208 3205/3432/3205
f 3165/3388/3165 3162/3386/3162 3208/3435/3208
f 3162/3386/3162 3161/3385/3161 3208/3435/3208
f 3205/3432/3205 3170/3394/3170 3164/3389/3164
f 3205/3432/3205 3164/3389/3164 3165/3388/3165
f 3205/3432/3205 3201/3428/3201 3170/3394/3170
f 3170/3394/3170 3201/3428/3201 3171/3395/3171
f 3201/3428/3201 3200/3427/3200 3171/3395/3171
f 3200/3427/3200 3179/3403/3179 3171/3395/3171
f 3179/3403/3179 3200/3427/3200 3196/3423/3196
f 2364/2514/2364 3194/3420/3194 3198/3422/3198
f 3196/3423/3196 3180/3404/3180 3179/3403/3179
f 2364/2514/2364 2368/2518/2368 3194/3420/3194
f 3194/3420/3194 2368/2518/2368 3184/3408/3184
f 3184/3408/3184 2368/2518/2368 2370/2519/2370
f 3164/3389/3164 3170/3394/3170 3168/3393/3168
f 3157/3381/3157 3167/3391/3167 3155/3379/3155
f 3155/3379/3155 3167/3391/3167 2420/2578/2420
f 3119/3343/3119 3118/3342/3118 3159/3384/3159
f 2419/2577/2419 3155/3379/3155 2420/2578/2420
f 3086/3311/3086 3118/3342/3118 3114/3338/3114
f 3090/3313/3090 3085/3309/3085 3114/3338/3114
f 3114/3338/3114 3085/3309/3085 3086/3311/3086
f 3111/3335/3111 3013/3237/3013 3014/3238/3014
f 3019/3245/3019 3032/3256/3032 3105/3329/3105
f 3016/3240/3016 3019/3245/3019 3105/3329/3105
f 3037/3262/3037 3103/3328/3103 3032/3256/3032
f 3102/3327/3102 3093/3317/3093 3092/3316/3092
f 3089/3314/3089 3080/3306/3080 3081/3305/3081
f 3070/3294/3070 3241/3467/3241 3073/3296/3073
f 1020/1100/1020 1024/1103/1024 3073/3296/3073
f 1019/1097/1019 3073/3296/3073 3241/3467/3241
f 3073/3296/3073 1019/1097/1019 1020/1100/1020
f 3070/3294/3070 3242/3468/3242 3241/3467/3241
f 1016/1093/1016 1019/1097/1019 3241/3467/3241
f 3241/3467/3241 3242/3468/3242 1010/1089/1010
f 1010/1089/1010 1016/1093/1016 3241/3467/3241
f 3242/3468/3242 3070/3294/3070 3069/3293/3069
f 1004/1082/1004 3242/3468/3242 3069/3293/3069
f 1010/1089/1010 3242/3468/3242 1008/1088/1008
f 1004/1082/1004 1008/1088/1008 3242/3468/3242
f 3065/3289/3065 3243/3469/3243 3069/3293/3069
f 3069/3293/3069 3243/3469/3243 3244/3470/3244
f 3069/3293/3069 3244/3470/3244 1004/1082/1004
f 1000/1081/1000 1004/1082/1004 3244/3470/3244
f 1000/1081/1000 3244/3470/3244 3245/3471/3245
f 3246/3472/3246 3244/3470/3244 3243/3469/3243
f 3245/3471/3245 3244/3470/3244 3246/3472/3246
f 3247/3473/3247 3246/3472/3246 3243/3469/3243
f 3248/3474/3248 3246/3472/3246 3247/3473/3247
f 3249/3475/3249 3246/3472/3246 3248/3474/3248
f 3246/3472/3246 1001/1079/1001 3245/3471/3245
f 3249/3475/3249 1001/1079/1001 3246/3472/3246
f 1001/1079/1001 3249/3475/3249 936/1001/936
f 936/1001/936 3249/3475/3249 937/1002/937
f 3248/3474/3248 937/1002/937 3249/3475/3249
f 3058/3283/3058 3248/3474/3248 3063/3287/3063
f 3058/3283/3058 937/1002/937 3248/3474/3248
f 3248/3474/3248 3247/3473/3247 3063/3287/3063
f 3247/3473/3247 3243/3469/3243 3065/3289/3065
f 3247/3473/3247 3065/3289/3065 3063/3287/3063
f 1001/1079/1001 1000/1081/1000 3245/3471/3245
f 3045/3271/3045 3049/3274/3049 3061/3286/3061
f 3058/3283/3058 938/1003/938 937/1002/937
f 3056/3281/3056 932/995/932 931/996/931
f 926/988/926 932/995/932 3056/3281/3056
f 3054/3278/3054 926/988/926 3056/3281/3056
f 3053/3277/3053 926/988/926 3054/3278/3054
f 926/988/926 3053/3277/3053 927/989/927
f 927/989/927 3053/3277/3053 3051/3275/3051
f 3251/3476/3251 3051/3275/3051 3250/3477/3250
f 3051/3275/3051 3048/3272/3048 3250/3477/3250
f 927/989/927 3051/3275/3051 915/975/915
f 3251/3476/3251 915/975/915 3051/3275/3051
f 917/974/917 3251/3476/3251 3252/3478/3252
f 3252/3478/3252 3251/3476/3251 3253/3479/3253
f 3251/3476/3251 3250/3477/3250 3253/3479/3253
f 917/974/917 915/975/915 3251/3476/3251
f 3039/3265/3039 3041/3267/3041 3253/3479/3253
f 3253/3479/3253 3041/3267/3041 3252/3478/3252
f 3044/3269/3044 3253/3479/3253 3250/3477/3250
f 3039/3265/3039 3253/3479/3253 3044/3269/3044
f 3252/3478/3252 3041/3267/3041 3254/3480/3254
f 3252/3478/3252 3254/3480/3254 3255/3481/3255
f 917/974/917 3252/3478/3252 3255/3481/3255
f 916/973/916 3255/3481/3255 913/972/913
f 913/972/913 3255/3481/3255 3256/3482/3256
f 3255/3481/3255 3254/3480/3254 3256/3482/3256
f 916/973/916 917/974/917 3255/3481/3255
f 913/972/913 3256/3482/3256 3258/3483/3258
f 3254/3480/3254 3257/3484/3257 3256/3482/3256
f 3258/3483/3258 3256/3482/3256 3257/3484/3257
f 3261/3485/3261 3258/3483/3258 3259/3486/3259
f 3260/3487/3260 3259/3486/3259 3258/3483/3258
f 3258/3483/3258 3257/3484/3257 3260/3487/3260
f 913/972/913 3258/3483/3258 3261/3485/3261
f 913/972/913 3261/3485/3261 907/962/907
f 3261/3485/3261 3259/3486/3259 3262/3488/3262
f 3261/3485/3261 3262/3488/3262 907/962/907
f 3264/3489/3264 3262/3488/3262 3259/3486/3259
f 907/962/907 3262/3488/3262 3263/3490/3263
f 3264/3489/3264 3263/3490/3263 3262/3488/3262
f 3267/3491/3267 3264/3489/3264 3265/3492/3265
f 3265/3492/3265 3264/3489/3264 3266/3493/3266
f 3266/3493/3266 3264/3489/3264 3259/3486/3259
f 3263/3490/3263 3264/3489/3264 3267/3491/3267
f 3269/3494/3269 3263/3490/3263 3267/3491/3267
f 3271/3495/3271 3268/3496/3268 3267/3491/3267
f 3268/3496/3268 3269/3494/3269 3267/3491/3267
f 3270/3497/3270 3267/3491/3267 3265/3492/3265
f 3270/3497/3270 3271/3495/3271 3267/3491/3267
f 3270/3497/3270 3272/3498/3272 3271/3495/3271
f 3273/3499/3273 3271/3495/3271 3272/3498/3272
f 3268/3496/3268 3271/3495/3271 3273/3499/3273
f 3273/3499/3273 3276/3500/3276 3274/3501/3274
f 3274/3501/3274 3275/3502/3275 3273/3499/3273
f 3275/3502/3275 3268/3496/3268 3273/3499/3273
f 3276/3500/3276 3273/3499/3273 3272/3498/3272
f 3278/3503/3278 3277/3504/3277 3276/3500/3276
f 3280/3505/3280 3276/3500/3276 3277/3504/3277
f 3276/3500/3276 3279/3506/3279 3278/3503/3278
f 3279/3506/3279 3276/3500/3276 3272/3498/3272
f 3280/3505/3280 3274/3501/3274 3276/3500/3276
f 3281/3507/3281 3274/3501/3274 3280/3505/3280
f 3281/3507/3281 3280/3505/3280 3282/3508/3282
f 3282/3508/3282 3280/3505/3280 3284/3509/3284
f 3283/3510/3283 3280/3505/3280 3277/3504/3277
f 3284/3509/3284 3280/3505/3280 3283/3510/3283
f 3284/3509/3284 875/3511/875 3282/3508/3282
f 3284/3509/3284 876/3512/876 875/3511/875
f 3285/3513/3285 3284/3509/3284 3283/3510/3283
f 3284/3509/3284 3286/3514/3286 876/3512/876
f 3284/3509/3284 3285/3513/3285 3286/3514/3286
f 3285/3513/3285 3288/3515/3288 3286/3514/3286
f 876/3512/876 3286/3514/3286 3287/3516/3287
f 3286/3514/3286 3288/3515/3288 3287/3516/3287
f 3291/3517/3291 3289/3518/3289 3288/3515/3288
f 3289/3518/3289 3290/3519/3290 3288/3515/3288
f 3290/3519/3290 3287/3516/3287 3288/3515/3288
f 3291/3517/3291 3288/3515/3288 3285/3513/3285
f 3291/3517/3291 3294/3520/3294 3289/3518/3289
f 3291/3517/3291 3292/3521/3292 3294/3520/3294
f 3291/3517/3291 3293/3522/3293 3292/3521/3292
f 3291/3517/3291 3285/3513/3285 3293/3522/3293
f 3294/3520/3294 3296/3523/3296 3289/3518/3289
f 3295/3524/3295 3294/3520/3294 3292/3521/3292
f 3294/3520/3294 3295/3524/3295 3296/3523/3296
f 3295/3524/3295 3299/3525/3299 3296/3523/3296
f 3297/3526/3297 3296/3523/3296 3298/3527/3298
f 3296/3523/3296 3297/3526/3297 3289/3518/3289
f 3299/3525/3299 3298/3527/3298 3296/3523/3296
f 3298/3527/3298 3299/3525/3299 3300/3528/3300
f 3300/3528/3300 3299/3525/3299 3301/3529/3301
f 3302/3530/3302 3299/3525/3299 3295/3524/3295
f 3301/3529/3301 3299/3525/3299 3302/3530/3302
f 3301/3529/3301 3302/3530/3302 3303/3531/3303
f 3303/3531/3303 3302/3530/3302 3295/3524/3295
f 3303/3531/3303 3306/3532/3306 3301/3529/3301
f 3305/3533/3305 3303/3531/3303 3304/3534/3304
f 3303/3531/3303 3295/3524/3295 3304/3534/3304
f 3303/3531/3303 3305/3533/3305 3306/3532/3306
f 3307/3535/3307 3306/3532/3306 3308/3536/3308
f 3310/3537/3310 3306/3532/3306 3307/3535/3307
f 3306/3532/3306 3309/3538/3309 3308/3536/3308
f 3301/3529/3301 3306/3532/3306 3310/3537/3310
f 3305/3533/3305 3309/3538/3309 3306/3532/3306
f 3312/3539/3312 3310/3537/3310 3307/3535/3307
f 3314/3540/3314 3301/3529/3301 3310/3537/3310
f 3310/3537/3310 3312/3539/3312 3311/3541/3311
f 3313/3542/3313 3310/3537/3310 3311/3541/3311
f 3314/3540/3314 3310/3537/3310 3313/3542/3313
f 3315/3543/3315 3314/3540/3314 3317/3544/3317
f 3315/3543/3315 3300/3528/3300 3314/3540/3314
f 3300/3528/3300 3301/3529/3301 3314/3540/3314
f 3314/3540/3314 3313/3542/3313 3316/3545/3316
f 3314/3540/3314 3316/3545/3316 3317/3544/3317
f 3317/3544/3317 3318/3546/3318 3315/3543/3315
f 3319/3547/3319 3318/3546/3318 3317/3544/3317
f 3316/3545/3316 3319/3547/3319 3317/3544/3317
f 3320/3548/3320 3322/3549/3322 3319/3547/3319
f 3323/3550/3323 3320/3548/3320 3319/3547/3319
f 3319/3547/3319 3321/3551/3321 3323/3550/3323
f 3321/3551/3321 3319/3547/3319 3316/3545/3316
f 3318/3546/3318 3319/3547/3319 3322/3549/3322
f 3321/3551/3321 3326/3552/3326 3323/3550/3323
f 3325/3553/3325 3323/3550/3323 3324/3554/3324
f 3323/3550/3323 3327/3555/3327 3324/3554/3324
f 3320/3548/3320 3323/3550/3323 3325/3553/3325
f 3323/3550/3323 3326/3552/3326 3327/3555/3327
f 3324/3554/3324 3327/3555/3327 3328/3556/3328
f 3328/3556/3328 3327/3555/3327 3329/3557/3329
f 3326/3552/3326 3329/3557/3329 3327/3555/3327
f 3329/3557/3329 3331/3558/3331 3328/3556/3328
f 3329/3557/3329 3326/3552/3326 3330/3559/3330
f 3330/3559/3330 3333/3560/3333 3329/3557/3329
f 3332/3561/3332 3331/3558/3331 3329/3557/3329
f 3333/3560/3333 3332/3561/3332 3329/3557/3329
f 3334/3562/3334 3335/3563/3335 3333/3560/3333
f 3334/3562/3334 3333/3560/3333 3330/3559/3330
f 3332/3561/3332 3333/3560/3333 3335/3563/3335
f 3332/3561/3332 3335/3563/3335 3337/3564/3337
f 3334/3562/3334 3338/3565/3338 3335/3563/3335
f 3337/3564/3337 3335/3563/3335 3336/3566/3336
f 3338/3565/3338 3336/3566/3336 3335/3563/3335
f 3338/3565/3338 3341/3567/3341 3339/3568/3339
f 3340/3569/3340 3338/3565/3338 3339/3568/3339
f 2675/2861/2675 3338/3565/3338 3340/3569/3340
f 3338/3565/3338 3334/3562/3334 3341/3567/3341
f 2676/2863/2676 3338/3565/3338 2675/2861/2675
f 2676/2863/2676 3336/3566/3336 3338/3565/3338
f 3341/3567/3341 3342/3570/3342 3339/3568/3339
f 3341/3567/3341 3343/3571/3343 3342/3570/3342
f 3343/3571/3343 3341/3567/3341 3330/3559/3330
f 3334/3562/3334 3330/3559/3330 3341/3567/3341
f 3326/3552/3326 3344/3572/3344 3343/3571/3343
f 3343/3571/3343 3344/3572/3344 3345/3573/3345
f 3343/3571/3343 3330/3559/3330 3326/3552/3326
f 3342/3570/3342 3343/3571/3343 3345/3573/3345
f 3345/3573/3345 3344/3572/3344 3311/3541/3311
f 3311/3541/3311 3346/3574/3346 3345/3573/3345
f 3346/3574/3346 3342/3570/3342 3345/3573/3345
f 3346/3574/3346 3311/3541/3311 3312/3539/3312
f 3312/3539/3312 3347/3575/3347 3346/3574/3346
f 3346/3574/3346 3347/3575/3347 3348/3576/3348
f 3342/3570/3342 3346/3574/3346 3348/3576/3348
f 3348/3576/3348 3349/3577/3349 3351/3578/3351
f 3348/3576/3348 3350/3579/3350 3349/3577/3349
f 3348/3576/3348 3347/3575/3347 3350/3579/3350
f 3348/3576/3348 3351/3578/3351 3342/3570/3342
f 3342/3570/3342 3351/3578/3351 3352/3580/3352
f 3353/3581/3353 3352/3580/3352 3351/3578/3351
f 3351/3578/3351 3349/3577/3349 3353/3581/3353
f 3349/3577/3349 3355/3582/3355 3353/3581/3353
f 3353/3581/3353 3354/3583/3354 3357/3584/3357
f 3353/3581/3353 3355/3582/3355 3354/3583/3354
f 3358/3585/3358 3353/3581/3353 3356/3586/3356
f 3356/3586/3356 3353/3581/3353 3357/3584/3357
f 3353/3581/3353 3358/3585/3358 3352/3580/3352
f 3360/3587/3360 3358/3585/3358 3356/3586/3356
f 3359/3588/3359 3352/3580/3352 3358/3585/3358
f 3361/3589/3361 3359/3588/3359 3358/3585/3358
f 3358/3585/3358 3360/3587/3360 3361/3589/3361
f 3362/3590/3362 3361/3589/3361 3360/3587/3360
f 3363/3591/3363 3361/3589/3361 3362/3590/3362
f 3363/3591/3363 3364/3592/3364 3361/3589/3361
f 3361/3589/3361 3364/3592/3364 3359/3588/3359
f 3359/3588/3359 3364/3592/3364 3340/3569/3340
f 3364/3592/3364 3363/3591/3363 3340/3569/3340
f 3362/3590/3362 2678/2864/2678 3363/3591/3363
f 3340/3569/3340 3363/3591/3363 2675/2861/2675
f 3363/3591/3363 2678/2864/2678 2675/2861/2675
f 3362/3590/3362 3360/3587/3360 3365/3593/3365
f 3367/3594/3367 2678/2864/2678 3362/3590/3362
f 3362/3590/3362 3365/3593/3365 3366/3595/3366
f 3362/3590/3362 3366/3595/3366 3367/3594/3367
f 3367/3594/3367 3366/3595/3366 3368/3596/3368
f 3367/3594/3367 3368/3596/3368 3369/3597/3369
f 2689/2881/2689 3367/3594/3367 3369/3597/3369
f 3367/3594/3367 2689/2881/2689 2680/2865/2680
f 2680/2865/2680 2678/2864/2678 3367/3594/3367
f 3368/3596/3368 3370/3598/3370 3369/3597/3369
f 3370/3598/3370 2695/2886/2695 3369/3597/3369
f 2689/2881/2689 3369/3597/3369 2695/2886/2695
f 3368/3596/3368 3371/3599/3371 3370/3598/3370
f 2695/2886/2695 3370/3598/3370 2701/2888/2701
f 3372/3600/3372 3370/3598/3370 3371/3599/3371
f 2705/2896/2705 3370/3598/3370 3372/3600/3372
f 2705/2896/2705 2701/2888/2701 3370/3598/3370
f 3371/3599/3371 3373/3601/3373 3372/3600/3372
f 3372/3600/3372 3373/3601/3373 2705/2896/2705
f 3373/3601/3373 3374/3602/3374 2705/2896/2705
f 3375/3603/3375 3374/3602/3374 3373/3601/3373
f 3377/3604/3377 3373/3601/3373 3371/3599/3371
f 3373/3601/3373 3376/3605/3376 3375/3603/3375
f 3377/3604/3377 3376/3605/3376 3373/3601/3373
f 3378/3606/3378 3377/3604/3377 3357/3584/3357
f 3377/3604/3377 3378/3606/3378 3376/3605/3376
f 3356/3586/3356 3377/3604/3377 3379/3607/3379
f 3356/3586/3356 3357/3584/3357 3377/3604/3377
f 3377/3604/3377 3371/3599/3371 3379/3607/3379
f 3360/3587/3360 3379/3607/3379 3365/3593/3365
f 3356/3586/3356 3379/3607/3379 3360/3587/3360
f 3371/3599/3371 3365/3593/3365 3379/3607/3379
f 3380/3608/3380 3376/3605/3376 3378/3606/3378
f 3378/3606/3378 3354/3583/3354 3380/3608/3380
f 3354/3583/3354 3378/3606/3378 3357/3584/3357
f 3384/3609/3384 3381/3610/3381 3380/3608/3380
f 3380/3608/3380 3381/3610/3381 3382/3611/3382
f 3382/3611/3382 3375/3603/3375 3380/3608/3380
f 3383/3612/3383 3380/3608/3380 3354/3583/3354
f 3383/3612/3383 3384/3609/3384 3380/3608/3380
f 3375/3603/3375 3376/3605/3376 3380/3608/3380
f 3384/3609/3384 3387/3613/3387 3385/3614/3385
f 3386/3615/3386 3384/3609/3384 3385/3614/3385
f 3384/3609/3384 3386/3615/3386 3381/3610/3381
f 3383/3612/3383 3387/3613/3387 3384/3609/3384
f 3387/3613/3387 3383/3612/3383 3391/3616/3391
f 3387/3613/3387 3389/3617/3389 3388/3618/3388
f 3388/3618/3388 3385/3614/3385 3387/3613/3387
f 3390/3619/3390 3389/3617/3389 3387/3613/3387
f 3390/3619/3390 3387/3613/3387 3391/3616/3391
f 3391/3616/3391 3383/3612/3383 3354/3583/3354
f 3349/3577/3349 3390/3619/3390 3391/3616/3391
f 3354/3583/3354 3349/3577/3349 3391/3616/3391
f 3393/3620/3393 3389/3617/3389 3390/3619/3390
f 3390/3619/3390 3349/3577/3349 3392/3621/3392
f 3394/3622/3394 3390/3619/3390 3392/3621/3392
f 3394/3622/3394 3393/3620/3393 3390/3619/3390
f 3393/3620/3393 3394/3622/3394 3395/3623/3395
f 3394/3622/3394 3396/3624/3396 3395/3623/3395
f 3396/3624/3396 3394/3622/3394 3392/3621/3392
f 3397/3625/3397 3395/3623/3395 3396/3624/3396
f 3396/3624/3396 3350/3579/3350 3397/3625/3397
f 3350/3579/3350 3396/3624/3396 3392/3621/3392
f 3395/3623/3395 3397/3625/3397 3398/3626/3398
f 3398/3626/3398 3397/3625/3397 3347/3575/3347
f 3347/3575/3347 3397/3625/3397 3350/3579/3350
f 3398/3626/3398 3399/3627/3399 3395/3623/3395
f 3308/3536/3308 3399/3627/3399 3398/3626/3398
f 3312/3539/3312 3398/3626/3398 3347/3575/3347
f 3308/3536/3308 3398/3626/3398 3312/3539/3312
f 3399/3627/3399 3400/3628/3400 3395/3623/3395
f 3400/3628/3400 3399/3627/3399 3401/3629/3401
f 3308/3536/3308 3401/3629/3401 3399/3627/3399
f 3402/3630/3402 3400/3628/3400 3401/3629/3401
f 3402/3630/3402 3401/3629/3401 3404/3631/3404
f 3401/3629/3401 3309/3538/3309 3403/3632/3403
f 3403/3632/3403 3404/3631/3404 3401/3629/3401
f 3401/3629/3401 3308/3536/3308 3309/3538/3309
f 3403/3632/3403 3405/3633/3405 3404/3631/3404
f 3408/3634/3408 3404/3631/3404 3405/3633/3405
f 3404/3631/3404 3408/3634/3408 3406/3635/3406
f 3404/3631/3404 3406/3635/3406 3407/3636/3407
f 3404/3631/3404 3407/3636/3407 3402/3630/3402
f 3408/3634/3408 3411/3637/3411 3406/3635/3406
f 3410/3638/3410 3409/3639/3409 3408/3634/3408
f 3408/3634/3408 3409/3639/3409 3411/3637/3411
f 3408/3634/3408 3405/3633/3405 3410/3638/3410
f 3411/3637/3411 3412/3640/3412 3406/3635/3406
f 3413/3641/3413 3412/3640/3412 3411/3637/3411
f 3413/3641/3413 3411/3637/3411 3409/3639/3409
f 3415/3642/3415 3413/3641/3413 3409/3639/3409
f 3416/3643/3416 3414/3644/3414 3413/3641/3413
f 3417/3645/3417 3413/3641/3413 3414/3644/3414
f 3416/3643/3416 3413/3641/3413 3415/3642/3415
f 3413/3641/3413 3417/3645/3417 3412/3640/3412
f 3417/3645/3417 3414/3644/3414 3418/3646/3418
f 3419/3647/3419 3417/3645/3417 3418/3646/3418
f 3412/3640/3412 3417/3645/3417 3419/3647/3419
f 3420/3648/3420 3419/3647/3419 3421/3649/3421
f 3419/3647/3419 3420/3648/3420 3412/3640/3412
f 3419/3647/3419 3418/3646/3418 3421/3649/3421
f 3418/3646/3418 3422/3650/3422 3421/3649/3421
f 3422/3650/3422 3423/3651/3423 3421/3649/3421
f 3423/3651/3423 3425/3652/3425 3421/3649/3421
f 3420/3648/3420 3421/3649/3421 3424/3653/3424
f 3425/3652/3425 3424/3653/3424 3421/3649/3421
f 3426/3654/3426 3425/3652/3425 3427/3655/3427
f 3425/3652/3425 3426/3654/3426 3424/3653/3424
f 3427/3655/3427 3425/3652/3425 3428/3656/3428
f 3423/3651/3423 3428/3656/3428 3425/3652/3425
f 3423/3651/3423 3431/3657/3431 3428/3656/3428
f 3428/3656/3428 3429/3658/3429 3427/3655/3427
f 3430/3659/3430 3429/3658/3429 3428/3656/3428
f 3428/3656/3428 3431/3657/3431 3430/3659/3430
f 3430/3659/3430 3431/3657/3431 3432/3660/3432
f 3432/3660/3432 3431/3657/3431 3434/3661/3434
f 3433/3662/3433 3436/3663/3436 3431/3657/3431
f 3433/3662/3433 3431/3657/3431 3437/3664/3437
f 3434/3661/3434 3431/3657/3431 3436/3663/3436
f 3431/3657/3431 3423/3651/3423 3435/3665/3435
f 3435/3665/3435 3437/3664/3437 3431/3657/3431
f 3437/3664/3437 3423/3651/3423 3438/3666/3438
f 3423/3651/3423 3437/3664/3437 3435/3665/3435
f 3437/3664/3437 3438/3666/3438 3439/3667/3439
f 3437/3664/3437 3439/3667/3439 3433/3662/3433
f 3439/3667/3439 3436/3663/3436 3433/3662/3433
f 3436/3663/3436 3439/3667/3439 3442/3668/3442
f 3439/3667/3439 3441/3669/3441 3440/3670/3440
f 3442/3668/3442 3439/3667/3439 3440/3670/3440
f 3443/3671/3443 3441/3669/3441 3439/3667/3439
f 3443/3671/3443 3439/3667/3439 3438/3666/3438
f 3443/3671/3443 3422/3650/3422 3444/3672/3444
f 3422/3650/3422 3443/3671/3443 3438/3666/3438
f 3445/3673/3445 3443/3671/3443 3444/3672/3444
f 3445/3673/3445 3441/3669/3441 3443/3671/3443
f 3444/3672/3444 3448/3674/3448 3445/3673/3445
f 3440/3670/3440 3445/3673/3445 3446/3675/3446
f 3446/3675/3446 3445/3673/3445 3447/3676/3447
f 3445/3673/3445 3449/3677/3449 3447/3676/3447
f 3441/3669/3441 3445/3673/3445 3440/3670/3440
f 3448/3674/3448 3449/3677/3449 3445/3673/3445
f 3450/3678/3450 3449/3677/3449 3448/3674/3448
f 3450/3678/3450 2999/3223/2999 3449/3677/3449
f 3449/3677/3449 2997/3222/2997 3447/3676/3447
f 2997/3222/2997 3449/3677/3449 2999/3223/2999
f 3451/3679/3451 3450/3678/3450 3448/3674/3448
f 3451/3679/3451 3453/3680/3453 3450/3678/3450
f 3452/3681/3452 3002/3226/3002 3450/3678/3450
f 3452/3681/3452 3450/3678/3450 3453/3680/3453
f 3450/3678/3450 3001/3225/3001 2999/3223/2999
f 3002/3226/3002 3001/3225/3001 3450/3678/3450
f 3455/3682/3455 3453/3680/3453 3451/3679/3451
f 3453/3680/3453 3455/3682/3455 3454/3683/3454
f 3454/3683/3454 3452/3681/3452 3453/3680/3453
f 3455/3682/3455 3451/3679/3451 3456/3684/3456
f 3457/3685/3457 3455/3682/3455 3456/3684/3456
f 3457/3685/3457 3454/3683/3454 3455/3682/3455
f 3457/3685/3457 3456/3684/3456 3458/3686/3458
f 3458/3686/3458 3459/3687/3459 3457/3685/3457
f 3459/3687/3459 3460/3688/3460 3457/3685/3457
f 3461/3689/3461 3457/3685/3457 3460/3688/3460
f 3457/3685/3457 3018/3242/3018 3454/3683/3454
f 3457/3685/3457 3461/3689/3461 3018/3242/3018
f 3026/3249/3026 3023/3248/3023 3461/3689/3461
f 3026/3249/3026 3461/3689/3461 3463/3690/3463
f 3461/3689/3461 3462/3691/3462 3463/3690/3463
f 3460/3688/3460 3462/3691/3462 3461/3689/3461
f 3461/3689/3461 3023/3248/3023 3018/3242/3018
f 3464/3692/3464 3463/3690/3463 3462/3691/3462
f 3463/3690/3463 3464/3692/3464 3465/3693/3465
f 3465/3693/3465 3026/3249/3026 3463/3690/3463
f 3465/3693/3465 3466/3694/3466 3026/3249/3026
f 3467/3695/3467 3466/3694/3466 3465/3693/3465
f 3465/3693/3465 3464/3692/3464 3467/3695/3467
f 3467/3695/3467 3464/3692/3464 3470/3696/3470
f 3471/3697/3471 3467/3695/3467 3468/3698/3468
f 3468/3698/3468 3467/3695/3467 3469/3699/3469
f 3467/3695/3467 3470/3696/3470 3469/3699/3469
f 3467/3695/3467 3471/3697/3471 3466/3694/3466
f 3266/3493/3266 3471/3697/3471 3468/3698/3468
f 3266/3493/3266 3466/3694/3466 3471/3697/3471
f 3464/3692/3464 3462/3691/3462 3470/3696/3470
f 3472/3700/3472 3470/3696/3470 3462/3691/3462
f 3470/3696/3470 3472/3700/3472 3473/3701/3473
f 3469/3699/3469 3470/3696/3470 3473/3701/3473
f 3476/3702/3476 3473/3701/3473 3474/3703/3474
f 3473/3701/3473 3472/3700/3472 3474/3703/3474
f 3469/3699/3469 3473/3701/3473 3475/3704/3475
f 3476/3702/3476 3475/3704/3475 3473/3701/3473
f 3476/3702/3476 3474/3703/3474 3479/3705/3479
f 3475/3704/3475 3476/3702/3476 3477/3706/3477
f 3478/3707/3478 3477/3706/3477 3476/3702/3476
f 3476/3702/3476 3479/3705/3479 3478/3707/3478
f 3478/3707/3478 3479/3705/3479 3480/3708/3480
f 3481/3709/3481 3479/3705/3479 3474/3703/3474
f 3480/3708/3480 3479/3705/3479 3415/3642/3415
f 3481/3709/3481 3415/3642/3415 3479/3705/3479
f 3481/3709/3481 3474/3703/3474 3482/3710/3482
f 3483/3711/3483 3416/3643/3416 3481/3709/3481
f 3481/3709/3481 3416/3643/3416 3415/3642/3415
f 3481/3709/3481 3482/3710/3482 3483/3711/3483
f 3456/3684/3456 3484/3712/3484 3483/3711/3483
f 3458/3686/3458 3456/3684/3456 3483/3711/3483
f 3482/3710/3482 3458/3686/3458 3483/3711/3483
f 3414/3644/3414 3483/3711/3483 3484/3712/3484
f 3483/3711/3483 3414/3644/3414 3416/3643/3416
f 3484/3712/3484 3485/3713/3485 3487/3714/3487
f 3456/3684/3456 3485/3713/3485 3484/3712/3484
f 3414/3644/3414 3484/3712/3484 3418/3646/3418
f 3486/3715/3486 3418/3646/3418 3484/3712/3484
f 3484/3712/3484 3487/3714/3487 3486/3715/3486
f 3487/3714/3487 3448/3674/3448 3444/3672/3444
f 3444/3672/3444 3422/3650/3422 3487/3714/3487
f 3485/3713/3485 3448/3674/3448 3487/3714/3487
f 3422/3650/3422 3486/3715/3486 3487/3714/3487
f 3418/3646/3418 3486/3715/3486 3422/3650/3422
f 3448/3674/3448 3485/3713/3485 3451/3679/3451
f 3451/3679/3451 3485/3713/3485 3456/3684/3456
f 3474/3703/3474 3458/3686/3458 3482/3710/3482
f 3488/3716/3488 3478/3707/3478 3480/3708/3480
f 3409/3639/3409 3410/3638/3410 3480/3708/3480
f 3409/3639/3409 3480/3708/3480 3415/3642/3415
f 3410/3638/3410 3489/3717/3489 3480/3708/3480
f 3489/3717/3489 3488/3716/3488 3480/3708/3480
f 3489/3717/3489 3410/3638/3410 3491/3718/3491
f 3489/3717/3489 3491/3718/3491 3490/3719/3490
f 3489/3717/3489 3490/3719/3490 3488/3716/3488
f 3491/3718/3491 3410/3638/3410 3405/3633/3405
f 3493/3720/3493 3492/3721/3492 3491/3718/3491
f 3492/3721/3492 3490/3719/3490 3491/3718/3491
f 3405/3633/3405 3493/3720/3493 3491/3718/3491
f 3492/3721/3492 3493/3720/3493 3494/3722/3494
f 3494/3722/3494 3493/3720/3493 3405/3633/3405
f 3495/3723/3495 3494/3722/3494 3304/3534/3304
f 3305/3533/3305 3304/3534/3304 3494/3722/3494
f 3495/3723/3495 3492/3721/3492 3494/3722/3494
f 3403/3632/3403 3494/3722/3494 3496/3724/3496
f 3305/3533/3305 3494/3722/3494 3403/3632/3403
f 3405/3633/3405 3496/3724/3496 3494/3722/3494
f 3403/3632/3403 3496/3724/3496 3405/3633/3405
f 3497/3725/3497 3495/3723/3495 3292/3521/3292
f 3292/3521/3292 3495/3723/3495 3295/3524/3295
f 3295/3524/3295 3495/3723/3495 3304/3534/3304
f 3495/3723/3495 3498/3726/3498 3492/3721/3492
f 3497/3725/3497 3498/3726/3498 3495/3723/3495
f 3490/3719/3490 3492/3721/3492 3498/3726/3498
f 3498/3726/3498 3497/3725/3497 3499/3727/3499
f 3499/3727/3499 3500/3728/3500 3498/3726/3498
f 3498/3726/3498 3500/3728/3500 3488/3716/3488
f 3488/3716/3488 3490/3719/3490 3498/3726/3498
f 3500/3728/3500 3501/3729/3501 3488/3716/3488
f 3500/3728/3500 3499/3727/3499 3501/3729/3501
f 3502/3730/3502 3488/3716/3488 3501/3729/3501
f 3502/3730/3502 3501/3729/3501 3499/3727/3499
f 3488/3716/3488 3502/3730/3502 3478/3707/3478
f 3477/3706/3477 3478/3707/3478 3502/3730/3502
f 3504/3731/3504 3502/3730/3502 3503/3732/3503
f 3503/3732/3503 3502/3730/3502 3499/3727/3499
f 3477/3706/3477 3502/3730/3502 3504/3731/3504
f 3505/3733/3505 3504/3731/3504 3279/3506/3279
f 3504/3731/3504 3505/3733/3505 3475/3704/3475
f 3475/3704/3475 3477/3706/3477 3504/3731/3504
f 3503/3732/3503 3279/3506/3279 3504/3731/3504
f 3505/3733/3505 3272/3498/3272 3506/3734/3506
f 3505/3733/3505 3506/3734/3506 3475/3704/3475
f 3272/3498/3272 3505/3733/3505 3279/3506/3279
f 3272/3498/3272 3507/3735/3507 3506/3734/3506
f 3506/3734/3506 3507/3735/3507 3475/3704/3475
f 3270/3497/3270 3507/3735/3507 3272/3498/3272
f 3507/3735/3507 3469/3699/3469 3475/3704/3475
f 3469/3699/3469 3507/3735/3507 3270/3497/3270
f 3278/3503/3278 3279/3506/3279 3503/3732/3503
f 3508/3736/3508 3278/3503/3278 3503/3732/3503
f 3503/3732/3503 3499/3727/3499 3508/3736/3508
f 3497/3725/3497 3293/3522/3293 3508/3736/3508
f 3283/3510/3283 3508/3736/3508 3293/3522/3293
f 3278/3503/3278 3508/3736/3508 3283/3510/3283
f 3508/3736/3508 3499/3727/3499 3497/3725/3497
f 3497/3725/3497 3292/3521/3292 3293/3522/3293
f 3458/3686/3458 3474/3703/3474 3459/3687/3459
f 3472/3700/3472 3459/3687/3459 3474/3703/3474
f 3459/3687/3459 3472/3700/3472 3460/3688/3460
f 3462/3691/3462 3460/3688/3460 3472/3700/3472
f 3468/3698/3468 3469/3699/3469 3270/3497/3270
f 3265/3492/3265 3266/3493/3266 3468/3698/3468
f 3265/3492/3265 3468/3698/3468 3270/3497/3270
f 3509/3737/3509 3466/3694/3466 3266/3493/3266
f 3025/3250/3025 3026/3249/3026 3466/3694/3466
f 3466/3694/3466 3509/3737/3509 3025/3250/3025
f 3266/3493/3266 3259/3486/3259 3509/3737/3509
f 3509/3737/3509 3030/3253/3030 3025/3250/3025
f 3030/3253/3030 3509/3737/3509 3259/3486/3259
f 3452/3681/3452 3454/3683/3454 3010/3235/3010
f 3009/3233/3009 3454/3683/3454 3018/3242/3018
f 3454/3683/3454 3009/3233/3009 3010/3235/3010
f 3007/3231/3007 3452/3681/3452 3010/3235/3010
f 3452/3681/3452 3007/3231/3007 3002/3226/3002
f 2997/3222/2997 3446/3675/3446 3447/3676/3447
f 3511/3738/3511 3446/3675/3446 3510/3739/3510
f 3446/3675/3446 2997/3222/2997 3510/3739/3510
f 3511/3738/3511 3440/3670/3440 3446/3675/3446
f 3440/3670/3440 3511/3738/3511 3512/3740/3512
f 3513/3741/3513 3512/3740/3512 3511/3738/3511
f 3511/3738/3511 2993/3218/2993 3513/3741/3513
f 2997/3222/2997 2993/3218/2993 3511/3738/3511
f 3510/3739/3510 2997/3222/2997 3511/3738/3511
f 2988/3213/2988 3513/3741/3513 2990/3215/2990
f 3513/3741/3513 2993/3218/2993 2990/3215/2990
f 2988/3213/2988 3512/3740/3512 3513/3741/3513
f 3512/3740/3512 3514/3742/3514 3515/3743/3515
f 3512/3740/3512 2988/3213/2988 3514/3742/3514
f 3440/3670/3440 3512/3740/3512 3442/3668/3442
f 3442/3668/3442 3512/3740/3512 3515/3743/3515
f 3516/3744/3516 3515/3743/3515 3517/3745/3517
f 3515/3743/3515 3516/3744/3516 3442/3668/3442
f 3517/3745/3517 3515/3743/3515 3518/3746/3518
f 3514/3742/3514 3518/3746/3518 3515/3743/3515
f 3518/3746/3518 3519/3747/3519 3520/3748/3520
f 3514/3742/3514 3519/3747/3519 3518/3746/3518
f 3517/3745/3517 3518/3746/3518 3520/3748/3520
f 3522/3749/3522 3520/3748/3520 3519/3747/3519
f 3520/3748/3520 3523/3750/3523 3517/3745/3517
f 3521/3751/3521 3523/3750/3523 3520/3748/3520
f 3521/3751/3521 3520/3748/3520 3522/3749/3522
f 3524/3752/3524 3517/3745/3517 3523/3750/3523
f 3521/3751/3521 3525/3753/3525 3523/3750/3523
f 3523/3750/3523 3526/3754/3526 3524/3752/3524
f 3525/3753/3525 3527/3755/3527 3523/3750/3523
f 3527/3755/3527 3526/3754/3526 3523/3750/3523
f 3527/3755/3527 3528/3756/3528 3526/3754/3526
f 3527/3755/3527 3529/3757/3529 3528/3756/3528
f 3527/3755/3527 3530/3758/3530 3529/3757/3529
f 3530/3758/3530 3527/3755/3527 3525/3753/3525
f 3533/3759/3533 3530/3758/3530 3525/3753/3525
f 3531/3760/3531 3530/3758/3530 3533/3759/3533
f 3530/3758/3530 3531/3760/3531 3532/3761/3532
f 3529/3757/3529 3530/3758/3530 3532/3761/3532
f 3533/3759/3533 3536/3762/3536 3531/3760/3531
f 3525/3753/3525 3522/3749/3522 3533/3759/3533
f 3533/3759/3533 3522/3749/3522 3534/3763/3534
f 3533/3759/3533 3534/3763/3534 3535/3764/3535
f 3533/3759/3533 3535/3764/3535 3536/3762/3536
f 2763/2960/2763 3536/3762/3536 2762/2959/2762
f 3538/3765/3538 2762/2959/2762 3536/3762/3536
f 3535/3764/3535 3537/3766/3537 3536/3762/3536
f 3536/3762/3536 3537/3766/3537 3538/3765/3538
f 2763/2960/2763 3532/3761/3532 3536/3762/3536
f 3531/3760/3531 3536/3762/3536 3532/3761/3532
f 3537/3766/3537 2777/2974/2777 3538/3765/3538
f 3538/3765/3538 2777/2974/2777 2773/2970/2773
f 3538/3765/3538 2773/2970/2773 2766/2964/2766
f 2762/2959/2762 3538/3765/3538 2766/2964/2766
f 2780/2976/2780 3537/3766/3537 3539/3767/3539
f 3537/3766/3537 2780/2976/2780 2777/2974/2777
f 3537/3766/3537 3535/3764/3535 3539/3767/3539
f 3542/3768/3542 2780/2976/2780 3539/3767/3539
f 3540/3769/3540 3539/3767/3539 3535/3764/3535
f 3539/3767/3539 3540/3769/3540 3541/3770/3541
f 3539/3767/3539 3541/3770/3541 3542/3768/3542
f 3542/3768/3542 2784/2981/2784 2779/2977/2779
f 3543/3771/3543 2784/2981/2784 3542/3768/3542
f 3542/3768/3542 2779/2977/2779 2780/2976/2780
f 3543/3771/3543 3542/3768/3542 3541/3770/3541
f 3544/3772/3544 3543/3771/3543 3546/3773/3546
f 3544/3772/3544 2974/3199/2974 3543/3771/3543
f 2974/3199/2974 2975/3198/2975 3543/3771/3543
f 2784/2981/2784 3543/3771/3543 2975/3198/2975
f 3545/3774/3545 3543/3771/3543 3541/3770/3541
f 3546/3773/3546 3543/3771/3543 3545/3774/3545
f 2989/3214/2989 3544/3772/3544 3546/3773/3546
f 3547/3775/3547 2989/3214/2989 3546/3773/3546
f 3547/3775/3547 3546/3773/3546 3519/3747/3519
f 3545/3774/3545 3519/3747/3519 3546/3773/3546
f 2988/3213/2988 3547/3775/3547 3514/3742/3514
f 2988/3213/2988 2989/3214/2989 3547/3775/3547
f 3547/3775/3547 3519/3747/3519 3514/3742/3514
f 3519/3747/3519 3545/3774/3545 3540/3769/3540
f 3545/3774/3545 3541/3770/3541 3540/3769/3540
f 2984/3209/2984 2974/3199/2974 3544/3772/3544
f 2984/3209/2984 3544/3772/3544 2989/3214/2989
f 3522/3749/3522 3540/3769/3540 3534/3763/3534
f 3534/3763/3534 3540/3769/3540 3535/3764/3535
f 3522/3749/3522 3519/3747/3519 3540/3769/3540
f 2759/2955/2759 3532/3761/3532 2763/2960/2763
f 2759/2955/2759 3548/3776/3548 3532/3761/3532
f 3548/3776/3548 3529/3757/3529 3532/3761/3532
f 3550/3777/3550 3549/3778/3549 3548/3776/3548
f 3548/3776/3548 3549/3778/3549 3529/3757/3529
f 2757/2956/2757 3550/3777/3550 3548/3776/3548
f 3548/3776/3548 2759/2955/2759 2757/2956/2757
f 3552/3779/3552 3549/3778/3549 3550/3777/3550
f 3550/3777/3550 2757/2956/2757 3551/3780/3551
f 3551/3780/3551 3552/3779/3552 3550/3777/3550
f 3552/3779/3552 3551/3780/3551 3554/3781/3554
f 3553/3782/3553 3552/3779/3552 3555/3783/3555
f 3552/3779/3552 3553/3782/3553 3549/3778/3549
f 3554/3781/3554 3555/3783/3555 3552/3779/3552
f 3557/3784/3557 3553/3782/3553 3555/3783/3555
f 3554/3781/3554 3556/3785/3556 3555/3783/3555
f 3556/3785/3556 3558/3786/3558 3555/3783/3555
f 3555/3783/3555 3558/3786/3558 3557/3784/3557
f 3559/3787/3559 3558/3786/3558 3556/3785/3556
f 3558/3786/3558 3559/3787/3559 3560/3788/3560
f 3558/3786/3558 3560/3788/3560 3561/3789/3561
f 3561/3789/3561 3557/3784/3557 3558/3786/3558
f 3561/3789/3561 3562/3790/3562 3564/3791/3564
f 3561/3789/3561 3563/3792/3563 3562/3790/3562
f 3561/3789/3561 3560/3788/3560 3563/3792/3563
f 3561/3789/3561 3564/3791/3564 3557/3784/3557
f 3564/3791/3564 3565/3793/3565 3553/3782/3553
f 3564/3791/3564 3553/3782/3553 3557/3784/3557
f 3564/3791/3564 3566/3794/3566 3565/3793/3565
f 3564/3791/3564 3567/3795/3567 3566/3794/3566
f 3562/3790/3562 3567/3795/3567 3564/3791/3564
f 3568/3796/3568 3429/3658/3429 3567/3795/3567
f 3568/3796/3568 3567/3795/3567 3569/3797/3569
f 3567/3795/3567 3430/3659/3430 3566/3794/3566
f 3429/3658/3429 3430/3659/3430 3567/3795/3567
f 3569/3797/3569 3567/3795/3567 3562/3790/3562
f 3569/3797/3569 3562/3790/3562 3563/3792/3563
f 3569/3797/3569 3570/3798/3570 3568/3796/3568
f 3569/3797/3569 3563/3792/3563 3571/3799/3571
f 3570/3798/3570 3569/3797/3569 3572/3800/3572
f 3569/3797/3569 3571/3799/3571 3572/3800/3572
f 3574/3801/3574 3572/3800/3572 3573/3802/3573
f 3573/3802/3573 3572/3800/3572 3577/3803/3577
f 3574/3801/3574 3575/3804/3575 3572/3800/3572
f 3576/3805/3576 3572/3800/3572 3575/3804/3575
f 3572/3800/3572 3571/3799/3571 3577/3803/3577
f 3572/3800/3572 3576/3805/3576 3570/3798/3570
f 3577/3803/3577 3579/3806/3579 3573/3802/3573
f 3577/3803/3577 3578/3807/3578 3579/3806/3579
f 3578/3807/3578 3577/3803/3577 3571/3799/3571
f 3579/3806/3579 3388/3618/3388 3389/3617/3389
f 3580/3808/3580 3388/3618/3388 3579/3806/3579
f 3573/3802/3573 3579/3806/3579 3389/3617/3389
f 3580/3808/3580 3579/3806/3579 3578/3807/3578
f 3581/3809/3581 3559/3787/3559 3580/3808/3580
f 3582/3810/3582 3580/3808/3580 3559/3787/3559
f 3580/3808/3580 3578/3807/3578 3581/3809/3581
f 3388/3618/3388 3580/3808/3580 3582/3810/3582
f 3582/3810/3582 3559/3787/3559 3583/3811/3583
f 3583/3811/3583 3584/3812/3584 3582/3810/3582
f 3584/3812/3584 3388/3618/3388 3582/3810/3582
f 3586/3813/3586 3584/3812/3584 3585/3814/3585
f 3584/3812/3584 3583/3811/3583 3585/3814/3585
f 3584/3812/3584 3586/3813/3586 3388/3618/3388
f 3586/3813/3586 3585/3814/3585 3588/3815/3588
f 3388/3618/3388 3586/3813/3586 3587/3816/3587
f 3587/3816/3587 3586/3813/3586 3588/3815/3588
f 3585/3814/3585 3589/3817/3589 3588/3815/3588
f 3381/3610/3381 3386/3615/3386 3588/3815/3588
f 3589/3817/3589 3381/3610/3381 3588/3815/3588
f 3588/3815/3588 3386/3615/3386 3587/3816/3587
f 3589/3817/3589 3585/3814/3585 3590/3818/3590
f 3589/3817/3589 3590/3818/3590 3591/3819/3591
f 3589/3817/3589 3591/3819/3591 3592/3820/3592
f 3381/3610/3381 3589/3817/3589 3592/3820/3592
f 3592/3820/3592 3591/3819/3591 3593/3821/3593
f 3592/3820/3592 3382/3611/3382 3381/3610/3381
f 3595/3822/3595 3382/3611/3382 3592/3820/3592
f 3593/3821/3593 3594/3823/3594 3592/3820/3592
f 3594/3823/3594 3595/3822/3595 3592/3820/3592
f 3596/3824/3596 3595/3822/3595 3594/3823/3594
f 3595/3822/3595 3596/3824/3596 3374/3602/3374
f 3374/3602/3374 3382/3611/3382 3595/3822/3595
f 3597/3825/3597 3596/3824/3596 3594/3823/3594
f 3596/3824/3596 3597/3825/3597 3598/3826/3598
f 3596/3824/3596 3598/3826/3598 2707/2898/2707
f 3374/3602/3374 3596/3824/3596 2707/2898/2707
f 2709/2899/2709 3598/3826/3598 3599/3827/3599
f 3599/3827/3599 3598/3826/3598 3597/3825/3597
f 2707/2898/2707 3598/3826/3598 2709/2899/2709
f 3600/3828/3600 3599/3827/3599 3597/3825/3597
f 3600/3828/3600 3601/3829/3601 3599/3827/3599
f 2709/2899/2709 3599/3827/3599 2711/2901/2711
f 3601/3829/3601 2711/2901/2711 3599/3827/3599
f 3602/3830/3602 2711/2901/2711 3601/3829/3601
f 3602/3830/3602 3601/3829/3601 3603/3831/3603
f 3604/3832/3604 3601/3829/3601 3600/3828/3600
f 3601/3829/3601 3604/3832/3604 3603/3831/3603
f 3603/3831/3603 3604/3832/3604 3605/3833/3605
f 3606/3834/3606 3604/3832/3604 3600/3828/3600
f 3604/3832/3604 3606/3834/3606 3605/3833/3605
f 3606/3834/3606 3608/3835/3608 3607/3836/3607
f 3606/3834/3606 3607/3836/3607 3605/3833/3605
f 3593/3821/3593 3608/3835/3608 3606/3834/3606
f 3597/3825/3597 3606/3834/3606 3600/3828/3600
f 3593/3821/3593 3606/3834/3606 3597/3825/3597
f 3607/3836/3607 3608/3835/3608 3609/3837/3609
f 3591/3819/3591 3609/3837/3609 3608/3835/3608
f 3591/3819/3591 3608/3835/3608 3593/3821/3593
f 3609/3837/3609 3612/3838/3612 3607/3836/3607
f 3609/3837/3609 3590/3818/3590 3610/3839/3610
f 3611/3840/3611 3609/3837/3609 3610/3839/3610
f 3609/3837/3609 3611/3840/3611 3612/3838/3612
f 3591/3819/3591 3590/3818/3590 3609/3837/3609
f 2729/2924/2729 3612/3838/3612 3613/3841/3613
f 3612/3838/3612 3611/3840/3611 3613/3841/3613
f 3605/3833/3605 3607/3836/3607 3612/3838/3612
f 3605/3833/3605 3612/3838/3612 3614/3842/3614
f 3612/3838/3612 2729/2924/2729 3614/3842/3614
f 2727/2920/2727 2723/2916/2723 3614/3842/3614
f 3614/3842/3614 2723/2916/2723 3605/3833/3605
f 3614/3842/3614 2729/2924/2729 2727/2920/2727
f 3613/3841/3613 2738/2934/2738 2729/2924/2729
f 3613/3841/3613 3615/3843/3615 2738/2934/2738
f 3615/3843/3615 3613/3841/3613 3611/3840/3611
f 3616/3844/3616 3615/3843/3615 3611/3840/3611
f 3616/3844/3616 3617/3845/3617 3615/3843/3615
f 2738/2934/2738 3615/3843/3615 2741/2936/2741
f 2741/2936/2741 3615/3843/3615 3617/3845/3617
f 3618/3846/3618 3621/3847/3621 3617/3845/3617
f 3618/3846/3618 3617/3845/3617 3620/3848/3620
f 3617/3845/3617 3619/3849/3619 2750/2947/2750
f 2750/2947/2750 2741/2936/2741 3617/3845/3617
f 3617/3845/3617 3621/3847/3621 3619/3849/3619
f 3616/3844/3616 3620/3848/3620 3617/3845/3617
f 3618/3846/3618 3623/3850/3623 3621/3847/3621
f 2758/2954/2758 3622/3851/3622 3621/3847/3621
f 3621/3847/3621 3622/3851/3622 3619/3849/3619
f 3621/3847/3621 3623/3850/3623 3624/3852/3624
f 3551/3780/3551 3621/3847/3621 3624/3852/3624
f 3551/3780/3551 2758/2954/2758 3621/3847/3621
f 3556/3785/3556 3554/3781/3554 3624/3852/3624
f 3623/3850/3623 3556/3785/3556 3624/3852/3624
f 3554/3781/3554 3551/3780/3551 3624/3852/3624
f 3623/3850/3623 3618/3846/3618 3625/3853/3625
f 3625/3853/3625 3626/3854/3626 3623/3850/3623
f 3626/3854/3626 3556/3785/3556 3623/3850/3623
f 3626/3854/3626 3625/3853/3625 3583/3811/3583
f 3556/3785/3556 3626/3854/3626 3559/3787/3559
f 3559/3787/3559 3626/3854/3626 3583/3811/3583
f 3627/3855/3627 3583/3811/3583 3625/3853/3625
f 3625/3853/3625 3628/3856/3628 3627/3855/3627
f 3620/3848/3620 3628/3856/3628 3625/3853/3625
f 3620/3848/3620 3625/3853/3625 3618/3846/3618
f 3628/3856/3628 3620/3848/3620 3610/3839/3610
f 3610/3839/3610 3590/3818/3590 3628/3856/3628
f 3585/3814/3585 3627/3855/3627 3628/3856/3628
f 3585/3814/3585 3628/3856/3628 3590/3818/3590
f 3583/3811/3583 3627/3855/3627 3585/3814/3585
f 3622/3851/3622 2748/2945/2748 2749/2946/2749
f 2749/2946/2749 3619/3849/3619 3622/3851/3622
f 2748/2945/2748 3622/3851/3622 2752/2948/2752
f 3622/3851/3622 2758/2954/2758 2752/2948/2752
f 3610/3839/3610 3620/3848/3620 3616/3844/3616
f 3619/3849/3619 2749/2946/2749 2750/2947/2750
f 3616/3844/3616 3611/3840/3611 3610/3839/3610
f 3605/3833/3605 2723/2916/2723 3603/3831/3603
f 3603/3831/3603 2719/2909/2719 2721/2910/2721
f 2719/2909/2719 3603/3831/3603 2723/2916/2723
f 3602/3830/3602 3603/3831/3603 2721/2910/2721
f 2712/2902/2712 3602/3830/3602 2721/2910/2721
f 2712/2902/2712 2711/2901/2711 3602/3830/3602
f 3594/3823/3594 3593/3821/3593 3597/3825/3597
f 3385/3614/3385 3388/3618/3388 3587/3816/3587
f 3386/3615/3386 3385/3614/3385 3587/3816/3587
f 3559/3787/3559 3581/3809/3581 3560/3788/3560
f 3563/3792/3563 3560/3788/3560 3581/3809/3581
f 3578/3807/3578 3629/3857/3629 3581/3809/3581
f 3563/3792/3563 3581/3809/3581 3629/3857/3629
f 3571/3799/3571 3629/3857/3629 3578/3807/3578
f 3563/3792/3563 3629/3857/3629 3571/3799/3571
f 3630/3858/3630 3631/3859/3631 3576/3805/3576
f 3630/3858/3630 3576/3805/3576 3575/3804/3575
f 3576/3805/3576 3631/3859/3631 3426/3654/3426
f 3570/3798/3570 3576/3805/3576 3426/3654/3426
f 3631/3859/3631 3424/3653/3424 3426/3654/3426
f 3424/3653/3424 3631/3859/3631 3632/3860/3632
f 3630/3858/3630 3633/3861/3633 3631/3859/3631
f 3632/3860/3632 3631/3859/3631 3633/3861/3633
f 3412/3640/3412 3633/3861/3633 3406/3635/3406
f 3406/3635/3406 3633/3861/3633 3630/3858/3630
f 3633/3861/3633 3412/3640/3412 3632/3860/3632
f 3632/3860/3632 3420/3648/3420 3424/3653/3424
f 3412/3640/3412 3420/3648/3420 3632/3860/3632
f 3407/3636/3407 3406/3635/3406 3630/3858/3630
f 3407/3636/3407 3630/3858/3630 3575/3804/3575
f 3574/3801/3574 3634/3862/3634 3575/3804/3575
f 3407/3636/3407 3575/3804/3575 3634/3862/3634
f 3402/3630/3402 3407/3636/3407 3634/3862/3634
f 3574/3801/3574 3402/3630/3402 3634/3862/3634
f 3573/3802/3573 3400/3628/3400 3574/3801/3574
f 3400/3628/3400 3402/3630/3402 3574/3801/3574
f 3393/3620/3393 3573/3802/3573 3389/3617/3389
f 3400/3628/3400 3573/3802/3573 3393/3620/3393
f 3568/3796/3568 3570/3798/3570 3426/3654/3426
f 3427/3655/3427 3568/3796/3568 3426/3654/3426
f 3429/3658/3429 3568/3796/3568 3427/3655/3427
f 3565/3793/3565 3566/3794/3566 3528/3756/3528
f 3566/3794/3566 3635/3863/3635 3528/3756/3528
f 3566/3794/3566 3434/3661/3434 3635/3863/3635
f 3430/3659/3430 3432/3660/3432 3566/3794/3566
f 3434/3661/3434 3566/3794/3566 3432/3660/3432
f 3434/3661/3434 3636/3864/3636 3635/3863/3635
f 3635/3863/3635 3636/3864/3636 3526/3754/3526
f 3635/3863/3635 3526/3754/3526 3528/3756/3528
f 3434/3661/3434 3516/3744/3516 3636/3864/3636
f 3524/3752/3524 3636/3864/3636 3516/3744/3516
f 3636/3864/3636 3524/3752/3524 3526/3754/3526
f 3565/3793/3565 3528/3756/3528 3553/3782/3553
f 3528/3756/3528 3549/3778/3549 3553/3782/3553
f 2757/2956/2757 2758/2954/2758 3551/3780/3551
f 3528/3756/3528 3529/3757/3529 3549/3778/3549
f 3525/3753/3525 3521/3751/3521 3522/3749/3522
f 3524/3752/3524 3516/3744/3516 3517/3745/3517
f 3442/3668/3442 3516/3744/3516 3436/3663/3436
f 3434/3661/3434 3436/3663/3436 3516/3744/3516
f 3422/3650/3422 3438/3666/3438 3423/3651/3423
f 3309/3538/3309 3305/3533/3305 3403/3632/3403
f 3395/3623/3395 3400/3628/3400 3393/3620/3393
f 3349/3577/3349 3350/3579/3350 3392/3621/3392
f 3374/3602/3374 3375/3603/3375 3382/3611/3382
f 2708/2897/2708 3374/3602/3374 2707/2898/2707
f 2708/2897/2708 2705/2896/2705 3374/3602/3374
f 3365/3593/3365 3371/3599/3371 3366/3595/3366
f 3366/3595/3366 3371/3599/3371 3368/3596/3368
f 3339/3568/3339 3352/3580/3352 3359/3588/3359
f 3339/3568/3339 3359/3588/3359 3340/3569/3340
f 3354/3583/3354 3355/3582/3355 3349/3577/3349
f 3342/3570/3342 3352/3580/3352 3339/3568/3339
f 3326/3552/3326 3321/3551/3321 3344/3572/3344
f 3344/3572/3344 3321/3551/3321 3637/3865/3637
f 3344/3572/3344 3637/3865/3637 3311/3541/3311
f 3316/3545/3316 3637/3865/3637 3321/3551/3321
f 3316/3545/3316 3313/3542/3313 3637/3865/3637
f 3311/3541/3311 3637/3865/3637 3313/3542/3313
f 3638/3866/3638 3639/3867/3639 3337/3564/3337
f 3336/3566/3336 3638/3866/3638 3337/3564/3337
f 3639/3867/3639 3332/3561/3332 3337/3564/3337
f 3641/3868/3641 3639/3867/3639 3640/3869/3640
f 3642/3870/3642 3640/3869/3640 3639/3867/3639
f 3641/3868/3641 3643/3871/3643 3639/3867/3639
f 3639/3867/3639 3638/3866/3638 3642/3870/3642
f 3643/3871/3643 3332/3561/3332 3639/3867/3639
f 3643/3871/3643 3641/3868/3641 3331/3558/3331
f 3643/3871/3643 3331/3558/3331 3332/3561/3332
f 2665/3872/2665 3640/3869/3640 3642/3870/3642
f 3642/3870/3642 3638/3866/3638 3644/3873/3644
f 3642/3870/3642 3644/3873/3644 2665/3872/2665
f 3645/3874/3645 3644/3873/3644 3638/3866/3638
f 2665/3872/2665 3644/3873/3644 2669/2853/2669
f 2672/2858/2672 2669/2853/2669 3644/3873/3644
f 3644/3873/3644 3645/3874/3645 2672/2858/2672
f 2672/2858/2672 3645/3874/3645 2676/2863/2676
f 3645/3874/3645 3336/3566/3336 2676/2863/2676
f 3645/3874/3645 3638/3866/3638 3336/3566/3336
f 3641/3868/3641 3646/3875/3646 3331/3558/3331
f 3647/3876/3647 3646/3875/3646 3641/3868/3641
f 3641/3868/3641 3640/3869/3640 3647/3876/3647
f 3650/3877/3650 3648/3878/3648 3647/3879/3647
f 3648/3878/3648 3649/3880/3649 3647/3879/3647
f 3652/3881/3652 3647/3879/3647 3649/3880/3649
f 3651/3882/3651 3646/3875/3646 3647/3876/3647
f 3650/3883/3650 3647/3876/3647 3640/3869/3640
f 3647/3879/3647 3652/3881/3652 3651/3884/3651
f 3649/3880/3649 3653/3885/3653 3652/3881/3652
f 3652/3881/3652 3653/3885/3653 3654/3886/3654
f 3655/3887/3655 3652/3881/3652 3654/3886/3654
f 3655/3887/3655 3651/3884/3651 3652/3881/3652
f 3654/3886/3654 3657/3888/3657 3655/3887/3655
f 3655/3887/3655 3656/3889/3656 3658/3890/3658
f 3657/3888/3657 3656/3889/3656 3655/3887/3655
f 3651/3884/3651 3655/3887/3655 3658/3890/3658
f 3656/3889/3656 3659/3891/3659 3658/3890/3658
f 3659/3891/3659 3660/3892/3660 3658/3890/3658
f 3658/3890/3658 3660/3892/3660 3651/3884/3651
f 3660/3892/3660 3659/3891/3659 3661/3893/3661
f 3661/3894/3661 3322/3549/3322 3660/3895/3660
f 3662/3896/3662 3660/3895/3660 3325/3553/3325
f 3660/3895/3660 3662/3896/3662 3651/3882/3651
f 3322/3549/3322 3325/3553/3325 3660/3895/3660
f 3662/3896/3662 3325/3553/3325 3324/3554/3324
f 3651/3882/3651 3662/3896/3662 3328/3556/3328
f 3328/3556/3328 3662/3896/3662 3324/3554/3324
f 3663/3897/3663 3322/3549/3322 3661/3894/3661
f 3663/3898/3663 3661/3893/3661 3664/3899/3664
f 3664/3899/3664 3661/3893/3661 3665/3900/3665
f 3665/3900/3665 3661/3893/3661 3659/3891/3659
f 3659/3891/3659 3656/3889/3656 3665/3900/3665
f 3665/3900/3665 3656/3889/3656 3666/3901/3666
f 3665/3900/3665 3666/3901/3666 3664/3899/3664
f 3656/3889/3656 3657/3888/3657 3666/3901/3666
f 3667/3902/3667 3666/3901/3666 3657/3888/3657
f 3667/3902/3667 3669/3903/3669 3666/3901/3666
f 3664/3899/3664 3666/3901/3666 3668/3904/3668
f 3666/3901/3666 3669/3903/3669 3668/3904/3668
f 3670/3905/3670 3669/3903/3669 3667/3902/3667
f 3670/3905/3670 3671/3906/3671 3669/3903/3669
f 3672/3907/3672 3669/3903/3669 3671/3906/3671
f 3672/3907/3672 3668/3904/3668 3669/3903/3669
f 3673/3908/3673 3672/3907/3672 3671/3906/3671
f 3672/3907/3672 3673/3908/3673 3675/3909/3675
f 3672/3907/3672 3675/3909/3675 3674/3910/3674
f 3672/3907/3672 3674/3910/3674 3668/3904/3668
f 3675/3909/3675 3673/3908/3673 3676/3911/3676
f 3677/3912/3677 3675/3909/3675 3676/3911/3676
f 3675/3909/3675 3677/3912/3677 3674/3910/3674
f 3677/3913/3677 3678/3914/3678 3680/3915/3680
f 3678/3914/3678 3677/3913/3677 3676/3916/3676
f 3679/3917/3679 3677/3913/3677 3680/3915/3680
f 3674/3910/3674 3677/3912/3677 3679/3918/3679
f 3678/3914/3678 3290/3519/3290 3680/3915/3680
f 3290/3519/3290 3681/3919/3681 3680/3915/3680
f 3663/3897/3663 3680/3915/3680 3681/3919/3681
f 3679/3917/3679 3680/3915/3680 3663/3897/3663
f 3682/3920/3682 3681/3919/3681 3297/3526/3297
f 3290/3519/3290 3297/3526/3297 3681/3919/3681
f 3681/3919/3681 3682/3920/3682 3322/3549/3322
f 3681/3919/3681 3322/3549/3322 3663/3897/3663
f 3298/3527/3298 3682/3920/3682 3297/3526/3297
f 3315/3543/3315 3318/3546/3318 3682/3920/3682
f 3298/3527/3298 3315/3543/3315 3682/3920/3682
f 3322/3549/3322 3682/3920/3682 3318/3546/3318
f 3668/3904/3668 3679/3918/3679 3663/3898/3663
f 3668/3904/3668 3674/3910/3674 3679/3918/3679
f 3678/3914/3678 3287/3516/3287 3290/3519/3290
f 876/3512/876 3287/3516/3287 3678/3914/3678
f 876/3512/876 3678/3914/3678 3676/3916/3676
f 3673/3908/3673 3683/3921/3683 3676/3911/3676
f 3683/3921/3683 3684/3922/3684 3676/3911/3676
f 876/931/876 3676/3911/3676 3684/3922/3684
f 870/923/870 3684/3922/3684 3683/3921/3683
f 876/931/876 3684/3922/3684 870/923/870
f 3673/3908/3673 3685/3923/3685 3683/3921/3683
f 3685/3923/3685 870/923/870 3683/3921/3683
f 3685/3923/3685 868/924/868 870/923/870
f 3685/3923/3685 3686/3924/3686 868/924/868
f 3671/3906/3671 3685/3923/3685 3673/3908/3673
f 3685/3923/3685 3671/3906/3671 3686/3924/3686
f 3686/3924/3686 869/925/869 868/924/868
f 869/925/869 3686/3924/3686 3688/3925/3688
f 3686/3924/3686 3687/3926/3687 3688/3925/3688
f 3687/3926/3687 3686/3924/3686 3671/3906/3671
f 869/925/869 3688/3925/3688 865/920/865
f 3688/3925/3688 3690/3927/3690 3689/3928/3689
f 3689/3928/3689 865/920/865 3688/3925/3688
f 3687/3926/3687 3690/3927/3690 3688/3925/3688
f 3689/3928/3689 3690/3927/3690 3692/3929/3692
f 3693/3930/3693 3691/3931/3691 3690/3927/3690
f 3691/3931/3691 3692/3929/3692 3690/3927/3690
f 3690/3927/3690 3694/3932/3694 3693/3930/3693
f 3694/3932/3694 3690/3927/3690 3687/3926/3687
f 3695/3933/3695 3696/3934/3696 3694/3932/3694
f 3687/3926/3687 3695/3933/3695 3694/3932/3694
f 3697/3935/3697 3694/3932/3694 3696/3934/3696
f 3693/3930/3693 3694/3932/3694 3697/3935/3697
f 3698/3936/3698 3700/3937/3700 3697/3935/3697
f 3697/3935/3697 3696/3934/3696 3698/3936/3698
f 3693/3930/3693 3697/3935/3697 3699/3938/3699
f 3699/3938/3699 3697/3935/3697 3700/3937/3700
f 3702/3939/3702 3700/3937/3700 3701/3940/3701
f 3698/3936/3698 3701/3940/3701 3700/3937/3700
f 3702/3939/3702 3704/3941/3704 3700/3937/3700
f 3700/3937/3700 3704/3941/3704 3703/3942/3703
f 3703/3942/3703 3699/3938/3699 3700/3937/3700
f 3705/3943/3705 3704/3941/3704 3702/3939/3702
f 3704/3941/3704 3705/3943/3705 3706/3944/3706
f 3706/3944/3706 3707/3945/3707 3704/3941/3704
f 3703/3942/3703 3704/3941/3704 3707/3945/3707
f 3708/3946/3708 3707/3945/3707 3706/3944/3706
f 3707/3945/3707 3709/3947/3709 3703/3942/3703
f 3707/3945/3707 3708/3946/3708 3709/3947/3709
f 3709/3947/3709 3711/3948/3711 3703/3942/3703
f 3708/3946/3708 3710/3949/3710 3709/3947/3709
f 3709/3947/3709 3710/3949/3710 3711/3948/3711
f 3699/3938/3699 3703/3942/3703 3711/3948/3711
f 3699/3938/3699 3711/3948/3711 3712/3950/3712
f 3711/3948/3711 3710/3949/3710 3713/3951/3713
f 3711/3948/3711 3713/3951/3713 3712/3950/3712
f 3715/3952/3715 3713/3951/3713 3714/3953/3714
f 3713/3951/3713 3710/3949/3710 3714/3953/3714
f 3713/3951/3713 3715/3952/3715 3716/3954/3716
f 3712/3950/3712 3713/3951/3713 3716/3954/3716
f 3717/3955/3717 3716/3954/3716 3715/3952/3715
f 3712/3950/3712 3716/3954/3716 3717/3955/3717
f 3712/3950/3712 3717/3955/3717 3718/3956/3718
f 3715/3952/3715 822/876/822 3717/3955/3717
f 3717/3955/3717 822/876/822 825/880/825
f 3718/3956/3718 3717/3955/3717 825/880/825
f 3718/3956/3718 3719/3957/3719 3699/3938/3699
f 3699/3938/3699 3712/3950/3712 3718/3956/3718
f 3718/3956/3718 825/880/825 3719/3957/3719
f 3720/3958/3720 3719/3957/3719 3721/3959/3721
f 3720/3958/3720 3691/3931/3691 3719/3957/3719
f 3719/3957/3719 828/883/828 3721/3959/3721
f 825/880/825 828/883/828 3719/3957/3719
f 3719/3957/3719 3722/3960/3722 3699/3938/3699
f 3691/3931/3691 3722/3960/3722 3719/3957/3719
f 3691/3931/3691 3693/3930/3693 3722/3960/3722
f 3699/3938/3699 3722/3960/3722 3693/3930/3693
f 3721/3959/3721 831/885/831 834/889/834
f 3721/3959/3721 834/889/834 3723/3961/3723
f 3721/3959/3721 3723/3961/3723 3724/3962/3724
f 3692/3929/3692 3720/3958/3720 3721/3959/3721
f 3721/3959/3721 3724/3962/3724 3692/3929/3692
f 828/883/828 831/885/831 3721/3959/3721
f 3689/3928/3689 3692/3929/3692 3724/3962/3724
f 3689/3928/3689 3724/3962/3724 857/912/857
f 3724/3962/3724 848/903/848 857/912/857
f 3724/3962/3724 3723/3961/3723 838/893/838
f 3724/3962/3724 838/893/838 848/903/848
f 838/893/838 3723/3961/3723 834/889/834
f 3691/3931/3691 3720/3958/3720 3692/3929/3692
f 3714/3953/3714 821/875/821 3715/3952/3715
f 821/875/821 822/876/822 3715/3952/3715
f 3714/3953/3714 3710/3949/3710 3725/3963/3725
f 3726/3964/3726 3714/3953/3714 3725/3963/3725
f 3726/3964/3726 821/875/821 3714/3953/3714
f 3725/3963/3725 803/3965/803 3726/3964/3726
f 818/872/818 3726/3964/3726 806/873/806
f 806/873/806 3726/3964/3726 803/3965/803
f 821/875/821 3726/3964/3726 818/872/818
f 3727/3966/3727 3725/3963/3725 3729/3967/3729
f 3727/3966/3727 797/3968/797 3725/3963/3725
f 803/3965/803 3725/3963/3725 797/3968/797
f 3728/3969/3728 3725/3963/3725 3708/3946/3708
f 3728/3969/3728 3729/3967/3729 3725/3963/3725
f 3708/3946/3708 3725/3963/3725 3710/3949/3710
f 3729/3967/3729 3730/3970/3730 3727/3966/3727
f 3730/3970/3730 3729/3967/3729 3731/3971/3731
f 3729/3967/3729 3728/3969/3728 3731/3971/3731
f 3737/3972/3737 3730/3970/3730 3731/3971/3731
f 3731/3971/3731 3732/3973/3732 3736/3974/3736
f 3732/3973/3732 3731/3971/3731 3733/3975/3733
f 3734/3976/3734 3733/3975/3733 3731/3971/3731
f 3731/3971/3731 3735/3977/3735 3734/3976/3734
f 3735/3977/3735 3731/3971/3731 3728/3969/3728
f 3731/3971/3731 3736/3974/3736 3737/3972/3737
f 3737/3972/3737 3736/3974/3736 3738/3978/3738
f 3738/3978/3738 3730/3970/3730 3737/3972/3737
f 798/3979/798 3730/3970/3730 3738/3978/3738
f 798/850/798 3738/3980/3738 794/847/794
f 3736/3981/3736 794/847/794 3738/3980/3738
f 3739/3982/3739 3736/3974/3736 3732/3973/3732
f 3736/3981/3736 3739/3983/3739 795/845/795
f 795/845/795 794/847/794 3736/3981/3736
f 795/845/795 3739/3983/3739 3740/3984/3740
f 3739/3983/3739 2657/2836/2657 3740/3984/3740
f 3741/3985/3741 3739/3982/3739 3732/3973/3732
f 3741/3985/3741 3742/3986/3742 3739/3982/3739
f 3739/3983/3739 3742/3987/3742 2657/2836/2657
f 2655/2833/2655 2656/2834/2656 3742/3987/3742
f 3742/3986/3742 3743/3988/3743 2655/2841/2655
f 2657/2836/2657 3742/3987/3742 2656/2834/2656
f 3743/3988/3743 3742/3986/3742 3741/3985/3741
f 3744/3989/3744 3743/3988/3743 3741/3985/3741
f 3744/3989/3744 3745/3990/3745 3743/3988/3743
f 3745/3990/3745 2663/2842/2663 3743/3988/3743
f 3743/3988/3743 2663/2842/2663 2655/2841/2655
f 3744/3989/3744 3746/3991/3746 3745/3990/3745
f 3649/3880/3649 3745/3990/3745 3746/3991/3746
f 3747/3992/3747 2663/2842/2663 3745/3990/3745
f 3648/3878/3648 3747/3992/3747 3745/3990/3745
f 3649/3880/3649 3648/3878/3648 3745/3990/3745
f 2663/2842/2663 3747/3992/3747 2662/2844/2662
f 2662/2844/2662 3747/3992/3747 3648/3878/3648
f 3748/3993/3748 3746/3991/3746 3734/3976/3734
f 3733/3975/3733 3734/3976/3734 3746/3991/3746
f 3733/3975/3733 3746/3991/3746 3744/3989/3744
f 3653/3885/3653 3649/3880/3649 3746/3991/3746
f 3748/3993/3748 3653/3885/3653 3746/3991/3746
f 3735/3977/3735 3748/3993/3748 3734/3976/3734
f 3748/3993/3748 3735/3977/3735 3749/3994/3749
f 3748/3993/3748 3749/3994/3749 3750/3995/3750
f 3653/3885/3653 3748/3993/3748 3750/3995/3750
f 3750/3995/3750 3749/3994/3749 3751/3996/3751
f 3750/3995/3750 3654/3886/3654 3653/3885/3653
f 3654/3886/3654 3750/3995/3750 3751/3996/3751
f 3751/3996/3751 3657/3888/3657 3654/3886/3654
f 3751/3996/3751 3752/3997/3752 3657/3888/3657
f 3752/3997/3752 3751/3996/3751 3749/3994/3749
f 3753/3998/3753 3706/3944/3706 3752/3997/3752
f 3706/3944/3706 3705/3943/3705 3752/3997/3752
f 3749/3994/3749 3753/3998/3753 3752/3997/3752
f 3657/3888/3657 3752/3997/3752 3705/3943/3705
f 3706/3944/3706 3753/3998/3753 3708/3946/3708
f 3728/3969/3728 3753/3998/3753 3735/3977/3735
f 3708/3946/3708 3753/3998/3753 3728/3969/3728
f 3749/3994/3749 3735/3977/3735 3753/3998/3753
f 3741/3985/3741 3733/3975/3733 3744/3989/3744
f 3741/3985/3741 3732/3973/3732 3733/3975/3733
f 795/845/795 3740/3984/3740 792/841/792
f 3740/3984/3740 2657/2836/2657 3754/3999/3754
f 3754/3999/3754 792/841/792 3740/3984/3740
f 792/841/792 3754/3999/3754 785/836/785
f 2657/2836/2657 2650/2828/2650 3754/3999/3754
f 785/836/785 3754/3999/3754 2648/2827/2648
f 3754/3999/3754 2650/2828/2650 2648/2827/2648
f 3730/3970/3730 798/3979/798 3727/3966/3727
f 3727/3966/3727 798/3979/798 797/3968/797
f 3705/3943/3705 3702/3939/3702 3667/3902/3667
f 3705/3943/3705 3667/3902/3667 3657/3888/3657
f 3755/4000/3755 3702/3939/3702 3701/3940/3701
f 3702/3939/3702 3755/4000/3755 3667/3902/3667
f 3667/3902/3667 3755/4000/3755 3670/3905/3670
f 3670/3905/3670 3755/4000/3755 3698/3936/3698
f 3701/3940/3701 3698/3936/3698 3755/4000/3755
f 3698/3936/3698 3696/3934/3696 3670/3905/3670
f 3696/3934/3696 3671/3906/3671 3670/3905/3670
f 3695/3933/3695 3671/3906/3671 3696/3934/3696
f 3671/3906/3671 3695/3933/3695 3687/3926/3687
f 3689/3928/3689 857/912/857 865/920/865
f 3668/3904/3668 3663/3898/3663 3664/3899/3664
f 3646/3875/3646 3651/3882/3651 3328/3556/3328
f 2665/2846/2665 3648/3878/3648 3650/3877/3650
f 3640/3869/3640 2665/3872/2665 3650/3883/3650
f 3648/3878/3648 2665/2846/2665 2662/2844/2662
f 3328/3556/3328 3331/3558/3331 3646/3875/3646
f 3322/3549/3322 3320/3548/3320 3325/3553/3325
f 3298/3527/3298 3300/3528/3300 3315/3543/3315
f 3312/3539/3312 3307/3535/3307 3308/3536/3308
f 3290/3519/3290 3289/3518/3289 3297/3526/3297
f 3283/3510/3283 3293/3522/3293 3285/3513/3285
f 3283/3510/3283 3277/3504/3277 3278/3503/3278
f 875/3511/875 3281/3507/3281 3282/3508/3282
f 879/4001/879 3281/3507/3281 875/3511/875
f 884/4002/884 3274/3501/3274 3281/3507/3281
f 3281/3507/3281 879/4001/879 884/4002/884
f 3756/4003/3756 3275/3502/3275 3274/3501/3274
f 3268/3496/3268 3275/3502/3275 3756/4003/3756
f 3756/4004/3756 3757/4005/3757 3758/4006/3758
f 3757/4005/3757 3756/4004/3756 884/939/884
f 3274/3501/3274 884/4002/884 3756/4003/3756
f 3268/3496/3268 3756/4003/3756 3758/4007/3758
f 902/4008/902 3269/3494/3269 3758/4007/3758
f 902/957/902 3758/4006/3758 894/949/894
f 3758/4006/3758 3757/4005/3757 894/949/894
f 3758/4007/3758 3269/3494/3269 3268/3496/3268
f 3757/4005/3757 884/939/884 887/942/887
f 894/949/894 3757/4005/3757 887/942/887
f 902/4008/902 3263/3490/3263 3269/3494/3269
f 901/963/901 3263/3490/3263 902/4008/902
f 901/963/901 907/962/907 3263/3490/3263
f 3260/3487/3260 3029/3255/3029 3030/3253/3030
f 3260/3487/3260 3034/3260/3034 3029/3255/3029
f 3259/3486/3259 3260/3487/3260 3030/3253/3030
f 3257/3484/3257 3034/3260/3034 3260/3487/3260
f 3034/3260/3034 3257/3484/3257 3254/3480/3254
f 3254/3480/3254 3041/3267/3041 3034/3260/3034
f 3044/3269/3044 3250/3477/3250 3048/3272/3048
f 3041/3267/3041 3042/3264/3042 3034/3260/3034
f 3042/3264/3042 3035/3259/3035 3034/3260/3034
f 3037/3262/3037 3032/3256/3032 3033/3257/3033
f 3032/3256/3032 3019/3245/3019 3020/3244/3020
f 3027/3252/3027 3020/3244/3020 3021/3246/3021
f 2435/2591/2435 2979/3203/2979 2980/3204/2980
f 2979/3203/2979 2969/3193/2969 2971/3196/2971
f 2979/3203/2979 2435/2591/2435 2434/2592/2434
f 2979/3203/2979 2434/2592/2434 2969/3193/2969
f 2976/3201/2976 2788/2984/2788 2785/2982/2785
f 2785/2982/2785 2975/3198/2975 2976/3201/2976
f 2967/3192/2967 2788/2984/2788 2976/3201/2976
f 2975/3198/2975 2785/2982/2785 2784/2981/2784
f 2434/2592/2434 2437/2594/2437 2969/3193/2969
f 2789/2985/2789 2775/2971/2775 2782/2979/2782
f 2740/2937/2740 2741/2936/2741 2750/2947/2750
f 2733/2930/2733 2729/2924/2729 2738/2934/2738
f 3759/4009/3759 2713/2904/2713 2715/2905/2715
f 2598/2766/2598 2715/2905/2715 2596/2767/2596
f 3759/4009/3759 2715/2905/2715 3760/4010/3760
f 3760/4010/3760 2715/2905/2715 2598/2766/2598
f 2699/2889/2699 3760/4010/3760 2598/2766/2598
f 2699/2889/2699 2698/2890/2698 3760/4010/3760
f 3759/4009/3759 3760/4010/3760 2698/2890/2698
f 3759/4009/3759 2698/2890/2698 2703/2893/2703
f 2713/2904/2713 3759/4009/3759 2703/2893/2703
f 2694/2884/2694 2695/2886/2695 2701/2888/2701
f 2700/2892/2700 2699/2889/2699 2628/2804/2628
f 2699/2889/2699 2599/2769/2599 2600/2770/2600
f 2599/2769/2599 2699/2889/2699 2598/2766/2598
f 2628/2804/2628 2699/2889/2699 2624/2805/2624
f 2600/2770/2600 2624/2805/2624 2699/2889/2699
f 2688/2876/2688 3761/4011/3761 2690/2877/2690
f 2644/2823/2644 2685/2874/2685 2690/2877/2690
f 2641/2819/2641 2690/2877/2690 3761/4011/3761
f 2690/2877/2690 2641/2819/2641 2644/2823/2644
f 2632/2810/2632 3761/4011/3761 2688/2876/2688
f 3761/4011/3761 2632/2810/2632 2633/2812/2633
f 2638/2816/2638 3761/4011/3761 2633/2812/2633
f 3761/4011/3761 2638/2816/2638 2641/2819/2641
f 2688/2876/2688 2629/2808/2629 2632/2810/2632
f 2660/2839/2660 2670/2856/2670 2652/2830/2652
f 2666/2852/2666 2665/3872/2665 2669/2853/2669
f 2652/2830/2652 2653/2832/2653 2660/2839/2660
f 2648/2827/2648 782/833/782 785/836/785
f 2648/2827/2648 3762/4012/3762 782/833/782
f 3762/4012/3762 2648/2827/2648 2645/2824/2645
f 2645/2824/2645 2646/2825/2646 3762/4012/3762
f 2646/2825/2646 3763/4013/3763 3762/4012/3762
f 3763/4013/3763 781/832/781 3762/4012/3762
f 782/833/782 3762/4012/3762 781/832/781
f 2646/2825/2646 3764/4014/3764 3763/4013/3763
f 781/832/781 3763/4013/3763 777/829/777
f 3763/4013/3763 3764/4014/3764 3765/4015/3765
f 3765/4015/3765 778/830/778 3763/4013/3763
f 777/829/777 3763/4013/3763 778/830/778
f 3766/4016/3766 3765/4015/3765 3764/4014/3764
f 775/825/775 3765/4015/3765 3766/4016/3766
f 775/825/775 774/827/774 3765/4015/3765
f 778/830/778 3765/4015/3765 774/827/774
f 3768/4017/3768 2616/2790/2616 3766/4016/3766
f 2616/2790/2616 3767/4018/3767 3766/4016/3766
f 3766/4016/3766 3767/4018/3767 775/825/775
f 3766/4016/3766 3764/4014/3764 2642/2821/2642
f 3768/4017/3768 3766/4016/3766 2642/2821/2642
f 3768/4017/3768 2618/2792/2618 2616/2790/2616
f 2639/2818/2639 2618/2792/2618 3768/4017/3768
f 2642/2821/2642 2639/2818/2639 3768/4017/3768
f 2616/2790/2616 2615/2789/2615 3767/4018/3767
f 775/825/775 3767/4018/3767 772/826/772
f 3769/4019/3769 3767/4018/3767 2615/2789/2615
f 3769/4019/3769 3770/4020/3770 3767/4018/3767
f 772/826/772 3767/4018/3767 3770/4020/3770
f 3770/4020/3770 3771/4021/3771 772/826/772
f 3769/4019/3769 3771/4021/3771 3770/4020/3770
f 3771/4021/3771 3772/4022/3772 3773/4023/3773
f 3774/4024/3774 3772/4022/3772 3771/4021/3771
f 3773/4023/3773 772/826/772 3771/4021/3771
f 3769/4019/3769 3774/4024/3774 3771/4021/3771
f 3774/4024/3774 3769/4019/3769 3775/4025/3775
f 3774/4024/3774 3775/4025/3775 3772/4022/3772
f 3772/4022/3772 3775/4025/3775 3776/4026/3776
f 3777/4027/3777 3776/4026/3776 3775/4025/3775
f 2614/2788/2614 3775/4025/3775 3769/4019/3769
f 3775/4025/3775 2614/2788/2614 3777/4027/3777
f 2614/2788/2614 2610/2784/2610 3777/4027/3777
f 3777/4027/3777 3779/4028/3779 3776/4026/3776
f 2610/2784/2610 3778/4029/3778 3777/4027/3777
f 3777/4027/3777 3778/4029/3778 3779/4028/3779
f 3779/4030/3779 3778/4031/3778 3783/4032/3783
f 3780/4033/3780 3776/4026/3776 3779/4028/3779
f 3779/4030/3779 3782/4034/3782 3780/4035/3780
f 3782/4034/3782 3779/4030/3779 3781/4036/3781
f 3783/4032/3783 3781/4036/3781 3779/4030/3779
f 3783/4032/3783 2606/2776/2606 2586/2751/2586
f 2607/2781/2607 2606/2776/2606 3783/4032/3783
f 3783/4032/3783 3778/4031/3778 2607/2781/2607
f 2586/2751/2586 3781/4036/3781 3783/4032/3783
f 3786/4037/3786 3782/4034/3782 3784/4038/3784
f 3784/4038/3784 3782/4034/3782 3785/4039/3785
f 3781/4036/3781 2585/2754/2585 3782/4034/3782
f 3780/4035/3780 3782/4034/3782 3786/4037/3786
f 3785/4039/3785 3782/4034/3782 2585/2754/2585
f 3788/4040/3788 3786/4037/3786 3784/4038/3784
f 3787/4041/3787 3786/4037/3786 3788/4040/3788
f 3787/4041/3787 3780/4035/3780 3786/4037/3786
f 3791/4042/3791 3789/4043/3789 3788/4044/3788
f 3788/4044/3788 3789/4043/3789 3787/4045/3787
f 3790/4046/3790 3788/4040/3788 3784/4038/3784
f 3788/4040/3788 3790/4046/3790 3791/4047/3791
f 3794/4048/3794 3792/4049/3792 3791/4042/3791
f 3792/4049/3792 3789/4043/3789 3791/4042/3791
f 3793/4050/3793 3791/4047/3791 3790/4046/3790
f 3794/4051/3794 3791/4047/3791 3793/4050/3793
f 3792/4049/3792 3794/4048/3794 3796/4052/3796
f 3794/4051/3794 3793/4050/3793 3795/4053/3795
f 3797/4054/3797 3794/4048/3794 3795/4055/3795
f 3796/4052/3796 3794/4048/3794 3797/4054/3797
f 3797/4054/3797 3799/4056/3799 3796/4052/3796
f 3797/4054/3797 3795/4055/3795 3798/4057/3798
f 3799/4056/3799 3797/4054/3797 3798/4057/3798
f 3799/4056/3799 3800/4058/3800 3802/4059/3802
f 3800/4058/3800 3799/4056/3799 3801/4060/3801
f 3798/4057/3798 3801/4060/3801 3799/4056/3799
f 3799/4056/3799 3802/4059/3802 3803/4061/3803
f 3803/4061/3803 3796/4052/3796 3799/4056/3799
f 3806/4062/3806 3803/4061/3803 3804/4063/3804
f 3802/4059/3802 3804/4063/3804 3803/4061/3803
f 3796/4052/3796 3803/4061/3803 3805/4064/3805
f 3805/4064/3805 3803/4061/3803 3792/4049/3792
f 3803/4061/3803 3806/4062/3806 3792/4049/3792
f 3773/4023/3773 3792/4049/3792 3806/4062/3806
f 3804/4063/3804 3807/4065/3807 3806/4062/3806
f 3806/4062/3806 3807/4065/3807 773/824/773
f 3806/4062/3806 773/824/773 3773/4023/3773
f 773/824/773 3807/4065/3807 770/820/770
f 3804/4063/3804 770/820/770 3807/4065/3807
f 3792/4049/3792 3796/4052/3796 3805/4064/3805
f 3804/4063/3804 3808/4066/3808 769/821/769
f 3809/4067/3809 3808/4066/3808 3804/4063/3804
f 769/821/769 770/820/770 3804/4063/3804
f 3804/4063/3804 3802/4059/3802 3809/4067/3809
f 3811/4068/3811 3808/4066/3808 3809/4067/3809
f 3809/4067/3809 3802/4059/3802 3810/4069/3810
f 3810/4069/3810 3811/4068/3811 3809/4067/3809
f 3812/4070/3812 3811/4068/3811 761/813/761
f 3811/4068/3811 3813/4071/3813 761/813/761
f 3812/4070/3812 3808/4066/3808 3811/4068/3811
f 3813/4071/3813 3811/4068/3811 3814/4072/3814
f 3811/4068/3811 3810/4069/3810 3814/4072/3814
f 3815/4073/3815 3814/4072/3814 3800/4058/3800
f 3815/4073/3815 3816/4074/3816 3814/4072/3814
f 3810/4069/3810 3800/4058/3800 3814/4072/3814
f 3816/4074/3816 3813/4071/3813 3814/4072/3814
f 3813/4071/3813 3816/4074/3816 3817/4075/3817
f 3820/4076/3820 3817/4075/3817 3816/4074/3816
f 3815/4073/3815 3818/4077/3818 3816/4074/3816
f 3818/4077/3818 3819/4078/3819 3816/4074/3816
f 3820/4076/3820 3816/4074/3816 3819/4078/3819
f 3820/4076/3820 3819/4078/3819 3821/4079/3821
f 3821/4079/3821 3822/4080/3822 3820/4076/3820
f 3822/4080/3822 3824/4081/3824 3820/4076/3820
f 3824/4081/3824 3823/4082/3823 3820/4076/3820
f 3817/4075/3817 3820/4076/3820 3823/4082/3823
f 3822/4080/3822 3826/4083/3826 3824/4081/3824
f 3825/4084/3825 3827/4085/3827 3824/4081/3824
f 3825/4084/3825 3824/4081/3824 3826/4083/3826
f 3827/4085/3827 3823/4082/3823 3824/4081/3824
f 660/709/660 3830/4086/3830 3827/4085/3827
f 3827/4085/3827 3825/4084/3825 660/709/660
f 3827/4085/3827 3828/4087/3828 3829/4088/3829
f 3828/4087/3828 3827/4085/3827 3830/4086/3830
f 3827/4085/3827 3829/4088/3829 3823/4082/3823
f 3831/4089/3831 3830/4086/3830 3832/4090/3832
f 3830/4086/3830 3831/4089/3831 3828/4087/3828
f 3830/4086/3830 659/711/659 3832/4090/3832
f 3830/4086/3830 660/709/660 659/711/659
f 3834/4091/3834 3832/4090/3832 659/711/659
f 3833/4092/3833 3832/4090/3832 3834/4091/3834
f 3831/4089/3831 3832/4090/3832 3833/4092/3833
f 3834/4091/3834 658/710/658 3836/4093/3836
f 659/711/659 658/710/658 3834/4091/3834
f 3833/4092/3833 3834/4091/3834 3835/4094/3835
f 3835/4094/3835 3834/4091/3834 3836/4093/3836
f 658/710/658 666/715/666 3836/4093/3836
f 3836/4093/3836 3837/4095/3837 3838/4096/3838
f 3837/4095/3837 3836/4093/3836 3839/4097/3839
f 3838/4096/3838 3835/4094/3835 3836/4093/3836
f 3839/4097/3839 3836/4093/3836 666/715/666
f 3840/4098/3840 3839/4097/3839 689/741/689
f 689/741/689 3839/4097/3839 686/737/686
f 665/716/665 686/737/686 3839/4097/3839
f 3839/4097/3839 3840/4098/3840 3837/4095/3837
f 666/715/666 665/716/665 3839/4097/3839
f 3841/4099/3841 3843/4100/3843 3840/4098/3840
f 3840/4098/3840 689/741/689 3841/4099/3841
f 3840/4098/3840 3842/4101/3842 3837/4095/3837
f 3842/4101/3842 3840/4098/3840 3843/4100/3843
f 733/784/733 3843/4100/3843 3844/4102/3844
f 3844/4102/3844 3843/4100/3843 3845/4103/3845
f 3841/4099/3841 3845/4103/3845 3843/4100/3843
f 3843/4100/3843 3846/4104/3846 3842/4101/3842
f 3846/4104/3846 3843/4100/3843 733/784/733
f 3846/4104/3846 733/784/733 737/789/737
f 3842/4101/3842 3846/4104/3846 3848/4105/3848
f 3847/4106/3847 3848/4105/3848 3846/4104/3846
f 737/789/737 3847/4106/3847 3846/4104/3846
f 3849/4107/3849 3848/4105/3848 753/804/753
f 3847/4106/3847 753/804/753 3848/4105/3848
f 3848/4105/3848 3838/4096/3838 3842/4101/3842
f 3849/4107/3849 3838/4096/3838 3848/4105/3848
f 3849/4107/3849 3835/4094/3835 3838/4096/3838
f 3835/4094/3835 3849/4107/3849 3833/4092/3833
f 3850/4108/3850 3833/4092/3833 3849/4107/3849
f 3850/4108/3850 3849/4107/3849 753/804/753
f 754/805/754 3850/4108/3850 753/804/753
f 754/805/754 3851/4109/3851 3850/4108/3850
f 3850/4108/3850 3851/4109/3851 3833/4092/3833
f 3852/4110/3852 3831/4089/3831 3851/4109/3851
f 3851/4109/3851 757/808/757 3852/4110/3852
f 3851/4109/3851 754/805/754 757/808/757
f 3851/4109/3851 3831/4089/3831 3833/4092/3833
f 3854/4111/3854 3831/4089/3831 3852/4110/3852
f 3852/4110/3852 757/808/757 3853/4112/3853
f 3854/4111/3854 3852/4110/3852 3853/4112/3853
f 3828/4087/3828 3831/4089/3831 3854/4111/3854
f 3828/4087/3828 3854/4111/3854 3817/4075/3817
f 3854/4111/3854 3853/4112/3853 3813/4071/3813
f 3817/4075/3817 3854/4111/3854 3813/4071/3813
f 761/813/761 3853/4112/3853 757/808/757
f 3813/4071/3813 3853/4112/3853 761/813/761
f 753/804/753 3847/4106/3847 736/788/736
f 3847/4106/3847 737/789/737 736/788/736
f 688/740/688 3845/4103/3845 3841/4099/3841
f 3845/4103/3845 688/740/688 691/742/691
f 3857/4113/3857 3855/4114/3855 3845/4103/3845
f 3855/4114/3855 3856/4115/3856 3845/4103/3845
f 3844/4102/3844 3845/4103/3845 3856/4115/3856
f 691/742/691 3857/4113/3857 3845/4103/3845
f 3857/4113/3857 691/742/691 3858/4116/3858
f 3857/4113/3857 3858/4116/3858 3855/4114/3855
f 3859/4117/3859 3855/4114/3855 3858/4116/3858
f 3859/4117/3859 3858/4116/3858 695/747/695
f 3858/4116/3858 691/742/691 695/747/695
f 3859/4117/3859 3860/4118/3860 3855/4114/3855
f 698/750/698 3860/4118/3860 3859/4117/3859
f 3859/4117/3859 695/747/695 698/750/698
f 3860/4118/3860 712/763/712 711/762/711
f 712/763/712 3860/4118/3860 698/750/698
f 723/774/723 3855/4114/3855 3860/4118/3860
f 3860/4118/3860 711/762/711 723/774/723
f 3856/4115/3856 729/781/729 3844/4102/3844
f 724/775/724 729/781/729 3856/4115/3856
f 3855/4114/3855 724/775/724 3856/4115/3856
f 723/774/723 724/775/724 3855/4114/3855
f 729/781/729 733/784/733 3844/4102/3844
f 3842/4101/3842 3838/4096/3838 3837/4095/3837
f 688/740/688 3841/4099/3841 689/741/689
f 3829/4088/3829 3828/4087/3828 3823/4082/3823
f 3823/4082/3823 3828/4087/3828 3817/4075/3817
f 3861/4119/3861 3826/4083/3826 3822/4080/3822
f 3862/4120/3862 3826/4083/3826 3861/4119/3861
f 3826/4083/3826 3862/4120/3862 653/704/653
f 3825/4084/3825 3826/4083/3826 653/704/653
f 3862/4120/3862 3863/4121/3863 653/704/653
f 3863/4121/3863 3862/4120/3862 3864/4122/3864
f 3861/4119/3861 3864/4122/3864 3862/4120/3862
f 3861/4119/3861 3865/4123/3865 3864/4122/3864
f 3864/4124/3864 3865/4125/3865 3867/4126/3867
f 3864/4124/3864 3867/4126/3867 3866/4127/3866
f 3866/4127/3866 3868/4128/3868 3864/4124/3864
f 3863/4121/3863 3864/4122/3864 3868/4129/3868
f 3868/4128/3868 3869/4130/3869 3872/4131/3872
f 3871/4132/3871 3869/4130/3869 3868/4128/3868
f 3870/4133/3870 3868/4128/3868 3872/4131/3872
f 3868/4129/3868 3870/4134/3870 3863/4121/3863
f 3868/4128/3868 3866/4127/3866 3871/4132/3871
f 3873/4135/3873 3872/4131/3872 3869/4130/3869
f 3874/4136/3874 3872/4131/3872 3873/4135/3873
f 3874/4136/3874 3870/4133/3870 3872/4131/3872
f 3876/4137/3876 3874/4138/3874 3875/4139/3875
f 3874/4136/3874 3873/4135/3873 3875/4140/3875
f 647/699/647 3874/4138/3874 3876/4137/3876
f 3874/4138/3874 646/698/646 3870/4134/3870
f 646/698/646 3874/4138/3874 647/699/647
f 3876/4137/3876 3875/4139/3875 640/691/640
f 647/699/647 3876/4137/3876 640/691/640
f 640/691/640 3875/4139/3875 638/690/638
f 638/689/638 3875/4140/3875 3873/4135/3873
f 3873/4135/3873 3877/4141/3877 625/673/625
f 3873/4135/3873 3869/4130/3869 3877/4141/3877
f 638/689/638 3873/4135/3873 625/673/625
f 3877/4141/3877 3869/4130/3869 3878/4142/3878
f 3877/4141/3877 3878/4142/3878 624/671/624
f 624/671/624 625/673/625 3877/4141/3877
f 3879/4143/3879 3878/4142/3878 3869/4130/3869
f 3878/4142/3878 3879/4143/3879 3880/4144/3880
f 624/671/624 3878/4142/3878 3880/4144/3880
f 3879/4143/3879 3881/4145/3881 3880/4144/3880
f 3882/4146/3882 3880/4144/3880 3881/4145/3881
f 624/671/624 3880/4144/3880 626/672/626
f 626/672/626 3880/4144/3880 3882/4146/3882
f 3882/4146/3882 3881/4145/3881 3883/4147/3883
f 3883/4147/3883 3885/4148/3885 3882/4146/3882
f 3885/4148/3885 3884/4149/3884 3882/4146/3882
f 3884/4149/3884 3886/4150/3886 3882/4146/3882
f 3882/4146/3882 3886/4150/3886 626/672/626
f 3887/4151/3887 626/672/626 3886/4150/3886
f 3887/4151/3887 3886/4150/3886 3888/4152/3888
f 3886/4150/3886 3884/4149/3884 3888/4152/3888
f 3884/4149/3884 3889/4153/3889 3888/4152/3888
f 3888/4152/3888 3889/4153/3889 3890/4154/3890
f 3888/4152/3888 3890/4154/3890 3887/4151/3887
f 3887/4151/3887 3890/4154/3890 3891/4155/3891
f 3891/4155/3891 3890/4154/3890 3893/4156/3893
f 3893/4156/3893 3890/4154/3890 3892/4157/3892
f 3892/4157/3892 3890/4154/3890 3894/4158/3894
f 3894/4158/3894 3890/4154/3890 3889/4153/3889
f 3895/4159/3895 3894/4158/3894 3889/4153/3889
f 3894/4158/3894 3895/4159/3895 3896/4160/3896
f 3896/4160/3896 3892/4157/3892 3894/4158/3894
f 3895/4159/3895 3898/4161/3898 3896/4160/3896
f 3899/4162/3899 3896/4160/3896 3897/4163/3897
f 3897/4163/3897 3896/4160/3896 3898/4161/3898
f 3892/4157/3892 3896/4160/3896 3899/4162/3899
f 3892/4157/3892 3899/4162/3899 314/329/314
f 3899/4162/3899 3900/4164/3900 314/329/314
f 3899/4162/3899 3897/4163/3897 3900/4164/3900
f 3897/4163/3897 3901/4165/3901 3900/4164/3900
f 3902/4166/3902 3900/4164/3900 3901/4165/3901
f 314/329/314 3900/4164/3900 315/331/315
f 3902/4166/3902 315/331/315 3900/4164/3900
f 3902/4166/3902 3901/4165/3901 3903/4167/3903
f 315/331/315 3902/4166/3902 3903/4167/3903
f 3903/4167/3903 3901/4165/3901 3904/4168/3904
f 3903/4167/3903 3904/4168/3904 3905/4169/3905
f 3905/4169/3905 3906/4170/3906 3903/4167/3903
f 305/320/305 3903/4167/3903 3906/4170/3906
f 3903/4167/3903 305/320/305 315/331/315
f 302/317/302 3906/4170/3906 3907/4171/3907
f 305/320/305 3906/4170/3906 302/317/302
f 3906/4170/3906 3905/4169/3905 3907/4171/3907
f 302/317/302 3907/4171/3907 303/318/303
f 303/318/303 3907/4171/3907 3908/4172/3908
f 3907/4171/3907 3910/4173/3910 3908/4172/3908
f 3905/4169/3905 3909/4174/3909 3907/4171/3907
f 3907/4171/3907 3909/4174/3909 3910/4173/3910
f 3911/4175/3911 3908/4172/3908 3910/4173/3910
f 3909/4174/3909 3913/4176/3913 3910/4173/3910
f 3910/4173/3910 3912/4177/3912 3911/4175/3911
f 3910/4173/3910 3914/4178/3914 3912/4177/3912
f 3910/4173/3910 3913/4176/3913 3914/4178/3914
f 3914/4178/3914 3913/4176/3913 3917/4179/3917
f 3912/4177/3912 3914/4178/3914 3915/4180/3915
f 3916/4181/3916 3915/4180/3915 3914/4178/3914
f 3914/4178/3914 3917/4179/3917 3916/4181/3916
f 3917/4179/3917 3919/4182/3919 3916/4181/3916
f 3917/4179/3917 3918/4183/3918 3919/4182/3919
f 3918/4183/3918 3917/4179/3917 3913/4176/3913
f 3919/4182/3919 3918/4183/3918 3920/4184/3920
f 3921/4185/3921 3919/4182/3919 3920/4184/3920
f 3922/4186/3922 3919/4182/3919 3921/4185/3921
f 3919/4182/3919 3922/4186/3922 3916/4181/3916
f 3924/4187/3924 3923/4188/3923 3922/4186/3922
f 3923/4188/3923 3916/4181/3916 3922/4186/3922
f 3924/4187/3924 3922/4186/3922 3926/4189/3926
f 3926/4189/3926 3922/4186/3922 3925/4190/3925
f 3922/4186/3922 3921/4185/3921 3925/4190/3925
f 3927/4191/3927 3931/4192/3931 3926/4189/3926
f 3927/4191/3927 3926/4189/3926 3928/4193/3928
f 3928/4193/3928 3926/4189/3926 3925/4190/3925
f 3929/4194/3929 3926/4189/3926 3931/4192/3931
f 3926/4189/3926 3929/4194/3929 3930/4195/3930
f 3930/4195/3930 3924/4187/3924 3926/4189/3926
f 3927/4191/3927 3932/4196/3932 3931/4192/3931
f 3933/4197/3933 3931/4192/3931 3932/4196/3932
f 3931/4192/3931 3933/4197/3933 3934/4198/3934
f 3936/4199/3936 3931/4200/3931 3934/4201/3934
f 3935/4202/3935 3931/4200/3931 3936/4199/3936
f 3935/4202/3935 3929/4203/3929 3931/4200/3931
f 3936/4199/3936 3938/4204/3938 3937/4205/3937
f 3935/4202/3935 3936/4199/3936 3937/4205/3937
f 3936/4199/3936 3934/4201/3934 3938/4204/3938
f 3940/4206/3940 3939/4207/3939 3938/4204/3938
f 3939/4207/3939 3937/4205/3937 3938/4204/3938
f 3940/4206/3940 3938/4204/3938 3941/4208/3941
f 3938/4204/3938 3934/4201/3934 3941/4208/3941
f 3941/4208/3941 3942/4209/3942 3940/4206/3940
f 3941/4208/3941 3934/4201/3934 3933/4210/3933
f 3941/4208/3941 3933/4210/3933 3943/4211/3943
f 3943/4211/3943 3942/4209/3942 3941/4208/3941
f 3943/4211/3943 3933/4210/3933 3944/4212/3944
f 3944/4212/3944 3945/4213/3945 3943/4211/3943
f 3942/4209/3942 3943/4211/3943 3945/4213/3945
f 3944/4212/3944 3947/4214/3947 3945/4213/3945
f 3946/4215/3946 3945/4213/3945 3947/4214/3947
f 3942/4209/3942 3945/4213/3945 3946/4215/3946
f 3947/4214/3947 3948/4216/3948 3946/4215/3946
f 3950/4217/3950 3948/4216/3948 3947/4214/3947
f 3950/4217/3950 3947/4214/3947 3949/4218/3949
f 3949/4218/3949 3947/4214/3947 3944/4212/3944
f 3948/4216/3948 3950/4217/3950 1587/1693/1587
f 1590/1696/1590 1587/1693/1587 3950/4217/3950
f 3952/4219/3952 3951/4220/3951 3950/4217/3950
f 1590/1696/1590 3950/4217/3950 3951/4220/3951
f 3952/4219/3952 3950/4217/3950 3949/4218/3949
f 3954/4221/3954 3952/4219/3952 3953/4222/3953
f 3952/4219/3952 3949/4218/3949 3953/4222/3953
f 3954/4221/3954 3951/4220/3951 3952/4219/3952
f 3951/4220/3951 3954/4221/3954 3955/4223/3955
f 3955/4223/3955 3954/4221/3954 3957/4224/3957
f 3956/4225/3956 3954/4226/3954 3953/4227/3953
f 3954/4226/3954 3956/4225/3956 3957/4228/3957
f 3958/4229/3958 3957/4228/3957 3959/4230/3959
f 3957/4224/3957 3958/4231/3958 3955/4223/3955
f 3956/4225/3956 3959/4230/3959 3957/4228/3957
f 3959/4230/3959 3960/4232/3960 3961/4233/3961
f 3960/4232/3960 3959/4230/3959 3956/4225/3956
f 3959/4230/3959 3961/4233/3961 3962/4234/3962
f 3958/4229/3958 3959/4230/3959 3962/4234/3962
f 3962/4234/3962 3961/4233/3961 3967/4235/3967
f 3964/4236/3964 3963/4237/3963 3962/4234/3962
f 3962/4234/3962 3963/4237/3963 3958/4229/3958
f 3962/4234/3962 3965/4238/3965 3964/4236/3964
f 3968/4239/3968 3965/4238/3965 3962/4234/3962
f 3967/4235/3967 3966/4240/3966 3962/4234/3962
f 3962/4234/3962 3966/4240/3966 3968/4239/3968
f 3968/4239/3968 3966/4240/3966 3969/4241/3969
f 3969/4241/3969 3970/4242/3970 3968/4239/3968
f 3970/4242/3970 3971/4243/3971 3968/4239/3968
f 3965/4238/3965 3968/4239/3968 3971/4243/3971
f 3970/4242/3970 2519/2686/2519 3971/4243/3971
f 2515/2683/2515 3971/4243/3971 2519/2686/2519
f 3971/4243/3971 3972/4244/3972 3965/4238/3965
f 2515/2683/2515 3972/4244/3972 3971/4243/3971
f 3974/4245/3974 3972/4244/3972 3973/4246/3973
f 2515/2683/2515 3973/4246/3973 3972/4244/3972
f 3972/4244/3972 3974/4245/3974 3963/4237/3963
f 3965/4238/3965 3972/4244/3972 3963/4237/3963
f 3975/4247/3975 3974/4248/3974 2516/2685/2516
f 2516/2681/2516 3974/4245/3974 3973/4246/3973
f 3975/4247/3975 3976/4249/3976 3974/4248/3974
f 3977/4250/3977 3974/4248/3974 3976/4249/3976
f 3977/4251/3977 3963/4237/3963 3974/4245/3974
f 3977/4250/3977 3976/4249/3976 3955/4223/3955
f 3958/4231/3958 3977/4250/3977 3955/4223/3955
f 3977/4251/3977 3958/4229/3958 3963/4237/3963
f 3955/4223/3955 3976/4249/3976 3978/4252/3978
f 3976/4249/3976 3979/4253/3979 3978/4252/3978
f 3976/4249/3976 3975/4247/3975 3979/4253/3979
f 3981/4254/3981 3978/4252/3978 3979/4253/3979
f 3981/4254/3981 3979/4253/3979 3980/4255/3980
f 3979/4253/3979 3975/4247/3975 3980/4255/3980
f 3981/4254/3981 3982/4256/3982 3978/4252/3978
f 3983/4257/3983 3981/4254/3981 3980/4255/3980
f 3983/4257/3983 3982/4256/3982 3981/4254/3981
f 3983/4257/3983 3980/4255/3980 2517/2684/2517
f 3983/4257/3983 2517/2684/2517 3984/4258/3984
f 3982/4256/3982 3983/4257/3983 3984/4258/3984
f 2517/2684/2517 3985/4259/3985 3984/4258/3984
f 2495/2655/2495 2494/2654/2494 3984/4258/3984
f 2495/2655/2495 3984/4258/3984 3985/4259/3985
f 2494/2654/2494 3982/4256/3982 3984/4258/3984
f 2508/2672/2508 3985/4259/3985 2517/2684/2517
f 3986/4260/3986 2495/2655/2495 3985/4259/3985
f 2496/2656/2496 3986/4260/3986 3985/4259/3985
f 2507/2671/2507 2496/2656/2496 3985/4259/3985
f 2507/2671/2507 3985/4259/3985 2508/2672/2508
f 2496/2656/2496 2495/2655/2495 3986/4260/3986
f 3987/4261/3987 1595/1700/1595 3982/4256/3982
f 3982/4256/3982 1595/1700/1595 3978/4252/3978
f 3987/4261/3987 3982/4256/3982 2494/2654/2494
f 3987/4261/3987 3988/4262/3988 1595/1700/1595
f 3988/4262/3988 3987/4261/3987 3989/4263/3989
f 3989/4263/3989 3987/4261/3987 2492/2652/2492
f 2494/2654/2494 2492/2652/2492 3987/4261/3987
f 3989/4263/3989 2492/2652/2492 3990/4264/3990
f 3988/4262/3988 3989/4263/3989 3990/4264/3990
f 3988/4262/3988 3990/4264/3990 3993/4265/3993
f 3992/4266/3992 3991/4267/3991 3990/4264/3990
f 3990/4264/3990 3991/4267/3991 3994/4268/3994
f 2492/2652/2492 3992/4266/3992 3990/4264/3990
f 3994/4268/3994 3993/4265/3993 3990/4264/3990
f 3995/4269/3995 3996/4270/3996 3994/4268/3994
f 3997/4271/3997 3995/4269/3995 3994/4268/3994
f 3994/4268/3994 3996/4270/3996 3993/4265/3993
f 3994/4268/3994 3998/4272/3998 3997/4271/3997
f 3994/4268/3994 3991/4267/3991 3998/4272/3998
f 3991/4267/3991 2475/2635/2475 3998/4272/3998
f 3998/4272/3998 2475/2635/2475 3999/4273/3999
f 3998/4272/3998 3999/4273/3999 3997/4271/3997
f 2475/2635/2475 2474/2634/2474 3999/4273/3999
f 4000/4274/4000 3999/4273/3999 2474/2634/2474
f 4000/4274/4000 4001/4275/4001 3999/4273/3999
f 4001/4275/4001 3997/4271/3997 3999/4273/3999
f 4002/4276/4002 3997/4271/3997 4001/4275/4001
f 4002/4276/4002 4001/4275/4001 4004/4277/4004
f 4003/4278/4003 4001/4275/4001 4000/4274/4000
f 4004/4277/4004 4001/4275/4001 4003/4278/4003
f 4006/4279/4006 4004/4277/4004 4005/4280/4005
f 4005/4280/4005 4004/4277/4004 4003/4278/4003
f 4007/4281/4007 4004/4277/4004 4006/4279/4006
f 4007/4281/4007 4002/4276/4002 4004/4277/4004
f 3995/4269/3995 4002/4276/4002 4007/4281/4007
f 4009/4282/4009 3995/4269/3995 4007/4281/4007
f 4006/4279/4006 4008/4283/4008 4007/4281/4007
f 4007/4281/4007 4008/4283/4008 4009/4282/4009
f 4008/4283/4008 4010/4284/4010 4009/4282/4009
f 4009/4282/4009 4010/4284/4010 4011/4285/4011
f 1601/1706/1601 4009/4282/4009 4011/4285/4011
f 4009/4282/4009 1601/1706/1601 3995/4269/3995
f 1603/1708/1603 1601/1706/1601 4011/4285/4011
f 4010/4284/4010 1608/1715/1608 4011/4285/4011
f 4011/4285/4011 1608/1715/1608 1604/1709/1604
f 1603/1708/1603 4011/4285/4011 1604/1709/1604
f 1608/1715/1608 4010/4284/4010 1609/1716/1609
f 1609/1716/1609 4010/4284/4010 4008/4283/4008
f 4012/4286/4012 1609/1716/1609 4008/4283/4008
f 4012/4286/4012 4008/4283/4008 4006/4279/4006
f 4012/4286/4012 4013/4287/4013 1640/1743/1640
f 1630/1735/1630 4012/4286/4012 1640/1743/1640
f 1630/1735/1630 1609/1716/1609 4012/4286/4012
f 4006/4279/4006 4013/4287/4013 4012/4286/4012
f 4013/4287/4013 4005/4280/4005 4014/4288/4014
f 4013/4287/4013 4006/4279/4006 4005/4280/4005
f 1640/1743/1640 4013/4287/4013 4014/4288/4014
f 4014/4288/4014 4005/4280/4005 4016/4289/4016
f 4014/4288/4014 4016/4289/4016 4015/4290/4015
f 1638/1744/1638 4014/4288/4014 4015/4290/4015
f 1638/1744/1638 1640/1743/1640 4014/4288/4014
f 4005/4280/4005 4019/4291/4019 4016/4289/4016
f 4018/4292/4018 4016/4289/4016 4017/4293/4017
f 4019/4291/4019 4017/4293/4017 4016/4289/4016
f 4015/4290/4015 4016/4289/4016 4018/4292/4018
f 4019/4291/4019 4005/4280/4005 4003/4278/4003
f 4019/4291/4019 4003/4278/4003 4020/4294/4020
f 4017/4293/4017 4019/4291/4019 4020/4294/4020
f 4003/4278/4003 4000/4274/4000 4020/4294/4020
f 4017/4293/4017 4020/4294/4020 4021/4295/4021
f 4020/4294/4020 4022/4296/4022 4021/4295/4021
f 4020/4294/4020 4023/4297/4023 4022/4296/4022
f 4020/4294/4020 4000/4274/4000 4023/4297/4023
f 2470/2631/2470 4023/4297/4023 4000/4274/4000
f 4022/4296/4022 4023/4297/4023 2470/2631/2470
f 4024/4298/4024 4021/4295/4021 4022/4296/4022
f 4024/4298/4024 4022/4296/4022 4025/4299/4025
f 2465/2626/2465 4022/4296/4022 2470/2631/2470
f 4022/4296/4022 2464/2625/2464 4025/4299/4025
f 2465/2626/2465 2464/2625/2464 4022/4296/4022
f 4028/4300/4028 4025/4299/4025 4026/4301/4026
f 4026/4301/4026 4025/4299/4025 4029/4302/4029
f 4027/4303/4027 4024/4298/4024 4025/4299/4025
f 4027/4303/4027 4025/4299/4025 4028/4300/4028
f 4029/4302/4029 4025/4299/4025 2464/2625/2464
f 2464/2625/2464 2392/2547/2392 4029/4302/4029
f 2393/2546/2393 4029/4302/4029 2392/2547/2392
f 4029/4302/4029 2393/2546/2393 4026/4301/4026
f 4028/4300/4028 4026/4301/4026 4030/4304/4030
f 4028/4300/4028 4031/4305/4031 4027/4303/4027
f 4028/4300/4028 4030/4304/4030 4031/4305/4031
f 4031/4305/4031 4035/4306/4035 4032/4307/4032
f 4032/4307/4032 4034/4308/4034 4031/4305/4031
f 4031/4305/4031 4033/4309/4033 4036/4310/4036
f 4033/4309/4033 4031/4305/4031 4030/4304/4030
f 4031/4305/4031 4034/4308/4034 4027/4303/4027
f 4036/4310/4036 4035/4306/4035 4031/4305/4031
f 4036/4310/4036 4033/4309/4033 4037/4311/4037
f 1663/1767/1663 4036/4310/4036 4037/4311/4037
f 4038/4312/4038 4036/4310/4036 1663/1767/1663
f 4035/4306/4035 4036/4310/4036 4038/4312/4038
f 4039/4313/4039 4035/4306/4035 4038/4312/4038
f 4039/4313/4039 4038/4312/4038 1658/1764/1658
f 1663/1767/1663 1658/1764/1658 4038/4312/4038
f 4035/4306/4035 4039/4313/4039 4032/4307/4032
f 4039/4313/4039 4040/4314/4040 4032/4307/4032
f 1658/1764/1658 1646/1751/1646 4039/4313/4039
f 1646/1751/1646 4041/4315/4041 4039/4313/4039
f 4040/4314/4040 4039/4313/4039 4041/4315/4041
f 4041/4315/4041 1646/1751/1646 1643/1749/1643
f 1643/1749/1643 4042/4316/4042 4041/4315/4041
f 4040/4314/4040 4041/4315/4041 4042/4316/4042
f 4042/4316/4042 1643/1749/1643 1639/1745/1639
f 4042/4316/4042 1639/1745/1639 1638/1744/1638
f 4015/4290/4015 4042/4316/4042 1638/1744/1638
f 4018/4292/4018 4042/4316/4042 4015/4290/4015
f 4018/4292/4018 4040/4314/4040 4042/4316/4042
f 4018/4292/4018 4017/4293/4017 4040/4314/4040
f 4040/4314/4040 4017/4293/4017 4034/4308/4034
f 4032/4307/4032 4040/4314/4040 4034/4308/4034
f 4043/4317/4043 1663/1767/1663 4037/4311/4037
f 4044/4318/4044 4043/4317/4043 4037/4311/4037
f 4037/4311/4037 4033/4309/4033 4046/4319/4046
f 4044/4318/4044 4037/4311/4037 4045/4320/4045
f 4045/4320/4045 4037/4311/4037 4046/4319/4046
f 4047/4321/4047 4046/4319/4046 4049/4322/4049
f 4048/4323/4048 4046/4319/4046 4047/4321/4047
f 4045/4320/4045 4046/4319/4046 4048/4323/4048
f 4033/4309/4033 4049/4322/4049 4046/4319/4046
f 4049/4322/4049 4050/4324/4050 4047/4321/4047
f 4030/4304/4030 4050/4324/4050 4049/4322/4049
f 4049/4322/4049 4033/4309/4033 4030/4304/4030
f 2389/2542/2389 4050/4324/4050 4030/4304/4030
f 2388/2541/2388 4050/4324/4050 2389/2542/2389
f 4047/4321/4047 4050/4324/4050 2388/2541/2388
f 4051/4325/4051 4048/4323/4048 2382/2535/2382
f 4047/4321/4047 2382/2535/2382 4048/4323/4048
f 4045/4320/4045 4048/4323/4048 4051/4325/4051
f 4051/4325/4051 2382/2535/2382 4054/4326/4054
f 4052/4327/4052 4051/4325/4051 4054/4326/4054
f 4052/4327/4052 4053/4328/4053 4051/4325/4051
f 4053/4328/4053 4045/4320/4045 4051/4325/4051
f 4054/4329/4054 2382/2532/2382 2380/2531/2380
f 2380/2531/2380 2378/2530/2378 4054/4329/4054
f 2378/2530/2378 4052/4330/4052 4054/4329/4054
f 4053/4328/4053 4052/4327/4052 4055/4331/4055
f 4055/4331/4055 4057/4332/4057 4053/4328/4053
f 4056/4333/4056 4053/4328/4053 4057/4332/4057
f 4056/4333/4056 4045/4320/4045 4053/4328/4053
f 4057/4332/4057 4055/4331/4055 4060/4334/4060
f 4056/4333/4056 4057/4332/4057 4058/4335/4058
f 4059/4336/4059 4058/4335/4058 4057/4332/4057
f 4060/4334/4060 4059/4336/4059 4057/4332/4057
f 4063/4337/4063 4060/4334/4060 4055/4331/4055
f 4062/4338/4062 4060/4334/4060 4061/4339/4061
f 4061/4339/4061 4060/4334/4060 4063/4337/4063
f 4059/4336/4059 4060/4334/4060 4062/4338/4062
f 4063/4337/4063 4055/4331/4055 4064/4340/4064
f 4061/4339/4061 4063/4337/4063 4064/4340/4064
f 4065/4341/4065 4067/4342/4067 4064/4340/4064
f 4065/4341/4065 4064/4340/4064 4055/4331/4055
f 4068/4343/4068 4066/4344/4066 4064/4340/4064
f 4064/4340/4064 4066/4344/4066 4061/4339/4061
f 4068/4343/4068 4064/4340/4064 4067/4342/4067
f 4067/4342/4067 4069/4345/4069 4068/4343/4068
f 4066/4344/4066 4068/4343/4068 4069/4345/4069
f 4069/4346/4069 4067/4347/4067 4071/4348/4071
f 4069/4346/4069 4073/4349/4073 4070/4350/4070
f 4069/4345/4069 4070/4351/4070 4066/4344/4066
f 4071/4348/4071 4072/4352/4072 4069/4346/4069
f 4072/4352/4072 4073/4349/4073 4069/4346/4069
f 4076/4353/4076 4073/4349/4073 4072/4352/4072
f 4073/4349/4073 4074/4354/4074 4070/4350/4070
f 4073/4349/4073 4075/4355/4075 4074/4354/4074
f 4075/4355/4075 4073/4349/4073 4077/4356/4077
f 4076/4353/4076 4078/4357/4078 4073/4349/4073
f 4077/4356/4077 4073/4349/4073 4078/4357/4078
f 4079/4358/4079 4081/4359/4081 4078/4357/4078
f 4079/4358/4079 4078/4357/4078 4080/4360/4080
f 4076/4353/4076 4080/4360/4080 4078/4357/4078
f 4081/4359/4081 4077/4356/4077 4078/4357/4078
f 4082/4361/4082 4081/4359/4081 4079/4358/4079
f 4081/4359/4081 4083/4362/4083 4075/4355/4075
f 4081/4359/4081 4075/4355/4075 4077/4356/4077
f 4082/4361/4082 4083/4362/4083 4081/4359/4081
f 4082/4361/4082 4084/4363/4084 4083/4362/4083
f 4083/4362/4083 4084/4363/4084 4085/4364/4085
f 4085/4364/4085 4086/4365/4086 4083/4362/4083
f 4086/4365/4086 4075/4355/4075 4083/4362/4083
f 4090/4366/4090 4086/4365/4086 4087/4367/4087
f 4088/4368/4088 4087/4367/4087 4086/4365/4086
f 4086/4365/4086 4089/4369/4089 4088/4368/4088
f 4090/4366/4090 4075/4355/4075 4086/4365/4086
f 4086/4365/4086 4085/4364/4085 4089/4369/4089
f 4075/4355/4075 4090/4366/4090 4074/4354/4074
f 4091/4370/4091 4074/4371/4074 4090/4372/4090
f 4090/4372/4090 4087/4373/4087 4091/4370/4091
f 4092/4374/4092 4093/4375/4093 4091/4370/4091
f 4087/4373/4087 4092/4374/4092 4091/4370/4091
f 4095/4376/4095 4091/4370/4091 4093/4375/4093
f 4074/4371/4074 4091/4370/4091 4094/4377/4094
f 4094/4377/4094 4091/4370/4091 4095/4376/4095
f 4097/4378/4097 4096/4379/4096 4095/4376/4095
f 4094/4377/4094 4095/4376/4095 4096/4379/4096
f 4062/4338/4062 4097/4378/4097 4095/4376/4095
f 4098/4380/4098 4095/4376/4095 4093/4375/4093
f 4095/4376/4095 4098/4380/4098 4099/4381/4099
f 4099/4381/4099 4100/4382/4100 4095/4376/4095
f 4101/4383/4101 4095/4376/4095 4100/4382/4100
f 4101/4383/4101 4062/4338/4062 4095/4376/4095
f 4102/4384/4102 4101/4383/4101 4100/4382/4100
f 4102/4384/4102 4103/4385/4103 4101/4383/4101
f 4062/4338/4062 4101/4383/4101 4103/4385/4103
f 4103/4385/4103 4102/4384/4102 4104/4386/4104
f 4104/4386/4104 4105/4387/4105 4103/4385/4103
f 4105/4387/4105 4062/4338/4062 4103/4385/4103
f 4104/4386/4104 4106/4388/4106 4105/4387/4105
f 4106/4388/4106 4108/4389/4108 4105/4387/4105
f 4105/4387/4105 4059/4336/4059 4062/4338/4062
f 4105/4387/4105 4107/4390/4107 4059/4336/4059
f 4108/4389/4108 4107/4390/4107 4105/4387/4105
f 4106/4388/4106 4109/4391/4109 4108/4389/4108
f 4108/4389/4108 4109/4391/4109 1666/1771/1666
f 1666/1771/1666 4107/4390/4107 4108/4389/4108
f 1665/1770/1665 1666/1771/1666 4109/4391/4109
f 4109/4391/4109 4111/4392/4111 1665/1770/1665
f 4112/4393/4112 4109/4391/4109 4110/4394/4110
f 4106/4388/4106 4110/4394/4110 4109/4391/4109
f 4112/4393/4112 4111/4392/4111 4109/4391/4109
f 4112/4393/4112 4114/4395/4114 4113/4396/4113
f 4113/4396/4113 4115/4397/4115 4112/4393/4112
f 4112/4393/4112 4110/4394/4110 4114/4395/4114
f 4112/4393/4112 4116/4398/4116 4111/4392/4111
f 4115/4397/4115 4116/4398/4116 4112/4393/4112
f 4117/4399/4117 4116/4398/4116 4119/4400/4119
f 4116/4398/4116 4117/4399/4117 4111/4392/4111
f 4116/4398/4116 4115/4397/4115 4118/4401/4118
f 4119/4400/4119 4116/4398/4116 4118/4401/4118
f 4120/4402/4120 4117/4399/4117 4119/4400/4119
f 4120/4402/4120 4119/4400/4119 4118/4401/4118
f 4120/4402/4120 1673/1778/1673 1670/1775/1670
f 1670/1775/1670 4117/4399/4117 4120/4402/4120
f 4118/4401/4118 1677/1781/1677 4120/4402/4120
f 1677/1781/1677 1673/1778/1673 4120/4402/4120
f 4118/4401/4118 4122/4403/4122 4121/4404/4121
f 1677/1781/1677 4118/4401/4118 4121/4404/4121
f 4122/4403/4122 4118/4401/4118 4113/4396/4113
f 4118/4401/4118 4115/4397/4115 4113/4396/4113
f 4123/4405/4123 4122/4403/4122 4124/4406/4124
f 4123/4405/4123 4121/4404/4121 4122/4403/4122
f 4122/4403/4122 4125/4407/4125 4124/4406/4124
f 4122/4403/4122 4113/4396/4113 4125/4407/4125
f 4113/4396/4113 4128/4408/4128 4125/4407/4125
f 4127/4409/4127 4125/4407/4125 4126/4410/4126
f 4126/4410/4126 4125/4407/4125 4129/4411/4129
f 4124/4406/4124 4125/4407/4125 4127/4409/4127
f 4125/4407/4125 4128/4408/4128 4129/4411/4129
f 4131/4412/4131 4129/4411/4129 4130/4413/4130
f 4128/4408/4128 4130/4413/4130 4129/4411/4129
f 4131/4412/4131 4126/4410/4126 4129/4411/4129
f 4132/4414/4132 4127/4409/4127 4131/4412/4131
f 4132/4414/4132 4131/4412/4131 4133/4415/4133
f 4126/4410/4126 4131/4412/4131 4127/4409/4127
f 4133/4415/4133 4131/4412/4131 4134/4416/4134
f 4130/4413/4130 4134/4416/4134 4131/4412/4131
f 4130/4413/4130 4135/4417/4135 4134/4416/4134
f 4135/4417/4135 4136/4418/4136 4134/4416/4134
f 4137/4419/4137 4134/4416/4134 4136/4418/4136
f 4134/4416/4134 4137/4419/4137 4133/4415/4133
f 4140/4420/4140 4137/4419/4137 4138/4421/4138
f 4137/4419/4137 4136/4418/4136 4138/4421/4138
f 4133/4415/4133 4137/4419/4137 4139/4422/4139
f 4139/4422/4139 4137/4419/4137 4140/4420/4140
f 4139/4422/4139 4140/4420/4140 4141/4423/4141
f 4140/4420/4140 4142/4424/4142 4141/4423/4141
f 4142/4424/4142 4140/4420/4140 4138/4421/4138
f 4146/4425/4146 4141/4423/4141 4142/4424/4142
f 4143/4426/4143 4142/4424/4142 4138/4421/4138
f 4142/4424/4142 4143/4426/4143 4144/4427/4144
f 4144/4427/4144 4145/4428/4145 4142/4424/4142
f 4142/4424/4142 4145/4428/4145 4146/4425/4146
f 4146/4425/4146 2230/2367/2230 4147/4429/4147
f 4147/4429/4147 4141/4423/4141 4146/4425/4146
f 4145/4428/4145 2230/2367/2230 4146/4425/4146
f 4148/4430/4148 4150/4431/4150 4147/4429/4147
f 4147/4429/4147 2231/2366/2231 4148/4430/4148
f 4147/4429/4147 2230/2367/2230 2231/2366/2231
f 4149/4432/4149 4141/4423/4141 4147/4429/4147
f 4147/4429/4147 4150/4431/4150 4149/4432/4149
f 4150/4431/4150 4151/4433/4151 4149/4432/4149
f 4151/4433/4151 4150/4431/4150 2213/2345/2213
f 2213/2345/2213 4150/4431/4150 2216/2351/2216
f 2216/2351/2216 4150/4431/4150 4148/4430/4148
f 4151/4433/4151 2213/2345/2213 2211/2348/2211
f 2211/2348/2211 4152/4434/4152 4151/4433/4151
f 4152/4434/4152 4139/4422/4139 4151/4433/4151
f 4139/4422/4139 4149/4432/4149 4151/4433/4151
f 4152/4434/4152 2211/2348/2211 2210/4435/2210
f 4153/4436/4153 4152/4434/4152 4155/4437/4155
f 4154/4438/4154 4152/4434/4152 4153/4436/4153
f 4152/4434/4152 4154/4438/4154 4139/4422/4139
f 2210/4435/2210 4155/4437/4155 4152/4434/4152
f 4154/4438/4154 4155/4437/4155 4157/4439/4157
f 4154/4438/4154 4153/4436/4153 4155/4437/4155
f 2210/4435/2210 4156/4440/4156 4155/4437/4155
f 4155/4437/4155 4156/4440/4156 4157/4439/4157
f 4161/4441/4161 4158/4442/4158 4157/4439/4157
f 4158/4442/4158 4160/4443/4160 4157/4439/4157
f 4157/4439/4157 4159/4444/4159 4154/4438/4154
f 4157/4439/4157 4160/4443/4160 4159/4444/4159
f 4161/4441/4161 4157/4439/4157 4156/4440/4156
f 4161/4441/4161 4156/4440/4156 2208/4445/2208
f 2208/4445/2208 4163/4446/4163 4161/4441/4161
f 4164/4447/4164 4162/4448/4162 4161/4441/4161
f 4162/4448/4162 4158/4442/4158 4161/4441/4161
f 4163/4446/4163 4164/4447/4164 4161/4441/4161
f 4164/4447/4164 4165/4449/4165 4162/4448/4162
f 4163/4446/4163 2182/4450/2182 4164/4447/4164
f 2182/4450/2182 4165/4449/4165 4164/4447/4164
f 4165/4449/4165 4168/4451/4168 4166/4452/4166
f 4166/4452/4166 4167/4453/4167 4165/4449/4165
f 4165/4449/4165 4167/4453/4167 4162/4448/4162
f 1982/2104/1982 4168/4451/4168 4165/4449/4165
f 2182/4450/2182 1982/2104/1982 4165/4449/4165
f 4168/4451/4168 4169/4454/4169 4170/4455/4170
f 1976/2099/1976 4169/4454/4169 4168/4451/4168
f 4168/4451/4168 4170/4455/4170 4166/4452/4166
f 1982/2104/1982 1976/2099/1976 4168/4451/4168
f 4171/4456/4171 4173/4457/4173 4170/4455/4170
f 4170/4455/4170 4169/4454/4169 4171/4456/4171
f 4170/4455/4170 4173/4457/4173 4172/4458/4172
f 4170/4455/4170 4172/4458/4172 4166/4452/4166
f 4175/4459/4175 4173/4457/4173 4171/4456/4171
f 4172/4458/4172 4173/4457/4173 4174/4460/4174
f 4174/4460/4174 4173/4457/4173 4175/4459/4175
f 4175/4459/4175 1687/1792/1687 4174/4460/4174
f 1687/1792/1687 4175/4459/4175 1688/1793/1688
f 1688/1793/1688 4175/4459/4175 4176/4461/4176
f 4171/4456/4171 4177/4462/4177 4175/4459/4175
f 4177/4462/4177 4176/4461/4176 4175/4459/4175
f 1970/2093/1970 4177/4462/4177 1975/2098/1975
f 1970/2093/1970 4176/4461/4176 4177/4462/4177
f 4178/4463/4178 4177/4462/4177 4169/4454/4169
f 4178/4463/4178 1975/2098/1975 4177/4462/4177
f 4169/4454/4169 4177/4462/4177 4171/4456/4171
f 4178/4463/4178 4169/4454/4169 1976/2099/1976
f 1976/2099/1976 1975/2098/1975 4178/4463/4178
f 4179/4464/4179 1688/1793/1688 4176/4461/4176
f 4176/4461/4176 1970/2093/1970 1690/1795/1690
f 4176/4461/4176 1690/1795/1690 4179/4464/4179
f 4179/4464/4179 1690/1795/1690 1688/1793/1688
f 1687/1792/1687 4182/4465/4182 4174/4460/4174
f 4172/4458/4172 4174/4460/4174 4180/4466/4180
f 4180/4466/4180 4174/4460/4174 4181/4467/4181
f 4181/4467/4181 4174/4460/4174 4182/4465/4182
f 4182/4465/4182 1687/1792/1687 4183/4468/4183
f 4181/4467/4181 4182/4465/4182 4183/4468/4183
f 4183/4468/4183 4123/4405/4123 4124/4406/4124
f 1685/1790/1685 4123/4405/4123 4183/4468/4183
f 1685/1790/1685 4183/4468/4183 1687/1792/1687
f 4181/4467/4181 4183/4468/4183 4124/4406/4124
f 4124/4406/4124 4184/4469/4184 4181/4467/4181
f 4180/4466/4180 4181/4467/4181 4184/4469/4184
f 4186/4470/4186 4184/4469/4184 4185/4471/4185
f 4185/4471/4185 4184/4469/4184 4127/4409/4127
f 4186/4470/4186 4180/4466/4180 4184/4469/4184
f 4184/4469/4184 4124/4406/4124 4127/4409/4127
f 4187/4472/4187 4186/4470/4186 4185/4471/4185
f 4186/4470/4186 4187/4472/4187 4167/4453/4167
f 4186/4470/4186 4167/4453/4167 4188/4473/4188
f 4188/4473/4188 4180/4466/4180 4186/4470/4186
f 4172/4458/4172 4180/4466/4180 4188/4473/4188
f 4172/4458/4172 4188/4473/4188 4166/4452/4166
f 4188/4473/4188 4167/4453/4167 4166/4452/4166
f 4160/4443/4160 4158/4442/4158 4187/4472/4187
f 4187/4472/4187 4132/4414/4132 4160/4443/4160
f 4158/4442/4158 4167/4453/4167 4187/4472/4187
f 4132/4414/4132 4187/4472/4187 4185/4471/4185
f 4127/4409/4127 4132/4414/4132 4185/4471/4185
f 4162/4448/4162 4167/4453/4167 4158/4442/4158
f 2208/4445/2208 2181/4474/2181 4163/4446/4163
f 2181/4474/2181 2182/4450/2182 4163/4446/4163
f 4132/4414/4132 4159/4444/4159 4160/4443/4160
f 4159/4444/4159 4133/4415/4133 4154/4438/4154
f 4159/4444/4159 4132/4414/4132 4133/4415/4133
f 4156/4440/4156 2210/4435/2210 2208/4445/2208
f 4133/4415/4133 4139/4422/4139 4154/4438/4154
f 4139/4422/4139 4141/4423/4141 4149/4432/4149
f 2217/2353/2217 4148/4430/4148 2223/2360/2223
f 2231/2366/2231 2223/2360/2223 4148/4430/4148
f 2216/2351/2216 4148/4430/4148 2217/2353/2217
f 4145/4428/4145 4144/4427/4144 4189/4475/4189
f 4145/4428/4145 4189/4475/4189 4190/4476/4190
f 4145/4428/4145 4190/4476/4190 2230/2367/2230
f 4190/4476/4190 4191/4477/4191 2236/2370/2236
f 4191/4477/4191 4190/4476/4190 4192/4478/4192
f 2230/2367/2230 4190/4476/4190 2232/2368/2232
f 2232/2368/2232 4190/4476/4190 2236/2370/2236
f 4190/4476/4190 4189/4475/4189 4192/4478/4192
f 4194/4479/4194 4193/4480/4193 4192/4478/4192
f 4192/4478/4192 4193/4480/4193 4102/4384/4102
f 4189/4475/4189 4194/4479/4194 4192/4478/4192
f 4192/4478/4192 4099/4381/4099 4191/4477/4191
f 4099/4381/4099 4192/4478/4192 4102/4384/4102
f 4195/4481/4195 4193/4480/4193 4194/4479/4194
f 4195/4481/4195 4194/4479/4194 4143/4426/4143
f 4194/4479/4194 4144/4427/4144 4143/4426/4143
f 4194/4479/4194 4189/4475/4189 4144/4427/4144
f 4106/4388/4106 4104/4386/4104 4195/4481/4195
f 4195/4481/4195 4104/4386/4104 4193/4480/4193
f 4195/4481/4195 4196/4482/4196 4110/4394/4110
f 4136/4418/4136 4196/4482/4196 4195/4481/4195
f 4195/4481/4195 4143/4426/4143 4136/4418/4136
f 4195/4481/4195 4110/4394/4110 4106/4388/4106
f 4110/4394/4110 4196/4482/4196 4114/4395/4114
f 4136/4418/4136 4114/4395/4114 4196/4482/4196
f 4193/4480/4193 4104/4386/4104 4102/4384/4102
f 2234/2371/2234 2236/2370/2236 4191/4477/4191
f 4191/4477/4191 4197/4483/4197 2234/2371/2234
f 4099/4381/4099 4198/4484/4198 4191/4477/4191
f 4198/4484/4198 4197/4483/4197 4191/4477/4191
f 4197/4483/4197 4198/4484/4198 4093/4375/4093
f 4093/4375/4093 4198/4484/4198 4098/4380/4098
f 4198/4484/4198 4099/4381/4099 4098/4380/4098
f 4092/4374/4092 4199/4485/4199 4197/4483/4197
f 4092/4374/4092 4197/4483/4197 4093/4375/4093
f 4197/4483/4197 4199/4485/4199 4200/4486/4200
f 4200/4486/4200 4201/4487/4201 4197/4483/4197
f 2234/2371/2234 4197/4483/4197 4201/4487/4201
f 4200/4486/4200 4088/4488/4088 4201/4487/4201
f 4088/4488/4088 4202/4489/4202 4201/4487/4201
f 4203/4490/4203 4201/4487/4201 4202/4489/4202
f 4203/4490/4203 2235/2372/2235 4201/4487/4201
f 2235/2372/2235 2234/2371/2234 4201/4487/4201
f 4203/4490/4203 4204/4491/4204 2238/2375/2238
f 4204/4491/4204 4203/4490/4203 4202/4489/4202
f 2238/2375/2238 2235/2372/2235 4203/4490/4203
f 2243/2385/2243 2238/2375/2238 4204/4491/4204
f 4205/4492/4205 2243/2384/2243 4204/4493/4204
f 4202/4494/4202 4205/4492/4205 4204/4493/4204
f 4206/4495/4206 4205/4492/4205 4202/4494/4202
f 2243/2384/2243 4205/4492/4205 2244/2381/2244
f 2248/4496/2248 2244/2381/2244 4205/4492/4205
f 4208/4497/4208 2248/4496/2248 4205/4492/4205
f 4205/4492/4205 4206/4495/4206 4207/4498/4207
f 4208/4497/4208 4205/4492/4205 4207/4498/4207
f 4208/4499/4208 2249/2390/2249 2248/2389/2248
f 4212/4500/4212 4209/4501/4209 4208/4497/4208
f 4209/4501/4209 4210/4502/4210 4208/4497/4208
f 4208/4497/4208 4207/4498/4207 4212/4500/4212
f 4211/4503/4211 2249/2390/2249 4208/4499/4208
f 4211/4503/4211 4208/4499/4208 4210/4504/4210
f 4084/4363/4084 4209/4501/4209 4212/4500/4212
f 4084/4363/4084 4212/4500/4212 4085/4364/4085
f 4085/4364/4085 4212/4500/4212 4207/4498/4207
f 4210/4504/4210 4213/4505/4213 4211/4503/4211
f 4211/4503/4211 2251/2393/2251 2249/2390/2249
f 2251/2393/2251 4211/4503/4211 4213/4505/4213
f 4213/4505/4213 4210/4504/4210 2272/2417/2272
f 2260/2402/2260 2251/2393/2251 4213/4505/4213
f 2260/2402/2260 4213/4505/4213 2271/2416/2271
f 4213/4505/4213 2272/2417/2272 2271/2416/2271
f 4210/4502/4210 4209/4501/4209 4214/4506/4214
f 4210/4502/4210 4214/4506/4214 2272/2415/2272
f 2270/2413/2270 4214/4506/4214 2275/2421/2275
f 2275/2421/2275 4214/4506/4214 2278/2422/2278
f 2278/2422/2278 4214/4506/4214 4215/4507/4215
f 2272/2415/2272 4214/4506/4214 2270/2413/2270
f 4209/4501/4209 4215/4507/4215 4214/4506/4214
f 4215/4507/4215 4082/4361/4082 4216/4508/4216
f 2282/2426/2282 4215/4507/4215 4216/4508/4216
f 4215/4507/4215 4209/4501/4209 4217/4509/4217
f 4215/4507/4215 4217/4509/4217 4082/4361/4082
f 4215/4507/4215 2282/2426/2282 2278/2422/2278
f 4209/4501/4209 4084/4363/4084 4217/4509/4217
f 4082/4361/4082 4217/4509/4217 4084/4363/4084
f 4220/4510/4220 4216/4508/4216 4218/4511/4218
f 4218/4511/4218 4216/4508/4216 4079/4358/4079
f 4216/4508/4216 4082/4361/4082 4079/4358/4079
f 4216/4508/4216 4219/4512/4219 2282/2426/2282
f 4216/4508/4216 4221/4513/4221 4219/4512/4219
f 4220/4510/4220 4221/4513/4221 4216/4508/4216
f 4221/4513/4221 4220/4510/4220 4222/4514/4222
f 4221/4513/4221 4224/4515/4224 4219/4512/4219
f 4222/4514/4222 4223/4516/4223 4221/4513/4221
f 4221/4513/4221 4223/4516/4223 4224/4515/4224
f 2281/2427/2281 4219/4512/4219 4224/4515/4224
f 4224/4515/4224 2284/2429/2284 2281/2427/2281
f 4224/4515/4224 4223/4516/4223 4226/4517/4226
f 2284/2429/2284 4224/4515/4224 4225/4518/4225
f 4224/4515/4224 4226/4517/4226 4225/4518/4225
f 2366/2516/2366 2360/2511/2360 4226/4517/4226
f 2360/2511/2360 2361/2510/2361 4226/4517/4226
f 4225/4518/4225 4226/4517/4226 2361/2510/2361
f 4223/4516/4223 2366/2516/2366 4226/4517/4226
f 2286/2431/2286 2284/2429/2284 4225/4518/4225
f 4227/4519/4227 4225/4518/4225 2361/2510/2361
f 4227/4519/4227 4228/4520/4228 4225/4518/4225
f 4228/4520/4228 2286/2431/2286 4225/4518/4225
f 4228/4520/4228 2339/2490/2339 2286/2431/2286
f 4228/4520/4228 2341/2491/2341 2339/2490/2339
f 2341/2491/2341 4228/4520/4228 4227/4519/4227
f 2341/2491/2341 4227/4519/4227 2346/2497/2346
f 4227/4519/4227 2358/2509/2358 2346/2497/2346
f 2361/2510/2361 2358/2509/2358 4227/4519/4227
f 2366/2516/2366 4223/4516/4223 4222/4514/4222
f 4222/4514/4222 4229/4521/4229 2373/2523/2373
f 4229/4521/4229 4222/4514/4222 4218/4511/4218
f 2366/2516/2366 4222/4514/4222 2373/2523/2373
f 4220/4510/4220 4218/4511/4218 4222/4514/4222
f 2372/2524/2372 2373/2523/2373 4229/4521/4229
f 2372/2524/2372 4229/4521/4229 4230/4522/4230
f 4229/4521/4229 4218/4511/4218 4230/4522/4230
f 4230/4522/4230 4218/4511/4218 4080/4360/4080
f 4230/4522/4230 4080/4360/4080 4072/4352/4072
f 4230/4522/4230 4072/4352/4072 4071/4348/4071
f 2372/2524/2372 4230/4522/4230 4231/4523/4231
f 4233/4524/4233 4230/4522/4230 4071/4348/4071
f 4231/4523/4231 4230/4522/4230 4232/4525/4232
f 4232/4525/4232 4230/4522/4230 4233/4524/4233
f 2378/2530/2378 4232/4525/4232 4233/4524/4233
f 2378/2530/2378 4233/4524/4233 4065/4526/4065
f 4067/4347/4067 4065/4526/4065 4233/4524/4233
f 4067/4347/4067 4233/4524/4233 4071/4348/4071
f 2379/2529/2379 4232/4525/4232 2378/2530/2378
f 2379/2529/2379 4231/4523/4231 4232/4525/4232
f 4231/4523/4231 2379/2529/2379 2372/2524/2372
f 4219/4512/4219 2281/2427/2281 2282/2426/2282
f 4218/4511/4218 4079/4358/4079 4080/4360/4080
f 4085/4364/4085 4207/4498/4207 4206/4495/4206
f 4089/4369/4089 4206/4495/4206 4202/4494/4202
f 4206/4495/4206 4089/4369/4089 4085/4364/4085
f 4088/4368/4088 4089/4369/4089 4202/4494/4202
f 4200/4486/4200 4199/4485/4199 4088/4488/4088
f 4092/4374/4092 4087/4373/4087 4199/4485/4199
f 4087/4373/4087 4088/4488/4088 4199/4485/4199
f 4138/4421/4138 4136/4418/4136 4143/4426/4143
f 4136/4418/4136 4135/4417/4135 4114/4395/4114
f 4128/4408/4128 4135/4417/4135 4130/4413/4130
f 4128/4408/4128 4114/4395/4114 4135/4417/4135
f 4113/4396/4113 4114/4395/4114 4128/4408/4128
f 1685/1790/1685 1680/1785/1680 4123/4405/4123
f 4123/4405/4123 1680/1785/1680 4234/4527/4234
f 4234/4527/4234 4121/4404/4121 4123/4405/4123
f 4234/4527/4234 1678/1784/1678 4121/4404/4121
f 1678/1784/1678 4234/4527/4234 1680/1785/1680
f 4121/4404/4121 1678/1784/1678 1677/1781/1677
f 4111/4392/4111 4117/4399/4117 1665/1770/1665
f 1668/1773/1668 1665/1770/1665 4117/4399/4117
f 1670/1775/1670 1668/1773/1668 4117/4399/4117
f 4107/4390/4107 4235/4528/4235 4059/4336/4059
f 1666/1771/1666 4235/4528/4235 4107/4390/4107
f 4236/4529/4236 4058/4335/4058 4235/4528/4235
f 4235/4528/4235 1662/1768/1662 4236/4529/4236
f 4235/4528/4235 1666/1771/1666 1662/1768/1662
f 4058/4335/4058 4059/4336/4059 4235/4528/4235
f 4236/4529/4236 4043/4317/4043 4044/4318/4044
f 4058/4335/4058 4236/4529/4236 4044/4318/4044
f 1662/1768/1662 1663/1767/1663 4236/4529/4236
f 4043/4317/4043 4236/4529/4236 1663/1767/1663
f 4102/4384/4102 4100/4382/4100 4099/4381/4099
f 4237/4530/4237 4096/4379/4096 4097/4378/4097
f 4097/4378/4097 4062/4338/4062 4061/4339/4061
f 4066/4344/4066 4237/4530/4237 4097/4378/4097
f 4061/4339/4061 4066/4344/4066 4097/4378/4097
f 4070/4351/4070 4237/4530/4237 4066/4344/4066
f 4237/4530/4237 4070/4351/4070 4096/4379/4096
f 4094/4377/4094 4096/4379/4096 4070/4351/4070
f 4070/4351/4070 4074/4371/4074 4094/4377/4094
f 4072/4352/4072 4080/4360/4080 4076/4353/4076
f 4052/4327/4052 4065/4341/4065 4055/4331/4055
f 2378/2530/2378 4065/4526/4065 4052/4330/4052
f 4058/4335/4058 4044/4318/4044 4056/4333/4056
f 4045/4320/4045 4056/4333/4056 4044/4318/4044
f 2384/2536/2384 2382/2535/2382 4047/4321/4047
f 2384/2536/2384 4047/4321/4047 2388/2541/2388
f 4034/4308/4034 4024/4298/4024 4027/4303/4027
f 4024/4298/4024 4034/4308/4034 4021/4295/4021
f 4034/4308/4034 4017/4293/4017 4021/4295/4021
f 2389/2542/2389 4030/4304/4030 4026/4301/4026
f 2393/2546/2393 2389/2542/2389 4026/4301/4026
f 4002/4276/4002 3995/4269/3995 3997/4271/3997
f 4000/4274/4000 2474/2634/2474 2472/2632/2472
f 4000/4274/4000 2472/2632/2472 2470/2631/2470
f 3995/4269/3995 1601/1706/1601 3996/4270/3996
f 1598/1705/1598 3996/4270/3996 1601/1706/1601
f 3996/4270/3996 4238/4531/4238 3993/4265/3993
f 1598/1705/1598 4238/4531/4238 3996/4270/3996
f 4238/4531/4238 3988/4262/3988 3993/4265/3993
f 4238/4531/4238 1596/1701/1596 3988/4262/3988
f 1598/1705/1598 1596/1701/1596 4238/4531/4238
f 3992/4266/3992 2475/2635/2475 3991/4267/3991
f 2475/2635/2475 3992/4266/3992 4239/4532/4239
f 4239/4532/4239 3992/4266/3992 2490/2650/2490
f 3992/4266/3992 2492/2652/2492 2490/2650/2490
f 2475/2635/2475 4239/4532/4239 2477/2636/2477
f 2476/2638/2476 4239/4532/4239 2490/2650/2490
f 4239/4532/4239 2476/2638/2476 2477/2636/2477
f 3988/4262/3988 1596/1701/1596 1595/1700/1595
f 3975/4247/3975 2516/2685/2516 3980/4255/3980
f 2517/2684/2517 3980/4255/3980 2516/2685/2516
f 1594/1698/1594 3978/4252/3978 1593/1699/1593
f 1593/1699/1593 3978/4252/3978 1595/1700/1595
f 1594/1698/1594 3955/4223/3955 3978/4252/3978
f 2514/2682/2514 2516/2681/2516 3973/4246/3973
f 2514/2682/2514 3973/4246/3973 2515/2683/2515
f 3969/4241/3969 2529/2697/2529 3970/4242/3970
f 3970/4242/3970 2529/2697/2529 2519/2686/2519
f 3969/4241/3969 2532/2700/2532 2527/2696/2527
f 2527/2696/2527 2529/2697/2529 3969/4241/3969
f 4242/4533/4242 4240/4534/4240 3969/4241/3969
f 4240/4534/4240 4241/4535/4241 3969/4241/3969
f 4241/4535/4241 2532/2700/2532 3969/4241/3969
f 3969/4241/3969 3966/4240/3966 4242/4533/4242
f 4240/4534/4240 4242/4533/4242 4244/4536/4244
f 4242/4533/4242 4245/4537/4245 4243/4538/4243
f 4243/4538/4243 4244/4536/4244 4242/4533/4242
f 4242/4533/4242 3966/4240/3966 4246/4539/4246
f 4245/4537/4245 4242/4533/4242 4246/4539/4246
f 3961/4233/3961 4245/4537/4245 4246/4539/4246
f 4246/4539/4246 3966/4240/3966 3961/4233/3961
f 4245/4537/4245 3961/4233/3961 4247/4540/4247
f 4247/4540/4247 4243/4538/4243 4245/4537/4245
f 3960/4232/3960 4247/4540/4247 3961/4233/3961
f 4243/4538/4243 4247/4540/4247 4251/4541/4251
f 4247/4540/4247 4248/4542/4248 4250/4543/4250
f 4247/4540/4247 3960/4232/3960 4248/4542/4248
f 4249/4544/4249 4247/4540/4247 4250/4543/4250
f 4247/4540/4247 4249/4544/4249 4251/4541/4251
f 4251/4541/4251 4254/4545/4254 4252/4546/4252
f 4251/4541/4251 4252/4546/4252 4253/4547/4253
f 4253/4547/4253 4255/4548/4255 4251/4541/4251
f 4249/4544/4249 4254/4545/4254 4251/4541/4251
f 4251/4541/4251 4255/4548/4255 4243/4538/4243
f 4253/4547/4253 4256/4549/4256 4255/4548/4255
f 4257/4550/4257 4255/4548/4255 4256/4549/4256
f 4243/4538/4243 4255/4548/4255 4257/4550/4257
f 4256/4549/4256 4258/4551/4258 4257/4550/4257
f 4257/4550/4257 4244/4536/4244 4243/4538/4243
f 4258/4551/4258 4244/4536/4244 4257/4550/4257
f 4258/4551/4258 4240/4534/4240 4244/4536/4244
f 4258/4551/4258 4260/4552/4260 4240/4534/4240
f 4259/4553/4259 4258/4551/4258 4256/4549/4256
f 4258/4551/4258 4259/4553/4259 4260/4552/4260
f 4263/4554/4263 4260/4552/4260 4261/4555/4261
f 4262/4556/4262 4261/4555/4261 4260/4552/4260
f 4262/4556/4262 4260/4552/4260 4259/4553/4259
f 4260/4552/4260 4263/4554/4263 4240/4534/4240
f 4264/4557/4264 4241/4535/4241 4263/4554/4263
f 4265/4558/4265 4264/4557/4264 4263/4554/4263
f 4263/4554/4263 4261/4555/4261 4265/4558/4265
f 4240/4534/4240 4263/4554/4263 4241/4535/4241
f 2543/2711/2543 4265/4558/4265 4261/4555/4261
f 2543/2711/2543 4266/4559/4266 4265/4558/4265
f 4265/4558/4265 4266/4559/4266 4264/4557/4264
f 2540/2708/2540 4266/4559/4266 2543/2711/2543
f 4264/4557/4264 4266/4559/4266 2531/2698/2531
f 2531/2698/2531 4266/4559/4266 2540/2708/2540
f 4264/4557/4264 2532/2700/2532 4241/4535/4241
f 4264/4557/4264 2531/2698/2531 2532/2700/2532
f 4267/4560/4267 4261/4555/4261 4262/4556/4262
f 4262/4556/4262 4259/4553/4259 4267/4560/4267
f 4269/4561/4269 4268/4562/4268 4267/4560/4267
f 4261/4555/4261 4267/4560/4267 4268/4562/4268
f 4267/4560/4267 4259/4553/4259 4269/4561/4269
f 4270/4563/4270 4268/4562/4268 4269/4561/4269
f 4271/4564/4271 4270/4563/4270 4269/4561/4269
f 4273/4565/4273 4269/4561/4269 4259/4553/4259
f 4271/4564/4271 4269/4561/4269 4272/4566/4272
f 4272/4566/4272 4269/4561/4269 4273/4565/4273
f 4256/4549/4256 4274/4567/4274 4273/4565/4273
f 4274/4567/4274 4275/4568/4275 4273/4565/4273
f 4273/4565/4273 4275/4568/4275 4276/4569/4276
f 4276/4569/4276 4272/4566/4272 4273/4565/4273
f 4256/4549/4256 4273/4565/4273 4259/4553/4259
f 4272/4566/4272 4276/4569/4276 4277/4570/4277
f 4277/4570/4277 4276/4569/4276 4278/4571/4278
f 4278/4571/4278 4276/4569/4276 4279/4572/4279
f 4275/4568/4275 4279/4572/4279 4276/4569/4276
f 3920/4184/3920 4280/4573/4280 4279/4572/4279
f 4280/4573/4280 4278/4571/4278 4279/4572/4279
f 4279/4572/4279 4275/4568/4275 3920/4184/3920
f 4280/4573/4280 3920/4184/3920 3918/4183/3918
f 4280/4573/4280 3918/4183/3918 4281/4574/4281
f 3904/4168/3904 4282/4575/4282 4280/4573/4280
f 3904/4168/3904 4280/4573/4280 4281/4574/4281
f 4280/4573/4280 4282/4575/4282 4278/4571/4278
f 4284/4576/4284 4283/4577/4283 4282/4575/4282
f 4283/4577/4283 4278/4571/4278 4282/4575/4282
f 3901/4165/3901 4284/4576/4284 4282/4575/4282
f 3901/4165/3901 4282/4575/4282 3904/4168/3904
f 4284/4576/4284 4285/4578/4285 4283/4577/4283
f 4286/4579/4286 4285/4578/4285 4284/4576/4284
f 3897/4163/3897 4284/4576/4284 3901/4165/3901
f 4284/4576/4284 3897/4163/3897 4286/4579/4286
f 3897/4163/3897 3898/4161/3898 4286/4579/4286
f 4287/4580/4287 4286/4579/4286 3898/4161/3898
f 4288/4581/4288 4286/4579/4286 4287/4580/4287
f 4285/4578/4285 4286/4579/4286 4288/4581/4288
f 4288/4581/4288 4287/4580/4287 4289/4582/4289
f 4290/4583/4290 4288/4581/4288 4289/4582/4289
f 4285/4578/4285 4288/4581/4288 4290/4583/4290
f 4291/4584/4291 4290/4583/4290 4289/4582/4289
f 4290/4583/4290 4291/4584/4291 4270/4563/4270
f 4271/4564/4271 4290/4583/4290 4270/4563/4270
f 4290/4583/4290 4271/4564/4271 4285/4578/4285
f 4292/4585/4292 4291/4584/4291 4293/4586/4293
f 4291/4584/4291 4292/4585/4292 4270/4563/4270
f 4293/4586/4293 4291/4584/4291 4294/4587/4294
f 4295/4588/4295 4294/4587/4294 4291/4584/4291
f 4289/4582/4289 4295/4588/4295 4291/4584/4291
f 4296/4589/4296 4294/4587/4294 4295/4588/4295
f 4297/4590/4297 4295/4588/4295 4287/4580/4287
f 4295/4588/4295 4289/4582/4289 4287/4580/4287
f 4296/4589/4296 4295/4588/4295 4297/4590/4297
f 3895/4159/3895 4297/4590/4297 4287/4580/4287
f 3895/4159/3895 3889/4153/3889 4297/4590/4297
f 3889/4153/3889 4296/4589/4296 4297/4590/4297
f 4298/4591/4298 4294/4587/4294 4296/4589/4296
f 4298/4591/4298 4296/4589/4296 4299/4592/4299
f 4296/4589/4296 3889/4153/3889 3884/4149/3884
f 4299/4592/4299 4296/4589/4296 3884/4149/3884
f 3884/4149/3884 4300/4593/4300 4299/4592/4299
f 4298/4591/4298 4299/4592/4299 4300/4593/4300
f 3884/4149/3884 3885/4148/3885 4300/4593/4300
f 4301/4594/4301 4300/4593/4300 3885/4148/3885
f 4298/4591/4298 4300/4593/4300 4301/4594/4301
f 4303/4595/4303 4301/4594/4301 3883/4147/3883
f 3883/4147/3883 4301/4594/4301 3885/4148/3885
f 4301/4594/4301 4304/4596/4304 4298/4591/4298
f 4304/4596/4304 4301/4594/4301 4302/4597/4302
f 4303/4595/4303 4302/4597/4302 4301/4594/4301
f 4305/4598/4305 4304/4596/4304 4302/4597/4302
f 4304/4596/4304 4305/4598/4305 4298/4591/4298
f 4306/4599/4306 4307/4600/4307 4305/4598/4305
f 4302/4597/4302 4306/4599/4306 4305/4598/4305
f 4305/4598/4305 4307/4600/4307 4308/4601/4308
f 4305/4598/4305 4308/4601/4308 4309/4602/4309
f 4298/4591/4298 4305/4598/4305 4309/4602/4309
f 4310/4603/4310 4309/4602/4309 4312/4604/4312
f 4309/4602/4309 4310/4603/4310 4298/4591/4298
f 4311/4605/4311 4309/4602/4309 4308/4601/4308
f 4312/4604/4312 4309/4602/4309 4311/4605/4311
f 4311/4605/4311 2552/2720/2552 4312/4604/4312
f 4314/4606/4314 4312/4604/4312 2552/2720/2552
f 2548/2716/2548 4313/4607/4313 4312/4604/4312
f 4312/4604/4312 4313/4607/4313 4310/4603/4310
f 4314/4606/4314 2548/2716/2548 4312/4604/4312
f 2547/2715/2547 4314/4606/4314 2552/2720/2552
f 2548/2716/2548 4314/4606/4314 2547/2715/2547
f 4292/4585/4292 4293/4586/4293 4313/4607/4313
f 4310/4603/4310 4313/4607/4313 4293/4586/4293
f 4313/4607/4313 2548/2716/2548 4292/4585/4292
f 4311/4605/4311 2555/2722/2555 2552/2720/2552
f 2555/2722/2555 4311/4605/4311 4315/4608/4315
f 4316/4609/4316 4315/4608/4315 4311/4605/4311
f 4311/4605/4311 4317/4610/4317 4316/4609/4316
f 4311/4605/4311 4308/4601/4308 4317/4610/4317
f 4316/4609/4316 4317/4610/4317 4307/4600/4307
f 4308/4601/4308 4307/4600/4307 4317/4610/4317
f 4320/4611/4320 4316/4609/4316 4318/4612/4318
f 4316/4609/4316 4307/4600/4307 4318/4612/4318
f 4316/4609/4316 4319/4613/4319 4315/4608/4315
f 4321/4614/4321 4319/4613/4319 4316/4609/4316
f 4316/4609/4316 4320/4611/4320 4321/4614/4321
f 4321/4614/4321 4322/4615/4322 4319/4613/4319
f 4323/4616/4323 4322/4615/4322 4321/4614/4321
f 4321/4614/4321 4320/4611/4320 4324/4617/4324
f 4323/4616/4323 4321/4614/4321 4324/4617/4324
f 4325/4618/4325 4324/4617/4324 4326/4619/4326
f 4323/4616/4323 4324/4617/4324 4325/4618/4325
f 4326/4619/4326 4324/4617/4324 4327/4620/4327
f 4329/4621/4329 4327/4620/4327 4324/4617/4324
f 4328/4622/4328 4324/4617/4324 4320/4611/4320
f 4329/4621/4329 4324/4617/4324 4328/4622/4328
f 4333/4623/4333 4329/4621/4329 4330/4624/4330
f 4329/4621/4329 4331/4625/4331 4330/4624/4330
f 4329/4621/4329 4328/4622/4328 4331/4625/4331
f 4329/4621/4329 4333/4623/4333 4332/4626/4332
f 4327/4620/4327 4329/4621/4329 4332/4626/4332
f 4335/4627/4335 4333/4623/4333 4334/4628/4334
f 4337/4629/4337 4334/4628/4334 4333/4623/4333
f 4335/4627/4335 4336/4630/4336 4333/4623/4333
f 4333/4623/4333 4336/4630/4336 4332/4626/4332
f 4333/4623/4333 4330/4624/4330 4337/4629/4337
f 4334/4628/4334 4337/4629/4337 3867/4126/3867
f 4338/4631/4338 3867/4126/3867 4337/4629/4337
f 4338/4631/4338 4337/4629/4337 4339/4632/4339
f 4337/4629/4337 4330/4624/4330 4339/4632/4339
f 4339/4632/4339 4330/4624/4330 4340/4633/4340
f 4340/4633/4340 4342/4634/4342 4339/4632/4339
f 4338/4631/4338 4339/4632/4339 4341/4635/4341
f 4342/4634/4342 4341/4635/4341 4339/4632/4339
f 4341/4635/4341 4342/4634/4342 4343/4636/4343
f 4343/4636/4343 4342/4634/4342 4303/4595/4303
f 4318/4612/4318 4342/4634/4342 4340/4633/4340
f 4306/4599/4306 4342/4634/4342 4318/4612/4318
f 4342/4634/4342 4306/4599/4306 4302/4597/4302
f 4303/4595/4303 4342/4634/4342 4302/4597/4302
f 4343/4636/4343 4303/4595/4303 3883/4147/3883
f 4341/4635/4341 4343/4636/4343 3879/4143/3879
f 3879/4143/3879 4343/4636/4343 3881/4145/3881
f 3883/4147/3883 3881/4145/3881 4343/4636/4343
f 4338/4631/4338 4341/4635/4341 3879/4143/3879
f 4318/4612/4318 4340/4633/4340 4331/4625/4331
f 4330/4624/4330 4331/4625/4331 4340/4633/4340
f 3866/4127/3866 3867/4126/3867 4338/4631/4338
f 3866/4127/3866 4338/4631/4338 3879/4143/3879
f 4344/4637/4344 4345/4638/4345 4336/4630/4336
f 4344/4637/4344 4336/4630/4336 4335/4627/4335
f 4345/4638/4345 4346/4639/4346 4336/4630/4336
f 4336/4630/4336 4346/4639/4346 4332/4626/4332
f 4346/4639/4346 4347/4640/4347 4348/4641/4348
f 4346/4639/4346 4345/4638/4345 4347/4640/4347
f 4327/4620/4327 4332/4626/4332 4346/4639/4346
f 4349/4642/4349 4346/4639/4346 4348/4641/4348
f 4327/4620/4327 4346/4639/4346 4349/4642/4349
f 4349/4642/4349 4350/4643/4350 4326/4619/4326
f 4348/4641/4348 4350/4643/4350 4349/4642/4349
f 4349/4642/4349 4326/4619/4326 4327/4620/4327
f 4326/4619/4326 4350/4643/4350 4352/4644/4352
f 3793/4050/3793 4350/4643/4350 4348/4641/4348
f 3793/4050/3793 4351/4645/4351 4350/4643/4350
f 4351/4645/4351 4353/4646/4353 4350/4643/4350
f 4352/4644/4352 4350/4643/4350 4353/4646/4353
f 4355/4647/4355 4354/4648/4354 4353/4646/4353
f 4353/4646/4353 4354/4648/4354 4352/4644/4352
f 4353/4646/4353 4356/4649/4356 4355/4647/4355
f 4351/4645/4351 4356/4649/4356 4353/4646/4353
f 4356/4649/4356 4351/4645/4351 3784/4038/3784
f 3784/4038/3784 4357/4650/4357 4356/4649/4356
f 4355/4647/4355 4356/4649/4356 4357/4650/4357
f 2584/2753/2584 4357/4650/4357 3785/4039/3785
f 2584/2753/2584 4358/4651/4358 4357/4650/4357
f 3784/4038/3784 3785/4039/3785 4357/4650/4357
f 4357/4650/4357 4358/4651/4358 4354/4648/4354
f 4355/4647/4355 4357/4650/4357 4354/4648/4354
f 4358/4651/4358 2581/2748/2581 2580/2747/2580
f 4358/4651/4358 2580/2747/2580 4360/4652/4360
f 4354/4648/4354 4358/4651/4358 4359/4653/4359
f 4358/4651/4358 2584/2753/2584 2581/2748/2581
f 4358/4651/4358 4360/4652/4360 4359/4653/4359
f 4362/4654/4362 4360/4652/4360 4361/4655/4361
f 4361/4655/4361 4360/4652/4360 2580/2747/2580
f 4362/4654/4362 4359/4653/4359 4360/4652/4360
f 4362/4654/4362 4361/4655/4361 2569/2738/2569
f 4362/4654/4362 2569/2738/2569 4363/4656/4363
f 4363/4656/4363 4364/4657/4364 4362/4654/4362
f 4364/4657/4364 4322/4615/4322 4362/4654/4362
f 4323/4616/4323 4362/4654/4362 4322/4615/4322
f 4323/4616/4323 4359/4653/4359 4362/4654/4362
f 4319/4613/4319 4322/4615/4322 4364/4657/4364
f 4319/4613/4319 4364/4657/4364 4366/4658/4366
f 4363/4656/4363 4365/4659/4365 4364/4657/4364
f 4364/4657/4364 4365/4659/4365 4366/4658/4366
f 4365/4659/4365 2555/2722/2555 4366/4658/4366
f 4366/4658/4366 2555/2722/2555 4315/4608/4315
f 4315/4608/4315 4319/4613/4319 4366/4658/4366
f 4363/4656/4363 2568/2737/2568 4365/4659/4365
f 2568/2737/2568 2562/2730/2562 4365/4659/4365
f 2556/2723/2556 4365/4659/4365 2562/2730/2562
f 2556/2723/2556 2555/2722/2555 4365/4659/4365
f 2569/2738/2569 2568/2737/2568 4363/4656/4363
f 4361/4655/4361 2580/2747/2580 2570/2735/2570
f 2570/2735/2570 2569/2738/2569 4361/4655/4361
f 4352/4644/4352 4354/4648/4354 4359/4653/4359
f 4359/4653/4359 4325/4618/4325 4352/4644/4352
f 4325/4618/4325 4359/4653/4359 4323/4616/4323
f 4352/4644/4352 4325/4618/4325 4326/4619/4326
f 3784/4038/3784 4351/4645/4351 3790/4046/3790
f 3790/4046/3790 4351/4645/4351 3793/4050/3793
f 4367/4660/4367 4368/4661/4368 4348/4641/4348
f 4348/4641/4348 4347/4640/4347 4367/4660/4367
f 4368/4661/4368 3793/4050/3793 4348/4641/4348
f 4367/4660/4367 4369/4662/4369 4368/4661/4368
f 4368/4661/4368 3795/4053/3795 3793/4050/3793
f 4368/4661/4368 3798/4663/3798 3795/4053/3795
f 3798/4663/3798 4368/4661/4368 4369/4662/4369
f 4369/4664/4369 3801/4060/3801 3798/4057/3798
f 3801/4060/3801 4369/4664/4369 4371/4665/4371
f 4370/4666/4370 4369/4662/4369 4367/4660/4367
f 4369/4664/4369 4370/4667/4370 4371/4665/4371
f 3818/4077/3818 3801/4060/3801 4371/4665/4371
f 4371/4665/4371 4370/4667/4370 3818/4077/3818
f 3819/4078/3819 3818/4077/3818 4370/4667/4370
f 4347/4640/4347 4372/4668/4372 4370/4666/4370
f 4370/4667/4370 4372/4669/4372 3819/4078/3819
f 4347/4640/4347 4370/4666/4370 4367/4660/4367
f 4344/4670/4344 3821/4079/3821 4372/4669/4372
f 3819/4078/3819 4372/4669/4372 3821/4079/3821
f 4372/4668/4372 4345/4638/4345 4344/4637/4344
f 4345/4638/4345 4372/4668/4372 4347/4640/4347
f 4374/4671/4374 3821/4079/3821 4344/4670/4344
f 4344/4637/4344 4335/4627/4335 4373/4672/4373
f 4374/4671/4374 4344/4670/4344 4373/4673/4373
f 3861/4119/3861 3821/4079/3821 4374/4671/4374
f 3861/4119/3861 4374/4671/4374 4373/4673/4373
f 4335/4627/4335 4334/4628/4334 4373/4672/4373
f 3865/4125/3865 4373/4672/4373 4334/4628/4334
f 3861/4119/3861 4373/4673/4373 3865/4123/3865
f 4334/4628/4334 3867/4126/3867 3865/4125/3865
f 4331/4625/4331 4320/4611/4320 4318/4612/4318
f 4320/4611/4320 4331/4625/4331 4328/4622/4328
f 4306/4599/4306 4318/4612/4318 4307/4600/4307
f 4293/4586/4293 4294/4587/4294 4310/4603/4310
f 4310/4603/4310 4294/4587/4294 4298/4591/4298
f 4292/4585/4292 2549/2717/2549 4270/4563/4270
f 2549/2717/2549 4292/4585/4292 2548/2716/2548
f 3898/4161/3898 3895/4159/3895 4287/4580/4287
f 4271/4564/4271 4283/4577/4283 4285/4578/4285
f 4277/4570/4277 4278/4571/4278 4283/4577/4283
f 4271/4564/4271 4277/4570/4277 4283/4577/4283
f 4281/4574/4281 3905/4169/3905 3904/4168/3904
f 3918/4183/3918 3913/4176/3913 4281/4574/4281
f 3909/4174/3909 4281/4574/4281 3913/4176/3913
f 3905/4169/3905 4281/4574/4281 3909/4174/3909
f 4271/4564/4271 4272/4566/4272 4277/4570/4277
f 3920/4184/3920 4275/4568/4275 4253/4547/4253
f 4253/4547/4253 4275/4568/4275 4274/4567/4274
f 4274/4567/4274 4256/4549/4256 4253/4547/4253
f 4270/4563/4270 2549/2717/2549 4268/4562/4268
f 4268/4562/4268 2543/2711/2543 4261/4555/4261
f 2545/2710/2545 2543/2711/2543 4268/4562/4268
f 2549/2717/2549 2545/2710/2545 4268/4562/4268
f 4254/4545/4254 4375/4674/4375 4252/4546/4252
f 4375/4674/4375 4254/4545/4254 4376/4675/4376
f 4254/4545/4254 4249/4544/4249 4376/4675/4376
f 4377/4676/4377 4376/4675/4376 3932/4196/3932
f 4377/4676/4377 4375/4674/4375 4376/4675/4376
f 4376/4675/4376 4378/4677/4378 3932/4196/3932
f 4376/4675/4376 4379/4678/4379 4378/4677/4378
f 4376/4675/4376 4249/4544/4249 4379/4678/4379
f 4380/4679/4380 4378/4677/4378 4379/4678/4379
f 4379/4678/4379 4381/4680/4381 4380/4679/4380
f 4250/4543/4250 4381/4680/4381 4379/4678/4379
f 4379/4678/4379 4249/4544/4249 4250/4543/4250
f 4250/4543/4250 4248/4542/4248 4381/4680/4381
f 4248/4542/4248 4380/4679/4380 4381/4680/4381
f 4378/4677/4378 4380/4679/4380 3933/4197/3933
f 3944/4212/3944 3933/4210/3933 4380/4681/4380
f 4382/4682/4382 4380/4679/4380 4248/4542/4248
f 4382/4683/4382 3944/4212/3944 4380/4681/4380
f 4382/4682/4382 4248/4542/4248 3953/4227/3953
f 3953/4222/3953 3949/4218/3949 4382/4683/4382
f 3949/4218/3949 3944/4212/3944 4382/4683/4382
f 3932/4196/3932 4378/4677/4378 3933/4197/3933
f 3925/4190/3925 4377/4676/4377 3928/4193/3928
f 3928/4193/3928 4377/4676/4377 3932/4196/3932
f 4377/4676/4377 3921/4185/3921 4375/4674/4375
f 4377/4676/4377 3925/4190/3925 3921/4185/3921
f 3921/4185/3921 4252/4546/4252 4375/4674/4375
f 4253/4547/4253 4252/4546/4252 3920/4184/3920
f 3921/4185/3921 3920/4184/3920 4252/4546/4252
f 3953/4227/3953 4248/4542/4248 3956/4225/3956
f 3960/4232/3960 3956/4225/3956 4248/4542/4248
f 3961/4233/3961 3966/4240/3966 3967/4235/3967
f 3964/4236/3964 3965/4238/3965 3963/4237/3963
f 1594/1698/1594 1591/1695/1591 3955/4223/3955
f 3951/4220/3951 3955/4223/3955 1591/1695/1591
f 1590/1696/1590 3951/4220/3951 1591/1695/1591
f 3946/4215/3946 3948/4216/3948 4383/4684/4383
f 4383/4684/4383 3948/4216/3948 1587/1693/1587
f 3946/4215/3946 4383/4684/4383 4384/4685/4384
f 1588/1692/1588 4384/4685/4384 4383/4684/4383
f 1588/1692/1588 4383/4684/4383 1587/1693/1587
f 1581/1686/1581 4384/4685/4384 1588/1692/1588
f 3946/4215/3946 4384/4685/4384 3942/4209/3942
f 3942/4209/3942 4384/4685/4384 4385/4686/4385
f 4385/4686/4385 4384/4685/4384 4387/4687/4387
f 4386/4688/4386 4387/4687/4387 4384/4685/4384
f 1581/1686/1581 4386/4688/4386 4384/4685/4384
f 4391/4689/4391 3940/4206/3940 4387/4687/4387
f 3940/4206/3940 4385/4686/4385 4387/4687/4387
f 4390/4690/4390 4388/4691/4388 4387/4687/4387
f 4388/4691/4388 4389/4692/4389 4387/4687/4387
f 4387/4687/4387 4389/4692/4389 4391/4689/4391
f 4390/4690/4390 4387/4687/4387 4386/4688/4386
f 4391/4689/4391 3939/4207/3939 3940/4206/3940
f 4392/4693/4392 4391/4689/4391 4393/4694/4393
f 4392/4693/4392 3939/4207/3939 4391/4689/4391
f 4393/4694/4393 4391/4689/4391 4389/4692/4389
f 4394/4695/4394 4392/4693/4392 4393/4694/4393
f 4393/4694/4393 4395/4696/4395 4394/4695/4394
f 4395/4696/4395 4393/4694/4393 4396/4697/4396
f 4389/4692/4389 4388/4691/4388 4393/4694/4393
f 4393/4694/4393 4388/4691/4388 4396/4697/4396
f 4397/4698/4397 4395/4696/4395 4396/4697/4396
f 4397/4698/4397 4396/4697/4396 4398/4699/4398
f 4399/4700/4399 4398/4699/4398 4396/4697/4396
f 4396/4697/4396 4400/4701/4400 4399/4700/4399
f 4400/4701/4400 4396/4697/4396 4390/4690/4390
f 4396/4697/4396 4388/4691/4388 4390/4690/4390
f 4399/4700/4399 4400/4701/4400 4402/4702/4402
f 4400/4701/4400 4386/4688/4386 4401/4703/4401
f 4401/4703/4401 4402/4702/4402 4400/4701/4400
f 4400/4701/4400 4390/4690/4390 4386/4688/4386
f 4402/4702/4402 4401/4703/4401 4403/4704/4403
f 4402/4702/4402 4403/4704/4403 4404/4705/4404
f 4402/4702/4402 4404/4705/4404 4405/4706/4405
f 4405/4706/4405 4399/4700/4399 4402/4702/4402
f 4405/4706/4405 4404/4705/4404 4406/4707/4406
f 4399/4700/4399 4405/4706/4405 4398/4699/4398
f 4407/4708/4407 4398/4699/4398 4405/4706/4405
f 4405/4706/4405 4406/4707/4406 4407/4708/4407
f 4410/4709/4410 4398/4699/4398 4407/4708/4407
f 4408/4710/4408 4407/4708/4407 4409/4711/4409
f 4410/4709/4410 4407/4708/4407 4408/4710/4408
f 4409/4711/4409 4407/4708/4407 4406/4707/4406
f 4413/4712/4413 4410/4709/4410 4411/4713/4411
f 4411/4713/4411 4410/4709/4410 4412/4714/4412
f 4410/4709/4410 4414/4715/4414 4412/4714/4412
f 4410/4709/4410 4413/4712/4413 4397/4698/4397
f 4410/4709/4410 4397/4698/4397 4398/4699/4398
f 4414/4715/4414 4410/4709/4410 4408/4710/4408
f 1548/1654/1548 4414/4715/4414 1550/1655/1550
f 1550/1655/1550 4414/4715/4414 4415/4716/4415
f 4409/4711/4409 4415/4716/4415 4414/4715/4414
f 4412/4714/4412 4414/4715/4414 1548/1654/1548
f 4409/4711/4409 4414/4715/4414 4408/4710/4408
f 4415/4716/4415 1552/1658/1552 1550/1655/1550
f 1552/1658/1552 4415/4716/4415 1556/1661/1556
f 4415/4716/4415 4409/4711/4409 1556/1661/1556
f 4417/4717/4417 4413/4712/4413 4411/4713/4411
f 4413/4712/4413 4416/4718/4416 4418/4719/4418
f 4416/4718/4416 4413/4712/4413 4417/4717/4417
f 4418/4719/4418 4397/4698/4397 4413/4712/4413
f 4420/4720/4420 4418/4719/4418 4416/4718/4416
f 4419/4721/4419 4395/4696/4395 4418/4719/4418
f 4420/4720/4420 4419/4721/4419 4418/4719/4418
f 4397/4698/4397 4418/4719/4418 4395/4696/4395
f 4421/4722/4421 4420/4720/4420 4424/4723/4424
f 4421/4722/4421 4422/4724/4422 4420/4720/4420
f 4420/4720/4420 4422/4724/4422 4423/4725/4423
f 4420/4720/4420 4423/4725/4423 4419/4721/4419
f 4424/4723/4424 4420/4720/4420 4425/4726/4425
f 4420/4720/4420 4416/4718/4416 4425/4726/4425
f 4425/4726/4425 217/222/217 216/221/216
f 4417/4717/4417 217/222/217 4425/4726/4425
f 4425/4726/4425 4416/4718/4416 4417/4717/4417
f 216/221/216 4424/4723/4424 4425/4726/4425
f 4424/4723/4424 216/221/216 4421/4722/4421
f 4426/4727/4426 4423/4725/4423 4422/4724/4422
f 4426/4727/4426 4427/4728/4427 4423/4725/4423
f 4427/4728/4427 4428/4729/4428 4423/4725/4423
f 4423/4725/4423 4428/4729/4428 4429/4730/4429
f 4430/4731/4430 4423/4725/4423 4429/4730/4429
f 4394/4695/4394 4419/4721/4419 4423/4725/4423
f 4430/4731/4430 4394/4695/4394 4423/4725/4423
f 3939/4207/3939 4430/4731/4430 4432/4732/4432
f 4392/4693/4392 4430/4731/4430 3939/4207/3939
f 4429/4730/4429 4431/4733/4431 4430/4731/4430
f 4431/4733/4431 4432/4732/4432 4430/4731/4430
f 4394/4695/4394 4430/4731/4430 4392/4693/4392
f 4432/4732/4432 3937/4205/3937 3939/4207/3939
f 4431/4733/4431 4434/4734/4434 4432/4732/4432
f 4432/4732/4432 4433/4735/4433 4435/4736/4435
f 4433/4735/4433 4432/4732/4432 4434/4734/4434
f 4432/4732/4432 4435/4736/4435 3937/4205/3937
f 4437/4737/4437 4435/4736/4435 4436/4738/4436
f 4433/4735/4433 4436/4738/4436 4435/4736/4435
f 4435/4736/4435 4437/4737/4437 3935/4202/3935
f 4435/4736/4435 3935/4202/3935 3937/4205/3937
f 3930/4739/3930 4437/4737/4437 4438/4740/4438
f 4436/4738/4436 4438/4740/4438 4437/4737/4437
f 3935/4202/3935 4437/4737/4437 3929/4203/3929
f 4437/4737/4437 3930/4739/3930 3929/4203/3929
f 4439/4741/4439 4438/4740/4438 4436/4738/4436
f 4439/4742/4439 4440/4743/4440 4438/4744/4438
f 3924/4187/3924 3930/4195/3930 4438/4744/4438
f 4438/4744/4438 4441/4745/4441 3924/4187/3924
f 4440/4743/4440 4441/4745/4441 4438/4744/4438
f 4442/4746/4442 4441/4745/4441 4440/4743/4440
f 4441/4745/4441 4442/4746/4442 4443/4747/4443
f 4441/4745/4441 4443/4747/4443 3923/4188/3923
f 3923/4188/3923 3924/4187/3924 4441/4745/4441
f 4443/4747/4443 3915/4180/3915 3923/4188/3923
f 3912/4177/3912 3915/4180/3915 4443/4747/4443
f 4442/4746/4442 4444/4748/4444 4443/4747/4443
f 3912/4177/3912 4443/4747/4443 4444/4748/4444
f 4444/4748/4444 4442/4746/4442 4447/4749/4447
f 4444/4748/4444 4445/4750/4445 3912/4177/3912
f 4445/4750/4445 4444/4748/4444 4446/4751/4446
f 4444/4748/4444 4447/4749/4447 4446/4751/4446
f 4447/4749/4447 4450/4752/4450 4448/4753/4448
f 285/303/285 4447/4749/4447 4448/4753/4448
f 4447/4749/4447 285/303/285 4446/4751/4446
f 4440/4743/4440 4449/4754/4449 4447/4749/4447
f 4450/4752/4450 4447/4749/4447 4449/4754/4449
f 4440/4743/4440 4447/4749/4447 4442/4746/4442
f 4451/4755/4451 4448/4753/4448 4450/4752/4450
f 4451/4755/4451 4450/4752/4450 4453/4756/4453
f 4452/4757/4452 4450/4752/4450 4449/4754/4449
f 4450/4752/4450 4452/4757/4452 4453/4756/4453
f 4451/4755/4451 4453/4756/4453 4454/4758/4454
f 4453/4759/4453 4455/4760/4455 4454/4761/4454
f 4453/4759/4453 4452/4762/4452 4456/4763/4456
f 4453/4759/4453 4456/4763/4456 4455/4760/4455
f 4456/4763/4456 4452/4762/4452 4458/4764/4458
f 4455/4760/4455 4456/4763/4456 4457/4765/4457
f 4456/4763/4456 4459/4766/4459 4457/4765/4457
f 4456/4763/4456 4458/4764/4458 4459/4766/4459
f 4426/4727/4426 4459/4766/4459 4427/4728/4427
f 4460/4767/4460 4459/4766/4459 4426/4727/4426
f 4460/4767/4460 4457/4765/4457 4459/4766/4459
f 4427/4728/4427 4459/4766/4459 4458/4764/4458
f 4461/4768/4461 4460/4767/4460 4426/4727/4426
f 4461/4768/4461 4462/4769/4462 4460/4767/4460
f 4457/4765/4457 4460/4767/4460 4455/4760/4455
f 4455/4760/4455 4460/4767/4460 4462/4769/4462
f 4461/4768/4461 229/233/229 4462/4769/4462
f 229/233/229 230/234/230 4462/4769/4462
f 4462/4769/4462 4463/4770/4463 4455/4760/4455
f 230/234/230 4463/4770/4463 4462/4769/4462
f 234/240/234 280/4771/280 4463/4770/4463
f 234/240/234 4463/4770/4463 230/234/230
f 4463/4770/4463 280/4771/280 4455/4760/4455
f 223/226/223 4461/4768/4461 220/224/220
f 4461/4768/4461 223/226/223 229/233/229
f 220/224/220 4461/4768/4461 4426/4727/4426
f 4458/4764/4458 4452/4762/4452 4464/4772/4464
f 4458/4764/4458 4464/4772/4464 4465/4773/4465
f 4427/4728/4427 4458/4764/4458 4465/4773/4465
f 4428/4729/4428 4427/4728/4427 4465/4773/4465
f 4431/4733/4431 4428/4729/4428 4465/4773/4465
f 4466/4774/4466 4465/4773/4465 4467/4775/4467
f 4466/4774/4466 4434/4734/4434 4465/4773/4465
f 4434/4734/4434 4431/4733/4431 4465/4773/4465
f 4465/4773/4465 4464/4772/4464 4467/4775/4467
f 4467/4775/4467 4464/4772/4464 4452/4762/4452
f 4452/4757/4452 4449/4754/4449 4467/4776/4467
f 4449/4754/4449 4440/4743/4440 4467/4776/4467
f 4440/4743/4440 4439/4742/4439 4467/4776/4467
f 4467/4775/4467 4439/4741/4439 4466/4774/4466
f 4466/4774/4466 4439/4741/4439 4434/4734/4434
f 280/4771/280 4454/4761/4454 4455/4760/4455
f 282/295/282 4451/4755/4451 4454/4758/4454
f 4454/4758/4454 280/296/280 282/295/282
f 282/295/282 286/301/286 4451/4755/4451
f 285/303/285 4451/4755/4451 286/301/286
f 4451/4755/4451 285/303/285 4448/4753/4448
f 4445/4750/4445 4446/4751/4446 287/302/287
f 285/303/285 287/302/287 4446/4751/4446
f 4445/4750/4445 3911/4175/3911 3912/4177/3912
f 296/312/296 3911/4175/3911 4445/4750/4445
f 296/312/296 4445/4750/4445 287/302/287
f 4433/4735/4433 4434/4734/4434 4439/4741/4439
f 4436/4738/4436 4433/4735/4433 4439/4741/4439
f 4429/4730/4429 4428/4729/4428 4431/4733/4431
f 4421/4722/4421 221/223/221 4426/4727/4426
f 221/223/221 220/224/220 4426/4727/4426
f 4426/4727/4426 4422/4724/4422 4421/4722/4421
f 4421/4722/4421 216/221/216 221/223/221
f 4394/4695/4394 4395/4696/4395 4419/4721/4419
f 217/222/217 4417/4717/4417 218/219/218
f 4469/4777/4469 4417/4717/4417 4468/4778/4468
f 4411/4713/4411 4468/4778/4468 4417/4717/4417
f 4417/4717/4417 4469/4777/4469 218/219/218
f 4468/4778/4468 1540/1646/1540 4469/4777/4469
f 1540/1646/1540 218/219/218 4469/4777/4469
f 1540/1646/1540 4468/4778/4468 1539/1645/1539
f 1539/1645/1539 4468/4778/4468 1548/1654/1548
f 4412/4714/4412 1548/1654/1548 4468/4778/4468
f 4468/4778/4468 4411/4713/4411 4412/4714/4412
f 4406/4707/4406 4470/4779/4470 4409/4711/4409
f 4409/4711/4409 4470/4779/4470 4471/4780/4471
f 4409/4711/4409 4471/4780/4471 1556/1661/1556
f 4471/4780/4471 1557/1662/1557 1556/1661/1556
f 1566/1672/1566 1557/1662/1557 4471/4780/4471
f 1566/1672/1566 4471/4780/4471 4470/4779/4470
f 4404/4705/4404 4470/4779/4470 4406/4707/4406
f 4404/4705/4404 1578/1684/1578 4470/4779/4470
f 4470/4779/4470 1578/1684/1578 4472/4781/4472
f 1566/1672/1566 4470/4779/4470 4472/4781/4472
f 4472/4781/4472 1568/1673/1568 1566/1672/1566
f 1568/1673/1568 4472/4781/4472 1578/1684/1578
f 4403/4704/4403 1578/1684/1578 4404/4705/4404
f 4403/4704/4403 4401/4703/4401 1582/1688/1582
f 1578/1684/1578 4403/4704/4403 1582/1688/1582
f 4386/4688/4386 1581/1686/1581 4401/4703/4401
f 4401/4703/4401 1581/1686/1581 1582/1688/1582
f 3942/4209/3942 4385/4686/4385 3940/4206/3940
f 3932/4196/3932 3927/4191/3927 3928/4193/3928
f 3916/4181/3916 3923/4188/3923 3915/4180/3915
f 295/311/295 3911/4175/3911 296/312/296
f 295/311/295 3908/4172/3908 3911/4175/3911
f 3908/4172/3908 299/315/299 303/318/303
f 299/315/299 3908/4172/3908 295/311/295
f 3893/4156/3893 3892/4157/3892 4473/4782/4473
f 3891/4155/3891 3893/4156/3893 4474/4783/4474
f 3893/4156/3893 4473/4782/4473 4475/4784/4475
f 4474/4783/4474 3893/4156/3893 4475/4784/4475
f 620/668/620 4474/4783/4474 4475/4784/4475
f 317/333/317 614/661/614 4475/4784/4475
f 317/333/317 4475/4784/4475 314/329/314
f 4475/4784/4475 4473/4782/4473 314/329/314
f 614/661/614 620/668/620 4475/4784/4475
f 619/667/619 3891/4155/3891 4474/4783/4474
f 620/668/620 619/667/619 4474/4783/4474
f 4473/4782/4473 3892/4157/3892 314/329/314
f 3891/4155/3891 619/667/619 3887/4151/3887
f 622/670/622 626/672/626 3887/4151/3887
f 619/667/619 622/670/622 3887/4151/3887
f 3869/4130/3869 3866/4127/3866 3879/4143/3879
f 3869/4130/3869 3871/4132/3871 3866/4127/3866
f 3863/4121/3863 3870/4134/3870 646/698/646
f 646/698/646 653/704/653 3863/4121/3863
f 3821/4079/3821 3861/4119/3861 3822/4080/3822
f 660/709/660 3825/4084/3825 656/707/656
f 654/705/654 656/707/656 3825/4084/3825
f 653/704/653 654/705/654 3825/4084/3825
f 3801/4060/3801 3818/4077/3818 3815/4073/3815
f 3801/4060/3801 3815/4073/3815 3800/4058/3800
f 761/813/761 760/810/760 3812/4070/3812
f 769/821/769 3808/4066/3808 3812/4070/3812
f 769/821/769 3812/4070/3812 760/810/760
f 3810/4069/3810 3802/4059/3802 3800/4058/3800
f 3789/4043/3789 3792/4049/3792 3773/4023/3773
f 3789/4043/3789 3773/4023/3773 3787/4045/3787
f 3772/4022/3772 3787/4045/3787 3773/4023/3773
f 3772/4022/3772 3780/4033/3780 3787/4045/3787
f 3785/4039/3785 2585/2754/2585 2584/2753/2584
f 3781/4036/3781 2586/2751/2586 2585/2754/2585
f 3772/4022/3772 3776/4026/3776 3780/4033/3780
f 3778/4029/3778 2609/2783/2609 2607/2782/2607
f 2610/2784/2610 2609/2783/2609 3778/4029/3778
f 773/824/773 772/826/772 3773/4023/3773
f 2615/2789/2615 2614/2788/2614 3769/4019/3769
f 2646/2825/2646 2642/2821/2642 3764/4014/3764
f 2618/2792/2618 2639/2818/2639 2621/2794/2621
f 2633/2812/2633 2635/2813/2635 2638/2816/2638
f 2620/2795/2620 2621/2794/2621 2630/2809/2630
f 2620/2795/2620 2630/2809/2630 2626/2801/2626
f 2602/2772/2602 2624/2805/2624 2600/2770/2600
f 2589/2757/2589 2583/2750/2583 2606/2776/2606
f 2606/2776/2606 2583/2750/2583 2586/2751/2586
f 2572/2740/2572 2573/2739/2573 2577/2743/2577
f 2560/2728/2560 2538/2704/2538 2557/2725/2557
f 2536/2703/2536 2557/2725/2557 2538/2704/2538
f 2552/2720/2552 2555/2722/2555 2553/2721/2553
f 2500/2660/2500 2487/2647/2487 2488/2648/2488
f 2476/2638/2476 2490/2650/2490 2482/2643/2482
f 2462/2622/2462 2392/2547/2392 2464/2625/2464
f 2392/2547/2392 2462/2622/2462 2399/2553/2399
f 2405/2559/2405 2461/2621/2461 4476/4785/4476
f 2405/2559/2405 2403/2557/2403 2461/2621/2461
f 4476/4785/4476 2461/2621/2461 2441/2600/2441
f 2441/2600/2441 2461/2621/2461 2458/2618/2458
f 2461/2621/2461 2403/2557/2403 2399/2553/2399
f 2407/2560/2407 2405/2559/2405 4476/4785/4476
f 2407/2560/2407 4476/4785/4476 4477/4786/4477
f 2441/2600/2441 4477/4786/4477 4476/4785/4476
f 2429/2599/2429 2427/4787/2427 4477/4786/4477
f 2427/4787/2427 2407/2560/2407 4477/4786/4477
f 2441/2600/2441 2429/2599/2429 4477/4786/4477
f 2441/2600/2441 2458/2618/2458 2459/2620/2459
f 2442/2601/2442 2459/2620/2459 2451/2611/2451
f 2441/2600/2441 2459/2620/2459 2442/2601/2442
f 2451/2611/2451 2444/2604/2444 2442/2601/2442
f 2446/3190/2446 2439/2595/2439 2438/2597/2438
f 2407/2561/2407 2427/2584/2427 2409/2565/2409
f 2422/2579/2422 2412/2568/2412 2410/2566/2410
f 2422/2579/2422 2410/2566/2410 2409/2565/2409
f 2396/3419/2396 2401/2570/2401 2414/2571/2414
f 2401/2554/2401 2396/2551/2396 2397/2550/2397
f 2395/2549/2395 2401/2554/2401 2397/2550/2397
f 2386/2538/2386 2374/2522/2374 2376/2526/2376
f 2373/2523/2373 2369/2520/2369 2366/2516/2366
f 1029/1108/1029 2349/2501/2349 1026/1106/1026
f 2348/2499/2348 1047/1130/1047 2343/2493/2343
f 1036/1116/1036 1047/1130/1047 2348/2499/2348
f 1033/1112/1033 1036/1116/1036 2348/2499/2348
f 1033/1112/1033 2348/2499/2348 1031/1109/1031
f 2339/2490/2339 2287/2432/2287 2286/2431/2286
f 2261/2403/2261 2260/2402/2260 2271/2416/2271
f 2254/2395/2254 2222/2398/2222 2225/4788/2225
f 2254/2395/2254 2240/2386/2240 2246/2387/2246
f 2225/4788/2225 2240/2386/2240 2254/2395/2254
f 2242/2382/2242 2244/2381/2244 2248/4496/2248
f 2222/2398/2222 2201/2333/2201 2204/2335/2204
f 2203/4789/2203 2218/2352/2218 2220/2356/2220
f 2203/4789/2203 2220/2356/2220 2204/2357/2204
f 2214/2350/2214 2218/2352/2218 2203/4789/2203
f 2203/2336/2203 2205/2337/2205 2214/2349/2214
f 2181/2313/2181 2208/2340/2208 2183/2314/2183
f 2182/4450/2182 1981/2105/1981 1982/2104/1982
f 2176/2308/2176 2163/2297/2163 2175/2309/2175
f 2163/2297/2163 2176/2308/2176 2158/2292/2158
f 2175/2309/2175 2163/2297/2163 2170/2303/2170
f 2172/2304/2172 1984/2108/1984 1981/2107/1981
f 2164/2296/2164 2170/2303/2170 2163/2297/2163
f 2169/2301/2169 4479/4790/4479 4478/4791/4478
f 4478/4791/4478 1991/2117/1991 2169/2301/2169
f 1991/2117/1991 1989/2115/1989 2169/2301/2169
f 2167/2299/2167 4479/4790/4479 2169/2301/2169
f 4479/4790/4479 2167/2299/2167 4483/4792/4483
f 4479/4790/4479 4480/4793/4480 4478/4791/4478
f 4480/4793/4480 4479/4790/4479 4482/4794/4482
f 4479/4790/4479 4481/4795/4481 4482/4794/4482
f 4479/4790/4479 4483/4792/4483 4481/4795/4481
f 4483/4792/4483 2109/2243/2109 4484/4796/4484
f 2109/2243/2109 4483/4792/4483 2113/2245/2113
f 4481/4795/4481 4483/4792/4483 4484/4796/4484
f 2113/2245/2113 4483/4792/4483 2167/2299/2167
f 4484/4796/4484 4488/4797/4488 4485/4798/4485
f 4485/4798/4485 4486/4799/4486 4484/4796/4484
f 4487/4800/4487 4484/4796/4484 4486/4799/4486
f 4487/4800/4487 4481/4795/4481 4484/4796/4484
f 4484/4796/4484 2109/2243/2109 4488/4797/4488
f 2110/2241/2110 4490/4801/4490 4488/4797/4488
f 4488/4797/4488 2109/2243/2109 2110/2241/2110
f 4485/4798/4485 4488/4797/4488 4489/4802/4489
f 4489/4802/4489 4488/4797/4488 4490/4801/4490
f 4490/4801/4490 2110/2241/2110 4492/4803/4492
f 4489/4802/4489 4490/4801/4490 4491/4804/4491
f 4491/4804/4491 4490/4801/4490 4493/4805/4493
f 4492/4803/4492 4493/4805/4493 4490/4801/4490
f 4493/4805/4493 4492/4803/4492 4494/4806/4494
f 4493/4805/4493 4494/4806/4494 4496/4807/4496
f 4495/4808/4495 4491/4804/4491 4493/4805/4493
f 4497/4809/4497 4495/4808/4495 4493/4805/4493
f 4493/4805/4493 4496/4807/4496 4497/4809/4497
f 2085/2216/2085 4498/4810/4498 4497/4809/4497
f 4499/4811/4499 4497/4809/4497 4498/4810/4498
f 2085/2216/2085 4497/4809/4497 4496/4807/4496
f 4495/4808/4495 4497/4809/4497 4499/4811/4499
f 4500/4812/4500 4499/4811/4499 4498/4810/4498
f 4500/4812/4500 4501/4813/4501 4499/4811/4499
f 4491/4804/4491 4499/4811/4499 4501/4813/4501
f 4499/4811/4499 4491/4804/4491 4495/4808/4495
f 4502/4814/4502 4501/4813/4501 4500/4812/4500
f 4503/4815/4503 4501/4813/4501 4502/4814/4502
f 4503/4815/4503 4504/4816/4504 4501/4813/4501
f 4501/4813/4501 4489/4802/4489 4491/4804/4491
f 4501/4813/4501 4504/4816/4504 4489/4802/4489
f 4485/4798/4485 4489/4802/4489 4504/4816/4504
f 4504/4816/4504 4486/4799/4486 4485/4798/4485
f 4503/4815/4503 4486/4799/4486 4504/4816/4504
f 4502/4814/4502 2021/2153/2021 4503/4815/4503
f 2019/2152/2019 4486/4799/4486 4503/4815/4503
f 2019/2152/2019 4503/4815/4503 2021/2153/2021
f 2034/2164/2034 2027/2160/2027 4502/4814/4502
f 4502/4814/4502 4500/4812/4500 2034/2164/2034
f 4502/4814/4502 2027/2160/2027 2021/2153/2021
f 4500/4812/4500 2031/2165/2031 2034/2164/2034
f 4498/4810/4498 2063/2195/2063 4500/4812/4500
f 2063/2195/2063 2031/2165/2031 4500/4812/4500
f 4505/4817/4505 4498/4810/4498 2085/2216/2085
f 4505/4817/4505 2063/2195/2063 4498/4810/4498
f 4505/4817/4505 2085/2216/2085 2081/2214/2081
f 2081/2214/2081 4506/4818/4506 4505/4817/4505
f 2063/2195/2063 4505/4817/4505 2064/2198/2064
f 2064/2198/2064 4505/4817/4505 4506/4818/4506
f 2064/2198/2064 4506/4818/4506 2065/2196/2065
f 2062/2197/2062 2065/2196/2065 4506/4818/4506
f 4506/4818/4506 2073/2205/2073 2062/2197/2062
f 4506/4818/4506 2081/2214/2081 2073/2205/2073
f 4496/4807/4496 4507/4819/4507 4508/4820/4508
f 4496/4807/4496 4494/4806/4494 4507/4819/4507
f 2085/2216/2085 4496/4807/4496 4508/4820/4508
f 4508/4820/4508 4507/4819/4507 4509/4821/4509
f 4508/4820/4508 4509/4821/4509 2084/2217/2084
f 4508/4820/4508 2084/2217/2084 2085/2216/2085
f 4509/4821/4509 2101/2233/2101 2090/2223/2090
f 2090/2223/2090 2087/2219/2087 4509/4821/4509
f 2084/2217/2084 4509/4821/4509 2087/2219/2087
f 4507/4819/4507 2100/2232/2100 4509/4821/4509
f 2101/2233/2101 4509/4821/4509 2100/2232/2100
f 2106/2238/2106 4507/4819/4507 4494/4806/4494
f 2106/2238/2106 2100/2232/2100 4507/4819/4507
f 4494/4806/4494 4492/4803/4492 2107/2239/2107
f 4494/4806/4494 2107/2239/2107 2106/2238/2106
f 4492/4803/4492 2110/2241/2110 2107/2239/2107
f 4487/4800/4487 4482/4794/4482 4481/4795/4481
f 4510/4822/4510 4482/4794/4482 4487/4800/4487
f 4487/4800/4487 2010/2141/2010 4510/4822/4510
f 4486/4799/4486 2019/2152/2019 4487/4800/4487
f 2019/2152/2019 2010/2141/2010 4487/4800/4487
f 4510/4822/4510 4480/4793/4480 4482/4794/4482
f 4510/4822/4510 1995/2121/1995 4480/4793/4480
f 4510/4822/4510 2010/2141/2010 1995/2121/1995
f 1992/2118/1992 4480/4793/4480 1995/2121/1995
f 1992/2118/1992 4478/4791/4478 4480/4793/4480
f 1992/2118/1992 1991/2117/1991 4478/4791/4478
f 2163/2297/2163 2158/2292/2158 2159/2293/2159
f 2129/2261/2129 2160/2289/2160 2130/2262/2130
f 2157/2291/2157 2160/2289/2160 2129/2261/2129
f 2157/2291/2157 2129/2261/2129 2116/2248/2116
f 2148/2280/2148 2138/2270/2138 2136/2269/2136
f 2135/2268/2135 2148/2280/2148 2136/2269/2136
f 2129/2261/2129 2123/2254/2123 2116/2248/2116
f 2097/2229/2097 2122/2255/2122 2125/2256/2125
f 2122/2255/2122 2097/2229/2097 2103/2237/2103
f 2103/2237/2103 2120/2252/2120 2122/2255/2122
f 2103/2237/2103 2104/2236/2104 2120/2252/2120
f 2096/2228/2096 2103/2237/2103 2097/2229/2097
f 2090/2223/2090 2094/2227/2094 2091/2222/2091
f 2081/2214/2081 2074/2207/2074 2073/2205/2073
f 2078/2211/2078 4511/4823/4511 2072/2204/2072
f 2078/2211/2078 1294/1390/1294 4511/4823/4511
f 1293/1388/1293 4511/4823/4511 1294/1390/1294
f 4511/4823/4511 1293/1388/1293 1296/1391/1296
f 4511/4823/4511 1296/1391/1296 1303/1399/1303
f 2072/2204/2072 4511/4823/4511 4512/4824/4512
f 4513/4825/4513 4512/4824/4512 4511/4823/4511
f 4511/4823/4511 1303/1399/1303 4513/4825/4513
f 1303/1399/1303 1305/1400/1305 4513/4825/4513
f 4514/4826/4514 4513/4825/4513 1305/1400/1305
f 4512/4824/4512 4513/4825/4513 2071/2203/2071
f 4514/4826/4514 2071/2203/2071 4513/4825/4513
f 4514/4826/4514 1316/1411/1316 1320/1416/1320
f 4514/4826/4514 1320/1416/1320 2071/2203/2071
f 4514/4826/4514 1305/1400/1305 1316/1411/1316
f 4512/4824/4512 2071/2203/2071 2072/2204/2072
f 2069/2201/2069 4516/4827/4516 4515/4828/4515
f 4515/4828/4515 2067/2199/2067 2069/2201/2069
f 1322/1417/1322 4516/4827/4516 2069/2201/2069
f 1322/1417/1322 2069/2201/2069 1318/1413/1318
f 2069/2201/2069 1319/1414/1319 1318/1413/1318
f 2053/2186/2053 4517/4829/4517 4516/4827/4516
f 4515/4828/4515 4516/4827/4516 4517/4829/4517
f 1322/1417/1322 4520/4830/4520 4516/4827/4516
f 4518/4831/4518 4516/4827/4516 4520/4830/4520
f 4518/4831/4518 4519/4832/4519 4516/4827/4516
f 4516/4827/4516 4519/4832/4519 2053/2186/2053
f 4520/4830/4520 1323/1418/1323 4521/4833/4521
f 4518/4831/4518 4520/4830/4520 4521/4833/4521
f 1323/1418/1323 4520/4830/4520 1322/1417/1322
f 1363/1459/1363 4521/4833/4521 1325/1422/1325
f 4521/4833/4521 1323/1418/1323 1325/1422/1325
f 4522/4834/4522 4521/4833/4521 1363/1459/1363
f 4522/4834/4522 4518/4831/4518 4521/4833/4521
f 4519/4832/4519 4518/4831/4518 4522/4834/4522
f 4519/4832/4519 4522/4834/4522 4523/4835/4523
f 1362/1458/1362 4522/4834/4522 1363/1459/1363
f 1362/1458/1362 4524/4836/4524 4522/4834/4522
f 4524/4836/4524 4523/4835/4523 4522/4834/4522
f 1365/1460/1365 4524/4836/4524 1362/1458/1362
f 1365/1460/1365 4525/4837/4525 4524/4836/4524
f 4523/4835/4523 4524/4836/4524 4525/4837/4525
f 4525/4837/4525 2053/2186/2053 4519/4832/4519
f 4525/4837/4525 4519/4832/4519 4523/4835/4523
f 2050/2183/2050 2053/2186/2053 4525/4837/4525
f 4525/4837/4525 1365/1460/1365 2050/2183/2050
f 2054/2187/2054 4517/4829/4517 2053/2186/2053
f 4517/4829/4517 2054/2187/2054 2067/2199/2067
f 2067/2199/2067 4515/4828/4515 4517/4829/4517
f 2067/2199/2067 2054/2187/2054 2060/2193/2060
f 2056/2189/2056 2031/2165/2031 2063/2195/2063
f 2031/2165/2031 2056/2189/2056 2057/2188/2057
f 2031/2165/2031 2057/2188/2057 2032/2166/2032
f 2057/2188/2057 2040/2172/2040 2032/2166/2032
f 2042/2175/2042 2040/2172/2040 2057/2188/2057
f 2050/2183/2050 1365/1460/1365 1366/1461/1366
f 2048/2179/2048 4527/4838/4527 2044/2177/2044
f 4526/4839/4526 2048/2179/2048 1848/1957/1848
f 2048/2179/2048 4526/4839/4526 4527/4838/4527
f 4526/4839/4526 4528/4840/4528 4527/4838/4527
f 4527/4838/4527 4528/4840/4528 2044/2177/2044
f 4529/4841/4529 4528/4840/4528 4530/4842/4530
f 4528/4840/4528 4529/4841/4529 2038/2170/2038
f 4528/4840/4528 2039/2171/2039 4532/4843/4532
f 4528/4840/4528 2038/2170/2038 2039/2171/2039
f 4531/4844/4531 4530/4842/4530 4528/4840/4528
f 4526/4839/4526 4531/4844/4531 4528/4840/4528
f 4528/4840/4528 4532/4843/4532 2044/2177/2044
f 2039/2171/2039 2044/2177/2044 4532/4843/4532
f 4534/4845/4534 4533/4846/4533 4531/4844/4531
f 4531/4844/4531 4533/4846/4533 4530/4842/4530
f 4531/4844/4531 4526/4839/4526 4534/4845/4534
f 4535/4847/4535 4533/4846/4533 4534/4845/4534
f 4536/4848/4536 4535/4847/4535 4534/4845/4534
f 4536/4848/4536 4534/4845/4534 4526/4839/4526
f 1850/1956/1850 1849/1959/1849 4536/4848/4536
f 4536/4848/4536 1849/1959/1849 4535/4847/4535
f 1850/1956/1850 4536/4848/4536 1848/1957/1848
f 4526/4839/4526 1848/1957/1848 4536/4848/4536
f 1861/1967/1861 4533/4846/4533 4535/4847/4535
f 1861/1967/1861 4535/4847/4535 1849/1959/1849
f 4537/4849/4537 4533/4846/4533 1861/1967/1861
f 4533/4846/4533 4537/4849/4537 4538/4850/4538
f 4533/4846/4533 4538/4850/4538 4530/4842/4530
f 4539/4851/4539 4538/4850/4538 1864/1972/1864
f 4540/4852/4540 4538/4850/4538 4539/4851/4539
f 4537/4849/4537 1864/1972/1864 4538/4850/4538
f 4541/4853/4541 4530/4842/4530 4538/4850/4538
f 4540/4852/4540 4541/4853/4541 4538/4850/4538
f 4541/4853/4541 2036/2168/2036 4529/4841/4529
f 4541/4853/4541 4542/4854/4542 2036/2168/2036
f 4540/4852/4540 4542/4854/4542 4541/4853/4541
f 4541/4853/4541 4529/4841/4529 4530/4842/4530
f 4544/4855/4544 2036/2168/2036 4542/4854/4542
f 4543/4856/4543 4542/4854/4542 4540/4852/4540
f 4543/4856/4543 4544/4855/4544 4542/4854/4542
f 2030/2163/2030 4544/4855/4544 4545/4857/4545
f 4544/4855/4544 2030/2163/2030 2036/2168/2036
f 1907/2027/1907 1906/2026/1906 4544/4855/4544
f 1906/2026/1906 4545/4857/4545 4544/4855/4544
f 1907/2027/1907 4544/4855/4544 4543/4856/4543
f 2023/2156/2023 4545/4857/4545 4546/4858/4546
f 2023/2156/2023 2026/2158/2026 4545/4857/4545
f 1906/2026/1906 4546/4858/4546 4545/4857/4545
f 4545/4857/4545 2026/2158/2026 2030/2163/2030
f 1906/2026/1906 1905/2025/1905 4546/4858/4546
f 4546/4858/4546 1905/2025/1905 2023/2156/2023
f 4540/4852/4540 4547/4859/4547 4543/4856/4543
f 4547/4859/4547 1902/2023/1902 4543/4856/4543
f 1902/2023/1902 1907/2027/1907 4543/4856/4543
f 4548/4860/4548 4547/4859/4547 4539/4851/4539
f 4548/4860/4548 1902/2023/1902 4547/4859/4547
f 4539/4851/4539 4547/4859/4547 4540/4852/4540
f 1891/2008/1891 1903/2022/1903 4548/4860/4548
f 1903/2022/1903 1902/2023/1902 4548/4860/4548
f 1891/2008/1891 4548/4860/4548 1863/1971/1863
f 4548/4860/4548 4539/4851/4539 1863/1971/1863
f 1863/1971/1863 4539/4851/4539 1864/1972/1864
f 1861/1967/1861 1864/1972/1864 4537/4849/4537
f 4529/4841/4529 2036/2168/2036 2038/2170/2038
f 1367/1462/1367 1369/1464/1369 2047/2180/2047
f 2047/2180/2047 1369/1464/1369 1842/1951/1842
f 2047/2180/2047 1842/1951/1842 1848/1957/1848
f 2032/2166/2032 2040/2172/2040 2033/2167/2033
f 2034/2164/2034 2028/2161/2028 2027/2160/2027
f 1905/2025/1905 1910/2029/1910 2024/2155/2024
f 2018/2150/2018 2024/2155/2024 2012/2144/2012
f 2024/2155/2024 2013/2145/2013 2012/2144/2012
f 2024/2155/2024 1910/2029/1910 2013/2145/2013
f 1910/2029/1910 1911/2030/1911 2013/2145/2013
f 1911/2030/1911 1914/2033/1914 2013/2145/2013
f 1946/2069/1946 2004/2133/2004 1947/2070/1947
f 1998/2128/1998 2001/2130/2001 4549/4861/4549
f 4549/4861/4549 2001/2130/2001 1952/2073/1952
f 1952/2073/1952 1951/2074/1951 4549/4861/4549
f 4549/4861/4549 4550/4862/4550 1998/2128/1998
f 4549/4861/4549 1951/2074/1951 4550/4862/4550
f 4550/4862/4550 4551/4863/4551 1987/2113/1987
f 4550/4862/4550 1987/2113/1987 1998/2128/1998
f 4551/4863/4551 4550/4862/4550 1959/2082/1959
f 1951/2074/1951 1959/2082/1959 4550/4862/4550
f 1987/2113/1987 4551/4863/4551 1979/2101/1979
f 4551/4863/4551 1977/2097/1977 1979/2101/1979
f 1958/2081/1958 4551/4863/4551 1959/2082/1959
f 1977/2097/1977 4551/4863/4551 1958/2081/1958
f 1998/2128/1998 1987/2113/1987 1986/2114/1986
f 1998/2128/1998 1986/2114/1986 1993/2126/1993
f 1977/2097/1977 1958/2081/1958 1968/2091/1968
f 1971/2092/1971 1973/2095/1973 1972/2096/1972
f 1972/2096/1972 1694/1800/1694 1971/2092/1971
f 1972/2096/1972 1966/2088/1966 1965/2087/1965
f 1972/2096/1972 4552/4864/4552 1694/1800/1694
f 1965/2087/1965 4552/4864/4552 1972/2096/1972
f 1694/1800/1694 4552/4864/4552 1695/1801/1695
f 1706/1812/1706 1695/1801/1695 4552/4864/4552
f 4552/4864/4552 1965/2087/1965 1706/1812/1706
f 1971/2092/1971 1690/1795/1690 1970/2093/1970
f 1971/2092/1971 1694/1800/1694 1690/1795/1690
f 1968/2091/1968 1958/2081/1958 1957/2080/1957
f 1962/2085/1962 4553/4865/4553 1965/2087/1965
f 4553/4865/4553 1706/1812/1706 1965/2087/1965
f 4554/4866/4554 4553/4865/4553 1962/2085/1962
f 4554/4866/4554 1705/1811/1705 4553/4865/4553
f 4553/4865/4553 1705/1811/1705 1706/1812/1706
f 4554/4866/4554 4555/4867/4555 1705/1811/1705
f 1962/2085/1962 1961/2084/1961 4554/4866/4554
f 4555/4867/4555 4554/4866/4554 1961/2084/1961
f 4555/4867/4555 1710/1816/1710 1705/1811/1705
f 4556/4868/4556 1710/1816/1710 4555/4867/4555
f 4557/4869/4557 4556/4868/4556 4555/4867/4555
f 4557/4869/4557 4555/4867/4555 1961/2084/1961
f 4557/4869/4557 1961/2084/1961 1963/2083/1963
f 4558/4870/4558 4557/4869/4557 1963/2083/1963
f 4557/4869/4557 4558/4870/4558 4559/4871/4559
f 4556/4868/4556 4557/4869/4557 4559/4871/4559
f 1937/2060/1937 4559/4871/4559 4558/4870/4558
f 1937/2060/1937 1938/2059/1938 4559/4871/4559
f 4560/4872/4560 4559/4871/4559 1938/2059/1938
f 4559/4871/4559 4560/4872/4560 4556/4868/4556
f 4560/4872/4560 1938/2059/1938 4561/4873/4561
f 4561/4873/4561 4562/4874/4562 4560/4872/4560
f 4560/4872/4560 1710/1816/1710 4556/4868/4556
f 1709/1813/1709 4560/4872/4560 4562/4874/4562
f 1710/1816/1710 4560/4872/4560 1709/1813/1709
f 1763/1867/1763 4562/4874/4562 4561/4873/4561
f 1763/1867/1763 1760/1865/1760 4562/4874/4562
f 4562/4874/4562 1760/1865/1760 4564/4875/4564
f 4562/4874/4562 4563/4876/4563 1709/1813/1709
f 4563/4876/4563 4562/4874/4562 4564/4875/4564
f 1719/1825/1719 1717/1822/1717 4564/4875/4564
f 4564/4875/4564 1717/1822/1717 1715/1821/1715
f 4564/4875/4564 1715/1821/1715 1708/1814/1708
f 4563/4876/4563 4564/4875/4564 1708/1814/1708
f 4564/4875/4564 1760/1865/1760 1719/1825/1719
f 1708/1814/1708 1709/1813/1709 4563/4876/4563
f 4561/4873/4561 1939/2062/1939 1763/1867/1763
f 1939/2062/1939 4561/4873/4561 1938/2059/1938
f 4558/4870/4558 1954/2076/1954 1949/2071/1949
f 1943/2064/1943 4558/4870/4558 1949/2071/1949
f 1943/2064/1943 1937/2060/1937 4558/4870/4558
f 1955/2077/1955 1954/2076/1954 4558/4870/4558
f 4558/4870/4558 1963/2083/1963 1955/2077/1955
f 1943/2064/1943 1949/2071/1949 1942/2065/1942
f 1763/1867/1763 1939/2062/1939 1767/1872/1767
f 1767/1872/1767 1939/2062/1939 1769/1873/1769
f 1933/2057/1933 1769/1873/1769 1935/2056/1935
f 1774/1880/1774 1770/1876/1770 1934/2058/1934
f 4565/4877/4565 1774/1880/1774 1934/2058/1934
f 1934/2058/1934 1769/1873/1769 1933/2057/1933
f 4565/4877/4565 1934/2058/1934 1928/2050/1928
f 1934/2058/1934 1770/1876/1770 1769/1873/1769
f 4566/4878/4566 4565/4877/4565 4567/4879/4567
f 4566/4878/4566 1778/1883/1778 4565/4877/4565
f 1778/1883/1778 1774/1880/1774 4565/4877/4565
f 4567/4879/4567 4565/4877/4565 1928/2050/1928
f 4569/4880/4569 4566/4878/4566 4567/4879/4567
f 4568/4881/4568 4570/4882/4570 4567/4879/4567
f 4568/4881/4568 4567/4879/4567 1928/2050/1928
f 4569/4880/4569 4567/4879/4567 4571/4883/4571
f 4567/4879/4567 4570/4882/4570 4571/4883/4571
f 4573/4884/4573 4571/4883/4571 4572/4885/4572
f 4571/4883/4571 4570/4882/4570 4572/4885/4572
f 4573/4884/4573 1808/1913/1808 4571/4883/4571
f 1808/1913/1808 4569/4880/4569 4571/4883/4571
f 4573/4884/4573 1810/1914/1810 1808/1913/1808
f 4573/4884/4573 4574/4886/4574 1812/1918/1812
f 4574/4886/4574 4573/4884/4573 4572/4885/4572
f 4573/4884/4573 1812/1918/1812 1810/1914/1810
f 1817/1923/1817 4574/4886/4574 4575/4887/4575
f 1817/1923/1817 1812/1918/1812 4574/4886/4574
f 4574/4886/4574 4576/4888/4576 4575/4887/4575
f 4574/4886/4574 4572/4885/4572 4576/4888/4576
f 4572/4885/4572 4577/4889/4577 4576/4888/4576
f 4576/4888/4576 4577/4889/4577 1926/2047/1926
f 1899/2019/1899 4576/4888/4576 1926/2047/1926
f 4575/4887/4575 4576/4888/4576 1899/2019/1899
f 4570/4882/4570 4577/4889/4577 4572/4885/4572
f 4570/4882/4570 4568/4881/4568 4577/4889/4577
f 4577/4889/4577 4568/4881/4568 1925/2048/1925
f 1926/2047/1926 4577/4889/4577 1925/2048/1925
f 1893/2009/1893 4575/4887/4575 1899/2019/1899
f 1817/1923/1817 4575/4887/4575 1893/2009/1893
f 4569/4880/4569 4578/4890/4578 4566/4878/4566
f 4578/4890/4578 4569/4880/4569 4579/4891/4579
f 4579/4891/4579 4569/4880/4569 1808/1913/1808
f 4579/4891/4579 1808/1913/1808 1809/1915/1809
f 4579/4891/4579 4580/4892/4580 4578/4890/4578
f 4580/4892/4580 4579/4891/4579 4581/4893/4581
f 4581/4893/4581 4579/4891/4579 1809/1915/1809
f 1787/1892/1787 4580/4892/4580 4581/4893/4581
f 4581/4893/4581 1800/1906/1800 1787/1892/1787
f 1804/1907/1804 4581/4893/4581 1809/1915/1809
f 1804/1907/1804 1800/1906/1800 4581/4893/4581
f 4580/4892/4580 1786/1893/1786 1781/1886/1781
f 1781/1886/1781 1777/1882/1777 4580/4892/4580
f 4578/4890/4578 4580/4892/4580 1777/1882/1777
f 1787/1892/1787 1786/1893/1786 4580/4892/4580
f 4578/4890/4578 1777/1882/1777 1776/1881/1776
f 4566/4878/4566 4578/4890/4578 1776/1881/1776
f 1925/2048/1925 4568/4881/4568 1928/2050/1928
f 4566/4878/4566 1776/1881/1776 1778/1883/1778
f 1922/2046/1922 1929/2052/1929 1932/2054/1932
f 1898/2016/1898 1926/2047/1926 1920/2043/1920
f 1899/2019/1899 1926/2047/1926 1898/2016/1898
f 1898/2016/1898 1920/2043/1920 1896/2013/1896
f 1915/2036/1915 1919/2042/1919 1914/2034/1914
f 1908/2028/1908 1901/2021/1901 1897/2017/1897
f 1891/2008/1891 1890/2007/1890 1903/2022/1903
f 1893/2009/1893 1872/1983/1872 4582/4894/4582
f 1893/2009/1893 4582/4894/4582 1817/1923/1817
f 4582/4894/4582 1816/1921/1816 1817/1923/1817
f 1872/1983/1872 1816/1921/1816 4582/4894/4582
f 1863/1971/1863 1865/1973/1865 1891/2008/1891
f 1861/1967/1861 1849/1959/1849 1852/1961/1852
f 1836/1946/1836 1857/1966/1857 1837/1945/1837
f 1843/1950/1843 1840/1948/1840 1846/1954/1846
f 1374/1468/1374 1842/1951/1842 1369/1464/1369
f 1411/1507/1411 1831/1940/1831 1833/1941/1833
f 1411/1507/1411 1833/1941/1833 1402/1498/1402
f 1831/1940/1831 1411/1507/1411 1832/1942/1832
f 4583/4895/4583 1448/1547/1448 1832/1942/1832
f 1827/1933/1827 1832/1942/1832 1448/1547/1448
f 1832/1942/1832 1411/1507/1411 4583/4895/4583
f 4583/4895/4583 1447/1546/1447 1448/1547/1448
f 1410/1506/1410 4583/4895/4583 1411/1507/1411
f 1447/1546/1447 4583/4895/4583 1410/1506/1410
f 4584/4896/4584 1825/1931/1825 1827/1932/1827
f 1827/1933/1827 1448/1547/1448 1451/1553/1451
f 1451/1550/1451 4584/4896/4584 1827/1932/1827
f 4584/4896/4584 1451/1550/1451 1799/1904/1799
f 4584/4896/4584 1799/1904/1799 1803/1908/1803
f 4584/4896/4584 1803/1908/1803 1824/1928/1824
f 1825/1931/1825 4584/4896/4584 1824/1928/1824
f 1803/1908/1803 1802/1909/1802 1824/1928/1824
f 1824/1928/1824 1814/1919/1814 1813/1920/1813
f 1824/1928/1824 1802/1909/1802 1814/1919/1814
f 1802/1909/1802 1806/1912/1806 1814/1919/1814
f 1790/1894/1790 1787/1892/1787 1800/1906/1800
f 1450/1549/1450 1799/1904/1799 1451/1550/1451
f 1452/1552/1452 1797/1902/1797 1450/1549/1450
f 1794/1898/1794 1454/1555/1454 1458/1559/1458
f 1458/1559/1458 1460/1561/1460 1794/1898/1794
f 1460/1561/1460 4585/4897/4585 1794/1898/1794
f 4585/4897/4585 1789/1895/1789 1794/1898/1794
f 4585/4897/4585 4587/4898/4587 4586/4899/4586
f 1789/1895/1789 4585/4897/4585 4586/4899/4586
f 1460/1561/1460 1467/1570/1467 4585/4897/4585
f 1467/1570/1467 4587/4898/4587 4585/4897/4585
f 4587/4898/4587 4588/4900/4588 1788/1891/1788
f 4587/4898/4587 1474/1577/1474 4588/4900/4588
f 4586/4899/4586 4587/4898/4587 1788/1891/1788
f 4587/4898/4587 1466/1569/1466 1474/1577/1474
f 1467/1570/1467 1466/1569/1466 4587/4898/4587
f 1483/1584/1483 1788/1891/1788 4588/4900/4588
f 1483/1584/1483 4588/4900/4588 1477/1578/1477
f 1474/1577/1474 1477/1578/1477 4588/4900/4588
f 4586/4899/4586 1788/1891/1788 1789/1895/1789
f 1786/1893/1786 1782/1888/1782 1781/1886/1781
f 1774/1880/1774 1768/1875/1768 1770/1876/1770
f 1762/1868/1762 1763/1867/1763 1767/1872/1767
f 1554/1659/1554 1756/1862/1756 4589/4901/4589
f 1499/1600/1499 4589/4901/4589 1756/1862/1756
f 1756/1862/1756 1495/1597/1495 1499/1600/1499
f 1560/1666/1560 1756/1862/1756 1554/1659/1554
f 1544/1650/1544 1554/1659/1554 4589/4901/4589
f 1500/1601/1500 1544/1650/1544 4589/4901/4589
f 1499/1600/1499 1500/1601/1500 4589/4901/4589
f 1691/1797/1691 1693/1798/1693 1698/1803/1698
f 1650/1754/1650 1653/1758/1653 1674/1780/1674
f 1674/1780/1674 1653/1758/1653 1656/1762/1656
f 1652/1757/1652 1647/1752/1647 1646/1751/1646
f 1649/1755/1649 1634/1739/1634 1635/1740/1635
f 1644/1748/1644 1643/1749/1643 1646/1751/1646
f 1640/1743/1640 1641/1747/1641 1630/1735/1630
f 1630/1735/1630 1641/1747/1641 1632/1737/1632
f 1610/1714/1610 1609/1716/1609 1630/1735/1630
f 1628/1734/1628 1607/1713/1607 1610/1714/1610
f 1607/1713/1607 1628/1734/1628 1613/1718/1613
f 1569/1675/1569 1620/1726/1620 1565/1671/1565
f 1577/1683/1577 1585/1689/1585 1599/1703/1599
f 1581/1686/1581 1588/1692/1588 1580/1685/1580
f 1503/1605/1503 1543/1648/1543 1501/1602/1501
f 1503/1605/1503 1510/1612/1510 1543/1648/1543
f 214/218/214 218/219/218 1540/1646/1540
f 1513/1614/1513 1506/1609/1506 4590/4902/4590
f 4591/4903/4591 1513/1614/1513 4590/4902/4590
f 4591/4903/4591 1473/1574/1473 1513/1614/1513
f 1478/1580/1478 1475/1575/1475 4591/4903/4591
f 1473/1574/1473 4591/4903/4591 1475/1575/1475
f 4591/4903/4591 1507/1607/1507 1478/1580/1478
f 4590/4902/4590 1507/1607/1507 4591/4903/4591
f 1507/1607/1507 4590/4902/4590 1506/1609/1506
f 1481/1582/1481 1480/1581/1480 1488/1589/1488
f 1435/1530/1435 1462/1642/1462 1438/1536/1438
f 1414/1511/1414 1446/1545/1446 1447/1546/1447
f 1410/1506/1410 1414/1511/1414 1447/1546/1447
f 1443/1543/1443 1446/1545/1446 1432/1528/1432
f 1432/1528/1432 1446/1545/1446 1430/1525/1430
f 1446/1545/1446 1414/1511/1414 1430/1525/1430
f 1432/1528/1432 1433/1527/1433 1443/1543/1443
f 1430/1525/1430 1414/1511/1414 1415/1509/1415
f 1413/1508/1413 1420/1516/1420 1415/1509/1415
f 1418/1513/1418 1395/1491/1395 97/98/97
f 97/98/97 1417/1512/1417 1418/1513/1418
f 1396/1492/1396 1395/1491/1395 1418/1513/1418
f 1407/1503/1407 1396/1492/1396 1418/1513/1418
f 101/102/101 1417/1512/1417 97/98/97
f 1417/1512/1417 101/102/101 100/100/100
f 1402/1498/1402 1405/1500/1405 1411/1507/1411
f 1373/1469/1373 1376/1472/1376 1400/1496/1400
f 97/98/97 1395/1491/1395 1394/1490/1394
f 4592/4904/4592 1394/1490/1394 1390/1485/1390
f 1394/1490/1394 95/96/95 97/98/97
f 1394/1490/1394 4592/4904/4592 95/96/95
f 87/89/87 95/96/95 4592/4904/4592
f 88/88/88 87/89/87 4592/4904/4592
f 1391/1487/1391 88/88/88 4592/4904/4592
f 4592/4904/4592 1390/1485/1390 1391/1487/1391
f 1391/1487/1391 83/83/83 88/88/88
f 1379/1473/1379 4593/4905/4593 1354/1450/1354
f 1379/1473/1379 1371/1467/1371 4593/4905/4593
f 1356/1452/1356 1354/1450/1354 4593/4905/4593
f 1359/1454/1359 4593/4905/4593 1371/1467/1371
f 1356/1452/1356 4593/4905/4593 1359/1454/1359
f 1325/1422/1325 1334/1430/1334 1363/1459/1363
f 1334/1430/1334 1337/1431/1337 1363/1459/1363
f 1349/1444/1349 4594/4906/4594 80/81/80
f 1347/1443/1347 4594/4906/4594 1349/1444/1349
f 8/8/8 4594/4906/4594 9/9/9
f 4594/4906/4594 8/8/8 74/75/74
f 1347/1443/1347 9/9/9 4594/4906/4594
f 74/75/74 80/81/80 4594/4906/4594
f 11/10/11 9/9/9 1347/1443/1347
f 4595/4907/4595 19/20/19 1330/1426/1330
f 1329/1424/1329 1330/1426/1330 19/20/19
f 4596/4908/4596 4595/4907/4595 1330/1426/1330
f 1330/1426/1330 1310/1406/1310 4596/4908/4596
f 4596/4908/4596 1310/1406/1310 1312/1405/1312
f 4595/4907/4595 4596/4908/4596 4597/4909/4597
f 1312/1405/1312 4597/4909/4597 4596/4908/4596
f 1311/1408/1311 4597/4909/4597 1312/1405/1312
f 4597/4909/4597 1311/1408/1311 4598/4910/4598
f 4595/4907/4595 4597/4909/4597 4598/4910/4598
f 4599/4911/4599 4603/4912/4603 4598/4910/4598
f 4598/4910/4598 4602/4913/4602 4599/4911/4599
f 4598/4910/4598 1311/1408/1311 4600/4914/4600
f 4600/4914/4600 4601/4915/4601 4598/4910/4598
f 4601/4915/4601 4602/4913/4602 4598/4910/4598
f 4603/4912/4603 4595/4907/4595 4598/4910/4598
f 23/24/23 4603/4912/4603 4604/4916/4604
f 4604/4916/4604 4603/4912/4603 4599/4911/4599
f 23/24/23 22/23/22 4603/4912/4603
f 4603/4912/4603 22/23/22 4595/4907/4595
f 4604/4916/4604 4605/4917/4605 29/30/29
f 4604/4916/4604 4599/4911/4599 4605/4917/4605
f 26/25/26 23/24/23 4604/4916/4604
f 26/25/26 4604/4916/4604 29/30/29
f 4599/4911/4599 4602/4913/4602 4605/4917/4605
f 4605/4917/4605 4602/4913/4602 4606/4918/4606
f 4607/4919/4607 4605/4917/4605 4606/4918/4606
f 29/30/29 4605/4917/4605 4608/4920/4608
f 4605/4917/4605 4607/4919/4607 4608/4920/4608
f 4608/4920/4608 4610/4921/4610 4609/4922/4609
f 4609/4922/4609 4611/4923/4611 4608/4920/4608
f 4608/4920/4608 4611/4923/4611 29/30/29
f 4607/4919/4607 4610/4921/4610 4608/4920/4608
f 31/31/31 4611/4923/4611 4612/4924/4612
f 29/30/29 4611/4923/4611 31/31/31
f 4611/4923/4611 4609/4922/4609 4612/4924/4612
f 4613/4925/4613 4612/4924/4612 4609/4922/4609
f 31/31/31 4612/4924/4612 4614/4926/4614
f 4613/4925/4613 4614/4926/4614 4612/4924/4612
f 31/31/31 4614/4926/4614 33/33/33
f 4615/4927/4615 33/33/33 4614/4926/4614
f 4615/4927/4615 4614/4926/4614 4613/4925/4613
f 4617/4928/4617 4616/4929/4616 4615/4927/4615
f 4616/4929/4616 4619/4930/4619 4615/4927/4615
f 4617/4928/4617 4615/4927/4615 4618/4931/4618
f 4619/4930/4619 33/33/33 4615/4927/4615
f 4613/4925/4613 4618/4931/4618 4615/4927/4615
f 4623/4932/4623 4620/4933/4620 4619/4930/4619
f 4620/4933/4620 40/40/40 4619/4930/4619
f 4616/4929/4616 4621/4934/4621 4619/4930/4619
f 4619/4930/4619 4621/4934/4621 4622/4935/4622
f 4619/4930/4619 4622/4935/4622 4623/4932/4623
f 4619/4930/4619 40/40/40 33/33/33
f 4623/4932/4623 4627/4936/4627 4624/4937/4624
f 4624/4937/4624 4626/4938/4626 4623/4932/4623
f 4623/4932/4623 4622/4935/4622 4625/4939/4625
f 4625/4939/4625 4627/4936/4627 4623/4932/4623
f 4620/4933/4620 4623/4932/4623 4626/4938/4626
f 4629/4940/4629 4624/4937/4624 4627/4936/4627
f 4628/4941/4628 4627/4936/4627 4625/4939/4625
f 4629/4940/4629 4627/4936/4627 4628/4941/4628
f 4624/4937/4624 4629/4940/4629 4630/4942/4630
f 4632/4943/4632 4630/4942/4630 4629/4940/4629
f 4629/4940/4629 4628/4941/4628 4631/4944/4631
f 4629/4940/4629 4631/4944/4631 4633/4945/4633
f 4633/4945/4633 4632/4943/4632 4629/4940/4629
f 4633/4945/4633 4634/4946/4634 4635/4947/4635
f 4631/4944/4631 4634/4946/4634 4633/4945/4633
f 4636/4948/4636 4633/4945/4633 4635/4947/4635
f 4632/4943/4632 4633/4945/4633 4636/4948/4636
f 4638/4949/4638 4636/4948/4636 148/148/148
f 4636/4948/4636 4635/4947/4635 148/148/148
f 4637/4950/4637 4636/4948/4636 4638/4949/4638
f 4632/4943/4632 4636/4948/4636 4637/4950/4637
f 4639/4951/4639 4637/4950/4637 4638/4949/4638
f 4638/4949/4638 4640/4952/4640 4639/4951/4639
f 147/147/147 4640/4952/4640 4638/4949/4638
f 147/147/147 4638/4949/4638 148/148/148
f 4640/4952/4640 62/63/62 60/61/60
f 4640/4952/4640 145/145/145 62/63/62
f 145/145/145 4640/4952/4640 147/147/147
f 4639/4951/4639 4640/4952/4640 60/61/60
f 4641/4953/4641 4639/4951/4639 60/61/60
f 4641/4953/4641 4637/4950/4637 4639/4951/4639
f 4642/4954/4642 4641/4953/4641 59/60/59
f 4642/4954/4642 4632/4943/4632 4641/4953/4641
f 4632/4943/4632 4637/4950/4637 4641/4953/4641
f 59/60/59 4641/4953/4641 60/61/60
f 4642/4954/4642 4643/4955/4643 51/52/51
f 4642/4954/4642 51/52/51 4624/4937/4624
f 4630/4942/4630 4642/4954/4642 4624/4937/4624
f 59/60/59 4643/4955/4643 4642/4954/4642
f 4630/4942/4630 4632/4943/4632 4642/4954/4642
f 53/53/53 51/52/51 4643/4955/4643
f 4643/4955/4643 59/60/59 52/54/52
f 4643/4955/4643 52/54/52 53/53/53
f 4644/4956/4644 4635/4947/4635 4634/4946/4634
f 4646/4957/4646 148/148/148 4635/4947/4635
f 4635/4947/4635 4644/4956/4644 4645/4958/4645
f 4645/4958/4645 4646/4957/4646 4635/4947/4635
f 4645/4958/4645 151/152/151 4646/4957/4646
f 148/148/148 4646/4957/4646 151/152/151
f 402/422/402 150/150/150 4645/4958/4645
f 150/150/150 151/152/151 4645/4958/4645
f 4645/4958/4645 401/421/401 402/422/402
f 4645/4958/4645 4644/4956/4644 401/421/401
f 4634/4946/4634 409/429/409 4644/4956/4644
f 401/421/401 4644/4956/4644 409/429/409
f 414/433/414 411/430/411 4634/4946/4634
f 4634/4946/4634 4631/4944/4631 414/433/414
f 4634/4946/4634 411/430/411 409/429/409
f 418/438/418 414/433/414 4631/4944/4631
f 4647/4959/4647 418/438/418 4631/4944/4631
f 4647/4959/4647 4631/4944/4631 4628/4941/4628
f 419/439/419 4647/4959/4647 421/440/421
f 421/440/421 4647/4959/4647 424/443/424
f 424/443/424 4647/4959/4647 4648/4960/4648
f 418/438/418 4647/4959/4647 419/439/419
f 4628/4941/4628 4625/4939/4625 4647/4959/4647
f 4647/4959/4647 4625/4939/4625 4648/4960/4648
f 424/443/424 4648/4960/4648 4649/4961/4649
f 4625/4939/4625 4622/4935/4622 4648/4960/4648
f 4649/4961/4649 4648/4960/4648 4650/4962/4650
f 4650/4962/4650 4648/4960/4648 4622/4935/4622
f 4650/4962/4650 4622/4935/4622 4621/4934/4621
f 4650/4962/4650 4621/4934/4621 4652/4963/4652
f 4652/4963/4652 4651/4964/4651 4650/4962/4650
f 4649/4961/4649 4650/4962/4650 4651/4964/4651
f 4652/4963/4652 4621/4934/4621 4617/4928/4617
f 4653/4965/4653 4652/4963/4652 4617/4928/4617
f 4651/4964/4651 4652/4963/4652 4653/4965/4653
f 4617/4928/4617 4618/4931/4618 4653/4965/4653
f 4655/4966/4655 4653/4965/4653 4618/4931/4618
f 4651/4964/4651 4653/4965/4653 4654/4967/4654
f 4655/4966/4655 4654/4967/4654 4653/4965/4653
f 4655/4966/4655 4658/4968/4658 4654/4967/4654
f 4655/4966/4655 4656/4969/4656 4657/4970/4657
f 4659/4971/4659 4656/4969/4656 4655/4966/4655
f 4658/4968/4658 4655/4966/4655 4657/4970/4657
f 4659/4971/4659 4655/4966/4655 4660/4972/4660
f 4655/4966/4655 4618/4931/4618 4660/4972/4660
f 4659/4971/4659 4660/4972/4660 4662/4973/4662
f 4660/4972/4660 4613/4925/4613 4661/4974/4661
f 4662/4973/4662 4660/4972/4660 4661/4974/4661
f 4618/4931/4618 4613/4925/4613 4660/4972/4660
f 4662/4973/4662 4609/4922/4609 4665/4975/4665
f 4661/4974/4661 4609/4922/4609 4662/4973/4662
f 4659/4971/4659 4662/4973/4662 4664/4976/4664
f 4664/4976/4664 4662/4973/4662 4663/4977/4663
f 4663/4977/4663 4662/4973/4662 4665/4975/4665
f 4610/4921/4610 4665/4975/4665 4609/4922/4609
f 4667/4978/4667 4665/4975/4665 4666/4979/4666
f 4665/4975/4665 4610/4921/4610 4666/4979/4666
f 4665/4975/4665 4667/4978/4667 4663/4977/4663
f 4669/4980/4669 4663/4977/4663 4667/4978/4667
f 4667/4978/4667 4666/4979/4666 4668/4981/4668
f 4667/4978/4667 4668/4981/4668 4669/4980/4669
f 4670/4982/4670 4672/4983/4672 4669/4980/4669
f 4668/4981/4668 4670/4982/4670 4669/4980/4669
f 4669/4980/4669 4672/4983/4672 4671/4984/4671
f 4673/4985/4673 4669/4980/4669 4671/4984/4671
f 4673/4985/4673 4663/4977/4663 4669/4980/4669
f 4673/4985/4673 4671/4984/4671 4674/4986/4674
f 4675/4987/4675 4673/4985/4673 4674/4986/4674
f 4676/4988/4676 4673/4985/4673 4675/4987/4675
f 4673/4985/4673 4676/4988/4676 4664/4976/4664
f 4664/4976/4664 4663/4977/4663 4673/4985/4673
f 4676/4988/4676 4677/4989/4677 4664/4976/4664
f 4677/4989/4677 4676/4988/4676 4679/4990/4679
f 4676/4988/4676 4675/4987/4675 4678/4991/4678
f 4678/4991/4678 4679/4990/4679 4676/4988/4676
f 4681/4992/4681 4679/4990/4679 4678/4991/4678
f 4679/4990/4679 4680/4993/4680 4677/4989/4677
f 4679/4990/4679 4681/4992/4681 4680/4993/4680
f 4682/4994/4682 4680/4993/4680 4681/4992/4681
f 4682/4994/4682 4681/4992/4681 4684/4995/4684
f 4681/4992/4681 4678/4991/4678 4683/4996/4683
f 4684/4995/4684 4681/4992/4681 4683/4996/4683
f 4684/4995/4684 4683/4996/4683 4688/4997/4688
f 4687/4998/4687 4685/4999/4685 4684/4995/4684
f 4682/4994/4682 4684/4995/4684 4685/4999/4685
f 4686/5000/4686 4684/4995/4684 4689/5001/4689
f 4687/4998/4687 4684/4995/4684 4686/5000/4686
f 4684/4995/4684 4688/4997/4688 4689/5001/4689
f 4689/5001/4689 4692/5002/4692 4686/5000/4686
f 4688/4997/4688 4690/5003/4690 4689/5001/4689
f 4689/5001/4689 4690/5003/4690 4691/5004/4691
f 4689/5001/4689 4691/5004/4691 4692/5002/4692
f 4686/5000/4686 4692/5002/4692 4695/5005/4695
f 4695/5005/4695 4692/5002/4692 4693/5006/4693
f 4692/5002/4692 4694/5007/4694 4693/5006/4693
f 4692/5002/4692 4691/5004/4691 4694/5007/4694
f 4696/5008/4696 4686/5000/4686 4695/5005/4695
f 4696/5008/4696 4695/5005/4695 4697/5009/4697
f 4695/5005/4695 4693/5006/4693 4697/5009/4697
f 4698/5010/4698 4697/5009/4697 4693/5006/4693
f 4698/5010/4698 4699/5011/4699 4697/5009/4697
f 4700/5012/4700 4697/5009/4697 4699/5011/4699
f 4700/5012/4700 4696/5008/4696 4697/5009/4697
f 4699/5013/4699 4704/5014/4704 4700/5015/4700
f 4701/5016/4701 4696/5008/4696 4700/5012/4700
f 4701/5017/4701 4700/5015/4700 4705/5018/4705
f 4702/5019/4702 4700/5015/4700 4703/5020/4703
f 4705/5018/4705 4700/5015/4700 4702/5019/4702
f 4704/5014/4704 4703/5020/4703 4700/5015/4700
f 4707/5021/4707 4706/5022/4706 4705/5018/4705
f 4705/5018/4705 4706/5022/4706 4701/5017/4701
f 4702/5019/4702 4707/5021/4707 4705/5018/4705
f 4707/5021/4707 4710/5023/4710 4708/5024/4708
f 4707/5021/4707 4708/5024/4708 4711/5025/4711
f 4707/5021/4707 4709/5026/4709 4710/5023/4710
f 4702/5019/4702 4709/5026/4709 4707/5021/4707
f 4706/5022/4706 4707/5021/4707 4711/5025/4711
f 4712/5027/4712 4706/5022/4706 4711/5025/4711
f 4712/5027/4712 4711/5025/4711 4713/5028/4713
f 4711/5025/4711 4708/5024/4708 4713/5028/4713
f 4713/5028/4713 4714/5029/4714 4712/5027/4712
f 4714/5029/4714 4713/5028/4713 4716/5030/4716
f 4713/5028/4713 4715/5031/4715 4717/5032/4717
f 4715/5031/4715 4713/5028/4713 4708/5024/4708
f 4716/5030/4716 4713/5028/4713 4717/5032/4717
f 4717/5032/4717 4721/5033/4721 4716/5030/4716
f 4715/5031/4715 4718/5034/4718 4717/5032/4717
f 4717/5035/4717 4718/5036/4718 4719/5037/4719
f 4720/5038/4720 4717/5035/4717 4719/5037/4719
f 468/492/468 4717/5035/4717 4720/5038/4720
f 468/492/468 463/488/463 4717/5035/4717
f 463/483/463 4721/5033/4721 4717/5032/4717
f 4721/5033/4721 459/479/459 4722/5039/4722
f 4714/5029/4714 4721/5033/4721 4722/5039/4722
f 460/480/460 459/479/459 4721/5033/4721
f 4714/5029/4714 4716/5030/4716 4721/5033/4721
f 4721/5033/4721 463/483/463 460/480/460
f 459/481/459 461/482/461 4722/5040/4722
f 4722/5040/4722 461/482/461 4723/5041/4723
f 4723/5041/4723 4724/5042/4724 4722/5040/4722
f 4714/5043/4714 4722/5040/4722 4724/5042/4724
f 4725/5044/4725 4724/5042/4724 4726/5045/4726
f 4714/5043/4714 4724/5042/4724 4725/5044/4725
f 4727/5046/4727 4726/5045/4726 4724/5042/4724
f 4724/5042/4724 4723/5041/4723 4727/5046/4727
f 4723/5041/4723 4729/5047/4729 4727/5046/4727
f 4685/4999/4685 4726/5045/4726 4727/5046/4727
f 4685/4999/4685 4727/5046/4727 4682/4994/4682
f 4727/5046/4727 4729/5047/4729 4728/5048/4728
f 4682/4994/4682 4727/5046/4727 4728/5048/4728
f 4729/5047/4729 457/476/457 455/475/455
f 455/475/455 4731/5049/4731 4729/5047/4729
f 4723/5041/4723 457/476/457 4729/5047/4729
f 4730/5050/4730 4728/5048/4728 4729/5047/4729
f 4731/5049/4731 4730/5050/4730 4729/5047/4729
f 4654/4967/4654 4731/5049/4731 453/473/453
f 4654/4967/4654 4732/5051/4732 4731/5049/4731
f 453/473/453 4731/5049/4731 455/475/455
f 4732/5051/4732 4730/5050/4730 4731/5049/4731
f 4658/4968/4658 4733/5052/4733 4732/5051/4732
f 4654/4967/4654 4658/4968/4658 4732/5051/4732
f 4732/5051/4732 4733/5052/4733 4730/5050/4730
f 4657/4970/4657 4733/5052/4733 4658/4968/4658
f 4733/5052/4733 4657/4970/4657 4680/4993/4680
f 4733/5052/4733 4680/4993/4680 4728/5048/4728
f 4728/5048/4728 4730/5050/4730 4733/5052/4733
f 4728/5048/4728 4680/4993/4680 4682/4994/4682
f 4734/5053/4734 4725/5044/4725 4726/5045/4726
f 4685/4999/4685 4734/5053/4734 4726/5045/4726
f 4712/5054/4712 4734/5053/4734 4701/5016/4701
f 4734/5053/4734 4712/5054/4712 4725/5044/4725
f 4687/4998/4687 4734/5053/4734 4685/4999/4685
f 4701/5016/4701 4734/5053/4734 4735/5055/4735
f 4734/5053/4734 4687/4998/4687 4735/5055/4735
f 4701/5016/4701 4735/5055/4735 4686/5000/4686
f 4686/5000/4686 4735/5055/4735 4687/4998/4687
f 4714/5043/4714 4725/5044/4725 4712/5054/4712
f 457/476/457 4723/5041/4723 461/482/461
f 469/494/469 468/492/468 4720/5038/4720
f 4737/5056/4737 469/494/469 4720/5038/4720
f 4736/5057/4736 4720/5038/4720 4719/5037/4719
f 4739/5058/4739 4720/5038/4720 4736/5057/4736
f 4720/5038/4720 4738/5059/4738 4737/5056/4737
f 4720/5038/4720 4739/5058/4739 4738/5059/4738
f 4740/5060/4740 4741/5061/4741 4739/5058/4739
f 4740/5060/4740 4739/5058/4739 4736/5057/4736
f 4738/5059/4738 4739/5058/4739 4742/5062/4742
f 4742/5062/4742 4739/5058/4739 4741/5061/4741
f 4741/5061/4741 4743/5063/4743 4742/5062/4742
f 4744/5064/4744 4742/5062/4742 4743/5063/4743
f 4744/5064/4744 4746/5065/4746 4742/5062/4742
f 4738/5059/4738 4742/5062/4742 4745/5066/4745
f 4746/5065/4746 4745/5066/4745 4742/5062/4742
f 4749/5067/4749 4746/5065/4746 4747/5068/4747
f 4746/5065/4746 4748/5069/4748 4747/5068/4747
f 4744/5064/4744 4751/5070/4751 4746/5065/4746
f 4748/5069/4748 4746/5065/4746 4751/5070/4751
f 4749/5067/4749 4750/5071/4750 4746/5065/4746
f 4745/5066/4745 4746/5065/4746 4750/5071/4750
f 4751/5070/4751 4744/5064/4744 4752/5072/4752
f 4752/5072/4752 4748/5069/4748 4751/5070/4751
f 4753/5073/4753 4755/5074/4755 4752/5072/4752
f 4752/5072/4752 4744/5064/4744 4753/5073/4753
f 4752/5072/4752 4754/5075/4754 4748/5069/4748
f 4755/5074/4755 4754/5075/4754 4752/5072/4752
f 4753/5073/4753 4756/5076/4756 4755/5074/4755
f 4756/5076/4756 4757/5077/4757 4755/5074/4755
f 4755/5074/4755 4757/5077/4757 4759/5078/4759
f 4760/5079/4760 4755/5074/4755 4758/5080/4758
f 4758/5080/4758 4755/5074/4755 4759/5078/4759
f 4760/5079/4760 4754/5075/4754 4755/5074/4755
f 4761/5081/4761 4760/5079/4760 4763/5082/4763
f 4761/5081/4761 4754/5075/4754 4760/5079/4760
f 4758/5080/4758 4762/5083/4762 4760/5079/4760
f 4760/5079/4760 4762/5083/4762 4763/5082/4763
f 4763/5082/4763 4766/5084/4766 4761/5081/4761
f 4765/5085/4765 4763/5082/4763 4764/5086/4764
f 4764/5086/4764 4763/5082/4763 4762/5083/4762
f 4763/5082/4763 4765/5085/4765 4767/5087/4767
f 4766/5084/4766 4763/5082/4763 4767/5087/4767
f 4768/5088/4768 4766/5084/4766 4767/5087/4767
f 4771/5089/4771 4768/5088/4768 4767/5087/4767
f 4767/5087/4767 4770/5090/4770 4769/5091/4769
f 4771/5089/4771 4767/5087/4767 4769/5091/4769
f 4767/5087/4767 4765/5085/4765 4770/5090/4770
f 4772/5092/4772 4771/5089/4771 4774/5093/4774
f 4772/5092/4772 4768/5088/4768 4771/5089/4771
f 4773/5094/4773 4771/5089/4771 4769/5091/4769
f 4773/5094/4773 4774/5093/4774 4771/5089/4771
f 4778/5095/4778 4774/5093/4774 4773/5094/4773
f 4774/5093/4774 4777/5096/4777 4775/5097/4775
f 4775/5097/4775 4772/5092/4772 4774/5093/4774
f 4778/5095/4778 4776/5098/4776 4774/5093/4774
f 4776/5098/4776 4777/5096/4777 4774/5093/4774
f 4779/5099/4779 4778/5095/4778 4773/5094/4773
f 4778/5095/4778 4779/5099/4779 4780/5100/4780
f 4780/5100/4780 4781/5101/4781 4778/5095/4778
f 4781/5101/4781 4776/5098/4776 4778/5095/4778
f 4782/5102/4782 4781/5101/4781 4783/5103/4783
f 4785/5104/4785 4781/5101/4781 4782/5102/4782
f 4783/5103/4783 4781/5101/4781 4780/5100/4780
f 4781/5101/4781 4785/5104/4785 4784/5105/4784
f 4784/5105/4784 4776/5098/4776 4781/5101/4781
f 4785/5104/4785 4782/5102/4782 4787/5106/4787
f 4784/5105/4784 4785/5104/4785 4786/5107/4786
f 493/521/493 4786/5107/4786 4785/5104/4785
f 4787/5106/4787 493/521/493 4785/5104/4785
f 4788/5108/4788 4787/5106/4787 4782/5102/4782
f 4789/5109/4789 4787/5106/4787 4788/5108/4788
f 4787/5106/4787 4790/5110/4790 493/521/493
f 4787/5106/4787 4789/5109/4789 4790/5110/4790
f 4789/5109/4789 4791/5111/4791 4790/5110/4790
f 4790/5110/4790 492/519/492 493/521/493
f 4790/5110/4790 4791/5111/4791 4792/5112/4792
f 4790/5110/4790 4793/5113/4793 492/519/492
f 4793/5113/4793 4790/5110/4790 4792/5112/4792
f 4792/5112/4792 499/526/499 4793/5113/4793
f 499/526/499 491/520/491 4793/5113/4793
f 492/519/492 4793/5113/4793 491/520/491
f 4791/5111/4791 4794/5114/4794 4792/5112/4792
f 4792/5112/4792 4794/5114/4794 499/526/499
f 4794/5114/4794 498/527/498 499/526/499
f 498/527/498 4794/5114/4794 4796/5115/4796
f 4791/5111/4791 4795/5116/4795 4794/5114/4794
f 4796/5115/4796 4794/5114/4794 4795/5116/4795
f 501/529/501 498/527/498 4796/5115/4796
f 501/529/501 4796/5115/4796 593/637/593
f 4796/5115/4796 4795/5116/4795 4797/5117/4797
f 4796/5115/4796 4797/5117/4797 4798/5118/4798
f 4798/5118/4798 593/637/593 4796/5115/4796
f 593/637/593 4798/5118/4798 592/636/592
f 4798/5118/4798 596/641/596 592/636/592
f 4798/5118/4798 4797/5117/4797 4799/5119/4799
f 599/645/599 4798/5118/4798 4799/5119/4799
f 599/645/599 596/641/596 4798/5118/4798
f 4795/5116/4795 4802/5120/4802 4799/5119/4799
f 4795/5116/4795 4799/5119/4799 4797/5117/4797
f 4800/5121/4800 599/645/599 4799/5119/4799
f 4801/5122/4801 4800/5121/4800 4799/5119/4799
f 4799/5119/4799 4802/5120/4802 4801/5122/4801
f 4795/5116/4795 4791/5111/4791 4802/5120/4802
f 4791/5111/4791 4803/5123/4803 4802/5120/4802
f 4803/5123/4803 4801/5122/4801 4802/5120/4802
f 4803/5123/4803 4804/5124/4804 4801/5122/4801
f 4803/5123/4803 4789/5109/4789 4804/5124/4804
f 4791/5111/4791 4789/5109/4789 4803/5123/4803
f 4804/5124/4804 4805/5125/4805 4806/5126/4806
f 4805/5125/4805 4804/5124/4804 4788/5108/4788
f 4788/5108/4788 4804/5124/4804 4789/5109/4789
f 4801/5122/4801 4804/5124/4804 4806/5126/4806
f 4805/5125/4805 4810/5127/4810 4806/5126/4806
f 4807/5128/4807 4806/5126/4806 4809/5129/4809
f 4807/5128/4807 4801/5122/4801 4806/5126/4806
f 4810/5127/4810 4808/5130/4808 4806/5126/4806
f 4806/5126/4806 4808/5130/4808 4809/5129/4809
f 4810/5127/4810 4805/5125/4805 4811/5131/4811
f 4808/5130/4808 4810/5127/4810 4811/5131/4811
f 4813/5132/4813 4812/5133/4812 4811/5131/4811
f 4811/5131/4811 4812/5133/4812 4814/5134/4814
f 4811/5131/4811 4805/5125/4805 4813/5132/4813
f 4811/5131/4811 4815/5135/4815 4808/5130/4808
f 4811/5131/4811 4814/5134/4814 4815/5135/4815
f 4815/5135/4815 4814/5134/4814 4816/5136/4816
f 4816/5136/4816 636/686/636 4815/5135/4815
f 4815/5135/4815 4817/5137/4817 4808/5130/4808
f 636/686/636 4817/5137/4817 4815/5135/4815
f 4809/5129/4809 4818/5138/4818 4817/5137/4817
f 4818/5138/4818 4808/5130/4808 4817/5137/4817
f 4819/5139/4819 4809/5129/4809 4817/5137/4817
f 4819/5139/4819 4817/5137/4817 636/686/636
f 4820/5140/4820 4819/5139/4819 634/681/634
f 4809/5129/4809 4819/5139/4819 4820/5140/4820
f 633/682/633 4819/5139/4819 636/686/636
f 4819/5139/4819 633/682/633 634/681/634
f 4820/5140/4820 4807/5128/4807 4809/5129/4809
f 4821/5141/4821 4807/5128/4807 4820/5140/4820
f 4820/5140/4820 605/684/605 600/649/600
f 634/681/634 605/684/605 4820/5140/4820
f 600/649/600 4821/5141/4821 4820/5140/4820
f 599/645/599 4800/5121/4800 4821/5141/4821
f 599/645/599 4821/5141/4821 600/649/600
f 4800/5121/4800 4807/5128/4807 4821/5141/4821
f 4818/5138/4818 4809/5129/4809 4808/5130/4808
f 4812/5133/4812 4816/5136/4816 4814/5134/4814
f 4816/5136/4816 4812/5133/4812 672/722/672
f 4816/5136/4816 672/722/672 641/693/641
f 4816/5136/4816 641/693/641 637/687/637
f 637/687/637 636/686/636 4816/5136/4816
f 4812/5133/4812 4813/5132/4813 4824/5142/4824
f 4822/5143/4822 4813/5132/4813 4825/5144/4825
f 4813/5132/4813 4822/5143/4822 4824/5142/4824
f 4805/5125/4805 4823/5145/4823 4813/5132/4813
f 4823/5145/4823 4825/5144/4825 4813/5132/4813
f 4822/5143/4822 4825/5144/4825 4827/5146/4827
f 4823/5145/4823 4826/5147/4826 4825/5144/4825
f 4826/5147/4826 4827/5146/4827 4825/5144/4825
f 4828/5148/4828 4822/5143/4822 4827/5146/4827
f 4828/5148/4828 4827/5146/4827 4773/5094/4773
f 4779/5099/4779 4773/5094/4773 4827/5146/4827
f 4779/5099/4779 4827/5146/4827 4826/5147/4826
f 4829/5149/4829 4822/5143/4822 4828/5148/4828
f 4769/5091/4769 4828/5148/4828 4773/5094/4773
f 4769/5091/4769 4770/5090/4770 4828/5148/4828
f 4829/5149/4829 4828/5148/4828 4770/5090/4770
f 4830/5150/4830 4829/5149/4829 676/727/676
f 4829/5149/4829 4830/5150/4830 4824/5142/4824
f 4831/5151/4831 4829/5149/4829 4770/5090/4770
f 4822/5143/4822 4829/5149/4829 4824/5142/4824
f 4831/5151/4831 676/727/676 4829/5149/4829
f 675/729/675 4831/5151/4831 4832/5152/4832
f 675/729/675 676/727/676 4831/5151/4831
f 4832/5152/4832 4831/5151/4831 4770/5090/4770
f 675/729/675 4832/5152/4832 680/731/680
f 4770/5090/4770 4765/5085/4765 4832/5152/4832
f 4833/5153/4833 4832/5152/4832 4765/5085/4765
f 4833/5153/4833 680/731/680 4832/5152/4832
f 4765/5085/4765 4834/5154/4834 4833/5153/4833
f 4833/5153/4833 4834/5154/4834 680/731/680
f 680/731/680 4834/5154/4834 4836/5155/4836
f 4834/5154/4834 4764/5086/4764 4835/5156/4835
f 4834/5154/4834 4835/5156/4835 4836/5155/4836
f 4764/5086/4764 4834/5154/4834 4765/5085/4765
f 4836/5155/4836 681/732/681 680/731/680
f 681/732/681 4836/5155/4836 692/744/692
f 4835/5156/4835 692/744/692 4836/5155/4836
f 4837/5157/4837 694/745/694 4835/5156/4835
f 4835/5156/4835 4838/5158/4838 4837/5157/4837
f 4838/5158/4838 4835/5156/4835 4764/5086/4764
f 4835/5156/4835 694/745/694 692/744/692
f 4762/5083/4762 4839/5159/4839 4838/5158/4838
f 4838/5158/4838 4839/5159/4839 4837/5157/4837
f 4838/5158/4838 4764/5086/4764 4762/5083/4762
f 4758/5080/4758 4840/5160/4840 4839/5159/4839
f 4840/5160/4840 4841/5161/4841 4839/5159/4839
f 4758/5080/4758 4839/5159/4839 4762/5083/4762
f 4839/5159/4839 4841/5161/4841 4837/5157/4837
f 700/751/700 697/748/697 4841/5161/4841
f 4841/5161/4841 697/748/697 4837/5157/4837
f 4842/5162/4842 4841/5161/4841 4840/5160/4840
f 4842/5162/4842 704/755/704 4841/5161/4841
f 704/755/704 700/751/700 4841/5161/4841
f 4842/5162/4842 4840/5160/4840 4759/5078/4759
f 4842/5162/4842 4759/5078/4759 4845/5163/4845
f 4842/5162/4842 4843/5164/4843 704/755/704
f 4843/5164/4843 4842/5162/4842 4844/5165/4844
f 4844/5165/4844 4842/5162/4842 4845/5163/4845
f 4846/5166/4846 4844/5165/4844 4845/5163/4845
f 4845/5163/4845 4759/5078/4759 4846/5166/4846
f 4847/5167/4847 4848/5168/4848 4846/5166/4846
f 4847/5167/4847 4846/5166/4846 4756/5076/4756
f 4846/5166/4846 4848/5168/4848 4844/5165/4844
f 4757/5077/4757 4846/5166/4846 4759/5078/4759
f 4846/5166/4846 4757/5077/4757 4756/5076/4756
f 4850/5169/4850 4848/5168/4848 4847/5167/4847
f 4848/5168/4848 4850/5169/4850 4849/5170/4849
f 4849/5170/4849 4844/5165/4844 4848/5168/4848
f 4853/5171/4853 4850/5169/4850 4847/5167/4847
f 4850/5169/4850 4851/5172/4851 4849/5170/4849
f 4852/5173/4852 4851/5172/4851 4850/5169/4850
f 4850/5169/4850 4853/5171/4853 4852/5173/4852
f 4855/5174/4855 4853/5171/4853 4847/5167/4847
f 4855/5174/4855 4854/5175/4854 4853/5171/4853
f 4854/5176/4854 4856/5177/4856 4853/5178/4853
f 4856/5177/4856 4852/5179/4852 4853/5178/4853
f 4854/5176/4854 4859/5180/4859 4856/5177/4856
f 4852/5179/4852 4856/5177/4856 4860/5181/4860
f 4856/5177/4856 4858/5182/4858 4857/5183/4857
f 4857/5183/4857 4861/5184/4861 4856/5177/4856
f 4859/5180/4859 4858/5182/4858 4856/5177/4856
f 4856/5177/4856 4861/5184/4861 4860/5181/4860
f 4863/5185/4863 4862/5186/4862 4861/5184/4861
f 4860/5181/4860 4861/5184/4861 4862/5186/4862
f 4857/5183/4857 4863/5185/4863 4861/5184/4861
f 4862/5186/4862 4863/5185/4863 4865/5187/4865
f 4864/5188/4864 4866/5189/4866 4863/5185/4863
f 4863/5185/4863 4867/5190/4867 4864/5188/4864
f 4865/5187/4865 4863/5185/4863 4866/5189/4866
f 4863/5185/4863 4857/5183/4857 4867/5190/4867
f 4868/5191/4868 4864/5188/4864 4867/5190/4867
f 4871/5192/4871 4868/5191/4868 4867/5190/4867
f 4869/5193/4869 4867/5190/4867 4870/5194/4870
f 4869/5193/4869 4871/5192/4871 4867/5190/4867
f 4857/5183/4857 4870/5194/4870 4867/5190/4867
f 4872/5195/4872 4868/5191/4868 4871/5192/4871
f 4872/5195/4872 4871/5192/4871 4873/5196/4873
f 4873/5196/4873 4871/5192/4871 4869/5193/4869
f 4872/5195/4872 4873/5196/4873 4702/5019/4702
f 4709/5026/4709 4702/5019/4702 4873/5196/4873
f 4873/5196/4873 4874/5197/4874 4710/5023/4710
f 4710/5023/4710 4709/5026/4709 4873/5196/4873
f 4873/5196/4873 4869/5193/4869 4874/5197/4874
f 4710/5023/4710 4874/5197/4874 4875/5198/4875
f 4875/5198/4875 4874/5197/4874 4876/5199/4876
f 4874/5197/4874 4877/5200/4877 4876/5199/4876
f 4874/5197/4874 4869/5193/4869 4870/5194/4870
f 4874/5197/4874 4870/5194/4870 4877/5200/4877
f 4858/5182/4858 4877/5200/4877 4870/5194/4870
f 4858/5182/4858 4859/5180/4859 4877/5200/4877
f 4859/5180/4859 4878/5201/4878 4877/5200/4877
f 4878/5201/4878 4876/5199/4876 4877/5200/4877
f 4854/5176/4854 4878/5201/4878 4859/5180/4859
f 4854/5175/4854 4855/5174/4855 4878/5202/4878
f 4878/5202/4878 4855/5174/4855 4876/5203/4876
f 4875/5198/4875 4876/5199/4876 4879/5204/4879
f 4879/5205/4879 4876/5203/4876 4740/5060/4740
f 4740/5060/4740 4876/5203/4876 4880/5206/4880
f 4876/5203/4876 4855/5174/4855 4880/5206/4880
f 4880/5206/4880 4881/5207/4881 4882/5208/4882
f 4855/5174/4855 4881/5207/4881 4880/5206/4880
f 4743/5063/4743 4880/5206/4880 4882/5208/4882
f 4883/5209/4883 4740/5060/4740 4880/5206/4880
f 4743/5063/4743 4883/5209/4883 4880/5206/4880
f 4883/5209/4883 4741/5061/4741 4740/5060/4740
f 4743/5063/4743 4741/5061/4741 4883/5209/4883
f 4881/5207/4881 4884/5210/4884 4882/5208/4882
f 4882/5208/4882 4753/5073/4753 4743/5063/4743
f 4882/5208/4882 4884/5210/4884 4753/5073/4753
f 4881/5207/4881 4885/5211/4885 4884/5210/4884
f 4885/5211/4885 4753/5073/4753 4884/5210/4884
f 4881/5207/4881 4847/5167/4847 4885/5211/4885
f 4885/5211/4885 4847/5167/4847 4756/5076/4756
f 4753/5073/4753 4885/5211/4885 4756/5076/4756
f 4847/5167/4847 4881/5207/4881 4855/5174/4855
f 4879/5204/4879 4886/5212/4886 4875/5198/4875
f 4886/5212/4886 4879/5204/4879 4718/5034/4718
f 4879/5205/4879 4740/5060/4740 4718/5036/4718
f 4710/5023/4710 4875/5198/4875 4886/5212/4886
f 4715/5031/4715 4886/5212/4886 4718/5034/4718
f 4886/5212/4886 4715/5031/4715 4708/5024/4708
f 4708/5024/4708 4710/5023/4710 4886/5212/4886
f 4887/5213/4887 4888/5214/4888 4872/5195/4872
f 4887/5213/4887 4872/5195/4872 4889/5215/4889
f 4872/5195/4872 4888/5214/4888 4868/5191/4868
f 4703/5020/4703 4872/5195/4872 4702/5019/4702
f 4889/5215/4889 4872/5195/4872 4703/5020/4703
f 4887/5213/4887 4889/5215/4889 4703/5020/4703
f 4888/5214/4888 4887/5213/4887 4890/5216/4890
f 4890/5216/4890 4892/5217/4892 4888/5214/4888
f 4891/5218/4891 4888/5214/4888 4892/5217/4892
f 4891/5218/4891 4868/5191/4868 4888/5214/4888
f 4892/5217/4892 4890/5216/4890 4893/5219/4893
f 4891/5218/4891 4892/5217/4892 4893/5219/4893
f 4896/5220/4896 4893/5219/4893 4890/5216/4890
f 4894/5221/4894 4893/5219/4893 4896/5220/4896
f 4893/5219/4893 4894/5221/4894 4895/5222/4895
f 4891/5218/4891 4893/5219/4893 4895/5222/4895
f 4896/5220/4896 4890/5216/4890 4899/5223/4899
f 4897/5224/4897 4894/5221/4894 4896/5220/4896
f 4898/5225/4898 4897/5224/4897 4896/5220/4896
f 4899/5223/4899 4898/5225/4898 4896/5220/4896
f 4899/5223/4899 4890/5216/4890 4903/5226/4903
f 4902/5227/4902 4899/5223/4899 4900/5228/4900
f 4899/5223/4899 4903/5226/4903 4900/5228/4900
f 4899/5223/4899 4901/5229/4901 4898/5225/4898
f 4901/5229/4901 4899/5223/4899 4902/5227/4902
f 4903/5226/4903 4698/5230/4698 4900/5228/4900
f 4903/5226/4903 4904/5231/4904 4698/5230/4698
f 4903/5226/4903 4890/5216/4890 4887/5213/4887
f 4903/5226/4903 4887/5213/4887 4904/5231/4904
f 4704/5014/4704 4904/5231/4904 4887/5213/4887
f 4704/5014/4704 4699/5013/4699 4904/5231/4904
f 4699/5013/4699 4698/5230/4698 4904/5231/4904
f 4902/5227/4902 4900/5228/4900 4905/5232/4905
f 4902/5227/4902 4905/5232/4905 4906/5233/4906
f 4906/5233/4906 4901/5229/4901 4902/5227/4902
f 4906/5233/4906 4907/5234/4907 4908/5235/4908
f 4906/5233/4906 4905/5232/4905 4907/5234/4907
f 4906/5233/4906 4908/5235/4908 4909/5236/4909
f 4911/5237/4911 4906/5233/4906 4909/5236/4909
f 4911/5237/4911 4910/5238/4910 4906/5233/4906
f 4910/5238/4910 4901/5229/4901 4906/5233/4906
f 4911/5237/4911 4912/5239/4912 4910/5238/4910
f 4912/5239/4912 4911/5237/4911 4913/5240/4913
f 4911/5237/4911 4915/5241/4915 4913/5240/4913
f 4909/5236/4909 4914/5242/4914 4911/5237/4911
f 4914/5242/4914 4915/5241/4915 4911/5237/4911
f 4920/5243/4920 4915/5241/4915 4916/5244/4916
f 4915/5241/4915 4917/5245/4917 4916/5244/4916
f 4915/5241/4915 4918/5246/4918 4917/5245/4917
f 4915/5241/4915 4914/5242/4914 4918/5246/4918
f 4919/5247/4919 4915/5241/4915 4920/5243/4920
f 4913/5240/4913 4915/5241/4915 4919/5247/4919
f 4920/5243/4920 4916/5244/4916 4921/5248/4921
f 4919/5247/4919 4920/5243/4920 4866/5189/4866
f 4866/5189/4866 4920/5243/4920 4921/5248/4921
f 4866/5189/4866 4921/5248/4921 4865/5187/4865
f 4922/5249/4922 4865/5187/4865 4921/5248/4921
f 4921/5248/4921 4916/5244/4916 4924/5250/4924
f 4921/5248/4921 4923/5251/4923 4922/5249/4922
f 4923/5251/4923 4921/5248/4921 4924/5250/4924
f 4923/5251/4923 4924/5250/4924 4925/5252/4925
f 4924/5250/4924 4926/5253/4926 4925/5252/4925
f 4927/5254/4927 4926/5253/4926 4924/5250/4924
f 4927/5254/4927 4924/5250/4924 4916/5244/4916
f 4926/5253/4926 4927/5254/4927 4928/5255/4928
f 4927/5254/4927 4929/5256/4929 4928/5255/4928
f 4929/5256/4929 4927/5254/4927 4917/5245/4917
f 4916/5244/4916 4917/5245/4917 4927/5254/4927
f 4930/5257/4930 4928/5255/4928 4929/5256/4929
f 4929/5256/4929 4934/5258/4934 4930/5257/4930
f 4929/5256/4929 4932/5259/4932 4931/5260/4931
f 4934/5258/4934 4929/5256/4929 4931/5260/4931
f 4932/5259/4932 4929/5256/4929 4933/5261/4933
f 4933/5261/4933 4929/5256/4929 4917/5245/4917
f 4934/5258/4934 4935/5262/4935 4930/5257/4930
f 4935/5262/4935 4934/5258/4934 4937/5263/4937
f 4936/5264/4936 4934/5258/4934 4931/5260/4931
f 4934/5258/4934 4936/5264/4936 4937/5263/4937
f 4937/5263/4937 4936/5264/4936 4938/5265/4938
f 4939/5266/4939 4937/5263/4937 4938/5265/4938
f 4940/5267/4940 4937/5263/4937 4939/5266/4939
f 4940/5267/4940 4935/5262/4935 4937/5263/4937
f 4939/5266/4939 4941/5268/4941 4940/5267/4940
f 4941/5268/4941 4943/5269/4943 4940/5267/4940
f 4940/5267/4940 4942/5270/4942 4935/5262/4935
f 4940/5267/4940 4943/5269/4943 4942/5270/4942
f 4944/5271/4944 4946/5272/4946 4943/5269/4943
f 4943/5269/4943 4941/5268/4941 4944/5271/4944
f 4942/5270/4942 4943/5269/4943 4947/5273/4947
f 4945/5274/4945 4943/5269/4943 4946/5272/4946
f 4943/5269/4943 4945/5274/4945 4947/5273/4947
f 4947/5273/4947 4945/5274/4945 4949/5275/4949
f 4948/5276/4948 4950/5277/4950 4947/5273/4947
f 4948/5276/4948 4947/5273/4947 4949/5275/4949
f 4951/5278/4951 4942/5270/4942 4947/5273/4947
f 4951/5278/4951 4947/5273/4947 4950/5277/4950
f 4952/5279/4952 4951/5278/4951 4950/5277/4950
f 4952/5279/4952 4942/5270/4942 4951/5278/4951
f 4953/5280/4953 4952/5279/4952 4950/5277/4950
f 4935/5262/4935 4942/5270/4942 4952/5279/4952
f 4952/5279/4952 4953/5280/4953 4935/5262/4935
f 4956/5281/4956 4954/5282/4954 4953/5280/4953
f 4953/5280/4953 4954/5282/4954 4957/5283/4957
f 4955/5284/4955 4930/5257/4930 4953/5280/4953
f 4955/5284/4955 4953/5280/4953 4957/5283/4957
f 4953/5280/4953 4950/5277/4950 4956/5281/4956
f 4953/5280/4953 4930/5257/4930 4935/5262/4935
f 4958/5285/4958 4957/5283/4957 4954/5282/4954
f 4928/5255/4928 4955/5284/4955 4957/5283/4957
f 4926/5253/4926 4957/5283/4957 4958/5285/4958
f 4926/5253/4926 4928/5255/4928 4957/5283/4957
f 4962/5286/4962 4959/5287/4959 4958/5285/4958
f 4958/5285/4958 4959/5287/4959 4961/5288/4961
f 4958/5285/4958 4954/5282/4954 4960/5289/4960
f 4960/5289/4960 4962/5286/4962 4958/5285/4958
f 4961/5288/4961 4926/5253/4926 4958/5285/4958
f 4963/5290/4963 4959/5287/4959 4962/5286/4962
f 4963/5290/4963 4962/5286/4962 4965/5291/4965
f 4962/5286/4962 4964/5292/4964 4965/5291/4965
f 4964/5292/4964 4962/5286/4962 4960/5289/4960
f 4966/5293/4966 4965/5291/4965 4964/5292/4964
f 4965/5291/4965 4966/5293/4966 4967/5294/4967
f 4967/5294/4967 4963/5290/4963 4965/5291/4965
f 4966/5293/4966 4968/5295/4968 4967/5294/4967
f 4969/5296/4969 4967/5294/4967 4968/5295/4968
f 4967/5294/4967 4970/5297/4970 4963/5290/4963
f 4970/5297/4970 4967/5294/4967 4969/5296/4969
f 4971/5298/4971 4970/5297/4970 4969/5296/4969
f 4963/5290/4963 4970/5297/4970 4972/5299/4972
f 4971/5298/4971 4972/5299/4972 4970/5297/4970
f 4973/5300/4973 4972/5299/4972 4971/5298/4971
f 4961/5288/4961 4972/5299/4972 4973/5300/4973
f 4972/5299/4972 4961/5288/4961 4959/5287/4959
f 4972/5299/4972 4959/5287/4959 4963/5290/4963
f 4974/5301/4974 4973/5300/4973 4976/5302/4976
f 4973/5300/4973 4974/5301/4974 4961/5288/4961
f 4976/5302/4976 4973/5300/4973 4975/5303/4975
f 4971/5298/4971 4975/5303/4975 4973/5300/4973
f 4976/5302/4976 4923/5251/4923 4974/5301/4974
f 4978/5304/4978 4976/5302/4976 4977/5305/4977
f 4975/5303/4975 4977/5305/4977 4976/5302/4976
f 4978/5304/4978 4923/5251/4923 4976/5302/4976
f 4977/5305/4977 4979/5306/4979 4978/5304/4978
f 4978/5304/4978 4979/5306/4979 4922/5249/4922
f 4923/5251/4923 4978/5304/4978 4922/5249/4922
f 4980/5307/4980 4979/5306/4979 4977/5305/4977
f 4980/5307/4980 4852/5179/4852 4979/5306/4979
f 4979/5306/4979 4852/5179/4852 4860/5181/4860
f 4862/5186/4862 4979/5306/4979 4860/5181/4860
f 4979/5306/4979 4862/5186/4862 4865/5187/4865
f 4922/5249/4922 4979/5306/4979 4865/5187/4865
f 4980/5307/4980 4984/5308/4984 4981/5309/4981
f 4980/5307/4980 4981/5309/4981 4982/5310/4982
f 4977/5305/4977 4984/5308/4984 4980/5307/4980
f 4983/5311/4983 4980/5307/4980 4982/5310/4982
f 4980/5307/4980 4983/5311/4983 4852/5179/4852
f 4977/5305/4977 4981/5309/4981 4984/5308/4984
f 4982/5312/4982 4985/5313/4985 4983/5314/4983
f 4852/5173/4852 4983/5314/4983 4851/5172/4851
f 4983/5314/4983 4986/5315/4986 4851/5172/4851
f 4985/5313/4985 4986/5315/4986 4983/5314/4983
f 4986/5315/4986 4985/5313/4985 4987/5316/4987
f 4986/5315/4986 4987/5316/4987 4988/5317/4988
f 4851/5172/4851 4986/5315/4986 4988/5317/4988
f 4987/5316/4987 705/756/705 4988/5317/4988
f 4988/5317/4988 4989/5318/4989 4851/5172/4851
f 4988/5317/4988 4990/5319/4990 4989/5318/4989
f 705/756/705 4990/5319/4990 4988/5317/4988
f 704/755/704 4990/5319/4990 705/756/705
f 4843/5164/4843 4989/5318/4989 4990/5319/4990
f 4843/5164/4843 4990/5319/4990 704/755/704
f 4989/5318/4989 4843/5164/4843 4849/5170/4849
f 4851/5172/4851 4989/5318/4989 4849/5170/4849
f 4991/5320/4991 4987/5316/4987 4985/5313/4985
f 4992/5321/4992 4987/5316/4987 4991/5320/4991
f 4992/5321/4992 705/756/705 4987/5316/4987
f 4992/5321/4992 4993/5322/4993 709/760/709
f 4993/5322/4993 4992/5321/4992 4991/5320/4991
f 705/756/705 4992/5321/4992 707/758/707
f 4992/5321/4992 709/760/709 707/758/707
f 4994/5323/4994 716/768/716 4993/5322/4993
f 4994/5323/4994 4993/5322/4993 4991/5320/4991
f 4993/5322/4993 716/768/716 709/760/709
f 4997/5324/4997 4994/5323/4994 4995/5325/4995
f 4995/5325/4995 4994/5323/4994 4996/5326/4996
f 4994/5323/4994 4997/5324/4997 716/768/716
f 4996/5326/4996 4994/5323/4994 4991/5320/4991
f 4995/5327/4995 4999/5328/4999 4997/5329/4997
f 716/768/716 4997/5324/4997 5000/5330/5000
f 5000/5331/5000 4997/5329/4997 4998/5332/4998
f 4999/5328/4999 4998/5332/4998 4997/5329/4997
f 5002/5333/5002 715/766/715 5000/5330/5000
f 5000/5330/5000 715/766/715 716/768/716
f 5000/5331/5000 4998/5332/4998 5001/5334/5001
f 5001/5334/5001 5002/5335/5002 5000/5331/5000
f 5002/5335/5002 5001/5334/5001 5003/5336/5003
f 5004/5337/5004 5002/5335/5002 5003/5336/5003
f 5004/5338/5004 715/766/715 5002/5333/5002
f 5004/5338/5004 718/769/718 715/766/715
f 5007/5339/5007 5004/5337/5004 5005/5340/5005
f 5003/5336/5003 5005/5340/5005 5004/5337/5004
f 718/769/718 5004/5338/5004 5006/5341/5006
f 5004/5337/5004 5007/5339/5007 5006/5342/5006
f 5005/5340/5005 5008/5343/5008 5007/5339/5007
f 5008/5343/5008 5010/5344/5010 5007/5339/5007
f 5006/5342/5006 5007/5339/5007 5009/5345/5009
f 5007/5339/5007 5011/5346/5011 5009/5345/5009
f 5007/5339/5007 5010/5344/5010 5011/5346/5011
f 5009/5345/5009 5011/5346/5011 827/881/827
f 5011/5346/5011 829/882/829 827/881/827
f 5012/5347/5012 833/887/833 5011/5346/5011
f 833/887/833 829/882/829 5011/5346/5011
f 5011/5346/5011 5010/5344/5010 5012/5347/5012
f 837/891/837 833/887/833 5012/5347/5012
f 837/891/837 5012/5347/5012 5010/5344/5010
f 5010/5344/5010 5013/5348/5013 837/891/837
f 5014/5349/5014 5013/5348/5013 5010/5344/5010
f 5014/5349/5014 5010/5344/5010 5008/5343/5008
f 5013/5348/5013 5014/5349/5014 5015/5350/5015
f 5005/5340/5005 5015/5350/5015 5014/5349/5014
f 5008/5343/5008 5005/5340/5005 5014/5349/5014
f 5020/5351/5020 5015/5350/5015 5016/5352/5016
f 5016/5352/5016 5015/5350/5015 5021/5353/5021
f 5015/5350/5015 5005/5340/5005 5017/5354/5017
f 5015/5350/5015 5017/5354/5017 5021/5353/5021
f 5015/5350/5015 5018/5355/5018 5013/5348/5013
f 5019/5356/5019 5018/5355/5018 5015/5350/5015
f 5020/5351/5020 5019/5356/5019 5015/5350/5015
f 5016/5352/5016 5021/5353/5021 5001/5334/5001
f 5001/5334/5001 5021/5353/5021 5003/5336/5003
f 5003/5336/5003 5021/5353/5021 5017/5354/5017
f 5016/5352/5016 5024/5357/5024 5020/5351/5020
f 5023/5358/5023 5022/5359/5022 5020/5351/5020
f 5022/5359/5022 5019/5356/5019 5020/5351/5020
f 5024/5357/5024 5023/5358/5023 5020/5351/5020
f 5024/5357/5024 5016/5352/5016 4999/5328/4999
f 5024/5357/5024 5025/5360/5025 5023/5358/5023
f 5024/5357/5024 5026/5361/5026 5025/5360/5025
f 4999/5328/4999 5026/5361/5026 5024/5357/5024
f 5027/5362/5027 5026/5361/5026 4999/5328/4999
f 5026/5361/5026 5027/5362/5027 4975/5303/4975
f 5025/5360/5025 5026/5361/5026 4971/5298/4971
f 4975/5303/4975 4971/5298/4971 5026/5361/5026
f 4995/5327/4995 5027/5362/5027 4999/5328/4999
f 5028/5363/5028 5027/5362/5027 4995/5327/4995
f 4975/5303/4975 5027/5362/5027 5028/5363/5028
f 4995/5327/4995 5029/5364/5029 5028/5363/5028
f 4977/5305/4977 5028/5363/5028 4981/5309/4981
f 4975/5303/4975 5028/5363/5028 4977/5305/4977
f 5028/5363/5028 5029/5364/5029 4981/5309/4981
f 5029/5365/5029 4995/5325/4995 4996/5326/4996
f 5029/5365/5029 4996/5326/4996 4985/5313/4985
f 4981/5309/4981 5029/5364/5029 4982/5310/4982
f 4985/5313/4985 4982/5312/4982 5029/5365/5029
f 4969/5296/4969 5025/5360/5025 4971/5298/4971
f 5023/5358/5023 5025/5360/5025 5030/5366/5030
f 4969/5296/4969 5030/5366/5030 5025/5360/5025
f 5030/5366/5030 5031/5367/5031 5023/5358/5023
f 5031/5367/5031 5030/5366/5030 4969/5296/4969
f 4969/5296/4969 5032/5368/5032 5031/5367/5031
f 5033/5369/5033 5031/5367/5031 5032/5368/5032
f 5031/5367/5031 5033/5369/5033 5023/5358/5023
f 5032/5368/5032 5034/5370/5034 5033/5369/5033
f 5034/5370/5034 5035/5371/5035 5033/5369/5033
f 5035/5371/5035 5022/5359/5022 5033/5369/5033
f 5023/5358/5023 5033/5369/5033 5022/5359/5022
f 5035/5371/5035 5034/5370/5034 5037/5372/5037
f 5035/5371/5035 5036/5373/5036 5022/5359/5022
f 5035/5371/5035 5038/5374/5038 5036/5373/5036
f 5038/5374/5038 5035/5371/5035 5037/5372/5037
f 5039/5375/5039 5038/5374/5038 5037/5372/5037
f 5038/5374/5038 5039/5375/5039 5041/5376/5041
f 5042/5377/5042 5038/5374/5038 5040/5378/5040
f 5041/5376/5041 5040/5378/5040 5038/5374/5038
f 5038/5374/5038 5042/5377/5042 5036/5373/5036
f 5043/5379/5043 5042/5377/5042 5040/5378/5040
f 5036/5373/5036 5042/5377/5042 5043/5379/5043
f 5013/5348/5013 5018/5355/5018 5043/5379/5043
f 5018/5355/5018 5036/5373/5036 5043/5379/5043
f 836/890/836 5013/5348/5013 5043/5379/5043
f 5044/5380/5044 841/895/841 5043/5379/5043
f 836/890/836 5043/5379/5043 841/895/841
f 5043/5379/5043 5040/5378/5040 5044/5380/5044
f 5044/5380/5044 842/896/842 841/895/841
f 5044/5380/5044 5045/5381/5045 842/896/842
f 5040/5378/5040 5045/5381/5045 5044/5380/5044
f 5045/5381/5045 844/898/844 842/896/842
f 5045/5381/5045 5041/5376/5041 844/898/844
f 5041/5376/5041 5045/5381/5045 5040/5378/5040
f 5041/5376/5041 5046/5382/5046 5047/5383/5047
f 5046/5382/5046 5041/5376/5041 5039/5375/5039
f 5048/5384/5048 5041/5376/5041 5047/5383/5047
f 5041/5376/5041 5048/5384/5048 844/898/844
f 5050/5385/5050 5048/5384/5048 5049/5386/5049
f 5048/5384/5048 5047/5383/5047 5049/5386/5049
f 844/898/844 5048/5384/5048 5050/5385/5050
f 5050/5385/5050 5049/5386/5049 5052/5387/5052
f 5053/5388/5053 5050/5385/5050 5051/5389/5051
f 5052/5387/5052 5051/5389/5051 5050/5385/5050
f 5054/5390/5054 5050/5385/5050 5053/5388/5053
f 844/898/844 5050/5385/5050 5054/5390/5054
f 5055/5391/5055 850/904/850 5054/5390/5054
f 850/904/850 846/901/846 5054/5390/5054
f 844/898/844 5054/5390/5054 846/901/846
f 5053/5388/5053 5055/5391/5055 5054/5390/5054
f 850/904/850 5055/5391/5055 853/906/853
f 5056/5392/5056 853/906/853 5055/5391/5055
f 5055/5391/5055 5053/5388/5053 5056/5392/5056
f 5056/5392/5056 5057/5393/5057 5059/5394/5059
f 5058/5395/5058 5057/5393/5057 5056/5392/5056
f 5056/5392/5056 5053/5388/5053 5058/5395/5058
f 853/906/853 5056/5392/5056 5059/5394/5059
f 853/906/853 5059/5394/5059 5060/5396/5060
f 5061/5397/5061 5060/5396/5060 5059/5394/5059
f 5061/5397/5061 5059/5394/5059 5062/5398/5062
f 5057/5393/5057 5062/5398/5062 5059/5394/5059
f 5061/5397/5061 5062/5398/5062 5063/5399/5063
f 5062/5398/5062 5065/5400/5065 5063/5399/5063
f 5064/5401/5064 5065/5400/5065 5062/5398/5062
f 5064/5401/5064 5062/5398/5062 5057/5393/5057
f 5066/5402/5066 5063/5399/5063 5065/5400/5065
f 5065/5400/5065 5067/5403/5067 5066/5402/5066
f 5067/5403/5067 5065/5400/5065 5064/5401/5064
f 5068/5404/5068 5070/5405/5070 5067/5403/5067
f 5067/5403/5067 5069/5406/5069 5068/5404/5068
f 5064/5401/5064 5069/5406/5069 5067/5403/5067
f 5067/5403/5067 5070/5405/5070 5066/5402/5066
f 5070/5405/5070 5071/5407/5071 5072/5408/5072
f 5070/5405/5070 5068/5404/5068 5071/5407/5071
f 5066/5402/5066 5070/5405/5070 5063/5399/5063
f 5074/5409/5074 5063/5399/5063 5070/5405/5070
f 5072/5408/5072 5073/5410/5073 5070/5405/5070
f 5075/5411/5075 5070/5405/5070 5073/5410/5073
f 5075/5411/5075 5074/5409/5074 5070/5405/5070
f 5075/5411/5075 5076/5412/5076 5077/5413/5077
f 5075/5411/5075 5073/5410/5073 5076/5412/5076
f 5077/5413/5077 5074/5409/5074 5075/5411/5075
f 5077/5413/5077 5078/5414/5078 5074/5409/5074
f 5078/5414/5078 5077/5413/5077 891/944/891
f 5077/5413/5077 5076/5412/5076 891/944/891
f 888/941/888 5078/5414/5078 891/944/891
f 886/940/886 5078/5414/5078 888/941/888
f 5079/5415/5079 5074/5409/5074 5078/5414/5078
f 5080/5416/5080 5079/5415/5079 5078/5414/5078
f 5078/5414/5078 886/940/886 5080/5416/5080
f 5082/5417/5082 5080/5416/5080 886/940/886
f 5082/5417/5082 5081/5418/5081 5080/5416/5080
f 5081/5418/5081 5079/5415/5079 5080/5416/5080
f 886/940/886 5083/5419/5083 5082/5417/5082
f 860/914/860 5081/5418/5081 5082/5417/5082
f 5082/5417/5082 5083/5419/5083 863/918/863
f 863/918/863 860/914/860 5082/5417/5082
f 881/936/881 5083/5419/5083 886/940/886
f 881/936/881 862/917/862 5083/5419/5083
f 862/917/862 863/918/863 5083/5419/5083
f 5074/5409/5074 5079/5415/5079 5081/5418/5081
f 5061/5397/5061 5063/5399/5063 5081/5418/5081
f 5063/5399/5063 5074/5409/5074 5081/5418/5081
f 5084/5420/5084 5061/5397/5061 5081/5418/5081
f 860/914/860 5084/5420/5084 5081/5418/5081
f 5061/5397/5061 5084/5420/5084 5060/5396/5060
f 5060/5396/5060 5084/5420/5084 856/910/856
f 858/911/858 856/910/856 5084/5420/5084
f 858/911/858 5084/5420/5084 860/914/860
f 5085/5421/5085 891/944/891 5076/5412/5076
f 5076/5412/5076 5073/5410/5073 5085/5421/5085
f 5085/5421/5085 5087/5422/5087 5086/5423/5086
f 5085/5421/5085 5086/5423/5086 891/944/891
f 5085/5421/5085 5088/5424/5088 5087/5422/5087
f 5073/5410/5073 5088/5424/5088 5085/5421/5085
f 5087/5422/5087 5088/5424/5088 5089/5425/5089
f 5088/5424/5088 5091/5426/5091 5089/5425/5089
f 5088/5424/5088 5090/5427/5090 5091/5426/5091
f 5090/5427/5090 5088/5424/5088 5072/5408/5072
f 5073/5410/5073 5072/5408/5072 5088/5424/5088
f 5091/5426/5091 5094/5428/5094 5092/5429/5092
f 5092/5429/5092 5093/5430/5093 5091/5426/5091
f 5091/5426/5091 5090/5427/5090 5094/5428/5094
f 5089/5425/5089 5091/5426/5091 5093/5430/5093
f 5092/5429/5092 5094/5428/5094 5095/5431/5095
f 5094/5428/5094 5096/5432/5096 5095/5431/5095
f 5096/5432/5096 5094/5428/5094 5090/5427/5090
f 5096/5432/5096 5099/5433/5099 5095/5431/5095
f 5096/5432/5096 5098/5434/5098 5097/5435/5097
f 5097/5435/5097 5099/5433/5099 5096/5432/5096
f 5096/5432/5096 5090/5427/5090 5098/5434/5098
f 5099/5433/5099 5092/5429/5092 5095/5431/5095
f 5099/5433/5099 5100/5436/5100 5092/5429/5092
f 5099/5433/5099 5102/5437/5102 5100/5436/5100
f 5101/5438/5101 5099/5433/5099 5097/5435/5097
f 5099/5433/5099 5101/5438/5101 5102/5437/5102
f 5100/5436/5100 5102/5437/5102 5106/5439/5106
f 5106/5439/5106 5102/5437/5102 5103/5440/5103
f 5102/5437/5102 5104/5441/5104 5103/5440/5103
f 5104/5441/5104 5102/5437/5102 5105/5442/5105
f 5105/5442/5105 5102/5437/5102 5101/5438/5101
f 5100/5436/5100 5106/5439/5106 5107/5443/5107
f 5106/5439/5106 5103/5440/5103 5107/5443/5107
f 923/983/923 5107/5443/5107 5109/5444/5109
f 5108/5445/5108 5107/5443/5107 923/983/923
f 5110/5446/5110 5107/5443/5107 5108/5445/5108
f 5107/5443/5107 5103/5440/5103 5109/5444/5109
f 5110/5446/5110 5100/5436/5100 5107/5443/5107
f 5100/5436/5100 5110/5446/5110 5092/5429/5092
f 5110/5446/5110 5111/5447/5111 5092/5429/5092
f 5111/5447/5111 5110/5446/5110 5112/5448/5112
f 5112/5448/5112 5110/5446/5110 5113/5449/5113
f 5113/5449/5113 5110/5446/5110 5108/5445/5108
f 5113/5449/5113 5117/5450/5117 5114/5451/5114
f 5114/5451/5114 5115/5452/5115 5113/5449/5113
f 5113/5449/5113 5115/5452/5115 5116/5453/5116
f 5116/5453/5116 5112/5448/5112 5113/5449/5113
f 5108/5445/5108 5117/5450/5117 5113/5449/5113
f 921/979/921 5117/5450/5117 5108/5445/5108
f 5114/5451/5114 5117/5450/5117 921/979/921
f 5115/5452/5115 5118/5454/5118 5116/5453/5116
f 5118/5454/5118 5112/5448/5112 5116/5453/5116
f 5120/5455/5120 5118/5454/5118 5089/5425/5089
f 5118/5454/5118 5119/5456/5119 5089/5425/5089
f 898/952/898 5119/5456/5119 5118/5454/5118
f 5118/5454/5118 5115/5452/5115 898/952/898
f 5111/5447/5111 5118/5454/5118 5120/5455/5120
f 5118/5454/5118 5111/5447/5111 5112/5448/5112
f 5089/5425/5089 5093/5430/5093 5120/5455/5120
f 5093/5430/5093 5092/5429/5092 5120/5455/5120
f 5092/5429/5092 5121/5457/5121 5120/5455/5120
f 5120/5455/5120 5121/5457/5121 5111/5447/5111
f 5092/5429/5092 5111/5447/5111 5121/5457/5121
f 5119/5456/5119 897/953/897 5122/5458/5122
f 5122/5458/5122 5089/5425/5089 5119/5456/5119
f 898/952/898 897/953/897 5119/5456/5119
f 5086/5423/5086 5122/5458/5122 890/945/890
f 5087/5422/5087 5122/5458/5122 5086/5423/5086
f 890/945/890 5122/5458/5122 897/953/897
f 5087/5422/5087 5089/5425/5089 5122/5458/5122
f 5115/5452/5115 904/960/904 905/959/905
f 904/960/904 5115/5452/5115 5114/5451/5114
f 905/959/905 898/952/898 5115/5452/5115
f 910/967/910 5114/5451/5114 921/979/921
f 910/967/910 904/960/904 5114/5451/5114
f 5109/5444/5109 5123/5459/5123 924/984/924
f 5124/5460/5124 5123/5459/5123 5109/5444/5109
f 5125/5461/5125 5124/5460/5124 5109/5444/5109
f 923/983/923 5109/5444/5109 924/984/924
f 5125/5461/5125 5109/5444/5109 5103/5440/5103
f 5126/5462/5126 5124/5460/5124 5125/5461/5125
f 5126/5462/5126 5125/5461/5125 5127/5463/5127
f 5128/5464/5128 5125/5461/5125 5103/5440/5103
f 5128/5464/5128 5127/5463/5127 5125/5461/5125
f 5127/5463/5127 5128/5464/5128 5130/5465/5130
f 5129/5466/5129 5128/5464/5128 5131/5467/5131
f 5130/5465/5130 5128/5464/5128 5129/5466/5129
f 5131/5467/5131 5128/5464/5128 5105/5442/5105
f 5104/5441/5104 5128/5464/5128 5103/5440/5103
f 5128/5464/5128 5104/5441/5104 5105/5442/5105
f 5131/5467/5131 5133/5468/5133 5132/5469/5132
f 5132/5469/5132 5129/5466/5129 5131/5467/5131
f 5105/5442/5105 5133/5468/5133 5131/5467/5131
f 5097/5435/5097 5135/5470/5135 5133/5468/5133
f 5097/5435/5097 5133/5468/5133 5105/5442/5105
f 5132/5469/5132 5133/5468/5133 5134/5471/5134
f 5134/5471/5134 5133/5468/5133 5136/5472/5136
f 5135/5470/5135 5136/5472/5136 5133/5468/5133
f 5138/5473/5138 5136/5472/5136 5137/5474/5137
f 5135/5470/5135 5137/5474/5137 5136/5472/5136
f 5134/5471/5134 5136/5472/5136 5139/5475/5139
f 5136/5472/5136 5138/5473/5138 5139/5475/5139
f 5138/5473/5138 5140/5476/5140 5139/5475/5139
f 5140/5476/5140 5142/5477/5142 5139/5475/5139
f 5142/5477/5142 5141/5478/5141 5139/5475/5139
f 5139/5475/5139 5141/5478/5141 5129/5466/5129
f 5134/5471/5134 5139/5475/5139 5132/5469/5132
f 5139/5475/5139 5129/5466/5129 5132/5469/5132
f 5142/5477/5142 5144/5479/5144 5143/5480/5143
f 5141/5478/5141 5142/5477/5142 5143/5480/5143
f 5144/5479/5144 5142/5477/5142 5140/5476/5140
f 5148/5481/5148 5143/5480/5143 5144/5479/5144
f 5144/5479/5144 5146/5482/5146 5145/5483/5145
f 5145/5483/5145 5148/5481/5148 5144/5479/5144
f 5146/5482/5146 5144/5479/5144 5147/5484/5147
f 5147/5484/5147 5144/5479/5144 5140/5476/5140
f 5152/5485/5152 5143/5480/5143 5148/5481/5148
f 5145/5483/5145 5150/5486/5150 5148/5481/5148
f 5150/5486/5150 5149/5487/5149 5148/5481/5148
f 5151/5488/5151 5148/5481/5148 5149/5487/5149
f 5148/5481/5148 5151/5488/5151 5152/5485/5152
f 5152/5485/5152 5153/5489/5153 5154/5490/5154
f 5153/5489/5153 5152/5485/5152 5151/5488/5151
f 5152/5485/5152 5154/5490/5154 5143/5480/5143
f 5154/5490/5154 5153/5489/5153 5155/5491/5155
f 5130/5465/5130 5154/5490/5154 5155/5491/5155
f 5130/5465/5130 5141/5478/5141 5154/5490/5154
f 5154/5490/5154 5141/5478/5141 5143/5480/5143
f 5158/5492/5158 5155/5491/5155 5153/5489/5153
f 5155/5491/5155 5157/5493/5157 5156/5494/5156
f 5156/5494/5156 5127/5463/5127 5155/5491/5155
f 5158/5492/5158 5157/5493/5157 5155/5491/5155
f 5155/5491/5155 5127/5463/5127 5130/5465/5130
f 5158/5492/5158 5153/5489/5153 5151/5488/5151
f 5160/5495/5160 5159/5496/5159 5158/5492/5158
f 5158/5492/5158 5159/5496/5159 5157/5493/5157
f 5158/5492/5158 5151/5488/5151 5160/5495/5160
f 5160/5495/5160 5161/5497/5161 953/1023/953
f 5159/5496/5159 5160/5495/5160 953/1023/953
f 5160/5495/5160 5151/5488/5151 5161/5497/5161
f 5161/5497/5161 952/1022/952 953/1023/953
f 952/1022/952 5161/5497/5161 962/1037/962
f 962/1037/962 5161/5497/5161 5149/5487/5149
f 5149/5487/5149 5161/5497/5161 5151/5488/5151
f 5159/5496/5159 953/1023/953 943/1010/943
f 5159/5496/5159 943/1010/943 944/1009/944
f 5157/5493/5157 5159/5496/5159 944/1009/944
f 944/1009/944 5156/5494/5156 5157/5493/5157
f 5156/5494/5156 5126/5462/5126 5127/5463/5127
f 5126/5462/5126 5156/5494/5156 933/994/933
f 935/1012/935 5156/5494/5156 944/1009/944
f 935/1012/935 933/994/933 5156/5494/5156
f 5150/5486/5150 5145/5483/5145 5162/5498/5162
f 5150/5486/5150 5162/5498/5162 967/1045/967
f 5150/5486/5150 968/1040/968 5149/5487/5149
f 5150/5486/5150 967/1045/967 968/1040/968
f 5162/5498/5162 5145/5483/5145 5163/5499/5163
f 5163/5499/5163 5167/5500/5167 5162/5498/5162
f 5162/5498/5162 5168/5501/5168 5164/5502/5164
f 5164/5502/5164 5165/5503/5165 5162/5498/5162
f 5162/5498/5162 5165/5503/5165 5166/5504/5166
f 5162/5498/5162 5166/5504/5166 967/1045/967
f 5168/5501/5168 5162/5498/5162 5167/5500/5167
f 5170/5505/5170 5169/5506/5169 5168/5501/5168
f 5169/5507/5169 975/1053/975 5168/5508/5168
f 5168/5508/5168 975/1053/975 5164/5509/5164
f 5170/5505/5170 5168/5501/5168 5167/5500/5167
f 5167/5500/5167 5146/5482/5146 5170/5505/5170
f 5170/5505/5170 5171/5510/5171 5172/5511/5172
f 5171/5510/5171 5170/5505/5170 5146/5482/5146
f 5170/5505/5170 5172/5511/5172 5169/5506/5169
f 1181/1270/1181 5172/5511/5172 1180/1266/1180
f 5172/5511/5172 1181/1270/1181 5173/5512/5173
f 5172/5511/5172 5173/5512/5173 5169/5506/5169
f 5172/5511/5172 5171/5510/5171 1180/1266/1180
f 5174/5513/5174 5169/5506/5169 5173/5512/5173
f 5173/5512/5173 1181/1270/1181 5174/5513/5174
f 5169/5507/5169 5174/5514/5174 5175/5515/5175
f 1181/1270/1181 1176/1265/1176 5174/5513/5174
f 5174/5514/5174 1176/5516/1176 5175/5515/5175
f 5169/5507/5169 5175/5515/5175 5177/5517/5177
f 1161/1246/1161 5176/5518/5176 5175/5515/5175
f 5175/5515/5175 5176/5518/5176 5177/5517/5177
f 5175/5515/5175 5178/5519/5178 1164/1249/1164
f 1161/1246/1161 5175/5515/5175 1164/1249/1164
f 1176/5516/1176 5178/5519/5178 5175/5515/5175
f 1164/1249/1164 5178/5519/5178 1176/5516/1176
f 5177/5517/5177 975/1053/975 5169/5507/5169
f 5177/5517/5177 976/1052/976 975/1053/975
f 5177/5517/5177 5176/5518/5176 976/1052/976
f 1161/1246/1161 5179/5520/5179 5176/5518/5176
f 5176/5518/5176 5179/5520/5179 5180/5521/5180
f 5176/5518/5176 5180/5521/5180 976/1052/976
f 5180/5521/5180 978/1054/978 974/1050/974
f 978/1054/978 5180/5521/5180 5181/5522/5181
f 976/1052/976 5180/5521/5180 974/1050/974
f 5180/5521/5180 5179/5520/5179 5181/5522/5181
f 5181/5522/5181 1149/1234/1149 978/1054/978
f 1157/1242/1157 5181/5522/5181 5179/5520/5179
f 5181/5522/5181 1157/1242/1157 1149/1234/1149
f 5179/5520/5179 1161/1246/1161 1157/1242/1157
f 5171/5510/5171 5182/5523/5182 1178/1267/1178
f 1178/1267/1178 1180/1266/1180 5171/5510/5171
f 5146/5482/5146 5183/5524/5183 5171/5510/5171
f 5182/5523/5182 5171/5510/5171 5183/5524/5183
f 5183/5524/5183 5186/5525/5186 5184/5526/5184
f 5183/5524/5183 5184/5526/5184 5185/5527/5185
f 5188/5528/5188 5183/5524/5183 5185/5527/5185
f 5183/5524/5183 5187/5529/5187 5186/5525/5186
f 5187/5529/5187 5183/5524/5183 5146/5482/5146
f 5182/5523/5182 5183/5524/5183 5188/5528/5188
f 5185/5527/5185 5189/5530/5189 5188/5528/5188
f 5188/5528/5188 5189/5530/5189 5190/5531/5190
f 5188/5528/5188 5190/5531/5190 5192/5532/5192
f 5191/5533/5191 5182/5523/5182 5188/5528/5188
f 5191/5533/5191 5188/5528/5188 5192/5532/5192
f 5193/5534/5193 5194/5535/5194 5192/5532/5192
f 5192/5532/5192 5195/5536/5195 5193/5534/5193
f 5194/5535/5194 5191/5533/5191 5192/5532/5192
f 5192/5532/5192 5190/5531/5190 5196/5537/5196
f 5195/5536/5195 5192/5532/5192 5196/5537/5196
f 5190/5531/5190 5197/5538/5197 5196/5537/5196
f 5197/5538/5197 5195/5536/5195 5196/5537/5196
f 5198/5539/5198 5199/5540/5199 5197/5538/5197
f 5197/5538/5197 5190/5531/5190 5198/5539/5198
f 5202/5541/5202 5197/5538/5197 5199/5540/5199
f 5197/5538/5197 5200/5542/5200 5195/5536/5195
f 5200/5542/5200 5197/5538/5197 5201/5543/5201
f 5202/5541/5202 5201/5543/5201 5197/5538/5197
f 5203/5544/5203 5202/5541/5202 5204/5545/5204
f 5201/5543/5201 5202/5541/5202 5203/5544/5203
f 5205/5546/5205 5202/5541/5202 5199/5540/5199
f 5202/5541/5202 5205/5546/5205 5204/5545/5204
f 5205/5546/5205 5207/5547/5207 5204/5545/5204
f 5209/5548/5209 5205/5546/5205 5199/5540/5199
f 5205/5546/5205 5208/5549/5208 5206/5550/5206
f 5207/5547/5207 5205/5546/5205 5206/5550/5206
f 5208/5549/5208 5205/5546/5205 5209/5548/5209
f 5199/5540/5199 5198/5539/5198 5209/5548/5209
f 5209/5548/5209 5198/5539/5198 5190/5531/5190
f 5190/5531/5190 5211/5551/5211 5209/5548/5209
f 5208/5549/5208 5209/5548/5209 5210/5552/5210
f 5209/5548/5209 5211/5551/5211 5210/5552/5210
f 5211/5551/5211 5212/5553/5212 5213/5554/5213
f 5211/5551/5211 5190/5531/5190 5212/5553/5212
f 5213/5554/5213 5215/5555/5215 5211/5551/5211
f 5214/5556/5214 5210/5552/5210 5211/5551/5211
f 5211/5551/5211 5215/5555/5215 5214/5556/5214
f 5216/5557/5216 5215/5555/5215 5213/5554/5213
f 5217/5558/5217 5215/5555/5215 5216/5557/5216
f 5217/5558/5217 5214/5556/5214 5215/5555/5215
f 5214/5556/5214 5217/5558/5217 5220/5559/5220
f 5218/5560/5218 5217/5558/5217 5219/5561/5219
f 5220/5559/5220 5217/5558/5217 5218/5560/5218
f 5217/5558/5217 5216/5557/5216 5219/5561/5219
f 5222/5562/5222 5220/5559/5220 5221/5563/5221
f 5223/5564/5223 5221/5563/5221 5220/5559/5220
f 5222/5562/5222 5208/5549/5208 5220/5559/5220
f 5208/5549/5208 5214/5556/5214 5220/5559/5220
f 5220/5559/5220 5218/5560/5218 5223/5564/5223
f 5221/5563/5221 5223/5564/5223 5224/5565/5224
f 5224/5565/5224 5223/5564/5223 5218/5560/5218
f 5071/5407/5071 5224/5565/5224 5225/5566/5225
f 5071/5407/5071 5069/5406/5069 5224/5565/5224
f 5224/5565/5224 5069/5406/5069 5221/5563/5221
f 5218/5560/5218 5225/5566/5225 5224/5565/5224
f 5227/5567/5227 5071/5407/5071 5225/5566/5225
f 5218/5560/5218 5226/5568/5226 5225/5566/5225
f 5225/5566/5225 5226/5568/5226 5227/5567/5227
f 5072/5408/5072 5071/5407/5071 5227/5567/5227
f 5227/5567/5227 5226/5568/5226 5090/5427/5090
f 5227/5567/5227 5090/5427/5090 5072/5408/5072
f 5226/5568/5226 5219/5561/5219 5228/5569/5228
f 5226/5568/5226 5228/5569/5228 5229/5570/5229
f 5229/5570/5229 5090/5427/5090 5226/5568/5226
f 5219/5561/5219 5226/5568/5226 5218/5560/5218
f 5098/5434/5098 5229/5570/5229 5228/5569/5228
f 5229/5570/5229 5098/5434/5098 5090/5427/5090
f 5216/5557/5216 5098/5434/5098 5228/5569/5228
f 5219/5561/5219 5216/5557/5216 5228/5569/5228
f 5231/5571/5231 5230/5572/5230 5222/5562/5222
f 5222/5562/5222 5230/5572/5230 5208/5549/5208
f 5231/5571/5231 5222/5562/5222 5221/5563/5221
f 5231/5571/5231 5234/5573/5234 5232/5574/5232
f 5232/5574/5232 5207/5547/5207 5231/5571/5231
f 5231/5571/5231 5207/5547/5207 5230/5572/5230
f 5231/5571/5231 5233/5575/5233 5234/5573/5234
f 5231/5571/5231 5221/5563/5221 5233/5575/5233
f 5234/5573/5234 5235/5576/5235 5232/5574/5232
f 5234/5573/5234 5233/5575/5233 5235/5576/5235
f 5236/5577/5236 5238/5578/5238 5235/5576/5235
f 5235/5576/5235 5233/5575/5233 5236/5577/5236
f 5235/5576/5235 5237/5579/5237 5232/5574/5232
f 5235/5576/5235 5238/5578/5238 5237/5579/5237
f 5238/5578/5238 5239/5580/5239 5237/5579/5237
f 5236/5577/5236 5057/5393/5057 5238/5578/5238
f 5058/5395/5058 5239/5580/5239 5238/5578/5238
f 5238/5578/5238 5057/5393/5057 5058/5395/5058
f 5051/5389/5051 5052/5387/5052 5239/5580/5239
f 5052/5387/5052 5240/5581/5240 5239/5580/5239
f 5239/5580/5239 5240/5581/5240 5241/5582/5241
f 5241/5582/5241 5237/5579/5237 5239/5580/5239
f 5051/5389/5051 5239/5580/5239 5058/5395/5058
f 5241/5582/5241 5244/5583/5244 5242/5584/5242
f 5242/5584/5242 5237/5579/5237 5241/5582/5241
f 5243/5585/5243 5241/5582/5241 5240/5581/5240
f 5243/5585/5243 5244/5583/5244 5241/5582/5241
f 5246/5586/5246 5244/5583/5244 5243/5585/5243
f 5242/5584/5242 5244/5583/5244 5245/5587/5245
f 5245/5587/5245 5244/5583/5244 5247/5588/5247
f 5247/5588/5247 5244/5583/5244 5246/5586/5246
f 5246/5586/5246 5248/5589/5248 5247/5588/5247
f 5248/5589/5248 5249/5590/5249 5247/5588/5247
f 5249/5590/5249 5245/5587/5245 5247/5588/5247
f 5250/5591/5250 5249/5590/5249 5248/5589/5248
f 5249/5590/5249 5250/5591/5250 5251/5592/5251
f 5252/5593/5252 5249/5590/5249 5251/5592/5251
f 5249/5590/5249 5252/5593/5252 5245/5587/5245
f 5252/5593/5252 5251/5592/5251 5254/5594/5254
f 5255/5595/5255 5253/5596/5253 5252/5593/5252
f 5253/5596/5253 5232/5574/5232 5252/5593/5252
f 5252/5593/5252 5232/5574/5232 5242/5584/5242
f 5252/5593/5252 5254/5594/5254 5255/5595/5255
f 5252/5593/5252 5242/5584/5242 5245/5587/5245
f 5255/5595/5255 5204/5545/5204 5207/5547/5207
f 5254/5594/5254 5204/5545/5204 5255/5595/5255
f 5253/5596/5253 5255/5595/5255 5207/5547/5207
f 5251/5592/5251 5256/5597/5256 5254/5594/5254
f 5256/5597/5256 5203/5544/5203 5254/5594/5254
f 5204/5545/5204 5254/5594/5254 5203/5544/5203
f 5251/5592/5251 5258/5598/5258 5256/5597/5256
f 5256/5597/5256 5259/5599/5259 5203/5544/5203
f 5256/5597/5256 5258/5598/5258 5257/5600/5257
f 5257/5600/5257 5259/5599/5259 5256/5597/5256
f 5263/5601/5263 5259/5599/5259 5260/5602/5260
f 5260/5602/5260 5259/5599/5259 5261/5603/5261
f 5257/5600/5257 5261/5603/5261 5259/5599/5259
f 5262/5604/5262 5203/5544/5203 5259/5599/5259
f 5263/5601/5263 5262/5604/5262 5259/5599/5259
f 5263/5601/5263 5265/5605/5265 5262/5604/5262
f 5263/5601/5263 5264/5606/5264 5265/5605/5265
f 5263/5601/5263 5260/5602/5260 5264/5606/5264
f 5265/5605/5265 5264/5606/5264 5266/5607/5266
f 5195/5536/5195 5265/5605/5265 5266/5607/5266
f 5195/5536/5195 5200/5542/5200 5265/5605/5265
f 5200/5542/5200 5262/5604/5262 5265/5605/5265
f 5264/5606/5264 1189/1275/1189 5266/5607/5266
f 5266/5607/5266 1185/1273/1185 5193/5534/5193
f 1185/1273/1185 5266/5607/5266 1189/1275/1189
f 5266/5607/5266 5193/5534/5193 5195/5536/5195
f 5260/5602/5260 1191/1279/1191 5264/5606/5264
f 1191/1279/1191 1189/1275/1189 5264/5606/5264
f 5262/5604/5262 5201/5543/5201 5203/5544/5203
f 5262/5604/5262 5200/5542/5200 5201/5543/5201
f 5261/5603/5261 5268/5608/5268 5260/5602/5260
f 5267/5609/5267 5261/5603/5261 5269/5610/5269
f 5268/5608/5268 5261/5603/5261 5267/5609/5267
f 5261/5603/5261 5257/5600/5257 5269/5610/5269
f 5270/5611/5270 5269/5610/5269 5271/5612/5271
f 5269/5610/5269 5270/5611/5270 5272/5613/5272
f 5269/5610/5269 5258/5598/5258 5271/5612/5271
f 5272/5613/5272 5267/5609/5267 5269/5610/5269
f 5257/5600/5257 5258/5598/5258 5269/5610/5269
f 5273/5614/5273 5267/5609/5267 5272/5613/5272
f 5273/5614/5273 5272/5613/5272 5274/5615/5274
f 5274/5615/5274 5272/5613/5272 5270/5611/5270
f 5273/5614/5273 5274/5615/5274 5275/5616/5275
f 5274/5615/5274 5276/5617/5276 5275/5616/5275
f 5277/5618/5277 5276/5617/5276 5274/5615/5274
f 5277/5618/5277 5274/5615/5274 5278/5619/5278
f 5278/5619/5278 5274/5615/5274 5270/5611/5270
f 5278/5619/5278 5270/5611/5270 5279/5620/5279
f 5279/5620/5279 5277/5618/5277 5278/5619/5278
f 5279/5620/5279 5280/5621/5280 5281/5622/5281
f 5248/5589/5248 5280/5621/5280 5279/5620/5279
f 5248/5589/5248 5279/5620/5279 5250/5591/5250
f 5279/5620/5279 5271/5612/5271 5250/5591/5250
f 5279/5620/5279 5270/5611/5270 5271/5612/5271
f 5277/5618/5277 5279/5620/5279 5281/5622/5281
f 5281/5622/5281 5280/5621/5280 5282/5623/5282
f 5282/5623/5282 5284/5624/5284 5281/5622/5281
f 5284/5624/5284 5283/5625/5283 5281/5622/5281
f 5281/5622/5281 5283/5625/5283 5277/5618/5277
f 5284/5624/5284 5282/5623/5282 5286/5626/5286
f 5285/5627/5285 5283/5625/5283 5284/5624/5284
f 5285/5627/5285 5284/5624/5284 5288/5628/5288
f 5284/5624/5284 5286/5626/5286 5287/5629/5287
f 5287/5629/5287 5288/5628/5288 5284/5624/5284
f 5287/5629/5287 4968/5295/4968 5288/5628/5288
f 5288/5628/5288 4968/5295/4968 4966/5293/4966
f 5288/5628/5288 4966/5293/4966 5285/5627/5285
f 4968/5295/4968 5287/5629/5287 5034/5370/5034
f 5034/5370/5034 5287/5629/5287 5286/5626/5286
f 5282/5623/5282 5292/5630/5292 5286/5626/5286
f 5292/5630/5292 5289/5631/5289 5286/5626/5286
f 5289/5631/5289 5290/5632/5290 5286/5626/5286
f 5034/5370/5034 5286/5626/5286 5037/5372/5037
f 5290/5632/5290 5291/5633/5291 5286/5626/5286
f 5291/5633/5291 5037/5372/5037 5286/5626/5286
f 5289/5631/5289 5292/5630/5292 5280/5621/5280
f 5280/5621/5280 5292/5630/5292 5282/5623/5282
f 5037/5372/5037 5291/5633/5291 5039/5375/5039
f 5039/5375/5039 5291/5633/5291 5290/5632/5290
f 5290/5632/5290 5293/5634/5293 5039/5375/5039
f 5290/5632/5290 5289/5631/5289 5293/5634/5293
f 5293/5634/5293 5246/5586/5246 5243/5585/5243
f 5289/5631/5289 5246/5586/5246 5293/5634/5293
f 5293/5634/5293 5046/5382/5046 5039/5375/5039
f 5293/5634/5293 5047/5383/5047 5046/5382/5046
f 5243/5585/5243 5294/5635/5294 5293/5634/5293
f 5293/5634/5293 5294/5635/5294 5047/5383/5047
f 5240/5581/5240 5294/5635/5294 5243/5585/5243
f 5240/5581/5240 5052/5387/5052 5294/5635/5294
f 5294/5635/5294 5049/5386/5049 5047/5383/5047
f 5049/5386/5049 5294/5635/5294 5052/5387/5052
f 5246/5586/5246 5289/5631/5289 5248/5589/5248
f 5289/5631/5289 5280/5621/5280 5248/5589/5248
f 5283/5625/5283 5285/5627/5285 4966/5293/4966
f 4966/5293/4966 4964/5292/4964 5283/5625/5283
f 5283/5625/5283 4964/5292/4964 5295/5636/5295
f 5297/5637/5297 5283/5625/5283 5295/5636/5295
f 5283/5625/5283 5296/5638/5296 5277/5618/5277
f 5297/5637/5297 5296/5638/5296 5283/5625/5283
f 5299/5639/5299 5298/5640/5298 5297/5637/5297
f 5297/5637/5297 5298/5640/5298 5296/5638/5296
f 5299/5639/5299 5297/5637/5297 5295/5636/5295
f 4954/5282/4954 5299/5639/5299 5300/5641/5300
f 5300/5641/5300 5299/5639/5299 5295/5636/5295
f 5301/5642/5301 5302/5643/5302 5299/5639/5299
f 5303/5644/5303 5301/5642/5301 5299/5639/5299
f 5298/5640/5298 5299/5639/5299 5302/5643/5302
f 4954/5282/4954 4956/5281/4956 5299/5639/5299
f 5299/5639/5299 4956/5281/4956 5303/5644/5303
f 5303/5644/5303 5305/5645/5305 5304/5646/5304
f 5303/5644/5303 5304/5646/5304 5301/5642/5301
f 5305/5645/5305 5303/5644/5303 4950/5277/4950
f 4956/5281/4956 4950/5277/4950 5303/5644/5303
f 5305/5645/5305 5307/5647/5307 5306/5648/5306
f 5306/5648/5306 5304/5646/5304 5305/5645/5305
f 4948/5276/4948 5307/5647/5307 5305/5645/5305
f 4948/5276/4948 5305/5645/5305 4950/5277/4950
f 5306/5648/5306 5307/5647/5307 5310/5649/5310
f 5309/5650/5309 5307/5647/5307 5308/5651/5308
f 5308/5651/5308 5307/5647/5307 4948/5276/4948
f 5309/5650/5309 5310/5649/5310 5307/5647/5307
f 5310/5649/5310 1201/1289/1201 1198/1286/1198
f 1198/1286/1198 5311/5652/5311 5310/5649/5310
f 5310/5649/5310 5311/5652/5311 5306/5648/5306
f 1201/1289/1201 5310/5649/5310 5312/5653/5312
f 5309/5650/5309 5312/5653/5312 5310/5649/5310
f 5312/5653/5312 1205/1292/1205 1201/1289/1201
f 5308/5651/5308 5312/5653/5312 5309/5650/5309
f 1205/1292/1205 5312/5653/5312 5313/5654/5313
f 5308/5651/5308 5313/5654/5313 5312/5653/5312
f 5314/5655/5314 5313/5654/5313 5315/5656/5315
f 5313/5654/5313 5314/5655/5314 1203/1291/1203
f 1203/1291/1203 1205/1292/1205 5313/5654/5313
f 5308/5651/5308 5315/5656/5315 5313/5654/5313
f 5316/5657/5316 5314/5655/5314 5315/5656/5315
f 5315/5656/5315 4949/5275/4949 5316/5657/5316
f 4948/5276/4948 5315/5656/5315 5308/5651/5308
f 4948/5276/4948 4949/5275/4949 5315/5656/5315
f 5316/5657/5316 4949/5275/4949 4945/5274/4945
f 5317/5658/5317 5316/5657/5316 4945/5274/4945
f 5316/5657/5316 5317/5658/5317 5319/5659/5319
f 5318/5660/5318 5314/5655/5314 5316/5657/5316
f 5319/5659/5319 5318/5660/5318 5316/5657/5316
f 5320/5661/5320 5322/5662/5322 5319/5659/5319
f 5319/5659/5319 5321/5663/5321 5320/5661/5320
f 5318/5660/5318 5319/5659/5319 5322/5662/5322
f 5317/5658/5317 5321/5663/5321 5319/5659/5319
f 5322/5662/5322 5323/5664/5323 5324/5665/5324
f 5320/5661/5320 5323/5664/5323 5322/5662/5322
f 5325/5666/5325 5318/5660/5318 5322/5662/5322
f 5322/5662/5322 5324/5665/5324 5325/5666/5325
f 5318/5660/5318 5325/5666/5325 5326/5667/5326
f 5325/5666/5325 5327/5668/5327 5326/5667/5326
f 1213/1302/1213 5325/5666/5325 5324/5665/5324
f 5325/5666/5325 1213/1302/1213 5327/5668/5327
f 1204/1293/1204 5326/5667/5326 5327/5668/5327
f 5327/5668/5327 1211/1300/1211 1204/1293/1204
f 1211/1300/1211 5327/5668/5327 1213/1302/1213
f 1203/1291/1203 5314/5655/5314 5326/5667/5326
f 1203/1291/1203 5326/5667/5326 1204/1293/1204
f 5318/5660/5318 5326/5667/5326 5314/5655/5314
f 5323/5669/5323 5328/5670/5328 5324/5671/5324
f 5324/5671/5324 5328/5670/5328 5329/5672/5329
f 5324/5671/5324 5329/5672/5329 5330/5673/5330
f 1213/1302/1213 5324/5665/5324 5330/5674/5330
f 5330/5673/5330 5331/5675/5331 1214/1304/1214
f 1213/1302/1213 5330/5674/5330 1214/1301/1214
f 5330/5673/5330 5329/5672/5329 5331/5675/5331
f 1214/1304/1214 5331/5675/5331 5335/5676/5335
f 5329/5672/5329 5333/5677/5333 5331/5675/5331
f 5331/5675/5331 5332/5678/5332 5334/5679/5334
f 5333/5677/5333 5332/5678/5332 5331/5675/5331
f 5331/5675/5331 5334/5679/5334 5335/5676/5335
f 1216/1305/1216 1214/1304/1214 5335/5676/5335
f 5335/5676/5335 5334/5679/5334 1216/1305/1216
f 5334/5679/5334 5336/5680/5336 1216/1305/1216
f 5334/5679/5334 5338/5681/5338 5336/5680/5336
f 5338/5681/5338 5334/5679/5334 5337/5682/5337
f 5337/5682/5337 5334/5679/5334 5332/5678/5332
f 5340/5683/5340 5336/5680/5336 5338/5681/5338
f 5340/5683/5340 5338/5681/5338 5339/5684/5339
f 5341/5685/5341 5339/5684/5339 5338/5681/5338
f 5341/5685/5341 5338/5681/5338 5337/5682/5337
f 5341/5685/5341 5342/5686/5342 5343/5687/5343
f 5344/5688/5344 5342/5686/5342 5341/5685/5341
f 5343/5687/5343 5339/5684/5339 5341/5685/5341
f 5344/5688/5344 5341/5685/5341 5337/5682/5337
f 5347/5689/5347 5344/5688/5344 5345/5690/5345
f 5344/5688/5344 5346/5691/5346 5345/5690/5345
f 5332/5678/5332 5346/5691/5346 5344/5688/5344
f 5344/5688/5344 5337/5682/5337 5332/5678/5332
f 5342/5686/5342 5344/5688/5344 5347/5689/5347
f 5347/5689/5347 5348/5692/5348 5342/5686/5342
f 5347/5689/5347 5349/5693/5349 5348/5692/5348
f 5347/5689/5347 5345/5690/5345 5349/5693/5349
f 5349/5693/5349 5354/5694/5354 5350/5695/5350
f 5350/5695/5350 5351/5696/5351 5349/5693/5349
f 5349/5693/5349 5351/5696/5351 5352/5697/5352
f 5352/5697/5352 5353/5698/5353 5349/5693/5349
f 5348/5692/5348 5349/5693/5349 5353/5698/5353
f 5349/5693/5349 5345/5690/5345 5354/5694/5354
f 5354/5694/5354 5358/5699/5358 5350/5695/5350
f 5355/5700/5355 5354/5694/5354 5357/5701/5357
f 5355/5700/5355 5358/5699/5358 5354/5694/5354
f 5354/5694/5354 5345/5690/5345 5356/5702/5356
f 5356/5702/5356 5357/5701/5357 5354/5694/5354
f 5358/5699/5358 5360/5703/5360 5350/5695/5350
f 5358/5699/5358 5361/5704/5361 5359/5705/5359
f 5360/5703/5360 5358/5699/5358 5359/5705/5359
f 5358/5699/5358 5355/5700/5355 5361/5704/5361
f 5367/5706/5367 5361/5704/5361 5355/5700/5355
f 5362/5707/5362 5361/5704/5361 5364/5708/5364
f 5361/5704/5361 5362/5707/5362 5366/5709/5366
f 5365/5710/5365 5363/5711/5363 5361/5704/5361
f 5364/5708/5364 5361/5704/5361 5363/5711/5363
f 5367/5706/5367 5365/5710/5365 5361/5704/5361
f 5366/5709/5366 5359/5705/5359 5361/5704/5361
f 5367/5706/5367 5368/5712/5368 5365/5710/5365
f 5367/5706/5367 5357/5701/5357 5368/5712/5368
f 5357/5701/5357 5367/5706/5367 5355/5700/5355
f 5368/5712/5368 5369/5713/5369 5328/5670/5328
f 5328/5670/5328 5323/5669/5323 5368/5712/5368
f 5370/5714/5370 5368/5712/5368 5323/5669/5323
f 5357/5701/5357 5369/5713/5369 5368/5712/5368
f 5368/5712/5368 5370/5714/5370 5365/5710/5365
f 5365/5710/5365 5370/5714/5370 5363/5711/5363
f 5363/5711/5363 5370/5714/5370 5371/5715/5371
f 5372/5716/5372 5371/5715/5371 5370/5714/5370
f 5370/5714/5370 5323/5669/5323 5372/5716/5372
f 5323/5664/5323 5373/5717/5373 5372/5718/5372
f 5373/5717/5373 5375/5719/5375 5372/5718/5372
f 5374/5720/5374 5371/5715/5371 5372/5716/5372
f 5375/5719/5375 5374/5721/5374 5372/5718/5372
f 5377/5722/5377 5376/5723/5376 5375/5719/5375
f 5376/5723/5376 5374/5721/5374 5375/5719/5375
f 5375/5719/5375 5378/5724/5378 5377/5722/5377
f 5375/5719/5375 5321/5663/5321 5378/5724/5378
f 5373/5717/5373 5321/5663/5321 5375/5719/5375
f 5378/5724/5378 5380/5725/5380 5377/5722/5377
f 5381/5726/5381 5378/5724/5378 5321/5663/5321
f 5379/5727/5379 5378/5724/5378 5381/5726/5381
f 5379/5727/5379 5380/5725/5380 5378/5724/5378
f 5317/5658/5317 5381/5726/5381 5321/5663/5321
f 4945/5274/4945 5381/5726/5381 5317/5658/5317
f 5379/5727/5379 5381/5726/5381 4946/5272/4946
f 5381/5726/5381 4945/5274/4945 4946/5272/4946
f 5380/5725/5380 5379/5727/5379 5377/5722/5377
f 5377/5722/5377 5379/5727/5379 4946/5272/4946
f 5377/5722/5377 5382/5728/5382 5376/5723/5376
f 5382/5728/5382 5377/5722/5377 4946/5272/4946
f 5383/5729/5383 5382/5728/5382 5384/5730/5384
f 5382/5728/5382 5383/5729/5383 5376/5723/5376
f 5384/5730/5384 5382/5728/5382 4944/5271/4944
f 4946/5272/4946 4944/5271/4944 5382/5728/5382
f 5384/5730/5384 5386/5731/5386 5383/5729/5383
f 5384/5730/5384 4944/5271/4944 4941/5268/4941
f 5385/5732/5385 5384/5730/5384 4941/5268/4941
f 5385/5732/5385 5387/5733/5387 5384/5730/5384
f 5384/5730/5384 5387/5733/5387 5386/5731/5386
f 5388/5734/5388 5389/5735/5389 5387/5733/5387
f 5387/5733/5387 5385/5732/5385 5388/5734/5388
f 5386/5731/5386 5387/5733/5387 5389/5735/5389
f 5388/5734/5388 5390/5736/5390 5389/5735/5389
f 5390/5736/5390 5393/5737/5393 5389/5735/5389
f 5389/5735/5389 5392/5738/5392 5386/5731/5386
f 5389/5735/5389 5391/5739/5391 5392/5738/5392
f 5389/5735/5389 5393/5737/5393 5391/5739/5391
f 5395/5740/5395 5394/5741/5394 5393/5737/5393
f 5393/5737/5393 5394/5741/5394 5391/5739/5391
f 5390/5736/5390 5395/5740/5395 5393/5737/5393
f 5395/5740/5395 5396/5742/5396 5394/5741/5394
f 5395/5740/5395 5397/5743/5397 5396/5742/5396
f 5390/5736/5390 4905/5232/4905 5395/5740/5395
f 5397/5743/5397 5395/5740/5395 4905/5232/4905
f 5398/5744/5398 5396/5742/5396 5397/5743/5397
f 4900/5228/4900 5397/5743/5397 4905/5232/4905
f 5398/5744/5398 5397/5743/5397 4900/5228/4900
f 4900/5228/4900 4698/5230/4698 5398/5744/5398
f 4693/5006/4693 5398/5745/5398 4698/5010/4698
f 5398/5745/5398 4693/5006/4693 5399/5746/5399
f 5398/5745/5398 5399/5746/5399 5396/5747/5396
f 4693/5006/4693 5400/5748/5400 5399/5746/5399
f 5400/5748/5400 5401/5749/5401 5399/5746/5399
f 5401/5749/5401 5403/5750/5403 5399/5746/5399
f 5396/5747/5396 5399/5746/5399 5394/5751/5394
f 5399/5746/5399 5402/5752/5402 5394/5751/5394
f 5402/5752/5402 5399/5746/5399 5403/5750/5403
f 5402/5752/5402 5403/5750/5403 5401/5749/5401
f 5402/5752/5402 5391/5753/5391 5394/5751/5394
f 5401/5749/5401 5404/5754/5404 5402/5752/5402
f 5402/5752/5402 5404/5754/5404 5391/5753/5391
f 5401/5749/5401 5405/5755/5405 5404/5754/5404
f 5404/5754/5404 5405/5755/5405 5362/5707/5362
f 5404/5754/5404 5408/5756/5408 5406/5757/5406
f 5406/5757/5406 5391/5753/5391 5404/5754/5404
f 5404/5754/5404 5407/5758/5407 5408/5756/5408
f 5407/5758/5407 5404/5754/5404 5362/5707/5362
f 5406/5757/5406 5408/5756/5408 5409/5759/5409
f 5408/5756/5408 5410/5760/5410 5409/5759/5409
f 5410/5760/5410 5408/5756/5408 5407/5758/5407
f 5364/5708/5364 5410/5760/5410 5407/5758/5407
f 5410/5760/5410 5364/5708/5364 5363/5711/5363
f 5363/5711/5363 5371/5715/5371 5410/5760/5410
f 5410/5760/5410 5371/5715/5371 5374/5720/5374
f 5409/5759/5409 5410/5760/5410 5374/5720/5374
f 5409/5761/5409 5383/5729/5383 5406/5762/5406
f 5376/5723/5376 5383/5729/5383 5409/5761/5409
f 5409/5761/5409 5374/5721/5374 5376/5723/5376
f 5364/5708/5364 5407/5758/5407 5362/5707/5362
f 5383/5729/5383 5392/5738/5392 5406/5762/5406
f 5392/5738/5392 5391/5739/5391 5406/5762/5406
f 5405/5755/5405 5411/5763/5411 5413/5764/5413
f 5411/5763/5411 5405/5755/5405 5401/5749/5401
f 5362/5707/5362 5405/5755/5405 5412/5765/5412
f 5405/5755/5405 5413/5764/5413 5412/5765/5412
f 5417/5766/5417 5414/5767/5414 5413/5764/5413
f 5412/5765/5412 5413/5764/5413 5414/5767/5414
f 5415/5768/5415 5413/5764/5413 5411/5763/5411
f 5413/5764/5413 5415/5768/5415 5416/5769/5416
f 5413/5764/5413 5416/5769/5416 5417/5766/5417
f 5417/5766/5417 5416/5769/5416 5414/5767/5414
f 5416/5769/5416 5418/5770/5418 5414/5767/5414
f 5419/5771/5419 5418/5770/5418 5416/5769/5416
f 5416/5769/5416 5415/5768/5415 5419/5771/5419
f 5419/5771/5419 5421/5772/5421 5418/5770/5418
f 4690/5003/4690 5419/5771/5419 5415/5768/5415
f 4690/5003/4690 5422/5773/5422 5419/5771/5419
f 5419/5771/5419 5420/5774/5420 5421/5772/5421
f 5419/5771/5419 5422/5773/5422 5420/5774/5420
f 4674/4986/4674 5422/5773/5422 4678/4991/4678
f 4683/4996/4683 4678/4991/4678 5422/5773/5422
f 5422/5773/5422 4688/4997/4688 4683/4996/4683
f 5420/5774/5420 5422/5773/5422 4674/4986/4674
f 4690/5003/4690 4688/4997/4688 5422/5773/5422
f 5423/5775/5423 5425/5776/5425 5421/5772/5421
f 5420/5774/5420 5423/5775/5423 5421/5772/5421
f 5421/5772/5421 5425/5776/5425 5424/5777/5424
f 5418/5770/5418 5421/5772/5421 5424/5777/5424
f 5426/5778/5426 5424/5777/5424 5425/5776/5425
f 5425/5776/5425 4672/4983/4672 5426/5778/5426
f 5423/5775/5423 4674/4986/4674 5425/5776/5425
f 5425/5776/5425 4674/4986/4674 4671/4984/4671
f 4671/4984/4671 4672/4983/4672 5425/5776/5425
f 5426/5778/5426 5427/5779/5427 5424/5777/5424
f 5429/5780/5429 5427/5779/5427 5426/5778/5426
f 4670/4982/4670 5428/5781/5428 5426/5778/5426
f 5426/5778/5426 4672/4983/4672 4670/4982/4670
f 5426/5778/5426 5428/5781/5428 5429/5780/5429
f 5429/5780/5429 5431/5782/5431 5430/5783/5430
f 5429/5780/5429 5430/5783/5430 5427/5779/5427
f 5431/5782/5431 5429/5780/5429 5432/5784/5432
f 5429/5780/5429 5428/5781/5428 5432/5784/5432
f 5432/5784/5432 5434/5785/5434 5431/5782/5431
f 5428/5781/5428 5433/5786/5433 5432/5784/5432
f 5433/5786/5433 5436/5787/5436 5432/5784/5432
f 5434/5785/5434 5432/5784/5432 5435/5788/5435
f 5435/5788/5435 5432/5784/5432 5436/5787/5436
f 5436/5787/5436 5433/5786/5433 5437/5789/5437
f 5437/5789/5437 5435/5788/5435 5436/5787/5436
f 5433/5786/5433 5438/5790/5438 5437/5789/5437
f 5438/5790/5438 5439/5791/5439 5437/5789/5437
f 5437/5789/5437 5441/5792/5441 5435/5788/5435
f 5437/5789/5437 5439/5791/5439 5440/5793/5440
f 5440/5793/5440 5441/5792/5441 5437/5789/5437
f 5441/5792/5441 5442/5794/5442 5444/5795/5444
f 5442/5794/5442 5441/5792/5441 5440/5793/5440
f 5443/5796/5443 5441/5792/5441 5444/5795/5444
f 5443/5796/5443 5435/5788/5435 5441/5792/5441
f 5445/5797/5445 5444/5795/5444 5446/5798/5446
f 5445/5797/5445 5443/5796/5443 5444/5795/5444
f 5442/5794/5442 5446/5798/5446 5444/5795/5444
f 5445/5797/5445 5446/5798/5446 5447/5799/5447
f 5446/5798/5446 5442/5794/5442 5450/5800/5450
f 5446/5798/5446 5448/5801/5448 5447/5799/5447
f 5446/5798/5446 5449/5802/5449 5448/5801/5448
f 5449/5802/5449 5446/5798/5446 5450/5800/5450
f 5450/5800/5450 5451/5803/5451 5452/5804/5452
f 5450/5800/5450 5442/5794/5442 5451/5803/5451
f 5453/5805/5453 5450/5800/5450 5452/5804/5452
f 1289/1384/1289 5449/5802/5449 5450/5800/5450
f 5453/5805/5453 1289/1384/1289 5450/5800/5450
f 5453/5805/5453 1290/1386/1290 1289/1384/1289
f 5452/5804/5452 1290/1386/1290 5453/5805/5453
f 1301/1396/1301 5452/5804/5452 5451/5803/5451
f 1301/1396/1301 1299/1395/1299 5452/5804/5452
f 1299/1395/1299 1290/1386/1290 5452/5804/5452
f 5451/5803/5451 5455/5806/5455 5454/5807/5454
f 5451/5803/5451 5454/5807/5454 1301/1396/1301
f 5442/5794/5442 5439/5791/5439 5451/5803/5451
f 5439/5791/5439 5455/5806/5455 5451/5803/5451
f 5456/5808/5456 5454/5807/5454 5455/5806/5455
f 5455/5806/5455 5439/5791/5439 5456/5808/5456
f 5456/5808/5456 5457/5809/5457 5454/5807/5454
f 5456/5808/5456 5458/5810/5458 5457/5809/5457
f 4602/4913/4602 5458/5810/5458 5456/5808/5456
f 5438/5790/5438 5456/5808/5456 5439/5791/5439
f 5456/5808/5456 5438/5790/5438 5459/5811/5459
f 5459/5811/5459 4602/4913/4602 5456/5808/5456
f 4606/4918/4606 4602/4913/4602 5459/5811/5459
f 5460/5812/5460 4606/4918/4606 5459/5811/5459
f 5460/5812/5460 5459/5811/5459 5438/5790/5438
f 4607/4919/4607 4606/4918/4606 5460/5812/5460
f 5462/5813/5462 5460/5812/5460 5438/5790/5438
f 5462/5813/5462 5461/5814/5461 5460/5812/5460
f 5461/5814/5461 4607/4919/4607 5460/5812/5460
f 4666/4979/4666 5461/5814/5461 5462/5813/5462
f 4668/4981/4668 4666/4979/4666 5462/5813/5462
f 4668/4981/4668 5462/5813/5462 5428/5781/5428
f 5433/5786/5433 5462/5813/5462 5438/5790/5438
f 5428/5781/5428 5462/5813/5462 5433/5786/5433
f 4666/4979/4666 5463/5815/5463 5461/5814/5461
f 4607/4919/4607 5461/5814/5461 5463/5815/5463
f 4610/4921/4610 5463/5815/5463 4666/4979/4666
f 5463/5815/5463 4610/4921/4610 4607/4919/4607
f 4600/4914/4600 5457/5809/5457 5458/5810/5458
f 4600/4914/4600 5458/5810/5458 4601/4915/4601
f 4602/4913/4602 4601/4915/4601 5458/5810/5458
f 5454/5807/5454 5457/5809/5457 5464/5816/5464
f 4600/4914/4600 1308/1404/1308 5457/5809/5457
f 1308/1404/1308 5464/5816/5464 5457/5809/5457
f 5464/5816/5464 1308/1404/1308 5465/5817/5465
f 5464/5816/5464 5465/5817/5465 5454/5807/5454
f 5454/5807/5454 5465/5817/5465 1302/1397/1302
f 1308/1404/1308 1302/1397/1302 5465/5817/5465
f 1301/1396/1301 5454/5807/5454 1302/1397/1302
f 5466/5818/5466 5449/5802/5449 5467/5819/5467
f 5448/5801/5448 5449/5802/5449 5466/5818/5466
f 5467/5819/5467 5449/5802/5449 1289/1384/1289
f 5466/5818/5466 5467/5819/5467 5468/5820/5468
f 1291/1385/1291 5467/5819/5467 1289/1384/1289
f 5469/5821/5469 5468/5820/5468 5467/5819/5467
f 5467/5819/5467 5470/5822/5470 5469/5821/5469
f 5467/5819/5467 1291/1385/1291 5470/5822/5470
f 1263/1358/1263 5470/5822/5470 1267/1364/1267
f 1262/1357/1262 5470/5822/5470 1263/1358/1263
f 5471/5823/5471 5469/5821/5469 5470/5822/5470
f 5471/5823/5471 5470/5822/5470 1262/1357/1262
f 1267/1364/1267 5470/5822/5470 1291/1385/1291
f 1261/1356/1261 5469/5821/5469 5471/5823/5471
f 1261/1356/1261 5471/5823/5471 1262/1357/1262
f 5469/5821/5469 1261/1356/1261 5472/5824/5472
f 5472/5824/5472 5468/5820/5468 5469/5821/5469
f 5474/5825/5474 5472/5824/5472 1259/1355/1259
f 1261/1356/1261 1259/1355/1259 5472/5824/5472
f 5468/5820/5468 5472/5824/5472 5473/5826/5473
f 5473/5826/5473 5472/5824/5472 5474/5825/5474
f 5475/5827/5475 5473/5826/5473 5474/5825/5474
f 1259/1355/1259 1257/1353/1257 5474/5825/5474
f 5475/5827/5475 5474/5825/5474 5476/5828/5476
f 1257/1353/1257 5476/5828/5476 5474/5825/5474
f 5339/5684/5339 5475/5827/5475 5476/5828/5476
f 5340/5683/5340 5339/5684/5339 5476/5828/5476
f 5476/5828/5476 1257/1353/1257 1250/1346/1250
f 5476/5828/5476 1250/1346/1250 5477/5829/5477
f 5477/5829/5477 5340/5683/5340 5476/5828/5476
f 1250/1346/1250 1249/1343/1249 5477/5829/5477
f 1249/1343/1249 5478/5830/5478 5477/5829/5477
f 5477/5829/5477 5478/5830/5478 5340/5683/5340
f 1221/1309/1221 5478/5830/5478 1238/1333/1238
f 1249/1343/1249 1238/1333/1238 5478/5830/5478
f 5478/5830/5478 1216/1305/1216 5336/5680/5336
f 1221/1309/1221 1216/1305/1216 5478/5830/5478
f 5478/5830/5478 5336/5680/5336 5340/5683/5340
f 5473/5826/5473 5475/5827/5475 5479/5831/5479
f 5475/5827/5475 5339/5684/5339 5479/5831/5479
f 5481/5832/5481 5473/5826/5473 5479/5831/5479
f 5480/5833/5480 5481/5832/5481 5479/5831/5479
f 5480/5833/5480 5479/5831/5479 5348/5692/5348
f 5343/5687/5343 5348/5692/5348 5479/5831/5479
f 5343/5687/5343 5479/5831/5479 5339/5684/5339
f 5473/5826/5473 5481/5832/5481 5468/5820/5468
f 5481/5832/5481 5482/5834/5482 5468/5820/5468
f 5481/5832/5481 5480/5833/5480 5482/5834/5482
f 5466/5818/5466 5468/5820/5468 5482/5834/5482
f 5466/5818/5466 5482/5834/5482 5448/5801/5448
f 5353/5698/5353 5482/5834/5482 5480/5833/5480
f 5482/5834/5482 5353/5698/5353 5447/5799/5447
f 5447/5799/5447 5448/5801/5448 5482/5834/5482
f 5348/5692/5348 5353/5698/5353 5480/5833/5480
f 5483/5835/5483 5445/5797/5445 5447/5799/5447
f 5353/5698/5353 5483/5835/5483 5447/5799/5447
f 5484/5836/5484 5427/5779/5427 5483/5835/5483
f 5427/5779/5427 5430/5783/5430 5483/5835/5483
f 5484/5836/5484 5483/5835/5483 5352/5697/5352
f 5434/5785/5434 5483/5835/5483 5430/5783/5430
f 5483/5835/5483 5353/5698/5353 5352/5697/5352
f 5483/5835/5483 5434/5785/5434 5445/5797/5445
f 5427/5779/5427 5484/5836/5484 5485/5837/5485
f 5485/5837/5485 5484/5836/5484 5352/5697/5352
f 5427/5779/5427 5485/5837/5485 5424/5777/5424
f 5487/5838/5487 5424/5777/5424 5485/5837/5485
f 5360/5703/5360 5485/5837/5485 5351/5696/5351
f 5360/5703/5360 5486/5839/5486 5485/5837/5485
f 5485/5837/5485 5352/5697/5352 5351/5696/5351
f 5485/5837/5485 5486/5839/5486 5487/5838/5487
f 5487/5838/5487 5418/5770/5418 5424/5777/5424
f 5486/5839/5486 5488/5840/5488 5487/5838/5487
f 5487/5838/5487 5488/5840/5488 5418/5770/5418
f 5486/5839/5486 5359/5705/5359 5488/5840/5488
f 5359/5705/5359 5366/5709/5366 5488/5840/5488
f 5488/5840/5488 5414/5767/5414 5418/5770/5418
f 5366/5709/5366 5414/5767/5414 5488/5840/5488
f 5486/5839/5486 5360/5703/5360 5359/5705/5359
f 5445/5797/5445 5434/5785/5434 5443/5796/5443
f 5443/5796/5443 5434/5785/5434 5435/5788/5435
f 5439/5791/5439 5442/5794/5442 5440/5793/5440
f 5430/5783/5430 5431/5782/5431 5434/5785/5434
f 4668/4981/4668 5428/5781/5428 4670/4982/4670
f 5420/5774/5420 4674/4986/4674 5423/5775/5423
f 4690/5003/4690 5415/5768/5415 4691/5004/4691
f 4694/5007/4694 5415/5768/5415 5411/5763/5411
f 4691/5004/4691 5415/5768/5415 4694/5007/4694
f 5412/5765/5412 5414/5767/5414 5366/5709/5366
f 5362/5707/5362 5412/5765/5412 5366/5709/5366
f 4694/5007/4694 5411/5763/5411 5400/5748/5400
f 5400/5748/5400 5411/5763/5411 5401/5749/5401
f 5400/5748/5400 4693/5006/4693 4694/5007/4694
f 5386/5731/5386 5392/5738/5392 5383/5729/5383
f 5390/5736/5390 5388/5734/5388 5489/5841/5489
f 4905/5232/4905 5390/5736/5390 5489/5841/5489
f 5388/5734/5388 4907/5234/4907 5489/5841/5489
f 5489/5841/5489 4907/5234/4907 4905/5232/4905
f 5385/5732/5385 5490/5842/5490 5388/5734/5388
f 5490/5842/5490 4909/5236/4909 5388/5734/5388
f 4908/5235/4908 5388/5734/5388 4909/5236/4909
f 5388/5734/5388 4908/5235/4908 4907/5234/4907
f 5490/5842/5490 4938/5265/4938 4909/5236/4909
f 5490/5842/5490 5385/5732/5385 4939/5266/4939
f 4938/5265/4938 5490/5842/5490 4939/5266/4939
f 5385/5732/5385 4941/5268/4941 4939/5266/4939
f 5373/5717/5373 5323/5664/5323 5320/5661/5320
f 5320/5661/5320 5321/5663/5321 5373/5717/5373
f 5329/5672/5329 5328/5670/5328 5369/5713/5369
f 5369/5713/5369 5491/5843/5491 5329/5672/5329
f 5369/5713/5369 5357/5701/5357 5491/5843/5491
f 5329/5672/5329 5491/5843/5491 5333/5677/5333
f 5332/5678/5332 5491/5843/5491 5346/5691/5346
f 5356/5702/5356 5346/5691/5346 5491/5843/5491
f 5491/5843/5491 5357/5701/5357 5356/5702/5356
f 5491/5843/5491 5332/5678/5332 5333/5677/5333
f 5350/5695/5350 5360/5703/5360 5351/5696/5351
f 5345/5690/5345 5346/5691/5346 5356/5702/5356
f 5348/5692/5348 5343/5687/5343 5342/5686/5342
f 1198/1286/1198 5492/5844/5492 5311/5652/5311
f 5311/5652/5311 5492/5844/5492 5493/5845/5493
f 5493/5845/5493 5306/5648/5306 5311/5652/5311
f 5492/5844/5492 5495/5846/5495 5493/5845/5493
f 5494/5847/5494 5306/5648/5306 5493/5845/5493
f 5495/5846/5495 5494/5847/5494 5493/5845/5493
f 5495/5846/5495 5496/5848/5496 5494/5847/5494
f 5275/5616/5275 5496/5848/5496 5495/5846/5495
f 5495/5846/5495 5273/5614/5273 5275/5616/5275
f 5497/5849/5497 5495/5846/5495 5492/5844/5492
f 5267/5609/5267 5273/5614/5273 5495/5846/5495
f 5495/5846/5495 5268/5608/5268 5267/5609/5267
f 5268/5608/5268 5495/5846/5495 5497/5849/5497
f 5492/5844/5492 5498/5850/5498 5497/5849/5497
f 5498/5850/5498 5268/5608/5268 5497/5849/5497
f 1191/1279/1191 5260/5602/5260 5498/5850/5498
f 5268/5608/5268 5498/5850/5498 5260/5602/5260
f 1194/1282/1194 1191/1279/1191 5498/5850/5498
f 1194/1282/1194 5498/5850/5498 5492/5844/5492
f 5276/5617/5276 5496/5848/5496 5275/5616/5275
f 5494/5847/5494 5496/5848/5496 5304/5646/5304
f 5496/5848/5496 5301/5642/5301 5304/5646/5304
f 5301/5642/5301 5496/5848/5496 5276/5617/5276
f 5306/5648/5306 5494/5847/5494 5304/5646/5304
f 1198/1286/1198 1194/1282/1194 5492/5844/5492
f 5302/5643/5302 5301/5642/5301 5276/5617/5276
f 5302/5643/5302 5276/5617/5276 5298/5640/5298
f 5295/5636/5295 4964/5292/4964 5300/5641/5300
f 4964/5292/4964 4960/5289/4960 5300/5641/5300
f 4960/5289/4960 4954/5282/4954 5300/5641/5300
f 5276/5617/5276 5296/5638/5296 5298/5640/5298
f 5277/5618/5277 5296/5638/5296 5276/5617/5276
f 5251/5592/5251 5271/5612/5271 5258/5598/5258
f 5271/5612/5271 5251/5592/5251 5250/5591/5250
f 5207/5547/5207 5232/5574/5232 5253/5596/5253
f 5242/5584/5242 5232/5574/5232 5237/5579/5237
f 5233/5575/5233 5064/5401/5064 5236/5577/5236
f 5057/5393/5057 5236/5577/5236 5064/5401/5064
f 5069/5406/5069 5233/5575/5233 5221/5563/5221
f 5064/5401/5064 5233/5575/5233 5069/5406/5069
f 5208/5549/5208 5230/5572/5230 5206/5550/5206
f 5230/5572/5230 5207/5547/5207 5206/5550/5206
f 5499/5851/5499 5098/5434/5098 5216/5557/5216
f 5499/5851/5499 5216/5557/5216 5213/5554/5213
f 5098/5434/5098 5499/5851/5499 5501/5852/5501
f 5213/5554/5213 5500/5853/5500 5499/5851/5499
f 5499/5851/5499 5500/5853/5500 5501/5852/5501
f 5098/5434/5098 5501/5852/5501 5097/5435/5097
f 5135/5470/5135 5097/5435/5097 5501/5852/5501
f 5501/5852/5501 5500/5853/5500 5135/5470/5135
f 5500/5853/5500 5137/5474/5137 5135/5470/5135
f 5185/5527/5185 5137/5474/5137 5500/5853/5500
f 5189/5530/5189 5500/5853/5500 5213/5554/5213
f 5185/5527/5185 5500/5853/5500 5189/5530/5189
f 5208/5549/5208 5210/5552/5210 5214/5556/5214
f 5212/5553/5212 5189/5530/5189 5213/5554/5213
f 5212/5553/5212 5190/5531/5190 5189/5530/5189
f 5194/5535/5194 5193/5534/5193 1185/1273/1185
f 5194/5535/5194 5502/5854/5502 5191/5533/5191
f 1185/1273/1185 5502/5854/5502 5194/5535/5194
f 1185/1273/1185 1179/1268/1179 5502/5854/5502
f 1178/1267/1178 5191/5533/5191 5502/5854/5502
f 1179/1268/1179 1178/1267/1178 5502/5854/5502
f 5191/5533/5191 1178/1267/1178 5182/5523/5182
f 5187/5529/5187 5146/5482/5146 5147/5484/5147
f 5187/5529/5187 5147/5484/5147 5186/5525/5186
f 5138/5473/5138 5184/5526/5184 5186/5525/5186
f 5186/5525/5186 5147/5484/5147 5140/5476/5140
f 5138/5473/5138 5186/5525/5186 5140/5476/5140
f 5184/5526/5184 5137/5474/5137 5185/5527/5185
f 5137/5474/5137 5184/5526/5184 5138/5473/5138
f 5167/5500/5167 5163/5499/5163 5146/5482/5146
f 5166/5504/5166 5165/5503/5165 965/1044/965
f 967/1045/967 5166/5504/5166 965/1044/965
f 5165/5855/5165 970/1046/970 965/1042/965
f 5503/5856/5503 970/1046/970 5165/5855/5165
f 5165/5855/5165 5164/5509/5164 5503/5856/5503
f 5503/5856/5503 5164/5509/5164 975/1053/975
f 975/1053/975 972/1047/972 5503/5856/5503
f 970/1046/970 5503/5856/5503 972/1047/972
f 5145/5483/5145 5146/5482/5146 5163/5499/5163
f 5149/5487/5149 968/1040/968 962/1037/962
f 5130/5465/5130 5129/5466/5129 5141/5478/5141
f 5126/5462/5126 929/991/929 5123/5459/5123
f 929/991/929 5126/5462/5126 933/994/933
f 5123/5459/5123 5124/5460/5124 5126/5462/5126
f 5123/5459/5123 929/991/929 924/984/924
f 5108/5445/5108 923/983/923 921/979/921
f 5101/5438/5101 5097/5435/5097 5105/5442/5105
f 890/945/890 891/944/891 5086/5423/5086
f 5071/5407/5071 5068/5404/5068 5069/5406/5069
f 5504/5857/5504 5060/5396/5060 856/910/856
f 5060/5396/5060 5504/5857/5504 853/906/853
f 856/910/856 853/906/853 5504/5857/5504
f 5053/5388/5053 5051/5389/5051 5058/5395/5058
f 5036/5373/5036 5019/5356/5019 5022/5359/5022
f 5018/5355/5018 5019/5356/5019 5036/5373/5036
f 5032/5368/5032 4968/5295/4968 5034/5370/5034
f 5032/5368/5032 4969/5296/4969 4968/5295/4968
f 5017/5354/5017 5005/5340/5005 5003/5336/5003
f 5016/5352/5016 5001/5334/5001 4998/5332/4998
f 4998/5332/4998 4999/5328/4999 5016/5352/5016
f 5013/5348/5013 836/890/836 837/891/837
f 5506/5858/5506 5009/5345/5009 827/881/827
f 5006/5341/5006 5009/5859/5009 5505/5860/5505
f 5506/5861/5506 5505/5860/5505 5009/5859/5009
f 5507/5862/5507 5506/5858/5506 824/878/824
f 5506/5858/5506 827/881/827 824/878/824
f 817/871/817 5506/5861/5506 816/870/816
f 5505/5860/5505 5506/5861/5506 817/871/817
f 5506/5858/5506 5507/5862/5507 816/869/816
f 5507/5862/5507 824/878/824 819/867/819
f 5507/5862/5507 819/867/819 816/869/816
f 5505/5860/5505 720/772/720 721/771/721
f 718/769/718 5505/5860/5505 721/771/721
f 725/777/725 5505/5860/5505 817/871/817
f 5505/5860/5505 725/777/725 720/772/720
f 5006/5341/5006 5505/5860/5505 718/769/718
f 4996/5326/4996 4991/5320/4991 4985/5313/4985
f 4974/5301/4974 4923/5251/4923 4925/5252/4925
f 4925/5252/4925 4961/5288/4961 4974/5301/4974
f 4926/5253/4926 4961/5288/4961 4925/5252/4925
f 4928/5255/4928 4930/5257/4930 4955/5284/4955
f 4938/5265/4938 4914/5242/4914 4909/5236/4909
f 4936/5264/4936 4914/5242/4914 4938/5265/4938
f 4936/5264/4936 4931/5260/4931 4914/5242/4914
f 4932/5259/4932 4933/5261/4933 4918/5246/4918
f 4933/5261/4933 4917/5245/4917 4918/5246/4918
f 4932/5259/4932 4918/5246/4918 4931/5260/4931
f 4918/5246/4918 4914/5242/4914 4931/5260/4931
f 4919/5247/4919 4866/5189/4866 4895/5222/4895
f 5509/5863/5509 5508/5864/5508 4919/5247/4919
f 4919/5247/4919 5508/5864/5508 4913/5240/4913
f 4895/5222/4895 5509/5863/5509 4919/5247/4919
f 4894/5221/4894 5508/5864/5508 5509/5863/5509
f 5509/5863/5509 4895/5222/4895 4894/5221/4894
f 4913/5240/4913 5508/5864/5508 4897/5224/4897
f 4894/5221/4894 4897/5224/4897 5508/5864/5508
f 4897/5224/4897 4912/5239/4912 4913/5240/4913
f 4912/5239/4912 4897/5224/4897 4898/5225/4898
f 4912/5239/4912 4898/5225/4898 4910/5238/4910
f 4898/5225/4898 4901/5229/4901 4910/5238/4910
f 4891/5218/4891 4895/5222/4895 4864/5188/4864
f 4864/5188/4864 4895/5222/4895 4866/5189/4866
f 4864/5188/4864 4868/5191/4868 4891/5218/4891
f 4887/5213/4887 4703/5020/4703 4704/5014/4704
f 4858/5182/4858 4870/5194/4870 4857/5183/4857
f 4843/5164/4843 4844/5165/4844 4849/5170/4849
f 4758/5080/4758 4759/5078/4759 4840/5160/4840
f 697/748/697 5510/5865/5510 4837/5157/4837
f 5510/5865/5510 694/745/694 4837/5157/4837
f 694/745/694 5510/5865/5510 697/748/697
f 4830/5150/4830 674/725/674 4824/5142/4824
f 676/727/676 674/725/674 4830/5150/4830
f 4823/5145/4823 4783/5103/4783 4826/5147/4826
f 4780/5100/4780 4826/5147/4826 4783/5103/4783
f 4826/5147/4826 4780/5100/4780 4779/5099/4779
f 674/725/674 677/726/677 4824/5142/4824
f 4812/5133/4812 4824/5142/4824 677/726/677
f 4783/5103/4783 4823/5145/4823 4788/5108/4788
f 4805/5125/4805 4788/5108/4788 4823/5145/4823
f 4812/5133/4812 677/726/677 672/722/672
f 4801/5122/4801 4807/5128/4807 4800/5121/4800
f 4782/5102/4782 4783/5103/4783 4788/5108/4788
f 4784/5105/4784 4786/5107/4786 5511/5866/5511
f 493/521/493 5511/5866/5511 4786/5107/4786
f 5511/5866/5511 5513/5867/5513 4784/5105/4784
f 494/522/494 5511/5866/5511 493/521/493
f 5512/5868/5512 5513/5867/5513 5511/5866/5511
f 494/522/494 5512/5868/5512 5511/5866/5511
f 471/496/471 473/497/473 5513/5867/5513
f 5512/5868/5512 471/496/471 5513/5867/5513
f 4784/5105/4784 5513/5867/5513 5514/5869/5514
f 5515/5870/5515 5514/5869/5514 5513/5867/5513
f 5515/5870/5515 5513/5867/5513 473/497/473
f 5516/5871/5516 5515/5870/5515 473/497/473
f 5514/5869/5514 5515/5870/5515 5517/5872/5517
f 5515/5870/5515 5516/5871/5516 5517/5872/5517
f 5516/5871/5516 5518/5873/5518 5517/5872/5517
f 5517/5872/5517 5518/5873/5518 4777/5096/4777
f 4777/5096/4777 5519/5874/5519 5517/5872/5517
f 5514/5869/5514 5517/5872/5517 5519/5874/5519
f 4777/5096/4777 5514/5869/5514 5519/5874/5519
f 4775/5097/4775 5518/5873/5518 4750/5071/4750
f 4777/5096/4777 5518/5873/5518 4775/5097/4775
f 5516/5871/5516 472/495/472 5518/5873/5518
f 472/495/472 5520/5875/5520 5518/5873/5518
f 4750/5071/4750 5518/5873/5518 5520/5875/5520
f 4737/5056/4737 4738/5059/4738 5520/5875/5520
f 4738/5059/4738 4745/5066/4745 5520/5875/5520
f 4745/5066/4745 4750/5071/4750 5520/5875/5520
f 5520/5875/5520 472/495/472 4737/5056/4737
f 5516/5871/5516 473/497/473 472/495/472
f 4784/5105/4784 5514/5869/5514 4776/5098/4776
f 5514/5869/5514 4777/5096/4777 4776/5098/4776
f 474/498/474 471/496/471 5512/5868/5512
f 5512/5868/5512 486/514/486 474/498/474
f 486/514/486 5512/5868/5512 494/522/494
f 4749/5067/4749 4747/5068/4747 4775/5097/4775
f 4747/5068/4747 4772/5092/4772 4775/5097/4775
f 4750/5071/4750 4749/5067/4749 4775/5097/4775
f 4748/5069/4748 4768/5088/4768 4772/5092/4772
f 4772/5092/4772 4747/5068/4747 4748/5069/4748
f 4748/5069/4748 4766/5084/4766 4768/5088/4768
f 4754/5075/4754 4761/5081/4761 4766/5084/4766
f 4748/5069/4748 4754/5075/4754 4766/5084/4766
f 4743/5063/4743 4753/5073/4753 4744/5064/4744
f 4740/5060/4740 4736/5057/4736 4719/5037/4719
f 4719/5037/4719 4718/5036/4718 4740/5060/4740
f 4737/5056/4737 472/495/472 469/494/469
f 4706/5022/4706 4712/5027/4712 4701/5017/4701
f 4686/5000/4686 4696/5008/4696 4701/5016/4701
f 4677/4989/4677 4680/4993/4680 4657/4970/4657
f 4675/4987/4675 4674/4986/4674 4678/4991/4678
f 4664/4976/4664 4677/4989/4677 4659/4971/4659
f 4659/4971/4659 4677/4989/4677 4656/4969/4656
f 4657/4970/4657 4656/4969/4656 4677/4989/4677
f 4661/4974/4661 4613/4925/4613 4609/4922/4609
f 4654/4967/4654 453/473/453 5521/5876/5521
f 4654/4967/4654 5521/5876/5521 4651/4964/4651
f 5522/5877/5522 4651/4964/4651 5521/5876/5521
f 5521/5876/5521 5523/5878/5523 5522/5877/5522
f 453/473/453 5523/5878/5523 5521/5876/5521
f 5522/5877/5522 5523/5878/5523 452/472/452
f 5523/5878/5523 453/473/453 452/472/452
f 5522/5877/5522 452/472/452 425/444/425
f 425/444/425 424/443/424 5522/5877/5522
f 424/443/424 4649/4961/4649 5522/5877/5522
f 4651/4964/4651 5522/5877/5522 4649/4961/4649
f 4626/4938/4626 51/52/51 45/45/45
f 4626/4938/4626 4624/4937/4624 51/52/51
f 4626/4938/4626 45/45/45 4620/4933/4620
f 4617/4928/4617 4621/4934/4621 4616/4929/4616
f 39/39/39 40/40/40 4620/4933/4620
f 39/39/39 4620/4933/4620 45/45/45
f 1308/1404/1308 4600/4914/4600 1311/1408/1311
f 22/23/22 19/20/19 4595/4907/4595
f 1329/1424/1329 19/20/19 20/21/20
f 1316/1411/1316 1305/1400/1305 1307/1402/1307
f 1298/1394/1298 1299/1395/1299 1301/1396/1301
f 1291/1385/1291 1286/1382/1286 1267/1364/1267
f 1286/1382/1286 1268/1363/1268 1267/1364/1267
f 1277/1374/1277 1275/1369/1275 1274/1370/1274
f 1275/1369/1275 1120/1203/1120 1123/1208/1123
f 1275/1369/1275 1123/1208/1123 1272/1368/1272
f 1272/1368/1272 1123/1208/1123 5524/5879/5524
f 5525/5880/5525 1272/1368/1272 5524/5879/5524
f 5525/5880/5525 1265/1361/1265 1272/1368/1272
f 5525/5880/5525 5524/5879/5524 5526/5881/5526
f 1256/1352/1256 1265/1361/1265 5525/5880/5525
f 5525/5880/5525 1253/1348/1253 1256/1352/1256
f 5526/5881/5526 1253/1348/1253 5525/5880/5525
f 5527/5882/5527 1252/1347/1252 5526/5881/5526
f 1252/1347/1252 1253/1348/1253 5526/5881/5526
f 5527/5882/5527 5526/5881/5526 5529/5883/5529
f 5526/5881/5526 5524/5879/5524 5528/5884/5528
f 5528/5884/5528 5529/5883/5529 5526/5881/5526
f 5527/5882/5527 5529/5883/5529 1126/1210/1126
f 5529/5883/5529 5528/5884/5528 1126/1210/1126
f 5528/5884/5528 1124/1207/1124 1126/1210/1126
f 5524/5879/5524 1123/1208/1123 5528/5884/5528
f 1123/1208/1123 1124/1207/1124 5528/5884/5528
f 1126/1210/1126 5531/5885/5531 5527/5882/5527
f 5527/5882/5527 5531/5885/5531 5530/5886/5530
f 1252/1347/1252 5527/5882/5527 5530/5886/5530
f 5531/5885/5531 1126/1210/1126 1130/1215/1130
f 5531/5885/5531 1130/1215/1130 5532/5887/5532
f 5533/5888/5533 5531/5885/5531 5532/5887/5532
f 5531/5885/5531 5533/5888/5533 5534/5889/5534
f 5531/5885/5531 5534/5889/5534 5530/5886/5530
f 5534/5889/5534 1244/1339/1244 5530/5886/5530
f 1154/1238/1154 1244/1339/1244 5534/5889/5534
f 5535/5890/5535 1154/1238/1154 5534/5889/5534
f 5533/5888/5533 5535/5890/5535 5534/5889/5534
f 1154/1238/1154 5535/5890/5535 1153/1237/1153
f 5535/5890/5535 5533/5888/5533 1153/1237/1153
f 1151/1235/1151 1153/1237/1153 5533/5888/5533
f 5532/5887/5532 1151/1235/1151 5533/5888/5533
f 1151/1235/1151 5532/5887/5532 1134/1219/1134
f 1130/1215/1130 1134/1219/1134 5532/5887/5532
f 5530/5886/5530 1245/1340/1245 1252/1347/1252
f 5530/5886/5530 1244/1339/1244 1245/1340/1245
f 1252/1347/1252 1245/1340/1245 1248/1344/1248
f 1248/1344/1248 1245/1340/1245 1246/1342/1246
f 1244/1339/1244 1243/1341/1243 1245/1340/1245
f 1244/1339/1244 1154/1238/1154 1167/1253/1167
f 1218/1310/1218 1238/1333/1238 1240/1334/1240
f 1218/1310/1218 1240/1334/1240 1220/1311/1220
f 1240/1334/1240 1226/1319/1226 1220/1311/1220
f 1238/1333/1238 1218/1310/1218 1221/1309/1221
f 1169/1257/1169 1228/1324/1228 1168/1256/1168
f 1207/1295/1207 1223/1315/1223 1208/1296/1208
f 1196/1285/1196 1199/1288/1199 1208/1296/1208
f 1194/1282/1194 1198/1286/1198 1195/1283/1195
f 1154/1238/1154 1155/1239/1155 1167/1253/1167
f 1167/1253/1167 1155/1239/1155 1159/1243/1159
f 1151/1235/1151 1134/1219/1134 1133/1218/1133
f 1144/1228/1144 1148/1232/1148 1142/1225/1142
f 1142/1225/1142 1148/1232/1148 1133/1218/1133
f 978/1054/978 1146/1231/1146 979/1055/979
f 5536/5891/5536 1146/1231/1146 5538/5892/5538
f 5537/5893/5537 1146/1231/1146 5536/5891/5536
f 979/1055/979 1146/1231/1146 5537/5893/5537
f 1145/1230/1145 5538/5892/5538 1146/1231/1146
f 5539/5894/5539 5538/5892/5538 1086/1171/1086
f 5536/5891/5536 5538/5892/5538 5539/5894/5539
f 1145/1230/1145 1141/1226/1141 5538/5892/5538
f 5538/5892/5538 1141/1226/1141 1089/1173/1089
f 1086/1171/1086 5538/5892/5538 1089/1173/1089
f 5541/5895/5541 5536/5891/5536 5539/5894/5539
f 5540/5896/5540 5539/5894/5539 1086/1171/1086
f 5540/5896/5540 5541/5895/5541 5539/5894/5539
f 5541/5895/5541 5542/5897/5542 984/1060/984
f 5543/5898/5543 5542/5897/5542 5541/5895/5541
f 5536/5891/5536 5541/5895/5541 984/1060/984
f 5541/5895/5541 5540/5896/5540 5543/5898/5543
f 5542/5897/5542 5543/5898/5543 5544/5899/5544
f 5545/5900/5545 5544/5899/5544 5543/5898/5543
f 5545/5900/5545 5543/5898/5543 5540/5896/5540
f 5545/5900/5545 5546/5901/5546 5544/5899/5544
f 5546/5901/5546 5545/5900/5545 1006/5902/1006
f 1012/5903/1012 1006/5902/1006 5545/5900/5545
f 1012/5903/1012 5545/5900/5545 5547/5904/5547
f 5547/5904/5547 5545/5900/5545 5540/5896/5540
f 5547/5904/5547 1082/1166/1082 5548/5905/5548
f 5547/5904/5547 5548/5905/5548 5549/5906/5549
f 1082/1166/1082 5547/5904/5547 5540/5896/5540
f 1012/5903/1012 5547/5904/5547 5549/5906/5549
f 1011/1092/1011 5549/5907/5549 5550/5908/5550
f 1012/1091/1012 5549/5907/5549 1011/1092/1011
f 1078/5909/1078 5550/5908/5550 5549/5907/5549
f 1078/1163/1078 5549/5906/5549 5548/5905/5548
f 5550/5908/5550 1014/1094/1014 1011/1092/1011
f 1014/1094/1014 5550/5908/5550 1015/1095/1015
f 1015/1095/1015 5550/5908/5550 1038/1117/1038
f 5550/5908/5550 1078/5909/1078 1038/1117/1038
f 1077/1162/1077 5548/5905/5548 1082/1166/1082
f 5548/5905/5548 1077/1162/1077 1078/1163/1078
f 5544/5899/5544 5546/5901/5546 992/1069/992
f 992/1072/992 5546/5910/5546 997/1075/997
f 997/1075/997 5546/5910/5546 1006/1085/1006
f 5542/5897/5542 5544/5899/5544 992/1069/992
f 989/1065/989 987/1061/987 5542/5897/5542
f 989/1065/989 5542/5897/5542 992/1069/992
f 987/1061/987 984/1060/984 5542/5897/5542
f 1082/1166/1082 5540/5896/5540 1085/1170/1085
f 1086/1171/1086 1085/1170/1085 5540/5896/5540
f 5536/5891/5536 985/1062/985 5537/5893/5537
f 5537/5893/5537 985/1062/985 981/1056/981
f 981/1056/981 979/1055/979 5537/5893/5537
f 984/1060/984 985/1062/985 5536/5891/5536
f 1133/1218/1133 1132/1217/1132 1142/1225/1142
f 1088/1172/1088 1139/1224/1139 1104/1188/1104
f 1139/1224/1139 1088/1172/1088 1089/1173/1089
f 1129/1213/1129 1117/1201/1117 1106/1190/1106
f 1121/1205/1121 1117/1201/1117 1129/1213/1129
f 1112/1196/1112 1110/1194/1110 1111/1195/1111
f 1091/1175/1091 1088/1172/1088 1104/1188/1104
f 1038/1117/1038 1078/5909/1078 1039/1118/1039
f 1054/1136/1054 1055/1138/1055 1062/2439/1062
f 1042/1122/1042 1058/1142/1058 1043/1124/1043
f 1044/1125/1044 1043/1124/1043 1058/1142/1058
f 1047/1130/1047 1046/1129/1046 1051/1133/1051
f 1021/1098/1021 1018/1099/1018 1030/1110/1030
f 1003/1084/1003 1008/1088/1008 1004/1082/1004
f 948/1016/948 994/1074/994 5551/5911/5551
f 994/1073/994 948/5912/948 991/1067/991
f 5551/5911/5551 994/1074/994 947/1015/947
f 947/1015/947 948/1016/948 5551/5911/5551
f 948/5912/948 955/1028/955 991/1067/991
f 991/1067/991 955/1028/955 958/1031/958
f 958/1031/958 986/1064/986 991/1067/991
f 980/1058/980 981/1056/981 985/1062/985
f 965/1044/965 966/1043/966 967/1045/967
f 949/1024/949 955/1028/955 948/5912/948
f 941/1006/941 940/1005/940 947/1015/947
f 919/978/919 927/989/927 915/975/915
f 911/968/911 910/967/910 921/979/921
f 907/962/907 908/964/908 913/972/913
f 896/951/896 898/952/898 905/959/905
f 893/947/893 890/945/890 897/953/897
f 883/937/883 887/942/887 884/939/884
f 881/936/881 873/927/873 862/917/862
f 872/926/872 862/917/862 873/927/873
f 864/916/864 862/917/862 872/926/872
f 852/907/852 853/906/853 856/910/856
f 817/871/817 727/779/727 725/777/725
f 817/871/817 813/864/813 727/779/727
f 813/864/813 812/863/812 727/779/727
f 812/863/812 730/780/730 727/779/727
f 810/862/810 800/852/800 741/792/741
f 809/860/809 734/786/734 730/780/730
f 734/786/734 809/860/809 741/792/741
f 801/851/801 790/842/790 744/795/744
f 801/851/801 744/795/744 743/794/743
f 801/851/801 743/794/743 741/792/741
f 800/852/800 801/851/801 741/792/741
f 795/845/795 792/841/792 791/844/791
f 790/842/790 786/838/786 744/795/744
f 744/795/744 786/838/786 745/796/745
f 755/806/755 753/804/753 736/788/736
f 755/806/755 736/788/736 747/799/747
f 736/788/736 739/791/739 747/799/747
f 731/782/731 733/784/733 729/781/729
f 701/753/701 712/763/712 698/750/698
f 682/733/682 692/744/692 684/735/684
f 682/733/682 681/732/681 692/744/692
f 686/737/686 665/716/665 664/717/664
f 677/726/677 671/723/671 672/722/672
f 628/675/628 638/689/638 625/673/625
f 630/677/630 638/689/638 628/675/628
f 5552/5913/5552 614/661/614 317/333/317
f 614/661/614 5552/5913/5552 612/658/612
f 317/333/317 318/332/318 5552/5913/5552
f 5552/5913/5552 5553/5914/5553 612/658/612
f 5553/5914/5553 5552/5913/5552 318/332/318
f 612/658/612 5553/5914/5553 5554/5915/5554
f 320/334/320 5553/5914/5553 318/332/318
f 327/343/327 5553/5914/5553 320/334/320
f 5554/5915/5554 5553/5914/5553 327/343/327
f 5554/5915/5554 610/657/610 612/658/612
f 327/343/327 331/347/331 5554/5915/5554
f 610/657/610 5554/5915/5554 331/347/331
f 609/656/609 610/657/610 331/347/331
f 603/651/603 609/656/609 331/347/331
f 603/651/603 607/652/607 609/656/609
f 333/348/333 603/651/603 331/347/331
f 599/645/599 600/649/600 601/646/601
f 502/530/502 501/529/501 593/637/593
f 335/350/335 336/351/336 587/625/587
f 517/549/517 511/543/511 584/623/584
f 512/542/512 584/623/584 511/543/511
f 519/550/519 517/549/517 584/623/584
f 577/615/577 5555/5916/5555 581/620/581
f 581/620/581 5555/5916/5555 523/555/523
f 523/555/523 519/550/519 581/620/581
f 5555/5916/5555 577/615/577 5557/5917/5557
f 523/555/523 5555/5916/5555 5556/5918/5556
f 5556/5918/5556 5555/5916/5555 5557/5917/5557
f 5557/5917/5557 5558/5919/5558 5556/5918/5556
f 577/615/577 574/612/574 5557/5917/5557
f 5557/5917/5557 574/612/574 5558/5919/5558
f 5556/5918/5556 5558/5919/5558 5559/5920/5559
f 5559/5920/5559 5558/5919/5558 546/578/546
f 5558/5919/5558 5560/5921/5560 546/578/546
f 5560/5921/5560 5558/5919/5558 575/611/575
f 574/612/574 575/611/575 5558/5919/5558
f 5560/5921/5560 575/611/575 571/607/571
f 5560/5921/5560 571/607/571 5561/5922/5561
f 5560/5921/5560 5561/5922/5561 546/578/546
f 5561/5922/5561 550/581/550 545/577/545
f 5561/5922/5561 545/577/545 546/578/546
f 550/581/550 5561/5922/5561 571/607/571
f 546/578/546 541/572/541 5559/5920/5559
f 5559/5920/5559 541/572/541 5562/5923/5562
f 5556/5918/5556 5559/5920/5559 5562/5923/5562
f 536/568/536 5562/5923/5562 538/570/538
f 536/568/536 526/556/526 5562/5923/5562
f 527/559/527 5562/5923/5562 526/556/526
f 5562/5923/5562 541/572/541 538/570/538
f 527/559/527 5556/5918/5556 5562/5923/5562
f 523/555/523 5556/5918/5556 527/559/527
f 578/5924/578 580/629/580 338/353/338
f 336/351/336 338/353/338 580/629/580
f 578/5924/578 338/353/338 341/357/341
f 570/608/570 571/607/571 575/611/575
f 543/574/543 542/575/542 548/579/548
f 543/574/543 395/414/395 405/423/405
f 522/552/522 438/458/438 521/553/521
f 516/547/516 521/553/521 5563/5925/5563
f 521/553/521 438/458/438 440/457/440
f 5563/5925/5563 521/553/521 440/457/440
f 514/546/514 5563/5925/5563 5564/5926/5564
f 5564/5926/5564 5563/5925/5563 5565/5927/5565
f 5565/5927/5565 5563/5925/5563 484/5928/484
f 440/457/440 484/5928/484 5563/5925/5563
f 514/546/514 516/547/516 5563/5925/5563
f 489/517/489 507/536/507 5565/5929/5565
f 5566/5930/5566 5565/5927/5565 507/539/507
f 5564/5926/5564 5565/5927/5565 5566/5930/5566
f 484/511/484 485/512/485 5565/5929/5565
f 489/517/489 5565/5929/5565 485/512/485
f 514/546/514 5566/5930/5566 506/537/506
f 506/537/506 5566/5930/5566 507/539/507
f 5566/5930/5566 514/546/514 5564/5926/5564
f 503/533/503 513/545/513 504/534/504
f 504/534/504 513/545/513 508/540/508
f 507/536/507 488/516/488 496/523/496
f 488/516/488 507/536/507 489/517/489
f 484/5928/484 439/459/439 442/462/442
f 439/459/439 484/5928/484 440/457/440
f 484/511/484 442/508/442 482/509/482
f 463/488/463 468/492/468 467/491/467
f 462/487/462 447/466/447 451/470/451
f 428/447/428 452/472/452 429/448/429
f 452/472/452 428/447/428 425/444/425
f 448/468/448 431/450/431 429/448/429
f 406/426/406 395/414/395 398/417/398
f 395/414/395 406/426/406 405/423/405
f 396/416/396 387/407/387 5567/5931/5567
f 5567/5931/5567 5568/5932/5568 396/416/396
f 5568/5932/5568 152/151/152 396/416/396
f 5568/5932/5568 384/403/384 154/154/154
f 5568/5932/5568 154/154/154 152/151/152
f 5568/5932/5568 5569/5933/5569 384/403/384
f 5567/5931/5567 5569/5933/5569 5568/5932/5568
f 5569/5933/5569 387/407/387 384/403/384
f 5567/5931/5567 387/407/387 5569/5933/5569
f 388/406/388 5570/5934/5570 385/405/385
f 372/393/372 5570/5934/5570 388/406/388
f 5570/5934/5570 371/392/371 5571/5935/5571
f 5570/5934/5570 372/393/372 371/392/371
f 385/405/385 5570/5934/5570 5571/5935/5571
f 385/405/385 5571/5935/5571 382/401/382
f 370/391/370 382/401/382 5571/5935/5571
f 370/391/370 5571/5935/5571 371/392/371
f 158/158/158 154/154/154 384/403/384
f 370/391/370 379/398/379 382/401/382
f 265/275/265 380/400/380 264/276/264
f 167/167/167 380/400/380 265/275/265
f 373/390/373 376/396/376 379/398/379
f 370/391/370 373/390/373 379/398/379
f 376/396/376 373/390/373 377/395/377
f 360/376/360 356/372/356 291/307/291
f 290/306/290 360/376/360 291/307/291
f 5572/5936/5572 291/307/291 356/372/356
f 356/372/356 355/371/355 5572/5936/5572
f 5572/5936/5572 294/309/294 293/308/293
f 294/309/294 5572/5936/5572 5573/5937/5573
f 355/371/355 5573/5937/5573 5572/5936/5572
f 5572/5936/5572 293/308/293 291/307/291
f 294/309/294 5573/5937/5573 298/314/298
f 5574/5938/5574 298/314/298 5573/5937/5573
f 351/366/351 5574/5938/5574 5573/5937/5573
f 351/366/351 5573/5937/5573 355/371/355
f 5574/5938/5574 351/366/351 345/360/345
f 5575/5939/5575 5574/5938/5574 345/360/345
f 298/314/298 5574/5938/5574 309/325/309
f 309/325/309 5574/5938/5574 5575/5939/5575
f 310/324/310 309/325/309 5575/5939/5575
f 345/360/345 323/339/323 5575/5939/5575
f 323/339/323 310/324/310 5575/5939/5575
f 305/320/305 306/321/306 315/331/315
f 298/314/298 309/325/309 300/313/300
f 281/297/281 290/306/290 284/299/284
f 236/245/236 280/296/280 234/246/234
f 167/167/167 265/275/265 173/174/173
f 265/275/265 5576/5940/5576 173/174/173
f 5576/5940/5576 265/275/265 261/272/261
f 5576/5940/5576 261/272/261 260/271/260
f 5576/5940/5576 260/271/260 173/174/173
f 172/173/172 173/174/173 260/271/260
f 260/271/260 178/178/178 172/173/172
f 178/178/178 251/262/251 179/179/179
f 248/259/248 233/235/233 227/237/227
f 240/250/240 232/238/232 233/235/233
f 206/209/206 204/205/204 224/228/224
f 212/216/212 206/209/206 224/228/224
f 191/189/191 190/192/190 199/199/199
f 199/199/199 188/190/188 191/189/191
f 184/185/184 186/186/186 193/194/193
f 116/117/116 183/181/183 114/114/114
f 116/117/116 176/177/176 183/181/183
f 171/171/171 172/173/172 178/178/178
f 173/174/173 166/168/166 167/167/167
f 5577/5941/5577 169/170/169 121/121/121
f 164/165/164 169/170/169 5577/5941/5577
f 160/161/160 5577/5941/5577 125/124/125
f 125/124/125 5577/5941/5577 121/121/121
f 164/165/164 5577/5941/5577 160/161/160
f 160/161/160 125/124/125 161/162/161
f 124/125/124 128/128/128 161/162/161
f 125/124/125 124/125/124 161/162/161
f 128/128/128 155/156/155 161/162/161
f 128/128/128 138/139/138 155/156/155
f 66/66/66 139/138/139 130/130/130
f 119/119/119 107/107/107 109/108/109
f 104/105/104 92/92/92 109/108/109
f 104/105/104 109/108/109 105/106/105
f 92/92/92 104/105/104 93/93/93
f 78/78/78 86/86/86 77/79/77
f 81/82/81 77/79/77 86/86/86
f 70/71/70 67/67/67 66/66/66
f 6/6/6 69/70/69 8/8/8
f 6/6/6 5578/5942/5578 69/70/69
f 57/58/57 69/70/69 55/55/55
f 5578/5942/5578 55/55/55 69/70/69
f 47/48/47 55/55/55 5578/5942/5578
f 47/48/47 5578/5942/5578 48/49/48
f 5578/5942/5578 5579/5943/5579 48/49/48
f 5578/5942/5578 6/6/6 5579/5943/5579
f 5579/5943/5579 6/6/6 3/4/3
f 5579/5943/5579 3/4/3 48/49/48
f 62/63/62 65/65/65 63/64/63
f 3/4/3 2/1/2 48/49/48
f 42/43/42 48/49/48 2/1/2
f 42/43/42 43/42/43 48/49/48
f 42/43/42 2/1/2 5580/5944/5580
f 35/36/35 42/43/42 5580/5944/5580
f 2/1/2 4/3/4 5580/5944/5580
f 5580/5944/5580 4/3/4 5582/5945/5582
f 5580/5944/5580 36/37/36 35/36/35
f 36/37/36 5580/5944/5580 5581/5946/5581
f 5582/5945/5582 5581/5946/5581 5580/5944/5580
f 4/3/4 16/15/16 5582/5945/5582
f 5581/5946/5581 5582/5945/5582 25/26/25
f 18/18/18 25/26/25 5582/5945/5582
f 18/18/18 5582/5945/5582 16/15/16
f 36/37/36 5581/5946/5581 25/26/25
f 13/13/13 10/11/10 11/10/11
